ID,designation_header,strain_number_header,is_type_strain_header,species,Genome seq. accession number,Oxygen tolerance
159837,OUC007,"KCTC 52933, MCCC 1K03450, JCM 32025",1,Abyssibacter profundi,2831460164,aerobe
,,,,,GCA_003151135,
24718,FYK2218,"DSM 28897, KCTC 12899, NBRC 101209",1,Acanthopleuribacter pedis,442870.4,aerobe
,,,,,GCA_017377855,
7517,CSC,"DSM 14247, CCUG 49701, NBRC 107788, CIP 109141, JCM 14300",1,Acaricomes phytoseiuli,1120917.3,aerobe
,,,,,2517572146,
,,,,,GCA_000376245,
2,L 40,"DSM 3508, ATCC 15973, NCIB 8621, CCUG 18122, LMG 1261-t1, LMG 1261 1, CCTM 3043, NBRC 14818, JCM 7641, BCRC 11688, CCM 3620, CECT 298, CGMCC 1.1809, CIP 103111, ICMP 8807, IFO 14818, LMD 23.1, LMG 1261, LMG 1504, NCCB 23001, NCIMB 8621, VTT E-042567, VTT E-97828",1,Acetobacter aceti,2547132264,aerobe
,,,,,2784746776,
,,,,,887700.1,
,,,,,887700.6,
,,,,,887700.7,
,,,,,GCA_000193495,
,,,,,GCA_000963905,
,,,,,GCA_004341595,
20,RG1,"DSM 23921, LMG 23498, MTCC 6912, JCM 33644, BCC 33377, BCRC 80095, NBRC 105050, NRIC 0976, TBRC 15",1,Acetobacter nitrogenifigens,1120919.3,aerobe
,,,,,1120919.6,
,,,,,2522572157,
,,,,,2927201423,
,,,,,GCA_000429165,
,,,,,GCA_007991375,
8,,"DSM 4492, ATCC 12876, CCUG 18126, IMET 10752, LMD 31.3, LMG 1282, LMG 1583, NCIMB 8622, PDDCC 8809, KCTC 12329, JCM 7639, BCRC 11568, CCM 3610, ICMP 8809, IFO 13752, NBRC 13752, NCCB 31003, VTT E-042463",1,Acetobacter orleanensis,104099.3,aerobe
,,,,,104099.5,
,,,,,104099.6,
,,,,,1231342.3,
,,,,,2728368908,
,,,,,2854545835,
,,,,,435.1,
,,,,,438.25,
,,,,,GCA_000964205,
,,,,,GCA_001581005,
11,,"DSM 11825, LTH 2458, CIP 105762",1,Acetobacter pomorum,2828617574,aerobe
,,,,,65959.23,
156528,"LiPuma AU4014, Vandamme R-31134","CCUG 62438, LMG 26852, CIP 110713, DSM 115985",1,Achromobacter aegrifaciens,1287736.3,aerobe
,,,,,2900112703,
,,,,,GCA_902859735,
156530,,"CCUG 62440, LMG 26854",0,Achromobacter aegrifaciens,1287736.4,aerobe
,,,,,2900120893,
,,,,,GCA_902859965,
140509,,"LMG 3411, CCUG 62454",1,Achromobacter agilis,1353888.3,aerobe
,,,,,2882181859,
,,,,,GCA_900496965,
133323,AVA-1,"LMG 29108, NBRC 111463, PCU 352, TISTR 2383",1,Achromobacter aloeverae,2881412998,aerobe
,,,,,GCA_004121055,
130142,"AU15230, AU 15230, R-46662","DSM 29601, CCUG 61966, LMG 26690, CIP 110841",1,Achromobacter animicus,1389935.3,aerobe
,,,,,2902242375,
,,,,,GCA_902859585,
156477,,"CCUG 61965, LMG 26689",0,Achromobacter animicus,1389935.4,aerobe
,,,,,2900094115,
,,,,,GCA_902860025,
156478,,"CCUG 61967, LMG 26691",0,Achromobacter animicus,1389935.5,aerobe
,,,,,2900137357,
,,,,,GCA_902860125,
156534,"Vandamme R-47433, LiPuma AU11412","CCUG 62444, LMG 26857, CIP 110712",1,Achromobacter anxifer,1287737.4,aerobe
,,,,,GCA_903652925,
156535,,"CCUG 62445, LMG 26858",0,Achromobacter anxifer,1287737.3,aerobe
,,,,,2902253905,
,,,,,GCA_902860145,
140506,,"LMG 3458, CCUG 62433",1,Achromobacter deleyi,1353891.6,aerobe
,,,,,GCA_902859705,
136807,Aulb.court,"CIP 60.83, CCUG 61949, LMG 1860, JCM 20672, IAM 12595",0,Achromobacter denitrificans,32002.37,aerobe
,,,,,GCA_902859985,
134918,"Vandamme R-47430, LiPuma AU4012, AU4012, R-47430","CIP 110711, LMG 26840, CCUG 62421, DSM 115983",1,Achromobacter dolens,1287738.5,aerobe
,,,,,2900088174,
,,,,,GCA_902859745,
156522,,"CCUG 62422, LMG 26841",0,Achromobacter dolens,1287738.7,aerobe
,,,,,2900142850,
,,,,,GCA_902860115,
156523,,"CCUG 62423, LMG 26842",0,Achromobacter dolens,1287738.6,aerobe
,,,,,2900106755,
,,,,,GCA_902859975,
322,,"DSM 23807, CCUG 47057, LMG 6003, CIP 108202, API 201-3-84, Gilardi 3038",1,Achromobacter insolitus,217204.13,aerobe
,,,,,217204.3,
,,,,,217204.5,
,,,,,2751185845,
,,,,,2855745187,
,,,,,GCA_001971645,
,,,,,GCA_002209555,
,,,,,GCA_902859615,
152561,,"CCUG 47056, LMG 5997",0,Achromobacter insolitus,217204.15,aerobe
,,,,,GCA_902860175,
152562,,"CCUG 47058, LMG 6000",0,Achromobacter insolitus,217204.14,aerobe
,,,,,GCA_902860165,
152564,,"CCUG 47060, LMG 6001",0,Achromobacter insolitus,217204.16,aerobe
,,,,,GCA_902860205,
136698,"LiPuma AU15210, Vandamme R-47438","CIP 110710, LMG 26845, CCUG 62426, DSM 115984",1,Achromobacter insuavis,1287735.15,aerobe
,,,,,GCA_902859645,
156525,,"CCUG 62427, LMG 26846",0,Achromobacter insuavis,1287735.16,aerobe
,,,,,GCA_902860075,
140507,,"CCUG 62449, LMG 3441",1,Achromobacter kerstersii,1353890.3,aerobe
,,,,,2921339674,
,,,,,GCA_902859595,
140854,B2,"CCUG 56371, CCM 7608, CECT 7342, LMG 26219, CIP 110817",1,Achromobacter marplatensis,2770939588,aerobe
,,,,,470868.5,
,,,,,470868.6,
,,,,,GCA_003315095,
,,,,,GCA_902859635,
130143,"AU 13054, R-46658","DSM 29602, LMG 26685, CCUG 61961, CIP 110844",1,Achromobacter mucicolens,1389922.4,aerobe
,,,,,GCA_902859725,
156473,,"CCUG 61960, LMG 26684",0,Achromobacter mucicolens,1389922.5,aerobe
,,,,,GCA_902860005,
156474,,"CCUG 61962, LMG 26686",0,Achromobacter mucicolens,1389922.6,aerobe
,,,,,GCA_902860105,
140508,,"LMG 3431, CCUG 61959, ATCC 15445",1,Achromobacter pestifer,1353889.3,aerobe
,,,,,2921347846,
,,,,,GCA_902859625,
156467,,"CCUG 61953, LMG 6103",0,Achromobacter piechaudii,72556.2,aerobe
,,,,,GCA_902860185,
130144,"E38/27-S, R-16442","DSM 29617, CCUG 61972, LMG 26696, CIP 110842",1,Achromobacter pulmonis,1389932.4,aerobe
,,,,,GCA_902859765,
156481,,"CCUG 61971, LMG 26788",0,Achromobacter pulmonis,1389932.5,aerobe
,,,,,GCA_902860065,
156468,,"CCUG 61954, LMG 1864, JCM 20746, CDC B7076, GIFU 956, IAM 12687",0,Achromobacter ruhlandii,72557.64,aerobe
,,,,,GCA_902860035,
156469,,"CCUG 61955, LMG 3328, CIP 21.75",0,Achromobacter ruhlandii,72557.65,aerobe
,,,,,GCA_902860085,
311,,"DSM 30031, ATCC 337, CCUG 228, NCTC 3233",0,Achromobacter sp.,2814123178,aerobe
,,,,,32002.25,
323,,"CIP 108199, DSM 23806, CCUG 47062, LMG 5911, API 198-2-84",1,Achromobacter spanius,217203.1,aerobe
,,,,,217203.24,
,,,,,2802429335,
,,,,,GCA_002812705,
,,,,,GCA_902859605,
297,KM543,"DSM 2402, ATCC 27061, DSM 10346, NRRL 84082, CCUG 56438, CIP 71.32, NCTC 10807, LMG 1863, CCM 2741, IFO 15126, NCIMB 12033, JCM 9659, CCUG 12689, CECT 467, CECT 927, IAM 12684, NBRC 15126, NRRL B-4082, NCIB 12033",1,Achromobacter xylosoxidans subsp. xylosoxidans,1216976.3,aerobe
,,,,,1216976.8,
,,,,,2558309085,
,,,,,2667527485,
,,,,,2731957707,
,,,,,85698.244,
,,,,,85698.28,
,,,,,GCA_000508285,
,,,,,GCA_001457475,
,,,,,GCA_001598595,
300,,"DSM 26050, CCUG 48584",0,Achromobacter xylosoxidans subsp. xylosoxidans,85698.299,aerobe
133383,SK-11,"DSM 100508, NBRC 111227",1,Acidicapsa acidisoli,GCA_025685625,aerobe
159709,4GSKX,"CGMCC 1.15449, LMG 29213",1,Acidicapsa dinghuensis,GCA_025685685,aerobe
143,WH120,"DSM 25248, LMG 26244, NCCB 100371, VKM B-2677",1,Acidicapsa ligni,GCA_025685655,aerobe
6149,V6,"DSM 14174, JCM 32253",1,Acidihalobacter aeolianus,160660.18,aerobe
,,,,,160660.9,
,,,,,GCA_001753165,
24820,V8,"DSM 14175, JCM 32254",1,Acidihalobacter ferrooxydans,1765967.4,aerobe
,,,,,2751185721,
,,,,,GCA_001975725,
166169,MS2-2,"MCCC 1K02682, NBRC 112978",1,Acidimangrovimonas sediminis,2833082749,aerobe
,,,,,GCA_002871005,
158421,JS278,"DSM 106790, VTT E-113202",1,Acidipropionibacterium virtanenii,2834914592,aerobe
,,,,,GCA_003325455,
67,HS-AP3,"DSM 16009, JCM 10600",1,Acidisphaera rubrifaciens,1231350.12,aerobe
,,,,,GCA_000964365,
159192,CJ-2,"DSM 105150, KCTC 4683",1,Acidithiobacillus sulfuriphilus,1867749.3,aerobe
,,,,,2840828123,
,,,,,GCA_003721225,
133033,PMMR2,"DSM 27394, LMG 28340",1,Acidobacterium ailaaui,2558860986,aerobe
,,,,,GCA_000688455,
2900,P1G31,"DSM 16745, CFBP 3232, CCUG 64016, CIP 107058",1,Acidovorax anthurii,2636415976,aerobe
,,,,,78229.3,
2898,,"DSM 12644, CIP 106824, CCUG 49021, BSB 411",1,Acidovorax defluvii,2756170235,aerobe
,,,,,86669.4,
158808,KNDSW-TSA6,"MTCC 12652, KCTC 52819, VTCC B-910010",1,Acidovorax kalamii,2839292028,aerobe
,,,,,GCA_002245625,
2905,N35,"DSM 23535, LMG 25767",1,Acidovorax radicis,2547132374,aerobe
,,,,,999386.3,
,,,,,GCA_000204195,
2904,BL21,"DSM 25157, JCM 15909, KCTC 22399",1,Acidovorax soli,2675903230,aerobe
,,,,,592050.4,
,,,,,GCA_900107605,
23868,NF 1078,"DSM 27981, CCUG 62584, LMG 26971",1,Acidovorax wautersii,1177982.3,aerobe
,,,,,2634166330,
,,,,,GCA_900113035,
134783,,"CIP 110436, NIPH 528, CCM 7290, LMG 10541, RUH 134, CCUG 60612",0,Acinetobacter baumannii,1217636.3,aerobe
,,,,,2529293010,
,,,,,GCA_000369285,
8126,B2,"DSM 14961, CIP 107474, CCUG 50765, CCM 7195",1,Acinetobacter baylyi,1120924.3,aerobe
,,,,,1120924.5,
,,,,,2556921654,
,,,,,2565956683,
,,,,,GCA_000368685,
,,,,,GCA_000621045,
8141,58a,"DSM 22901, CCM 7266, CCUG 51249, JCM 18990, NIPH 838, LUH 4759, CIP 110307, GTC 14628, LMG 25324, NBRC 112579",1,Acinetobacter beijerinckii,1217648.3,aerobe
,,,,,2565956701,
,,,,,262668.4,
,,,,,2671180604,
,,,,,GCA_000369005,
,,,,,GCA_000931715,
8145,69,"DSM 25435, ATCC 17924, CIP 70.12, LMG 1003, NIPH 521, CCUG 26493, ATCC 13702, NCIMB 9019",1,Acinetobacter bereziniae,1217650.3,aerobe
,,,,,2547132297,
,,,,,2565956640,
,,,,,981324.3,
,,,,,GCA_000248295,
,,,,,GCA_000368925,
130455,,"DSM 100419, JCM 18977, KCTC 42081, LMG 28467, NCCP 644, CCUG 69707",0,Acinetobacter bohemicus,1435036.7,aerobe
,,,,,GCA_008802275,
,,,,,GCA_900116265,
8131,"4BO2, 4B02","CCUG 50766, DSM 14964, CIP 107468, JCM 18991, CCM 7196, GTC 3697, KCTC 12414, NBRC 112580",1,Acinetobacter bouvetii,1120925.3,aerobe
,,,,,1120925.4,
,,,,,202951.3,
,,,,,202951.7,
,,,,,2517093005,
,,,,,2565956682,
,,,,,2660238193,
,,,,,GCA_000368865,
,,,,,GCA_000373725,
,,,,,GCA_001485025,
8140,5YN5-8,"DSM 18516, CIP 110357, KACC 11602, CCUG 61636, CIP 110501, ANC 4119",1,Acinetobacter brisouii,1341683.3,aerobe
,,,,,1341683.5,
,,,,,2579778708,
,,,,,2657245517,
,,,,,GCA_000488275,
,,,,,GCA_000931655,
155464,,"CCUG 57816, LMG 10517",0,Acinetobacter calcoaceticus,575585.3,aerobe
140537,,"CCM 8641, CIP 110478, CCUG 67966, CNCTC 7573, DSM 107593, NIPH 2036",1,Acinetobacter colistiniresistens,1217696.3,aerobe
,,,,,2565956665,
,,,,,GCA_000413935,
139534,,"CIP 110480, NIPH 3623, ANC 3623, CCUG 67960, CCM 8635",1,Acinetobacter courvalinii,1217698.3,aerobe
,,,,,2565956649,
,,,,,280147.3,
,,,,,280147.4,
,,,,,GCA_000369785,
,,,,,GCA_008802255,
,,,,,GCA_014635545,
133175,JVAP01,"CECT 9134, LMG 29605",1,Acinetobacter lactucae,2690315737,aerobe
,,,,,GCA_001595745,
139491,,"CIP 110481, NIPH 1867, CCUG 34437",0,Acinetobacter dispersus,1217702.3,aerobe
,,,,,2565956659,
,,,,,GCA_000369545,
140912,114,"CCUG 65204, DSM 27228",1,Acinetobacter equi,1324350.3,aerobe
,,,,,2648501117,
,,,,,GCA_001307195,
130452,UG 60467,"CCUG 68482, DSM 28097, ANC 4275, LMG 27960",1,Acinetobacter gandensis,1443941.6,aerobe
,,,,,GCA_008802205,
8097,O1,"DSM 590, ATCC 11171, CCUG 2491, CIP 63.46, LMG 988, NCIB 8250, NCIMB 8250",1,Acinetobacter guillouiae,106649.19,aerobe
,,,,,1217655.3,
,,,,,2565956705,
,,,,,GCA_000368145,
,,,,,GCA_008802215,
136752,,"CIP 110451, NIPH 230, CCUG 56138",0,Acinetobacter gyllenbergii,1217658.3,aerobe
,,,,,2565956703,
,,,,,GCA_000488195,
8148,A648,"DSM 25388, CCM 7832, CIP 110367, MTCC 10660, CCUG 69702, ANC 4215",1,Acinetobacter indicus,1341679.3,aerobe
,,,,,1341679.5,
,,,,,2579779046,
,,,,,2663763131,
,,,,,GCA_000488255,
,,,,,GCA_000830155,
131299,1NM-4,"DSM 100979, CCTCC AB 2014199, GIMCC 1.656, KCTC 42012, CCUG 69701, CIP 111486",0,Acinetobacter indicus,2916672942,aerobe
,,,,,756892.24,
,,,,,GCA_002174105,
8088,3865/60,"DSM 6963, ATCC 17909, CIP 64.6, NCTC 10308, CCUG 19095, NCTC 12154, LMG 999, NCIMB 12460",1,Acinetobacter johnsonii,1217663.3,aerobe
,,,,,1217663.8,
,,,,,2537561556,
,,,,,2657245534,
,,,,,40214.15,
,,,,,40214.169,
,,,,,40214.29,
,,,,,40214.47,
,,,,,GCA_000368045,
,,,,,GCA_000949655,
155468,,CCUG 57820,0,Acinetobacter johnsonii,575586.4,aerobe
8087,17AO4,"CCUG 50767, DSM 14968, CIP 107470, CCM 7198",0,Acinetobacter junii,1217666.3,aerobe
,,,,,1217666.5,
,,,,,2534682023,
,,,,,GCA_000368665,
,,,,,GCA_000430225,
155469,,CCUG 57821,0,Acinetobacter junii,575587.3,aerobe
133403,BRTC-1,"ACCC 19936, JCM 31367",1,Acinetobacter larvae,1789224.3,aerobe
,,,,,2767802241,
,,,,,GCA_001704115,
139606,,"CIP 70.31, ATCC 9957, CCUG 61662, LMG 985, CNCTC Mi 3/65",0,Acinetobacter lwoffii,1217667.3,aerobe
,,,,,2534682025,
,,,,,GCA_000369125,
155467,,CCUG 57819,0,Acinetobacter lwoffii,575588.3,aerobe
139492,,"CIP 110444, NIPH 236, CCUG 67964, CCM 8639",1,Acinetobacter modestus,1217711.3,aerobe
,,,,,1776740.3,
,,,,,2565956686,
,,,,,GCA_000367965,
,,,,,GCA_014636095,
130450,,"CCUG 68431, CIP 110549, DSM 29975, CECT 8127, LMG 26958, SAP 763.2",1,Acinetobacter nectaris,1392540.3,aerobe
,,,,,2582580904,
,,,,,GCA_000488215,
132120,,"DSM 102856, CCM 7791, CNCTC 7433, LMG 10619, NIPH 2119, CCUG 61663, RUH 2376, CIP 110470",1,Acinetobacter nosocomialis,106654.22,aerobe
,,,,,106654.265,
,,,,,1217670.3,
,,,,,2537561557,
,,,,,2671180619,
,,,,,GCA_000368085,
,,,,,GCA_000836055,
155465,,"CCUG 57817, LMG 10617",0,Acinetobacter nosocomialis,575564.3,aerobe
157136,,"CCUG 69705, KCTC 23045, JCM 16667",0,Acinetobacter oleivorans,1148157.7,aerobe
,,,,,2663763040,
,,,,,GCA_000196795,
,,,,,GCA_000836035,
158638,LW15,"MCCC 1K03337, CICC 24241, KCTC 62134, JCM 32101",1,Acinetobacter piscicola,2791355509,aerobe
,,,,,GCA_002233755,
8146,,"CCUG 61664, NCDC KC739, DSM 25618, ATCC 19004, CIP 70.29, LMG 1035, NIPH 519, RUH 2206",1,Acinetobacter pittii,1217672.3,aerobe
,,,,,2537561555,
,,,,,2667527755,
,,,,,48296.27,
,,,,,48296.505,
,,,,,GCA_000369045,
,,,,,GCA_000836015,
,,,,,GCA_024390955,
155466,,CCUG 57818,0,Acinetobacter pittii,575565.3,aerobe
157137,,"KCTC 42611, CCUG 69708",0,Acinetobacter plantarum,40215.113,aerobe
,,,,,GCA_012271855,
139427,,"CIP 110482, NIPH 809, CCUG 14818, CCUG 67965, CCM 8640",1,Acinetobacter proteolyticus,1217713.3,aerobe
,,,,,2565956687,
,,,,,GCA_000367945,
8096,FO-1,"DSM 6976, ATCC 43998, IAM 13186, CCUG 56440, CIP 103788, LMG 10613, JCM 9326, NBRC 102413, NCIMB 12753",1,Acinetobacter radioresistens,2529293101,aerobe
,,,,,2531839506,
,,,,,2547132307,
,,,,,981334.1,
,,,,,981334.2,
,,,,,981334.3,
,,,,,981334.4,
,,,,,981334.6,
,,,,,981334.8,
,,,,,981334.9,
155470,,CCUG 57822,0,Acinetobacter radioresistens,575589.3,aerobe
8147,G30,"DSM 24031, CCUG 57889, CECT 7818, LMG 26107, CIP 110305",1,Acinetobacter rudis,2671181009,aerobe
,,,,,632955.6,
,,,,,GCA_000829675,
8134,,"DSM 16038, CNCTC 6736, LMG 19576, NIPH 1034, CCUG 45560, KCTC 12409, CIP 107287, LUH 5832",1,Acinetobacter schindleri,1217988.3,aerobe
,,,,,2565956681,
,,,,,GCA_000368625,
8138,SW-100,"CCUG 56483, KCTC 12260, DSM 16313, KTCC 12260, CIP 110591",1,Acinetobacter seohaensis,281376.12,aerobe
,,,,,GCA_018403785,
23129,AK001,"DSM 19415, CIP 110587, CCUG 56015, CIP 110473, ANC 3649",1,Acinetobacter septicus,465797.3,aerobe
159774,WCHAc060041,"CCTCC AB 2018118, GDMCC 1.1383, KCTC 62575",1,Acinetobacter sichuanensis,2814123059,aerobe
,,,,,GCA_003024515,
8143,"B1, CR11, IBFC2009","DSM 22956, JCM 15062, KCTC 22184, CCUG 59023, KCTC 22814, CIP 110264, CCTCC AB 209162",1,Acinetobacter soli,1217676.3,aerobe
,,,,,2565956696,
,,,,,2660238584,
,,,,,487316.5,
,,,,,GCA_000368705,
,,,,,GCA_000760595,
8130,7N16,"DSM 14971, CIP 107465, CCUG 50768, CCM 7200",1,Acinetobacter tjernbergiae,1120928.3,aerobe
,,,,,1120928.5,
,,,,,202955.4,
,,,,,2517572243,
,,,,,2565956679,
,,,,,2700989278,
,,,,,GCA_000374425,
,,,,,GCA_000488175,
,,,,,GCA_000759995,
8123,AB1110,"DSM 14962, CIP 107472, CCUG 50769, CCM 7201",1,Acinetobacter towneri,1120929.3,aerobe
,,,,,1120929.6,
,,,,,2556921621,
,,,,,2565956698,
,,,,,GCA_000368785,
,,,,,GCA_000688495,
8135,,"CCUG 45559, ATCC BAA-617, KCTC 12410, CCM 7024, CIP 107286, DSM 16037, CNCTC 6735, LMG 19575, NIPH 137, LUH 3792",1,Acinetobacter ursingii,108980.91,aerobe
,,,,,2547132306,
,,,,,2565956639,
,,,,,981336.4,
,,,,,981336.6,
,,,,,GCA_000248135,
,,,,,GCA_000368825,
8144,"RAG-1, Vaneechoutte ACI 403","KCTC 2702, BCRC 14357, DSM 23050, ATCC 31012, CCUG 45561, LMG 19082, LUH 3904, NIPH 1925, CIP 110063",1,Acinetobacter venetianus,2551306081,aerobe
,,,,,2565956684,
139493,,"CIP 110483, NIPH 2168, RUH 65, CCUG 67967, CCM 8642",1,Acinetobacter vivianii,1217706.3,aerobe
,,,,,1776742.3,
,,,,,2565956661,
,,,,,GCA_000369705,
,,,,,GCA_014635885,
159758,WCHA60,"CCTCC AB 2016204, GDMCC 1.1100, KCTC 52505",1,Acinetobacter wuhouensis,2767802240,aerobe
,,,,,GCA_001696605,
24522,R46,"DSM 28448, CECT 7668, KCTC 23349",1,Actibacterium mucosum,1454373.5,aerobe
,,,,,2576861736,
,,,,,2667527933,
,,,,,GCA_000647975,
141146,JN33,"CGMCC 1.16012, KCTC 52653, DSM 109121",1,Actibacterium pelagium,2029103.7,aerobe
,,,,,2832254508,
,,,,,GCA_002285415,
,,,,,GCA_014644355,
141055,LS-811,"BCRC 80823, JCM 30681",1,Actibacterium ureilyticum,2832212542,aerobe
,,,,,GCA_002285435,
17012,TTN02-30,"DSM 45449, KCTC 19541, NBRC 103687",1,Actinoallomurus purpureus,GCA_024055795,aerobe
17006,"FYU A 116, A-116","DSM 43459, ATCC 27298, BCRC 13386, CBS 261.72, CIP 105479, IFO 14099, IMET 9752, JCM 3146, KCC A-0146, KCTC 9252, NBRC 14099, NCIB 11118, NRRL B-16128, IMSNU 20015, MTCC 2556, NCIMB 11118, CCRC 13386, BRCC 13386",1,Actinoallomurus spadix,GCA_024055725,aerobe
13193,RMV-1378,"DSM 44848, JCM 12472, MTCC 6194, BCRC 16823, CBS 11706, CIP 109023, NBRC 102582, NCIMB 14384",1,Actinoalloteichus spitiensis,1114962.3,aerobe
,,,,,2563366745,
,,,,,GCA_000239155,
11674,F141,"DSM 14528, CCUG 15571",0,Actinobacillus genomospecies 2,GCA_029773605,aerobe
11679,,"CIP 107665, DSM 22256, ATCC 49236, CCUG 41384, CIP 53.130, NCTC 4189",1,Actinobacillus lignieresii,2808606643,aerobe
,,,,,720.4,
,,,,,GCA_900444945,
143981,,CCUG 22229,0,Actinobacillus lignieresii,GCA_029773645,aerobe
11684,"NM319, NM 319","DSM 22435, CCUG 38924, CIP 105315",1,Actinobacillus porcinus,GCA_900773985,aerobe
,,,,,GCA_901764995,
11687,130Z,"DSM 22257, ATCC 55618, CCUG 43843, CIP 106512",1,Actinobacillus succinogenes,339671.7,aerobe
,,,,,640753001,
7797,CS5-AC17,"DSM 45178, JCM 16894, NBRC 107355, NRRL B-24660",1,Actinocatenispora rupis,519421.3,aerobe
,,,,,GCA_016861975,
7795,TT2-10,"DSM 44816, JCM 12343, PCU 235, BCRC 16831, CGMCC 4.5560, CIP 109347, NBRC 105041, NCIMB 14320",1,Actinocatenispora thailandica,227318.3,aerobe
,,,,,GCA_016865425,
132014,OB1,"DSM 45618, ATCC BAA-2771",1,Actinocrinis puniceicyclus,977794.5,aerobe
,,,,,GCA_018283645,
132668,MI503-A4,"DSM 45934, NBRC 109632",1,Actinocrispum wychmicini,1213861.3,aerobe
,,,,,2799112271,
,,,,,GCA_004345645,
13511,Mar-39,"DSM 45114, CCM 7461, KCTC 19294, JCM 17965, NBRC 106985",1,Actinokineospora alba,2775506708,aerobe
,,,,,504798.7,
,,,,,GCA_004362515,
,,,,,GCA_900099755,
24443,44EHW,"DSM 46700, BCC 53155, NBRC 108932",1,Actinokineospora bangkokensis,2865852738,aerobe
,,,,,GCA_001940455,
13199,,"DSM 44255, IFO 15665, JCM 9921, KCTC 9569, MTCC 2687, NBRC 15665, IMSNU 22098, NCIMB 13657, NRRL B-24047, VKM Ac-1984",1,Actinokineospora diospyrosa,2596583538,aerobe
,,,,,GCA_024171925,
13200,,"DSM 44256, IFO 15664, JCM 9922, KCTC 9570, MTCC 2686, NBRC 15664, NCIMB 13658, NRRL B-24048, VKM Ac-1981",1,Actinokineospora globicatena,2596583621,aerobe
,,,,,GCA_024171945,
13202,,"DSM 44258, IFO 15663, JCM 9923, KCTC 9571, MTCC 2685, NBRC 15663, NCIMB 13659, NRRL B-24050, VKM Ac-1982",1,Actinokineospora inagensis,1120935.3,aerobe
,,,,,2528768220,
,,,,,GCA_000482865,
13204,,"DSM 44260, IFO 15668, JCM 9924, KCTC 9572, MTCC 2688, NBRC 15668, IMSNU 22094, NCIMB 13660, NRRL B-24049, VKM Ac-1983",1,Actinokineospora terrae,155974.4,aerobe
,,,,,2616644847,
,,,,,GCA_900111175,
16996,3-46-b(3),"DSM 45347, JCM 13933, MTCC 8057",1,Actinomadura bangladeshensis,2866640805,aerobe
,,,,,453573.3,
,,,,,GCA_004348335,
158480,LHW63021,"DSM 106125, CCTCC AA 2018015",1,Actinomadura craniellae,2856664274,aerobe
,,,,,GCA_003289645,
130742,DLS-70,"DSM 45941, KCTC 29224",1,Actinomadura darangshiensis,2866841126,aerobe
,,,,,705336.3,
,,,,,GCA_004349235,
16999,,"DSM 45200, CCTCC AA 208017, JCM 16896, YIM 61435",1,Actinomadura flavalba,2518645623,aerobe
,,,,,561175.3,
,,,,,GCA_000374305,
17005,A8036,"DSM 45508, KCTC 19868, JCM 19952",1,Actinomadura geliboluensis,GCA_005889745,aerobe
16929,"SSC 1256, 13-363","DSM 43764, ATCC 31588, CCRC 13146, IFO 14229, IMET 9741, JCM 3306, KCTC 9129, NBRC 14229, NCIMB 13755, NRRL 12069, NRRL B-16121, VKM Ac-874, BCRC 13416, CGMCC 4.2099, IMSNU 20006, MTCC 707, NRRL B-16261, BCRC 13146, IFO (now NBRC) 14229, SCC 1256",1,Actinomadura kijaniata,1220561.3,aerobe
,,,,,2731957573,
,,,,,651717042,
,,,,,GCA_001552175,
16981,"1065, A 10","DSM 43382, ATCC BAA-277, JCM 10674, CCUG 48293, IFM 0961, NBRC 106108",1,Actinomadura latina,1220563.3,aerobe
,,,,,2731957574,
,,,,,GCA_001552195,
,,,,,GCA_012396395,
159574,NEAU-G17,"DSM 105122, CGMCC 4.7411",1,Actinomadura logoneensis,2841009013,aerobe
,,,,,GCA_003428695,
140490,CYP1-1B,"JCM 16995, KCTC 39784, PCU 349, TISTR 2400",1,Actinomadura montaniterrae,2898631135,aerobe
,,,,,GCA_008923365,
164563,LD22,"JCM 33455, CCTCC AA 2018050",1,Actinomadura physcomitrii,2898562265,aerobe
,,,,,GCA_008923205,
166237,,"LMG 30035, CECT 9808, ATCC 53664",1,Actinomadura roseirufa,111802.3,aerobe
,,,,,2094049.3,
,,,,,GCA_900659635,
17003,CS5-AC15,"DSM 45251, KCTC 19559",1,Actinomadura rupiterrae,2863206357,aerobe
,,,,,GCA_024172125,
13499,,"DSM 45062, JCM 15998, NBRC 104400, YIM 0006, CCTCC AA 205017, TBRC 8064",1,Actinomycetospora chiangmaiensis,1120948.3,aerobe
,,,,,2515154015,
,,,,,GCA_000379625,
159747,A-T 8314,"TBRC 5722, NBRC 113235",1,Actinomycetospora endophytica,GCA_021026375,aerobe
132566,MB20,"DSM 46746, CECT 8960",1,Actinophytocola algeriensis,1768010.3,aerobe
,,,,,1768010.4,
,,,,,2863340477,
,,,,,2870820038,
,,,,,GCA_014203735,
,,,,,GCA_014874055,
13512,,"DSM 45499, BCC 31372, NBRC 105245, JCM 17236, TBRC 158",1,Actinophytocola oryzae,2728369520,aerobe
,,,,,502181.3,
,,,,,GCA_004364325,
133108,11-183,"KCTC 39690, MCCC 1K02062, DSM 109075",1,Actinophytocola xanthii,2791354901,aerobe
,,,,,GCA_001921205,
7847,A4029,"DSM 45518, KCTC 19984, NRRL B-24835, JCM 19953, NBRC 110796",1,Actinoplanes abujensis,2870584755,aerobe
,,,,,882441.3,
,,,,,882441.4,
,,,,,GCA_014204895,
,,,,,GCA_016861995,
23114,Y16,"DSM 45850, CGMCC 4.6857, JCM 17700",1,Actinoplanes atraurantiacus,1036182.3,aerobe
,,,,,2675903134,
,,,,,GCA_900215205,
7841,GW8-1761,"CCUG 53409, DSM 45050, CIP 109316, JCM 15999, NBRC 106145",1,Actinoplanes couchii,2917960780,aerobe
,,,,,403638.3,
,,,,,GCA_016862075,
7840,,"DSM 45797, CCUG 63250, JCM 31203, DSM 7358, HAG 010964",1,Actinoplanes friuliensis,1246995.3,aerobe
,,,,,2554235379,
,,,,,GCA_000494755,
7839,"A/6353, FH 2244","DSM 43865, ATCC 31048, BCRC 12121, CBS 355.75, IFO 13997, IMSNU 22127, JCM 3250, KCC A-0250, KCTC 9536, NBRC 13997, NCIMB 12636, NRRL B-16723, SANK 62178, CGMCC 4.5521",1,Actinoplanes liguriensis,GCA_000715855,aerobe
7809,UNCC 431,"DSM 43046, ATCC 14538, CBS 188.64, IFO 13243, KCC A-0121, NBRC 13243, JCM 3121, BCRC 13335, CGMCC 4.1488, IFM 1250, IMET 9249, IMSNU 22051, KCTC 1780, NBIMCC 2232, NBRC 102363, NCIMB 12654, NRRL B-3342, VTT E-82151",1,Actinoplanes missouriensis,2513237176,aerobe
,,,,,512565.3,
,,,,,GCA_000284295,
130440,A-T 6646,"DSM 46706, BCC 46194, NBRC 109076",1,Actinoplanes siamensis,1223317.3,aerobe
,,,,,GCA_016862395,
164277,,"JCM 32512, CGMCC 4.7580, LAM 7112",1,Actinoplanes solisilvae,GCA_003999975,aerobe
7818,"AB 8327, FH 2149","DSM 43866, ATCC 31121, BCRC 12106, FERM P-3462, IFO 13999, IMET 9254, IMSNU 20043, JCM 3252, KCC A-0252, KCTC 9543, NBRC 13999, NCIMB 12640, NRRL B-16726, SANK 60479, BCC 49180, NBIMCC 2300, TBRC 172",1,Actinoplanes teichomyceticus,1867.3,aerobe
,,,,,1867.7,
,,,,,2818991480,
,,,,,2856816149,
,,,,,457423.5,
,,,,,651716759,
,,,,,GCA_003711105,
,,,,,GCA_007829915,
,,,,,GCA_016862415,
7844,MN07-A0371,"DSM 45572, NBRC 105297, VTCC D9-10",1,Actinoplanes tereljensis,2919860931,aerobe
,,,,,571912.3,
,,,,,GCA_016862435,
7845,MN07-A0368,"DSM 45573, NBRC 105298, VTCC D9-11",1,Actinoplanes toevensis,571911.3,aerobe
,,,,,GCA_018332695,
7843,Mar-72,"DSM 45184, CCM 7527, KCTC 19461, JCM 16606, NBRC 106528",1,Actinoplanes xinjiangensis,2695420963,aerobe
,,,,,512350.3,
,,,,,512350.4,
,,,,,GCA_003148685,
,,,,,GCA_016862475,
11160,,"DSM 45243, CCTCC AA 208030, JCM 16897, YIM 48868",1,Actinopolymorpha alba,1120950.3,aerobe
,,,,,2515154155,
,,,,,GCA_000373925,
11161,"06-2230, I06-2230","DSM 45117, CCM 7466, KCTC 19293, JCM 17964, CPCC 202808",1,Actinopolymorpha cephalotaxi,2675903058,aerobe
,,,,,2827628540,
,,,,,504797.4,
,,,,,504797.5,
,,,,,GCA_013408535,
,,,,,GCA_900113145,
11159,,"DSM 18448, CCTCC AA 206004, JCM 16537, YIM 45725",1,Actinopolymorpha rutila,2830934857,aerobe
,,,,,446787.3,
,,,,,GCA_013407855,
11158,IM 7744,"DSM 22024, CIP 107343, JCM 10761, KCTC 19907, NBRC 100040, NRRL B-24113, NCIMB 14324",1,Actinopolymorpha singaporensis,117157.3,aerobe
,,,,,2636416006,
,,,,,GCA_900104745,
24729,,"DSM 46731, CCTCC AA 2012020, KCTC 19657, TRM 40139, JCM 31477",1,Actinopolyspora lacussalsi,2923466178,aerobe
24730,H55,"DSM 45460, CCUG 62965",1,Actinopolyspora mzabensis,2619619027,aerobe
,,,,,995066.3,
,,,,,GCA_900101095,
24731,H23,"DSM 45501, CCUG 63368, MTCC 11562",1,Actinopolyspora righensis,2616644808,aerobe
,,,,,995060.3,
,,,,,GCA_900116555,
24728,H32,"DSM 45459, CCUG 63367, MTCC 11557, JCM 30062",1,Actinopolyspora saharensis,2634166628,aerobe
,,,,,995062.3,
,,,,,GCA_900100925,
24727,,"DSM 46732, CCTCC AA 209080, KCTC 19656, TRM 40136, JCM 31478",1,Actinopolyspora xinjiangensis,2619619031,aerobe
,,,,,405564.4,
,,,,,GCA_900104475,
131391,,"DSM 46770, JCM 30099, KCTC 29480, YIM 690008",1,Actinorugispora endophytica,1605990.4,aerobe
,,,,,2795385473,
,,,,,GCA_004363075,
17634,GE134766,"DSM 44926, NRRL B-24431, JCM 14896, BCRC 16838, NBRC 102107",1,Actinospica acidiphila,GCA_000717315,aerobe
17635,GE134769,"DSM 44927, JCM 14908, NRRL B-24432, BCRC 16839, NBRC 102112",1,Actinospica robiniae,2510065062,aerobe
,,,,,479430.3,
,,,,,GCA_000504285,
133106,EBR-4-2,"KCTC 33604, JCM 30447",1,Actinotalea caeni,1348467.3,aerobe
,,,,,2890385099,
,,,,,GCA_009733795,
133962,CF5-4,"KCTC 29134, CCTCC AB 2012198, DSM 112671, JCM 31479",1,Actinotalea ferrariae,2588254172,aerobe
,,,,,948458.3,
,,,,,GCA_000603945,
158625,THG-T121,"KACC 19191, CGMCC 4.7389, JCM 32747",1,Actinotalea solisilvae,2072922.3,aerobe
,,,,,GCA_016464425,
166457,PTG4-2,"MCCC 1A01274, KCTC 52323",1,Acuticoccus sediminis,2889575115,aerobe
,,,,,GCA_003258595,
133587,6515J-31,"KACC 14117, NBRC 106133",1,Adhaeribacter aerolatus,670289.3,aerobe
,,,,,GCA_007991635,
3764,MBRG1.5,"DSM 16391, NCIMB 14008",1,Adhaeribacter aquaticus,2511231049,aerobe
,,,,,926549.3,
,,,,,GCA_000473365,
158784,17mud1-7,"KCTC 52873, NBRC 112824",1,Adhaeribacter swui,2086471.3,aerobe
,,,,,GCA_014217805,
383,WT001,"DSM 17095, LMG 22965, MTCC 7002",1,Advenella kashmirensis,1036672.2,aerobe
,,,,,1036672.3,
,,,,,2515154053,
,,,,,GCA_000219915,
384,DPN7,"DSM 17166, LMG 22922",1,Advenella mimigardefordensis,1247726.11,aerobe
,,,,,1247726.3,
,,,,,2548877156,
,,,,,GCA_000521505,
140229,D-24,"DSM 101732, KCTC 42708",1,Aequorivita aquimaris,2608642109,aerobe
,,,,,GCA_001573155,
5479,A71,"DSM 23843, JCM 15070, KCTC 22183",1,Aequorivita capsosiphonis,1120951.3,aerobe
,,,,,2524023070,
,,,,,GCA_000429125,
24014,8-1b,"DSM 26349, CGMCC 1.11023, JCM 18497",1,Aequorivita viscosa,2622736533,aerobe
,,,,,2667527447,
,,,,,797419.3,
,,,,,797419.4,
,,,,,GCA_900106795,
,,,,,GCA_900141955,
158560,N.8,"KCTC 33824, JCM 31580",1,Aeribacillus composti,1868734.3,aerobe
,,,,,2802428823,
,,,,,GCA_007827555,
227,1821/02,"DSM 21500, CCUG 52530, CECT 7139, JCM 18035, CIP 109714",1,Aerococcus suis,2622736423,aerobe
,,,,,371602.3,
,,,,,GCA_900176325,
168559,M2KJ-4,"KCTC 49174, CGMCC 1.13666",1,Aeromicrobium endophyticum,GCA_003586285,aerobe
,,,,,QUBR00000000,
11056,J41,"DSM 10552, ATCC 49363, IFO 14897, NBRC 14897, NCIMB 12713, CCUG 35026, LMG 16205, JCM 8088, IMSNU 22010, KCCM 41090, KCTC 9576, VKM Ac-1324",1,Nocardioides fastidiosus,2918376121,aerobe
,,,,,52699.6,
,,,,,GCA_004134885,
,,,,,GCA_017876595,
11062,,"DSM 22238, JCM 14732, KCTC 19207, GBS 39, Gsoil 098",1,Aeromicrobium ginsengisoli,2866597551,aerobe
,,,,,363867.3,
,,,,,GCA_004134905,
159668,,"DSM 105424, NBRC 112936, CPCC 204604",1,Aeromicrobium lacus,2834379153,aerobe
,,,,,GCA_003426855,
11063,SSW1-57,"DSM 19087, JCM 13811, NRRL B-24466, CIP 109549",1,Aeromicrobium tamlense,2833982808,aerobe
,,,,,375541.3,
,,,,,GCA_013408555,
269,P21,"DSM 17689, CCM 7146, CCUG 45377, CIP 107500, LMG 19562",1,Aeromonas dhakensis,196024.6,aerobe
,,,,,2648501391,
,,,,,GCA_000820305,
241,"NCIMB(QC) 50013, 543","DSM 30187, ATCC 7966, LMG 2844, NCDC 359-60, NCMB 86, NCTC 8049, WDCM 00063, CCUG 14551, CIP 76.14, JCM 1027, BCRC 13018, CCM 7232, CDC 359-60, CECT 839, HAMBI 1847, IAM 12337, IAM 12460, KCTC 2358, LMG 12156, LMG 13439, NCAIM B.01923, NCIMB 9240",1,Aeromonas hydrophila subsp. hydrophila,2906233676,aerobe
,,,,,380703.7,
,,,,,639633004,
,,,,,644.2,
,,,,,644.645,
,,,,,644.85,
,,,,,GCA_000014805,
,,,,,GCA_001999685,
,,,,,GCA_018360025,
,,,,,GCA_900445175,
270,Au-1D12,"DSM 17695, CCM 7147, CCUG 46211, CIP 107985, LMG 19707",1,Aeromonas hydrophila subsp. ranae,208958.3,aerobe
,,,,,2645728022,
,,,,,GCA_000820325,
278,,"DSM 21281, ATCC 33659, CECT 895, CIP 104001, HAMBI 1990, JCM 7875, LMG 14900, NCIMB 1110, CCUG 42781, BCRC 80543, LMG 3781",1,Aeromonas salmonicida subsp. achromogenes,645.182,aerobe
,,,,,GCA_006246315,
259,"34mel, 34 mel","DSM 12609, CAIM 16, CECT 5752, CCUG 44929, CIP 107036",1,Aeromonas salmonicida subsp. pectinolytica,1324960.19,aerobe
,,,,,1324960.3,
,,,,,GCA_000447435,
,,,,,GCA_002735225,
255,1169-83,"DSM 7386, ATCC 35624, CDC 1169-83, CECT 4275, CCUG 27821, JCM 7375, LMG 9075, CCM 4359, CECT 4257, CIP 103438, GIFU 13580, GTC 00706, LMG 18296, NCIMB 13015",1,Aeromonas veronii,197701.3,aerobe
,,,,,197701.4,
,,,,,197701.9,
,,,,,2639762903,
,,,,,2922032837,
,,,,,GCA_000820225,
,,,,,GCA_001908535,
,,,,,GCA_018359905,
256,,"CCUG 56447, CIP 107763, NCIM 5147, CCM 7323, CECT 5761, DSM 17676, MTCC 3249, NCIMB 5147",0,Aeromonas veronii,2645727532,aerobe
,,,,,654.25,
,,,,,GCA_000820285,
4196,SY1,"DSM 16960, ATCC BAA-758, JCM 12091",1,Aeropyrum camini,1198449.12,aerobe
,,,,,1198449.6,
,,,,,2554235461,
,,,,,2675903482,
,,,,,GCA_000591035,
,,,,,GCA_001316065,
4195,K1,"DSM 11879, JCM 9820, ATCC 700893, NBRC 100138",1,Aeropyrum pernix,272557.25,aerobe
,,,,,2923402010,
,,,,,GCA_000011125,
159185,Dysh456,"DSM 105662, NBRC 112897",1,Aerosticca soli,GCA_003967035,aerobe
437,JC2043,"DSM 15266, KCTC 12043, IMSNU 14007, CIP 108412",1,Aestuariibacter halophilus,GCA_020687825,aerobe
438,JC2042,"DSM 15300, KCTC 12042, IMSNU 14006, CIP 108413",1,Aestuariibacter salexigens,1120953.3,aerobe
,,,,,2524614540,
,,,,,GCA_000429145,
12671,R27,"DSM 21549, JCM 14204, KCTC 19182, CIP 109737",1,Aestuariimicrobium kwangyangense,1120954.3,aerobe
,,,,,2523533600,
,,,,,GCA_000421525,
160775,,"DSM 105254, KCTC 52945, NBRC 112960, SYSU M10001",1,Aestuariivirga litoralis,2219703.3,aerobe
,,,,,2893929457,
,,,,,GCA_003234965,
1782,34632,"DSM 17499, CCUG 43108, CIP 106344",1,Afipia birgiae,1197906.5,aerobe
,,,,,2551306146,
,,,,,GCA_000308295,
1781,34633,"DSM 17498, CCUG 45153, CIP 107022",1,Afipia massiliensis,211460.6,aerobe
,,,,,2861716478,
,,,,,GCA_014203115,
133571,"CC-SBABM117, SBABM117","BCRC 17964, CCM 7684, DSM 22517",1,Agaricicola taiwanensis,591372.3,aerobe
,,,,,GCA_014635245,
141010,"17, 017","KCTC 42584, MCCC 1H00123",1,Agarilytica rhodophyticola,GCA_002157225,aerobe
132992,hydD622,"DSM 105029, CGMCC 1.12692, KCTC 32543",1,Agarivorans aestuarii,1563703.3,aerobe
,,,,,GCA_019670125,
133657,,"IAM 14998, LMG 21761, MKT 106, JCM 21469, NBRC 102603, CIP 108457",1,Agarivorans albus,182262.5,aerobe
,,,,,GCA_000414175,
,,,,,GCA_019670105,
22908,WH0801,"DSM 26780, CGMCC 1.10131, NRRL B-59247",1,Agarivorans gilvus,680279.1,aerobe
,,,,,GCA_001420915,
,,,,,GCA_014636215,
132202,GJSW-6,"DSM 103824, KCTC 42116, NBRC 110444",1,Agarivorans litoreus,1510455.3,aerobe
,,,,,GCA_019649015,
13580,,"DSM 30147, ATCC 19358, IFO 13532, NBRC 13532, NCIB 9042, CCUG 3354, IAM 12048, EX 3.24.2 (L 624), JCM 20371, BCRC 10372, CECT 4112, CIP 104325, HAMBI 1814, ICMP 5785, KACC 10798, KCTC 22091, LMG 140, NCCB 27005, NCIMB 9042, NCPPB 3001, EX 3.24.2",1,Agrobacterium radiobacter,1336745.4,aerobe
,,,,,2571042120,
,,,,,2868989325,
,,,,,2916111912,
,,,,,358.128,
,,,,,358.266,
,,,,,358.277,
,,,,,358.72,
,,,,,GCA_000421945,
,,,,,GCA_001541305,
13584,"B 6, B6","DSM 30205, ATCC 23308, CCM 1040, CIP B6, DSM 60574, ICPB TT 3, NBRC 102589, NCPPB 397, CCUG 725, CIP 67.1, LMG 187, IAM 13129, JCM 20845, CCEB 758, HAMBI 1811, ICMP 5856, ICPB TT3, LMG 28, NCPPB 2437, NCTC 13543",0,Agrobacterium radiobacter,358.254,aerobe
,,,,,GCA_900455815,
13647,Ch11,"DSM 26438, CFBP 7420, HAMBI 3460, LMG 26191",1,Agrobacterium skierniewicense,2738541311,aerobe
,,,,,2829908084,
,,,,,984260.5,
,,,,,GCA_014196515,
7256,"R-17892t 2, R-17892t2","DSM 18061, CIP 109629, LMG 22410, JCM 14916",1,Agrococcus casei,1255656.3,aerobe
,,,,,2835022881,
,,,,,GCA_900163565,
7258,SSW1-48,"DSM 22002, JCM 14256, KCTC 19198",1,Agrococcus jejuensis,2634166279,aerobe
,,,,,399736.3,
,,,,,GCA_900099705,
7250,2002-39/1,"DSM 9580, ATCC 700087, IFO 16126, NBRC 100415, NBRC 16126, CCUG 35514, CIP 106528, JCM 9950, CGMCC 1.7260, IAM 15121, IMSNU 22118, NCIMB 13857, VKM Ac-1839",1,Agrococcus jenensis,2781126042,aerobe
,,,,,46353.3,
,,,,,GCA_003752465,
7255,K22-21,"DSM 17612, MTCC 7154, JCM 14301, CGMCC 1.7259, CGMCC 1.8869, NCIMB 14388, CIP 109379",1,Agrococcus lahaulensis,1120958.3,aerobe
,,,,,2524023149,
,,,,,GCA_000425105,
24181,DNG5,"DSM 28114, CGMCC 1.6960, JCM 17488, NBRC 104260",1,Agrococcus terreus,574649.3,aerobe
,,,,,GCA_014645235,
7279,UMS-62,"DSM 21551, JCM 13584, KCTC 19181, CIP 109546",1,Agromyces allii,393607.3,aerobe
,,,,,GCA_009749385,
7281,P27,"DSM 23870, JCM 15913, KCTC 19593",1,Agromyces atrinae,2844837950,aerobe
,,,,,592376.3,
,,,,,592376.5,
,,,,,GCA_004134805,
,,,,,GCA_013407835,
132611,AR33,"DSM 101731, LMG 29235, JCM 32431",1,Agromyces aureus,453304.3,aerobe
,,,,,453304.8,
,,,,,GCA_001660485,
,,,,,GCA_009749365,
7282,BZ41,"DSM 22275, CGMCC 1.8984, JCM 17735, CIP 110128",1,Agromyces bauzanensis,1308924.3,aerobe
,,,,,GCA_014645655,
132534,"OAct-353, OAct353","DSM 28305, CGMCC 4.7180, NRRL B-59115, JCM 32487",1,Agromyces binzhouensis,1817495.5,aerobe
,,,,,2866589525,
,,,,,GCA_004135055,
7283,,"DSM 22059, CCM 7623, KCTC 19578, CPCC 202695, JCM 30488, NBRC 109064",1,Agromyces flavus,2634166342,aerobe
,,,,,2681812891,
,,,,,2880787586,
,,,,,589382.12,
,,,,,589382.3,
,,,,,589382.7,
,,,,,GCA_004366335,
,,,,,GCA_014635805,
,,,,,GCA_900104685,
7278,,"DSM 8597, ATCC 51764, IMET 11529, VKM Ac-1345, CCUG 35506, JCM 9085, CIP 103633, IAM 15142, IFO 15781, LMG 16156, NBRC 15781",1,Agromyces fucosus subsp. fucosus,GCA_004134865,aerobe
7275,"CD 5, CD5","DSM 16389, NBRC 109085, NCIMB 14012, HKI 0327, JCM 14319, CIP 108741, IAM 15274",1,Agromyces humatus,GCA_021228295,aerobe
7276,CD1,"DSM 16388, NCIMB 14011, HKI 0325, JCM 14320, IAM 15273, CIP 108740",1,Agromyces italicus,1120959.3,aerobe
,,,,,2524023150,
,,,,,279572.3,
,,,,,2895207311,
,,,,,GCA_000421545,
,,,,,GCA_009749375,
7274,CD55,"DSM 16390, NCIMB 14013, HKI 0324, JCM 14321, IAM 15275, CIP 108739",1,Agromyces lapidis,279574.3,aerobe
,,,,,GCA_009749405,
168515,FW100M-8,"KACC 19308, NBRC 113048",1,Agromyces protaetiae,CP03549,aerobe
,,,,,GCA_004135405,
7260,PSU 38L,"DSM 43045, ATCC 25173, KCC A-0108, JCM 3108, BCRC 12879, CIP 103037, IAM 15120, IFO 13895, IFO 13899, IMET 11027, KCTC 9232, LMG 16680, MTCC 267, NBRC 13895, NBRC 13899, NCIMB 10801, VKM Ac-1198",1,Agromyces ramosus,2799112209,aerobe
,,,,,33879.4,
,,,,,GCA_004216665,
7273,"108989, 20-5","DSM 16198, HKI 0320, JCM 14323, CIP 108989, IAM 15297, NCIMB 13989, NCIMB 13990",1,Agromyces salentinus,269421.3,aerobe
,,,,,424795.3,
,,,,,GCA_009749395,
7277,Z33,"DSM 16689, NCIMB 14025, HKI 0340, JCM 14324, IAM 15298, CIP 108957",1,Agromyces subbeticus,1120960.3,aerobe
,,,,,2524023187,
,,,,,GCA_000421565,
159616,SJ-23,"DSM 105049, CGMCC 4.7419",1,Agromyces tardus,GCA_003710805,aerobe
7280,DS-10,"DSM 22016, JCM 14581, KCTC 19216",1,Agromyces terreus,2844602033,aerobe
,,,,,GCA_009749465,
,,,,,GCA_024172065,
7270,XIL01,"DSM 15747, CIP 108592, LMG 21954, NBRC 109083, JCM 13315, IAM 15233",1,Agromyces ulmi,1302723.3,aerobe
,,,,,2734481940,
,,,,,GCA_001313305,
159867,D13,"KACC 19270, JCM 31634",1,Ahniella affigens,2021234.3,aerobe
,,,,,2833611726,
,,,,,GCA_003015185,
14116,BZ42,"DSM 22554, CGMCC 1.10187, CIP 110134",1,Albibacterium bauzanense,2734482284,aerobe
,,,,,653929.4,
,,,,,GCA_004339765,
13844,DS2,"DSM 17890, KCTC 12586",1,Albimonas donghaensis,2693429856,aerobe
,,,,,356660.7,
,,,,,GCA_900106695,
133988,P-50-3,"KACC 16527, CGMCC 1.11030",1,Albimonas pacifica,1114924.3,aerobe
,,,,,2667527406,
,,,,,GCA_900113695,
337,G,"DSM 13975, CCUG 48316, CIP 106866, CCM 7340",1,Alcaligenes faecalis subsp. parafaecalis,GCA_026344135,aerobe
338,J,"DSM 16503, CCUG 54936, NRRL B-41076, CIP 110691",1,Alcaligenes faecalis subsp. phenolicus,1120962.3,aerobe
,,,,,2524023144,
,,,,,GCA_026344105,
395,MACL04,"DSM 23776, CECT 5683, LMG 22508, CIP 109716",1,Alcanivorax balearicus,GCA_025532145,aerobe
394,B-5,"DSM 16502, CGMCC 1.3690",1,Alcanivorax dieselolei,285091.9,aerobe
,,,,,GCA_014644575,
133431,A-11-3,"CGMCC 1.7084, LMG 24624, MCCC 1A01496",1,Alcanivorax hongdengensis,1177179.3,aerobe
,,,,,2531839231,
,,,,,GCA_000300995,
159770,SW127,"CGMCC 1.16233, KCTC 62652",1,Alcanivorax indicus,2202653.3,aerobe
,,,,,2883121650,
,,,,,GCA_003259185,
133994,R8-12,"MCCC 1A00382, LMG 24621, CCTCC AB 208234",1,Alcanivorax marinus,GCA_025532125,aerobe
158801,MT13131,"MCCC 1A11581, KCTC 52985",1,Alcanivorax mobilis,2838983600,aerobe
,,,,,GCA_002864685,
11043,,"DSM 45001, KCTC 19149, YIM 45607, JCM 15626",1,Aldersonia kunmingensis,2744054611,aerobe
,,,,,408066.4,
,,,,,GCA_001646865,
140562,SK-16,"NBRC 110220, KCTC 32974",1,Algibacter aquaticus,2791354951,aerobe
,,,,,GCA_001747085,
134060,WS-MY22,"KCTC 32381, CECT 8301",1,Algibacter lectus,1343161.3,aerobe
,,,,,1343161.5,
,,,,,1343161.6,
,,,,,2772190795,
,,,,,GCA_004368925,
,,,,,GCA_009807485,
,,,,,GCA_009830375,
166449,,"KCTC 62395, MCCC 1K03486, HHTR 118",1,Algihabitans albus,GCA_003572205,aerobe
18152,DG1253,"DSM 24793, ATCC BAA-2243",1,Algiphilus aromaticivorans,1415780.3,aerobe
,,,,,2574179776,
,,,,,GCA_000733765,
132924,06SJR6-2,"DSM 103725, KCTC 32482, NBRC 109894",1,Algisphaera agarilytica,1385975.3,aerobe
,,,,,2861560136,
,,,,,GCA_014207595,
133393,S2-A1,"KACC 18987, JCM 31546",1,Algoriphagus aestuariicola,1852016.3,aerobe
,,,,,GCA_017254835,
17695,R-10710,"DSM 15986, LMG 21980",1,Algoriphagus antarcticus,238540.3,aerobe
,,,,,238540.5,
,,,,,2739367658,
,,,,,GCA_002150685,
,,,,,GCA_003387655,
17711,T4,"DSM 19759, LMG 24398, NCIMB 14399",1,Algoriphagus aquaeductus,2728369468,aerobe
,,,,,GCA_003253485,
17704,,"DSM 23399, CCUG 47101, KMM 3958, LMG 21971, CIP 108555",1,Algoriphagus aquimarinus,237018.6,aerobe
,,,,,2634166319,
,,,,,GCA_900112005,
164479,F21,"JCM 33187, KCTC 72106, KEMB 2250-007",1,Algoriphagus aquimaris,2547398.3,aerobe
,,,,,GCA_004358035,
,,,,,SMUW00000000,
17705,,"CIP 108556, DSM 19830, CCUG 47095, KMM 3957, LMG 21970",1,Algoriphagus chordae,237019.4,aerobe
,,,,,2593339285,
,,,,,GCA_003254055,
17698,JC2051,"DSM 15292, IMSNU 14013, KCTC 12051, CIP 108304",1,Algoriphagus halophilus,226505.5,aerobe
,,,,,2698536714,
,,,,,GCA_900129785,
17712,7-UAH,"DSM 19315, CCM 7449, CECT 7267",1,Algoriphagus hitonicola,2622736517,aerobe
,,,,,435880.7,
,,,,,GCA_900113375,
17707,MSS-170,"DSM 23445, KCTC 12310, JCM 12597, CIP 108874",1,Algoriphagus locisalis,2639762564,aerobe
,,,,,305507.7,
,,,,,GCA_900116615,
133541,S1-3,"KCTC 22630, CCUG 57608",1,Algoriphagus lutimaris,613197.3,aerobe
,,,,,GCA_017051705,
23439,PR1,"DSM 24695, ATCC BAA-2233",1,Algoriphagus machipongonensis,640612202,aerobe
,,,,,GCA_000166275,
17700,JC2050,"DSM 15301, IMSNU 14012, KCTC 12050, CIP 108302",1,Algoriphagus mannitolivorans,1120965.3,aerobe
,,,,,2523533553,
,,,,,GCA_000429425,
17696,SW2,"DSM 16067, KCTC 12180, JCM 12319",1,Algoriphagus marincola,1120966.3,aerobe
,,,,,2523533625,
,,,,,GCA_000429405,
17699,JC2052,"DSM 15282, IMSNU 14014, KCTC 12052, CIP 108303",1,Algoriphagus ornithinivorans,226506.7,aerobe
,,,,,2622736437,
,,,,,GCA_900115305,
164064,M8-2,"JCM 31446, LMG 29969",1,Algoriphagus sanaruensis,2667527547,aerobe
,,,,,GCA_001593605,
17708,DS-44,"DSM 22685, CIP 108837, KCTC 12545",1,Algoriphagus terrigena,1120967.3,aerobe
,,,,,2523231064,
,,,,,GCA_000429445,
17710,,"DSM 17529, KCTC 12716, KMM 6241",1,Algoriphagus vanfongensis,1120968.3,aerobe
,,,,,2523231017,
,,,,,GCA_000429465,
17701,M-2Alg 14,"DSM 15360, CCUG 47094, KMM 3956, LMG 21969, CIP 108557, JCM 13505",1,Algoriphagus winogradskyi,2724679815,aerobe
17706,MSS-160,"DSM 23446, CIP 108748, JCM 12598, KCTC 12309",1,Algoriphagus yeomjeoni,2593339292,aerobe
,,,,,291403.6,
,,,,,GCA_003259505,
24720,12C11,"DSM 25035, CGMCC 1.11027, MCCC 1F01099",1,Algoriphagus zhangzhouensis,1073327.4,aerobe
,,,,,1073327.6,
,,,,,2617270825,
,,,,,2667528185,
,,,,,GCA_004366575,
,,,,,GCA_900148515,
170901,F199,"CECT 9230, LMG 30050",1,Arcobacter vitoriensis,GCA_003316695,aerobe
,,,,,PDKB00000000,
2906,K601,"DSM 14773, CIP 107495, CCUG 64014",1,Alicycliphilus denitrificans,596154.1,aerobe
,,,,,596154.3,
,,,,,650716008,
,,,,,GCA_000204645,
2907,BC,"DSM 18852, JCM 14587",0,Alicycliphilus denitrificans,596153.11,aerobe
,,,,,596153.12,
,,,,,596153.4,
,,,,,649633004,
,,,,,GCA_000179015,
414,TA-67,"DSM 14558, IAM 14935, NRIC 0496, JCM 21417, CIP 107723, NBRC 100859, NRIC 6496",1,Alicyclobacillus acidiphilus,1255277.3,aerobe
,,,,,2731957568,
,,,,,GCA_001544355,
416,"104-IA, 104-1A","CCUG 28521, NRRL B-14509, DSM 446, ATCC 27009, CIP 106131, IFO 15652, JCM 5260, NBRC 15652, NCIB 11725, BCRC 14685, CECT 4328, KCTC 1825, NCIMB 11725, IMET 11356",1,Alicyclobacillus acidocaldarius subsp. acidocaldarius,521098.3,aerobe
,,,,,521098.31,
,,,,,521098.32,
,,,,,521098.5,
,,,,,644736325,
,,,,,GCA_000024285,
429,3-A191,"DSM 17975, IAM 15224, JCM 21678, NBRC 103102",1,Alicyclobacillus contaminans,1120971.3,aerobe
,,,,,2524023143,
,,,,,GCA_000429525,
435,TC-34,"DSM 22381, CGMCC 1.6357, JCM 15090",1,Alicyclobacillus ferrooxydans,2713896827,aerobe
,,,,,471514.4,
,,,,,GCA_001399675,
431,5-A83J,"DSM 17979, IAM 15227, JCM 21681, NBRC 103104",1,Alicyclobacillus kakegawensis,1220571.3,aerobe
,,,,,2731957595,
,,,,,GCA_001552655,
432,5A-239-2O-A,"DSM 17980, IAM 15370, JCM 21814",1,Alicyclobacillus macrosporangiidus,2675903231,aerobe
,,,,,392015.5,
,,,,,GCA_900116805,
428,RB-718,"DSM 17974, IAM 15230, JCM 21684, NBRC 103105",1,Alicyclobacillus sacchari,2756170229,aerobe
,,,,,392010.3,
,,,,,GCA_004366795,
433,4A-336,"DSM 17981, IAM 15226, JCM 21680, NBRC 103103",1,Alicyclobacillus shizuokensis,1220573.3,aerobe
,,,,,2731957577,
,,,,,GCA_001552255,
130150,ACK006,"DSM 25924, KCTC 33022",1,Alicyclobacillus tengchongensis,2926538093,aerobe
425,CsHg2,DSM 16176,1,Alicyclobacillus vulcanalis,252246.3,aerobe
,,,,,2681813550,
,,,,,GCA_900156755,
166399,CA12,"DSM 100707, LMG 29076",1,Alienimonas californiensis,2883481223,aerobe
,,,,,GCA_007743815,
6238,CF12-14,"DSM 22154, CCTCC AB 208166, KACC 13974",1,Aliidiomarina maris,GCA_003987335,aerobe
140532,GBSy1,"CECT 8340, IBRC-M 10764",1,Aliidiomarina sedimenti,2890096513,aerobe
,,,,,GCA_003986955,
133686,AIT1,"JCM 16052, BCRC 80035, NCCB 100321",1,Aliidiomarina taiwanensis,2890094081,aerobe
,,,,,GCA_003987015,
133344,7M-Z19,"NBRC 112240, KCTC 52134, CGMCC 1.15725, DSM 107831",1,Aliidongia dinghuensis,1867774.3,aerobe
,,,,,GCA_014643535,
167731,ECH52,"KACC 19126, NBRC 112664",1,Fodinibius saliphilus,GCA_005869845,aerobe
,,,,,VAWF00000000,
24788,,"DSM 21194, ACCC 10714, YIM J21, CECT 30753",1,Fodinibius sediminis,1214077.3,aerobe
,,,,,2724679783,
,,,,,GCA_900182555,
133419,E3,"CGMCC 1.7001, JCM 15139",1,Aliiglaciecola lipolytica,2531839189,aerobe
,,,,,GCA_000314975,
13769,"CV919-312, CVSP","DSM 16950, ATCC BAA-1102",1,Aliiroseovarius crassostreae,154981.7,aerobe
,,,,,2619619030,
,,,,,2645727822,
,,,,,GCA_001307765,
,,,,,GCA_900116725,
24498,MA1-10,"DSM 27840, CCUG 60745, KCTC 23462",1,Aliiroseovarius halocynthiae,2617270828,aerobe
,,,,,GCA_007004645,
158280,,"DSM 104669, JCM 31859, JAM 119",1,Aliiroseovarius lamellibrachiae,1924933.3,aerobe
,,,,,GCA_018599245,
130625,M-M10,"DSM 29439, CCUG 62413, KCTC 23959",1,Aliiroseovarius sediminilitoris,1173584.3,aerobe
,,,,,2687453744,
,,,,,GCA_900109955,
166218,MYP11,KCTC 62899 NBRC 113544,1,Aliishimia ponticola,2887003593,aerobe
,,,,,GCA_004803475,
17248,398,"DSM 507, ATCC 7744, JCM 18803, NCMB 1281, CCUG 13450, CAIM 329, LMG 4414, CIP 103206, NCCB 80039, BCRC 12900, CCUG 16305, CECT 524, CIP 75.08, CIP 75.8, KCTC 12272, KCTC 12386, NCIMB 1281, NRRL B-41164, NRRL B-761",1,Aliivibrio fischeri,1298605.61,aerobe
,,,,,2734481910,
,,,,,668.149,
,,,,,668.164,
,,,,,GCA_001312625,
,,,,,GCA_014647395,
,,,,,GCA_016464335,
,,,,,GCA_023983475,
17255,H1-1,"DSM 26449, KCTC 22535, NBRC 105001, CCUG 66541",1,Aliivibrio sifiae,566293.5,aerobe
,,,,,GCA_002954715,
441,B11,"DSM 19476, KCTC 22051",1,Alishewanella aestuarii,1197174.4,aerobe
,,,,,2531839095,
,,,,,GCA_000280055,
443,BL06,"DSM 24290, JCM 15597, KCTC 22400, CGMCC 1.10668",0,Alishewanella agri,1195246.3,aerobe
,,,,,2534682187,
,,,,,GCA_000272005,
442,MS1,"DSM 24035, JCM 15561, KCTC 22429, CGMCC 1.10666",1,Alishewanella jeotgali,1129374.4,aerobe
,,,,,2513237355,
,,,,,GCA_000245735,
22907,RCRI4,"DSM 27060, JCM 17275, KCTC 23723, LMG 26473",1,Alishewanella tabrizica,671278.3,aerobe
,,,,,GCA_014652375,
545,4AG,"DSM 15448, ATCC BAA-956, CIP 109217, JCM 13893",1,Alkalibacillus filiformis,2926601655,aerobe
549,ISL-17,"DSM 23520, CCUG 56753, KCTC 13258, ISL -17",1,Alkalibacillus flavidus,2928986558,aerobe
546,"BH163, 9.101","DSM 16460, JCM 13894, KCTC 3916, CIP 108970",1,Alkalibacillus salilacus,2926477431,aerobe
2246,T143-1-1,"DSM 19183, NBRC 103242, NRIC 0719",1,Alkalibacterium pelagium,2619619008,aerobe
,,,,,426702.5,
,,,,,426702.6,
,,,,,GCA_007991315,
,,,,,GCA_900109325,
2245,T129-2-1,"DSM 19182, NBRC 103243, NRIC 0720",1,Alkalibacterium putridalgicola,2619619007,aerobe
,,,,,426703.4,
,,,,,426703.5,
,,,,,GCA_007988845,
,,,,,GCA_900109825,
2244,T117-1-2,"DSM 19181, NBRC 103241, NRIC 0718",1,Alkalibacterium thalassium,2619619006,aerobe
,,,,,426701.4,
,,,,,GCA_900101165,
140264,BZ-SZ-XJ29,"DSM 29191, CGMCC 1.12936, JCM 30193",1,Alkalicoccus halolimnae,GCA_008014775,aerobe
1235,6AG,"DSM 15402, ATCC BAA-957",1,Alkalicoccus saliphilus,2889707501,aerobe
,,,,,GCA_003044065,
1294,SU1,"DSM 25300, KCTC 13244, NBRC 102646",1,Alkalihalobacillus trypoxylicola,1223507.3,aerobe
,,,,,2724679199,
,,,,,2731957677,
,,,,,519424.4,
,,,,,GCA_001590785,
,,,,,GCA_001592025,
1300,GMBAE72,"DSM 21297, JCM 15719, GMBE 72",1,Alkalihalophilus marmarensis,1188261.3,aerobe
,,,,,2563367048,
,,,,,GCA_000474275,
166505,34079,"KCTC 62428, MCCC 1K03493",1,Alkalilacustris brevis,GCA_003350345,aerobe
133636,B3A,"BCRC 17939, LMG 24826",1,Allobacillus halotolerans,570278.4,aerobe
,,,,,GCA_018967645,
,,,,,GCA_028743495,
141012,,"NBRC 110719, DSM 29531, CPCC 204077",1,Allobranchiibius huperziae,1874116.3,aerobe
,,,,,2857407679,
,,,,,GCA_013410455,
8051,Sco-B14,"DSM 45362, KCTC 19661",1,Allocatelliglobosispora scoriae,2870638204,aerobe
,,,,,643052.3,
,,,,,GCA_014204945,
132682,,"DSM 101834, KCTC 42968, SYSU YG23",1,Allofrancisella inopinata,1085647.3,aerobe
,,,,,1085647.4,
,,,,,2784746783,
,,,,,GCA_004365555,
2249,,"DSM 7252, ATCC 51267, NCFB 2890, CCUG 32997, CIP 103508, CCM 4306, NCIMB 702890, IFO 1545",1,Alloiococcus otitis,2537561904,aerobe
,,,,,883081.3,
,,,,,GCA_000315445,
11192,I10A-01259,"DSM 45601, CPCC 203428, KCTC 19844, JCM 31480, JCM 31481",1,Allonocardiopsis opalescens,1144618.3,aerobe
,,,,,2728369266,
,,,,,GCA_003002095,
166247,,"KCTC 23617, CECT 7957, HME 7025",1,Aquirufa nivalisilvae,GCA_003143535,aerobe
13641,DN316,"DSM 26385, CICC 10378, HAMBI 3454, LMG 23925",1,Allorhizobium borbori,2739367697,aerobe
,,,,,2829903426,
,,,,,485907.3,
,,,,,GCA_014196535,
134338,505,"LMG 24253, CGMCC 1.7048",1,Allorhizobium oryzae,2617270885,aerobe
,,,,,464029.1,
,,,,,GCA_900109605,
159664,,"DSM 102292, KCTC 39746, CPCC 204380",1,Allorhizocola rhizosphaerae,1872709.3,aerobe
,,,,,2866347563,
,,,,,GCA_003426775,
24495,22DY03,"DSM 29329, CGMCC 1.12410, JCM 18866",1,Allosediminivita pacifica,1267769.4,aerobe
,,,,,1267769.6,
,,,,,2739367657,
,,,,,GCA_003054175,
,,,,,GCA_014637495,
14296,YC7378,"DSM 21593, KCTC 22446",1,Allosphingosinicella vermicomposti,2832661309,aerobe
,,,,,614671.3,
,,,,,GCA_003012815,
23231,DX5-10,"DSM 26894, CGMCC 1.3455, JCM 12573, CIP 109187, NCIMB 14310",1,Alloyangia pacifica,2617270881,aerobe
,,,,,2619618962,
,,,,,311180.1,
,,,,,311180.11,
,,,,,GCA_900100725,
,,,,,GCA_900116195,
133228,100921-2,"CFCC 14287, KCTC 42844",1,Tsuneonella aeria,2915148944,aerobe
,,,,,GCA_009827495,
166543,Ery1,"KCTC 62387, CGMCC 1.16499, MCCC 1A10037",1,Pelagerythrobacter aerophilus,2837529137,aerobe
,,,,,GCA_003581645,
133618,KYW147,"KCTC 22735, JCM 16339, UCCCB31",1,Alteraurantiacibacter aestuarii,650004.3,aerobe
,,,,,GCA_009827405,
166461,NS1,"CGMCC 1.13679, NBRC 113553",1,Tsuneonella amylolytica,2841090181,aerobe
,,,,,GCA_003626915,
140729,JSSK-8,"KCTC 52763, NBRC 112764",1,Pontixanthobacter aquaemixtae,1958940.3,aerobe
,,,,,2915097460,
,,,,,GCA_009827395,
166167,SSKS-13,"KACC 19863, KCTC 62900, NBRC 113545",1,Alteraurantiacibacter aquimixticola,2894834840,aerobe
,,,,,GCA_004965515,
133169,KEM-4,"KCTC 52259, NBRC 112305",1,Pontixanthobacter confluentis,1849021.3,aerobe
,,,,,2915136994,
,,,,,GCA_009827615,
140745,THG-S3,"KACC 19190, CGMCC 1.15959",1,Tsuneonella deserti,2035528.3,aerobe
,,,,,GCA_014644315,
140988,BR-75,"CECT 9129, LMG 29518, BR 75, UCCCB41",1,Altericroceibacterium endophyticum,1808508.3,aerobe
,,,,,2915142722,
,,,,,GCA_009827595,
134236,JCS350T,"KCCM 42314, JCM 13815, CGMCC 1.7731",1,Altererythrobacter epoxidivorans,2648501698,aerobe
,,,,,361183.4,
,,,,,GCA_001281485,
133814,KJ7,"KACC 16190, JCM 17802",1,Pontixanthobacter gangjinensis,1028742.5,aerobe
,,,,,GCA_009827545,
140987,CPA5,"CECT 9130, LMG 29519, UCCCB42",1,Alteriqipengyuania halimionae,1926630.3,aerobe
,,,,,2915088315,
,,,,,GCA_009827575,
5397,MSSRF26,"DSM 18604, LMG 23789",1,Altericroceibacterium indicum,374177.5,aerobe
,,,,,GCA_009828105,
166460,BPTF-M16,"KCTC 62421, KACC 19609, NBRC 113190",1,Altererythrobacter insulae,2835327256,aerobe
,,,,,GCA_003444655,
134119,SW-109,"KCTC 12311, JCM 12599, CIP 108783, CGMCC 1.7690",1,Pontixanthobacter luteolus,GCA_009828095,aerobe
166532,GH1-16,"KCTC 52845, NBRC 113275",1,Parerythrobacter lutipelagi,2894892033,aerobe
,,,,,GCA_005434975,
133617,KYW48,"KCTC 22736, JCM 16345",1,Paraurantiacibacter namhicola,2751185748,aerobe
,,,,,645517.4,
,,,,,GCA_001687545,
140815,WW3,"KCTC 42620, JCM 30975",1,Tsuneonella rigui,1708790.3,aerobe
,,,,,2880984762,
,,,,,GCA_003958625,
133297,,"CAU 1172, KCTC 42453, NBRC 110917",1,Pontixanthobacter sediminis,1689985.3,aerobe
,,,,,2915128050,
,,,,,GCA_009828115,
133807,,"KCTC 12303, JCM 17037, KMM 6042",1,Tsuneonella troitsensis,2744054484,aerobe
,,,,,2839207979,
,,,,,292222.4,
,,,,,292222.6,
,,,,,GCA_001441535,
,,,,,GCA_003730315,
133643,S3-63,"CCTCC AB 207166, CIP 110125",1,Altericroceibacterium xinjiangense,2894831738,aerobe
,,,,,762261.3,
,,,,,GCA_003958635,
140743,S36,"CGMCC 1.12804, NBRC 110413",1,Croceibacterium xixiisoli,GCA_009827305,aerobe
1573,P4B,"DSM 25260, CCM 7963, CECT 7998, IBRC-M 10614, KCTC 13821",1,Alteribacillus bidgolensis,930129.4,aerobe
,,,,,930129.8,
,,,,,GCA_002886255,
,,,,,GCA_900099745,
1317,X5B,"DSM 23995, IBRC 10446",1,Alteribacillus iranensis,2651870176,aerobe
,,,,,930128.3,
,,,,,GCA_900113025,
1572,HS136,"DSM 21632, CCM 7595, JCM 15720, LMG 25222",1,Alteribacillus persepolensis,2654588171,aerobe
,,,,,568899.4,
,,,,,GCA_900099605,
1254,K1-5,"DSM 18675, CCM 7447, NCAIM B002265, CIP 109837",1,Alteribacter aurantiacus,1121086.3,aerobe
,,,,,2524614609,
,,,,,GCA_000429705,
158381,FJAT-45347,"DSM 104632, CCTCC AB 2016257",1,Alteribacter populi,GCA_002352765,aerobe
449,R10SW13,"DSM 15446, KCTC 12195, KMM 3600, LMG 22532, CIP 108794",1,Alteromonas stellipolaris,2687453643,aerobe
,,,,,GCA_001562195,
140995,JDTF-113,"KCTC 52655, NBRC 112708",1,Alteromonas aestuariivivens,1938339.4,aerobe
,,,,,2834719733,
,,,,,GCA_003367475,
450,,"DSM 23844, CCUG 55340, LMG 24078",1,Alteromonas genovensis,471225.5,aerobe
,,,,,GCA_010500895,
134153,F-32,"CECT 7067, LMG 22958, CIP 109083",1,Alteromonas hispanica,315421.4,aerobe
,,,,,GCA_010500915,
133345,JW12,"CGMCC 1.15735, KCTC 52408, MCCC 1K03175",1,Alteromonas lipolytica,1856405.15,aerobe
,,,,,2834723206,
,,,,,GCA_001758465,
,,,,,GCA_014643555,
444,107,"DSM 6062, ATCC 27126, CCUG 16128, CIP 103198, JCM 20772, LMG 2843, NBRC 102226, IAM 12920, NCIMB 1963",1,Alteromonas macleodii,2554235747,aerobe
,,,,,529120.14,
,,,,,GCA_000172635,
158616,S35,"KCTC 52449, CGMCC 1.16029",1,Alteromonas oceani,2855655360,aerobe
,,,,,GCA_003731635,
166518,U0105,"KCTC 62080, MCCC 1H00299",1,Alteromonas sediminis,2899565944,aerobe
,,,,,GCA_003820355,
11861,IMB-1,"DSM 17455, ATCC 202197, CCUG 50580, CIP 108660, JCM 21751, DSM 15910, IAM 15301",1,Aminobacter ciceronei,150723.3,aerobe
,,,,,150723.4,
,,,,,2861405929,
,,,,,2861419262,
,,,,,GCA_014138625,
,,,,,GCA_014138635,
11862,CC 495,"DSM 17454, CCUG 50579, CIP 108661, NCIMB 13798",1,Aminobacter carboxidus,2861412741,aerobe
,,,,,305698.3,
,,,,,GCA_014207495,
11860,DM-81,"DSM 7050, ATCC 49932, JCM 7853, CCUG 48820, CCM 4330, IAM 15265",1,Aminobacter niigataensis,2829772224,aerobe
,,,,,83265.3,
,,,,,GCA_014200015,
166423,M8JJ-5,"KCTC 49089, CGMCC 1.16390",1,Amnibacterium flavum,2838890142,aerobe
,,,,,GCA_003097495,
7508,KSL51201-037,"DSM 24782, JCM 16463, KEMC 51201-037, KACC 15557, NBRC 109360",0,Amnibacterium kyonggiense,2734482167,aerobe
,,,,,595671.3,
,,,,,GCA_004364555,
17873,"R5 Sph 026, RS.Sph.026","DSM 19760, LMG 24307",1,Amorphus coralli,1120983.3,aerobe
,,,,,2517572147,
,,,,,GCA_000374525,
17874,,"DSM 21202, CCTCC AA 208035, YIM D10",1,Amorphus orientalis,2926584956,aerobe
1406,Shu-P-Ggiii25-2,"DSM 21624, IAM 15428, JCM 23213, KCTC 13120, MBIC 08269, NBRC 103570",1,Amphibacillus sediminis,1220586.4,aerobe
,,,,,2731957578,
,,,,,GCA_001552275,
11296,M41,"DSM 18887, LMG 24143, JCM 14776",1,Amphritea atlantica,2599185211,aerobe
,,,,,355243.5,
,,,,,GCA_024347255,
,,,,,GCA_900111095,
168321,K81G1,"TBRC 10047, NBRC 113896",1,Amycolatopsis acidicola,GCA_007713735,aerobe
,,,,,VMNW00000000,
141006,5-Feb,"KCTC 39523, JCM 30562",1,Amycolatopsis acidiphila,2899342247,aerobe
,,,,,715473.3,
,,,,,GCA_007713745,
,,,,,GCA_021391495,
133131,WP1,"KCTC 39642, MCCC 1A10745",1,Amycolatopsis albispora,2856864784,aerobe
,,,,,GCA_003312875,
167397,SYSUP0005,"KCTC 49024, CGMCC 4.7463",1,Amycolatopsis alkalitolerans,GCA_006152065,aerobe
,,,,,VDFW00000000,
159864,AU-G6,"CGMCC 4.7351, NBRC 112404",1,Amycolatopsis antarctica,2856677671,aerobe
,,,,,GCA_002262875,
13516,RA45,"DSM 45648, CGMCC 4.5579, JCM 16584",1,Amycolatopsis arida,2675903051,aerobe
,,,,,2731639259,
,,,,,587909.3,
,,,,,587909.9,
,,,,,GCA_004365925,
,,,,,GCA_900115565,
24444,BNT52,"DSM 45679, JCM 31029, KCTC 29065, NRRL B-24886",1,Amycolatopsis cihanbeyliensis,1128664.3,aerobe
,,,,,2806310631,
,,,,,GCA_006715045,
13252,"FH 1845, NNRL B-24209","DSM 44594, JCM 12669, NRRL B-24209, CIP 108517, NCIMB 14255",1,Amycolatopsis decaplanina,1284240.4,aerobe
,,,,,2545824682,
,,,,,GCA_000342005,
166244,GLM-1,"TBRC 9315, NBRC 113658",1,Amycolatopsis eburnea,2868041214,aerobe
,,,,,GCA_003937945,
13265,LC2,"DSM 45164, CCTCC AB 206019, CIP 109736, IAM 15387, JCM 21831",1,Amycolatopsis echigonensis,369930.3,aerobe
,,,,,GCA_014174495,
132133,,"DSM 104006, CCTCC AA 2010003, JCM 31481, KCTC 19776, KLBMP 1221",1,Amycolatopsis endophytica,2856431239,aerobe
,,,,,860233.3,
,,,,,GCA_013410405,
133703,GY307,"NCIMB 14709, NRRL B-24844, DSM 45669",1,Amycolatopsis granulosa,185684.3,aerobe
,,,,,2821246215,
,,,,,GCA_011758745,
13262,N7-3,"DSM 45042, JCM 13280, NRRL B-24427, CIP 109183, NCIMB 14306",1,Amycolatopsis jejuensis,GCA_000717335,aerobe
23214,,"DSM 45859, KCTC 19885, KLBMP 1262, NBRC 108679",1,Amycolatopsis jiangsuensis,1181879.3,aerobe
,,,,,2870593509,
,,,,,GCA_014204865,
13227,KT2025,"DSM 45510, JCM 31204, KCTC 29056",1,Amycolatopsis magusensis,2917971604,aerobe
,,,,,882444.3,
,,,,,GCA_017875555,
13267,Ms392A,"DSM 45569, CGMCC 4.3568, NBRC 104263, JCM 16121",1,Amycolatopsis marina,2667527405,aerobe
,,,,,490629.6,
,,,,,GCA_900111885,
13220,"Lepetit ME/83, Lepetit ME83/973, Schering 368","DSM 43304, ATCC 13685, CBS 121.63, CBS 716.72, DSM 40501, IFO 13142, IFO 13415, IMET 7651, ISP 5501, JCM 4789, KCC S-0789, LBG A 3136, NBRC 13142, NBRC 13415, NCIB 9613, NRRL B-3240, PSA 71, RIA 1376, VKM Ac-798, CIP 107074, CCUG 43144, ETH 28579, BCRC 12440, CGMCC 4.1213, IMSNU 20056, KCCM 11859, KCTC 1739, MTCC 14, NBIMCC 3395, NCIMB 9613, PCM 2320",1,Amycolatopsis mediterranei,2511231181,aerobe
,,,,,GCA_000220945,
,,,,,GCA_026017845,
13259,CSC17Ta-90,"DSM 44992, CIP 109581, NRRL B-24473, HKI 0330, CSC 17TA-090, JCM 14717",1,Amycolatopsis nigrescens,2515075013,aerobe
,,,,,GCA_000384315,
13266,LC11,"DSM 45165, CCTCC AB 206020, CIP 109735, IAM 15388, JCM 21832",1,Amycolatopsis niigatensis,2627854290,aerobe
,,,,,369932.4,
,,,,,GCA_002846615,
159669,,"DSM 105902, CCTCC AA 2017044, KCTC 49031, YIM PH21725, JCM 33574",1,Amycolatopsis panacis,GCA_003600245,aerobe
166702,RM579,"NBRC 106096, TBRC 1849, RM 579",1,Amycolatopsis pithecellobii,GCA_009707865,aerobe
,,,,,WMBA00000000,
13264,GY080,"DSM 45072, NCIMB 14277, JCM 15588",1,Amycolatopsis regifaucium,2634166327,aerobe
,,,,,2728369078,
,,,,,2744054546,
,,,,,546365.11,
,,,,,546365.8,
,,,,,GCA_001558125,
,,,,,GCA_001613935,
,,,,,GCA_900113515,
158797,DH51B-4-3,"TBRC 6029, NBRC 112509, JCM 32589",1,Amycolatopsis rhizosphaerae,2053003.4,aerobe
,,,,,2899406411,
,,,,,GCA_007713715,
13260,2406-001,"DSM 44993, JCM 14909, NRRL B-24474, HKI 0457",1,Amycolatopsis saalfeldensis,2634166333,aerobe
,,,,,394193.4,
,,,,,GCA_900110575,
166143,8-3EHSu,"TBRC 8488, NBRC 113449",1,Amycolatopsis suaedae,2866612099,aerobe
,,,,,GCA_004214935,
13263,0345M-7,"DSM 45107, BCRC 16802, KCTC 19116, JCM 14925, NBRC 102103, NCIMB 14409, BCRC 0345.7",1,Amycolatopsis taiwanensis,1120984.3,aerobe
,,,,,2515154032,
,,,,,GCA_000519205,
13239,"N-1165, T526","DSM 44574, CIP 106795, IFO 14333, JCM 10669, KCTC 9833, NBRC 14333, IMSNU 21194, NRRL B-24140, BCRC 16371, IFO (now NBRC) 14333",1,Amycolatopsis thermoflava,2512564010,aerobe
,,,,,GCA_000473265,
13276,GY088,"DSM 45805, NCIMB 14699, NRRL B-24836",1,Amycolatopsis thermophila,2926647115,aerobe
13269,ABO,"DSM 45259, BCCM 24814, LMG 24814, JCM 17017",1,Amycolatopsis tucumanensis,GCA_021654135,aerobe
13277,GY 115,"DSM 45668, NCIMB 14700, NRRL B-24837",0,Amycolatopsis viridis,185678.3,aerobe
,,,,,2821236178,
,,,,,GCA_011758765,
13271,,"DSM 45285, CCM 7627, KCTC 19581, CPCC 202699, JCM 32380",1,Amycolatopsis xylanica,2675903050,aerobe
,,,,,589385.3,
,,,,,GCA_900107045,
140730,H-12,"KCTC 52581, CGMCC 1.15880, DSM 108668",1,Amylibacter cionae,2035344.4,aerobe
,,,,,GCA_014643735,
159735,4G11,"KY 463497, KCTC 52506, NBRC 112428",1,Amylibacter kogurei,2788500138,aerobe
,,,,,GCA_002742285,
3757,2CP-C,"DSM 21877, ATCC BAA-259",0,Anaeromyxobacter dehalogenans,290397.18,aerobe
,,,,,637000007,
,,,,,GCA_000013385,
17407,NS05,"DSM 18746, CCM 7435, CCUG 57200, NEU 1212",1,Ancylobacter oerskovii,459519.3,aerobe
,,,,,GCA_018390555,
17403,Pla5,"DSM 2457, CIP 109301, NCIB 10516, CCUG 30553, AS 1.2800",1,Ancylobacter polymorphus,2926570559,aerobe
158256,E130,"DSM 102029, LMG 29367",1,Ancylobacter pratisalsi,1745854.3,aerobe
,,,,,2883754999,
,,,,,GCA_010669125,
17406,NP-300,"DSM 1277, CIP 109300, AS 1.176",1,Ancylobacter vacuolatus,2926565872,aerobe
166210,SHSM-M15,"KACC 19862, NBRC 113749",1,Ancylomarina salipaludis,2883586328,aerobe
,,,,,GCA_004122035,
10499,JS11-7,"DSM 18519, KACC 11608",1,Andreprevotia chitinilytica,1120999.3,aerobe
,,,,,2565956517,
,,,,,GCA_000711875,
10500,GFC-1,"DSM 23236, BCRC 17832, LMG 24502",1,Andreprevotia lacus,1121001.3,aerobe
,,,,,2568526002,
,,,,,GCA_900176275,
6156,,"DSM 15561, NCIMB 1785, CIP 108770, VKM B-1336",1,Ancylobacter amanitiformis,2928225989,aerobe
565,E-112,"DSM 23212, CCTCC AB 209236, KCTC 13720",1,Anoxybacillus eryuanensis,2861220268,aerobe
550,d.y.,"DSM 2641, BCRC 17265, LMG 18397, NBRC 15317, CCUG 56041, IFO 15317",1,Anoxybacillus flavithermus subsp. flavithermus,643348508,aerobe
566,"T-11, T11","DSM 23211, CCTCC AB 209237, KCTC 13721",1,Anoxybacillus tengchongensis,2861217274,aerobe
,,,,,576944.3,
,,,,,GCA_014201585,
556,"GS5-97, R-35643","DSM 16325, ATCC BAA-942",1,Anoxybacteroides tepidamans,265948.4,aerobe
,,,,,2861206899,
,,,,,GCA_014201465,
133999,3nP4,"CGMCC 1.8979, JCM 16594",1,Paranoxybacillus vitaminiphilus,2718217676,aerobe
,,,,,581036.3,
,,,,,GCA_003259935,
130972,,"DSM 21100, KACC 14636, KCTC 22261, LMG 24494, Gsoil 524",1,Anseongella ginsenosidimutans,2784746790,aerobe
,,,,,496056.3,
,,,,,GCA_004346135,
158772,JB01H24,"GDMCC 1.1229, KCTC 52984",1,Antarcticibacterium flavum,2058175.3,aerobe
,,,,,2883447522,
,,,,,GCA_006159205,
131543,C4-31,"DSM 100065, KCTC 39556",1,Antricoccus suffuscus,1629062.3,aerobe
,,,,,2728369516,
,,,,,GCA_003003235,
166255,G8,"LMG 30898, DSM 107922",1,Apibacter muscae,GCA_007845635,aerobe
6572,YH-15,"CCUG 53901, CIP 107675, DSM 12361, ATCC 700308, JCM 16173, LMG 18925",1,Apilactobacillus kunkeei,1423768.3,aerobe
,,,,,1423768.4,
,,,,,2513237005,
,,,,,2654587709,
,,,,,2660237901,
,,,,,GCA_001281265,
,,,,,GCA_001433825,
158413,Hlig3,"DSM 104126, NRRL B-65473, JCM 33323",1,Apilactobacillus micheneri,2923762712,aerobe
,,,,,GCA_002993975,
158411,HV_6,"DSM 104127, NRRL B-65474, JCM 33324",1,Apilactobacillus quenuiae,GCA_002994005,aerobe
158412,HV_12,"DSM 104128, NRRL B-65472, JCM 33325",1,Apilactobacillus timberlakei,GCA_002993965,aerobe
166268,Sn-9-2,"KCTC 62308, CCTCC AB 2018270",1,Aquabacter cavernae,2880987659,aerobe
,,,,,GCA_003993795,
17926,B8,"DSM 11901, CCM 4957, CCUG 48318, CIP 106984, ATCC BAA-209",1,Aquabacterium commune,2795385467,aerobe
,,,,,70586.3,
,,,,,GCA_004362855,
17927,CS-6,"DSM 22961, BCRC 17729, LMG 24215",1,Aquabacterium fontiphilum,GCA_009909205,aerobe
17924,B6,"DSM 11968, CCM 4958, CCUG 48317, CIP 106983, ATCC BAA-208",1,Aquabacterium parvum,2684622550,aerobe
,,,,,GCA_001447195,
11866,Sa14,"DSM 21857, CCUG 57044",1,Aquamicrobium aerolatum,1121003.3,aerobe
,,,,,2595699008,
,,,,,GCA_900113935,
11867,905/1,"DSM 19730, CCUG 55251",1,Aquamicrobium ahrensii,2928572089,aerobe
10435,,"DSM 68, ATCC 12638, CCUG 2092, NCTC 10593, LMG 3734, NRRL B-2045, CIP 63.19, JCM 20995, IAM 13944, IFO 14924, NBRC 14924, NCIMB 8658, NRRL: B-2045",1,Aquaspirillum serpens,GCA_000420525,aerobe
140816,Ar-125,"CGMCC 1.15295, JCM 30876, NRIC 0975",1,Aquaticitalea lipolytica,1247562.3,aerobe
,,,,,GCA_014641635,
137369,BH30097,"CIP 109159, JCM 12387, KCTC 3823, IBRC M 10657, IBRC-M 10657",1,Aquibacillus koreensis,GCA_025154055,aerobe
,,,,,GCA_028416535,
166239,BH258,"KACC 18680, NBRC 111875",1,Aquibacillus sediminis,GCA_005870085,aerobe
17714,BA160,"DSM 16537, CIP 108445, LMG 22565",1,Aquiflexum balticum,2506520046,aerobe
,,,,,758820.4,
,,,,,GCA_900176595,
5596,ZC1,"DSM 21889, CCTCC AB 2010229, NBRC 107695",1,Aquimarina agarilytica,2551306140,aerobe
,,,,,620914.3,
,,,,,GCA_000255455,
5592,SMK-19,"DSM 17196, KCTC 12390",1,Aquimarina brevivitae,2799112219,aerobe
,,,,,323412.3,
,,,,,GCA_004216895,
158803,NS08,"KCTC 52897, MCCC 1H00191",1,Aquimarina celericrescens,GCA_018066725,aerobe
133847,SW024,"CGMCC 1.11007, JCM 17859",1,Aquimarina longa,1379258.3,aerobe
,,,,,2667528136,
,,,,,GCA_001401755,
5594,,"DSM 19832, KCTC 12285, KMM 6020, LMG 22569",1,Aquimarina muelleri,1121007.3,aerobe
,,,,,2524023059,
,,,,,279356.3,
,,,,,GCA_000430665,
,,,,,GCA_014651355,
133725,PSC33,"KCTC 23302, JCM 17454",1,Aquimarina mytili,874423.3,aerobe
,,,,,GCA_016735115,
5595,A6,"DSM 22623, KCTC 22663",1,Aquimarina spongiae,2622736502,aerobe
,,,,,570521.3,
,,,,,GCA_900141785,
17443,,"DSM 16957, JCM 12896, MTCC 6713, GPTSA 20, CIP 108872",1,Aquimonas voraii,2622736515,aerobe
,,,,,265719.9,
,,,,,GCA_900101825,
166171,KYPY4,"BCRC 81010, KCTC 52441",1,Rubrivivax rivuli,GCA_004016505,aerobe
1547,SH4s,"DSM 18090, CCM 7366, CECT 7149",1,Aquisalibacillus elongatus,2786546167,aerobe
,,,,,485577.3,
,,,,,GCA_003843875,
140856,D11M-2,"CGMCC 1.12921, KCTC 42673",1,Aquisalinus flavus,1526572.5,aerobe
,,,,,GCA_014534785,
,,,,,GCA_014640095,
,,,,,GCA_022559625,
140914,P1297,"CCM 7557, LMG 28989, CCUG 67440",1,Aquitalea pelogenes,1293573.8,aerobe
,,,,,2703718753,
,,,,,GCA_001515305,
133396,,"DSM 22792, JCM 30984, KCTC 22820, Gsoil 809",1,Arachidicoccus ginsenosidivorans,GCA_007971385,aerobe
3766,TNR-18,"DSM 22214, BCRC 17969, LMG 25207",1,Arcicella aurantiaca,2595698202,aerobe
,,,,,591202.3,
,,,,,GCA_003148625,
132853,TW-5,"DSM 21163, CCUG 55942, CCM 7523",1,Arcicella rosea,2928561906,aerobe
158655,F138-33,"CECT 8984, LMG 29148, CIP 111615",1,Arcobacter canalis,1912871.9,aerobe
,,,,,2888026065,
,,,,,GCA_002723485,
,,,,,GCA_008000835,
140702,MA5,"LMG 28652, JCM 31147",1,Arcobacter lekithochrous,2791355110,aerobe
,,,,,710192.5,
,,,,,GCA_003049765,
2100,CL-S1,"DSM 24769, CECT 7727, KCCM 90072, JCM 15502",1,Malaciobacter marinus,2847249153,aerobe
,,,,,2854842639,
,,,,,505249.19,
,,,,,505249.8,
,,,,,GCA_002723495,
,,,,,GCA_003544855,
2098,F2075,"DSM 23625, CECT 7386, LMG 24559, CIP 110066",1,Arcobacter mytili,1032238.5,aerobe
,,,,,1032238.6,
,,,,,2795385496,
,,,,,2871078930,
,,,,,GCA_003346775,
,,,,,GCA_004116555,
2099,strain 16389,"DSM 23385, CCUG 56902, LMG 24486",1,Arcobacter thereius,1032240.3,aerobe
,,,,,1032240.8,
,,,,,2876158629,
,,,,,544718.59,
,,,,,GCA_001695395,
,,,,,GCA_004214815,
,,,,,GCA_005818985,
,,,,,GCA_024584025,
2101,"64, 64/2-45d5/R-39974","DSM 25469, LMG 25534, CCUG 59229, CIP 110286",1,Arcobacter trophiarum,1032241.5,aerobe
,,,,,1032241.6,
,,,,,2847262524,
,,,,,2858249781,
,,,,,GCA_003355515,
,,,,,GCA_004116585,
,,,,,GCA_024584015,
140651,MN12-7,"KCTC 32015, CIP 110422",1,Arcticibacter svalbardensis,1150600.3,aerobe
,,,,,2541047992,
,,,,,GCA_000403135,
23259,TF5-37.2-LB10,"DSM 23085, CIP 110085, MOLA 820",1,Arcticibacter tournemirensis,2818991316,aerobe
,,,,,699437.5,
,,,,,GCA_006716645,
,,,,,GCA_008690275,
133367,SM1504,"KCTC 42716, CCTCC AB 2015348",1,Arcticibacterium luteifluviistationis,2887088641,aerobe
,,,,,GCA_003258705,
140943,SM1212,"MCCC 1K00234, KCTC 32514",1,Psychroserpens luteus,GCA_015319355,aerobe
24797,110S,"DSM 23922, ATCC BAA-2145, JCM 17282, KCTC 23289, NBRC 107679",1,Ardenticatena maritima,2651869644,aerobe
,,,,,2671180960,
,,,,,872965.11,
,,,,,GCA_001293545,
,,,,,GCA_001306175,
158623,P308H10,"GDMCC 1.1230, KCTC 52983",1,Arenibacter catalasegens,2791354975,aerobe
,,,,,GCA_002909235,
5484,,"DSM 19833, CCUG 48006, JCM 13507, KCTC 12113, KMM 3941, CIP 108496, NCIMB 14240",1,Arenibacter certesii,1121011.3,aerobe
,,,,,228955.3,
,,,,,2523231023,
,,,,,GCA_000429545,
,,,,,GCA_014651295,
5485,,"DSM 23522, KCTC 22013, LMG 22574, KMM 6032",1,Arenibacter echinorum,2593339296,aerobe
,,,,,440515.3,
,,,,,GCA_003259375,
133835,HP12,"KACC 16193, JCM 17788",1,Arenibacter hampyeongensis,1028743.3,aerobe
,,,,,2835195961,
,,,,,GCA_002909255,
5481,,"DSM 15913, CCUG 45454, CIP 106861, JCM 13508, KMM 426, LMG 19693, VKM B-2137D, LMG 19694",1,Arenibacter latericius,1121012.3,aerobe
,,,,,2524614597,
,,,,,GCA_000424985,
5482,PIBOC FEBRAS,"CCUG 48011, DSM 17539, CIP 108849, JCM 13509, KMM 3961, LMG 21972, NCIMB 14299",1,Arenibacter palladensis,237373.5,aerobe
,,,,,2634166303,
,,,,,GCA_900129275,
130841,,"DSM 100248, KCTC 12711, LMG 26983, KMM 6208",1,Arenicella chitinivorans,1329800.3,aerobe
,,,,,GCA_014651515,
17916,Sd2-39,"DSM 24032, KMM 3895, NRIC 0759, JCM 16153",1,Arenicella xantha,2770939506,aerobe
,,,,,644221.3,
,,,,,GCA_003315245,
159746,z29,"JCM 32091, CCTCC AB 2017067",1,Arenimonas caeni,2835097387,aerobe
,,,,,GCA_003024235,
17445,TR7-09,"DSM 18010, CIP 109794, KCTC 12666, KCTC 12557",1,Arenimonas composti,1121013.3,aerobe
,,,,,1121013.4,
,,,,,2524614513,
,,,,,2630968769,
,,,,,GCA_000426365,
,,,,,GCA_000747175,
17444,HO3-R19,"DSM 18148, KACC 11381",1,Arenimonas donghaensis,1121014.3,aerobe
,,,,,2574179743,
,,,,,2597489983,
,,,,,GCA_000743535,
17446,"CC-JY-1, CC-JY-1T","DSM 21305, CCUG 53596, CIP 109310, CCUG 53283",1,Arenimonas malthae,1384054.3,aerobe
,,,,,2627854023,
,,,,,GCA_000747075,
24669,CF5-1,"DSM 27855, CCTCC AB 2010449, CGMCC 1.10787, KCTC 23460, KCTC 23904",1,Arenimonas metalli,1384056.3,aerobe
,,,,,2645728050,
,,,,,GCA_000747155,
17448,"YC6267, Z0-2","DSM 21050, KCTC 22247",1,Arenimonas oryziterrae,1121015.3,aerobe
,,,,,1121015.4,
,,,,,2524614729,
,,,,,2627854209,
,,,,,GCA_000420545,
,,,,,GCA_000747135,
140971,Y3L17,"CGMCC 1.15905, KCTC 52420",1,Arenimonas soli,2269504.3,aerobe
,,,,,GCA_014643775,
13886,U120,"DSM 14744, LMG 26916, CIP 110165",1,Aromatoleum buckelii,2887686508,aerobe
,,,,,GCA_012910785,
13887,Td21,"DSM 15124, ATCC 700604",1,Aromatoleum toluvorans,GCA_012910905,aerobe
6239,,"DSM 15745, CCUG 47306, JCM 13385, IAM 15342, NBRC 105202, CIP 108315",1,Arsenicicoccus bolidensis,1121017.3,aerobe
,,,,,2524614535,
,,,,,GCA_000426385,
133299,42-50,"CCTCC AB 2014325, KCTC 42825",1,Arsenicitalea aurantiaca,2837662100,aerobe
,,,,,GCA_003994485,
4305,"SKI4, SK14","DSM 15247, ATCC 49151, CIP 109007, CCUG 55501, LMG 12584",1,Arsenophonus nasoniae,1121018.3,aerobe
,,,,,2524614872,
,,,,,GCA_000429565,
7625,S6-3,"DSM 22274, CGMCC 1.8950, JCM 17736",1,Arthrobacter alpinus,2634166197,aerobe
,,,,,656366.8,
,,,,,GCA_900105965,
7603,R-5102,"DSM 16402, LMG 22283, JCM 21794, IAM 15349, CIP 108896, LMG 19502",1,Arthrobacter castelli,1121019.4,aerobe
,,,,,2524023227,
,,,,,GCA_000430705,
158836,NEAU-SA2,"DSM 106718, CCTCC AB 2017272",1,Arthrobacter celericrescens,GCA_003614925,aerobe
7520,C7,"DSM 20133, ATCC 11624, NCIB 8915, CCUG 23840, CCM 1647, JCM 1331, BCRC 10374, CDA 837, CGMCC 1.1893, CIP 102363, HAMBI 89, IAM 12341, IFO 12671, IFO 12957, IMET 10680, IMSNU 20062, KCTC 1001, LMG 16338, NBIMCC 2008, NBRC 12671, NBRC 12957, NCCB 72019, NCIMB 8915, NRIC 1858, NRRL B-1258, VKM Ac-1106, VKM Ac-1125",1,Arthrobacter citreus,1670.3,aerobe
,,,,,GCA_009192745,
7629,Cr6-08,"DSM 23324, CGMCC 1.10698, CIP 110638, LMG 26052, JCM 18953",1,Arthrobacter cryoconiti,GCA_020905375,aerobe
7630,D48,"DSM 24664, CGMCC 1.10783, CIP 110640, JCM 19662",1,Arthrobacter cupressi,1045773.1,aerobe
,,,,,1045773.8,
,,,,,2663762744,
,,,,,2844849076,
,,,,,GCA_013409905,
,,,,,GCA_900099975,
132518,,"DSM 29935, CGMCC 1.15091, KCTC 39544, YIM CS25",1,Arthrobacter deserti,1742687.3,aerobe
,,,,,2903049818,
,,,,,GCA_012395865,
132484,AM23,"DSM 29493, KACC 18260",1,Arthrobacter echini,2903061041,aerobe
,,,,,GCA_004803505,
7611,CA15-8,"DSM 16760, CIP 110641, IFO 16787, KCTC 9922, NBRC 16787, CCUG 51945, JCM 12361, CIP 108160",1,Arthrobacter koreensis,199136.7,aerobe
,,,,,GCA_009193255,
7618,KV-651,"DSM 25586, JCM 15922, NBRC 102055, NRRL B-24478",1,Arthrobacter oryzae,2757320374,aerobe
,,,,,409290.3,
,,,,,GCA_003634095,
7531,B89,"DSM 20545, ATCC 13346, CCM 1653, NCIB 8910, CCUG 23843, JCM 11606, BCRC 12112, CDA 858, CIP 102362, HAMBI 1862, IAM 12343, IFO 12139, KCTC 3445, LMG 16255, NBRC 12139, NCIMB 8910, NRRL B-1814, VKM Ac-1116, VKM Ac-1128, IMET 10355",1,Arthrobacter pascens,1677.4,aerobe
,,,,,GCA_017052465,
7605,R-5117,"DSM 16403, LMG 22284, JCM 21771, CIP 108899, IAM 15322",1,Arthrobacter pigmenti,271432.3,aerobe
,,,,,2831304190,
,,,,,GCA_011927905,
7623,GP3,"DSM 23143, CGMCC 1.6355, JCM 13874",1,Arthrobacter psychrochitiniphilus,2844608859,aerobe
,,,,,2866268577,
,,,,,291045.4,
,,,,,291045.5,
,,,,,GCA_003185915,
,,,,,GCA_013408645,
7589,"A 1-3, A1-3","DSM 14555, GTC 863, JCM 11414, CIP 108438, NCIMB 14260",1,Arthrobacter russicus,2893550850,aerobe
166341,,"KACC 19599, CGMCC 1.13474, MIC A30",1,Arthrobacter sedimenti,GCA_011750795,aerobe
158438,NEAU-SA1,"DSM 106716, CCTCC AB 2017271",1,Arthrobacter silvisoli,2869329445,aerobe
,,,,,GCA_003369445,
158257,KIS14-16,"DSM 27180, KACC 17303, NBRC 109660",1,Arthrobacter silviterrae,2026658.3,aerobe
,,,,,2927224378,
,,,,,GCA_011045165,
7612,"AC 836, AC 8.36","DSM 16005, CCM 2783, CIP 108701, JCM 14116, IAM 15316, LMG 16145",1,Arthrobacter stackebrandtii,272161.3,aerobe
,,,,,272161.4,
,,,,,2918386808,
,,,,,GCA_003217635,
,,,,,GCA_017876675,
7607,R-5305,"DSM 16406, LMG 19501, JCM 21773, CIP 108900, IAM 15324, VTT E-072668",1,Arthrobacter tumbae,163874.3,aerobe
,,,,,2893579105,
,,,,,GCA_016907495,
159686,DMA-K-7a,"DSM 106737, NCAIM B.02641",1,Arundinibacter roseus,2070510.3,aerobe
,,,,,2881096153,
,,,,,GCA_004348825,
7850,TT 97-02,"DSM 44745, NBRC 100142, JCM 13312, BCRC 16825, CGMCC 4.5571, CIP 108714",1,Asanoa iriomotensis,234613.3,aerobe
,,,,,GCA_016862515,
134105,T3-B7,"AS 1.3431, JCM 12463, CGMCC 1.3431, CIP 108788",1,Asticcacaulis taihuensis,2596583650,aerobe
,,,,,260084.4,
,,,,,GCA_900100255,
168791,"3.1105, 31105","CCTCC AB 2018268, KCTC 62978",1,Asticcacaulis tiandongensis,GCA_006475605,aerobe
,,,,,SSBC00000000,
2250,,"DSM 17538, CCUG 48253, CIP 108502",1,Atopococcus tabaci,1121024.3,aerobe
,,,,,2524023159,
,,,,,GCA_000429585,
141147,R14M6,"GDMCC 1.1202, KCTC 52919",1,Aurantimonas aggregata,2047720.3,aerobe
,,,,,2891025999,
,,,,,GCA_010500835,
526,WP1,"DSM 14790, CCUG 53900, CIP 107386",1,Aurantimonas coralicida,1121027.3,aerobe
,,,,,182270.4,
,,,,,2523533557,
,,,,,2660238272,
,,,,,GCA_000421645,
,,,,,GCA_001463825,
133164,,"DSM 103570, CPCC 100904, KCTC 52296, EGI 6500337",1,Aurantimonas endophytica,1522175.3,aerobe
,,,,,2830002646,
,,,,,GCA_014196845,
,,,,,GCA_024105745,
12672,,"DSM 23257, CECT 7672, LMG 25551, MON 2.2, JCM 18954",1,Auraticoccus monumenti,2636415982,aerobe
,,,,,675864.4,
,,,,,GCA_900101785,
133899,SG-18,"NBRC 108814, KCTC 23967",1,Aureicoccus marinus,2886768321,aerobe
,,,,,GCA_002954325,
532,S21B,"DSM 21988, CECT 7138, CIP 109525, KCTC 22106, LMG 23375",1,Aureimonas altamirensis,1121026.3,aerobe
,,,,,2585427611,
,,,,,2663763019,
,,,,,370622.4,
,,,,,GCA_001463885,
,,,,,GCA_900141975,
140972,2T4P-2-4,"KCTC 52217, CGMCC 1.15367",1,Aureimonas endophytica,2027858.3,aerobe
,,,,,GCA_014642635,
166448,M2BS4Y-1,"KCTC 62837, CGMCC 1.13747",1,Aureimonas flava,2838942589,aerobe
,,,,,GCA_003583935,
166343,,"KCTC 62995, NBRC 113692, CAU 1482",1,Aureimonas fodinaquatilis,GCA_008369445,aerobe
534,CW5,"DSM 21987, JCM 14755, KCTC 12893",1,Aureimonas frigidaquae,2700989461,aerobe
,,,,,424757.3,
,,,,,GCA_001463905,
133355,B5-2,"CGMCC 1.15493, KCTC 52395",1,Aureimonas glaciei,1776957.3,aerobe
,,,,,GCA_014643375,
166114,,"KCTC 72462, CGMCC 1.17389, YIM 132180",1,Aureimonas leprariae,2615207.3,aerobe
,,,,,2894812573,
,,,,,GCA_008802405,
158604,4M3-2,"CFCC 11187, KCTC 42087",1,Aureimonas populi,1701758.3,aerobe
,,,,,GCA_017815515,
166383,,"KCTC 42691, NBRC 112412, YIM DR1026",1,Aureimonas psammosilenae,GCA_009176975,aerobe
132997,PP-CE-2G-454,"DSM 102238, CCM 8665, LMG 29411, CIP 111015",1,Aureimonas pseudogalii,1744844.3,aerobe
,,,,,2829993952,
,,,,,GCA_014196835,
133711,S1-66,"NBRC 107741, KCTC 23434",1,Aureitalea marina,2832867752,aerobe
,,,,,930804.4,
,,,,,GCA_002943755,
133872,VIII.04,"ATCC BAA-2394, LMG 26721",1,Aureivirga marina,1182451.3,aerobe
,,,,,GCA_015767265,
140460,S31,"CCUG 69858, KCTC 33611, MCC 3027, CIP 111652",1,Abyssicoccus albus,GCA_001989575,aerobe
7792,,"DSM 45359, CCUG 57943, JCM 19109, IMMIB L-1656",1,Auritidibacter ignavus,2820977076,aerobe
,,,,,678932.4,
,,,,,GCA_003703835,
,,,,,GCA_011758685,
3942,"W16, W 16","DSM 44178, ATCC 51576, CCUG 47447, CIP 104541, JCM 9706, NBRC 105200",1,Austwickia chelonae,100225.5,aerobe
,,,,,1184607.3,
,,,,,2537562210,
,,,,,2687453746,
,,,,,GCA_000298175,
,,,,,GCA_900111385,
11693,20186H4H1,"CIP 109717, DSM 18224, CCUG 52860",1,Avibacterium endocarditidis,2842990487,aerobe
,,,,,GCA_002921145,
13885,VB 32,"DSM 12121, ATCC 51398, CCUG 41875, LMG 9092, NCIMB 13564",1,Azoarcus indigens,2756170240,aerobe
,,,,,29545.3,
,,,,,GCA_004361735,
13881,T,"DSM 9506, DSM 19020, LMG 30751",0,Aromatoleum toluolicum,GCA_012911005,aerobe
13888,BS5-8,"DSM 23841, CCUG 46758, LMG 19178",1,Azonexus fungiphilus,146940.3,aerobe
,,,,,2770939617,
,,,,,GCA_003634965,
17440,,"DSM 5975, ATCC 43989, CCUG 26647, LMG 6465, ORS 571, JCM 20966, IAM 13624, IFO 14845, LMG 8557, NBRC 14845, CIP 107330",1,Azorhizobium caulinodans,GCA_000010525,aerobe
24668,NS12,"DSM 18749, CCM 7897, NEU 1219",1,Azorhizobium oxalatiphilum,980631.3,aerobe
,,,,,GCA_014635325,
13891,PS,"DSM 13638, ATCC BAA-33",0,Azospira oryzae,2508501046,aerobe
,,,,,GCA_000236665,
13893,,"DSM 18626, CCUG 55598, NRRL B-41660, LMG 23819, Sua SUA2, Sua 2",1,Azospira restricta,404405.4,aerobe
,,,,,GCA_016858125,
134013,CC-LY743,"BCRC 80505, JCM 18688, LMG 27264",1,Azospirillum fermentarium,2928835693,aerobe
,,,,,GCA_025961205,
166293,L-25-5 w-1,"CGMCC 1.13672, KCTC 62777",1,Azospirillum griseum,GCA_003966125,aerobe
166212,B2,"VKM B-3233, KCTC 62613",1,Azospirillum palustre,2756170225,aerobe
,,,,,GCA_002573965,
13999,,"DSM 19922, CCUG 55431, IMMIB TAR-3",1,Azospirillum picis,2928263341,aerobe
166472,M2T2B2,"KACC 14063, NBRC 106460",1,Azospirillum ramasamyi,2846940193,aerobe
,,,,,GCA_003233655,
13998,,"DSM 19657, CCUG 53966, IMMIB AFH-6",1,Azospirillum rugosum,2928256362,aerobe
167820,,"KCTC 62259, CFH 70021, CCTCC AB 2018121",1,Azospirillum thermophilum,CP029352,aerobe
,,,,,CP029353,
,,,,,CP029354,
,,,,,CP029355,
,,,,,GCA_003130795,
14000,Bv-S,"DSM 21654, VKM B-2513",1,Azospirillum thiophilum,2630968760,aerobe
,,,,,2645728001,
,,,,,528244.3,
,,,,,528244.4,
,,,,,GCA_000960825,
,,,,,GCA_001305595,
140963,N35-10-2,"MCCC 1A02146, KCTC 33710, LMG 28875, NBRC 113917, CIP 111456",1,Bacillus albus,GCA_001884185,aerobe
130196,"Bi.FFUP1, BiFFUP1, Bi<sub>FFUP1</sub>, Bi.<sub>FFUP1</sub>","DSM 26896, CCUG 64113",0,Bacillus altitudinis,2630968313,aerobe
,,,,,293387.1,
,,,,,GCA_000949525,
1260,TM1,"DSM 19092, CIP 108784, JCM 12523, KCTC 10634",1,Bacillus alveayuensis,2926480455,aerobe
1077,,"DSM 7264, ATCC 49337, NRRL NRS-213, CCUG 28524, JCM 9070, CIP 107159, IFO 15539, KCTC 3701, LMG 16797, NBRC 15539, NCIMB 12899",1,Bacillus atrophaeus,1220587.3,aerobe
,,,,,2731957673,
,,,,,GCA_001584335,
,,,,,GCA_001591925,
602,"663, Henry 110, 110, NRS-663","DSM 23, ATCC 14574, CCM 2113, NCIB 9364, NCTC 10333, CCUG 7412, CIP 58.52, IAM 11059, NRS 663, JCM 12228, BCRC 11699, CECT 17, HAMBI 1885, IFO 15713, KCTC 3739, LMG 7122, MTCC 1458, NBIMCC 2210, NBRC 15713, NCFB 1760, NCIMB 9364, NRRL NRS-663, VKM B-496, NCDO 1760",1,Bacillus badius,1348627.3,aerobe
,,,,,1455.5,
,,,,,2636415587,
,,,,,2731957658,
,,,,,GCA_000829535,
,,,,,GCA_001591605,
158610,7578-1,"CGMCC 1.15374, KCTC 33845",1,Heyndrickxia camelliae,GCA_002844575,aerobe
133067,,"DSM 103394, CGMCC 1.12820, KCTC 33514, EGI 6500252",1,Bacillus capparidis,1840411.3,aerobe
,,,,,2901263064,
,,,,,GCA_017832095,
1281,PN5,"DSM 21993, JCM 15113, LMG 23935, MTCC 9127, CCUG 55698",1,Solibacillus cecembensis,2744054488,aerobe
,,,,,459347.3,
,,,,,GCA_001439635,
1299,,"DSM 23837, CCUG 57835, KCTC 13566, CAU 348",1,Bacillus chungangensis,2926488731,aerobe
1275,E5HC-32,"DSM 17725, JCM 13601",1,Bacillus decisifrondis,380630.3,aerobe
139432,BL3-6,"CIP 111018, JCM 15801, KCTC 13318",1,Bacillus gaemokensis,2585428004,aerobe
,,,,,2724679201,
,,,,,574375.6,
,,,,,574375.8,
,,,,,GCA_000712615,
,,,,,GCA_001590835,
132364,FJAT-4402,"DSM 29500, CGMCC 1.12902",1,Bacillus gobiensis,2651869764,aerobe
,,,,,GCA_001278705,
1847,"WS 1087, 6721","CCUG 47676, CIP 67.21, DSM 8802, ATCC 25096, JCM 12400, BCRC 14861",1,Bacillus halotolerans,260554.3,aerobe
,,,,,2716884207,
,,,,,GCA_001517105,
158629,Ma50-5,"KCTC 33881, CCTCC AB 2017020",1,Bacillus kexueae,GCA_022809095,aerobe
166102,YSP-3,"ACCC 60365, KCTC 33934",1,Alteribacter lacisalsi,2916893477,aerobe
,,,,,GCA_003226345,
158731,AK74,"MTCC 12638, KCTC 33946, JCM 32185",1,Metabacillus lacus,1983721.4,aerobe
,,,,,GCA_009674805,
684,III,"CCUG 26007, LMG 7561, DSM 392",0,Bacillus licheniformis,1648923.74,aerobe
,,,,,GCA_007830855,
140965,TD41,"MCCC 1A00359, KCTC 33716, LMG 28872, NBRC 113919, CIP 111458",1,Bacillus luti,GCA_001884105,aerobe
140556,AK61,"JCM 31087, MTCC 12015, KCTC 33872",1,Metabacillus mangrovi,1491830.4,aerobe
,,,,,GCA_009711125,
1322,BL4-6,"DSM 26473, JCM 15802, KCTC 13319, CIP 111019",1,Bacillus manliponensis,2585428017,aerobe
,,,,,574376.4,
,,,,,GCA_000712595,
158585,NC2-31,"KCTC 33721, MCCC 1K01239",1,Bacillus marinisedimentorum,2744054838,aerobe
,,,,,GCA_001644195,
140964,0711P9-1,"MCCC 1A05942, KCTC 33717, LMG 28877, NBRC 113918, CIP 111457",1,Bacillus mobilis,GCA_001884045,aerobe
1093,RO-H-1,"DSM 9205, ATCC 51516, NRRL B-14698, JCM 12230, BCRC 17124, CIP 104095, IFO 15718, KCTC 3706, LMG 17797, NBRC 15718, NCIMB 13391, VTT E-011771",1,Bacillus mojavensis,1051501.3,aerobe
,,,,,1051501.5,
,,,,,2545555827,
,,,,,2579778565,
,,,,,GCA_000245335,
,,,,,GCA_000507105,
,,,,,GCA_014499005,
745,"273, NRS-273","DSM 2048, ATCC 6462, CCUG 26678, NRRL B-14799, NCTC 12974, LMG 7128, CIP 103472, NRRL B-14811",1,Bacillus mycoides,1405.1,aerobe
,,,,,1405.8,
,,,,,1405.81,
,,,,,1405.82,
,,,,,2623621012,
,,,,,526997.3,
,,,,,643886175,
,,,,,GCA_000003925,
,,,,,GCA_000832605,
,,,,,GCA_022630575,
1153,WS 2480,"DSM 11821, CCM 4872, CCUG 58725, LMG 18989, CIP 105772, KCTC 3975, WSBC 10204, WDCM 00222",0,Bacillus mycoides,1220585.4,aerobe
,,,,,86662.17,
,,,,,GCA_000513155,
140967,4049,"MCCC 1A00732, KCTC 33713, LMG 28871, NBRC 113921, CIP 111460",1,Bacillus nitratireducens,GCA_001884135,aerobe
140961,EB422,"MCCC 1A06182, KCTC 33858, CIP 111542, NBRC 113915",1,Bacillus pacificus,GCA_001884025,aerobe
130193,,"DSM 24834, JCM 18975, KCTC 13786, NCCP 168",1,Rossellomorea pakistanensis,2901141119,aerobe
,,,,,992288.3,
,,,,,GCA_016908495,
140960,Mn5,"MCCC 1A00395, KCTC 33714, LMG 28873, NBRC 113914, CIP 111454",1,Bacillus paranthracis,GCA_001883995,aerobe
140966,TD42,"MCCC 1A00365, KCTC 33715, LMG 28870, NBRC 113920, CIP 111459",1,Bacillus proteolyticus,GCA_001884065,aerobe
166351,SPB7,"NRRL B-65559, CICC 24827, MCC 4185",1,Bacillus rugosus,GCA_011745685,aerobe
159795,AK72,"MTCC 12636, KCTC 33981, JCM 32183",1,Bacillus shivajii,1983719.3,aerobe
,,,,,1983719.4,
,,,,,1983719.5,
,,,,,GCA_020519665,
1302,PD-A10,"DSM 25261, BCC 22614, KACC 16244, KCTC 13613, CIP 110217",1,Bacillus siamensis,1177185.3,aerobe
,,,,,2548877022,
,,,,,GCA_000262045,
815,NRS-173,"DSM 4216, IFO 15311, NBRC 15311, NRRL NRS-173, CCUG 27413, LMG 12526, JCM 9076, CGMCC 1.3752, CIP 103790",1,Bacillus smithii,1220590.3,aerobe
,,,,,1479.5,
,,,,,1479.9,
,,,,,2654588021,
,,,,,2681812984,
,,,,,GCA_001050115,
,,,,,GCA_001591985,
1187,"231, NRS-231","DSM 347, ATCC 6633, CCM 1999, IAM 1069, NCIB 8054, NCTC 10400, WDCM 00003, CCUG 10779, JCM 20035, AHU 1038, BCRC 10447, BUCSAV 425, CECT 356, CIP 52.62, IFO 3134, IID 506, IMET 10880, JCM 2499, KCTC 2189, LMG 8197, NBRC 3134, NCIMB 8054, NRIC 1022, NRIC 1521, NRRL B-209, NRRL B-354, OUT 8351, PCI 219, RIMD 0225013, VTT E-85231, NCDO 1733, CMCC (B) 63501",0,Bacillus spizizenii,1300158.3,aerobe
,,,,,1423.767,
,,,,,2734481915,
,,,,,647000211,
,,,,,703612.22,
,,,,,703612.3,
,,,,,96241.1,
,,,,,GCA_000177595,
,,,,,GCA_001312785,
,,,,,GCA_006094475,
1270,"BH030017, 11.101","DSM 16466, CIP 109461, KCTC 3918, BCRC 80952",1,Bacillus taeanensis,GCA_003318295,aerobe
166386,,"KCTC 43131, CGMCC 1.17491, SYSU G01002",1,Peribacillus tepidiphilus,GCA_009466385,aerobe
134164,10b,"ATCC BAA-819, NCTC 13306, CIP 109396, NRRL B-41771, KCTC 13622",1,Bacillus tequilensis,227866.8,aerobe
,,,,,GCA_900445435,
140573,RA9,"LMG 29736, CECT 9170",1,Siminovitchia terrae,1914933.3,aerobe
,,,,,2881644220,
,,,,,GCA_003605405,
140962,N24,"MCCC 1A01406, KCTC 33711, LMG 28874, NBRC 113916, CIP 111455, MCCC 1A1406",1,Bacillus tropicus,GCA_001884035,aerobe
23706,CBMB205,"DSM 28326, KACC 17006, KACC 13105, NCCB 100236",0,Bacillus velezensis,2630968484,aerobe
,,,,,492670.1,
,,,,,492670.316,
,,,,,GCA_000960265,
,,,,,GCA_002117165,
,,,,,GCA_003431885,
,,,,,GCA_900100225,
140354,FJAT-27215,"DSM 100757, CCTCC AB 2015266",1,Bacillus wudalianchiensis,GCA_001685015,aerobe
164466,FJAT-46582,"JCM 33155, CCTCC AB 2017047",1,Bacillus xiapuensis,GCA_002797355,aerobe
158509,,"DSM 108226, CGMCC 4.7547, KCTC 49229, YIM 75507",1,Bailinhaonella thermotolerans,2339229.3,aerobe
,,,,,2861773553,
,,,,,GCA_003594875,
11267,Apr-87,"DSM 16621, ATCC 51285, CIP 103589, CCUG 32555",1,Balneatrix alpica,1121103.3,aerobe
,,,,,2558860993,
,,,,,GCA_000619885,
17738,"13IX/A01/164, 131X/A01/164","DSM 17893, CIP 109092, OOB 256",1,Balneola vulgaris,1121104.3,aerobe
,,,,,2515154152,
,,,,,GCA_000375465,
3935,39,"DSM 24617, CGMCC 4.6864, JCM 19663",1,Barrientosiimonas humi,2814122977,aerobe
,,,,,999931.3,
,,,,,GCA_006716095,
23782,BR11-1,"DSM 28538, JCM 17709, KCTC 23909",1,Bartonella callosciuri,2861730104,aerobe
,,,,,686223.3,
,,,,,GCA_014203215,
11757,JF4016,"DSM 22022, CCUG 57335",1,Basfia succiniciproducens,2593339214,aerobe
,,,,,653940.3,
,,,,,GCA_011455875,
,,,,,GCA_900101275,
17716,"BA134, BA 134T","DSM 15883, CIP 108006, LMG 21964, UCCCB126",1,Belliella baltica,2509276058,aerobe
,,,,,866536.3,
,,,,,GCA_000265405,
140946,5C,"VKM B-2724, KCTC 32194",1,Belliella buryatensis,2706794919,aerobe
,,,,,GCA_900188245,
24721,CC-SAL-25,"DSM 46698, BCRC 17883, KCTC 13248",1,Belliella pelovolcani,2681813558,aerobe
,,,,,529505.3,
,,,,,GCA_900156785,
38,CP2C,"DSM 16746, ATCC BAA-1043, CIP 109215",1,Belnapia moabensis,1121106.3,aerobe
,,,,,2571042000,
,,,,,GCA_000745835,
39,,"DSM 23312, CGMCC 1.10758, CPCC 100156",1,Belnapia rosea,2596583546,aerobe
,,,,,938405.3,
,,,,,938405.4,
,,,,,GCA_900101615,
,,,,,GCA_900104205,
11297,RED65,"DSM 23232, CCUG 52064, CECT 7074",1,Bermanella marisrubri,638341141,aerobe
,,,,,GCA_000153565,
,,,,,GCA_012295615,
1678,2163-026,"DSM 12333, ATCC BAA-8, IFO 16432, NBRC 16432, CCUG 43141, HKI 0122, JCM 11478, CIP 106362, NCIMB 13614",1,Beutenbergia cavernae,471853.5,aerobe
,,,,,643692008,
,,,,,GCA_000023105,
12009,ge10,"DSM 19037, CGMCC 1.6762",1,Bhargavaea beijingensis,2619618820,aerobe
,,,,,426756.5,
,,,,,GCA_900101985,
12011,DSE10,"DSM 22132, JCM 14375, LMG 24411",1,Bhargavaea cecembensis,1235279.3,aerobe
,,,,,2537561877,
,,,,,GCA_000348905,
12010,ge14,"DSM 19038, CGMCC 1.6763",1,Bhargavaea ginsengi,2617270926,aerobe
,,,,,426757.4,
,,,,,GCA_900109165,
23197,ZMA-19,"DSM 26128, CCM 8429, LMG 27071, ZMA 19, CIP 110542",1,Bhargavaea ullalensis,2928332132,aerobe
132346,MRM_8.14,"DSM 100202, JCM 30799, MRM 8.14",1,Bifidobacterium hapali,1630172.3,aerobe
,,,,,2791355243,
,,,,,GCA_002259755,
159320,,"DSM 103362, JCM 31788, MRM 9.3",1,Bifidobacterium jacchi,GCA_009078285,aerobe
160296,,"DSM 106029, SMA 15, BCRC 81224, NBRC 114051",1,Bifidobacterium platyrrhinorum,GCA_010667645,aerobe
,,,,,WHZV00000000,
160002,,"DSM 106020, SMA 1, BCRC 81223, NBRC 114049",1,Bifidobacterium saimiriisciurei,GCA_010667655,aerobe
,,,,,WHZU00000000,
134133,"APA1-, APA-1","ACAM 1056, CIP 108533",1,Bizionia algoritergicola,291187.4,aerobe
5714,"CCM-A-29 1259, JUB59",DSM 19628,1,Bizionia argentinensis,1046627.3,aerobe
,,,,,2513237264,
,,,,,GCA_000224335,
5715,,"DSM 23925, KCTC 22015, KMM 6177, LMG 25220",1,Bizionia echini,2622736504,aerobe
,,,,,649333.4,
,,,,,GCA_900115185,
134126,IC164,"ACAM 107, CIP 108536, ACAM 1057",1,Bizionia gelidisalsuginis,GCA_008086185,aerobe
134125,ADA-4,"ACAM 1058, CIP 108535",1,Bizionia myxarmorum,291186.3,aerobe
,,,,,GCA_008086205,
134127,HFD,"ACAM 1059, CIP 108534",1,Bizionia saleffrena,291189.3,aerobe
,,,,,GCA_008086175,
5810,B15,"DSM 4725, ATCC 25902, JCM 12602, NBRC 107747, CCUG 61909, NCIMB 1849",1,Blastococcus aggregatus,2734482074,aerobe
,,,,,38502.3,
,,,,,GCA_900221005,
24054,,"DSM 45413, CCTCC AA 209045, KCTC 19998, YIM 68236, JCM 17896, JCM 31483",1,Trujillonella endophytica,2599185194,aerobe
,,,,,673521.3,
,,,,,GCA_900110555,
159637,GP-S2-8,"DSM 106127, JCM 32354, KCCM 43275, KCTC 49078",1,Blastococcus litoris,2834497130,aerobe
,,,,,GCA_003075095,
5813,,"CCUG 61911, DSM 44509, JCM 13239, NRRL B-24246, BC 444",1,Blastococcus saxobsidens,138336.4,aerobe
,,,,,138336.5,
,,,,,2816332115,
,,,,,2837591487,
,,,,,GCA_002938435,
,,,,,GCA_004217455,
140974,T2,"KCTC 42354, JCM 30467, DSM 112298",1,Blastomonas fulva,1550728.3,aerobe
,,,,,GCA_003431825,
1770,2017-12,"DSM 11294, CCUG 39178, HKI 88, JCM 11479, ATCC 700413, CIP 105404, NBRC 106158, HKI 0088",1,Bogoriella caseilytica,2781126043,aerobe
,,,,,56055.3,
,,,,,GCA_003752405,
377,,"DSM 11332, ATCC 35086, CCUG 13726, LMG 1852, Hinz 591-77, CIP 103348, NCTC 12033",1,Bordetella avium,2916308423,aerobe
,,,,,521.38,
,,,,,GCA_003581385,
376,,"DSM 13414, ATCC 19395, CCUG 219, CIP 55.110, LMG 1232, NCTC 452, CCM 6082, NBRC 13691",1,Bordetella bronchiseptica,518.61,aerobe
,,,,,GCA_021391275,
,,,,,GCA_900445725,
375,B-140,"CCUG 2514, NRRL B-140, DSM 10303, ATCC 4617, NCIB 9935, NCTC 8344, PCI 1701, WHO 11, CIP 53.157, NCIMB 9935",0,Bordetella bronchiseptica,518.72,aerobe
,,,,,GCA_900637995,
368,522,"DSM 13415, ATCC 15311, CCUG 413, LMG 14449, NCTC 5952, CIP 64.11, LMG 1831",1,Bordetella parapertussis,2773857998,aerobe
,,,,,2811995279,
,,,,,519.1,
,,,,,519.102,
,,,,,519.18,
,,,,,519.3,
,,,,,GCA_900445785,
382,Se-1111R,"DSM 12804, CCUG 43448, CIP 107267, ATCC BAA-461, CCM 7166",1,Bordetella petrii,340100.3,aerobe
,,,,,641228479,
,,,,,GCA_000067205,
1791,R-46060,"DSM 26656, CCUG 61247, LMG 26379",1,Bosea lathyri,1036778.3,aerobe
,,,,,2622736433,
,,,,,GCA_900108245,
1792,R-45681,"DSM 26673, CCUG 61248, LMG 26383",1,Bosea lupini,1036779.5,aerobe
,,,,,2634166302,
,,,,,GCA_900109525,
166471,1131,"NRRL B-65405, LMG 30034",1,Bosea psychrotolerans,GCA_002917105,aerobe
1793,R-46070,"DSM 26672, CCUG 61249, LMG 26381",1,Bosea robiniae,1036780.5,aerobe
,,,,,2675903146,
,,,,,GCA_900102525,
1786,BI-42,"DSM 9653, CCUG 55771, ATCC 700366",1,Bosea thiooxidans,2595698224,aerobe
,,,,,53254.5,
,,,,,GCA_900168195,
166437,,"KCTC 52794, NBRC 112957, SYSU D60016",1,Botryobacter ruber,2171629.3,aerobe
,,,,,GCA_003347595,
132661,KWS-1,"DSM 28796, JCM 30059, MTCC 11836",1,Brachybacterium aquaticum,1432564.3,aerobe
,,,,,2868155942,
,,,,,GCA_014204755,
159799,M1HQ-2,"KCTC 49087, CGMCC 1.16391, JCM 33403",1,Brachybacterium endophyticum,2837086405,aerobe
,,,,,GCA_003130585,
3911,R-5509,"DSM 14564, LMG 20336, CCUG 50350, JCM 12138, CIP 108248",1,Brachybacterium fresconis,173363.3,aerobe
,,,,,2918358370,
,,,,,GCA_017876515,
140077,,"DSM 105781, JCM 19356, KCTC 29226, DCY 80",1,Brachybacterium ginsengisoli,1331682.4,aerobe
,,,,,GCA_002407065,
3913,R-5647,"DSM 14566, LMG 20354, CCUG 50347, JCM 12139, CIP 108249, LMG 20345",1,Brachybacterium sacelli,173364.3,aerobe
,,,,,2918362552,
,,,,,GCA_017876545,
3917,JG 06,"DSM 23186, IMCC 252, JCM 19544",1,Brachybacterium saurashtrense,2848551377,aerobe
,,,,,2866391516,
,,,,,556288.4,
,,,,,556288.5,
,,,,,GCA_003355475,
,,,,,GCA_003994295,
133630,M-6-3,"KACC 14221, JCM 16464",1,Brachybacterium squillarum,1074488.3,aerobe
,,,,,2548876527,
,,,,,GCA_000225825,
3910,,"CCUG 50353, CCM 4521, DSM 10673, CNRZ 926, JCM 11610, ATCC 700068, CIP 104812, IAM 14579, IFO 16119, LMG 19552, NBRC 16119, NCIMB 13430",1,Brachybacterium tyrofermentans,2893692521,aerobe
2909,AIMA4,"DSM 19884, LMG 24400",1,Brachymonas chironomi,1121116.3,aerobe
,,,,,2518285616,
,,,,,GCA_000374625,
2908,AS-P1,"DSM 15123, JCM 9216, CCUG 45365, CGMCC 1.7100",1,Brachymonas denitrificans,1121117.3,aerobe
,,,,,2599185145,
,,,,,GCA_900110225,
343,LGM 19451,"DSM 13743, LMG 19451, NCIMB 13739, CCUG 47103, RKI 99-01984, CIP 107426",1,Brackiella oedipodis,1121118.3,aerobe
,,,,,2556921113,
,,,,,GCA_000621025,
166188,39S1MB,"LMG 29934, HAMBI 3680",1,Bradyrhizobium amphicarpaeae,2844521893,aerobe
,,,,,GCA_002266435,
1813,"P17Hg1, PL7HG1","DSM 17288, CECT 5829, LMG 21987, NBRC 103048, CCUG 55850",1,Bradyrhizobium betae,244734.9,aerobe
,,,,,2824350403,
,,,,,GCA_008932115,
,,,,,GCA_024806875,
1812,BTA-1,"DSM 16623, ATCC BAA-1002, CFNE 1008, LMG 22265",1,Bradyrhizobium canariense,GCA_019402665,aerobe
133740,,"LMG 26137, HAMBI 3184, CGMCC 1.10947, CCBAU 15774",1,Bradyrhizobium daqingense,2596583556,aerobe
,,,,,993502.3,
,,,,,993502.5,
,,,,,GCA_007830205,
,,,,,GCA_021044685,
133983,"3I1B110, R-12974","IAM 13628, CCRC 13528, NRRL B-4361, NRRL B-4450, TAL 102, BCRC 13528, JCM 10833, TISTR 339, SEMIA 5032, ACCC 15034, CCT 4249, NBRC 14792, CNPSo 46, USDA 110",1,Bradyrhizobium diazoefficiens,GCA_000011365,aerobe
,,,,,GCA_001642675,
166287,"U686, CL 20","USDA 10052, CNPSo 3426",1,Bradyrhizobium frederickii,GCA_004570865,aerobe
133742,,"LMG 26136, CGMCC 1.10948, HAMBI 3180, CCBAU 23303",1,Bradyrhizobium huanghuaihaiense,2596583587,aerobe
,,,,,990078.3,
,,,,,GCA_007830635,
1805,3I1b6,"DSM 30131, ATCC 10324, CCUG 27876, LMG 6138, CECT 530, JCM 20679, BCRC 13518, BCRC 80814, CCTM La 3681, CIP 106093, HAMBI 2314, IAM 12608, ICMP 2864, NBRC 14783, NCIMB 11477, NRRL B-4507, NRRL L-241, NZP 5549, OUT 30002, USDA 505, VKM B-1967",1,Bradyrhizobium japonicum,375.87,aerobe
,,,,,GCA_006539645,
140478,U675,"LMG 30031, BR 6010, CNPSo 1165, SEMIA 6399",1,Bradyrhizobium mercantei,1904807.3,aerobe
,,,,,2876791980,
,,,,,GCA_001982635,
166262,"U687, CL 40","CNPSo 3448, USDA 10051",1,Bradyrhizobium niftali,GCA_004571025,aerobe
1784,S58,"DSM 12412, ATCC 43045, JCM 1494, LMG 10732, NCIMB 12151, CCUG 57401, CCBAU 101025",1,Bradyrhizobium oligotrophicum,1245469.3,aerobe
,,,,,2597489926,
,,,,,GCA_000344805,
168996,85S1MB,"LMG 29937, HAMBI 3684",1,Bradyrhizobium symbiodeficiens,CP029427,aerobe
,,,,,GCA_002266465,
166133,UFLA03-164,LMG 31509,1,Bradyrhizobium uaiense,GCA_010811875,aerobe
132365,2-Jul,"DSM 100297, LMG 28791, NTCCM 0018, DSMZ 100297",1,Bradyrhizobium vignae,1549949.9,aerobe
,,,,,2881665667,
,,,,,GCA_004114425,
4309,,"CCUG 48887, ICMP 12481, ATCC 700181, CIP 104916, DSM 11811, NCPPB 3934, PVFi 20",1,Brenneria alni,2574179710,aerobe
,,,,,2835052945,
,,,,,71656.4,
,,,,,GCA_003666245,
4306,"EN 101, WC1","CCUG 48853, NCPPB 564, CIP 105198, LMG 2694, CFBP 3616, ICMP 1578, DSM 30175, ATCC 13028",1,Brenneria nigrifluens,2574179731,aerobe
,,,,,55210.4,
,,,,,55210.5,
,,,,,GCA_003115835,
,,,,,GCA_005484965,
4308,BS 1027,"DSM 30166, ATCC 15712, EX 2, NCPPB 447, CCUG 48855, CIP 105204, LMG 2698, CFBP 802",1,Brenneria salicis,2506783044,aerobe
,,,,,2770939624,
,,,,,2839726999,
,,,,,714314.6,
,,,,,714314.7,
,,,,,714314.8,
,,,,,GCA_003315515,
,,,,,GCA_003666165,
,,,,,GCA_012932875,
11416,"13, NRS-1219","DSM 6348, ATCC 51663, CCUG 31345, NRRL NRS-1219, LMG 15103, NRS 1219, JCM 9067, CCM 4535, CGMCC 1.3103, CIP 104002, IFO 15538, KCTC 3573, LMG 15598, NBRC 15538",1,Brevibacillus agri,2841283598,aerobe
,,,,,51101.7,
,,,,,51101.8,
,,,,,GCA_003710885,
,,,,,GCA_004117055,
,,,,,GCA_006540025,
11441,PDF25,"DSM 24395, LMG 26289",1,Brevibacillus aydinogluensis,2928297429,aerobe
11421,"B4, NRS-818","DSM 6347, ATCC 51668, CIP 104545, IFO 15714, JCM 9022, NBRC 15714, CCUG 51058, NRRL NRS-818, LMG 16009, NRS 818, CGMCC 1.3102",1,Brevibacillus borstelensis,45462.11,aerobe
,,,,,GCA_003710865,
,,,,,GCA_006540165,
11402,"27B, 604","DSM 30, ATCC 8246, CCM 2050, JCM 2503, LMG 16703, NCIB 9372, NCTC 2611, CCUG 7413, NRS 604, BCRC 14682, CECT 5, CGMCC 1.3098, CIP 52.86, IFO 15304, KCTC 3743, LMG 7123, NBRC 15304, NCIMB 9372, NRRL B-14602, NRRL NRS-604, NRRL NRS-819, VKM B-503, NCDO 1770",1,Brevibacillus brevis,1393.21,aerobe
,,,,,1393.23,
,,,,,2843783720,
,,,,,GCA_003012835,
,,,,,GCA_003385915,
,,,,,GCA_006539845,
,,,,,GCA_900637055,
11440,CJ71,"DSM 23904, JCM 15716, KACC 13381",1,Brevibacillus fluminis,2851217762,aerobe
,,,,,511487.5,
,,,,,GCA_003710825,
11407,"AMNH 797, Ford 29, 797, 314","DSM 25, ATCC 64, CCM 2116, JCM 2496, LMG 16000, NCIB 9367, NCTC 6357, CCUG 7421, ATCC 8248, AMC 797, ATCC 4517, BCRC 10607, CECT 15, CGMCC 1.3097, CIP 52.83, IAM 12465, IFO 15654, KCTC 3313, LMG 15438, LMG 6931, NBRC 15654, NCFB 1763, NCIMB 8213, NCIMB 8214, NCIMB 8215, NCIMB 9367, NCTC 2613, VKM B-499, VKM B-694, VKM B-695, VKM B-696, NCDO 1763",1,Brevibacillus laterosporus,GCA_000374385,aerobe
,,,,,GCA_002706795,
11439,,"DSM 22869, JCM 15085, KCTC 13206, DCY 35",1,Brevibacillus panacihumi,2854289608,aerobe
,,,,,497735.1,
,,,,,GCA_003710985,
1868,,"DSM 18261, CCTCC AB 206112, KCTC 19173, YIM 90718, JCM 15617",1,Brevibacterium album,1121122.3,aerobe
,,,,,2524614662,
,,,,,GCA_000426445,
1834,CMD1,"DSM 20657, ATCC 35513, NCDO 2048, CCUG 29001, JCM 2594, BCRC 12214, CCM 4100, CECT 4161, CGMCC 1.1930, CIP 102111, IFO 14812, IMET 10997, KCTC 3082, KCTC 3085, NBRC 14812, NCIMB 702048, VKM Ac-2114, IAM 2594",1,Brevibacterium casei,1255625.3,aerobe
,,,,,2600255381,
,,,,,33889.2,
,,,,,GCA_900169275,
23808,"2C6-41, 2C6-41N","DSM 27938, JCM 17458, KCTC 19800",1,Brevibacterium daeguense,GCA_021729135,aerobe
130226,SJ5-8,"DSM 29217, JCM 18571, KACC 16911",1,Brevibacterium jeotgali,1262550.4,aerobe
,,,,,2600255371,
,,,,,2806310637,
,,,,,GCA_007828155,
,,,,,GCA_900169175,
1842,"56b, 56-B","DSM 20425, ATCC 9172, NCIB 9909, CCUG 47677, CIP 101125, IMET 11075, JCM 1327, NCIMB 9909, BCRC 10631, CECT 69, CGMCC 1.1890, HAMBI 2038, IAM 12437, IFO 12142, IMSNU 12001, KCTC 9099, LMG 21451, MTCC 268, NBRC 12142, NRRL B-4210, VKM Ac-2112, VTT E-94529",1,Brevibacterium linens,1255617.3,aerobe
,,,,,1255617.4,
,,,,,2600255378,
,,,,,GCA_008868375,
,,,,,GCA_900169165,
1856,CF87,"DSM 15022, CCUG 46604, CIP 108129, JCM 12367, CCM 7149",1,Brevibacterium luteolum,199591.12,aerobe
,,,,,199591.9,
,,,,,2893558195,
,,,,,GCA_013004595,
,,,,,GCA_016907415,
1867,HFW-26,"DSM 18964, JBRI 2001, KCTC 19221, JCM 15618",1,Brevibacterium marinum,2831311770,aerobe
,,,,,418643.3,
,,,,,GCA_011927955,
1848,"E2cr, 669","DSM 9583, ATCC 49030, CCUG 37313, JCM 11682, CIP 104342",1,Brevibacterium mcbrellneri,585530.3,aerobe
,,,,,647000216,
,,,,,GCA_000178455,
1851,"CF62, CF 62","CCUG 45688, DSM 13657, LMG 19814, JCM 11567, ATCC BAA-616, IFM 10521, CIP 107270",1,Brevibacterium paucivorans,170994.6,aerobe
,,,,,2893675053,
,,,,,GCA_016907735,
1843,5401308,"DSM 23039, CCUG 53855, CIP 109422, CSUR P26, JCM 18108",0,Brevibacterium ravenspurgense,1176165.5,aerobe
,,,,,2744054970,
,,,,,GCA_000285915,
,,,,,GCA_001584405,
22937,MB18,"DSM 23676, LMG 25772, JCM 30994",1,Brevibacterium siliguriense,1136497.4,aerobe
,,,,,2634166531,
,,,,,GCA_900105315,
22938,MN-6-a,"DSM 24850, JCM 17779",1,Brevibacterium yomogidense,946573.5,aerobe
,,,,,GCA_016107685,
133971,DC2c-G4,"NBRC 108608, CIP 110457",1,Brevifollis gellanilyticus,2886798102,aerobe
,,,,,748831.3,
,,,,,GCA_007992435,
133873,TAR-001,"JCM 18150, CECT 8073, CIP 110627",1,Brevundimonas abyssalis,1391729.3,aerobe
,,,,,2574180166,
,,,,,GCA_000466985,
2309,CB-R,"DSM 4731, ATCC 15266, CCUG 45020, LMG 18359",1,Brevundimonas aurantiaca,2829751152,aerobe
,,,,,74316.3,
,,,,,GCA_014199955,
2318,EMB102,"DSM 17977, KCTC 12609",1,Brevundimonas aveniformis,1121123.3,aerobe
,,,,,2524614798,
,,,,,GCA_000428765,
2321,J22,"DSM 25335, JCM 15911, KCTC 22177",1,Brevundimonas basaltis,2861358767,aerobe
,,,,,472166.3,
,,,,,GCA_014202075,
2322,,"DSM 24448, CCUG 58273, LMG 25346, MCS 24",1,Brevundimonas halotolerans,2828354178,aerobe
,,,,,69670.5,
,,,,,GCA_014199165,
2319,DS-18,"DSM 23960, JCM 14602, KCTC 12871",1,Brevundimonas lenta,2829867983,aerobe
,,,,,424796.3,
,,,,,GCA_014196335,
166488,NS26,"CGMCC 1.13680, NBRC 113554",1,Brevundimonas lutea,2834791825,aerobe
,,,,,GCA_003704105,
2310,W1-2B,"DSM 14572, GTC 1043, JCM 11415, CGMCC 1.7035, CIP 108442, KCTC 12493",1,Brevundimonas nasdae,172043.4,aerobe
,,,,,2928222302,
,,,,,GCA_016654005,
2305,CB 81,"DSM 4735, ATCC 15264, CCUG 48879, CIP 106453, LMG 14903, IFO 16000, VKM B-1503, KCTC 12442",1,Brevundimonas subvibrioides,633149.4,aerobe
,,,,,648028010,
,,,,,GCA_000144605,
2313,KSL-145,"DSM 17329, JCM 13476, KCTC 12481, CIP 109492",1,Brevundimonas terrae,2828323496,aerobe
,,,,,363631.3,
,,,,,GCA_011761985,
2306,CB 17,"CCUG 48882, CIP 106445, DSM 4737, ATCC 15255, KCTC 12443",1,Brevundimonas variabilis,2829757494,aerobe
,,,,,74312.3,
,,,,,GCA_014199945,
133756,F3,"CGMCC 1.10683, JCM 17426",1,Brevundimonas viscosa,2671180176,aerobe
,,,,,871741.3,
,,,,,GCA_900116065,
6867,SW 26,"DSM 20171, ATCC 11509, NCDO 1676, NCIB 10018, WDCM 00071, CCUG 35132, CCM 4769, CIP 103251, NCIMB 10018, CECT 847, NCTC 10822, LMG 17208",1,Brochothrix thermosphacta,1121126.4,aerobe
,,,,,1121126.5,
,,,,,1121126.7,
,,,,,2556921092,
,,,,,2773858004,
,,,,,GCA_000525935,
,,,,,GCA_000620985,
,,,,,GCA_001715655,
134292,,"BCCN 94-74, NCTC 12891",1,Brucella ceti,520457.4,aerobe
1897,CA-34,"DSM 22292, CCUG 57879",1,Brucella ciceri,391287.4,aerobe
,,,,,GCA_012103155,
133528,"CPAM 6436, BO1",BCCN 09-01,1,Brucella inopinata,2916452272,aerobe
,,,,,470735.4,
,,,,,648276624,
,,,,,GCA_000182725,
134306,,"BCCN 07-01, CAPM 6434, CCM 4915",1,Brucella microti,568815.3,aerobe
,,,,,644736332,
,,,,,GCA_000022745,
1887,,"CCUG 54940, DSM 17471, MTCC 4195, NBRC 102588",1,Brucella oryzae,335286.8,aerobe
,,,,,GCA_012103035,
134291,,"BCCN 94-73, NCTC 12890",1,Brucella pinnipedialis,520461.3,aerobe
,,,,,520461.7,
1896,,"DSM 22207, CCUG 50899",1,Brucella pituitosa,571256.19,aerobe
,,,,,571256.25,
,,,,,GCA_003049685,
,,,,,GCA_008801705,
1884,SCII24,"DSM 13340, NBRC 102585, CCUG 47104, LMG 18957, UCCCB44",1,Brucella tritici,94626.11,aerobe
,,,,,94626.9,
,,,,,GCA_008932295,
,,,,,GCA_012395245,
132528,F60,"DSM 101715, BCCN 09-2",1,Brucella vulpis,GCA_900000005,aerobe
140708,N62,"KCTC 42589, MCCC 1H00117",1,Brumimicrobium aurantiacum,2831584504,aerobe
,,,,,GCA_003402975,
133865,YH207,"KCCM 42331, JCM 14063",1,Brumimicrobium mesophilum,2831912403,aerobe
,,,,,392717.5,
,,,,,GCA_003025005,
159793,LHR20,"KCTC 62372T, MCCC 1H00247",1,Brumimicrobium salinarum,2831918959,aerobe
,,,,,GCA_002844555,
141,,"DSM 22489, LMG 25276, SN 10",1,Bryocella elongata,2684622995,aerobe
,,,,,863522.6,
,,,,,GCA_900108185,
151891,,"CCUG 45121, CEP 0996, LMG 19467",0,Burkholderia ambifaria,GCA_026683795,aerobe
,,,,,GCA_026683835,
1945,"J2863, W92B","ATCC BAA-698, CIP 108228, DSM 16086, CCUG 46047, LMG 20980",1,Burkholderia anthina,179879.2,aerobe
,,,,,179879.31,
,,,,,179879.36,
,,,,,GCA_016836725,
,,,,,GCA_902498995,
,,,,,GCA_902830395,
1983,"ES0263A, ES0263AT","DSM 23435, CCUG 54561, LMG 24066, CIP 110772",1,Burkholderia arboris,488730.9,aerobe
,,,,,GCA_902499125,
1989,J2956,"DSM 22706, CCUG 55526, LMG 23361",1,Burkholderia contaminans,1334628.9,aerobe
,,,,,2681812996,
,,,,,2916563313,
,,,,,488447.1,
,,,,,GCA_000987075,
,,,,,GCA_001758385,
,,,,,GCA_029633825,
1984,"AU1075, O85","DSM 23434, CCUG 54558, LMG 24065",1,Burkholderia diffusa,488732.25,aerobe
,,,,,488732.29,
,,,,,488732.34,
,,,,,GCA_008802145,
,,,,,GCA_016836765,
,,,,,GCA_902499115,
1947,"AU0645, R-5670","DSM 16088, CCUG 47727, LMG 18943, CIP 108406",1,Burkholderia dolosa,152500.12,aerobe
,,,,,152500.3,
,,,,,152500.41,
,,,,,152500.52,
,,,,,152500.66,
,,,,,GCA_902499135,
1949,"PC534, R-3207","DSM 26123, CCUG 45123, LMG 18942",0,Burkholderia dolosa,152500.54,aerobe
,,,,,152500.67,
1950,"PC688, R-3073","DSM 26124, CCUG 45124, LMG 18944",0,Burkholderia dolosa,152500.55,aerobe
,,,,,152500.68,
1911,PM 107,"DSM 4285, ATCC 10248, CIP 105410, ICPB PM 107, IFO 13700, NBRC 13700, NCPPB 1891, NRRL B-793, PDDCC 3950, CCUG 1782, LMG 2216, ICMP 3950",1,Burkholderia gladioli,1218079.3,aerobe
,,,,,2600255057,
,,,,,2639762983,
,,,,,28095.12,
,,,,,28095.22,
,,,,,28095.23,
,,,,,28095.24,
,,,,,GCA_000739755,
,,,,,GCA_000959725,
1990,"383, 61","DSM 23089, ATCC 17760, CCUG 55525, LMG 22485, CIP 110773, CCUG 5856, LMG 6991, NCIB 9086",1,Burkholderia lata,GCA_000012945,aerobe
154612,,"CCUG 54572, NRRL B-2320, ATCC 17460, LMG 6863",0,Burkholderia lata,482957.56,aerobe
,,,,,GCA_902499055,
1985,,"DSM 23436, CCUG 54555, LMG 24064, FIRENZE 3",1,Burkholderia latens,488446.1,aerobe
,,,,,488446.8,
,,,,,GCA_008802135,
,,,,,GCA_902499045,
1986,AU0553,"DSM 23519, CCUG 54567, LMG 24068",1,Burkholderia metallica,488729.11,aerobe
,,,,,488729.16,
,,,,,GCA_902499065,
,,,,,GCA_902832845,
1941,Cepa 002,"DSM 13243, CIP 105495, LMG 13010, NCTC 13007, CCUG 34080, CCM 4863",1,Burkholderia multivorans,2916581165,aerobe
,,,,,87883.262,
,,,,,GCA_900446205,
1974,C6786,"DSM 21774, CCUG 51349, CIP 110344, LMG 23618, NCTC 13387, LMG 23678",1,Burkholderia oklahomensis,2627853643,aerobe
,,,,,2814123269,
,,,,,342113.5,
,,,,,342113.7,
,,,,,441162.1,
,,,,,441162.11,
,,,,,441162.12,
,,,,,641736121,
,,,,,GCA_000170375,
,,,,,GCA_000959365,
132920,"LiPuma AU3207, Vandamme R-48990","DSM 105103, CCUG 62895, LMG 26883",1,Burkholderia pseudomultivorans,1207504.16,aerobe
,,,,,GCA_902499075,
139753,HST 245,"DSM 103137, LMG 29660, Campa 1040",1,Burkholderia puraquae,1904757.4,aerobe
,,,,,GCA_902859845,
1938,2327,"DSM 10685, ATCC 15958, CCUG 41877, NCIMB 13695, LMG 14191, CIP 105874, CCRC 14939, CFBP 4794",1,Burkholderia pyrrocinia,2630968762,aerobe
,,,,,60550.16,
,,,,,60550.39,
,,,,,60550.9,
,,,,,GCA_001028665,
,,,,,GCA_902832895,
1987,AU0475,"DSM 23518, CCUG 54564, LMG 24067",1,Burkholderia seminalis,1108969.3,aerobe
,,,,,488731.17,
,,,,,GCA_902499165,
,,,,,GCA_902832885,
156823,,"CCUG 65685, LMG 28154",1,Burkholderia singularis,1503053.3,aerobe
,,,,,GCA_900176645,
156824,"MSMB050, FC1737, R-52236","CCUG 65686, LMG 28156, DSM 107635",1,Burkholderia stagnalis,1503054.108,aerobe
,,,,,1503054.11,
,,,,,1503054.111,
,,,,,GCA_008802125,
,,,,,GCA_902499155,
,,,,,GCA_902830275,
156825,"MSMB110, R-52241","CCUG 65687, LMG 28158, DSM 107636, CCUG 6568",1,Burkholderia territorii,1503055.39,aerobe
,,,,,1503055.46,
,,,,,1503055.47,
,,,,,1503055.48,
,,,,,GCA_008802115,
,,,,,GCA_016836745,
,,,,,GCA_902499035,
,,,,,GCA_902833055,
1942,E264,"CCUG 48851, CIP 106301, DSM 13276, ATCC 700388",1,Burkholderia thailandensis,271848.56,aerobe
,,,,,271848.6,
,,,,,271848.8,
,,,,,2900857987,
,,,,,441164.8,
,,,,,637000052,
,,,,,645058826,
,,,,,GCA_000012365,
,,,,,GCA_000152285,
,,,,,GCA_003568605,
1964,EY 3383,"DSM 17311, CCUG 48852, CIP 107078, NCTC 13147, LMG 20358",1,Burkholderia ubonensis,101571.35,aerobe
,,,,,101571.351,
,,,,,GCA_902499185,
,,,,,GCA_902833085,
1939,TVV75,"CCUG 34169, DSM 11319, LMG 10929, JCM 10562, ATCC BAA-248, CCM 4901, CIP 105875, KCTC 2974, NCIMB 13446, CFBP 4796",1,Burkholderia vietnamiensis,1449978.3,aerobe
,,,,,1449978.4,
,,,,,2582581767,
,,,,,2636415515,
,,,,,60552.132,
,,,,,60552.136,
,,,,,60552.154,
,,,,,60552.174,
,,,,,60552.72,
,,,,,GCA_000959445,
4316,S1/6-571,"DSM 9396, ATCC 51605, CCM 4876, CCUG 35509, CIP 106477, CDC 9510-94",1,Buttiauxella brennerae,1354251.4,aerobe
,,,,,2791354934,
,,,,,GCA_001654925,
4314,S1/1-984,"CCUG 35508, DSM 9393, ATCC 51604, CCM 4875, CIP 106356, CDC 9509-94",1,Buttiauxella gaviniae,1354253.4,aerobe
,,,,,2791354933,
,,,,,GCA_001654835,
4317,S3/2-161,"CCUG 35510, DSM 9397, ATCC 51606, CCM 4877, CIP 106357, CDC 9511-94",1,Buttiauxella izardii,2835010371,aerobe
,,,,,82991.3,
,,,,,GCA_003601925,
4318,EG 59-like NSW 11,"DSM 9401, ATCC 51607, CCUG 35511, CCM 4864, CIP 106358, CDC 9512-94",1,Buttiauxella noackiae,1354255.3,aerobe
,,,,,2791354922,
,,,,,GCA_001654865,
156909,,CCUG 66741,0,Scandinavium goeteborgense,1851514.3,aerobe
,,,,,2883423733,
,,,,,GCA_003935895,
4319,EG 59-like NSW 326,"CCUG 35512, DSM 9404, ATCC 51608, CCM 4878, CIP 106359, CDC 9513-94, NSW 326",1,Buttiauxella warmboldiae,2835230308,aerobe
,,,,,82993.3,
,,,,,GCA_003818135,
141015,R-52627,"CCUG 68405, LMG 29324, CIP 111007",1,Caballeronia arationis,2724679462,aerobe
,,,,,36773.3,
,,,,,GCA_001544975,
141016,"R-50208, MAN34","LMG 29317, CCUG 68412, CIP 111001",1,Caballeronia arvi,2724679466,aerobe
,,,,,36773.24,
,,,,,GCA_001544695,
141017,R-51042,"LMG 29321, CCUG 68408, CIP 111005",1,Caballeronia calidae,2713896997,aerobe
,,,,,36773.46,
,,,,,GCA_900044055,
141018,R-50699,"LMG 29318, CCUG 68411, CIP 111002",1,Caballeronia catudaia,2724679461,aerobe
,,,,,36773.25,
,,,,,GCA_001544755,
156584,,"CCUG 63063, LMG 22940",1,Caballeronia choica,2724679467,aerobe
,,,,,326476.3,
,,,,,GCA_001544535,
141019,"AU12121, R-46585","LMG 29315, CCUG 68414, CIP 110999",1,Caballeronia concitans,2724679455,aerobe
,,,,,36773.22,
,,,,,GCA_001544615,
156716,,"CCUG 64368, LMG 27620",1,Caballeronia cordobensis,1353886.4,aerobe
,,,,,1353886.5,
,,,,,2654587650,
,,,,,2724679457,
,,,,,GCA_001278535,
,,,,,GCA_001544575,
141020,R-50722,"LMG 29320, CCUG 68409, CIP 111004",1,Caballeronia fortuita,2713896992,aerobe
,,,,,36773.27,
,,,,,GCA_001544835,
1915,"N 15, N15","DSM 50014, ATCC 29195, CIP 105421, CCUG 7431, CCM 2742, LMG 14190, JCM 10563, BCRC 13900, CFBP 4791, KCTC 2968",1,Caballeronia glathei,2630968591,aerobe
,,,,,2636416141,
,,,,,60547.5,
,,,,,60547.6,
,,,,,GCA_000698595,
,,,,,GCA_000751215,
141021,R-52631,"LMG 29325, CCUG 68404, CIP 111008",1,Caballeronia glebae,2724679464,aerobe
,,,,,36773.31,
,,,,,GCA_001545035,
22942,R27,"DSM 25160, CGMCC 1.11013, LMG 27580",1,Caballeronia grimmiae,1071679.6,aerobe
,,,,,2609460223,
,,,,,GCA_000698555,
,,,,,GCA_014636375,
133975,,"CCUG 63059, LMG 22934",1,Caballeronia humi,2724679456,aerobe
,,,,,326474.3,
,,,,,GCA_001544475,
141022,R-52609,"LMG 29322, CCUG 68407, CIP 111006",1,Caballeronia hypogeia,2713896993,aerobe
,,,,,36773.28,
,,,,,GCA_001544875,
159714,RPE64,"NCIMB 15023, JCM 31142",1,Caballeronia insecticola,2597489944,aerobe
,,,,,2773857905,
,,,,,GCA_000402035,
141023,R-52612,"LMG 29323, CCUG 68406, CIP 110996",1,Caballeronia pedi,2724679460,aerobe
,,,,,36773.29,
,,,,,GCA_001544915,
141024,"NF100, R-16348","LMG 29314, CCUG 68415, CIP 110998",1,Caballeronia peredens,2724679463,aerobe
,,,,,36773.21,
,,,,,GCA_001544595,
141025,R-52634,"LMG 29326, CCUG 68403, CIP 110997",1,Caballeronia ptereochthonis,2724679459,aerobe
,,,,,36773.32,
,,,,,GCA_001545075,
1962,"BL 011226, S5-B","DSM 17212, CCUG 49583, JCM 11778, KCTC 12081, CIP 108192, LMG 22029",1,Caballeronia sordidicola,196367.6,aerobe
,,,,,2713896994,
,,,,,GCA_001544455,
133976,,"CCUG 63060, LMG 22936",1,Caballeronia telluris,2724679458,aerobe
,,,,,326475.3,
,,,,,GCA_001544495,
141026,R-50715,"LMG 29319, CCUG 68410, CIP 111003",1,Caballeronia temeraria,2713896995,aerobe
,,,,,36773.26,
,,,,,GCA_001544795,
141027,"R-46587, HI4065","LMG 29316, CCUG 68413, CIP 111000",1,Caballeronia turbans,2744054952,aerobe
,,,,,36773.23,
,,,,,GCA_001544655,
156583,,"CCUG 63061, LMG 27134",1,Caballeronia udeis,1232866.3,aerobe
,,,,,2713896996,
,,,,,GCA_001544555,
132575,B157,"DSM 101100, NBRC 111400",1,Caenibacillus caldisaponilyticus,2786546902,aerobe
,,,,,GCA_002003465,
14151,ARi-1,"DSM 16702, ATCC BAA-531, IFO 16725, JCM 11434, NBRC 16725, CCUG 56307, CIP 107959, KCTC 12110",1,Caenibius tardaugens,1219035.3,aerobe
,,,,,1219035.9,
,,,,,2600255065,
,,,,,GCA_000466945,
,,,,,GCA_003860345,
3027,EMB320,"DSM 17982, KCTC 12616",1,Caenimonas koreensis,1121255.3,aerobe
,,,,,2574179763,
,,,,,GCA_009646335,
1222,AM-001,"DSM 16130, JCM 10596, CIP 109019",1,Caldalkalibacillus mannanilyticus,1236954.3,aerobe
,,,,,2565956590,
,,,,,GCA_000615945,
134179,HA6,"CGMCC 1.4242, JCM 13486",1,Caldalkalibacillus thermarum,296745.3,aerobe
,,,,,GCA_014644735,
1498,JW/WZ-YB58,"DSM 17740, ATCC BAA-1258",1,Caldalkalibacillus uzonensis,2926604688,aerobe
1324,Tf,DSM 16016,1,Caldibacillus debilis,1121917.3,aerobe
,,,,,2515154121,
,,,,,GCA_000383875,
1562,YMO81,"DSM 45223, ATCC BAA-1462, JCM 14719, FERM P-18598",1,Calditerricola satsumensis,1294024.6,aerobe
,,,,,2728369700,
,,,,,373054.3,
,,,,,GCA_001311905,
,,,,,GCA_014646935,
158567,,"KCTC 52714, CGMCC 1.16330, YIM 72346",1,Caldovatus sediminis,2041189.3,aerobe
,,,,,GCA_014644455,
1674,M 2040,"DSM 22958, CCM 7696, CCUG 58638",1,Camelimonas lactis,2799112273,aerobe
,,,,,659006.3,
,,,,,GCA_004342915,
149766,,CCUG 38354,0,Capnocytophaga canimorsus,1848903.8,aerobe
,,,,,GCA_013276265,
158815,JR1,"MCCC 1K03323, KCTC 52869",1,Carboxylicivirga sediminis,GCA_018156225,aerobe
164552,SCR17,"JCM 33426, MCCC 1K03732",1,Carideicomes alvinocaridis,GCA_005473895,aerobe
,,,,,SRJI00000000,
2266,pf4,"DSM 5972, ACAM 313, ATCC 49837, CCUG 34643, IFO 15548, CIP 105796",1,Carnobacterium alterfunditum,1449335.3,aerobe
,,,,,2574179752,
,,,,,GCA_000744115,
2255,"MT44, MT 44","DSM 4847, ATCC 49517, NCFB 2766, CCUG 30095, CCM 4114, LMG 9841, CIP 103160, JCM 12517, CECT 5958, NCCB 91132, NCIMB 12848, NRRL B-14832",1,Carnobacterium gallinarum,1449338.3,aerobe
,,,,,2576861831,
,,,,,GCA_000744375,
2258,"MX 5, MX5","DSM 20342, ATCC 27865, CCUG 30142, LMG 6903, JCM 1154, BCRC 14054, CECT 4134, CIP 103135, KCTC 3602, NCFB 2382, NCIMB 11966, NRIC 1691, NRRL B-14852, NCDO 2382",1,Carnobacterium maltaromaticum,1449341.3,aerobe
,,,,,1449341.4,
,,,,,2579778520,
,,,,,2700989263,
,,,,,GCA_000744945,
,,,,,GCA_001437315,
346,"54Pin, 54 Pin","DSM 12141, CCUG 39790, CIP 105602, LMG 18538",1,Castellaniella defragrans,2861677110,aerobe
,,,,,75697.1,
,,,,,75697.11,
,,,,,GCA_008801975,
,,,,,GCA_014203015,
344,65Phen,"CCUG 39792, DSM 12143, CIP 105603",0,Castellaniella defragrans,1437824.5,aerobe
,,,,,2619619095,
,,,,,GCA_000612685,
7856,2-70(23),"DSM 44899, JCM 12949, NBRC 107357, CGMCC 4.5498, CIP 109161",1,Catellatospora bangladeshensis,310355.3,aerobe
,,,,,GCA_016862575,
7857,2-25(1),"DSM 44900, JCM 12950, NBRC 107358, CGMCC 4.5499, CIP 109162",1,Catellatospora chokoriensis,310353.4,aerobe
,,,,,GCA_011297315,
,,,,,GCA_016862595,
7858,2-29(17),"DSM 44901, JCM 12951, NBRC 107359, CIP 109163",1,Catellatospora coxensis,310354.3,aerobe
,,,,,GCA_016862635,
17636,ID 139908,"DSM 44928, NRRL B-24433, JCM 14897, BCRC 16841, CIP 109381, NBRC 102108",1,Catenulispora acidiphila,479433.5,aerobe
,,,,,644736339,
,,,,,GCA_000024025,
17637,Aac-30,"DSM 44948, JCM 16000, NBRC 101179",1,Catenulispora rubra,280293.3,aerobe
,,,,,GCA_015356825,
166388,Pan44,"DSM 29405, LMG 29788",1,Caulifigura coniformis,GCA_007745175,aerobe
2326,CB 4,"DSM 4730, ATCC 15253, CCUG 49339, LMG 18392, CIP 106446",1,Caulobacter henricii,69395.1,aerobe
,,,,,69395.9,
140721,THG-AG3.4,"KACC 18849, CCTCC AB 2016077, CCUG 72326",0,Caulobacter hibisci,2035993.3,aerobe
,,,,,GCA_016135805,
140608,7F14,"CGMCC 1.15915, KCTC 52515",1,Caulobacter rhizosphaerae,2010972.4,aerobe
,,,,,GCA_010977555,
,,,,,GCA_014645055,
24724,RQ-33,"DSM 21411, LMG 24596",1,Cecembia calidifontis,1187080.3,aerobe
,,,,,2814123038,
,,,,,GCA_004216715,
133802,LW9,"CCUG 58316, KCTC 22772",1,Cecembia lonarensis,1225176.3,aerobe
,,,,,2519899594,
,,,,,GCA_000298295,
4320,"005, 3278-77","DSM 4568, ATCC 33431, CDC 3278-77, CIP 80.34, CCUG 12370, JCM 1685, BCRC 14815, CECT 842, LMG 7862, NBRC 105702, NCIMB 11889, NCTC 13724, NCTC 11465",1,Cedecea davisae,158484.3,aerobe
,,,,,2541046972,
,,,,,2808606631,
,,,,,566551.4,
,,,,,GCA_000412335,
,,,,,GCA_900446735,
23239,L-6,"DSM 27375, CCUG 60799, KCTC 23497",1,Celeribacter baekdonensis,2616644820,aerobe
,,,,,875171.3,
,,,,,GCA_900102315,
13861,ZXM137,"DSM 26270, CGMCC 1.8891, LMG 24854",1,Celeribacter halophilus,2593339274,aerobe
,,,,,2617270905,
,,,,,2728369168,
,,,,,576117.6,
,,,,,576117.7,
,,,,,GCA_001550085,
,,,,,GCA_003254175,
,,,,,GCA_900114135,
140857,SBU1,"MCCC 1A00672, DSM 100434",1,Celeribacter persicus,1651082.3,aerobe
,,,,,2734482187,
,,,,,GCA_003050785,
2373,5420S-23,"DSM 18649, KACC 20692, JCM 16376, NBRC 106308, CIP 110191",1,Cellulomonas aerilata,515326.3,aerobe
,,,,,GCA_007991755,
2350,"127, NRS-127","DSM 20112, ATCC 486, NCDO 1654, NCIB 8077, CCUG 58054, JCM 1340, LMG 16695, CIP 82.11, NCIMB 8077, BCRC 14864, CFBP 4269, CGMCC 1.1899, IAM 12106, IFM 10509, IFO 12680, IMET 10473, KCCM 40760, KCTC 1370, NBRC 12680, NCAIM B.01385, VKM Ac-1410, NCTC 10823",1,Cellulomonas biazotea,1709.6,aerobe
,,,,,2865143354,
,,,,,GCA_004306155,
2375,T26,"DSM 26485, CCTCC AB 2010450, CGMCC 1.10786, KCTC 19824, JCM 19664, NBRC 110798",1,Cellulomonas carbonis,1386092.3,aerobe
,,,,,2636415627,
,,,,,947969.5,
,,,,,GCA_000767175,
,,,,,GCA_014636275,
2372,XBU-b,"DSM 17922, KCTC 19133, JCM 16927, NBRC 110799",1,Cellulomonas chitinilytica,1305865.3,aerobe
,,,,,2734481976,
,,,,,398759.3,
,,,,,GCA_001314205,
,,,,,GCA_016862675,
2371,TR7-06,"DSM 25222, JCM 14898, KCTC 19030, NBRC 100758",1,Cellulomonas composti,1305857.3,aerobe
,,,,,266130.4,
,,,,,2734481969,
,,,,,GCA_001314045,
,,,,,GCA_007990245,
2352,"133, NRS-133","DSM 20113, ATCC 484, NCIB 8980, NCTC 7547, CCUG 24087, JCM 1341, BCRC 14867, CECT 4283, CFBP 4254, CGMCC 1.1900, CIP 102114, HAMBI 93, IAM 12107, IFO 15513, IMET 10687, KCTC 1436, LMG 16345, NBRC 15513, NCAIM B.01386, NCCB 29016, NCIMB 11341, NCIMB 8980, VKM Ac-1411, VTT E-93020",1,Cellulomonas fimi,1708.3,aerobe
,,,,,2505679089,
,,,,,590998.5,
,,,,,GCA_000212695,
,,,,,GCA_900637695,
2354,"134, NRS-134","DSM 20109, ATCC 482, CCM 1926, NCIB 8073, CCUG 28996, JCM 18109, BCRC 11376, BUCSAV 180, CCUG 12162, CFBP 4223, CGMCC 1.1914, CIP 82.10, IAM 12109, IFO 3754, IFO 3775, IMET 10357, IMSNU 21278, JCM 1489, JCM 20412, KCCM 21192, KCTC 1038, KCTC 9104, LMG 16263, NBRC 3754, NBRC 3775, NCAIM B.01383, NCIMB 8073, PCM 2333, VKM Ac-1137, CCUG 23578",1,Cellulomonas flavigena,446466.7,aerobe
,,,,,646564520,
,,,,,GCA_000092865,
2359,PSU-16S,"DSM 14368, ATCC 25174, CCUG 35596, NRRL B-3752, JCM 11945, CIP 104614, NCIMB 10802, PCM 2416",1,Cellulomonas humilata,144055.3,aerobe
,,,,,GCA_013359775,
2376,Kc5,"DSM 24482, JCM 17534, NBRC 109435",1,Cellulomonas oligotrophica,2844845222,aerobe
,,,,,931536.3,
,,,,,931536.4,
,,,,,931536.5,
,,,,,GCA_006386485,
,,,,,GCA_013409875,
,,,,,GCA_016862735,
23833,,"DSM 24792, JCM 18755, KCTC 19798, NCCP 11, NBRC 110800",1,Cellulomonas pakistanensis,2734481991,aerobe
,,,,,992287.3,
,,,,,992287.4,
,,,,,GCA_001315505,
,,,,,GCA_016862755,
164249,NEAU-TCZ24,"JCM 32383, CCTCC AA 2018042",1,Cellulomonas rhizosphaerae,2866408650,aerobe
,,,,,GCA_003470205,
2377,Kc1,"DSM 24484, JCM 17535, NBRC 109434",1,Cellulomonas soli,2831319000,aerobe
,,,,,931535.3,
,,,,,931535.4,
,,,,,GCA_007992535,
,,,,,GCA_013409305,
159213,,"DSM 105430, KCTC 39974, CPCC 204705",1,Cellulomonas telluris,2306636.3,aerobe
,,,,,2898550215,
,,,,,GCA_004886325,
,,,,,QXFN00000000,
2370,"DB 5, DB5","DSM 17791, KCTC 19081, NBRC 100819, JCM 14899, CIP 108880",1,Cellulomonas terrae,1305858.3,aerobe
,,,,,2734481970,
,,,,,311234.4,
,,,,,GCA_001314065,
,,,,,GCA_007990265,
2368,"XIL11, CIL11","DSM 16933, CECT 5729, LMG 21723, JCM 14281, CIP 108340, NBRC 101102",1,Cellulomonas xylanilytica,1305856.3,aerobe
,,,,,233583.3,
,,,,,2681813035,
,,,,,GCA_001314025,
,,,,,GCA_007989805,
5500,IC166,"DSM 14237, ACAM 630, CIP 107446, LMG 21425",1,Cellulophaga algicola,649633031,aerobe
,,,,,688270.3,
,,,,,GCA_000186265,
5501,NN015840,"DSM 24729, ATCC 700862, CIP 106307, LMG 18535, NCIMB 13610",1,Cellulophaga baltica,2622736528,aerobe
,,,,,76594.4,
,,,,,GCA_900102165,
5499,"LIM -21, LIM 21","DSM 7489, ATCC 23178, IAM 14306, Cy l20, JCM 8516, CECT 5014, CIP 103822, IFO 14961, KCTC 2913, KCTC 2914, LMG 1344, LMG 8371, NBRC 14961, NCIMB 1423, VKM B-1433, DSM 2039, LMG 14961",1,Cellulophaga lytica,649633032,aerobe
,,,,,867900.3,
,,,,,GCA_000190595,
5503,EM41,"DSM 21164, KCTC 22297",1,Cellulophaga tyrosinoxydans,2595698249,aerobe
,,,,,504486.3,
,,,,,GCA_900176415,
12581,"C8821, W6122","DSM 16025, ATCC BAA-886, CCUG 50705, JCM 14302, CIP 108915, NBRC 104118, VTT E-072700",1,Cellulosimicrobium funkei,1349761.3,aerobe
,,,,,264251.7,
,,,,,2731957606,
,,,,,GCA_001570825,
,,,,,GCA_004519295,
12582,DS-61,"DSM 18665, KCTC 19206, JCM 15619, NBRC 106259",1,Cellulosimicrobium terreum,412439.4,aerobe
,,,,,412439.6,
,,,,,GCA_004114655,
,,,,,GCA_014803435,
1325,BLxT,"DSM 15825, IAM 15044, JCM 21507, KCTC 3815",1,Cerasibacillus quisquiliarum,227865.7,aerobe
,,,,,2861570626,
,,,,,GCA_014202495,
134262,YM26-026,"MBIC 082805, KCTC 12870, CIP 109746, MBIC 08280",1,Cerasicoccus arenae,424488.3,aerobe
,,,,,424488.4,
,,,,,GCA_014651635,
,,,,,GCA_016595555,
13656,JA139,"DSM 18774, CCUG 53722, JCM 14338, BCRC 80280, KCTC 5728",1,Cereibacter changlensis,1188249.3,aerobe
,,,,,2593339283,
,,,,,402884.4,
,,,,,GCA_003034985,
,,,,,GCA_003254335,
166151,PRB40,"MCC 3406, GDMCC 1.1197, KCTC 52678, LMG 29985",1,Chakrabartia godavariana,GCA_005518185,aerobe
158533,SM1355,"JCM 30336, CCTCC AB 2014246",1,Changchengzhania lutea,2883400621,aerobe
,,,,,GCA_006974145,
132550,RB-25,"DSM 28811, LMG 28304",1,Chania multitudinisentens,2558860259,aerobe
,,,,,2576861238,
,,,,,GCA_000520015,
,,,,,GCA_000568195,
11897,,"DSM 9103, VKM B-2394",1,Chelativorans multitrophicus,449973.3,aerobe
,,,,,GCA_011317445,
133437,LPM-4,"VKM B-2395, DSM 19276",0,Chelativorans multitrophicus,GCA_011317505,aerobe
131683,EBR-4-1,"DSM 103737, JCM 30181, KCTC 32487",1,Chelatococcus caeni,1348468.3,aerobe
,,,,,2830007530,
,,,,,GCA_014196925,
133219,B2974,"DSM 105737, JCM 30308, CGMCC 1.12919",1,Chelatococcus reniformis,1494448.3,aerobe
,,,,,GCA_014640075,
11756,1662,"DSM 21392, CCUG 55632, CIP 110019",1,Chelonobacter oris,2627854067,aerobe
,,,,,505317.4,
,,,,,GCA_000772535,
166177,YPA3-1-1,"MCCC 1A14042, KCTC 43019",1,Chengkuizengella marina,2507566.3,aerobe
,,,,,GCA_009910845,
140684,J15A17,"KCTC 33759, MCCC 1H00137",1,Chengkuizengella sediminis,1885917.4,aerobe
,,,,,GCA_010078385,
24683,CC-YHH031,"DSM 24163, BCRC 80273, JCM 17639, CECT 9202, DSM 24137",1,Chiayiivirga flava,2861615426,aerobe
,,,,,659595.3,
,,,,,GCA_014202825,
133181,STM-7,"BCRC 80923, LMG 29289, KCTC 42982, DSM 107335",1,Chitinibacter fontanus,2927923272,aerobe
,,,,,GCA_013423785,
10447,S1,"DSM 15459, BCRC 17254, CIP 108626, BCRC 17254 (S1)",1,Chitinibacter tainanensis,1121274.4,aerobe
,,,,,2524614843,
,,,,,GCA_000429785,
166466,T22,"ACCC 60125, KCTC 62518",1,Chitinophaga alhagiae,2840677318,aerobe
,,,,,2896085136,
,,,,,GCA_003177275,
,,,,,GCA_003568665,
159860,13,"CICC 24262, KCTC 62265",1,Chitinophaga caeni,GCA_002557795,aerobe
17747,M1-09,"DSM 18108, KCTC 12654, Gsoil 040",1,Chitinophaga ginsengisegetis,2595698247,aerobe
,,,,,393003.3,
,,,,,GCA_900168065,
17746,M1-22,"DSM 18107, KCTC 12592, Gsoil 052",1,Chitinophaga ginsengisoli,2728369473,aerobe
,,,,,363837.3,
,,,,,GCA_003014595,
166525,ZY74,"CCTCC AB 2018369, KCTC 72039",1,Chitinophaga lutea,2843493113,aerobe
,,,,,GCA_003813775,
17750,JS13-10,"DSM 24787, JCM 15440, KACC 12952, NBRC 106412, UCCCB101",1,Chitinophaga niabensis,2636416022,aerobe
,,,,,536979.4,
,,,,,GCA_900129465,
17751,JS16-4,"DSM 24859, JCM 15441, KACC 12954",1,Chitinophaga niastensis,2728369470,aerobe
,,,,,536980.3,
,,,,,GCA_003014755,
133769,YC7001,"KACC 14533, JCM 16595, NBRC 109756",1,Chitinophaga oryziterrae,1031224.3,aerobe
,,,,,GCA_009758125,
159794,LY-1,"CCTCC AB 2018018, KCTC 62444",1,Chitinophaga parva,2882451716,aerobe
,,,,,GCA_003071345,
140710,T16R-86,"KACC 18790, JCM 31600",1,Chitinophaga rhizosphaerae,2883068021,aerobe
,,,,,GCA_003958645,
17752,CS5-B1,"DSM 21039, KCTC 22170",1,Chitinophaga rupis,2622736599,aerobe
,,,,,573321.3,
,,,,,GCA_900109685,
140711,TFL-3,"ACCC 19966, KCTC 52590",1,Chitinophaga sedimenti,GCA_023156195,aerobe
166453,K20C18050901,"GDMCC 1.1411, KCTC 62860",1,Chitinophaga silvisoli,2291814.3,aerobe
,,,,,2839167154,
,,,,,GCA_003412465,
17748,"CC SG-1B, CC-SG1B","DSM 23857, CCUG 52510, CIP 109140",1,Chitinophaga skermanii,2593339293,aerobe
,,,,,331697.3,
,,,,,GCA_003259335,
17749,KP01,"DSM 23920, KCTC 12836, LMG 24015, CIP 109744",1,Chitinophaga terrae,2599185217,aerobe
,,,,,408074.3,
,,,,,GCA_900107795,
159706,10-7W-9003,"GDMCC 1.1252, KACC 19415, KCTC 52926",1,Chitinophaga varians,2202339.7,aerobe
,,,,,GCA_014529945,
133098,isl-2,"DSM 29225, JCM 30533, VKM B-2978",1,Chloroflexus islandicus,2775507287,aerobe
,,,,,GCA_001650695,
10453,CC-SEYA-1,"DSM 19852, BCRC 17769, CCUG 55175",1,Chromobacterium aquaticum,GCA_021129195,aerobe
10452,,"DSM 19808, CCUG 53230, JCM 14163, MDA 0585",1,Chromobacterium haemolyticum,1121283.3,aerobe
,,,,,2565956523,
,,,,,GCA_000711885,
10454,,"DSM 23278, CCM 3329, LMG 3947, CCUG 30097",1,Chromobacterium piscinae,GCA_021129175,aerobe
10451,PRAA4-1,"DSM 17043, NRRL B-30655",1,Chromobacterium subtsugae,2843400765,aerobe
,,,,,GCA_001676875,
23150,MWU205,"DSM 25150, ATCC BAA-2314",1,Chromobacterium vaccinii,2630968526,aerobe
,,,,,GCA_000971335,
10455,strain Lewitus,"DSM 23279, CCM 2076, LMG 3953, NCIB 8182, NCTC 8182",0,Chromobacterium violaceum,2846011027,aerobe
,,,,,686830.3,
,,,,,GCA_001953795,
134283,43,"CECT 7219, CCM 7416",1,Chromohalobacter japonicus,GCA_023061175,aerobe
6001,"4N, LTS-4N","DSM 14323, CECT 5315",1,Chromohalobacter nigrandesensis,GCA_023061285,aerobe
6000,LV4,"DSM 15547, ATCC BAA-761, CCUG 47987, CIP 108589",1,Chromohalobacter sarecensis,GCA_023061135,aerobe
134065,KM,"ATCC BAA-2160, NRRL B-59516, KCTC 23297",1,Chryseobacterium angstadtii,2645727576,aerobe
,,,,,GCA_001045465,
5675,"AT 1013, AT1013","DSM 17047, IMSNU 14040, JCM 12381, KCTC 12225, CIP 108669",1,Chryseobacterium antarcticum,266748.16,aerobe
,,,,,2687453776,
,,,,,GCA_900109615,
133494,NF 1366,"CCUG 52764, CIP 109762",1,Chryseobacterium anthropi,GCA_020480345,aerobe
134323,"Oct-46, 10-46","KCTC 12483, CECT 7302",1,Chryseobacterium aquaticum,2713896886,aerobe
,,,,,452084.6,
,,,,,GCA_001420285,
23025,CC-VM-7,"DSM 25208, CCM 7645, CCUG 57618, CIP 110186, DSM 22218",1,Chryseobacterium arthrosphaerae,2751185876,aerobe
,,,,,GCA_001684965,
159792,F30,"KCTC 62135, MCCC 1K03457",1,Chryseobacterium aurantiacum,2871694252,aerobe
,,,,,GCA_003020585,
164468,17S1E7,"JCM 33165, KACC 19920",1,Chryseobacterium aureum,2859292163,aerobe
,,,,,GCA_003971235,
134062,CDCG229,"CCUG 60564, NCTC 13530",1,Chryseobacterium bernardetii,2797638.3,aerobe
167682,lm2,"KCTC 72529, CCTCC AB 2019126",1,Chryseobacterium binzhouense,GCA_007474545,aerobe
,,,,,VKOG00000000,
5741,HM0024,"DSM 22323, CECT 7503, KCTC 22689",1,Chryseobacterium buanense,2595698221,aerobe
,,,,,619805.3,
,,,,,GCA_900167905,
5681,N4,"DSM 17710, CCBAU 10201, CIP 109625, KCTC 12506",1,Chryseobacterium caeni,1121285.4,aerobe
,,,,,2524614876,
,,,,,GCA_000426465,
168572,JC507,"MCC 4072, NBRC 113872, KCTC 52928",1,Chryseobacterium candidae,GCA_004916905,aerobe
,,,,,SDLV00000000,
24038,9_R23581,"DSM 25581, LMG 26732",1,Chryseobacterium carnipullorum,1124835.4,aerobe
,,,,,2695420920,
,,,,,GCA_900142785,
5711,Sa 1147-06,"DSM 23145, CCM 7737, CIP 110405, CCUG 58959",1,Chryseobacterium chaponense,2681813521,aerobe
,,,,,713588.4,
,,,,,GCA_900156725,
5709,R4-1A,"DSM 23031, CCM 7716, LMG 25442, CCUG 58784, CIP 110213",1,Chryseobacterium culicis,2687453786,aerobe
,,,,,680127.5,
,,,,,GCA_900108365,
5677,CPW406,"DSM 15235, CCUG 52896, KCTC 12088, NBRC 102008, CIP 110173",1,Chryseobacterium daecheongense,192389.5,aerobe
,,,,,2681812956,
,,,,,GCA_003729955,
,,,,,GCA_004365465,
5689,K105,"DSM 19388, JCM 14362, KCTC 12841, CIP 110016",1,Chryseobacterium daeguense,1121286.4,aerobe
,,,,,2523533536,
,,,,,GCA_000430825,
5668,"B2, B2T","DSM 14219, CIP 107207, CCUG 47675, KCTC 12434",1,Chryseobacterium defluvii,160396.5,aerobe
,,,,,2681812957,
,,,,,GCA_003634775,
132874,CW-E 2,DSM 18973,1,Chryseobacterium flavum,2928230509,aerobe
5679,CC-H3-2,"DSM 17452, CCUG 49271, CIP 108367, KCTC 12435",1,Chryseobacterium formosense,236814.8,aerobe
,,,,,2684622901,
,,,,,GCA_900116415,
24035,PB4,"DSM 26000, LMG 27025",1,Chryseobacterium frigidisoli,1125876.4,aerobe
,,,,,2684622856,
,,,,,GCA_900113805,
5698,5-1St1a,"DSM 18014, CCUG 52549, CIP 110172",1,Chryseobacterium gambrini,2681813561,aerobe
,,,,,373672.4,
,,,,,GCA_900156825,
5667,F93,"DSM 16776, ATCC 35910, CCUG 14555, CIP 103039, JCM 2410, LMG 8334, NCTC 11432, IFO 15054, LMG 12447, NBRC 15054",1,Chryseobacterium gleum,250.4,aerobe
,,,,,250.7,
,,,,,2562617092,
,,,,,525257.3,
,,,,,GCA_000143785,
,,,,,GCA_900636535,
5688,P 461/12,"DSM 19109, LMG 24052, CIP 110171",1,Chryseobacterium gregarium,1121287.4,aerobe
,,,,,2523533548,
,,,,,GCA_000430845,
134032,THG-A18,"KACC 16227, LMG 26579",1,Chryseobacterium gwangjuense,GCA_021311115,aerobe
5687,H38,"DSM 19056, LMG 24029, CIP 110174",1,Chryseobacterium haifense,1450526.3,aerobe
,,,,,2600255101,
,,,,,GCA_000735695,
5510,H1,"DSM 19921, LMG 24401",1,Chryseobacterium halperniae,2619619117,aerobe
,,,,,2622736498,
,,,,,421072.12,
,,,,,421072.8,
,,,,,GCA_000735105,
,,,,,GCA_900110605,
24039,AG13,"DSM 25574, CCUG 63019",1,Chryseobacterium hispalense,2585427834,aerobe
,,,,,491205.5,
,,,,,GCA_000708615,
5696,NF802,"DSM 22165, CCUG 52711, CIP 109415",1,Chryseobacterium hominis,2874339030,aerobe
,,,,,420404.1,
,,,,,GCA_003730015,
5705,ECP37,"DSM 21580, LMG 24684, NBRC 104927, CIP 110175",1,Chryseobacterium humi,2684622890,aerobe
,,,,,493375.5,
,,,,,GCA_900108025,
5694,CHB-20p,"DSM 19684, NCAIM B2269, NCAIM B.02269, CIP 110178",1,Chryseobacterium hungaricum,2684622908,aerobe
,,,,,454006.31,
,,,,,GCA_900102265,
5702,JS17-8,"DSM 19299, KACC 12501, CIP 110176",1,Chryseobacterium jejuense,2684623012,aerobe
,,,,,445960.1,
,,,,,GCA_900100075,
5676,AT1047,"DSM 17048, IMSNU 14049, JCM 12382, KCTC 12226, CIP 108670, NCTC 13459",1,Chryseobacterium jeonii,2639762901,aerobe
,,,,,266749.4,
,,,,,266749.8,
,,,,,266749.9,
,,,,,2675903156,
,,,,,GCA_000812865,
,,,,,GCA_900112115,
,,,,,GCA_900638245,
5674,Ix 5a,"DSM 16927, CCM 7154, CCUG 46665, LMG 18212, CIP 105533",1,Chryseobacterium joostei,112234.4,aerobe
,,,,,2681813505,
,,,,,GCA_003815775,
,,,,,GCA_900156585,
23022,Chj707,"DSM 25209, CCUG 49689, IAM 15050, JCM 21512, KCTC 12107, NBRC 103027, CIP 108606",1,Chryseobacterium koreense,1304281.5,aerobe
,,,,,232216.8,
,,,,,2648501397,
,,,,,2861269263,
,,,,,GCA_001045435,
,,,,,GCA_014201785,
133961,KJ1R5,"KACC 13029, JCM 15904",1,Chryseobacterium kwangjuense,2728369107,aerobe
,,,,,GCA_001563495,
5693,P 456/04,"DSM 18605, CIP 109792, LMG 23785",1,Chryseobacterium luteum,2617271211,aerobe
,,,,,421531.5,
,,,,,GCA_000737785,
135739,90B,"CIP 107752, CCUG 51329",1,Chryseobacterium massiliense,204089.13,aerobe
,,,,,2905979941,
,,,,,GCA_003385535,
5699,DW3,"DSM 18016, CCUG 52547, CIP 110177",1,Chryseobacterium molle,216903.4,aerobe
,,,,,2698536696,
,,,,,GCA_900142325,
164558,CA10,"JCM 33443, KACC 21234",1,Chryseobacterium mulctrae,2906003320,aerobe
,,,,,GCA_006175945,
134064,F91,"CCUG 60563, CDC G41, NCTC 13529",1,Chryseobacterium nakagawai,1241982.8,aerobe
,,,,,2888289149,
,,,,,GCA_900637665,
130330,CT348,"DSM 25575, CCUG 63020",1,Chryseobacterium oleae,2684622910,aerobe
,,,,,491207.4,
,,,,,GCA_900115055,
5686,H8,"DSM 19055, CIP 109920, LMG 24030",1,Chryseobacterium oranimense,2684623028,aerobe
,,,,,421058.6,
,,,,,GCA_900129755,
5700,26-3St2b,"DSM 18015, CCUG 52548",1,Chryseobacterium pallidum,2681813503,aerobe
5706,3A10,"DSM 21579, LMG 24685, NBRC 104928, CIP 110180",1,Chryseobacterium palustre,1121288.4,aerobe
,,,,,2523533629,
,,,,,GCA_000422265,
164405,ISE14,"JCM 32876, KACC 19820",1,Chryseobacterium phosphatilyticum,2874358511,aerobe
,,,,,GCA_002899825,
5712,CTM,"DSM 22249, ATCC BAA-1782, CCUG 57707, JCM 15960, KCTC 23267",1,Chryseobacterium piperi,2619619246,aerobe
,,,,,GCA_000737775,
23024,,"CCUG 51923, CIP 109277, DSM 25207, CCUG 5192, LMG 23089",1,Chryseobacterium piscium,2905984197,aerobe
,,,,,333702.1,
,,,,,GCA_003385415,
137383,RSB3-1,"CIP 110403, KCTC 22548, NBRC 105248",1,Chryseobacterium rhizosphaerae,395937.8,aerobe
,,,,,395937.9,
,,,,,GCA_003385455,
,,,,,GCA_007991415,
164701,NBC 122,"JCM 33980, KCTC 72248",1,Chryseobacterium salivictor,GCA_004359195,aerobe
5678,GUM-Kaji,"CCUG 55591, CIP 14047, DSM 17126, NCIMB 14047, BAMY 1001, CIP 108958",1,Chryseobacterium shigense,2681813504,aerobe
,,,,,297244.4,
,,,,,297244.9,
,,,,,GCA_002943655,
,,,,,GCA_900156575,
5683,PSD1-4,"DSM 17072, KCTC 12382, NBRC 100864, CCUG 52904, CIP 109194",1,Chryseobacterium soldanellicola,2684622906,aerobe
,,,,,311333.1,
,,,,,GCA_900100115,
5703,JS6-6,"DSM 19298, KACC 12502, CIP 110182",1,Chryseobacterium soli,2617271210,aerobe
,,,,,445961.5,
,,,,,GCA_000737705,
5707,1YB-R12,"DSM 22468, CCUG 55604, DSM 1183, CIP 110201",1,Chryseobacterium solincola,2634166404,aerobe
,,,,,510955.4,
,,,,,GCA_000812875,
5669,PHA3-4,"CCUG 52900, DSM 17071, KCTC 12381, NBRC 100863, CIP 109195",1,Chryseobacterium taeanense,2675903150,aerobe
,,,,,311334.6,
,,,,,GCA_900099685,
5680,CC-TWGS1-8,"DSM 17453, CCUG 50001, CIP 108519",1,Chryseobacterium taichungense,2675903154,aerobe
,,,,,295069.1,
,,,,,GCA_900109935,
134196,Soil-3-27,"BCRC 17412, IAM 15317, LMG 23355, JCM 21767, CGMCC 1.11040, NCIMB 14327, CIP 109325",1,Chryseobacterium taiwanense,2600255398,aerobe
133475,X-65,"CCTCC AB 208154, NRRL B-51322, CCUG 68730, NCTC 13490",1,Chryseobacterium taklimakanense,2765235860,aerobe
,,,,,536441.3,
,,,,,GCA_900187185,
5509,EP105,"DSM 16811, NCIMB 14026",1,Chryseobacterium tenax,1121870.4,aerobe
,,,,,2524023241,
,,,,,GCA_000428485,
5708,,"DSM 22251, CCUG 57657, CIP 110413, IMMIB L-1519",1,Chryseobacterium treverense,2687453775,aerobe
,,,,,631455.4,
,,,,,GCA_900114045,
5701,F-Fue-04IIIaaaa,"DSM 18017, CCUG 52546, CIP 110146",1,Chryseobacterium ureilyticum,2681813509,aerobe
,,,,,373668.4,
,,,,,GCA_900156735,
133773,687B-08,"CECT 7793, CCUG 60103",1,Chryseobacterium viscerum,2871710237,aerobe
,,,,,GCA_002899945,
23023,,"DSM 25206, CCUG 50970, LMG 22846, CIP 108934",1,Chryseobacterium vrystaatense,2617271207,aerobe
,,,,,307480.5,
,,,,,GCA_000737765,
5682,R2A 10-2,"DSM 17724, KACC 11468, CIP 110181",1,Chryseobacterium wanjuense,2684622833,aerobe
,,,,,356305.5,
,,,,,GCA_900111495,
159842,SDU1-6,"CGMCC 1.13492, JCM 32520",1,Chryseolinea flava,2831614218,aerobe
,,,,,GCA_003286915,
24794,RYG,"DSM 24574, ATCC BAA-2075",1,Chryseolinea serpens,2617270831,aerobe
,,,,,947013.3,
,,,,,GCA_900129725,
159857,ET03,"KCTC 33943, LMG 30119, JCM 32415, MCC 3378",1,Chryseomicrobium excrementi,2041346.3,aerobe
,,,,,2882380101,
,,,,,GCA_002798305,
163760,Ys,"JCM 30318, LMG 30359",1,Chryseotalea sanaruensis,2482724.3,aerobe
,,,,,GCA_003990915,
24814,Ellin428,DSM 22515,1,Chthoniobacter flavus,191863.3,aerobe
,,,,,2795385450,
,,,,,497964.5,
,,,,,642791618,
,,,,,GCA_000173075,
,,,,,GCA_004341915,
133409,ED7,"JCM 30603, KCTC 42450",1,Chthonobacter albigriseus,1683161.3,aerobe
,,,,,GCA_013839445,
17843,T49,"DSM 23976, ICMP 18418",1,Chthonomonas calidirosea,1303518.3,aerobe
,,,,,2524614646,
,,,,,GCA_000427095,
24486,MSSRFBL1,"DSM 25528, KCTC 32403",1,Ciceribacter lividus,1197950.4,aerobe
,,,,,2770939508,
,,,,,GCA_003337715,
158569,F43b,"CCTCC AB 2016062, KCTC 52231",1,Ciceribacter thiooxidans,GCA_014126615,aerobe
7631,"4-O, 4-0","DSM 14442, CCM 4981, NBRC 106156, CCUG 51768, JCM 12134, CIP 107799, DSM 11442",1,Citricoccus muralis,169134.3,aerobe
,,,,,2773857773,
,,,,,GCA_003386075,
7634,FS24,"DSM 23847, CGMCC 1.7064, JCM 15136",1,Citricoccus zhacaiensis,489142.4,aerobe
,,,,,GCA_014645315,
4323,,"CCUG 4860, CECT 863, DSM 4593, ATCC 25405, CIP 82.89, NCTC 10805, JCM 1661, BCRC 14802, CGMCC 1.2020, LMG 7873, NCCB 92007, NCIMB 13274, NRRL B-41228",1,Citrobacter amalonaticus,35703.125,aerobe
,,,,,35703.13,
,,,,,35703.132,
,,,,,35703.135,
,,,,,35703.138,
,,,,,35703.59,
,,,,,GCA_018323885,
,,,,,GCA_900460855,
4338,"167, 80-58","DSM 17596, ATCC 51113, CCUG 30792, CDC 80-58, CIP 104554",1,Citrobacter braakii,2878893965,aerobe
,,,,,57706.144,
,,,,,57706.2,
,,,,,GCA_002075345,
4344,"E 3020, 2991-81","DSM 17655, ATCC 51112, CDC 2991-81, CIP 104553, CCUG 30798",1,Citrobacter farmeri,67824.35,aerobe
4325,,"DSM 30039, ATCC 8090, IFO 12681, NBRC 12681, NCTC 9750, CCUG 418, ATCC 13316, JCM 1657, CECT 401, CIP 57.32, IAM 12471, KCTC 2509, LMG 3246, LMG 3247, MTCC 1658, NCIMB 11490, NRRL B-2643, Br (Braak)",1,Citrobacter freundii,1006003.13,aerobe
,,,,,1006003.3,
,,,,,1006003.7,
,,,,,1114920.3,
,,,,,2519899575,
,,,,,2588253794,
,,,,,2600255012,
,,,,,546.494,
,,,,,GCA_000312465,
,,,,,GCA_000734905,
4326,LRA 117.03.76,"CCUG 53829, CCM 7187, CIP 103547, DSM 24397, ATCC 43864, LMG 21265, WDCM 00006, CECT 7464, NCTC 13639",0,Citrobacter freundii,546.359,aerobe
4342,"876-58, 83I","DSM 17579, ATCC 51114, CDC 876-58, CIP 104555, CCUG 30793",1,Citrobacter werkmanii,67827.74,aerobe
,,,,,67827.8,
,,,,,67827.86,
133135,PF008,"KACC 18448, LMG 29047",1,Clavibacter capsici,28447.7,aerobe
5504,,"DSM 15886, ATCC BAA-825, CCUG 46293, CIP 108613, NRS 1",1,Cloacibacterium normanense,237258.25,aerobe
,,,,,2634166320,
,,,,,GCA_900104195,
133580,R2A-16,"CGMCC 1.7656, NBRC 104931",1,Cloacibacterium rupense,517423.3,aerobe
,,,,,GCA_014645495,
133504,JO1,"KCTC 22486, JCM 15644, NRIC 0824",1,Cobetia crustatorum,2568526450,aerobe
,,,,,GCA_000591415,
133778,,"KMM 3880, NRIC 0814, CCUG 49563",1,Cobetia amphilecti,GCA_029846315,aerobe
17918,Sh2,"DSM 24830, JCM 16494, KMM 3898, NRIC 0757",1,Cocleimonas flava,2802428810,aerobe
,,,,,634765.3,
,,,,,GCA_004339015,
24507,"GSW-6, GSW-M6","DSM 28223, CCUG 60021, KCTC 23347",1,Cognatishimia maritima,2617270829,aerobe
,,,,,870908.3,
,,,,,GCA_900129685,
11456,BR-29,"DSM 26489, CCUG 59598, KCTC 13735",1,Cohnella boryungensis,2901166929,aerobe
,,,,,768479.3,
166535,M2MS4P-1,"KCTC 43011, CGMCC 1.13745",1,Cohnella endophytica,2882753622,aerobe
,,,,,GCA_003628305,
11445,GR21-5,"DSM 18997, KACC 11771",1,Cohnella ginsengisoli,GCA_029525555,aerobe
11448,RI-39,"DSM 21336, CCUG 52217, KCCM 10653P, KCTC 3987",1,Cohnella laeviribosi,1121346.3,aerobe
,,,,,2519899681,
,,,,,GCA_000378425,
133071,KSS-154-50,"DSM 103658, CCM 8707, LMG 29763, CIP 111180",1,Cohnella lubricantis,2163172.3,aerobe
,,,,,2163172.4,
,,,,,2913573228,
,,,,,GCA_014212015,
,,,,,GCA_017874835,
11451,HY-22R,"DSM 24270, CCTCC AB 208254, NRRL B-59213",1,Cohnella luojiensis,2894166119,aerobe
,,,,,652876.4,
,,,,,GCA_004564235,
11449,,"DSM 18696, KCTC 13060, Gsoil 349",1,Cohnella panacarvi,2516493019,aerobe
11442,,"DSM 17683, CCUG 47242, CIP 108492",1,Cohnella thermotolerans,1121347.4,aerobe
,,,,,2524023169,
,,,,,GCA_000429825,
11308,,"CCUG 48868, DSM 17622, LMG 21973, NCCB 100033, TER Ter6, TER 6, UCCCB6, CIP 108645",1,Collimonas fungivorans,GCA_001584145,aerobe
2877,SMK-10,"DSM 17314, KCTC 12480, SMK 10",1,Colwellia aestuarii,329993.3,aerobe
,,,,,GCA_002000025,
158534,NB097-1,"MCCC 1A11668, KCTC 52554",1,Colwellia beringensis,2751185795,aerobe
133324,RA2-7,"KCTC 52417, NBRC 112381",1,Colwellia mytili,1888913.3,aerobe
,,,,,2838787323,
,,,,,GCA_002104475,
166230,OISW-25,"KCTC 62426, NBRC 113187",1,Colwellia ponticola,GCA_005885605,aerobe
140622,YSM-23,"KCTC 52213, NBRC 111994",1,Colwellia sediminilitoris,1820336.3,aerobe
,,,,,2843559686,
,,,,,GCA_002104535,
2931,No.12,"DSM 17552, IAM 14839, KCTC 12244, CCUG 51443, JCM 21345, CIP 108817",1,Comamonas badia,1121348.4,aerobe
,,,,,2528768012,
,,,,,GCA_000484635,
2937,YY287,"DSM 21721, BCRC 17659, LMG 24008",1,Comamonas composti,1121349.4,aerobe
,,,,,2524614759,
,,,,,GCA_000429845,
166302,NLF-7-7,KCTC 62943,1,Comamonas flocculans,GCA_007954405,aerobe
2935,Ko03,"DSM 18411, KCTC 12199, NBRC 101663",1,Comamonas granuli,1223521.5,aerobe
,,,,,2600255078,
,,,,,GCA_000739995,
2930,AFG1,"CIP 107987, DSM 16026, CCUG 15333, LMG 3475",1,Comamonas kerstersii,225992.15,aerobe
,,,,,GCA_008801935,
2934,YH12,"DSM 18232, IMSNU 11158, KCTC 12005, CIP 108012",1,Comamonas koreensis,GCA_021026195,aerobe
2929,23310,"DSM 13191, CCT 7062, NCCB 100007, CCUG 45781, CIP 107121",1,Comamonas nitrativorans,2574180442,aerobe
22974,A3-3,"DSM 27221, KCTC 22606, NBRC 106524, PCU 324, TISTR 1906",1,Comamonas terrae,2740892221,aerobe
,,,,,673548.5,
,,,,,GCA_001544075,
2927,,"DSM 7099, ATCC 8461, CCUG 15327, CIP 63.44, LMG 5929, NCIB 8193, NCTC 1937, NRRL B-1055, JCM 6230, BCRC 10911, CCM 2409, CCUG 2185, IAM 12052, IAM 12421, IFO 12685, IFO 13299, IMET 10768, LMG 1253, NBRC 12685, NBRC 13299, NCIMB 8193, NRRL B-781",1,Comamonas terrigena,1219032.4,aerobe
,,,,,2731957557,
,,,,,2808606720,
,,,,,32013.6,
,,,,,GCA_006740045,
,,,,,GCA_900461435,
24136,S4-3,"DSM 28069, LMG 26166, NCIMB 14701, JCM 30916, KCTC 21032",1,Companilactobacillus heilongjiangensis,1074467.3,aerobe
,,,,,1074467.8,
,,,,,2808606691,
,,,,,GCA_000831645,
,,,,,GCA_005405325,
6593,"KU-3, BAFF Lb1201, KU-3T","CCUG 54626, DSM 14857, ATCC BAA-478, NCCB 100034, JCM 16174, CECT 5773, CIP 107931, KCTC 3814, LMG 21929, NBRC 106069",1,Companilactobacillus versmoldensis,1046598.4,aerobe
,,,,,1423815.3,
,,,,,2513237303,
,,,,,2700989145,
,,,,,GCA_000260455,
,,,,,GCA_001434295,
7514,,"DSM 25625, KACC 13354, NBRC 106304, SMC 46",1,Compostimonas suwonensis,1048394.3,aerobe
,,,,,2731639183,
,,,,,GCA_002797855,
10457,,"DSM 17694, IAM 15037, JCM 21500, ATCC 29437, ICPB 3619",1,Conchiformibius kuhniae,1121351.3,aerobe
,,,,,2524023156,
,,,,,GCA_000428785,
3037,KV-962,"DSM 23288, NBRC 106558",1,Conexibacter arvalis,2828580265,aerobe
,,,,,912552.3,
,,,,,GCA_014199525,
140749,XJNY,"KCTC 52638, MCCC 1H00183",1,Confluentibacter citreus,2788500167,aerobe
,,,,,GCA_002807055,
166258,DSL-48,"KCTC 62648, MCCC 1K03537",1,Confluentibacter sediminis,GCA_003258355,aerobe
158349,7.4,"DSM 105479, CCUG 24852, HIM 794-7",1,Conservatibacter flavescens,GCA_002795425,aerobe
140070,HWE2-01,"DSM 105784, JCM 19257, KCTC 29231",1,Conyzicola lurida,1172621.4,aerobe
,,,,,2870622029,
,,,,,GCA_014204935,
140951,ZD5-4,"JCM 30076, CGMCC 1.12813",1,Conyzicola nivalis,1477021.3,aerobe
,,,,,GCA_014639655,
17651,"04OKA010-24, 04OKA10-24","DSM 45221, IAM 15411, JCM 23193, KCTC 12865, MBIC 06463",1,Coraliomargarita akajimensis,583355.3,aerobe
,,,,,646564524,
,,,,,GCA_000025905,
166126,176GS2-150,"KACC 19890, LMG 31317",1,Corallincola spongiicola,GCA_004284785,aerobe
140818,16B10-2-7,"CFCC 12884, KCTC 42249",1,Corticibacterium populi,1607949.3,aerobe
,,,,,GCA_014652875,
166222,3d-2-2,"CFCC 11891, KCTC 52807",1,Corticimicrobacter populi,2882468358,aerobe
,,,,,GCA_003123725,
3167,,"DSM 44280, ATCC 51403, CCUG 32103, CIP 103499, LCDC 88199, JCM 10390, LMG 19062",1,Corynebacterium afermentans subsp. afermentans,2681813557,aerobe
,,,,,38286.3,
,,,,,GCA_001639025,
,,,,,GCA_900156035,
3169,T 18502,"DSM 44282, ATCC 51404, CCUG 32105, CIP 103500, JCM 10391, LMG 19063",1,Corynebacterium afermentans subsp. lipophilum,144184.3,aerobe
,,,,,GCA_015351335,
157074,,CCUG 69366,1,Corynebacterium alimapuense,2093221.3,aerobe
,,,,,2862028830,
3080,9.6,"DSM 20306, AJ 1443, ATCC 6871, NCIB 8143, NCTC 2398, CCUG 38796, CIP 101283, JCM 1305, BCRC 10367, CGMCC 1.1883, IAM 1641, IFO 12071, IFO 12612, IMSNU 21212, KCCM 11740, KCTC 1018, NBRC 12071, NBRC 12612, NCCB 60030, NCIMB 8143, NRIC 1844, VKM Ac-2185, VKM B-672",1,Corynebacterium ammoniagenes,2623620528,aerobe
,,,,,647000230,
,,,,,649754.1,
,,,,,649754.3,
,,,,,GCA_000164115,
,,,,,GCA_001941425,
3211,S613,"DSM 44791, CCUG 46511, CECT 5993, CIP 108096, JCM 12268",1,Corynebacterium aquilae,1431546.4,aerobe
,,,,,GCA_001941445,
3199,,"DSM 44532, CCUG 47449, CIP 107897, JCM 11766, NRRL B-24143, IMMIB D-1488",1,Corynebacterium aurimucosum,169292.149,aerobe
,,,,,GCA_024138775,
3202,CRS-51,"DSM 44610, CCUG 39412, CECT 4897, JCM 11664, ATCC BAA-77, CIP 105508, LMG 19039",1,Corynebacterium camporealense,161896.3,aerobe
,,,,,161896.4,
,,,,,2606217206,
,,,,,2808606813,
,,,,,GCA_000766885,
,,,,,GCA_000980815,
3207,,"CCUG 57201, CIP 107182, DSM 44701, DPC 5298, LMG S-19264, NCIMB 30130, JCM 12072, LMG 19264",1,Corynebacterium casei,1285583.3,aerobe
,,,,,1285583.5,
,,,,,GCA_000550785,
3214,M106/00/5,"DSM 44850, CCUG 44566, CIP 107965, JCM 13387",1,Corynebacterium caspium,1121355.3,aerobe
,,,,,2515154055,
,,,,,GCA_000379705,
166191,200CH,"CCM 8831, LMG 30628, CCUG 72166",1,Corynebacterium choanae,1862358.3,aerobe
,,,,,GCA_003813965,
3216,"BIST 13, BS 13, BS13","DSM 44920, CCUG 47525, CECT 5779, CIP 108588, JCM 13388",1,Corynebacterium ciconiae,1121356.3,aerobe
,,,,,2515154014,
,,,,,GCA_000372385,
3159,,"CCUG 38194, LMG 19044, CIP 104919, JCM 10381, DSM 44184, CCUG 35014, DMMZ 214, ATCC 700219, CCM 4669",1,Corynebacterium coyleae,2634166170,aerobe
,,,,,53374.4,
,,,,,53374.54,
,,,,,GCA_900105505,
131684,JZ16,"DSM 100882, CCUG 69192, LMG 29813",1,Corynebacterium crudilactis,1652495.5,aerobe
,,,,,1652495.6,
,,,,,2718217777,
,,,,,GCA_001643015,
3235,,"DSM 45436, CCUG 57284, KCTC 19568, JCM 17317, CAU 212",1,Corynebacterium doosanense,2515154029,aerobe
,,,,,2639762811,
,,,,,558173.3,
,,,,,558173.4,
,,,,,558173.7,
,,,,,GCA_000372245,
,,,,,GCA_000767055,
3181,,"IFO 16161, LMG 19045, CIP 105490, CCM 4727, DSM 45333, CCUG 37331, DSM 44351, JCM 11948, NBRC 16161",1,Corynebacterium durum,2623620526,aerobe
,,,,,2856490523,
,,,,,61592.134,
,,,,,GCA_013410305,
3195,"AJ-12310, YS-314","DSM 44549, JCM 11189, FERM 9246, AJ 12310, CCM 7123, CCUG 47130, CCUG 48037, CIP 107632, NBRC 100395",1,Corynebacterium efficiens,196164.1,aerobe
,,,,,196164.21,
,,,,,196164.22,
,,,,,196164.6,
,,,,,644736345,
,,,,,645951842,
,,,,,GCA_000011305,
,,,,,GCA_000160795,
170940,LMM-1653,"LMG 31164, CCM 8952",1,Corynebacterium endometrii,CP039247,aerobe
,,,,,GCA_004795735,
3192,"M714/95/5, M714-95-5, 980915","DSM 44508, CCUG 39943, CIP 106740, ATCC BAA-468, JCM 12103, VTT E-072718",1,Corynebacterium felinum,2923453845,aerobe
,,,,,GCA_029383185,
23876,ST18,"DSM 45800, CCUG 63371, CIP 110785, JCM 32210",1,Corynebacterium frankenforstense,1437875.4,aerobe
,,,,,GCA_001941485,
3190,6695110,"CCUG 45704, CIP 106767, JCM 45704, DSM 44506, JCM 12104",1,Corynebacterium freneyi,134034.4,aerobe
,,,,,134034.5,
,,,,,2918343737,
,,,,,GCA_017876455,
166189,W8,"CCM 8833, LMG 30629, CCUG 72165",1,Corynebacterium gerontici,2079234.3,aerobe
,,,,,GCA_003813985,
158588,,"MCC 3388, KCTC 39803, LMG 29598, PRD 07",1,Corynebacterium gottingense,2054421.3,aerobe
,,,,,GCA_007559235,
3209,,"CCUG 54529, DSM 44683, CCTCC AA 001024, CIP 108972, JCM 12676, YIM 70093, KCTC 19015",1,Corynebacterium halotolerans,1121362.1,aerobe
,,,,,1121362.3,
,,,,,1121362.6,
,,,,,2524023198,
,,,,,2556921045,
,,,,,GCA_000341345,
,,,,,GCA_000688435,
3162,,"LMG 19048, DSM 44264, CCUG 36877, IFO 16163, NBRC 100416, NBRC 16163, NCTC 13015, JCM 10386, ATCC 700354, CCM 4676, CIP 105130, DMMZ 2023",1,Corynebacterium imitans,156978.3,aerobe
,,,,,156978.6,
,,,,,2597490159,
,,,,,2773857867,
,,,,,GCA_000739455,
,,,,,GCA_900187215,
23877,RW2-5,"DSM 45799, CCUG 63372, CIP 110786, JCM 32211",1,Corynebacterium lactis,1408189.4,aerobe
,,,,,2645727750,
,,,,,GCA_001274895,
3174,,"DSM 44291, CCUG 37336, DMMZ 1944, LMG 19051, JCM 10383, ATCC 700352, CCM 4677, CIP 105127",1,Corynebacterium lipophiloflavum,525263.3,aerobe
,,,,,643886002,
,,,,,GCA_000159635,
3230,KSS-3Se,"DSM 45231, CCM 7546, CCUG 56567, JCM 16607, CIP 110047",1,Corynebacterium lubricantis,1121363.3,aerobe
,,,,,2515154018,
,,,,,GCA_000379425,
3234,Coryn-1,"DSM 45190, LMG 24561, JCM 17018",1,Corynebacterium maris,1224163.3,aerobe
,,,,,1224163.4,
,,,,,2561511185,
,,,,,GCA_000442645,
3232,5402485,"DSM 45435, CCUG 53857, CIP 109423, CSUR P19, JCM 32212",1,Corynebacterium massiliense,1121364.3,aerobe
,,,,,2524023165,
,,,,,GCA_000420605,
,,,,,GCA_028609805,
152592,,"CCUG 47160, ATCC 33806",0,Corynebacterium matruchotii,566549.5,aerobe
,,,,,643886207,
,,,,,GCA_000158635,
3163,,"DSM 44265, CCUG 36878, CIP 105129, DMMZ 2278, JCM 10384, ATCC 700355, CCM 4678, LMG 19067",1,Corynebacterium mucifaciens,2512047048,aerobe
,,,,,57171.3,
,,,,,GCA_012396315,
3107,,"DSM 20632, ATCC 43995, NCTC 9864, CCUG 27538, JCM 9388, BCRC 14871, CIP 55.51, IFO 15289, IMSNU 21213, NBRC 15289",1,Corynebacterium mycetoides,2634166344,aerobe
,,,,,38302.4,
,,,,,GCA_900103625,
132609,VDS11,"DSM 100104, KCTC 39687, MCC 2722",1,Corynebacterium pollutisoli,GCA_900177745,aerobe
145059,Furness 162-C2,"CCUG 27540, ATCC 33039, NCTC 11860, DSM 113154, CCM 9177",1,Corynebacterium pseudogenitalium,GCA_024453815,aerobe
166190,812CH,"CCM 8832, LMG 30627, CCUG 72167",1,Corynebacterium pseudopelargi,2080757.3,aerobe
,,,,,2862063619,
,,,,,GCA_003814005,
145060,,"CCUG 27541, NCTC 4655",0,Corynebacterium pseudotuberculosis,1719.8,aerobe
,,,,,2627853633,
,,,,,GCA_000729725,
3237,06-17730,"DSM 45585, ATCC BAA-1742, CCUG 57046, JCM 17320, WAL 19168",1,Corynebacterium pyruviciproducens,GCA_000411375,aerobe
3182,,"DSM 44357, CCUG 37330, CIP 105491, IBS B52218, IFO 16162, NBRC 16162, LMG 19056, CCM 4729, JCM 10385",1,Corynebacterium singulare,161899.3,aerobe
,,,,,GCA_000833575,
3210,"J11, PG 39","DSM 44757, CCUG 45512, CECT 5986, CIP 107875, JCM 12271",1,Corynebacterium spheniscorum,185761.3,aerobe
,,,,,185761.5,
,,,,,GCA_008693095,
,,,,,GCA_900113445,
3078,622,"DSM 20302, ATCC 14403, CCUG 43497, CIP 104228, JCM 11611, NBRC 12144, VKM B-1228, CCTM La2748, NCIMB 565, BCRC 11885, CCM 317, CECT 4275, IFO 12144, KCCM 12153, KCTC 3254, NBIMCC 1435, VKM Ac-2184, CCTM La 2748",1,Corynebacterium stationis,1705.16,aerobe
,,,,,1705.8,
,,,,,2623620535,
,,,,,GCA_001941345,
3208,Y-11,"DSM 44721, CIP 105927, IFO 14764, JCM 10555, NBRC 14764, VKM Ac-2071, CCUG 46354, CCUG 44585, LMG 22191",1,Corynebacterium terpenotabidum,1200352.3,aerobe
,,,,,GCA_000418365,
3206,M935/96/4,"DSM 44614, ATCC BAA-467, CCUG 41823, CIP 106763, JCM 12108, NCIMB 14414",1,Corynebacterium testudinoris,136857.5,aerobe
,,,,,2615840659,
,,,,,GCA_001021045,
3233,5401744,"DSM 45434, CCUG 53856, CIP 109424, CSUR P20, JCM 32213",1,Corynebacterium timonense,1203190.3,aerobe
,,,,,2551306128,
,,,,,2636416018,
,,,,,441500.3,
,,,,,GCA_000312345,
,,,,,GCA_900105305,
3221,LDC-20,"DSM 44922, ATCC 35529, ATCC 35692, CCUG 45418, CIP 107291, JCM 13389, Medalle X",1,Corynebacterium tuberculostearicum,2833975288,aerobe
,,,,,38304.5,
,,,,,38304.9,
,,,,,GCA_013408445,
3225,ISS-5309,"JCM 15294, DSM 45101, ATCC BAA-1141, CCUG 51321, CIP 109389",1,Corynebacterium tuscaniense,GCA_008693065,aerobe
3131,,"CCUG 56051, CCM 2824, NCTC 11861, CIP 100653, IFO 15287, DSM 20743, ATCC 373, JCM 1971, BCRC 14413, CCM 1.1919, CCUG 27544, CECT 4160, IFO 16721, KCCM 40941, KCTC 3435, LMG 19544, NBRC 15287, NBRC 16721",1,Corynebacterium xerosis,1223513.5,aerobe
,,,,,1725.5,
,,,,,2617270853,
,,,,,2648501103,
,,,,,2690315859,
,,,,,2811995212,
,,,,,29363.59,
,,,,,GCA_000988235,
,,,,,GCA_001552415,
,,,,,GCA_900461265,
5250,,"DSM 4482, ATCC 19692, BCRC 12222, CCRC 12222, CCUG 18769, CIP 106872, JCM 1670, LMG 7876, NCIMB 13273, NBRC 105711",1,Proteus myxofaciens,1354337.7,aerobe
,,,,,2791354883,
,,,,,GCA_001654855,
134186,,"KCCM 42265, JCM 13411, KOPRI 13342",1,Costertonia aggregata,343403.3,aerobe
,,,,,GCA_013402795,
141068,,"JCM 19657, KACC 17825, YIM 78023",1,Crenalkalicoccus roseus,1485588.3,aerobe
,,,,,2840042175,
,,,,,GCA_004761865,
166425,K1W11S-77,"CGMCC 1.13527, NBRC 113452",1,Crenobacter cavernae,2832919849,aerobe
,,,,,GCA_003355495,
130471,,"DSM 27258, BCRC 80650, KCTC 32558, YIM 78141, JCM 19652",1,Crenobacter luteus,1452487.14,aerobe
,,,,,2795385459,
,,,,,GCA_004345725,
166154,SX2RGS8,"CGMCC 1.16402, KCTC 62090",1,Croceibacterium ferulae,GCA_003660445,aerobe
133445,E4A9,"CGMCC 1.6776, JCM 14846",1,Croceicoccus marinus,2827117550,aerobe
,,,,,GCA_001661675,
133014,Ery22,"DSM 101481, CGMCC 1.15360",1,Croceicoccus mobilis,1703339.6,aerobe
,,,,,2890671501,
,,,,,GCA_001661965,
,,,,,GCA_014642595,
133013,Ery9,"DSM 101479, CGMCC 1.15358",1,Croceicoccus pelagius,1703341.5,aerobe
,,,,,2832283248,
,,,,,GCA_001661915,
,,,,,GCA_014642495,
166514,GM-16,"KACC 19611, KCTC 62423, NBRC 113192",1,Croceicoccus ponticola,2843088573,aerobe
,,,,,GCA_004004515,
131502,ZYf1a3,"DSM 46876, CCUG 66446, JCM 30426",1,Croceifilum oryzae,2926658099,aerobe
140752,HSG9,"MCCC 1A06690, KCTC 52589",1,Croceivirga radicis,2788500170,aerobe
,,,,,GCA_002072105,
140753,"182, 0182","KCTC 42868, MCCC 1H00128",1,Crocinitomix algicola,2791354892,aerobe
,,,,,GCA_001661595,
5239,CFS237,"CCUG 55851, DSM 18705, LMG 23823, DES 187, JCM 16467",1,Cronobacter dublinensis subsp. dublinensis,1159554.1,aerobe
,,,,,1159554.4,
,,,,,1159554.7,
,,,,,2548876988,
,,,,,2663762850,
,,,,,GCA_000409225,
,,,,,GCA_001277235,
5240,E464,"DSM 18707, LMG 23825, CCUG 58094, JCM 16468",1,Cronobacter dublinensis subsp. lactaridi,1159496.3,aerobe
,,,,,2548876989,
,,,,,GCA_000409345,
5241,E515,"CCUG 58095, DSM 18706, LMG 23824, JCM 16469",1,Cronobacter dublinensis subsp. lausannensis,1159560.3,aerobe
,,,,,2548876991,
,,,,,GCA_000409365,
5237,E825,"CCUG 56035, DSM 18702, LMG 23826, API 76-2121, CDC 1058-77",1,Cronobacter malonaticus,1159491.19,aerobe
,,,,,1159491.2,
,,,,,1159491.3,
,,,,,1159491.6,
,,,,,2548876974,
,,,,,2827186723,
,,,,,GCA_000409305,
,,,,,GCA_001277215,
5242,"83-07-023, E603, LRA 023 07 83","DSM 21870, ATCC 51329, CIP 103581, WDCM 00213, CECT 9143",1,Cronobacter muytjensii,1159613.3,aerobe
,,,,,1159613.6,
,,,,,2548876993,
,,,,,2667527495,
,,,,,GCA_000409285,
,,,,,GCA_001277195,
135600,F37/50,"CIP 57.33, NCTC 8155, NCIMB 8272, CCUG 10788",0,Cronobacter sakazakii,1367848.3,aerobe
,,,,,2602041574,
,,,,,28141.37,
,,,,,28141.371,
,,,,,28141.372,
,,,,,28141.62,
,,,,,2841645194,
,,,,,GCA_000463095,
,,,,,GCA_001277275,
5236,,"DSM 4485, ATCC 29544, NCTC 11467, WDCM 00214, CCUG 14558, CECT 858, CDC 4562-70, JCM 1233, BCRC 13988, CGMCC 1.6765, CIP 103183, HUT 8109, IAM 12660, KCTC 2949, LMG 5740, NBRC 102416, NBRC 105698, VTT E-991283",1,Cronobacter sakazakii subsp. sakazakii,1218104.3,aerobe
,,,,,2576861057,
,,,,,2627854230,
,,,,,28141.119,
,,,,,28141.367,
,,,,,28141.368,
,,,,,28141.369,
,,,,,28141.373,
,,,,,28141.4,
,,,,,28141.659,
158651,Hh31,"NBRC 107882, CGMCC 1.11213",1,Cryobacterium aureum,2837423432,aerobe
,,,,,995037.3,
,,,,,GCA_002954245,
24186,Hh8,"DSM 26475, CGMCC 1.11215, NBRC 107879, JCM 18568",1,Cryobacterium flavum,1424659.3,aerobe
,,,,,1424659.4,
,,,,,2663762753,
,,,,,GCA_004402625,
,,,,,GCA_900103805,
24187,Hh34,"DSM 28143, CGMCC 1.11211, NBRC 107883",1,Cryobacterium levicorallinum,2663762754,aerobe
,,,,,995038.5,
,,,,,995038.7,
,,,,,GCA_004402405,
,,,,,GCA_007992355,
7306,Hh15,"DSM 26476, CGMCC 1.11210, NBRC 107880, JCM 18569",1,Cryobacterium luteum,1424661.3,aerobe
,,,,,1424661.5,
,,,,,2667527407,
,,,,,GCA_004402515,
,,,,,GCA_900110125,
166224,Hh39,"NBRC 107884, CGMCC 1.11212",1,Cryobacterium melibiosiphilum,995039.3,aerobe
,,,,,GCA_003602235,
7302,"0549, 549","DSM 21575, CGMCC 1.5382, JCM 13925, CIP 109566",1,Cryobacterium psychrotolerans,2667527402,aerobe
,,,,,386301.1,
,,,,,386301.9,
,,,,,GCA_004564325,
,,,,,GCA_900101115,
7304,Rug 17,"DSM 21065, JCM 15131, CCUG 55701, CGMCC 1.10672",1,Cryobacterium roopkundense,1001240.6,aerobe
,,,,,2844826561,
,,,,,GCA_000764165,
,,,,,GCA_014200405,
164251,GCJ02,"JCM 32391, CCTCC M 2016604, MCCC 1K03549",1,Cryobacterium soli,CP030033.1,aerobe
,,,,,GCA_003611035,
6197,CL-GR60,"DSM 18995, KCCM 90027",1,Cucumibacter marinus,2524614806,aerobe
,,,,,422296.3,
,,,,,GCA_000429865,
1997,RK1,"DSM 11853, CCUG 49340, LMG 19474, LMG 18990, ATCC BAA-699, CIP 106792",1,Cupriavidus basilensis,68895.15,aerobe
,,,,,GCA_008801925,
2042,,"DSM 17293, CCUG 44526, CIP 107177, LMG 19282",1,Cupriavidus campinensis,151783.38,aerobe
,,,,,GCA_905397395,
140833,X1,"KCTC 42909, LMG 29218",1,Cupriavidus nantongensis,1796606.3,aerobe
,,,,,1796606.6,
,,,,,2687453284,
,,,,,GCA_001598055,
2033,"N-1, Jr N-1","DSM 13513, ATCC 43291, CCUG 52238, CIP 103161, LMG 8453, JCM 36303",1,Cupriavidus necator,1042878.49,aerobe
,,,,,1042878.5,
,,,,,1042878.5,
,,,,,650716031,
,,,,,GCA_000219215,
2040,TE26,"DSM 15562, CIP 108892, LMG 26411, CCUG 64483, NBRC 100056",1,Wautersia numazuensis,221992.4,aerobe
,,,,,GCA_905397435,
2045,AU3313,"DSM 17358, CCM 7175, CCUG 46809, CIP 108131, LMG 21510",1,Cupriavidus respiraculi,195930.1,aerobe
,,,,,195930.4,
,,,,,195930.6,
,,,,,195930.8,
,,,,,GCA_914271545,
2044,R1,"DSM 17343, CCUG 44338, CIP 107717, LMG 19424, CIP 107171",1,Cupriavidus taiwanensis,164546.7,aerobe
,,,,,644736347,
,,,,,977880.27,
,,,,,GCA_000069785,
7324,B55,"DSM 21577, JCM 14609, NBRC 101786, VTCC D6-11, CIP 109639",1,Curtobacterium ammoniigenes,1223517.3,aerobe
,,,,,2690315830,
,,,,,GCA_001571045,
7315,2Y-12,"DSM 20542, ATCC 15830, CCM 2298, NCIB 11029, CCUG 23848, IAM 1632, JCM 1480, BCRC 12127, CGMCC 1.1913, CIP 102694, IAM 15150, IAM 1623, IFO 12676, IMET 10360, KCCM 12167, KCTC 3493, LMG 8787, NBRC 12676, NCCB 71046, NCIMB 11029, VKM Ac-2188, VKM B-1210",1,Curtobacterium luteum,2893593147,aerobe
,,,,,33881.5,
,,,,,33881.6,
,,,,,33881.7,
,,,,,GCA_013359885,
,,,,,GCA_014646995,
,,,,,GCA_016907595,
2939,146,"DSM 11558, ATCC 14667, CCUG 15846, LMG 4328, LMG 4327, IAM 14955, NBRC 14919, JCM 15147, BCRC 80545, IFO 14919, JCM 21432, CIP 107314, NCIMB 9419",1,Curvibacter delicatus,1349763.3,aerobe
,,,,,2731957686,
,,,,,GCA_001592265,
135266,,"CIP 108608, IAM 15033, ATCC BAA-807, CCUG 49445, JCM 21496",1,Curvibacter gracilis,GCA_000518645,aerobe
138785,192,"CIP 103297, ATCC 14669, NCIMB 9461, CCUG 48175, IAM 14947, CFBP 5587, JCM 21429, BCRC 15829, LMG 21631, NBRC 103051",1,Curvibacter lanceolatus,1265504.3,aerobe
,,,,,2519103180,
,,,,,GCA_000381265,
134150,,"KCTC 12363, LMG 23026, KMM 6143, CIP 108848",1,Cyclobacterium amurskyense,2636415561,aerobe
,,,,,320787.11,
,,,,,GCA_001050135,
133805,M12-11B,"KCTC 23011, NBRC 106168, CCUG 58687",1,Cyclobacterium qasimii,1350429.3,aerobe
,,,,,2545824641,
,,,,,2890793229,
,,,,,641524.5,
,,,,,GCA_000427295,
,,,,,GCA_007991695,
158260,5L6,"DSM 104513, CICC 23855, KCTC 33663",1,Cytobacillus solani,GCA_006704205,aerobe
675,"613, original","DSM 12, ATCC 14575, CCM 2213, JCM 2512, NCIB 9366, NCTC 10335, CCUG 7418, NRS 613, BCRC 11730, CECT 14, CIP 52.70, IAM 12464, IAM 14179, IFO 15306, KCTC 3626, LMG 7125, NBRC 15306, NCIMB 9366, NRRL B-14307, NRRL NRS-613, VKM B-498, VTT E-97061, NCDO 1762",1,Cytobacillus firmus,1314753.7,aerobe
,,,,,1399.16,
,,,,,2731957652,
,,,,,2814123191,
,,,,,GCA_001591465,
,,,,,GCA_900445365,
1297,1P01SC,"DSM 23495, MTCC 9535, NRRL B-59162, CIP 110062",1,Cytobacillus horneckiae,GCA_002835735,aerobe
1318,"do080905 5-1, G 5819","DSM 23667, CCUG 59877, LMG 25855, WCC 4582",1,Cytobacillus kochii,2926483779,aerobe
1303,H2,"DSM 24771, CGMCC 1.10115, JCM 16506, BCRC 80336, CIP 110262",1,Cytobacillus oceanisediminis,2596583545,aerobe
,,,,,665099.9,
,,,,,GCA_007830235,
140355,FJAT-25547,"DSM 101002, CCTCC AB 2015208",1,Cytobacillus praedii,GCA_001439605,aerobe
3767,D465,"DSM 1761, ATCC 33406, IFO 15051, NBRC 15051, NCIB 9469, Cy h1, JCM 20678, CIP 103989, IAM 12607, LMG 10844, LMG 8361, NCDO 2694, NCIMB 9469",1,Cytophaga hutchinsonii,2616644809,aerobe
,,,,,269798.16,
,,,,,269798.25,
,,,,,637000087,
,,,,,GCA_000014145,
,,,,,GCA_900119565,
24548,"N7d-4, P-2","DSM 22385, KCTC 22699, JCM 16318",1,Daejeonella lutea,2595698248,aerobe
,,,,,572036.3,
,,,,,GCA_900168015,
14114,N7,"DSM 19973, KACC 12821",1,Daejeonella oryzae,2523231054,aerobe
,,,,,468059.3,
,,,,,GCA_000422945,
23258,W1,"DSM 24536, CIP 110258, LMG 26240",1,Daejeonella rubra,2675903227,aerobe
,,,,,990371.3,
,,,,,GCA_900103545,
17908,SE12,"DSM 21967, JCM 13441, KCTC 12566, KOPRI 20902",1,Dasania marina,1121374.3,aerobe
,,,,,2515154073,
,,,,,GCA_000373485,
13894,CKB,"DSM 13637, ATCC 700666",1,Dechloromonas agitata,2506520023,aerobe
,,,,,GCA_028864255,
130650,A34,DSM 23276,0,Dechloromonas sp.,GCA_026261605,aerobe
10516,Nsw-4,"DSM 24713, BCRC 17934, LMG 24817",1,Deefgea chitinilytica,2931366155,aerobe
,,,,,570276.4,
,,,,,GCA_016881405,
3901,"K-bf-PMWA-4.1, K4.1","DSM 21458, HAMBI 2721",1,Deinobacterium chartae,2861587418,aerobe
,,,,,521158.3,
,,,,,GCA_014202645,
141115,BM2,"KEMB 5401-184, JCM 30700",1,Deinococcus actinosclerus,GCA_001507665,aerobe
3894,TR0125,"DSM 21212, CIP 110035, JCM 11750",1,Deinococcus aerius,2895784119,aerobe
,,,,,GCA_002897375,
3897,5516T-9,"DSM 24781, JCM 15442, KACC 12745, CIP 110188",1,Deinococcus aerolatus,522487.3,aerobe
,,,,,GCA_014647055,
3898,5516T-11,"DSM 24869, JCM 15443, KACC 12746, CIP 110189",1,Deinococcus aerophilus,522488.3,aerobe
,,,,,GCA_014647075,
3873,KR-36,"DSM 19763, LMG 22135, NRRL B-23948, CCUG 56028",1,Deinococcus apachensis,1121377.3,aerobe
,,,,,2519103012,
,,,,,GCA_000381345,
3891,MIFE 35041/06,"DSM 23025, CCM 7524, CCUG 53370",1,Deinococcus aquatilis,1121378.3,aerobe
,,,,,2519899682,
,,,,,GCA_000378445,
166257,OD32,"KCTC 33972, CICC 24671",1,Deinococcus arcticus,GCA_003028415,aerobe
133034,FeSTC15-38,"DSM 101791, NCAIM B.02630",1,Deinococcus budaensis,1665626.3,aerobe
,,,,,2861295632,
,,,,,GCA_014201885,
3888,5516J-15,"DSM 18568, CIP 109796, KACC 11606",1,Deinococcus cellulosilyticus,1223518.3,aerobe
,,,,,GCA_007990775,
3900,"MJ27, B-17D","DSM 26465, JCM 16918, KCTC 13751",1,Deinococcus daejeonensis,1007098.3,aerobe
,,,,,GCA_014647175,
3863,VCD115,"DSM 17065, CIP 109153, LMG 22923",1,Deinococcus deserti,546414.17,aerobe
,,,,,546414.18,
,,,,,546414.19,
,,,,,546414.3,
,,,,,643692020,
,,,,,GCA_000020685,
166403,H1,"CGMCC 1.13938, JCM 33291",1,Deinococcus detaillensis,GCA_007280555,aerobe
3885,CC-FR2-10,"DSM 19119, CCUG 51391, CIP 108832, CCUG 53391",1,Deinococcus ficus,1121379.3,aerobe
,,,,,2524614857,
,,,,,2739367875,
,,,,,GCA_000430865,
,,,,,GCA_003444775,
158506,FeSDHB5-19,"DSM 106917, NCAIM B.02639",1,Deinococcus fonticola,2528713.3,aerobe
,,,,,GCA_004634215,
3876,KR-140,"DSM 18049, LMG 22133, NRRL B-23943, CCUG 55996",1,Deinococcus hopiensis,2509276064,aerobe
,,,,,GCA_900176165,
23889,MK03,"DSM 27939, JCM 17915, KCTC 13619",1,Deinococcus humi,2597489808,aerobe
,,,,,2861281385,
,,,,,662880.4,
,,,,,662880.5,
,,,,,GCA_014201875,
,,,,,GCA_014647275,
159760,17bor-2,"KCTC 33907, NBRC 113037",1,Deinococcus irradiatisoli,GCA_003173015,aerobe
159872,SJW1-2,"KACC 19332, NBRC 112908",1,Deinococcus koreensis,2895820470,aerobe
,,,,,GCA_002901445,
166303,"HUT-8138, KR-1",KCTC 33977,1,Deinococcus kurensis,GCA_009687825,aerobe
3869,AA-63,"DSM 12784, CIP 109039, NRRL B-41042",1,Deinococcus marmoris,1121381.3,aerobe
,,,,,2561511138,
,,,,,GCA_000701405,
3887,KR-200,"DSM 19664, CIP 109416, LMG 22246, CCUG 58334",1,Deinococcus peraridilitoris,2509276065,aerobe
,,,,,937777.1,
,,,,,937777.11,
,,,,,937777.3,
,,,,,GCA_000317835,
3851,MRP,"DSM 20540, ATCC 35074, CCM 2703, CCUG 50161, IFO 15345, NCIMB 13154, UWO 1056, JCM 6276, BCRC 17377, HAMBI 2066, IAM 12141, NBRC 101906, NBRC 15345, VKM Ac-1939",1,Deinococcus proteolyticus,649633035,aerobe
,,,,,693977.14,
,,,,,693977.15,
,,,,,693977.16,
,,,,,693977.17,
,,,,,693977.3,
,,,,,GCA_000190555,
3890,TDMA-uv51,"DSM 22367, CCUG 53611, JCM 14370, NBRC 102117",1,Deinococcus roseus,392414.3,aerobe
,,,,,GCA_014646895,
133314,JSH3-1,"KCTC 33790, JCM 31311",1,Deinococcus ruber,1848197.3,aerobe
,,,,,GCA_014648095,
23887,R12,"DSM 28115, CGMCC 1.8884, CIP 110212, NBRC 105665",1,Deinococcus wulumuqiensis,1288484.1,aerobe
,,,,,1288484.11,
,,,,,1288484.12,
,,,,,1288484.13,
,,,,,1288484.14,
,,,,,1288484.15,
,,,,,1288484.16,
,,,,,1288484.17,
,,,,,1288484.18,
,,,,,1288484.19,
23888,R13,"DSM 28106, CGMCC 1.8885, NBRC 105666, CIP 110211",0,Deinococcus wulumuqiensis,980427.7,aerobe
,,,,,GCA_000478785,
,,,,,GCA_014645595,
17837,JC2054,"DSM 19086, IMSNU 14027, JCM 12123, KCTC 9919, NBRC 106260",1,Demequina aestuarii,2690315957,aerobe
,,,,,327095.3,
,,,,,GCA_000975095,
23444,YM12-102,"DSM 27402, KCTC 19745, MBIC 08347, NBRC 106265",1,Demequina aurantiaca,2660238532,aerobe
,,,,,676200.3,
,,,,,GCA_000975135,
23445,YM24-125,"DSM 27404, KCTC 19747, MBIC 08349, NBRC 106266",1,Demequina globuliformis,2690315954,aerobe
,,,,,676202.3,
,,,,,GCA_000975155,
23446,YM05-1041,"DSM 27405, KCTC 19746, MBIC 08346, NBRC 106264",1,Demequina oxidasica,2690315952,aerobe
,,,,,676199.3,
,,,,,GCA_000975115,
17839,KV-810,"DSM 22060, NBRC 105323",1,Demequina salsinemoris,2671180261,aerobe
,,,,,GCA_000974805,
3921,2002-46,"CCUG 39179, CCM 4700, CIP 105501, JCM 11480, DSM 11295, IFO 16164, NBRC 16164, HKI 0089, NCIMB 13517",1,Demetria terragena,1121385.3,aerobe
,,,,,2521172561,
,,,,,GCA_000376825,
166499,K23C18032701,"GDMCC 1.1403, KCTC 62913",1,Deminuibacter soli,2291815.3,aerobe
,,,,,2845931976,
,,,,,GCA_003412455,
13931,"AcBE2-1, AcBE2I","DSM 16959, JCM 12830",1,Denitratisoma oestradiolicum,311182.3,aerobe
,,,,,311182.4,
,,,,,GCA_007844305,
,,,,,GCA_902813185,
132483,AD1-86,"DSM 100050, KCTC 39585",1,Dermabacter vaginalis,2721755616,aerobe
,,,,,GCA_001678905,
3924,MT1.1,"DSM 17573, CIP 109302, NCIMB 14084, JCM 14339",1,Dermacoccus abyssi,2833109367,aerobe
,,,,,GCA_003515945,
3940,"A-4, V.1328/1","DSM 44180, ATCC 14637, CCUG 47448, JCM 8106, NRRL B-2350, NCTC 13039, NBRC 105199",1,Dermatophilus congolensis,1121387.3,aerobe
,,,,,1863.3,
,,,,,2523533584,
,,,,,2773857907,
,,,,,GCA_000429885,
,,,,,GCA_900187045,
133843,HL-12,"BCRC 80208, KCTC 23311",1,Derxia lacustris,GCA_002105195,aerobe
2272,,"DSM 20581, ATCC 8363, NCIB 9892, CCUG 38799, JCM 1969, BCRC 11883, CGMCC 1.1918, CIP 104227, IFO 12145, KCTC 3258, NBRC 12145, NCIMB 9892, CCTM La 2757",1,Desemzia incerta,2622736579,aerobe
,,,,,82801.3,
,,,,,GCA_900115825,
158572,KJ1-10-99,"LMG 29918, KCTC 33878",1,Desertibacillus haloalkaliphilus,GCA_019039105,aerobe
168917,16Sb5-5,"KCTC 49116, CGMCC 1.16553",1,Desertihabitans brevis,GCA_003327535,aerobe
,,,,,QOUI00000000,
16786,,"DSM 45169, CCUG 55916, IMMIB L-1269",1,Desmospora activa,1121389.3,aerobe
,,,,,2737471615,
,,,,,2784132155,
,,,,,GCA_003046315,
6170,,"DSM 24953, CCM 7426, MTCC 8593, IPL 18",1,Devosia chinhatensis,429727.3,aerobe
133408,S37,"TBRC 5145, LMG 29420",1,Devosia elaeis,2841880164,aerobe
,,,,,GCA_001650025,
6169,BD-c194,"DSM 19414, KCTC 22082",1,Devosia geojensis,2636415796,aerobe
,,,,,443610.3,
,,,,,GCA_000969415,
164309,IO390501,"JCM 32636, CCTCC AB 2018070, CGMCC 1.13555",1,Devosia indica,GCA_003056405,aerobe
,,,,,PYVZ00000000.1,
6167,DS-56,"DSM 17955, KCTC 12821",1,Devosia insulae,1116389.3,aerobe
,,,,,2636415773,
,,,,,GCA_000970465,
6165,,"DSM 17137, CIP 109005, LMG 22951",1,Devosia limi,1121477.3,aerobe
,,,,,1121477.5,
,,,,,2582580747,
,,,,,2627853739,
,,,,,GCA_000970435,
,,,,,GCA_900128975,
164276,CM5-1,"JCM 32509, CGMCC 1.13553",1,Devosia naphthalenivorans,GCA_003056355,aerobe
6173,Cr7-05,"DSM 22950, CGMCC 1.10210, CIP 110130",1,Devosia psychrophila,2617270931,aerobe
,,,,,2627853832,
,,,,,728005.4,
,,,,,GCA_000971275,
,,,,,GCA_900112505,
6168,HST3-14,"DSM 23447, JCM 14206, KCTC 12772, CGMCC 1.10441",1,Devosia soli,2830079415,aerobe
,,,,,395930.6,
,,,,,GCA_014197055,
133922,,"NRIC 0884, JCM 18935, KMM 9415",1,Devosia submarina,1173082.4,aerobe
,,,,,2848589509,
,,,,,GCA_003056345,
2957,RF3,"DSM 22780, KCTC 22225, LMG 24467",1,Diaphorobacter oryzae,2574179700,aerobe
4346,EC17,"CCUG 38766, LMG 2804, DSM 4610, ATCC 11663, CIP 82.99, DAR 35625, NCPPB 402, PDDCC 5703",1,Dickeya chrysanthemi,1223569.8,aerobe
,,,,,2558860220,
,,,,,GCA_000406105,
166540,Uno16,"NBRC 113154, BCRC 81115",1,Dictyobacter alpinus,2014873.3,aerobe
,,,,,2837722614,
,,,,,GCA_003967575,
140692,S-27,"NBRC 109595, InaCC B312",1,Dictyobacter aurantiacus,1936993.3,aerobe
,,,,,GCA_003967515,
166541,Uno11,"NBRC 113153, LMG 30472, BCRC 81114",1,Dictyobacter kobayashii,2014872.3,aerobe
,,,,,2848425531,
,,,,,GCA_003967555,
4258,K30-10,"DSM 44907, JCM 13325, MTCC 7007, CCUG 54952, BCRC 16834, CIP 109330, NBRC 105042, NCIMB 14304",1,Dietzia kunjamensis subsp. kunjamensis,2728369259,aerobe
,,,,,322509.3,
,,,,,GCA_003610395,
4261,,"DSM 45139, CCTCC AA 207015, JCM 16003, YIM 65001",1,Dietzia kunjamensis subsp. schimae,2724679793,aerobe
,,,,,498198.3,
,,,,,GCA_900182685,
4264,,"DSM 45074, CCTCC AA 207008, KCTC 19232, YIM 80766, JCM 19954",1,Dietzia lutea,2841082593,aerobe
,,,,,546160.3,
,,,,,546160.4,
,,,,,GCA_003096075,
,,,,,GCA_009806405,
4241,AUCNM-A-593,"DSM 43672, ATCC 35013, AUCNM A-593, CIP 104188, IFO 15801, JCM 6166, NBRC 15801, VKM Ac-593, CCUG 44488, NCIMB 11744, IMV 195, CECT 4617, IFO 15529, IMSNU 21250, KCTC 9950, LMG 5361, NBRC 15529, NRRL B-16941, PCM 2292",1,Dietzia maris,2834342532,aerobe
,,,,,37915.4,
,,,,,GCA_001630765,
4255,,"DSM 44904, CCUG 50875, CIP 50875, IMMIB RIV-399, JCM 13663, IFM 10668, NBRC 102147",0,Dietzia maris,1223524.3,aerobe
,,,,,2675903565,
,,,,,GCA_001571065,
4259,N 1280,"DSM 44961, NCIMB 14145, JCM 15317, IFM 10921, NBRC 105045",1,Dietzia papillomatosis,1349764.3,aerobe
,,,,,2731957607,
,,,,,GCA_001570845,
4263,ID05-A0528,"DSM 45568, BTCC B-560, JCM 18295, NBRC 104184",1,Dietzia timorensis,2744054500,aerobe
,,,,,GCA_001651825,
,,,,,GCA_001659785,
132486,DHOA34,"DSM 100059, CGMCC 1.15023, KCTC 42632",1,Dinghuibacter silviterrae,1539049.3,aerobe
,,,,,2788499880,
,,,,,GCA_004366355,
13662,,"DSM 16493, DFL 12",1,Dinoroseobacter shibae,2501004205,aerobe
,,,,,398580.3,
,,,,,398580.31,
,,,,,398580.32,
,,,,,398580.33,
,,,,,398580.34,
,,,,,GCA_000018145,
133856,LM2-5,"CGMCC 1.7659, JCM 15763",1,Dokdonella immobilis,2667527410,aerobe
,,,,,578942.3,
,,,,,GCA_900115085,
17450,DS-123,"DSM 17203, KCTC 12396",1,Dokdonella koreensis,1300342.5,aerobe
,,,,,2687453174,
,,,,,GCA_001632775,
5505,DSW-1,"DSM 17200, KCTC 12391, CIP 109306",1,Dokdonia donghaensis,1300343.3,aerobe
,,,,,1300343.5,
,,,,,2627853639,
,,,,,GCA_000769435,
,,,,,GCA_001653755,
141063,XD80,"CCTCC AB 2015053, KCTC 33636, DSM 104295",1,Domibacillus antri,1714264.4,aerobe
,,,,,2788500367,
,,,,,GCA_001936625,
140687,,"KCTC 33820, MTCC 12571, DSM 100930, SAOS 44, JCM 32631",1,Domibacillus mangrovi,GCA_001906925,aerobe
22934,"WS 4628, isolate G 6512, WS 4628, isolate G 6512","DSM 25058, LMG 26645",1,Domibacillus robiginosus,GCA_000966195,aerobe
24510,SW-277,"DSM 29127, JCM 13604, KCTC 12735, CIP 109518",1,Donghicola eburneus,2684622851,aerobe
,,,,,393278.4,
,,,,,GCA_900115865,
133612,LM22,"CGMCC 1.7660, JCM 15798, BCRC 80546",1,Dongia mobilis,2667527396,aerobe
,,,,,578943.3,
,,,,,GCA_004363235,
141131,,"KCTC 42409, JCM 30745, DCY 83",1,Massilia ginsengisoli,1462440.3,aerobe
,,,,,2915254074,
,,,,,GCA_009720865,
11312,T54,"DSM 23865, CCM 7824, LMG 25994, CCUG 60090",1,Duganella phyllosphaerae,2623620540,aerobe
,,,,,762836.1,
,,,,,GCA_001758785,
133834,Sac-41,"KCTC 22382, NCIMB 14476",1,Duganella radicis,551988.3,aerobe
,,,,,GCA_009720825,
133833,Sac-22,"KCTC 22381, NCIMB 14475",1,Duganella sacchari,2651870174,aerobe
,,,,,GCA_900143065,
23169,"OSU 115, 115","DSM 16928, ATCC 25935, IAM 12670, CCUG 55606, JCM 20729, NCIMB 11941, KCTC 2582, NBRC 102465",1,Duganella zoogloeoides,1261617.3,aerobe
,,,,,2518645587,
,,,,,GCA_000383895,
3780,12116,"DSM 23607, CCTCC AB 207176, NRRL B-51268",1,Dyadobacter alkalitolerans,1121481.4,aerobe
,,,,,2524023163,
,,,,,GCA_000428845,
23879,A54,"DSM 21582, CGMCC 1.6375, JCM 14200, CIP 109570",1,Dyadobacter beijingensis,1121482.3,aerobe
,,,,,2522125168,
,,,,,365489.3,
,,,,,GCA_000382205,
,,,,,GCA_014645155,
3777,"CP 183-8, CP183-8","DSM 16708, ATCC BAA-1036, KCTC 23639, CIP 109009, VTT E-072669",1,Dyadobacter crusticola,1121483.3,aerobe
,,,,,2561511040,
,,,,,GCA_000701505,
132636,65,"DSM 100786, CGMCC 1.15288",1,Dyadobacter endophyticus,1749036.3,aerobe
,,,,,GCA_014641595,
3776,"NS 114, NS114","DSM 18053, ATCC 700827, CIP 107007, KCTC 52180",1,Dyadobacter fermentans,471854.5,aerobe
,,,,,644736356,
,,,,,GCA_000023125,
168496,NS28,"MCCC 1K03764, NBRC 113854",1,Dyadobacter flavalbus,GCA_006149045,aerobe
,,,,,VBSN00000000,
167837,AR-3-8,"NBRC 113791, KACC 21173, KEMB 9005-744",1,Dyadobacter frigoris,GCA_005280585,aerobe
,,,,,SZVO00000000,
3778,,"DSM 21015, KCTC 12589, LMG 23409, Gsoil 043",1,Dyadobacter ginsengisoli,2574179707,aerobe
130271,AM1R11,"DSM 100346, JCM 17918, KACC 16446",1,Dyadobacter jejuensis,1082580.3,aerobe
,,,,,2731639220,
,,,,,GCA_003149085,
3779,WPCB 159,"DSM 19938, KCTC 12537, NBRC 101116",1,Dyadobacter koreensis,2622736476,aerobe
,,,,,408657.4,
,,,,,GCA_900108855,
164417,RS19,"JCM 32940, ACCC 60381, CGMCC 1.13719",1,Dyadobacter luteus,2839216549,aerobe
,,,,,GCA_003383615,
166429,T17,"KCTC 52981, CCTCC AB 2017091",1,Dyadobacter luticola,GCA_005860805,aerobe
3782,BZ26,"DSM 22270, CGMCC 1.8951, KCTC 23640, CIP 110129",1,Dyadobacter psychrophilus,2595698219,aerobe
,,,,,651661.3,
,,,,,GCA_900167945,
167791,AR-3-6,"KEMB 9005-743, KACC 21172, NBRC 113790",1,Dyadobacter psychrotolerans,GCA_004349265,aerobe
,,,,,SMFL00000000,
23880,MJ20,"DSM 25329, JCM 16232, KCTC 22481",1,Dyadobacter soli,2619619010,aerobe
,,,,,659014.3,
,,,,,GCA_900101885,
134005,Y620-1,"JCM 18589, CGMCC 1.12215",1,Dyadobacter tibetensis,1434325.3,aerobe
,,,,,2585427797,
,,,,,GCA_000566685,
166261,DHC06,"GDMCC 1.1186, LMG 30090",1,Dyella amyloliquefaciens,GCA_004296575,aerobe
141034,DHOB09,"CGMCC 1.15434, LMG 29202",1,Dyella caseinilytica,1849581.3,aerobe
,,,,,GCA_014642815,
,,,,,GCA_016865235,
166486,4 M-K27,"GDMCC 1.1189, LMG 30267",1,Dyella choica,GCA_003977665,aerobe
166487,DHOA06,"KCTC 52129, NBRC 111978",1,Dyella dinghuensis,2884429793,aerobe
,,,,,GCA_003977615,
141035,DHOC52,"NBRC 111979, KCTC 52128",1,Dyella flava,GCA_016904955,aerobe
17453,XD53,"DSM 16301, ATCC BAA-939, IAM 15069, CCUG 58062, JCM 21530, NBRC 102414",1,Dyella japonica,1440762.4,aerobe
,,,,,2639762820,
,,,,,GCA_001010355,
24670,SBZ3-12,"DSM 26119, CCTCC AB 2012160, KACC 16539",1,Dyella jiangningensis,GCA_000632805,aerobe
,,,,,GCA_900100425,
130847,THG-B117,"DSM 100356, JCM 18747, KACC 16981",1,Dyella kyungheensis,GCA_016905005,aerobe
141036,DHON07,"CGMCC 1.15400, NBRC 111475",1,Dyella mobilis,GCA_016904945,aerobe
166465,4 G-K06,"LMG 30268, GDMCC 1.1188",1,Dyella monticola,GCA_003363155,aerobe
166464,4MSK11,"KCTC 62280, GDMCC 1.1185",1,Dyella psychrodurans,2894698865,aerobe
,,,,,GCA_003363265,
17457,JS12-10,"DSM 23154, JCM 15423, KACC 12747",1,Dyella soli,522319.3,aerobe
,,,,,GCA_004336905,
17458,JS14-6,"DSM 23153, JCM 15424, KACC 12748",1,Dyella terrae,2894703127,aerobe
,,,,,522259.3,
,,,,,GCA_004322705,
17459,ATSB10,"DSM 25733, KACC 12756, LMG 24673",1,Dyella thiooxydans,2687453130,aerobe
,,,,,445710.3,
,,,,,GCA_001641285,
140501,JL3085,"NBRC 111782, CGMCC 1.15407",1,Echinicola rosea,1807691.4,aerobe
,,,,,2836705604,
,,,,,GCA_005281475,
,,,,,GCA_014642715,
133368,,"MEBiC 08714, KCTC 52052, JCM 31307",1,Echinicola strongylocentroti,1795355.3,aerobe
,,,,,GCA_003260975,
1269,,"DSM 19096, CCUG 52470, Gsoil 1517, KCTC 13929, LMG 23408, CIP 109496",1,Ectobacillus panaciterrae,1121093.3,aerobe
,,,,,2524614636,
,,,,,GCA_000430785,
140755,4G-K17,"CGMCC 1.15447, LMG 29212",1,Edaphobacter acidisoli,2040573.3,aerobe
,,,,,GCA_014642855,
,,,,,GCA_025685745,
159869,4MSH08,"GDMCC 1.1317, KCTC 62475",1,Edaphobacter bradus,GCA_025685645,aerobe
132350,DHF9,"DSM 29920, CGMCC 1.12997",1,Edaphobacter dinghuensis,1560005.4,aerobe
,,,,,GCA_014640335,
,,,,,GCA_025685705,
166115,HME-24,"KCTC 62977, CGMCC 1.13935",1,Edaphocola flava,2881955468,aerobe
,,,,,GCA_004118155,
159199,SYP-B2100,"DSM 105170, CGMCC 1.5857, KCTC 62024",1,Edaphovirga cremea,2267246.3,aerobe
,,,,,2852103415,
,,,,,GCA_003332275,
131380,ET080813,"DSM 27202, CCTCC AB 2013118, CCUG 64215, MCCC 1K00238",1,Edwardsiella anguillarum,1821960.6,aerobe
,,,,,667120.1,
,,,,,667120.9,
,,,,,GCA_000264765,
,,,,,GCA_008801815,
434,MP4,"DSM 22757, CIP 109385, NCIMB 14276",1,Effusibacillus pohliae,1120973.4,aerobe
,,,,,2518645625,
,,,,,GCA_000376225,
141116,,"CGMCC 1.14988, KCTC 33612, EGI 80432, JCM 33036",1,Egicoccus halophilus,1670830.4,aerobe
,,,,,GCA_004300825,
,,,,,GCA_014640475,
24749,MD2,"DSM 25217, JCM 30196, LMG 26586",1,Eilatimonas milleporae,2728369464,aerobe
,,,,,911205.3,
,,,,,GCA_003688555,
3833,BiosLi/39,"DSM 19307, CIP 109600, OOB 398, BiosLi 39",1,Ekhidna lutea,2687453772,aerobe
,,,,,447679.3,
,,,,,GCA_900188325,
17879,"DQ417339, TU-7","DSM 17972, CIP 109115",1,Elioraea tepidiphila,1121861.3,aerobe
,,,,,2519899683,
,,,,,GCA_000378465,
24016,"2.5, R26, R35/26","DSM 23781, CCM 7804, CCUG 60038, CIP 111203",0,Elizabethkingia anophelis subsp. anophelis,1246994.3,aerobe
,,,,,2529292732,
,,,,,GCA_000331815,
,,,,,GCA_002023665,
,,,,,GCA_017124975,
5507,W3-B1,"CCUG 58416, JCM 11413, DSM 14571, CIP 108250, GTC 862, KCTC 12492, BCRC 17371",1,Elizabethkingia miricola,172045.52,aerobe
,,,,,172045.68,
,,,,,2593339301,
,,,,,GCA_008124555,
,,,,,GCA_900092045,
157094,"CL681/77, G4070","CCUG 69505, DSM 2976, CIP 111193, DSM 103650",1,Elizabethkingia occulta,GCA_002023715,aerobe
157086,G4122,"CIP 111192, DSM 2974, CCUG 69496, DSM 103688",1,Elizabethkingia ursingii,GCA_001521765,aerobe
140756,TH019,"CGMCC 1.15802, LMG 29721",1,Elstera cyanobacteriorum,2022747.4,aerobe
,,,,,GCA_002251735,
,,,,,GCA_014643715,
16401,KM-4927,"DSM 41855, CIP 108319, JCM 11712, NRRL B-24202, NBRC 100760",1,Embleya scabrispora,1123320.3,aerobe
,,,,,2515154197,
,,,,,GCA_000372745,
159732,ZYL,"KCTC 62328, JCM 32378, MCCC 1K03526",1,Paremcibacter congregatus,2786546679,aerobe
,,,,,GCA_002740695,
,,,,,GCA_006385135,
166207,MRS2,"KCTC 62904, NBRC 113550",1,Empedobacter tilapiae,2890122093,aerobe
,,,,,GCA_004785645,
164447,17J42-9,"JCM 33056, KCTC 62270",1,Emticicia agri,GCA_004168285,aerobe
3783,GPTSA100-15,"DSM 17448, CIP 109782, MTCC 6937",1,Emticicia oligotrophica,2506485001,aerobe
,,,,,929562.1,
,,,,,929562.3,
,,,,,929562.6,
,,,,,929562.7,
,,,,,929562.8,
,,,,,929562.9,
,,,,,GCA_000263195,
133844,"M1MS02, MIMS02","LMG 26838, CECT 8088, CIP 110365",1,Endobacter medicaginis,1181271.4,aerobe
,,,,,1181271.5,
,,,,,2824439340,
,,,,,GCA_013376135,
,,,,,GCA_014192375,
,,,,,GCA_026341395,
140757,Acr-14,"BCRC 80922, LMG 29482, KCTC 42901",1,Endozoicomonas acroporae,2839589109,aerobe
,,,,,GCA_002864045,
133557,CL-33,"LMG 24815, BCRC 17933",1,Endozoicomonas montiporae,1027273.5,aerobe
,,,,,2574179789,
,,,,,2687453173,
,,,,,570277.3,
,,,,,GCA_000722565,
,,,,,GCA_001583435,
130456,G,"DSM 8914, ATCC 27094, CCUG 58314, NCIMB 12535, LMG 21877",1,Enhydrobacter aerosaccus,225324.4,aerobe
,,,,,2582581318,
,,,,,GCA_900167455,
155175,,"CCUG 56773, NCIMB 12342, ATCC 33212, LMG 20216, JCM 21105, NBRC 100388, IAM 14251",1,Ensifer adhaerens,106592.22,aerobe
,,,,,106592.23,
,,,,,GCA_000697965,
166119,LMR001,"LMG 31426, HAMBI 3707",1,Ensifer aridi,2850101759,aerobe
,,,,,GCA_002078505,
140805,,"LMG 29231, HAMBI 3645, CCBAU 23380",1,Ensifer glycinis,1472378.3,aerobe
,,,,,GCA_001651865,
13546,3D0a2,"DSM 30135, ATCC 9930, CCUG 27879, LMG 6133, JCM 20682, CFBP 5561, HAMBI 2148, IAM 12611, ICMP 12623, IFO 14782, NBRC 14782, NCAIM B.01520, NRRL L-45, NZP 4027, OUT 30010, USDA 1002, CIP 107332, ORS 665T",1,Ensifer meliloti,382.1072,aerobe
,,,,,GCA_006539625,
7793,"G-5, G5","DSM 22966, MTCC 9846, JCM 17931",1,Enteractinococcus fodinae,2923486541,aerobe
132219,IG-V01,"DSM 103736, KCTC 42159, MCC 2532",1,Enterobacillus tribolii,1487935.3,aerobe
,,,,,1487935.4,
,,,,,2756170277,
,,,,,GCA_003363015,
,,,,,GCA_019739135,
4375,A-1,"DSM 17580, ATCC 33241, CCM 2421, LMG 2693, NCPPB 2176, CCUG 25231, PDDCC 5706, CIP 103787",1,Enterobacter cancerogenus,69218.16,aerobe
,,,,,69218.48,
,,,,,GCA_900185905,
157221,,"CCUG 70660, NCTC 13405",0,Enterobacter cloacae,550.1669,aerobe
,,,,,GCA_900447305,
157222,,"CCUG 70661, NCTC 13406",0,Enterobacter cloacae,550.1675,aerobe
,,,,,GCA_900447645,
4371,"W-4, 8122-86","DSM 16657, ATCC 23373, CIP 105586, ICMP 1570, NCPPB 1850, NRRL B-154, CCUG 25230, LMG 2683, JCM 6049, ICPB ED 105, ICPB 1570",1,Enterobacter cloacae subsp. dissolvens,69219.9,aerobe
,,,,,GCA_009660455,
131087,EN-314,"DSM 16687, CCM 8660, CCUG 53905, CIP 108490",1,Enterobacter hormaechei subsp. oharae,2721755540,aerobe
,,,,,301102.37,
,,,,,301102.8,
,,,,,301102.81,
,,,,,301102.82,
,,,,,301102.83,
,,,,,GCA_001729705,
131104,EN-562,"DSM 16691, CCM 8661, CCUG 53904, CIP 108489",1,Enterobacter hormaechei subsp. steigerwaltii,158836.1172,aerobe
,,,,,2721755484,
,,,,,299766.39,
,,,,,GCA_001729725,
132178,17-Oct,"DSM 101093, CCUG 62994, LMG 27195, NCIMB 14836",1,Enterobacter hormaechei subsp. xiangfangensis,1296536.16,aerobe
,,,,,2718217756,
,,,,,GCA_001729785,
4372,EN-119,"CCUG 51323, DSM 16688, CCM 8602, CIP 108491, KCTC 23921",1,Enterobacter ludwigii,2636415448,aerobe
,,,,,2718218030,
,,,,,299767.2,
,,,,,299767.3,
,,,,,GCA_000818595,
,,,,,GCA_001750725,
157178,,CCUG 70166,0,Enterobacter sp.,GCA_020224095,aerobe
5351,"SS-1777, SS 1777, 2215-02","DSM 19114, ATCC BAA-1240, CCUG 51564, CCM 7399, CIP 109321",1,Enterococcus caccae,317735.3,aerobe
,,,,,GCA_001885825,
5343,,"DSM 17029, CCUG 46666, CIP 108093, LMG 12316, NBRC 100695",1,Enterococcus canis,1349765.3,aerobe
,,,,,214095.3,
,,,,,2681813000,
,,,,,GCA_001544375,
,,,,,GCA_001885805,
5272,CA 2,"DSM 7370, ATCC 49996, CCM 4239, CCUG 30567, CIP 103525, CCM 439",0,Enterococcus casseliflavus,1158603.3,aerobe
,,,,,1158603.5,
,,,,,2545824673,
,,,,,2558860903,
,,,,,37734.149,
,,,,,GCA_000393915,
,,,,,GCA_000407405,
5328,,"DSM 7374, ATCC 51263, NCIMB 13013, CCUG 27894, STR 345, CIP 103675, LMG 11740",1,Enterococcus columbae,1121865.3,aerobe
,,,,,1121865.4,
,,,,,1121865.5,
,,,,,1121865.7,
,,,,,2515154086,
,,,,,2541047448,
,,,,,2541047998,
,,,,,GCA_000373065,
,,,,,GCA_000406925,
,,,,,GCA_000407225,
5337,PQ1,"DSM 15689, ATCC BAA-350, CCUG 45553, CIP 107662, CCM 7168, NBRC 100696",1,Enterococcus gilvus,160453.3,aerobe
,,,,,GCA_001885915,
5341,"Svec 440, 440","CCUG 45916, DSM 15920, CCM 4851, LMG 19487, CIP 107129",1,Enterococcus haemoperoxidus,155618.3,aerobe
,,,,,GCA_001885985,
5340,"Svec 330, 330","DSM 15919, CCM 4856, LMG 19486, CCUG 45913, CIP 107130",1,Enterococcus moraviensis,155617.3,aerobe
,,,,,GCA_001886065,
5318,W 102,"DSM 4838, ATCC 43186, NCDO 2375, MUTK 559, CCUG 18656, JCM 8731, BCRC 17141, BCRC 17356, CCM 4058, CECT 972, CIP 103010, HAMBI 1570, KCTC 3630, LMG 10748, NBRC 100490, NCIMB 13132, NCIMB 702375, NCTC 12363",1,Enterococcus mundtii,53346.33,aerobe
,,,,,53346.38,
,,,,,53346.54,
,,,,,GCA_001886035,
,,,,,GCA_002813755,
,,,,,GCA_007990125,
5338,PQ2,"CIP 107663, CCM 7169, NBRC 100697, DSM 15690, ATCC BAA-351, CCUG 45554",1,Enterococcus pallens,160454.3,aerobe
,,,,,GCA_001886075,
5335,JLB-1,"CCUG 48923, KCTC 3818, DSM 14726, ATCC BAA-412, CIP 108361, NBRC 100711",1,Enterococcus phoeniculicola,154621.3,aerobe
,,,,,GCA_001886115,
5358,"CCRI-16985, EN-66","DSM 23327, CCUG 59306, LMG 26306",1,Enterococcus quebecensis,903983.3,aerobe
,,,,,903983.4,
,,,,,GCA_001730365,
,,,,,GCA_001886145,
5326,"1789/79, 1789-79","DSM 5633, ATCC 49427, NCTC 12192, CCUG 29292, CIP 103329, LMG 12888, JCM 8733, NBRC 100492, CCM 4216, CDC 1789-79, NCAIM B.02061, NCIMB 12901, VTT E-97812",1,Enterococcus raffinosus,1218093.3,aerobe
,,,,,2731957560,
,,,,,71452.3,
,,,,,GCA_001544115,
,,,,,GCA_001886185,
5336,DS 2705-87,"DSM 15687, ATCC 700914, CCUG 43228, CDC 2705-87, CIP 107173, NCIMB 13635",1,Enterococcus ratti,150033.3,aerobe
,,,,,GCA_001886195,
5349,W442,"DSM 22801, CCM 7319, CCUG 53830, CIP 109179, LMG 23085",1,Enterococcus silesiacus,2687453605,aerobe
,,,,,332949.6,
,,,,,332949.8,
,,,,,GCA_001465115,
,,,,,GCA_001886225,
5350,"C.J. Portricus UAD1, UAD1","CCM 7300, DSM 22803, CCUG 53831, CIP 109180, LMG 8895",1,Enterococcus termitis,2916559209,aerobe
,,,,,332950.4,
,,,,,332950.6,
,,,,,GCA_001730305,
,,,,,GCA_001886275,
5339,"DS 1390-83, Johnson 2757, SS1503","DSM 15688, ATCC 700913, CCUG 43229, CIP 107172, NCIMB 13634",0,Enterococcus villorum,1158604.3,aerobe
,,,,,1158604.4,
,,,,,2545824674,
,,,,,2558860910,
,,,,,GCA_000393935,
,,,,,GCA_000407205,
17215,"RE35/F12, RE35F12","DSM 14347, ATCC BAA-606, CCUG 48319 B, CECT 7414, CIP 107077, CCUG 48319",1,Enterovibrio calviensis,1121867.3,aerobe
,,,,,2556921009,
,,,,,GCA_000621165,
17216,R-3710,"DSM 15893, LMG 19839, CCUG 47417, CAIM 430, CIP 108237",1,Enterovibrio norvegicus,1121869.4,aerobe
,,,,,2599185265,
,,,,,GCA_900115495,
24523,U95,"DSM 24752, LMG 26464",1,Epibacterium ulvae,2622736501,aerobe
,,,,,GCA_002796795,
,,,,,GCA_900102795,
158621,EPI-7,"KCCM 90264, JCM 31644",1,Epidermidibacterium keratini,2883308892,aerobe
,,,,,GCA_009834025,
4386,S59/5,"DSM 30165, ATCC 15580, CCM 1114, IFO 12687, NBRC 12687, NCPPB 683, PDDCC 15, PDDCC 1540, CCUG 4906, IFO 13538",1,Erwinia amylovora,1219359.3,aerobe
,,,,,2588253839,
,,,,,552.412,
,,,,,GCA_000367625,
,,,,,GCA_000696075,
,,,,,GCA_017161565,
4397,,"DSM 17597, LMG 7039, NCPPB 3555, IBSBF 435, PDDCC 8426, CIP 105200, CFBP 3627, ICMP 8426",1,Erwinia psidii,2898987143,aerobe
,,,,,69224.3,
,,,,,GCA_003846135,
140998,JSSK-14,"KCTC 52764, NBRC 112765",1,Aurantiacibacter aquimixticola,2851252389,aerobe
,,,,,GCA_003605475,
140758,RC-4-10-4,"CGMCC 1.15507, JCM 31277",1,Aurantiacibacter arachoides,1850444.4,aerobe
,,,,,GCA_009827335,
,,,,,GCA_014643415,
5396,DSW-74,"DSM 17193, KCTC 12395, DSW 74",1,Erythrobacter dokdonensis,2842993287,aerobe
,,,,,328225.4,
,,,,,GCA_001677335,
,,,,,GCA_002155305,
5394,SW-132,"DSM 16220, KCTC 12229",1,Erythrobacter donghaensis,267135.4,aerobe
,,,,,2840396641,
,,,,,GCA_002155425,
133565,K7-2,"KCTC 22330, JCM 15420",1,Aurantiacibacter gangjinensis,2721755453,aerobe
,,,,,502682.17,
,,,,,GCA_001010925,
,,,,,GCA_001886695,
133796,,"KCTC 23090, JCM 16677, CNU 001",1,Parerythrobacter jejuensis,795812.3,aerobe
,,,,,GCA_009827995,
5381,T4,"DSM 8509, IAM 14332, CIP 106926",1,Erythrobacter litoralis,2585427957,aerobe
,,,,,2811995009,
,,,,,39960.1,
,,,,,39960.13,
,,,,,39960.3,
,,,,,GCA_000714795,
,,,,,GCA_001719165,
166340,EB310,"KCTC 72109, MCCC 1K03690",1,Erythrobacter mangrovi,2911804801,aerobe
,,,,,GCA_013260645,
133748,HWDM-33,"KCTC 23554, CCUG 60528",1,Aurantiacibacter marinus,2648501438,aerobe
,,,,,874156.11,
,,,,,GCA_001013305,
,,,,,GCA_001021555,
166195,KEM-5,"KACC 19865, KCTC 62896, NBRC 113546",1,Qipengyuania marisflavi,2896273336,aerobe
,,,,,GCA_005884405,
133552,T30,"CGMCC 1.7715, JCM 16125",1,Qipengyuania nanhaisediminis,2619618819,aerobe
,,,,,604088.3,
,,,,,GCA_900115585,
134033,JA747,"KCTC 23981, NBRC 108930",1,Aurantiacibacter odishensis,1155476.3,aerobe
,,,,,2839076428,
,,,,,GCA_003605195,
133677,UST081027-248,"JCM 17468, NRRL 59511",1,Qipengyuania pelagi,994320.4,aerobe
,,,,,GCA_009827295,
4420,"MacLeod, McLeod","CCUG 3274, DSM 682, ATCC 10536, NCIB 8879, NCTC 10418, CIP 54.127, IMET 10907, NCIMB 8879",0,Escherichia coli,562.3414,aerobe
,,,,,GCA_900448155,
4507,C,"DSM 4860, ATCC 13706, NCIB 10544, CCUG 48888, CIP 104337, ATCC 25312, NCIMB 12416",0,Escherichia coli,2875683775,aerobe
,,,,,2913137851,
,,,,,GCA_002079225,
,,,,,GCA_002092895,
,,,,,GCA_003287245,
4516,O55:K59(B5):H,"DSM 4779, ATCC 12014, NCTC 9701, CCUG 32986, DSM 5921, CDC 5624-50",0,Escherichia coli,562.34261,aerobe
,,,,,562.68638,
,,,,,GCA_900449515,
4579,"K12 K802, K802","DSM 5912, ATCC 33526, CGSC 5610, NRRL B-14218, CCUG 38855",0,Escherichia coli,GCA_900097005,aerobe
132730,E2,"DSM 105182, NCTC 13846, CCUG 70662",0,Escherichia coli,2728368974,aerobe
,,,,,562.34155,
,,,,,GCA_001509655,
,,,,,GCA_001693555,
,,,,,GCA_002277135,
,,,,,GCA_003328095,
,,,,,GCA_017162475,
,,,,,GCA_018884065,
,,,,,GCA_020556585,
,,,,,GCA_020883515,
142193,,"CCUG 11332, NCTC 9026",0,Escherichia coli,562.34205,aerobe
,,,,,GCA_900448875,
145674,C984,"CCUG 29193, ATCC 43890, CIP 106325",0,Escherichia coli,83334.299,aerobe
,,,,,GCA_009650175,
154143,,"CCUG 52542, NCTC 13351",0,Escherichia coli,562.34169,aerobe
,,,,,GCA_900448485,
154144,,"CCUG 52543, NCTC 13352",0,Escherichia coli,562.34184,aerobe
,,,,,GCA_900448645,
154145,,"CCUG 52544, NCTC 13353",0,Escherichia coli,562.34206,aerobe
,,,,,GCA_900448885,
155545,,"CCUG 58078, BCRC 15947, ATCC 43887",0,Escherichia coli,562.20995,aerobe
,,,,,GCA_002466105,
155687,,"CCUG 58987, ATCC 700926, ATCC 47076",0,Escherichia coli,511145.182,aerobe
,,,,,511145.208,
,,,,,511145.792,
156536,,CCUG 62462,0,Escherichia coli,562.10885,aerobe
,,,,,GCA_001661055,
156939,,"NCTC 13476, CCUG 67180",0,Escherichia coli,562.48258,aerobe
,,,,,GCA_020251585,
,,,,,GCA_900706925,
5730,AS06/20a,"DSM 19308, CIP 109577, OOB 358",1,Eudoraea adriatica,1121875.29,aerobe
,,,,,2522572201,
,,,,,GCA_000382125,
159886,,"DSM 104446, MCCC 1k03290, DSW 09",1,Euzebya rosea,2052804.3,aerobe
133572,F10,"NBRC 105439, KCTC 19736",1,Euzebya tangerina,2831856209,aerobe
,,,,,591198.3,
,,,,,GCA_003074135,
133394,,"CCTCC AB 2014348, KCTC 42440, CY 01",1,Euzebyella marina,1761453.5,aerobe
133614,7SM30,"CECT 7477, KCTC 22655, CIP 109943",1,Euzebyella saccharophila,679664.3,aerobe
,,,,,GCA_014855495,
1242,N-4,"DSM 2522, ATCC 21833, FERM P-1141, JCM 9156, CIP 109017, FERM 1141",1,Evansella cellulosilytica,649633010,aerobe
,,,,,649639.5,
,,,,,GCA_000177235,
4933,1468-78,"CCUG 14506, NCTC 12157, LMG 7869, CECT 859, CCM 4555, JCM 5911, DSM 4580, ATCC 33852, CIP 81.94, NRRL B-24919, CDC 1468-78, JCM 32812, GTC 1277, ICMP 15665",1,Ewingella americana,2588253786,aerobe
,,,,,41202.9,
,,,,,910964.7,
,,,,,GCA_000735345,
,,,,,GCA_008693045,
,,,,,GCA_900451015,
18110,TF-16,"DSM 16306, KCTC 19035, CCUG 55590, CIP 108732, DSM 10306",1,Exiguobacterium aestuarii,GCA_025234735,aerobe
18107,H2,"DSM 14480, CIP 107163, KCTC 3809, CCUG 47137",1,Exiguobacterium antarcticum,1397700.3,aerobe
,,,,,2563366501,
,,,,,GCA_000685865,
18118,9AN,"CCUG 55489 A, DSM 16484, CIP 108858",1,Exiguobacterium artemiae,GCA_025234645,aerobe
18105,BL 77/1,"DSM 6208, ATCC 35652, NCDO 2321, NCIB 11798, CCUG 44910, NCIMB 11798, IFO 14763, CIP 103353",1,Exiguobacterium aurantiacum,1397694.4,aerobe
,,,,,2562617001,
,,,,,GCA_000702585,
18117,8N,"DSM 16483, CIP 108859, CCUG 55490",1,Exiguobacterium mexicanum,GCA_025234665,aerobe
18115,T-2-2,"DSM 17272, JCM 12280, NCIMB 13980, CCUG 51936, CIP 108684, CIP 108634",1,Exiguobacterium oxidotolerans,1397699.3,aerobe
,,,,,2562617200,
,,,,,GCA_000702625,
18119,10c,"DSM 17289, CCUG 50949, CNCM I-2962",1,Exiguobacterium profundum,GCA_025234635,aerobe
18116,255-15,"CCUG 55495, DSM 17290, CIP 109462, JCM 13490",1,Exiguobacterium sibiricum,262543.35,aerobe
,,,,,262543.36,
,,,,,262543.8,
,,,,,641522626,
,,,,,GCA_000019905,
18120,,"DSM 22015, JCM 14376, MTCC 4816, DVS 3Y",1,Exiguobacterium soli,2913394191,aerobe
,,,,,309483.3,
18108,L2,"CCUG 47136, DSM 14481, CIP 107162, KCTC 3810",1,Exiguobacterium undae,1397693.3,aerobe
,,,,,169177.4,
,,,,,2556921110,
,,,,,2831332355,
,,,,,GCA_000620805,
,,,,,GCA_001650325,
131261,S4,"DSM 100911, CGMCC 1.10977, JCM 17803",1,Extensimonas vulgaris,1031594.3,aerobe
,,,,,1031594.4,
,,,,,2596583579,
,,,,,2770939495,
,,,,,GCA_003337425,
,,,,,GCA_007830535,
,,,,,GCA_007996985,
141117,A4,"KCTC 42507, CGMCC 1.15111",1,Roseivirga thermotolerans,1758176.3,aerobe
,,,,,GCA_014653175,
138280,,"CIP 105962, CCUG 36813, CCM 4931",1,Facklamia hominis,2531839288,aerobe
,,,,,883111.3,
,,,,,GCA_000301035,
167635,,"KCTC 52109, YIM 102668, CCTCC AB 2016016",1,Faecalibacter macacae,2479857.3,aerobe
,,,,,GCA_003687725,
,,,,,RDOJ00000000,
166490,GY 10110,"CGMCC 1.13648, NBRC 113502",1,Falsibacillus albus,2832792268,aerobe
,,,,,GCA_003668575,
1409,CW 7,"DSM 25281, CCTCC AB 207188, KCTC 13200, LMG 24451, CIP 109936, BCRC 80032",1,Falsibacillus pallidus,2770939515,aerobe
,,,,,493781.3,
,,,,,GCA_003350505,
166344,,"KCTC 52106, CCTCC AB 2016031, YIM 102744-1",1,Falsigemmobacter faecalis,GCA_003863335,aerobe
133888,JA744,"KCTC 32158, NBRC 108897",1,Falsirhodobacter halotolerans,GCA_022899245,aerobe
23811,B1315,"DSM 26720, CCM 8460, LMG 27356, CIP 110569",1,Falsochrobactrum ovis,1293442.3,aerobe
,,,,,2756170233,
,,,,,GCA_003259955,
5754,UST040201-002,"DSM 21703, JCM 14605, NRRL B-41860",1,Fangia hongkongensis,1121876.3,aerobe
,,,,,2515154119,
,,,,,GCA_000379445,
17690,Karld BL3524N/03,"DSM 18896, CCUG 47711, CIP 108292",1,Fastidiosipila sanguinis,236753.3,aerobe
,,,,,2788500238,
,,,,,GCA_002998295,
5455,A4D-4,"DSM 16917, CIP 109004, MBIC 06480, NBRC 102583",1,Ferrimonas marina,2588254304,aerobe
,,,,,299255.3,
,,,,,GCA_900129905,
1218,R-13853,"DSM 15865, LMG 21880",1,Fictibacillus gelatini,1121091.3,aerobe
,,,,,2523533616,
,,,,,GCA_000430745,
132548,,"DSM 100124, KCTC 33758, MCC 2765, AS 8",1,Fictibacillus halophilus,1610490.3,aerobe
,,,,,2928578658,
,,,,,GCA_016401385,
1304,,"DSM 23009, KCTC 13712, JSM 082006",1,Fictibacillus nanhaiensis,742169.3,aerobe
,,,,,742169.4,
167944,TTM-71,"BCRC 81160, LMG 31017, KCTC 62871",1,Filimonas effusa,GCA_004118675,aerobe
,,,,,SDHZ00000000,
17763,YT21,"DSM 21054, NBRC 104114",1,Filimonas lacunae,2681813554,aerobe
,,,,,2802429281,
,,,,,477680.4,
,,,,,477680.5,
,,,,,GCA_002355595,
,,,,,GCA_900156765,
132574,772,"DSM 100760, CGMCC 1.15290",1,Filimonas zeae,1737353.3,aerobe
,,,,,2861385466,
,,,,,GCA_014641615,
133340,SP5,"LMG 29572, VKM B-3045",1,Fimbriiglobus ruber,2786546892,aerobe
,,,,,GCA_002197845,
164419,,"JCM 32942, KACC 19790, AST 0115",1,Flagellimonas algicola,GCA_005937185,aerobe
159764,ECD12,"KCTC 52351, JCM 32292",1,Flagellimonas aquimarina,GCA_003149745,aerobe
24011,YS10,"DSM 26273, IAM 15451, JCM 23196, NCIMB 14281",1,Flammeovirga kamogawensis,2861514905,aerobe
,,,,,373891.4,
,,,,,373891.5,
,,,,,GCA_007097495,
,,,,,GCA_014207545,
,,,,,GCA_018736065,
156900,,"JCM 19016, KCTC 33148, CCUG 66540",1,Flaviflexus salsibiostraticola,1282737.3,aerobe
,,,,,2836672266,
,,,,,GCA_003952265,
133534,T41,"CGMCC 1.7723, NBRC 106054",1,Flavihumibacter petaseus,1220578.3,aerobe
,,,,,2627853666,
,,,,,GCA_000974785,
133189,CJ663,"KACC 18874, JCM 31431",1,Flavihumibacter sediminis,GCA_022352285,aerobe
133199,YS-17,"CCTCC AB 2016053, KCTC 52205",1,Flavihumibacter stibioxidans,2920284866,aerobe
,,,,,GCA_014332695,
140822,MDM-7,"KCTC 42722, CECT 8899",1,Flavimaricola marinus,1819565.5,aerobe
,,,,,2791354889,
,,,,,GCA_900184895,
14040,19-Jan,"DSM 19083, CGMCC 1.3457, CIP 109015, JCM 12547",1,Flavimobilis marinus,2622736429,aerobe
,,,,,285351.4,
,,,,,285351.5,
,,,,,GCA_014653315,
,,,,,GCA_900113055,
14043,,"DSM 21574, JCM 14841, KCTC 13155, DCY 22",1,Flavimobilis soli,2627854284,aerobe
,,,,,442709.3,
,,,,,GCA_002564025,
159790,RB1R16,"CGMCC 1.16126, NBRC 113112",1,Flavipsychrobacter stenotrophus,2077091.3,aerobe
,,,,,2831999959,
,,,,,GCA_002954265,
17762,GS643,"DSM 18119, KCTC 12657, Gsoil 643, CIP 109741",1,Flavisolibacter ginsengisoli,1121884.3,aerobe
,,,,,2582580745,
,,,,,GCA_900129295,
17761,GS492,"DSM 18136, KCTC 12656, Gsoil 492, CIP 109740",1,Flavisolibacter ginsengiterrae,2574179725,aerobe
166534,X7X,"KCTC 62326, CGMCC 16451",1,Flavisolibacter nicotianae,2832303850,aerobe
,,,,,GCA_003628535,
140505,LCS9,"KCTC 42070, JCM 19972",1,Flavisolibacter tropicus,2602042012,aerobe
,,,,,2758568004,
,,,,,GCA_001644645,
140955,ECD14,"KCTC 52352, JCM 31797",1,Flavivirga eckloniae,2788500147,aerobe
,,,,,GCA_002886045,
24021,JJ013,"DSM 25663, JCM 18211, KACC 16594",1,Flavobacterium aciduliphilum,1101402.3,aerobe
,,,,,2728369510,
,,,,,GCA_003268855,
166415,SSM4.2,"KCTC 72807, MCCC 1K04370",1,Flavobacterium ajazii,2922510852,aerobe
,,,,,GCA_010614725,
24024,IK-1,"DSM 25510, ATCC BAA-2412, CIP 110358",1,Flavobacterium akiainvivens,1202724.5,aerobe
,,,,,2648501255,
,,,,,2693429907,
,,,,,GCA_001278115,
,,,,,GCA_900115875,
159806,HYN0059,"KACC 19183, NBRC 112744",1,Flavobacterium album,2848964341,aerobe
,,,,,GCA_003096035,
158535,KYPY10,"BCRC 81006, LMG 29727, KCTC 52443",1,Flavobacterium amniphilum,GCA_023634845,aerobe
5570,D3,"DSM 22555, CGMCC 1.6859, KCTC 22128, JCM 14864, CIP 109938",1,Flavobacterium anhuiense,2596583647,aerobe
,,,,,459526.1,
,,,,,GCA_900101855,
5557,AT1026,"DSM 19726, CIP 108750, IMSNU 14042, JCM 12383, KCTC 12222, KCTC 23290, KCTC 52532, LMG 25319",1,Flavobacterium antarcticum,1111730.5,aerobe
,,,,,2513237111,
,,,,,GCA_000419685,
133997,JC164,"KCTC 32196, CGMCC 1.12398, LMG 27251",1,Flavobacterium aquaticum,1236486.3,aerobe
,,,,,2718217678,
,,,,,GCA_003259835,
5517,"F 36, Taylor F36","DSM 1132, ATCC 11947, CIP 55.141, DSM 30095, NCIB 8694, CCUG 29304, NCIMB 8694, JCM 20475, CCEB 768, CIP 103744, IAM 12316, LMG 2952, LMG 4008, LMG 4427, NBRC 15052, NCMB 644, NCTC 9758, NRRL B-14834, VKM B-1173, IFO 15052",1,Flavobacterium aquatile,1453498.8,aerobe
,,,,,245.1,
,,,,,245.13,
,,,,,2617271337,
,,,,,GCA_000757385,
,,,,,GCA_002217235,
,,,,,GCA_006539785,
5550,"WB1.1-56, 1.1-56","DSM 18293, CCUG 59847, CIP 109242, KCTC 22840, WB 1.1-56",1,Flavobacterium aquidurense,2693429908,aerobe
,,,,,362413.16,
,,,,,362413.7,
,,,,,GCA_002217195,
,,,,,GCA_900107365,
5585,LM-19-Fp,"DSM 24704, CCM 7939, CCUG 61031, LMG 26359",1,Flavobacterium araucananum,2695420947,aerobe
,,,,,946678.6,
,,,,,946678.8,
,,,,,GCA_002222055,
,,,,,GCA_003148525,
133125,SM1502,"KCTC 42668, CCTCC AB 2015346",1,Flavobacterium arcticum,1784713.5,aerobe
,,,,,2847339297,
,,,,,GCA_003344925,
,,,,,GCA_004634185,
5552,BGD-7721,"DSM 24789, ATCC 35035, CIP 103527, IFO 15030, LMG 13707, NBRC 15030, NCIMB 12904, CCUG 58915",1,Flavobacterium branchiophilum,1218110.3,aerobe
,,,,,2818991269,
,,,,,55197.12,
,,,,,55197.6,
,,,,,GCA_002217205,
,,,,,GCA_006716585,
,,,,,GCA_007990815,
133522,LM5,"CGMCC 1.7031, NBRC 104239, CIP 110388",1,Flavobacterium caeni,2596583574,aerobe
,,,,,490189.4,
,,,,,GCA_900101895,
167772,AR-3-4,"KEMB 9005-740, KACC 21171, NBRC 113787",1,Flavobacterium cellulosilyticum,GCA_004349355,aerobe
,,,,,SMFK00000000,
166270,1E403,"KCTC 62960, MCCC 1H00356",1,Flavobacterium cerinum,2876995545,aerobe
,,,,,GCA_004028155,
5572,NJ-26,"DSM 22462, CGMCC 1.6844, NBRC 103934, CIP 109891, KACC 14365",1,Flavobacterium cheniae,2596583558,aerobe
,,,,,2757320365,
,,,,,295428.4,
,,,,,295428.5,
,,,,,GCA_004363695,
,,,,,GCA_007830415,
166438,,"KACC 19592, NBRC 113424, IMCC 34759",1,Flavobacterium cheongpyeongense,GCA_003202435,aerobe
5586,LM-09-Fp,"DSM 24724, CCM 7940, LMG 26360, CCUG 61032",1,Flavobacterium chilense,2700988709,aerobe
,,,,,2724679197,
,,,,,946677.7,
,,,,,946677.8,
,,,,,GCA_001602525,
,,,,,GCA_900142685,
133489,CJ7,"KACC 13353, JCM 15651, CCUG 58910, CIP 110025, LMG 26729",1,Flavobacterium chungangense,1453505.4,aerobe
,,,,,2609460032,
,,,,,2654844.3,
,,,,,554283.6,
,,,,,GCA_000735715,
,,,,,GCA_903819445,
156021,,"CCUG 60109, CECT 7796",1,Flavobacterium collinsii,2906818658,aerobe
,,,,,GCA_902804485,
158765,PK15,"KCTC 52562, JCM 32115, CIP 111714",1,Flavobacterium commune,2765235939,aerobe
,,,,,GCA_001857965,
133395,LPB0076,"KACC 18706, JCM 31219",1,Flavobacterium crassostreae,2721755704,aerobe
,,,,,2772190676,
,,,,,GCA_001686945,
,,,,,GCA_001831475,
5562,"EMB 47, EMB47","DSM 17960, CIP 109940, KCTC 12611",1,Flavobacterium croceum,1121886.3,aerobe
,,,,,2734482249,
,,,,,GCA_002917885,
159807,HYN0056,"KACC 19182, NBRC 112743",1,Flavobacterium crocinum,2844330942,aerobe
,,,,,GCA_003122385,
5565,R2A45-3,"DSM 18830, CIP 109888, KACC 11732",1,Flavobacterium cucumis,2698536819,aerobe
,,,,,416016.4,
,,,,,GCA_900148835,
24023,E89,"DSM 25795, CIP 110384, LMG 26922",1,Flavobacterium cutihirudinis,1265740.4,aerobe
,,,,,2695421040,
,,,,,GCA_003385895,
158657,TH021,"LMG 29720, CGMCC 1.16325",1,Flavobacterium cyanobacteriorum,2773857927,aerobe
,,,,,GCA_002251835,
5546,GH1-10,"DSM 17708, CIP 109900, KACC 11422, CIP 110192",1,Flavobacterium daejeonense,1121887.3,aerobe
,,,,,2523533615,
,,,,,GCA_000425425,
5587,"ARSA-19, ARSA-19(T)","DSM 25687, JCM 17065, KACC 14968, KCTC 23179",1,Flavobacterium dankookense,2695421041,aerobe
,,,,,706186.4,
,,,,,GCA_004362665,
5567,EMB 117,"CCUG 59869, DSM 17963, CIP 109898, KCTC 12612",1,Flavobacterium defluvii,2695420958,aerobe
,,,,,370979.5,
,,,,,GCA_900129555,
133825,DK69,"CCTCC AB 2011144, KCTC 23775",1,Flavobacterium enshiense,1107311.3,aerobe
,,,,,1107311.5,
,,,,,2576861554,
,,,,,2627853659,
,,,,,GCA_000498495,
,,,,,GCA_000769895,
5569,"EMB 34, EMB34","DSM 17961, KCTC 12610, CIP 109743",1,Flavobacterium filum,1121889.3,aerobe
,,,,,2523533606,
,,,,,GCA_000425465,
5579,H7,"DSM 19978, KACC 12818, CIP 110184",1,Flavobacterium fluvii,2695420956,aerobe
,,,,,468056.5,
,,,,,GCA_900129545,
158613,CJ42,"KACC 19302, JCM 32085",1,Flavobacterium foetidum,2026681.3,aerobe
,,,,,2882034188,
,,,,,GCA_004634245,
24022,,"DSM 25660, JCM 18212, KACC 16593, MIC 3010",1,Flavobacterium fontis,1124188.3,aerobe
,,,,,2695420946,
,,,,,GCA_900129405,
5538,KUC-1,"DSM 15937, CCUG 59364, JCM 12218, CIP 109029",1,Flavobacterium frigidimaris,262320.5,aerobe
,,,,,262320.7,
,,,,,2695420960,
,,,,,GCA_002217275,
,,,,,GCA_900129595,
133319,EM1308,"KACC 18113, JCM 30144",1,Flavobacterium gilvum,2609460187,aerobe
,,,,,2718217955,
,,,,,GCA_000735535,
,,,,,GCA_001761465,
134059,,"KCTC 23318, JCM 17336, DCY 54, BCRC 81040, CIP 110819",1,Flavobacterium ginsengisoli,GCA_029625315,aerobe
161866,,"JCM 16720, CIP 110390, KACC 14525, KCTC 42980, THG 01",1,Flavobacterium ginsenosidimutans,GCA_003254625,aerobe
140383,JM-222,"DSM 100397, CCM 8610, LMG 28821, CIP 111493, CIP 110906",1,Flavobacterium gossypii,1646119.3,aerobe
,,,,,2830104207,
,,,,,GCA_014138495,
5547,KW05,"DSM 17797, IAM 15099, JCM 21560, KCTC 12201, NBRC 102009, DSM 19729, CIP 108709",1,Flavobacterium granuli,2695420922,aerobe
,,,,,2695420924,
,,,,,280093.5,
,,,,,280093.7,
,,,,,GCA_003003155,
,,,,,GCA_900129705,
5580,LQY-7,"DSM 22807, ACCC 05409, KCTC 23008, CIP 110398",1,Flavobacterium haoranii,2695421039,aerobe
,,,,,683124.3,
,,,,,683124.6,
,,,,,GCA_009363055,
,,,,,GCA_900142055,
5568,WB4.2-33,"DSM 18292, LMG 26768, CIP 109241, WB 4.2-33",1,Flavobacterium hercynium,2724679814,aerobe
,,,,,387094.4,
,,,,,GCA_002217285,
133360,THG-HG1.4,"KACC 18852, CCTCC AB 2016178",1,Flavobacterium hibisci,GCA_020026925,aerobe
5512,N,"DSM 2063, ATCC 29551, CCUG 35201, NCIMB 2215, LMG 8385, Cy aq1, CIP 104741, Cy aq 1",1,Flavobacterium hydatis,2617271209,aerobe
,,,,,991.14,
,,,,,991.19,
,,,,,GCA_000737695,
,,,,,GCA_002217335,
166439,,"KACC 19591, NBRC 113423, IMCC 34758",1,Flavobacterium hydrophilum,GCA_003202405,aerobe
5563,GPTSA100-9,"DSM 17447, CIP 109464, MTCC 6936, CCUG 58932",1,Flavobacterium indicum,1094466.2,aerobe
,,,,,2540341066,
,,,,,GCA_000455605,
5515,UW 101,"CCUG 35202, NCIMB 11054, LMG 1341, CFBP 3036, CIP 100931, JCM 8514, DSM 2064, ATCC 17061, IAM 14304, IFO 14942, NBRC 14942, NCIB 11054, Cy j3, MYX 1.1.1, BCRC 14874, GIFU 2500, LMG 1340, NCCB 96103, MYX 1.1.1.",1,Flavobacterium johnsoniae subsp. johnsoniae,2698536700,aerobe
,,,,,376686.1,
,,,,,376686.29,
,,,,,644736369,
,,,,,986.1,
,,,,,GCA_000016645,
,,,,,GCA_002221975,
,,,,,GCA_900142355,
158639,WV39,"KCTC 42908, CECT 9085",1,Flavobacterium kingsejongi,1981981.3,aerobe
,,,,,GCA_003076475,
166500,LB2P30,"CGMCC 1.11271, NBRC 113059",1,Flavobacterium laiguense,2169409.3,aerobe
,,,,,2879209363,
,,,,,GCA_003097655,
158745,THG-AG6.4,"KACC 18851, CGMCC 1.16060",1,Flavobacterium limi,2045105.3,aerobe
,,,,,2045105.4,
,,,,,2906870539,
,,,,,GCA_010645075,
,,,,,GCA_014644395,
5535,ST-82,"DSM 15094, JCM 11473, CCUG 58906, LMG 21930, CIP 107957, KCTC 12494, NBRC 103156",1,Flavobacterium limicola,180441.4,aerobe
,,,,,2698536747,
,,,,,GCA_003634755,
134073,JC2902,"KACC 16937, JCM 18661",1,Flavobacterium limnosediminis,2571042671,aerobe
,,,,,GCA_000498535,
5571,IP-10,"DSM 21886, CCM 7424, MTCC 8597, CIP 109890",1,Flavobacterium lindanitolerans,2708743162,aerobe
,,,,,2731639123,
,,,,,428988.11,
,,,,,428988.6,
,,,,,GCA_002846575,
,,,,,GCA_003663835,
,,,,,GCA_014385425,
158743,,"KCTC 52572, NBRC 112527, IMCC 26026",1,Flavobacterium luteum,2026654.3,aerobe
,,,,,2906829834,
,,,,,GCA_008806775,
167796,,"YIM 102600, CCTCC AB 201632, KCTC 52099",1,Flavobacterium macacae,2488993.3,aerobe
,,,,,GCA_003865365,
,,,,,RQVR00000000,
159809,HYN0048,"KACC 19180, NBRC 112740",1,Flavobacterium magnum,2791355216,aerobe
,,,,,GCA_003055625,
133979,SW105,"CGMCC 1.10825, JCM 18132",1,Myroides aquimaris,1159016.3,aerobe
,,,,,2596583585,
,,,,,GCA_900108395,
164591,MaA-Y11,"JCM 33501, KACC 21225",1,Flavobacterium microcysteis,GCA_006385255,aerobe
,,,,,VFJE00000000,
164350,GS13,"JCM 32765, KCTC 62569",1,Flavobacterium nackdongense,2848968057,aerobe
,,,,,GCA_004355225,
133920,N1,"MTCC 11155, JCM 17678",1,Flavobacterium nitratireducens,GCA_029625335,aerobe
133902,R-HLS-17,"CGMCC 1.10076, NBRC 108844",1,Flavobacterium noncentrifugens,1128970.3,aerobe
,,,,,1128970.6,
,,,,,2619618994,
,,,,,GCA_007992475,
,,,,,GCA_900100375,
155836,,"CCUG 59446, CECT 7678",1,Flavobacterium oncorhynchi,2916300131,aerobe
,,,,,728056.4,
,,,,,GCA_002217355,
159808,HYN0049,"KACC 19181, NBRC 112741",1,Flavobacterium pallidum,2847327234,aerobe
,,,,,GCA_003097535,
5528,81,"DSM 6368, ATCC 19366, IAM 14307, NCIB 9059, Dorey 81, Cy p1, JCM 8518, CIP 104742, IFO 15945, LMG 4031, LMG 8366, NBRC 15945, NCIMB 9059, VKM B-1171",1,Flavobacterium pectinovorum,2698536748,aerobe
,,,,,29533.3,
,,,,,29533.5,
,,,,,GCA_002217365,
,,,,,GCA_900142715,
166492,ICH-30,"BCRC 81122, LMG 30579, KCTC 62513",1,Flavobacterium piscinae,2506424.5,aerobe
,,,,,2882799759,
,,,,,GCA_004122145,
,,,,,GCA_014451095,
136841,412-R09,"CIP 110846, CCUG 60099, CECT 7911",1,Flavobacterium piscis,1114874.4,aerobe
,,,,,1114874.7,
,,,,,2751185903,
,,,,,GCA_001686925,
,,,,,GCA_002222045,
156024,,CCUG 60112,1,Flavobacterium plurextorum,1114867.4,aerobe
,,,,,2906837629,
,,,,,GCA_002217395,
5529,3068,"DSM 3660, IAM 14308, NCMB 1947, JCM 8519, ATCC 49418, CCM 3594, CCUG 35200, CIP 103534, IFO 15942, LMG 13179, NBRC 100250, NBRC 15942, NCIMB 1947",1,Flavobacterium psychrophilum,1121894.3,aerobe
,,,,,2622736523,
,,,,,96345.93,
,,,,,GCA_002217405,
,,,,,GCA_900101925,
159751,P3922,"LMG 30616, CCM 8827",1,Flavobacterium psychroterrae,2133767.3,aerobe
,,,,,GCA_018380615,
168505,RB1R5,"NBRC 113060, CGMCC 1.23024",1,Flavobacterium psychrotolerans,2169410.3,aerobe
,,,,,GCA_003097635,
,,,,,QCZI00000000,
140761,EA-12,"CGMCC 1.15345, NBRC 111769",1,Flavobacterium quisquiliarum,GCA_019308285,aerobe
133758,FCS-5,"MTCC 10967, JCM 17928, CIP 110368",1,Flavobacterium rakeshii,1038845.3,aerobe
,,,,,GCA_009741375,
166271,LB2P22,"CGMCC 1.11361, NBRC 113777",1,Flavobacterium ranwuense,2541725.3,aerobe
,,,,,GCA_004349315,
5577,WB3.2-61,"DSM 21791, CIP 109866, WB 3.2-61",1,Flavobacterium reichenbachii,362418.11,aerobe
,,,,,GCA_002217435,
5573,BD-b365,"DSM 19382, CIP 109941, KCTC 22078, CCUG 59848",1,Flavobacterium resistens,2724679687,aerobe
,,,,,443612.6,
,,,,,443612.9,
,,,,,GCA_009674815,
,,,,,GCA_900182645,
5575,WB3.3-2,"DSM 21788, CIP 109865, CCUG 58934, WB 3.3-2",1,Flavobacterium rivuli,1121895.5,aerobe
,,,,,1121895.7,
,,,,,2519103183,
,,,,,GCA_000378485,
,,,,,GCA_000769825,
5516,024,"DSM 1811, IAM 14309, NCMB 2072, JCM 8520, ACAM 581, ATCC 49530, CIP 104743, IFO 15944, LMG 8384, NBRC 15944, NCIMB 2072",1,Flavobacterium saccharophilum,2698536752,aerobe
,,,,,29534.3,
,,,,,GCA_900142735,
5558,S13,"DSM 21664, CGMCC 1.3801, JCM 13331, CCUG 60843, CIP 109164",1,Flavobacterium saliperosum,1341155.3,aerobe
,,,,,2576861653,
,,,,,2596583547,
,,,,,329186.7,
,,,,,GCA_000498515,
,,,,,GCA_900100625,
5574,"SS7, YC06274","DSM 21067, CIP 110183, KCTC 22246",1,Flavobacterium sasangense,1121896.3,aerobe
,,,,,2563366726,
,,,,,GCA_000686885,
158690,YSM-43,"KACC 19435, KCTC 62142, NBRC 113020",1,Flavobacterium sediminilitoris,GCA_023008245,aerobe
159816,,"KCTC 62132, JCM 32291, MEBiC 07310",1,Flavobacterium sediminis,2201181.3,aerobe
,,,,,GCA_003148385,
5561,AT1048,"DSM 19741, CIP 109332, IMSNU 14050, JCM 12385, KCTC 12224",1,Flavobacterium segetis,2695420957,aerobe
,,,,,271157.3,
,,,,,GCA_900129575,
166201,RD-2-33,"KEMB 9005-742, KACC 21178, NBRC 113789",1,Flavobacterium silvisoli,2882029220,aerobe
,,,,,GCA_004329815,
133555,"0533, 533","CGMCC 1.8704, JCM 16398, CIP 110296",1,Flavobacterium sinopsychrotolerans,2619618873,aerobe
,,,,,604089.3,
,,,,,GCA_900110375,
5559,DS-6,"DSM 19725, CIP 108840, KCTC 12542",1,Flavobacterium soli,1121897.4,aerobe
,,,,,2522572162,
,,,,,GCA_000422705,
141075,G16-7,"CGMCC 1.15461, KCTC 42947",1,Flavobacterium suaedae,1767027.3,aerobe
,,,,,GCA_014642915,
5576,WB4.1-42,"DSM 21790, CIP 109867, WB 4.1-42",1,Flavobacterium subsaxonicum,1121898.3,aerobe
,,,,,1121898.5,
,,,,,2524614667,
,,,,,GCA_000422725,
,,,,,GCA_000769935,
166491,BBQ-12,"BCRC 81049, LMG 30051, KCTC 52809",1,Flavobacterium sufflavum,2885489574,aerobe
,,,,,GCA_004016525,
5545,"GH 29-5, GH29-5","DSM 17707, CIP 109901, KACC 11423",1,Flavobacterium suncheonense,1121899.3,aerobe
,,,,,1121899.5,
,,,,,2524614632,
,,,,,2630968897,
,,,,,GCA_000430025,
,,,,,GCA_000769835,
5578,WB2.3-68,"DSM 21789, CIP 109868, WB 2.3-68",1,Flavobacterium swingsii,2599185297,aerobe
,,,,,498292.3,
,,,,,GCA_900111965,
5554,,"DSM 22377, ACAM 602, LMG 21423, CCUG 58907, CIP 107447",1,Flavobacterium tegetincola,1121901.3,aerobe
,,,,,2524023138,
,,,,,GCA_000425485,
5564,R2A1-13,"DSM 18829, CIP 109887, KACC 11731",1,Flavobacterium terrae,2695421047,aerobe
,,,,,415425.3,
,,,,,GCA_900142035,
5549,DS-20,"DSM 17934, CIP 109939, KCTC 12761",1,Flavobacterium terrigena,2600255390,aerobe
,,,,,402734.4,
,,,,,GCA_900108955,
24019,G-21,"DSM 19814, BKM 1325, CCM 3496, CCUG 22402, NCTC 11526, VKM 1325",1,Flavobacterium thermophilum,1414643.3,aerobe
,,,,,2831987924,
,,,,,GCA_900450595,
133486,"0563, 563","CGMCC 1.6847, JCM 15087, CIP 110391",1,Flavobacterium tiangeerense,2596583560,aerobe
,,,,,459471.3,
,,,,,GCA_007830355,
166416,YH5,"CICC 24247, KCTC 62174",1,Flavobacterium tibetense,GCA_003293845,aerobe
141070,GB 56.1,"TISTR 1612, KCTC 42679",1,Flavobacterium tistrianum,GCA_003254545,aerobe
139428,435-08,"CIP 110845, CCUG 60100, CECT 7791",1,Flavobacterium tructae,1114873.5,aerobe
,,,,,2904731956,
,,,,,GCA_002217475,
133702,DS-12,"CCM 7847, MTCC 10766",1,Flavobacterium ummariense,2675903027,aerobe
,,,,,GCA_900115115,
133685,Sr25,"CGMCC 1.9230, NBRC 106480",1,Flavobacterium urumqiense,2617270781,aerobe
,,,,,935224.4,
,,,,,GCA_900108015,
5560,AT1042,"DSM 19727, CIP 109334, IMSNU 14048, JCM 12384, KCTC 12223",1,Flavobacterium weaverense,2698536818,aerobe
,,,,,271156.3,
,,,,,GCA_003688495,
133684,Sr22,"CGMCC 1.9227, NBRC 106479",1,Flavobacterium xueshanense,2617270785,aerobe
,,,,,935223.3,
,,,,,GCA_900112975,
3784,,"DSM 103, ATCC 29496, BKM B-859, VKM B-859, CCUG 14833, CCM 2921",1,Flectobacillus major,2509601041,aerobe
,,,,,929703.3,
,,,,,GCA_000427405,
167595,BO-16,"KACC 19647, LMG 30859",1,Flexivirga caeni,GCA_003724155,aerobe
,,,,,NZ_RJJQ00000000,
140492,,"KCTC 39536, CGMCC 1.15085, YIM 7505, JCM 30628",1,Flexivirga endophytica,1849103.3,aerobe
,,,,,1849103.4,
,,,,,GCA_014640635,
,,,,,GCA_014652735,
167730,SM1902,"KCTC 72045, MCCC 1K03596, CCTCC AB 2018346",1,Meridianimarinicoccus aquatilis,GCA_004358675,aerobe
,,,,,SMZO00000000,
132964,4DR5,"DSM 105135, JCM 19370, KCTC 32475",1,Fluviicoccus keumensis,1435465.3,aerobe
,,,,,2802429732,
,,,,,GCA_004217445,
166121,MAH-3,"KACC 19742, CGMCC 1.13750",1,Fluviicola chungangensis,2890755264,aerobe
,,,,,GCA_007558725,
3249,RW262,"DSM 16823, NCIMB 13979",1,Fluviicola taffensis,2503707007,aerobe
,,,,,755732.3,
,,,,,GCA_000194605,
133644,,"DSM 21935, ACCC 10716, YIM D17",1,Fodinibius salinus,2728369742,aerobe
,,,,,860790.3,
,,,,,GCA_008124865,
17736,,"DSM 19247, JCM 14718, HKI 0501",1,Fodinicola feengrottensis,435914.3,aerobe
,,,,,GCA_010993775,
14024,,"DSM 21159, KCTC 22351, YIM D82",1,Fodinicurvata sediminis,2523533601,aerobe
,,,,,570952.8,
,,,,,GCA_000420625,
24294,P11-6,"DSM 28129, CECT 7605, CIP 110592, KCTC 13564",1,Fontibacillus panacisegetis,2634166350,aerobe
,,,,,670482.3,
,,,,,GCA_900102215,
17720,CC-GZM-130,"DSM 22241, CCM 7650, CCUG 57694",1,Fontibacter flavus,2596583521,aerobe
23456,HA-01,"DSM 23609, CCUG 59713",1,Fontimonas thermophila,1076937.3,aerobe
,,,,,2622736503,
,,,,,GCA_900113085,
5588,M-2Alg 35-1,"DSM 15362, KCTC 12365, LMG 23005, KMM 3901, DSM 19837",1,Formosa agariphila,1347342.6,aerobe
,,,,,2585427664,
,,,,,GCA_000723205,
133320,AHQ-12,"BCRC 80690, LMG 27847, KCTC 32501, DSM 109231",1,Formosimonas limnophila,1384487.3,aerobe
,,,,,2923739291,
,,,,,GCA_014652675,
5752,"F62, FhSp1, FnSp1","DSM 22475, CCUG 58020, FSC 454",1,Francisella hispaniensis,1088883.4,aerobe
,,,,,1088883.5,
,,,,,1088883.6,
,,,,,2504756030,
,,,,,2744054722,
,,,,,2773858043,
,,,,,GCA_001608445,
,,,,,GCA_001885235,
4377,513/05,"DSM 18396, CCUG 54944, CIP 109630, LMG 23732, JCM 16470",1,Franconibacter helveticus,1387568.4,aerobe
,,,,,1405120.4,
,,,,,2617271155,
,,,,,GCA_000463115,
,,,,,GCA_000485945,
131722,"ACN14a, ULQ010201401","DSM 45986, CECT 9034",1,Frankia alni,326424.15,aerobe
,,,,,637000115,
,,,,,GCA_000058485,
133112,BMG5.1,"CECT 9032, DSM 100624",1,Protofrankia coriariae,2700989114,aerobe
,,,,,GCA_001017755,
131724,BMG5.12,"DSM 46783, CECT 9031",1,Frankia elaeagni,2517093007,aerobe
,,,,,GCA_000374165,
158372,G2,"DSM 45899, CECT 9038",1,Frankia irregularis,1747450.3,aerobe
,,,,,2634166352,
,,,,,GCA_001536285,
158273,"DLB, Dho","DSM 106169, NCCB 100648",1,Frateuria defendens,GCA_001182895,aerobe
17461,VA24,"DSM 26515, CGMCC 1.7053, NBRC 104236",1,Frateuria terrea,2597490373,aerobe
,,,,,2617270826,
,,,,,529704.3,
,,,,,529704.4,
,,,,,GCA_900109025,
,,,,,GCA_900115705,
130519,,"DSM 25797, CCUG 62410, CCUG 36444, HPA 21",1,Frederiksenia canicola,123824.4,aerobe
,,,,,2786546148,
,,,,,GCA_003814575,
12617,"A34_1, FA1","DSM 21741, NBRC 104963, KY 13132",1,Friedmanniella luteola,2630969010,aerobe
,,,,,546871.3,
,,,,,GCA_900105065,
7502,E1HC-02,"DSM 17894, JCM 13598, CIP 109654",1,Frondihabitans australicus,2775506716,aerobe
,,,,,386892.3,
,,,,,GCA_003634555,
6864,D-24,"DSM 19113, CCUG 49949, CIP 108761, LAB 1679, LMG 22556, JCM 17831, BCRC 81233, CECT 7089, NRIC 0663",1,Fructobacillus durionis,2603880187,aerobe
,,,,,283737.4,
,,,,,GCA_900112405,
6861,353,"DSM 20349, ATCC 13162, IFO 3516, NBRC 3516, NCIB 10784, CCUG 32246, NRRL B-2041, LMG 9498, NCIMB 10784, JCM 1119, BCRC 14019, CIP 102985, KCTC 3544, NCFB 2345, NRIC 1058, NCDO 2345",1,Fructobacillus fructosus,1631.5,aerobe
,,,,,2814123064,
,,,,,2839451520,
,,,,,651324031,
,,,,,930946.3,
,,,,,930946.7,
,,,,,GCA_000185045,
,,,,,GCA_001047095,
,,,,,GCA_001438695,
528,,"DSM 15513, ATCC BAA-666, KCTC 12091, CCUG 52903, CIP 108376, HTCC 2506",1,Fulvimarina pelagi,217511.4,aerobe
,,,,,2657245493,
,,,,,GCA_001463845,
133772,AK7,"MTCC 11053, JCM 17390",1,Fulvivirga imtechensis,1237149.6,aerobe
,,,,,2531839228,
,,,,,GCA_000331535,
134217,,"CCTCC AB 206119, KCTC 12832, KMM 6220, JCM 16186, NBRC 106557",1,Fulvivirga kasyanovii,396812.3,aerobe
,,,,,GCA_009711405,
141065,TM-6,"KCTC 42720, CECT 9024",1,Fulvivirga lutimaris,1819566.3,aerobe
,,,,,GCA_009711525,
5590,SMK-12,"DSM 17032, KCTC 12379, JCM 12931, IAM 15373, CIP 108967",1,Gaetbulibacter saemankumensis,1121909.4,aerobe
,,,,,2524614665,
,,,,,GCA_000425645,
160213,"JZ-R-35, JZ R-35","DSM 107699, LMG 30901",1,Galactobacter valiniphilus,GCA_003575975,aerobe
166227,SL3-2-4,"UICC B-83, NRRL B-67478, InaCC A981",1,Gandjariella thermophila,2886563295,aerobe
,,,,,GCA_005405885,
134131,IC158,"ACAM 1054, CIP 108531",1,Gelidibacter gilvus,2889945841,aerobe
,,,,,GCA_004115975,
134132,IC162,"ACAM 1053, CIP 108532",1,Gelidibacter salicanalis,291193.3,aerobe
,,,,,GCA_007997285,
133579,A1-9,"CGMCC 1.7029, NBRC 104254, DSM 108272",1,Gemmobacter aquaticus,490185.6,aerobe
,,,,,GCA_007859075,
,,,,,GCA_014645295,
164373,YJ-T1-11,"JCM 32828, KCTC 62715",1,Gemmobacter lutimaris,2835163134,aerobe
,,,,,GCA_003570715,
13655,,"DSM 15620, JCM 11959, NBRC 100046, AST 4, CGMCC 1.8899, CGMCC 1.8904",1,Gemmobacter nectariphilus,1121271.3,aerobe
,,,,,2524614723,
,,,,,GCA_000429765,
133896,Ruye-53,"BCRC 80261, KCTC 23310",1,Gemmobacter tilapiae,875041.3,aerobe
,,,,,GCA_014652215,
1437,"BD 53, T 281, NRS-81","DSM 7263, ATCC 8005, NCIMB 8547, NRRL NRS-81, CCUG 28890, CIP 106929, LMG 9819, NCCB 30003, JCM 20319, BCRC 11223, IAM 11001, NBRC 102445",1,Geobacillus kaustophilus,1220595.3,aerobe
,,,,,1220595.8,
,,,,,2600255052,
,,,,,2843255297,
,,,,,GCA_000739955,
,,,,,GCA_005160065,
1450,N-3,DSM 15325,1,Geobacillus lituanicus,2758568037,aerobe
,,,,,GCA_002243605,
166233,1017,"VKM B-3132, KCTC 33986",1,Geobacillus proteiniphilus,2858576625,aerobe
,,,,,GCA_001908025,
159838,AYN2,"MTCC 12749, KCTC 33950, JCM 32596, MTCC 12769",1,Parageobacillus yumthangensis,2791355095,aerobe
,,,,,GCA_002494375,
24058,CF11/1,"DSM 45422, CCUG 62969, MTCC 11556",1,Geodermatophilus africanus,1137993.4,aerobe
,,,,,2599185203,
,,,,,GCA_900107105,
5818,"G12, G96","DSM 46136, ATCC 25081, CBS 236.69, CCUG 62971, IFO 13316, IMET 9240, JCM 3153, KCC A-0153, MTCC 11559, NBRC 13316, KCTC 9360, NRRL B-3578, NRRL WC-3937, KCC A-0152",1,Geodermatophilus amargosae,1296565.3,aerobe
,,,,,2599185195,
,,,,,GCA_900116515,
5816,G-5,"DSM 43161, ATCC 25080, CBS 234.69, CCUG 62970, IFO 13317, KCC A-0154, MTCC 11558, NBRC 13317, NBRC 1331, JCM 3154, IMET 9241, IMSNU 22090, KCTC 9074, NRRL B-3579, RIA 945, VKM Ac-659",1,Geodermatophilus dictyosporus,1861.3,aerobe
,,,,,2599185183,
,,,,,GCA_900115395,
24057,CF5/3,"DSM 45417, CCUG 62814, MTCC 11412, JCM 30064",1,Geodermatophilus normandii,1137989.5,aerobe
,,,,,2585427554,
,,,,,GCA_003182485,
5815,G-20,"CCUG 61914, KCTC 9177, DSM 43160, ATCC 25078, CBS 237.69, IAM 14282, IFO 13315, JCM 3152, KCC A-0152, NBRC 13315, IMSNU 21280, NRRL B-3577, RIA 944, VKM Ac-658",1,Geodermatophilus obscurus,526225.7,aerobe
,,,,,646311931,
,,,,,GCA_000025345,
24846,G18,"DSM 44209, CCUG 63018",1,Geodermatophilus poikilotrophus,1333667.3,aerobe
,,,,,2636416082,
,,,,,GCA_900111455,
23032,CF5/5,"DSM 45423, CCUG 62813, MTCC 11416, JCM 30065",1,Geodermatophilus saharensis,1137994.3,aerobe
,,,,,2622736631,
,,,,,GCA_900188205,
5821,CF6/1,"DSM 45419, CCUG 62765, MTCC 11414, JCM 30066",1,Geodermatophilus siccatus,1137991.3,aerobe
,,,,,2599185192,
,,,,,GCA_900103785,
5819,,"CCUG 62968, DSM 44511, MTCC 11560, BC 503",0,Geodermatophilus sp.,1550242.3,aerobe
,,,,,2599185187,
5822,CF9/1/1,"DSM 45421, CCUG 62764, MTCC 11415",1,Geodermatophilus telluris,1190417.3,aerobe
,,,,,2602042050,
,,,,,GCA_900102745,
24060,CF5/2,"DSM 45416, CCUG 62762, MTCC 11411",1,Geodermatophilus tzadiensis,1137988.3,aerobe
,,,,,2728369484,
,,,,,GCA_003002915,
141033,HF401,"KCTC 42595, MCCC 1H00119",1,Geofilum rhodophaeum,2791354897,aerobe
,,,,,GCA_002210225,
18133,BH1,"DSM 21769, JCM 15647",1,Geomicrobium halophilum,2861595016,aerobe
,,,,,549000.3,
,,,,,GCA_014207655,
164571,ZLJ0423,"JCM 33470, CGMCC 1.13681",1,Georgenia faecalis,GCA_003710105,aerobe
1773,,"DSM 17458, CCTCC AB 204065, KCTC 19029, NBRC 103883, YIM 004, JCM 15130",1,Georgenia ruanii,348442.3,aerobe
,,,,,348442.4,
,,,,,GCA_009193175,
,,,,,GCA_009362295,
23795,"JC82, 5NBRC 107612","DSM 27632, KCTC 19802, NBRC 107612",1,Georgenia satyanarayanai,860221.5,aerobe
,,,,,GCA_009193135,
1776,CC-NMPT-T3,"DSM 21838, CCM 7658, NBRC 107791, CCUG 57735, JCM 17968",1,Georgenia soli,2627854285,aerobe
,,,,,638953.3,
,,,,,GCA_002563695,
167839,"WS11, WS 11","MCCC 1K03498, KCTC 62439",1,Georhizobium profundi,CP032509,aerobe
,,,,,GCA_003952725,
134675,,"CIP 107877, ATCC 35958, NCIMB 9012, NRRL B-2067, CCUG 49446, IAM 14948, IFO 14917, ATCC 11879, ATCC 19259, JCM 21430, NBRC 14917",1,Giesbergeria anulus,180197.3,aerobe
,,,,,2597490351,
,,,,,GCA_900111115,
134128,IC154,"ACAM 1061, CIP 108528, KCTC 62006",1,Gillisia hiemivivida,291190.3,aerobe
,,,,,GCA_007997295,
5600,R-8282,"DSM 15749, LMG 21470, CIP 108418",1,Gillisia limnaea,2506783053,aerobe
,,,,,865937.3,
,,,,,GCA_000243235,
133955,CBA3202,"KACC 16693, KCTC 32030, JCM 18402",1,Gillisia marina,2548877032,aerobe
,,,,,GCA_000258765,
17899,,"DSM 19667, CGMCC 1.7008, QM 42",1,Gilvimarinus chinensis,1121921.14,aerobe
,,,,,2519103187,
,,,,,GCA_000377745,
160642,"Pan241weiss, Pan241w","DSM 100744, LMG 31345, CECT 9841, VKM B-3430",1,Gimesia alba,GCA_007744675,aerobe
166414,Pan161,"CECT 30192, STH 00943, LMG 29130",1,Gimesia algae,GCA_007746795,aerobe
160299,V144,"DSM 101710, VKM B-3433",1,Gimesia aquarii,GCA_007748195,aerobe
160477,"Enrichment17, Enr17","DSM 100710, VKM B-3429",1,Gimesia fumaroli,GCA_007754425,aerobe
160662,"Enrichment 10, Enr10","DSM 100416, LMG 29082",1,Gimesia panareensis,GCA_007748155,aerobe
7505,,"DSM 21135, NBRC 104264, AHU 1791",1,Glaciibacter superstes,1121924.6,aerobe
,,,,,2524614536,
,,,,,GCA_000421145,
166145,RP-3-7,"KEMB 9005-731, KACC 21151, NBRC 113769",1,Glaciihabitans arcticus,2866619316,aerobe
,,,,,GCA_004310685,
164247,GS1,"JCM 32375, BCRC 81091",1,Glaciimonas soli,2590999.3,aerobe
,,,,,GCA_009497155,
134017,T6203-4-1a,"JCM 19092, NCIMB 14860, LMG 27801",1,Gluconacetobacter aggeris,1286186.4,aerobe
,,,,,2910459275,
,,,,,GCA_014174395,
133744,K8617-1- 1b,"JCM 17772, NCIMB 14759, BCRC 80741, LMG 27724",1,Gluconacetobacter asukensis,1017181.4,aerobe
,,,,,GCA_014174375,
41,,"DSM 5603, ATCC 14835, CCUG 18124, IAM 1834, IFO 12388, LMG 1381, LMG 1382, NBRC 12388, NCIMB 9136, JCM 17840, BCRC 12950, CCM 3621, CIP 103109",1,Gluconacetobacter liquefaciens,2756170231,aerobe
,,,,,89584.5,
,,,,,89584.7,
,,,,,89584.9,
,,,,,GCA_003350405,
,,,,,GCA_006539085,
,,,,,GCA_014174285,
134019,T61213-20-1a,"JCM 19094, NCIMB 14859, LMG 27800",1,Gluconacetobacter takamatsuzukensis,1286190.4,aerobe
,,,,,2910470307,
,,,,,GCA_014174275,
133743,K5929-2-1b,"JCM 17774, NCIMB 14760, BCRC 80742, LMG 27725",1,Gluconacetobacter tumulicola,1017177.4,aerobe
,,,,,GCA_014174215,
134018,T611xx-1-4a,"JCM 19097, NCIMB 14861, LMG 27802",1,Gluconacetobacter tumulisoli,1286189.4,aerobe
,,,,,2910421449,
,,,,,GCA_014174155,
7524,94,"CCUG 23842, DSM 20123, ATCC 15236, CCM 1648, NCIB 9458, JCM 1333, BCRC 11219, CDA 883, CGMCC 1.1895, CIP 82.107, HAMBI 1859, IAM 12342, IFO 14234, IMET 10353, KCTC 3382, LMG 16305, MTCC 21, NBRC 14234, NCDO 2404, NCIMB 9458, NRIC 0153, VKM Ac-1113, VKM Ac-1127",1,Glutamicibacter nicotianae,37929.5,aerobe
,,,,,GCA_006539525,
7525,,"DSM 20579, ATCC 14929, NCIB 9545, CCUG 43493, CIP 104276, CIP 82.22, JCM 1970, BCRC 12148, KCTC 3129, KCTC 3257, LMG 16159, NCIMB 9545",0,Glutamicibacter nicotianae,2893596632,aerobe
,,,,,37929.9,
,,,,,GCA_016907615,
5840,LLR-39Z-86,"DSM 44727, JCM 14910, NRRL B-16327, NBRC 103888",1,Glycomyces algeriensis,2923461097,aerobe
,,,,,GCA_027622855,
5841,DPL-G-76,"DSM 44726, JCM 14911, NRRL B-16153, NBRC 103886",1,Glycomyces arizonensis,1121926.3,aerobe
,,,,,2523533535,
,,,,,GCA_000482705,
164532,18,"JCM 33362, CGMCC 4.7610",1,Glycomyces buryatensis,GCA_004912275,aerobe
158370,SJ-25,"DSM 105121, CGMCC 4.7414",1,Glycomyces dulcitolivorans,2835077007,aerobe
,,,,,GCA_003265355,
5842,LLR-37B-118,"DSM 44724, JCM 14912, NBRC 107746, NRRL B-16149, NBRC 104152",1,Glycomyces lechevalierae,2923443038,aerobe
,,,,,GCA_027622945,
158367,,"DSM 102295, KCTC 39745, CPCC 204357",1,Glycomyces paridis,2126555.3,aerobe
,,,,,2891549231,
,,,,,GCA_004912155,
5845,E71,"DSM 45047, CGMCC 4.3147, CIP 109798, NBRC 105523, JCM 15472",1,Glycomyces sambucus,2671180087,aerobe
,,,,,380244.4,
,,,,,GCA_900102815,
13508,,"DSM 43935, CIP 109303, INA 3564, JCM 9110, NBRC 14988, NRRL B-24058, VKM Ac-1083, CGMCC 4.1709, IFO 14988, IMSNU 20127, KCTC 9390",1,Goodfellowiella coeruleoviolacea,2596583534,aerobe
,,,,,GCA_000715825,
,,,,,GCA_024171785,
10601,IEGM,"DSM 44461, CIP 108824, KCTC 9940, CCUG 48822, JCM 11271, KCTC 9899, NBRC 100051, BCRC 16387, IFM 10353",1,Gordonia amicalis,1220574.3,aerobe
,,,,,1220574.5,
,,,,,2523231037,
,,,,,2734481960,
,,,,,89053.6,
,,,,,GCA_000332995,
,,,,,GCA_001313725,
,,,,,GCA_012395955,
10613,,"DSM 44811, IFM 10211, JCM 12131, NBRC 100433, CCUG 53883, CIP 109346",1,Gordonia araii,1073574.3,aerobe
,,,,,1073574.5,
,,,,,2519899569,
,,,,,GCA_000241265,
,,,,,GCA_013004535,
10611,,"CCUG 53882, CIP 109345, DSM 44810, IFM 10200, JCM 12130, NBRC 100432",1,Gordonia effusa,1077974.3,aerobe
,,,,,2523231038,
,,,,,GCA_000241305,
10621,ON-33,"DSM 45645, CCUG 57507, KCTC 19599, JCM 16947",1,Gordonia hankookensis,GCA_014673215,aerobe
10580,K 718a,"CCUG 38498, DSM 44140, CIP 105097, JCM 10105, ATCC 700255, CECT 7018, IFO 16056, KCTC 9816, NBRC 16056, PCM 2574",1,Gordonia hirsuta,1121927.3,aerobe
,,,,,2526164525,
,,,,,2563367079,
,,,,,GCA_000333015,
,,,,,GCA_000420685,
133133,HKU50,"CCOS 955, CIP 111027, NBRC 111234, NCCP 16210, JCM 31934, NCTC 13704",1,Gordonia hongkongensis,GCA_023078355,aerobe
10622,CC-12301,"DSM 45298, CCM 7727, CCUG 58853, JCM 17969, CIP 110237",1,Gordonia humi,2834003814,aerobe
,,,,,686429.3,
,,,,,GCA_014197435,
10579,1610/1b,"DSM 44015, ATCC 700089, CIP 104672, IFO 16057, NBRC 16057, CCUG 38497, CECT 7021, JCM 10086, BCRC 16394, KCTC 9814, PCM 2575",1,Gordonia hydrophobica,1223541.3,aerobe
,,,,,2675903489,
,,,,,GCA_001592365,
10615,,"DSM 45064, CCUG 53555, CIP 109612, IMMIB WWCC-22, JCM 14874, IFM 10866, NBRC 108250, IMMIB WWC-22",1,Gordonia malaquae,1223542.3,aerobe
,,,,,2523231040,
,,,,,2639762576,
,,,,,410332.5,
,,,,,GCA_000344135,
,,,,,GCA_900105435,
10623,AD-6,"DSM 45646, CCTCC AB 209144, JCM 31031, NRRL B-59395",1,Gordonia neofelifaecis,GCA_000192435,aerobe
166494,RS15-1S,"TBRC 8485, NBRC 113446",1,Gordonia oryzae,2866513116,aerobe
,,,,,GCA_003797185,
10610,,"DSM 44809, IFM 10032, JCM 12355, NBRC 100426, CCUG 52243, CIP 109016",1,Gordonia otitidis,1108044.3,aerobe
,,,,,2514885045,
,,,,,GCA_000248075,
141149,QH-11,"CICC 24107, KCTC 39933, DSM 108671",1,Gordonia phthalatica,2648501237,aerobe
,,,,,GCA_001305675,
166495,,"TBRC 7109, NBRC 113236, AMA 120",1,Gordonia sediminis,GCA_004193205,aerobe
10617,SD29,"DSM 45094, CGMCC 4.3492, JCM 13907, CIP 109551",1,Gordonia shandongensis,1121928.3,aerobe
,,,,,2524614582,
,,,,,GCA_000423025,
10570,3884,"DSM 43896, ATCC 29627, IMET 7569, JCM 3228, KCC A-0228, CCUG 47138, CIP 100849, BCRC 13698, CCM 3354, IFO 16049, KCTC 3436, NBRC 100414, NBRC 16049, PCM 2576",1,Gordonia sputi,1089453.3,aerobe
,,,,,2513237321,
,,,,,36823.3,
,,,,,GCA_000248055,
,,,,,GCA_012396255,
10603,"ID 3752, Kb 2","DSM 44215, JCM 11757, NRRL B-24152, CCUG 46924, CIP 107642, IFM 10629, KCTC 9954, NBRC 108237",1,Gordonia westfalica,1305624.4,aerobe
,,,,,158898.6,
,,,,,158898.7,
,,,,,2636416072,
,,,,,2675903634,
,,,,,GCA_001313785,
,,,,,GCA_900105725,
1468,K170,"DSM 23178, CGMCC 1.10681",1,Gracilibacillus kekensis,1027249.3,aerobe
,,,,,2667528169,
,,,,,GCA_900143085,
1464,BH312,"DSM 19029, KCTC 13129",1,Gracilibacillus lacisalsi,1121929.3,aerobe
,,,,,2519103189,
,,,,,GCA_000377765,
1465,,"DSM 19802, CCTCC AA 208015, YIM 91119",1,Gracilibacillus saliphilus,543890.3,aerobe
,,,,,GCA_010994085,
158807,LA399,"CGMCC 1.16248, KCTC 52885",1,Gracilimonas amylolytica,2833079920,aerobe
,,,,,GCA_002911695,
17764,CL-CB462,"DSM 19535, KCCM 90063",1,Gracilimonas tropica,1121930.3,aerobe
,,,,,2515154158,
,,,,,GCA_000375425,
133966,BS12,"KACC 16188, JCM 17790",1,Christiangramia aestuarii,2891820663,aerobe
,,,,,GCA_009735585,
5717,,"DSM 19838, JCM 13510, KCTC 12278, KMM 6050, LMG 22585, NBRC 100593, IAM 15331",1,Christiangramia echinicola,1121931.6,aerobe
,,,,,2524614734,
,,,,,GCA_000423065,
5719,RA5-111,"DSM 23082, JCM 16528, KCTC 23022, NBRC 106272",1,Christiangramia gaetbulicola,2734482285,aerobe
,,,,,703340.3,
,,,,,GCA_003054225,
5718,UST040801-001,"DSM 23547, JCM 13192, NBRC 101534, NRRL B-41137, CIP 109020, KCTC 22434",1,Christiangramia portivictoriae,1121932.6,aerobe
,,,,,2524614725,
,,,,,GCA_000423045,
159710,LPB0144,"KACC 18894, JCM 31560",1,Christiangramia salexigens,2718217989,aerobe
,,,,,GCA_001889005,
22898,MP5ACTX2,"DSM 23128, ATCC BAA-1858",1,Granulicella arctica,GCA_025685605,aerobe
22899,MP5ACTX8,"DSM 23137, ATCC BAA-1857",1,Granulicella mallensis,2503982037,aerobe
,,,,,682795.3,
,,,,,GCA_000178955,
158483,AF10,"DSM 104461, VKM B-3276",1,Granulicella sibirica,2880944282,aerobe
,,,,,GCA_004115155,
22901,MP5ACTX9,"DSM 23138, ATCC BAA-1859",1,Granulicella tundricola,1198114.1,aerobe
,,,,,1198114.11,
,,,,,1198114.7,
,,,,,1198114.8,
,,,,,1198114.9,
,,,,,649633002,
,,,,,GCA_000178975,
17219,75-80,"DSM 15132, ATCC 33564, CDC 0075-80, IMET 12291, CCUG 13625, NCTC 11640, LMG 17719, CIP 101886, JCM 1283, BCRC 15890, CAIM 625, CDC 75-80, CECT 5069, LMG 13542",1,Grimontia hollisae,2718217809,aerobe
,,,,,2839397828,
,,,,,647000258,
,,,,,673.5,
,,,,,673.9,
,,,,,675812.3,
,,,,,GCA_000176515,
,,,,,GCA_001558255,
,,,,,GCA_900450635,
7515,,"DSM 22003, JCM 14773, KCTC 13163, DCY 26",1,Gryllotalpicola ginsengisoli,1121372.3,aerobe
,,,,,2523533581,
,,,,,GCA_000419445,
168512,2DFW10M-5,"NBRC 113049, KACC 19316",1,Gryllotalpicola protaetiae,2419771.3,aerobe
,,,,,CP032624,
,,,,,GCA_003627055,
10518,HT27,"DSM 17901, JCM 15969",1,Gulbenkiania indica,2616644830,aerobe
,,,,,375574.1,
,,,,,375574.9,
,,,,,GCA_001418035,
,,,,,GCA_001517245,
10519,E4FC31,"DSM 18507, CCUG 54946, LMG 23770",1,Gulbenkiania mobilis,2799112276,aerobe
,,,,,397457.6,
7478,S7-7,"CCUG 50209, DSM 17450, IAM 14848, TISTR 1511, JCM 12920, CIP 108567, NBRC 103089",1,Gulosibacter bifidus,1349787.3,aerobe
,,,,,2731957611,
,,,,,GCA_001570925,
7330,,"DSM 26462, CAU 9625, CCUG 60841, KCTC 13959",1,Gulosibacter chungangensis,979746.3,aerobe
,,,,,GCA_008831155,
7329,ON4,"DSM 13485, CCUG 49965, LMG 21909, JCM 13320, CIP 108515, IAM 15172, NCIMB 14246",1,Gulosibacter molinativorax,1121934.3,aerobe
,,,,,2524614660,
,,,,,2802429658,
,,,,,GCA_000425685,
,,,,,GCA_003010915,
166445,,"CGMCC 1.15525, NBRC 112424, HBUM 179779",1,Gynurincola endophyticus,GCA_003991195,aerobe
11711,"180-a, 180a","DSM 21187, ATCC 11116, CCUG 25716, CIP 52.129, NCTC 8502",1,Haemophilus aegyptius,197575.11,aerobe
,,,,,197575.12,
,,,,,197575.13,
,,,,,197575.14,
,,,,,197575.8,
,,,,,2808606679,
,,,,,651324038,
,,,,,888728.3,
,,,,,GCA_000195005,
,,,,,GCA_900475885,
5851,FR1050,"DSM 17046, JCM 12486, KCTC 12277, CIP 108747, IMSNU 60136",1,Hahella ganghwensis,1121935.11,aerobe
,,,,,2519899685,
,,,,,GCA_000376785,
5972,D43,"DSM 19505, JCM 15962, KCTC 4055",1,Haladaptatus cibarius,1455608.3,aerobe
,,,,,2582580505,
,,,,,GCA_000710615,
133566,ROI-28,"CGMCC 1.7737, JCM 15771",1,Haladaptatus litoreus,2681812914,aerobe
,,,,,553468.4,
,,,,,GCA_900156425,
1516,BH2,"DSM 18494, JCM 14192, BCRC 80128, CIP 109651",1,Halalkalibacillus halophilus,1121936.5,aerobe
,,,,,2524023153,
,,,,,GCA_000423105,
1261,1139,"DSM 21942, ATCC 43226, CIP 109018, JCM 9157",1,Halalkalibacter akibai,1236973.3,aerobe
,,,,,1236973.5,
,,,,,2609459843,
,,,,,GCA_000513135,
,,,,,GCA_001315085,
1241,C-11,"DSM 16731, JCM 9152, CIP 109021, FERM 3071",1,Halalkalibacter hemicellulosilyticus,1236971.3,aerobe
,,,,,1236971.4,
,,,,,2609459771,
,,,,,GCA_000513115,
,,,,,GCA_001315065,
23707,NH3,"DSM 27953, CGMCC 1.10116, JCM 16507",1,Halalkalibacter nanhaiisediminis,2596583586,aerobe
,,,,,688079.3,
,,,,,GCA_007830185,
1262,Kh10-101,"DSM 23308, CIP 109247, JCM 13040, ATCC BAA-1137",1,Halalkalibacter okhensis,GCA_000787375,aerobe
1240,N-1,"DSM 2521, ATCC 21832, FERM P-1138, JCM 9140, CIP 109022, FERM 1138",1,Halalkalibacter wakoensis,1236970.3,aerobe
,,,,,1236970.4,
,,,,,2609459807,
,,,,,GCA_000513095,
,,,,,GCA_001315045,
5968,B3,"DSM 18796, CECT 7217, JCM 14584, KCTC 4019, CGMCC 1.8490, NBRC 110681",1,Halalkalicoccus jeotgali,2528311097,aerobe
,,,,,2531839219,
,,,,,648028029,
,,,,,795797.18,
,,,,,795797.19,
,,,,,795797.2,
,,,,,795797.26,
,,,,,795797.27,
,,,,,795797.28,
,,,,,795797.29,
134070,MH1-136-2,"JCM 16331, CECT 7573",1,Halarchaeum nitratireducens,489913.3,aerobe
,,,,,GCA_014647155,
24088,MH1-16-3,"DSM 22443, CECT 7535, JCM 16108",1,Halarchaeum rubridurum,2913406730,aerobe
,,,,,489911.3,
,,,,,GCA_014647115,
,,,,,GCA_017873775,
168511,LZ-16-2,"KCTC 62344, CCTCC AB 2017229",1,Haliea alexandrii,GCA_003719295,aerobe
,,,,,RFLW00000000,
495,3x/A02/235,"DSM 19537, CECT 7478, CIP 109602, MOLA 286, OOB 286",1,Haliea salexigens,1121937.15,aerobe
,,,,,2523533559,
,,,,,GCA_000423125,
23576,S1-36,"DSM 27941, KCTC 23429, NBRC 107739",1,Halioglobus japonicus,930805.12,aerobe
,,,,,930805.5,
,,,,,930805.6,
,,,,,930805.7,
,,,,,930805.8,
,,,,,GCA_001983995,
,,,,,GCA_002869505,
,,,,,GCA_014652255,
158634,HF004,"KCTC 42395, MCCC 1H00127",1,Pseudohalioglobus lutimaris,GCA_002866825,aerobe
23577,S1-72,"DSM 27932, KCTC 23430, NBRC 107742",1,Halioglobus pacificus,930806.9,aerobe
,,,,,GCA_014652275,
166510,U0301,"CTC 62082, MCCC 1H00234",1,Seongchinamella sediminis,GCA_003457605,aerobe
133110,,"DSM 45977, CGMCC 4.7115, AFM 10258",1,Haloactinomyces albus,2919883261,aerobe
17826,,"DSM 45211, KCTC 19409, YIM 93246",1,Haloactinopolyspora alba,2728369474,aerobe
,,,,,648780.3,
,,,,,648780.4,
,,,,,GCA_003014555,
,,,,,GCA_004138525,
11262,,"DSM 45015, CCTCC AA 206008, JCM 16004, YIM 90648",1,Haloactinospora alba,2818991471,aerobe
,,,,,405555.3,
,,,,,GCA_006717075,
133728,EB21,"IBRC-M 10013, KCTC 4048",1,Haloarchaeobius iranensis,996166.4,aerobe
,,,,,GCA_900103505,
133624,HST01-2R,"BCC 40029, JCM 15759, PCU 313",1,Haloarcula salaria,575195.35,aerobe
,,,,,GCA_014647095,
162366,SWO25,"JCM 19018, CIP 110583",1,Haloarcula sebkhae,932660.3,aerobe
,,,,,GCA_014647415,
1355,FP5,"DSM 18525, ATCC BAA-1361",1,Halobacillus alkaliphilus,2654587900,aerobe
,,,,,GCA_900113125,
1345,MSS-155,"DSM 16468, KCCM 41687, KCTC 3788",1,Halobacillus locisalis,220753.4,aerobe
,,,,,GCA_013694105,
1354,ISL-50,"DSM 22302, CCUG 54358, KCTC 13145",1,Halobacillus seohaensis,2901090068,aerobe
,,,,,447421.3,
1346,MSS-402,"DSM 17110, KCTC 3957, JCM 12929",1,Halobacillus yeomjeoni,2755037.3,aerobe
,,,,,GCA_015905325,
5911,R1,"DSM 671, CCUG 24034, JCM 9409, ATCC 29341, NCIMB 2080",0,Halobacterium salinarum,2596583691,aerobe
,,,,,478009.2,
,,,,,478009.35,
,,,,,478009.36,
,,,,,478009.37,
,,,,,478009.38,
,,,,,641522631,
,,,,,GCA_000069025,
133787,MGY-184,"JCM 17821, KCTC 4100, NBRC 109044",1,Halobaculum magnesiiphilum,1017351.3,aerobe
,,,,,1017351.4,
,,,,,1017351.5,
,,,,,GCA_019823105,
133385,D90,"CGMCC 1.15501, JCM 31273",1,Halobaculum roseum,2175149.3,aerobe
,,,,,2175149.4,
,,,,,2175149.5,
,,,,,GCA_019880245,
166103,ZY21,"CGMCC 1.16343, NBRC 113439",1,Halobellus captivus,GCA_007655485,aerobe
134047,YC20,"CGMCC 1.12120, JCM 18361",1,Halobellus inordinatus,GCA_024464655,aerobe
133720,TBN53,"CGMCC 1.10331, JCM 16811",1,Halobellus limi,2619618869,aerobe
,,,,,2914819717,
,,,,,699433.4,
,,,,,699433.8,
,,,,,GCA_004799685,
,,,,,GCA_900108165,
23056,"CSW2.24.4, 2.24.4","DSM 18730, CGMCC 1.10710, JCM 14359",1,Halobellus salinus,2724679816,aerobe
,,,,,931585.3,
,,,,,GCA_014646875,
164159,HArcel1,"JCM 31941, UNIQEM U975",1,Halococcoides cellulosivorans,GCA_003058365,aerobe
134189,100A6,"JCM 12892, ACM 5227, CIP 109336",1,Halococcus hamelinensis,1132509.4,aerobe
,,,,,1132509.6,
,,,,,2502171174,
,,,,,2529292733,
,,,,,GCA_000259215,
,,,,,GCA_000336675,
130648,"RA2-3, RA2-3(T)","DSM 100421, KCTC 32362, NBRC 109999",1,Halocynthiibacter namhaensis,2636415494,aerobe
,,,,,GCA_000812685,
13515,,"DSM 45207, CCTCC AB 208140, YIM 93221",1,Haloechinothrix alba,2724679784,aerobe
,,,,,664784.3,
,,,,,GCA_900188115,
13270,,"DSM 45216, KCTC 19403, YIM 93223, JCM 18118",1,Haloechinothrix halophila,2512564011,aerobe
,,,,,592678.3,
,,,,,GCA_000504245,
24077,ZJ206,"DSM 27190, CGMCC 1.5347, JCM 13917",1,Haloferax larsenii,1227460.3,aerobe
,,,,,2554235500,
,,,,,GCA_000336955,
24081,PA12,"DSM 27191, ATCC BAA-1512, JCM 14792, UNSW 104200, CGMCC 1.8488",1,Haloferax mucosum,2508501020,aerobe
,,,,,2529293244,
,,,,,GCA_000337815,
17213,YC6886,"DSM 21608, KCTC 22447",1,Haloferula luteola,2861254865,aerobe
,,,,,GCA_014201715,
134080,06SJR1-1,"MBIC 08340, KCTC 22201",1,Haloferula rosea,490093.3,aerobe
,,,,,GCA_016595525,
133594,RO1-6,"CGMCC 1.8711, JCM 16054",1,Halogeometricum limi,2617270895,aerobe
,,,,,555875.3,
,,,,,GCA_900115785,
134312,BZ256,"KCTC 4017, JCM 14848",1,Halogeometricum pallidum,1227487.5,aerobe
,,,,,2554235507,
,,,,,GCA_000337095,
133607,RO1-4,"CGMCC 1.7736, JCM 15770",1,Halogeometricum rufum,2617270920,aerobe
,,,,,553469.3,
,,,,,GCA_900112175,
5850,,"DSM 45210, JCM 16899, KCTC 19481, YIM 92370",1,Haloglycomyces albus,1089549.3,aerobe
,,,,,2516653079,
,,,,,GCA_000527155,
133561,RO2-11,"CGMCC 1.7738, JCM 15772",1,Halogranum rubrum,2619618990,aerobe
,,,,,553466.4,
,,,,,GCA_900114455,
5976,B-1,"DSM 23171, KCTC 4066",1,Halogranum rubrum,1210908.21,aerobe
,,,,,2537561866,
,,,,,GCA_000283335,
24089,WSY15-H1,"DSM 26232, CGMCC 1.12371, JCM 18548",1,Halolamina salifodinae,2913474752,aerobe
,,,,,GCA_017874235,
133995,BNERC31,"JCM 17820, CECT 7537",1,Haloarcula pellucida,1427151.3,aerobe
,,,,,GCA_014647235,
,,,,,GCA_019599515,
5875,AL-5,"DSM 19301, CECT 7257",1,Halomicrobium mukohataei,1069082.6,aerobe
,,,,,2516653073,
,,,,,GCA_000379085,
133717,TBN51,"CGMCC 1.10457, JCM 17095",1,Halomicrobium zhouii,2667527389,aerobe
,,,,,767519.3,
,,,,,GCA_900114435,
167389,"H22, NRRC 113 231","CGMCC 1.16291, NBRC 113231",1,Halomicrococcus hydrotolerans,GCA_003298465,aerobe
,,,,,QNGA00000000,
158746,Hb3,"KCTC 52253, JCM 31415",1,Halomonas aestuarii,2718217703,aerobe
,,,,,GCA_001886615,
6034,YKJ-16,"DSM 15356, JCM 10888, KCCM 41042, KCTC 12950, CGMCC 1.3500, CIP 107381",1,Halomonas alimentaria,147248.4,aerobe
,,,,,GCA_009902005,
6056,LC6,"DSM 19434, CCUG 54844, LMG 24243",1,Halomonas andesensis,2498861.3,aerobe
,,,,,2900696506,
,,,,,GCA_003989795,
6043,FP35,DSM 16096,1,Halomonas anticariensis,1121939.1,aerobe
,,,,,1121939.11,
,,,,,2524614562,
,,,,,2571042376,
,,,,,GCA_000409775,
,,,,,GCA_000428505,
6010,558,"DSM 30161, ATCC 14400, KCTC 22193, NCMB 557, CCUG 16157, LMG 3416, LMG 2853, IAM 12550, ZoBell and Upham 558, BCRC 12878, CECT 5000, CGMCC 1.2324, CIP 105454, LMD 73.17, NCIB 557, NCIMB 557, Zobell 558, ZoBell and Upham 558T, Zobell & Upham 55",1,Halomonas aquamarina,2639762508,aerobe
,,,,,GCA_900110265,
6058,,"DSM 23549, CGMCC 1.6494, JCM 14607, LMG 23978, AJ 282, CIP 109669",1,Halomonas arcis,2617270787,aerobe
,,,,,416873.6,
,,,,,GCA_900103865,
6040,"1723a, Althf1","DSM 15723, ATCC BAA-802, CECT 5812, KCTC 22194, CCM 7103, CIP 108042",1,Halomonas aquamarina,115555.24,aerobe
,,,,,2930057488,
,,,,,GCA_007163885,
6036,LC1,"DSM 15516, ATCC BAA-759, CIP 108425",1,Halomonas boliviensis,1072583.17,aerobe
,,,,,1072583.4,
,,,,,2548876524,
,,,,,2856158536,
,,,,,GCA_000236035,
,,,,,GCA_002265845,
6046,5AG,"DSM 15293, ATCC BAA-966, CIP 109090, ATCC BAA-96",1,Halomonas campaniensis,2824923856,aerobe
,,,,,GCA_014193375,
6069,,"DSM 23509, CGMCC 1.6773, JCM 14802, AJ 261",1,Halomonas caseinilytica,2617270935,aerobe
,,,,,2773858001,
,,,,,438744.6,
,,,,,GCA_001662305,
,,,,,GCA_900109905,
6067,SP4,"DSM 23438, CECT 7282, LMG 24145",1,Halomonas cerina,2824403443,aerobe
,,,,,447424.3,
,,,,,GCA_014192215,
134359,DQD2-30,"CGMCC 1.6443, LMG 23896",1,Halomonas desiderata,2617270887,aerobe
,,,,,419596.3,
,,,,,GCA_900108215,
6049,M29,"DSM 18045, CIP 109894, KCTC 12665",1,Halomonas denitrificans,370769.4,aerobe
,,,,,GCA_003056305,
158800,MC28,"KCTC 52999, MCCC 1K03343",1,Halomonas endophytica,2859108715,aerobe
,,,,,GCA_002879615,
6054,SL014B-69,"DSM 23417, CGMCC 1.6133, LMG 23610",1,Halomonas gudaonensis,2617270877,aerobe
,,,,,376427.9,
,,,,,GCA_900100195,
6073,W1025,"DSM 21196, KCTC 22154",1,Halomonas hamiltonii,502829.3,aerobe
,,,,,GCA_014651775,
6063,Sp8,"DSM 19980, CCM 7522, CECT 7331",1,Halomonas ilicicola,1121942.4,aerobe
,,,,,2582581268,
,,,,,GCA_900128925,
6074,T68687,"DSM 21197, KCTC 22157",1,Halomonas hamiltonii,502832.6,aerobe
,,,,,GCA_014651795,
6070,,"DSM 23508, CCTCC AB 206093, KCTC 12847, YIM 91125",1,Halomonas lutea,1121943.4,aerobe
,,,,,2518645611,
,,,,,453962.4,
,,,,,GCA_000378505,
,,,,,GCA_014651575,
166357,204,"MCCC 1H00366, KCTC 62957",1,Halomonas marinisediminis,GCA_004347715,aerobe
6020,,"DSM 5425, ACAM 246, ATCC 49692, KCTC 22196, UQM 3352, CIP 104043, IFO (now NBRC) 15608",1,Halomonas aquamarina,2698536813,aerobe
,,,,,29570.7,
,,,,,GCA_900129255,
6044,G-16.1,"DSM 16226, CCM 7142, CECT 5995, CIP 108269",1,Halomonas organivorans,257772.3,aerobe
,,,,,2824377609,
,,,,,GCA_014192055,
168332,EAR18,"CECT 9077, LMG 29859",1,Halomonas radicis,CAAHFN01,aerobe
6057,,"DSM 23548, CGMCC 1.6493, JCM 14606, LMG 23976, AJ 275, CIP 109670",1,Halomonas saccharevitans,2617270933,aerobe
,,,,,416872.17,
,,,,,GCA_900116405,
158650,LCB169,"CGMCC 1.15818, KCTC 52618",1,Halomonas saliphila,2844988376,aerobe
,,,,,GCA_002930105,
166135,,"MTCC 12313, LMG 30344, SBS 10",1,Halomonas sambharensis,GCA_003973725,aerobe
6055,SL014B-85,"DSM 23416, CGMCC 1.6444, LMG 23897",1,Halomonas shengliensis,2617270760,aerobe
,,,,,419597.17,
,,,,,GCA_900104135,
6075,S18214,"DSM 21198, KCTC 22148",1,Halomonas stevensii,1177117.3,aerobe
,,,,,2551306145,
,,,,,GCA_000275725,
6059,ZG16,"DSM 23550, CGMCC 1.6495, JCM 14608, LMG 23977, CIP 109673",1,Halomonas subterranea,2617270764,aerobe
,,,,,416874.6,
,,,,,GCA_900111305,
6045,"BH539, 29.101","DSM 16463, CIP 109003, KCTC 12284",1,Halomonas taeanensis,GCA_900100755,aerobe
6076,BH1,"DSM 22872, ATCC BAA-1257, CECT 7585, JCM 16411, LMG 25388",1,Halomonas titanicae,1204738.3,aerobe
,,,,,2571042251,
,,,,,GCA_000336575,
140845,BZ-SZ-XY27,"JCM 30202, CGMCC 1.12917, DSM 29014",1,Halomonas urumqiensis,1684789.7,aerobe
,,,,,GCA_002879635,
,,,,,GCA_014653135,
6042,Al12,"DSM 15911, CECT 5797, CIP 108433",1,Halomonas ventosae,229007.12,aerobe
,,,,,2770939578,
,,,,,GCA_004363555,
133645,A-1,"CGMCC 1.6848, JCM 14849",1,Halomonas xianhensis,2617270878,aerobe
,,,,,442341.9,
,,,,,GCA_900113605,
6072,,"DSM 21076, CCTCC AB 208031, KCTC 22279, JSM 078169",1,Halomonas zhanjiangensis,2517572236,aerobe
,,,,,574966.4,
,,,,,GCA_000377665,
134028,B6,"CGMCC 1.12450, JCM 18472",1,Halomonas zincidurans,1446475.3,aerobe
,,,,,2585427838,
,,,,,GCA_000731955,
166473,F13-13,"CECT 9386, IBRC-M 11204",1,Halonotius aquaticus,GCA_003605575,aerobe
5975,"1.15.5, CSW1.15.5","DSM 18729, CECT 7525, JCM 14355",1,Halonotius pteroides,268735.3,aerobe
,,,,,GCA_003605635,
140835,,"CGMCC 1.14998, JCM 30891, Dys DYS4",1,Haloparvum sedimenti,GCA_001462205,aerobe
133592,RO5-2,"CGMCC 1.7739, JCM 15773",1,Halopelagius inordinatus,2617270917,aerobe
,,,,,553467.4,
,,,,,GCA_900113245,
134022,BC12-B1,"CGMCC 1.12397, JCM 18758",1,Halopelagius longus,1236180.3,aerobe
,,,,,2671180169,
,,,,,GCA_003351065,
,,,,,GCA_900100875,
133781,DC30,"IBRC 10041, KCTC 4046",1,Halopenitus persicus,1048396.9,aerobe
,,,,,2654587885,
,,,,,GCA_900107205,
5974,"56, 98-618","DSM 13151, JCM 11628",1,Halopiger aswanensis,148449.3,aerobe
,,,,,2636416066,
,,,,,GCA_003610195,
24085,KCY07-B2,"DSM 26231, CGMCC 1.12284, JCM 18547",1,Natrinema salifodinae,1202768.6,aerobe
,,,,,2645727804,
,,,,,2671180170,
,,,,,GCA_000784335,
,,,,,GCA_900110455,
5876,RE-101,"DSM 17983, JCM 14081, CGMCC 1.8972",1,Haloplanus natans,2517287030,aerobe
,,,,,926690.3,
,,,,,GCA_000427685,
163805,CBA1112,"JCM 30475, KCCM 43224",1,Haloplanus rubicundus,CP031147,aerobe
,,,,,CP031148,
,,,,,CP031149,
,,,,,GCA_003342675,
133591,RO5-8,"CGMCC 1.8712, JCM 16055",1,Haloplanus vescus,2617270898,aerobe
,,,,,555874.3,
,,,,,GCA_900107665,
133308,SB9,"JCM 19565, CGMCC 1.14959",1,Haloprofundus marisrubri,1514971.4,aerobe
,,,,,2690315683,
,,,,,GCA_001469955,
168456,"S-­6-2, S-6-2","KCTC 52539, CGMCC 1.15798",1,Halopseudomonas phragmitis,CP020100,aerobe
,,,,,GCA_002056295,
5952,31-hong,"DSM 23496, CGMCC 1.2670, JCM 13560, KCTC 4073",1,Halorubrum aidingense,1230454.4,aerobe
,,,,,2554235475,
,,,,,GCA_000336995,
5953,SF3-213,"DSM 19288, CECT 7256, JCM 14715",1,Halorubrum californiense,1227465.4,aerobe
,,,,,2554235496,
,,,,,GCA_000336875,
5947,"5'1, 5.1","DSM 17463, CECT 7099",1,Halorubrum ezzemoulense,1121945.3,aerobe
,,,,,1121945.5,
,,,,,2524614679,
,,,,,GCA_000421805,
,,,,,GCA_002114285,
23052,BG-1,"DSM 19804, JCM 14978, CECT 7322, CGMCC 1.7018, KCTC 4068",1,Halorubrum kocurii,1230456.3,aerobe
,,,,,2554235489,
,,,,,GCA_000337355,
5951,3-Sep,"DSM 21995, CGMCC 1.5332, JCM 13559, KCTC 4069",1,Halorubrum lipolyticum,1227482.3,aerobe
,,,,,2534682115,
,,,,,GCA_000337375,
163753,ZS-3,"JCM 30239, CGMCC 1.12866",1,Halorussus halophilus,GCA_008831545,aerobe
134076,R27,"CGMCC 1.10591, JCM 17268",1,Halosimplex rubrum,GCA_013415885,aerobe
5970,194-10,"DSM 22427, JCM 16110, CECT 7536",1,Halostagnicola kamekurae,2639762563,aerobe
,,,,,619731.3,
,,,,,GCA_900116205,
5969,XH-48,"DSM 17691, CECT 7116, CGMCC 1.5338, JCM 13463",1,Halostagnicola larsenii,2510065051,aerobe
,,,,,797299.3,
,,,,,797299.6,
,,,,,797299.7,
,,,,,797299.8,
,,,,,797299.9,
,,,,,CP007055,
,,,,,GCA_000517625,
133550,JX313,"CGMCC 1.8909, NBRC 105739, JCM 18238",1,Natronorubrum daqingense,2681812915,aerobe
,,,,,2740891999,
,,,,,588898.4,
,,,,,GCA_001971705,
,,,,,GCA_900156445,
5885,A29,"DSM 18794, CECT 7218, JCM 14585, KCTC 4020, CCTCC AB 2015393",1,Natrinema thermotolerans,2582580504,aerobe
,,,,,2914868299,
,,,,,GCA_000710605,
,,,,,GCA_004799625,
134201,AX-7,"CGMCC 1.5333, JCM 13563",1,Natrinema limicola,1230457.4,aerobe
,,,,,2554235498,
,,,,,GCA_000337475,
,,,,,GCA_020105915,
134202,ABH32,"CGMCC 1.5334, JCM 13562",1,Natrinema longum,GCA_017352095,aerobe
5887,XH-65,"DSM 18196, CGMCC 1.6203, JCM 13891",1,Haloterrigena salina,1227488.3,aerobe
,,,,,2554235505,
,,,,,GCA_000337495,
134166,EJ-46,"CGMCC 1.4248, CECT 7098, JCM 14624",1,Halovivax asiaticus,1227490.4,aerobe
,,,,,2554235485,
,,,,,GCA_000337515,
132477,,"DSM 100517, CGMCC 4.7289, CPCC 204160, KCTC 39591, YIM C0533, JCM 32491",1,Hamadaea flava,2852728668,aerobe
,,,,,GCA_024172085,
166127,W1-2-3,"KACC 18307, LMG 28594",1,Hankyongella ginsenosidimutans,GCA_005144965,aerobe
24180,PG04,"DSM 25481, ACCC 05759",1,Hansschlegelia beijingensis,1133344.3,aerobe
,,,,,2829890163,
,,,,,GCA_014196425,
7229,S 113,"DSM 18984, CCTCC AB 206143, KCTC 12880",1,Hansschlegelia zhihuaiae,2889485916,aerobe
,,,,,GCA_004103825,
159765,L53,"KCTC 62247, MCCC 1H00246",1,Hanstruepera ponticola,2831748538,aerobe
133200,LIP-5,"CCTCC AB 2015365, KCTC 42956",1,Haoranjiania flava,GCA_025631005,aerobe
24519,,"DSM 29318, JCM 16214, KCCM 90082, KME 002",1,Hasllibacter halocynthiae,2681812958,aerobe
,,,,,595589.3,
,,,,,GCA_003003095,
3920,6401990,"DSM 23040, CCUG 53859, CIP 109418, CSUR P17, JCM 30721",1,Helcobacillus massiliensis,2824228552,aerobe
,,,,,521392.5,
,,,,,GCA_014191425,
6220,26III/A02/215,"DSM 19091, CIP 109500, OOB 269",1,Hellea balneolensis,1121948.5,aerobe
,,,,,2524614726,
,,,,,GCA_000428525,
140993,,"LMG 29152, CCUG 67844, MCS 27",1,Henriciella algicola,1608422.3,aerobe
,,,,,2832873813,
,,,,,GCA_003576245,
140992,,"LMG 28705, CCUG 66934, MCS 23",1,Henriciella barbarensis,2831698200,aerobe
,,,,,86342.3,
,,,,,GCA_003576345,
6222,SD10,"DSM 22014, KACC 13700",1,Henriciella litoralis,2831707323,aerobe
,,,,,568102.3,
,,,,,GCA_002088935,
6221,IS4,"DSM 19595, JCM 15116, KCTC 12513, ISO Iso4, ISO 4",1,Henriciella marina,1121949.8,aerobe
,,,,,2519103046,
,,,,,GCA_000376805,
140997,LA220,"CGMCC 1.15928, KCTC 52577",1,Henriciella pelagia,1977912.17,aerobe
,,,,,2839925148,
,,,,,GCA_002088945,
,,,,,GCA_014644035,
11351,"SA 32, SA32","DSM 732, ATCC 29984, CCUG 12808, LMG 4326, CIP 107295, IAM 14942, NBRC 15327, JCM 21424, IFO 15327, VKM B-1394, UCCCB7",1,Herbaspirillum autotrophicum,180195.5,aerobe
,,,,,2654587661,
,,,,,GCA_001189915,
11366,CPW301,"DSM 17796, IAM 15024, JCM 21487, KCTC 12096, NBRC 102525, CCUG 52898, CIP 108432, UCCCB8",1,Herbaspirillum chlorophenolicum,1349766.3,aerobe
,,,,,2645727693,
,,,,,2731957620,
,,,,,GCA_001189955,
,,,,,GCA_001571165,
11361,,"DSM 13128, CCUG 47444, GSF 30, JCM 21445, IAM 14974, NBRC 102522",1,Herbaspirillum frisingense,GCA_000300975,aerobe
11365,N3,"DSM 17495, CIP 109904, LMG 23131, UCCCB12",1,Herbaspirillum hiltneri,1262470.4,aerobe
,,,,,2645728026,
,,,,,GCA_001267925,
11368,2-Jul,"DSM 21883, ATCC BAA-806, CCUG 49453, IAM 15032, JCM 21495, NBRC 102406, CIP 108607",1,Herbaspirillum huttiense subsp. putei,1235558.4,aerobe
,,,,,2551306420,
,,,,,GCA_000478365,
11367,UMS-37,"DSM 21885, CIP 108917, KCTC 12558",1,Herbaspirillum rhizosphaerae,2654587705,aerobe
,,,,,GCA_001189965,
158710,HZ10,"JCM 31754, CCTCC AB 2014352",1,Herbaspirillum robiniae,2839094727,aerobe
,,,,,GCA_002213415,
7512,,"DSM 26474, NBRC 16403, VKM Ac-2058",1,Herbiconiux flava,2844852863,aerobe
,,,,,881268.3,
,,,,,GCA_013409865,
7509,wged11,"DSM 19088, CGMCC 4.3491, JCM 13908, NBRC 104580, CIP 109552, KCTC 19440",1,Herbiconiux ginsengi,2667527392,aerobe
,,,,,381665.4,
,,,,,GCA_900107435,
7511,RB-62,"DSM 25800, JCM 16117, KCTC 19653",0,Herbiconiux moechotypicola,GCA_024979255,aerobe
133559,0385M-1,"FIRDI 004, BCRC 16876, LMG 24336, JCM 18061, NBRC 106372",1,Herbidospora daliensis,2724679243,aerobe
,,,,,295585.3,
,,,,,GCA_001570585,
133792,MN08-A0118,"NBRC 105882, VTCC D9-22",1,Herbidospora mongoliensis,2724679241,aerobe
,,,,,688067.3,
,,,,,GCA_001570545,
133560,0351M-12,"FIRDI 003, BCRC 16875, LMG 24337, JCM 18062, NBRC 106371",1,Herbidospora yilanensis,2724679242,aerobe
,,,,,354426.3,
,,,,,GCA_001570565,
132633,,"DSM 101727, NBRC 111774, CPCC 204279",1,Herbihabitans rhizosphaerae,1872711.3,aerobe
,,,,,2795385472,
,,,,,GCA_004216555,
11303,ULPAs1,"DSM 17148, CCUG 53683, CCM 7303, LMG 22961, CIP 109323",1,Herminiimonas arsenicoxydans,640069313,aerobe
24261,,"DSM 28178, CCM 7991, CCUG 53591",1,Herminiimonas contaminans,1111140.3,aerobe
11304,S-94,"CCUG 52513, DSM 18555, CIP 108398, LMG 22527",1,Herminiimonas fonticola,2802429731,aerobe
,,,,,303380.4,
,,,,,GCA_003293745,
,,,,,GCA_004361795,
6125,114-95,"DSM 785, ATCC 23779, CCUG 48726",1,Herpetosiphon aurantiacus,2508501111,aerobe
,,,,,316274.11,
,,,,,316274.12,
,,,,,316274.7,
,,,,,GCA_000018565,
6135,"GC-42, Hp gy1","DSM 7119, ATCC 23076, CCUG 48727",0,Herpetosiphon geysericola,2645728042,aerobe
,,,,,70996.7,
,,,,,GCA_001306135,
6128,Hp a2,"DSM 589, NBRC 112828",1,Herpetosiphon giganteus,2029754.3,aerobe
,,,,,2901034711,
,,,,,GCA_016907925,
1207,105-2,"DSM 14745, ATCC BAA-366, CIP 109006, NRRL B-23453",1,Heyndrickxia acidicola,GCA_001636425,aerobe
1286,SL213,"DSM 23148, JCM 14638, KCTC 13078",1,Heyndrickxia acidiproducens,2519899659,aerobe
,,,,,444461.3,
,,,,,GCA_000374345,
654,"609, NRS-609","DSM 1, CCM 2013, NCIB 9365, NCTC 10334, WDCM 00002, CCUG 7417, ATCC 7050, IAM 1115, NRS 609, JCM 2257, BCRC 10606, CECT 12, CFBP 4225, CIP 66.25, CN 2202, HAMBI 1931, IAM 12463, IFO 12583, IMET 10993, KCTC 3625, LMG 6326, NBRC 12583, NCCB 77025, NCFB 1761, NCIMB 9365, NRIC 1005, NRRL NRS-609, VKM B-497, VTT E-98150, NCDO 1761",1,Heyndrickxia coagulans,1121088.1,aerobe
,,,,,1121088.13,
,,,,,1121088.3,
,,,,,1121088.9,
,,,,,2524614861,
,,,,,2630968645,
,,,,,GCA_000290615,
,,,,,GCA_000420205,
,,,,,GCA_000832905,
,,,,,GCA_900128875,
1102,RT 10,"DSM 9356, CIP 104972, LMG 17952",1,Heyndrickxia oleronia,38875.15,aerobe
,,,,,38875.25,
,,,,,38875.4,
,,,,,38875.5,
,,,,,GCA_002009555,
,,,,,GCA_017809215,
,,,,,GCA_025263665,
1257,B1724,"DSM 18868, CIP 107762, KCTC 13003, LMG 18435",1,Heyndrickxia shackletonii,157838.12,aerobe
,,,,,157838.3,
,,,,,GCA_001420715,
,,,,,GCA_011008805,
1149,"M 215, MB581, MB 581","DSM 10599, LMG 17668, CIP 104910, LMG 17894",1,Heyndrickxia sporothermodurans,46224.121,aerobe
,,,,,46224.122,
,,,,,46224.123,
,,,,,46224.124,
,,,,,46224.125,
,,,,,46224.126,
,,,,,46224.127,
,,,,,46224.128,
,,,,,46224.129,
,,,,,46224.13,
6199,,"DSM 5838, ATCC 49814, IFAM 1418",1,Hirschia baltica,582402.11,aerobe
,,,,,582402.5,
,,,,,644736375,
,,,,,GCA_000023785,
6200,GSW-2,"DSM 19733, JCM 14974",1,Hirschia maritima,2519899518,aerobe
,,,,,551275.6,
,,,,,GCA_000378345,
11868,AM1V30,"DSM 16655, CECT 5682",1,Hoeflea alexandrii,GCA_024105735,aerobe
11870,DFL-43,"DSM 17068, CIP 109233, CCUG 59890, NCIMB 14078",1,Hoeflea phototrophica,2663763045,aerobe
,,,,,411684.3,
,,,,,GCA_000154705,
17886,,"DSM 45258, CIP 109864, NBRC 109631, OFN S31, JCM 18112",1,Hoyosella altamirensis,2824239402,aerobe
,,,,,2832161093,
,,,,,616997.4,
,,,,,616997.7,
,,,,,GCA_001653095,
,,,,,GCA_014191505,
132659,J12GA03,"DSM 101985, CGMCC 1.15478, JCM 32492",1,Hoyosella rhizosphaerae,1755582.3,aerobe
,,,,,GCA_014643175,
,,,,,GCA_017152025,
8593,DQS3-9A1,"DSM 45089, CGMCC 4.3532, JCM 17490, NBRC 109087",1,Hoyosella subflava,443218.12,aerobe
,,,,,443218.13,
,,,,,650716009,
,,,,,GCA_000214175,
6309,KV-663,"DSM 21776, NBRC 101803, NRRL B-24471, JCM 15923",1,Humibacillus xanthopallidus,2818991578,aerobe
,,,,,412689.4,
,,,,,GCA_006716675,
,,,,,GCA_006717145,
7498,SC-083,"DSM 18994, CCUG 54538, LMG 23996, JCM 16029, KACC 20986, NBRC 106151",1,Humibacter albus,1121952.3,aerobe
,,,,,2523533583,
,,,,,GCA_000421825,
23513,W37,"DSM 24525, CIP 110261, LMG 26243",1,Humitalea rosea,2734482251,aerobe
,,,,,990373.3,
,,,,,GCA_003253705,
13857,Y26,DSM 22009,1,Palleronia aestuarii,2593339276,aerobe
,,,,,568105.3,
,,,,,GCA_003253995,
166146,Soil36-7,"MCCC 1A12105, KCTC 62334",1,Hydrocarboniclastica marina,GCA_004851605,aerobe
133605,B2-9,"CGMCC 1.7049, NBRC 104238",1,Hydrocarboniphaga daqingensis,2619618894,aerobe
,,,,,490188.4,
,,,,,GCA_900129825,
17658,AP103,"DSM 16095, ATCC BAA-332",1,Hydrocarboniphaga effusa,1172194.9,aerobe
,,,,,2521172591,
,,,,,GCA_000271305,
512,TK-6,"DSM 6534, IAM 12695, JCM 7687, NBRC 102181",1,Hydrogenobacter thermophilus,608538.3,aerobe
,,,,,646311936,
,,,,,650377953,
,,,,,GCA_000010785,
,,,,,GCA_000164905,
140762,LPB0072,"KACC 18705, JCM 31188",1,Hydrogenophaga crassostreae,2718217877,aerobe
,,,,,2744054811,
,,,,,GCA_001640105,
,,,,,GCA_001761385,
2965,362,"DSM 63, ATCC 17724, Stanier 362, JCM 21412, BCRC 13886, CCM 4454, CCUG 1780, CCUG 20334, CECT 4107, CFBP 2445, CIP 103304, IAM 14930, LMG 2366, NBRC 102513, VKM B-1328",1,Hydrogenophaga palleronii,1349791.3,aerobe
,,,,,2681813002,
,,,,,GCA_001571225,
2966,"GA3, GA 3","DSM 1034, ATCC 33668, CCUG 13799, LMG 5945, JCM 21410, BCRC 13892, CCM 4455, CFBP 2439, CIP 103270, IAM 14928, KACC 10200, NBRC 102511",1,Hydrogenophaga pseudoflava,1349792.3,aerobe
,,,,,2731957687,
,,,,,GCA_001592285,
2968,2K1,"DSM 2082, ATCC 49743, CCUG 15921, LMG 7170, JCM 21411, CIP 106727, IAM 14929, KCTC 12153, NBRC 102512, CCM 4458",1,Hydrogenophaga taeniospiralis,1349793.3,aerobe
,,,,,2731957688,
,,,,,GCA_001592305,
132286,A2P5,"DSM 102852, CCUG 66137, LMG 28428",1,Hydromonas duriensis,1527608.3,aerobe
,,,,,2770939569,
,,,,,GCA_004363775,
131181,,"DSM 28441, CCM 7760, CCUG 51397",1,Hydrotalea flava,2751185699,aerobe
,,,,,714549.28,
,,,,,GCA_001623405,
17765,AF-51,"DSM 23241, LMG 25526",1,Hydrotalea sandarakina,1004304.4,aerobe
,,,,,2593339290,
,,,,,GCA_003254115,
3803,"Collins 1187, IFR 1187","DSM 15310, CCUG 39621, CIP 106628, KACC 17382",1,Hymenobacter actinosclerus,2622736539,aerobe
,,,,,82805.3,
,,,,,GCA_900111515,
3797,I/26Cor1,"DSM 13606, CIP 107733, LMG 19658, CCUG 49624, LMG 19657",1,Hymenobacter aerophilus,1121953.3,aerobe
,,,,,2521172633,
,,,,,GCA_000382225,
133120,16F3P,"KCTC 52194, JCM 31653",1,Hymenobacter aquaticus,1867101.3,aerobe
,,,,,2895852395,
,,,,,GCA_004765605,
158672,K1E01-27,"CGMCC 1.15197, NBRC 112610",1,Hymenobacter cavernae,2044852.3,aerobe
,,,,,GCA_014641455,
140596,P5239,"LMG 29441, CCM 8649",1,Hymenobacter coccineus,1884790.3,aerobe
,,,,,2791355030,
,,,,,GCA_001816125,
3810,,"DSM 21074, KCTC 22258, LMG 24498, Dae 14",1,Hymenobacter daecheongensis,1121955.3,aerobe
,,,,,2582581872,
,,,,,GCA_900141805,
140764,B1789,"JCM 30595, CGMCC 1.14966",1,Hymenobacter frigidus,1524095.3,aerobe
,,,,,GCA_014640435,
133822,,"KCTC 23674, JCM 17841, DCY 57",1,Hymenobacter ginsengisoli,2864219.3,aerobe
,,,,,GCA_019492335,
140598,P5086,"LMG 29440, CCM 8648",1,Hymenobacter glacialis,1884789.3,aerobe
,,,,,2791355031,
,,,,,GCA_001816165,
133140,B1909,"JCM 30596, CGMCC 1.12990",1,Hymenobacter glacieicola,1562124.3,aerobe
,,,,,GCA_014640315,
158673,ANT-18,"BCRC 80966, LMG 29477, KCTC 52166",1,Hymenobacter gummosus,1776032.3,aerobe
,,,,,2895866647,
,,,,,GCA_003970915,
166198,P6312,"CCM 8763, LMG 30612",1,Hymenobacter humicola,2303334.3,aerobe
,,,,,2840904412,
,,,,,GCA_003417065,
140597,P3150,"LMG 29435, CCM 8643",1,Hymenobacter lapidarius,1884788.3,aerobe
,,,,,2788500485,
,,,,,GCA_001816145,
164559,KIGAM108,"JCM 33444, KCTC 72263",1,Hymenobacter lutimineralis,GCA_008271285,aerobe
164337,9PBR-2,"JCM 32699, GDMCC 1.1492",1,Hymenobacter metallilatus,2493666.3,aerobe
,,,,,2895872347,
,,,,,GCA_003944705,
131501,,"DSM 28041, KCTC 32567, YIM 77969, JCM 19647",1,Hymenobacter mucosus,1411120.3,aerobe
,,,,,2724679735,
,,,,,GCA_900188255,
133201,P3,"DSM 101755, NBRC 111535",1,Hymenobacter nivis,1850093.3,aerobe
,,,,,2848472540,
,,,,,GCA_003149515,
158732,M2,"CCTCC AB 2017185, KCTC 62120",1,Hymenobacter profundi,GCA_019334315,aerobe
3804,Tibet-IIU11,"DSM 18569, CGMCC 1.6365",1,Hymenobacter psychrotolerans,1121959.3,aerobe
,,,,,2585428192,
,,,,,GCA_900142395,
158615,NY03-3-30,"CCTCC AB 2017095, KCTC 62163, CCM 8852",1,Hymenobacter rubripertinctus,2029981.3,aerobe
,,,,,2881489277,
,,,,,GCA_003583925,
166359,BT18,"KCTC 62610, NBRC 114380",1,Hymenobacter russus,2724192.3,aerobe
,,,,,2884753936,
,,,,,GCA_012273015,
159821,2ED5,"CGMCC 1.16466, JCM 32612",1,Hyphobacterium indicum,2162714.3,aerobe
,,,,,2887176471,
,,,,,GCA_003129605,
133956,NL23,"ATCC BAA-2476, LMG 27277",1,Hyphomicrobium nitrativorans,1029756.8,aerobe
,,,,,2528311098,
,,,,,GCA_000503895,
5739,CNU-004,"DSM 21035, KCTC 22242, CNU 004",1,Hyunsoonleella jejuensis,2684622907,aerobe
,,,,,419940.5,
,,,,,GCA_900111025,
17737,F12,"DSM 19957, KCTC 19879, NBRC 102561",1,Iamia majanohamensis,GCA_028532485,aerobe
17955,1a22,"DSM 21438, JCM 15503",1,Ideonella azotifigens,513160.3,aerobe
,,,,,GCA_006519715,
137263,,"CIP 104251, CCUG 30977, CCUG 30898, ATCC 51718",1,Ideonella dechloratans,2510461017,aerobe
,,,,,36863.4,
,,,,,36863.8,
,,,,,GCA_008801845,
,,,,,GCA_021049305,
140803,201-F6,"NBRC 110686, TISTR 2288, DSM 112585",1,Piscinibacter sakaiensis,GCA_001293525,aerobe
133925,SW104,"CGMCC 1.10824, JCM 18138",1,Idiomarina indica,1159017.3,aerobe
,,,,,2596583643,
,,,,,GCA_900104245,
6232,R22,DSM 16140,1,Idiomarina ramblicola,2898309190,aerobe
,,,,,GCA_003987255,
6234,CL-SP19,"DSM 21922, JCM 12526, KCTC 12296, CIP 108665",1,Idiomarina seosinensis,2895657507,aerobe
,,,,,GCA_003987275,
159851,UAE-HKU57,"CCOS 1165, NBRC 113042",1,Ignatzschineria cameli,2831766805,aerobe
,,,,,GCA_003121895,
17527,L1/68,"DSM 13226, CCUG 54526, NCAIM B01938, CIP 107108, NCAIM B1938",1,Ignatzschineria larvae,1111732.3,aerobe
,,,,,2513237114,
,,,,,GCA_000510805,
133934,YM16-304,"NBRC 103263, KCTC 29153",1,Ilumatobacter coccineus,GCA_000348785,aerobe
133933,YM16-303,"NBRC 29153, KCTC 29139",1,Ilumatobacter nonamiensis,2565956804,aerobe
,,,,,GCA_000350145,
133093,TR3.2,"DSM 103040, ATCC TSD-58",1,Immundisolibacter cernigliae,2775507249,aerobe
,,,,,GCA_001697225,
5746,K1,"DSM 24931, JCM 17677, MTCC 11055",1,Imtechella halotolerans,2534681666,aerobe
,,,,,946077.8,
,,,,,GCA_000260835,
,,,,,GCA_028743515,
133554,LW1,"KCTC 22604, CCUG 57479",1,Indibacter alkaliphilus,1189612.12,aerobe
,,,,,2516653045,
,,,,,GCA_000295935,
166144,CCP-18,"BCRC 81120, LMG 30595, KCTC 62511",1,Inhella crocodyli,2881021045,aerobe
,,,,,GCA_004004565,
17957,,"DSM 23958, CCUG 54308, KCTC 12791, LMG 23877, NBRC 103252, IMCC 1713, CIP 110045",1,Inhella inkyongensis,2861611580,aerobe
,,,,,392593.7,
,,,,,GCA_014202795,
13941,AU476,"CIP 108342, CCM 7171, DSM 16000, CCUG 45653, LMG 20952",1,Inquilinus limosus,1122125.13,aerobe
,,,,,2523533609,
,,,,,GCA_000423185,
14019,MF 19,"CCUG 49449, IAM 14946, LMG 5407, DSM 11589, ATCC 33334, IFO 13617, NBRC 13617, JCM 21428, CIP 107757",1,Insolitispirillum peregrinum subsp. integrum,2681813507,aerobe
,,,,,80876.3,
,,,,,GCA_900156605,
6246,Q5-1,"DSM 25801, CCTCC Aa 2010019, CGMCC 1.10750, KCTC 19811, NRRL B-59521, JCM 18316",1,Intrasporangium chromatireducens,2588253842,aerobe
,,,,,584657.9,
,,,,,GCA_000576575,
6245,KV-657,"DSM 22331, JCM 15924, NBRC 101802, NRRL B-24470, CIP 109705",1,Intrasporangium oryzae,GCA_000576595,aerobe
133277,C-3,"JCM 17843, LMG 28660",1,Iodidimonas muriae,1236965.3,aerobe
,,,,,261467.5,
,,,,,GCA_008579105,
,,,,,GCA_014647255,
138458,DS-3,"CIP 108921, KCTC 19128, JCM 15137",1,Isoptericola dokdonensis,1300344.3,aerobe
,,,,,2687453494,
,,,,,GCA_001636295,
12584,,"DSM 16376, KCTC 19046, YIM 70177, JCM 13590, NBRC 104116, CIP 108968",1,Isoptericola halotolerans,2849278078,aerobe
,,,,,300560.7,
,,,,,GCA_013149785,
6265,H2.16B,"DSM 18333, CCUG 49715, CIP 108728, JCM 14734, IAM 15369, JCM 21813, NBRC 107843, NCIMB 14557",1,Janibacter anophelis,1216968.3,aerobe
,,,,,2681812985,
,,,,,GCA_001570945,
6267,PVAS-1,"DSM 21601, CCUG 56714, MTCC 8307, NBRC 109086, JCM 17930",1,Janibacter hoylei,1210046.12,aerobe
,,,,,1210046.3,
,,,,,2531839443,
,,,,,GCA_000297495,
,,,,,GCA_004025845,
6248,2003-10,"DSM 11140, IAM 14889, IFO 16128, NBRC 16128, CCUG 37980, HKI 83, ATCC 700321, CIP 105276, JCM 10980, KCTC 9994",1,Janibacter limosus,1216970.3,aerobe
,,,,,2731957613,
,,,,,GCA_001570985,
6263,CM2104,"CCUG 54528, CIP 108643, DSM 16063, JCM 12321, KCTC 9987, NBRC 107855",1,Janibacter melonis,GCA_020567375,aerobe
6260,CS12,"DSM 13876, JCM 10705, KCCM 80001, CCUG 45369, ATCC BAA-130, CIP 107018, KCTC 19953, NBRC 107853, NCIMB 14349, NBRC 107842",1,Janibacter terrae,1216972.3,aerobe
,,,,,2690315844,
,,,,,GCA_001591405,
24489,GSW-M26,"DSM 28248, CCUG 60899, KCTC 23555, KCTC 23555T",1,Jannaschia aquimarina,2603880180,aerobe
,,,,,2681813552,
,,,,,935700.4,
,,,,,935700.5,
,,,,,GCA_000877395,
,,,,,GCA_900188045,
13666,5SM22,"DSM 16310, CECT 5294, DSM 14426, CCUG 49437, CIP 108961",0,Jannaschia cystaugens,1123361.3,aerobe
,,,,,2585427601,
,,,,,266809.9,
,,,,,2713896961,
,,,,,GCA_001458315,
,,,,,GCA_900141945,
131163,DSW-17,"DSM 102233, JCM 14563, KCTC 12862, CECT 7802, CIP 109732",1,Jannaschia donghaensis,2671180308,aerobe
,,,,,420998.4,
,,,,,GCA_001403795,
130605,HD-22,"DSM 100420, CCUG 63415, KCTC 32179",1,Jannaschia faecimaris,1244108.3,aerobe
,,,,,2693429889,
,,,,,GCA_900107415,
166522,12N15,"MCCC 1H00325, KCTC 62582",1,Jannaschia formosa,2835214827,aerobe
,,,,,GCA_003340555,
13667,H1-M8,"DSM 19073, KACC 11609",1,Jannaschia pohangensis,2622736536,aerobe
,,,,,390807.13,
,,,,,GCA_900113875,
13664,4SM3,"DSM 16279, CECT 5088, DSM 14425, CCUG 49434, CIP 108401",1,Jannaschia rubra,2622736430,aerobe
,,,,,2711768026,
,,,,,282197.4,
,,,,,282197.5,
,,,,,GCA_001403735,
,,,,,GCA_900113265,
13668,SMK-146,"DSM 25227, CCUG 55326, KCTC 22172",1,Jannaschia seohaensis,2675903158,aerobe
,,,,,475081.3,
,,,,,475081.4,
,,,,,GCA_003149265,
,,,,,GCA_900116765,
132846,CL-SP26,"DSM 104837, JCM 13035, KCCM 42114, CECT 7799, CIP 109167",1,Jannaschia seosinensis,2711768077,aerobe
,,,,,313367.4,
,,,,,GCA_001408515,
11315,W1R3,"CCUG 43140, CIP 106332, DSM 9628, NCPPB 3945, JCM 21444, IAM 14973, NBRC 102515",1,Janthinobacterium agaricidamnosum,1349767.1,aerobe
,,,,,1349767.4,
,,,,,2585427668,
,,,,,2731957621,
,,,,,GCA_000723165,
,,,,,GCA_001571185,
11313,"H-24, HB","CCUG 2344, LMG 6034, LMG 2892, DSM 1522, ATCC 12473, CCM 160, NCIB 9130, NCTC 9796, JCM 9043, CECT 946, CGMCC 1.2308, CIP 103349, HAMBI 1919, IAM 13948, KCTC 2898, LMG 3917, NCCB 80003, NCIMB 9130, VKM B-1223, RIMD 0314001",1,Janthinobacterium lividum,2816332556,aerobe
,,,,,2893783347,
,,,,,29581.3,
,,,,,29581.44,
,,,,,GCA_001758635,
,,,,,GCA_020858175,
,,,,,GCA_900451145,
23030,S9-650,"DSM 45627, KACC 16232",1,Jatrophihabitans endophyticus,1206085.4,aerobe
,,,,,2695420949,
,,,,,GCA_900129455,
158645,N237,"KCTC 39922, NRRL B-65477",1,Jatrophihabitans telluris,GCA_023516435,aerobe
5728,EM39,"DSM 21165, KCTC 22298",1,Jejuia pallidilutea,2728369277,aerobe
,,,,,504487.8,
,,,,,GCA_002973595,
10529,BIO-TAS4-2,"DSM 24253, CCUG 57610, KCTC 22633",1,Jeongeupia naejangsanensis,613195.3,aerobe
,,,,,GCA_016865585,
1512,SF-57,"DSM 18983, CIP 108511, JCM 11810, KCCM 41644",1,Jeotgalibacillus campisalis,220754.4,aerobe
,,,,,GCA_000829515,
131358,D5,"DSM 28777, KCTC 33550",1,Jeotgalibacillus malaysiensis,2636415895,aerobe
,,,,,GCA_000818095,
159771,22-7,"MCCC 1H00228, KCTC 33930",1,Jeotgalibacillus proteolyticus,2835032339,aerobe
,,,,,GCA_002926065,
1513,ASL-1,"DSM 23492, CCUG 56751, KCTC 13257, ASL -1",1,Jeotgalibacillus salarius,2891177262,aerobe
,,,,,GCA_004405125,
1514,P9,"DSM 23228, LMG 25523",1,Jeotgalibacillus soli,2630968740,aerobe
,,,,,GCA_000829435,
130206,,"DSM 22174, KCTC 13528, JSM 081008",1,Jeotgalibacillus terrae,2901080661,aerobe
,,,,,587735.6,
,,,,,GCA_016908195,
14415,"MPA-33, MP 33","DSM 22420, CCM 7679, CCUG 57953, MPA 33, CIP 111750",1,Jeotgalicoccus aerolatus,2913404498,aerobe
,,,,,709510.3,
,,,,,709510.5,
,,,,,GCA_014635205,
,,,,,GCA_017873755,
14416,"MK-7, MK7","DSM 22419, CCM 7682, CCUG 57956, CIP 111751",1,Jeotgalicoccus coquinae,2861262658,aerobe
,,,,,709509.3,
,,,,,709509.4,
,,,,,GCA_014207425,
,,,,,GCA_014635225,
14413,,"DSM 19772, CCTCC AA 207028, KCTC 13189, JSM 076033",1,Jeotgalicoccus marinus,1122128.4,aerobe
,,,,,2523533549,
,,,,,GCA_000425825,
14410,A/G14/99/10,"DSM 17030, CCUG 42722, CIP 107946",1,Phocicoccus pinnipedialis,110845.3,aerobe
,,,,,110845.4,
,,,,,2913376348,
,,,,,GCA_017873645,
,,,,,GCA_903994035,
132617,140805-STR-02,"DSM 102815, CCM 8667, LMG 29445, CIP 111030",1,Phocicoccus schoeneichii,1812261.3,aerobe
,,,,,GCA_014635565,
13860,CC-MHSW-1,"DSM 23413, CCM 7767, JCM 15068, CCUG 59509",1,Jhaorihella thermophila,2675903694,aerobe
,,,,,488547.3,
,,,,,GCA_900108275,
17823,,"DSM 45237, CCTCC AA 208023, JCM 16901, YIM 61503",1,Jiangella alba,2630968302,aerobe
,,,,,2839637960,
,,,,,561176.4,
,,,,,561176.5,
,,,,,GCA_001708125,
,,,,,GCA_900106035,
17822,D8-87,"DSM 45079, JBRI 2008, KCTC 19222, JCM 15620",1,Jiangella alkaliphila,2639762615,aerobe
,,,,,2639763038,
,,,,,419479.6,
,,,,,419479.7,
,,,,,GCA_001005145,
,,,,,GCA_900105925,
17821,,"DSM 44835, CCTCC AA 204001, KCTC 19044, YIM 002, JCM 13367, BCRC 16824, CIP 108735, NCIMB 14350",1,Jiangella gansuensis,2509601042,aerobe
,,,,,987045.5,
,,,,,GCA_000515395,
17825,15-Je-017,"DSM 45357, CCM 7680, CCUG 57954, JCM 17970",1,Jiangella muralis,2654587582,aerobe
,,,,,702383.7,
,,,,,GCA_001270745,
158485,NEAU-YY265,"DSM 106774, CGMCC 4.7475, JCM 32551",1,Jiangella rhizosphaerae,2839627365,aerobe
,,,,,GCA_003579925,
10620,NP8-5,"DSM 45133, CIP 110031, KCTC 19360, JCM 16948",1,Jongsikchunia kroppenstedtii,2519899672,aerobe
,,,,,468556.3,
,,,,,GCA_000380485,
5732,EN5,"DSM 19592, CGMCC 1.6973, KCTC 12518",1,Joostella marina,2509276026,aerobe
,,,,,926559.3,
,,,,,GCA_000260115,
13563,CHj 404,"DSM 17808, IAM 15023, JCM 21486, KCTC 12095, CIP 108816",1,Kaistia adipata,1122131.7,aerobe
,,,,,2524614770,
,,,,,GCA_000423225,
159825,,"JCM 31803, KACC 19096, LYH 11",1,Kaistia algarum,GCA_002930635,aerobe
,,,,,GCA_026343945,
133806,B6-12,"KCTC 23766, JCM 18034",1,Kaistia defluvii,GCA_026343955,aerobe
13564,Ko04,"DSM 23481, KCTC 12575, LMG 23410",1,Kaistia granuli,1122132.6,aerobe
,,,,,2521172615,
,,,,,GCA_000380505,
24471,E94,"DSM 25966, CCM 8401, CIP 110381, LMG 26925",1,Kaistia hirudinis,1293440.3,aerobe
,,,,,2829893694,
,,,,,GCA_014196455,
13565,5YN9-8,"DSM 19436, KACC 12605",1,Kaistia soli,1122133.4,aerobe
,,,,,2582581302,
,,,,,GCA_900129325,
13566,5YN7-3,"DSM 21341, KACC 12910",1,Kaistia terrae,GCA_026344005,aerobe
24804,JKG1,"DSM 26889, JCM 19132",1,Kallotenue papyrolyticum,2540341237,aerobe
,,,,,GCA_000526415,
159856,XY-R6,"MCCC 1K01498, KCTC 52266, DSM 104294",1,Oceaniglobus roseus,2831393767,aerobe
,,,,,GCA_002869745,
397,SW-154,"DSM 16071, KCTC 12183, JCM 12318",1,Kangiella aquimarina,1122134.4,aerobe
,,,,,2515154212,
,,,,,GCA_000374105,
133675,YCS-5,"KCTC 23420, CCUG 60526",1,Kangiella geojedonensis,2630968673,aerobe
,,,,,914150.17,
,,,,,GCA_000981765,
396,SW-125,"DSM 16069, KCTC 12182, JCM 12317",1,Kangiella koreensis,523791.5,aerobe
,,,,,644736377,
,,,,,GCA_000024085,
133836,BB-Mw22,"KCTC 23892, CCUG 62217",1,Kangiella sediminilitoris,1144748.3,aerobe
,,,,,2751185718,
,,,,,GCA_001708405,
354,"3925, R-20010","DSM 16618, CCUG 47000, LMG 5906, CIP 108214, Api 184-2-84",1,Kerstersia gyiorum,206506.12,aerobe
,,,,,206506.8,
,,,,,2799112210,
,,,,,GCA_004216755,
,,,,,GCA_008801725,
159863,GI5,"KCTC 52659, JCM 31835",1,Ketobacter alkanivorans,2833902402,aerobe
,,,,,GCA_002863865,
132134,,"DSM 104448, CCTCC AA 2010001, KCTC 19775, KLBMP 1111, JCM 31487",1,Kibdelosporangium phytohabitans,2873434522,aerobe
,,,,,860235.4,
,,,,,860235.7,
,,,,,GCA_001302585,
,,,,,GCA_014873115,
6318,RP-B16,"DSM 19711, JCM 16541, KCTC 19366",1,Kineococcus rhizosphaerae,2728369276,aerobe
,,,,,559628.3,
,,,,,GCA_003002055,
6319,S2-20,"DSM 22857, KCTC 19474, CCTCC AB 207179, JCM 16219, NBRC 107624, CIP 110123",1,Kineococcus xinjiangensis,2731639219,aerobe
,,,,,512762.3,
,,,,,GCA_002934625,
3941,"Lpha5, 225","CCUG 57105, DSM 14548, JCM 11399, NBRC 100340",1,Kineosphaera limosa,111564.3,aerobe
,,,,,1184609.3,
,,,,,2524023180,
,,,,,2844806747,
,,,,,GCA_000298215,
,,,,,GCA_013409325,
10463,"UB 38(Dewhirst), UB-38","DSM 18271, ATCC 51147, CCM 4589, CCUG 30450, CIP 103803, FDC UB-38, DSM 115982",1,Kingella oralis,505.115,aerobe
,,,,,629741.3,
,,,,,643886193,
,,,,,GCA_000160435,
,,,,,GCA_014054985,
3031,KIN192,"DSM 25082, CCUG 53117, CECT 7319",1,Roseateles asaccharophilus,2770939493,aerobe
,,,,,582607.3,
,,,,,GCA_004362405,
133556,,"KCCM 90076, JCM 15607, KMD 001, DSM 21796, NCIMB 14710",1,Kistimonas asteriae,517724.3,aerobe
14861,2050-015,"DSM 44786, HKI 0314, NCIMB 13974, JCM 13003, IAM 15269, NBRC 101835",1,Kitasatospora gansuensis,258050.3,aerobe
,,,,,2863349733,
,,,,,GCA_014203705,
14867,52108a,"DSM 44826, AS 4.1878, JCM 14111, CGMCC 4.1878",1,Kitasatospora viridis,281105.3,aerobe
,,,,,2818991472,
,,,,,GCA_007829815,
23002,W14,"DSM 25444, ATCC BAA-2403, CIP 110787, CCUG 66515",1,Klebsiella michiganensis,1134687.164,aerobe
,,,,,1134687.61,
,,,,,2916627578,
,,,,,GCA_002925905,
,,,,,GCA_009173485,
4941,479-2,"DSM 5175, ATCC 13182, IAM 14201, JCM 1665, CCUG 15717, CECT 860, CIP 103434, KACC 11934, LMG 3055, NBRC 102593, NBRC 105695, NCIMB 12259, VTT E-97766, CRBIP28.103",1,Klebsiella oxytoca,1218097.3,aerobe
,,,,,2731957710,
,,,,,571.1124,
,,,,,GCA_001598695,
,,,,,GCA_020115535,
4968,,"DSM 681, ATCC 10031, NCIB 9111, NCTC 7427, CCUG 10785, NCDC 401-68, PCI 602, CIP 53.153, NCIMB 9111",0,Klebsiella pneumoniae,573.20129,aerobe
,,,,,GCA_900451675,
4969,,"CCUG 58866, DSM 789, ATCC 4352, NCIB 10341, WDCM 00192, JCM 20348, CIP 104216, IAM 12015, IFO 13277, NBRC 13277, NCIMB 10341, CECT 8453, NCTC 13635",0,Klebsiella pneumoniae,573.30826,aerobe
,,,,,GCA_010374885,
139426,,"CIP 110798, NCTC 11228, ATCC 29665, CCUG 19208, CECT 140, CECT 997, CNCTC 6124, BRL 1003",0,Klebsiella pneumoniae,573.20149,aerobe
,,,,,GCA_900451865,
157025,,"CCUG 68727, NCTC 13442",0,Klebsiella pneumoniae,573.20125,aerobe
,,,,,GCA_020251505,
,,,,,GCA_900451635,
157026,,"NCTC 13443, CCUG 68728",0,Klebsiella pneumoniae,573.2012,aerobe
,,,,,GCA_900451585,
4959,"298-53, 298/53","CCUG 225, NCDC 410-68, DSM 30104, ATCC 13883, IAM 14200, JCM 1662, NCTC 9633, WDCM 00097, BCRC 10692, CECT 143, CIP 82.91, IFO 14940, LMG 2095, NBRC 14940, NCDC 298-53, NCIMB 13883, NCIMB 13281, CCM 7798",1,Klebsiella pneumoniae subsp. pneumoniae,1162296.3,aerobe
,,,,,1218099.3,
,,,,,1236531.3,
,,,,,2671180284,
,,,,,2731957630,
,,,,,2916615176,
,,,,,2916633671,
,,,,,573.1353,
,,,,,573.18136,
,,,,,573.272,
130305,"01A030, SB11","DSM 28211, CIP 110771, CCUG 70915, CRBIP28.95, CIP 111866",1,Klebsiella quasipneumoniae subsp. quasipneumoniae,1463165.528,aerobe
,,,,,1463165.529,
,,,,,1463165.549,
,,,,,1463165.59,
,,,,,1463165.631,
,,,,,GCA_000751755,
,,,,,GCA_020115515,
130306,"07A044, SB30","CCUG 70916, DSM 28212, CIP 110770, CRBIP28.112, CIP 111867",1,Klebsiella quasipneumoniae subsp. similipneumoniae,1463165.527,aerobe
,,,,,1463165.548,
,,,,,1463165.589,
,,,,,1463165.63,
,,,,,GCA_000613225,
156137,,"CCUG 60507, NCTC 9140",0,Klebsiella sp.,573.20109,aerobe
,,,,,GCA_900451465,
156138,,"CCUG 60508, NCTC 9174",0,Klebsiella sp.,573.27591,aerobe
,,,,,GCA_901420845,
4966,F2R9,"DSM 15968, ATCC BAA-830, CFNE 2004, CCUG 53906, CIP 108585",1,Klebsiella variicola subsp. variicola,244366.17,aerobe
,,,,,244366.674,
,,,,,2630968774,
,,,,,GCA_000828055,
,,,,,GCA_017638945,
,,,,,GCA_020115545,
133650,LX3,"DSM 16265, JCM 12419, CCUG 57108, CIP 108642, LMG 23571",0,Klebsiella variicola,244366.305,aerobe
,,,,,244366.635,
,,,,,2916621918,
,,,,,GCA_001969305,
,,,,,GCA_018324045,
23033,PB34,"DSM 45843, JCM 17785, KCTC 19880",1,Klenkia soli,1052260.5,aerobe
,,,,,2599185180,
,,,,,GCA_900103975,
24062,3-wff-81,"DSM 45962, CGMCC 1.12303, NBRC 109416, JCM 31768",1,Klenkia taihuensis,1225127.3,aerobe
,,,,,1225127.4,
,,,,,2599185298,
,,,,,GCA_014653095,
,,,,,GCA_900112525,
7332,"44C3, C44","DSM 18031, ATCC BAA-1524, JCM 16542",1,Klugiella xanthotipulae,244735.3,aerobe
,,,,,2818991320,
,,,,,GCA_006716695,
4973,0648-74,"DSM 4611, ATCC 33433, CDC 0648-74, CIP 82.95, GIFU 10603, IAM 14203, NBRC 102466, CCUG 15716, CECT 861, JCM 21070, LMG 7871",1,Kluyvera ascorbata,1006000.3,aerobe
,,,,,2588253795,
,,,,,GCA_000735365,
4976,"CL 248/74, 2065-78","DSM 4588, ATCC 33435, CDC 2065-78, CIP 82.96, GIFU 10604, IAM 14204, CCUG 18767, CECT 862, JCM 7580, BCRC 14813, LMG 7859, NBRC 102467, NCTC 12993",1,Kluyvera cryocrescens,1218112.3,aerobe
,,,,,2731957624,
,,,,,580.16,
,,,,,GCA_001571285,
,,,,,GCA_900706835,
4979,,"DSM 9409, ATCC 51603, CDC 2891-76, JCM 16938, CCUG 35513, CCM 4865, CIP 106361",1,Kluyvera georgiana,1354264.4,aerobe
,,,,,2802429590,
,,,,,GCA_001654985,
4971,E86,"CCUG 14183, CIP 79-27, NCTC 12125, LMG 2785, DSM 4581, ATCC 33110, CIP 79.27, CUETM 77.130, IAM 14238, JCM 1238, BCRC 14808, CCM 3433, CUETM 77-130, HAMBI 1299, HUT 8114, NBRC 102594, NCIMB 13626, VTT E-97862",1,Enterobacter intermedius,1218113.4,aerobe
,,,,,2731957696,
,,,,,61648.17,
,,,,,GCA_001598315,
,,,,,GCA_900635475,
6271,5317S-21,"DSM 18566, KACC 20583, JCM 16377, NBRC 106306",1,Knoellia aerolata,1385519.3,aerobe
,,,,,2639762785,
,,,,,GCA_000768695,
6272,TL1,"DSM 25785, CGMCC 1.10749, KCTC 19810, JCM 18318",1,Knoellia flava,1385518.3,aerobe
,,,,,2630968446,
,,,,,913969.3,
,,,,,GCA_000768675,
,,,,,GCA_014636255,
133714,DMZ1,"KACC 15114, JCM 17313, NBRC 109775",1,Knoellia locipacati,882824.3,aerobe
,,,,,GCA_007992835,
134268,3-M5-R-4,"ATCC BAA-1496, CIP 109413, JCM 15662, KCTC 39578, NCIMB 14307",1,Knoellia remsis,GCA_003002895,aerobe
6269,2162-038,"DSM 12331, CIP 106775, KCTC 19936, CCUG 47139, HKI 0119, JCM 11536, IAM 15304, NBRC 100350, NCIMB 14353",1,Knoellia sinensis,1385520.3,aerobe
,,,,,2630968646,
,,,,,GCA_000768705,
6270,2163-021,"CCUG 48178, HKI 0120, DSM 12332, CIP 106776, KCTC 19937, JCM 11537, IAM 15305, NBRC 100351",1,Knoellia subterranea,1385521.3,aerobe
,,,,,2634166482,
,,,,,GCA_000768685,
159437,,"DSM 27811, SCSIO 13007, NBRC 109942",1,Kocuria coralli,GCA_008831305,aerobe
,,,,,SZWF01000000,
7662,HO-9041,"DSM 22142, CCTCC AB 206106, KCTC 19306, JCM 15621, NBRC 107626",1,Kocuria flava,2721755800,aerobe
,,,,,446860.1,
,,,,,446860.3,
,,,,,446860.4,
,,,,,446860.5,
,,,,,446860.6,
,,,,,446860.7,
,,,,,GCA_001482365,
,,,,,GCA_007992135,
7657,,"DSM 16420, KCTC 9943, KMM 3905, CCUG 51442, JCM 13363, NBRC 110801",1,Kocuria marina,223184.2,aerobe
7643,TAGA27,"DSM 11925, CCM 4949, IFO 16318, NBRC 16318, CCUG 52395, CIP 105971, JCM 11652, IAM 15064, LMG 19167",1,Kocuria palustris,2562617128,aerobe
,,,,,2893684298,
,,,,,71999.21,
,,,,,GCA_016907795,
7650,,"DSM 14382, CIP 107764, MTCC 3702, CCUG 52397, CMS 76or, JCM 12076, IAM 15066, NBRC 103063",1,Kocuria rosea subsp. polaris,GCA_000786195,aerobe
7647,TA68,"DSM 11926, CCM 4950, IFO 16319, NBRC 16319, CCUG 55752, ATCC BAA-50, CIP 105972, JCM 11653, IAM 15065, LMG 19168",1,Kocuria rhizophila,GCA_003667225,aerobe
7641,,"DSM 20447, ATCC 186, CCM 679, NCTC 7523, CCUG 4312, IAM 1315, IFO 3768, JCM 11614, BCRC 11044, CECT 5052, CECT 52, CIP 71.15, IAM 14818, IMSNU 11063, IMSNU 21322, JCM 7236, KCCM 40158, KCTC 3137, KCTC 3199, KCTC 3488, LMG 14224, NBRC 3768, NCFB 975, NCIMB 11696, NRRL B-2977, PCM 548, VKM Ac-2200, VKM B-1236, VKM B-1823, NCDO 975",1,Kocuria rosea,1275.17,aerobe
,,,,,1275.18,
,,,,,1275.9,
,,,,,2818991576,
,,,,,GCA_003124035,
,,,,,GCA_006094695,
,,,,,GCA_006717035,
166538,M5W7-7,"KCTC 49195, CGMCC 1.13744",1,Kocuria soli,2866510393,aerobe
,,,,,GCA_003797835,
7663,HO-9042,"DSM 22143, CCTCC AB 206107, KCTC 19307, JCM 15622, NBRC 107627",1,Kocuria turfanensis,2687453620,aerobe
,,,,,388357.9,
,,,,,GCA_001580365,
,,,,,GCA_007992155,
159749,WE7,"CGMCC 1.15338, JCM 31140",1,Komagataeibacter cocois,2846455291,aerobe
,,,,,GCA_003311635,
134216,RG3,"LMG 23726, MTCC 6913",1,Komagataeibacter kombuchae,2849443596,aerobe
,,,,,436.15,
,,,,,436.9,
,,,,,GCA_001938755,
,,,,,GCA_003207935,
45,G5-1,"DSM 24098, JCM 25156, LMG 26206, NRIC 0798, BCRC 80743",1,Komagataeibacter kakiaceti,1234672.3,aerobe
,,,,,2579778616,
,,,,,2828350867,
,,,,,943261.6,
,,,,,GCA_000613305,
133649,OT-1,"KCTC 8814P, NBRC 1000336",1,Kordia algicida,391587.3,aerobe
,,,,,641380434,
,,,,,GCA_000154725,
133812,101-1,"KACC 16184, JCM 17742",1,Kordiimonas aestuarii,GCA_025574465,aerobe
133810,,"KCCM 42940, JCM 16665, MEBiC 06554",1,Kordiimonas aquimaris,GCA_025574485,aerobe
17858,GW14-5,"DSM 19435, CIP 109032, JCM 12864, KCCM 42021",1,Kordiimonas gwangyangensis,1122137.3,aerobe
,,,,,1236957.3,
,,,,,2517093004,
,,,,,2585427871,
,,,,,GCA_000375545,
,,,,,GCA_000616065,
140838,M41,"CGMCC 1.15304, JCM 30877",1,Kordiimonas lipolytica,2791354939,aerobe
,,,,,GCA_001550065,
158811,N18,"MCCC 1K03436, KCTC 62164",1,Kordiimonas pumila,GCA_015240255,aerobe
4383,Ah-143,"DSM 25165, KCTC 22375, LMG 26131, NCIMB 14469, CCUG 66539, CIP 110809",1,Kosakonia arachidis,2651870175,aerobe
,,,,,GCA_900116535,
4370,D5/23,"CCUG 50898, DSM 16656, CIP 108468, LMG 23767",1,Kosakonia radicincitans,1177180.1,aerobe
,,,,,1177180.11,
,,,,,1177180.18,
,,,,,1177180.3,
,,,,,2811995038,
,,,,,GCA_000280495,
12605,CC 0387,"DSM 21481, CCTCC AA 208024, JCM 16551",1,Krasilnikoviella flava,2596583702,aerobe
,,,,,526729.3,
,,,,,GCA_900167525,
11083,,"DSM 24683, NBRC 107914, XMU 198",1,Kribbella amoyensis,2816332119,aerobe
,,,,,996641.3,
,,,,,GCA_007828865,
11081,,"DSM 19601, JCM 14968, BC 631, NBRC 105864",1,Kribbella catacumbae,1122138.3,aerobe
,,,,,2515154140,
,,,,,GCA_000372465,
157980,"NEAU-THZ 27, NEAU-THZ27","DSM 105535, CGMCC 4.7504, NEAU THZ 27",1,Kribbella jiaozuonensis,GCA_005233875,aerobe
158430,NEAU-SW521,"DSM 105770, CGMCC 4.7465",1,Kribbella monticola,2838804460,aerobe
,,,,,GCA_003261635,
24246,,"DSM 45490, CCUG 61792, UTMC 693",1,Kribbella shirazensis,1105143.3,aerobe
,,,,,2827946139,
,,,,,GCA_011761605,
140362,FSN23,"DSM 27082, KCTC 29220",1,Kribbella sindirgiensis,1124744.3,aerobe
,,,,,2894994769,
,,,,,GCA_004331435,
164414,16K104,"JCM 32914, KCTC 49224",1,Kribbella turkmenica,GCA_004348725,aerobe
6308,N113,"DSM 19080, CIP 109429, JCM 13585, KCTC 19143, CCUG 57109, NBRC 106261, NCIMB 14449, KCTC 6466",1,Kribbia dieselivorans,1223526.4,aerobe
,,,,,2731957585,
,,,,,GCA_001552435,
5738,,"DSM 19886, KCTC 22188, KMM 3665, JCM 11734, CECT 7617",1,Kriegella aquimaris,192904.4,aerobe
,,,,,2622736525,
,,,,,GCA_900103215,
16787,"JFMB-ATE, thermophiler Actinomycet","DSM 45196, CCUG 59226, NRRL B-24804",1,Kroppenstedtia eburnea,2681813512,aerobe
,,,,,714067.3,
,,,,,714067.7,
,,,,,GCA_013282215,
,,,,,GCA_900156615,
134014,"GD02, GD 02","CGMCC 1.12404, KCTC 29149, DSM 117317",1,Kroppenstedtia guangzhouensis,1274356.3,aerobe
,,,,,2784132153,
,,,,,GCA_014637345,
132400,"165-08, W9323","DSM 45752, CCUG 68107",1,Kroppenstedtia pulmonis,2910262097,aerobe
,,,,,GCA_013265585,
132399,X0209,"DSM 45749, CCUG 38657",1,Kroppenstedtia sanguinis,2867267787,aerobe
,,,,,2901216574,
17649,SOSP1-21,DSM 44963,1,Ktedonobacter racemifer,485913.1,aerobe
,,,,,648276680,
,,,,,GCA_000178855,
159311,SCAWS-G2,"DSM 105258, CGMCC 1.16132",1,Ktedonosporobacter rubrisoli,CP035758,aerobe
,,,,,GCA_004208415,
11954,"F 64/100, EF 64/100","DSM 20580, ATCC 33403, NCIB 9878, NCTC 10597, CCUG 38890, JCM 6101, CIP 103249, LMG 17318, NBRC 101529, NCIMB 9878, VKM B-1568",1,Kurthia zopfii,1650.1,aerobe
,,,,,1650.5,
,,,,,1650.7,
,,,,,1650.9,
,,,,,2770939571,
,,,,,2837275893,
,,,,,2839649258,
,,,,,GCA_003143955,
,,,,,GCA_004363595,
,,,,,GCA_007989745,
6084,A10,"DSM 21353, CCM 7415, CECT 7220, JCM 18992, JCM 15469",1,Kushneria aurantia,1122139.9,aerobe
,,,,,2521172634,
,,,,,GCA_000382245,
6083,Mw2a,"DSM 23439, CECT 7193, CIP 109711, JCM 18993, CCM 7396",1,Kushneria avicenniae,2684623008,aerobe
,,,,,402385.4,
,,,,,GCA_900112585,
132885,CG2.1,"DSM 14324, CECT 5902, CIP 109528, LMG 23625, JCM 19369",1,Kushneria indalinina,1122140.3,aerobe
,,,,,2756170352,
,,,,,GCA_003385845,
159726,EAod3,"CECT 9073, LMG 29856",1,Kushneria phyllosphaerae,2839383563,aerobe
,,,,,GCA_900312995,
6085,Z35,"DSM 23229, CCTCC AB 209027, NRRL B-59197",1,Kushneria sinocarnis,2757320357,aerobe
,,,,,595502.3,
,,,,,GCA_003633775,
13296,A-T 1846,"DSM 45791, BCC 29373, NBRC 107931",1,Kutzneria buriramensis,1045776.3,aerobe
,,,,,2675903223,
,,,,,GCA_003387475,
158437,EA-1,"DSM 106492, CCOS 1194",1,Kyrpidia spormannii,2775506848,aerobe
,,,,,GCA_002804065,
3930,"02-St-019/1, 02-St-19/1","DSM 22179, CCM 7639, CCUG 57578, JCM 17971",1,Kytococcus aerolatus,2734482797,aerobe
,,,,,592308.3,
,,,,,GCA_900187395,
3928,"541, 54","CCUG 33030, DSM 20547, ATCC 14392, CCM 314, JCM 11482, BCRC 17469, CECT 4619, CIP 81.72, IAM 13003, IFO 15357, IMSNU 21324, LMG 14228, NBRC 15357, NCIMB 13236, NCIMB 14423, NCMB 555, NCTC 11040, VKM Ac-2222, VKM B-1316, VKM B-1824, NCIMB 555",1,Kytococcus sedentarius,1276.16,aerobe
,,,,,1276.6,
,,,,,2839721034,
,,,,,478801.5,
,,,,,644736380,
,,,,,GCA_000023925,
,,,,,GCA_900452405,
3927,DM 51,"DSM 20317, CCM 2699, CCUG 33031, LMG 14230",0,Kytococcus sedentarius,1276.17,aerobe
13517,RS-49,"DSM 45361, KCTC 19662, JCM 31489",1,Labedaea rhizosphaerae,2795385470,aerobe
,,,,,598644.3,
,,,,,GCA_004362825,
130416,,"DSM 28746, CPCC 203961, JCM 30092, KCTC 29494, EGI 6500705",1,Labedella endophytica,GCA_003990045,aerobe
7497,KSW2-17,"DSM 21548, JCM 14008, KCTC 19176, NBRC 106262",1,Labedella gwakjiensis,2734482166,aerobe
,,,,,390269.3,
,,,,,GCA_003014675,
,,,,,GCA_003990035,
17410,JLW10,"DSM 16812, ATCC BAA-1080, JCM 21796, IAM 15351",1,Labrys methylaminiphila,2565956506,aerobe
16746,Sea 37,"DSM 44608, ATCC 49853, CUB 927, JCM 8091, KCTC 3666, NCIMB 12324, VKM Ac-1431, CCUG 54950",1,Laceyella putida,2784132170,aerobe
16741,A 978,"DSM 43356, ATCC 27375, CBS 701.70, CUB 618, IFO 13920, KCTC 9790, NBRC 13920, NCIB 10486, NCTC 10721, CCUG 7967, CBS 7001.70, JCM 3137, BCRC 13341, CCM 3274, CECT 5332, IMET 9713, JCM 3214, KACC 20089, LMG 21518, LMG 21673, MTCC 955, NCIMB 10486, NRRL B-16981, PCM 2375, VKM Ac-1360, VTT E-011981, PCM 237",1,Laceyella sacchari,2784132157,aerobe
,,,,,2784746774,
,,,,,37482.3,
,,,,,GCA_004343255,
16748,RHA1,"DSM 45263, CCTCC AA 208058",1,Laceyella sediminis,2728369511,aerobe
,,,,,2784132168,
,,,,,GCA_003003125,
140689,,"CCTC AB 2015040, NBRC 110772, YIM 79486, DSM 46882, JCM 30657, BCRC 16987, CCTCC AB 2015040",1,Laceyella thermophila,2784132171,aerobe
133442,NJ-8,"CGMCC 1.7271, NBRC 104930",1,Lacibacter cauensis,2596583623,aerobe
,,,,,510947.5,
,,,,,GCA_007830055,
168437,TTM-7,"KCTC 62870, LMG 30926, BCRC 81159",1,Lacibacter luteus,GCA_004118265,aerobe
,,,,,SDHW00000000,
133839,E4-9a,"CIP 110310, KCTC 23612",1,Lacinutrix himadriensis,2713896817,aerobe
,,,,,641549.4,
,,,,,GCA_001418105,
133006,Th68,"DSM 26284, JCM 18637, KCTC 32141",1,Lacinutrix iliipiscaria,1230532.3,aerobe
,,,,,2861378864,
134366,,"KCCM 42306, JCM 13824, AKS 432",1,Lacinutrix mariniflava,2731957952,aerobe
,,,,,342955.4,
131558,,"DSM 28755, CECT 8573, KCTC 52192, Cmf 20.8",1,Lacinutrix venerupis,1486034.7,aerobe
,,,,,2734482143,
,,,,,GCA_003663945,
159711,BS-W1,"BCRC 80970, NBRC 112377",1,Levilactobacillus bambusae,GCA_003124125,aerobe
137682,S8-64,"CIP 105137, ATCC 367, CCRC 12310, JCM 1170, LMG 11437, NCDO 477, NCFB 477, NCIMB 947, NCIMB 8169, NCTC 947, CCUG 36840, BCRC 12310",0,Levilactobacillus brevis,387344.15,aerobe
,,,,,387344.34,
,,,,,387344.35,
,,,,,639633027,
,,,,,GCA_000014465,
134233,,"CCUG 53174, CIP 109613, LMG 23699, JCM 15951, NBRC 107159",1,Companilactobacillus crustorum,1423737.3,aerobe
,,,,,2663763277,
,,,,,2695420765,
,,,,,392416.14,
,,,,,392416.3,
,,,,,GCA_001434585,
,,,,,GCA_001438825,
,,,,,GCA_007992035,
147820,,"CCUG 34291, ATCC 53103, LMG 18243",0,Lacticaseibacillus rhamnosus,568703.3,aerobe
,,,,,GCA_000011045,
,,,,,GCA_000026505,
14708,HR1A-68,"DSM 6634, CIP 104371, JCM 16647, NCFB 2778, CCUG 32732, LMG 11463, JCM 11055, ATCC 700018, CCM 4494, CECT 4493, KCTC 3639, LMG 23383, NBRC 100935, NCIMB 13196",1,Lactococcus piscium,1364.33,aerobe
,,,,,2871629740,
,,,,,GCA_002441695,
167800,,"CGMCC 1.17071, KCTC 42886, YIM MLB12",1,Lampropedia aestuarii,GCA_004803635,aerobe
,,,,,SSWX00000000,
132456,CT6,"DSM 100029, KCTC 42939, MCC 2711",1,Lampropedia cohaerens,GCA_001005215,aerobe
2975,,"DSM 16112, ATCC 11041, CCUG 48573, IAM 14890, CIP 108560, JCM 21380, NBRC 102468",1,Lampropedia hyalina,1122156.3,aerobe
,,,,,2582581266,
,,,,,GCA_900129055,
6302,R-AC-013,"DSM 18607, KCTC 19200, JCM 15623, NBRC 106263, NCIMB 14544",1,Lapillicoccus jejuensis,2806310636,aerobe
,,,,,402171.3,
,,,,,GCA_006715055,
10465,"HKU1, HKUI","DSM 14985, LMG 21516, CCUG 45813, CIP 107139",1,Laribacter hongkongensis,1122157.5,aerobe
,,,,,2524023164,
,,,,,GCA_000423285,
134165,,"NCIMB 14103, CCUG 55608, LMG 22510",1,Larkinella insperata,GCA_026248825,aerobe
158687,15J6-3T6,"KCTC 42998, JCM 31989",1,Larkinella knui,2025310.3,aerobe
,,,,,2882134870,
,,,,,GCA_003858645,
166350,"KCTC 62876, ZZJ9",CCTCC AB 2018215,1,Larkinella punicea,2832541779,aerobe
,,,,,GCA_003334855,
141153,MIMbqt9,"MCCC 1K01309, KCTC 42800",1,Larkinella soli,2882593062,aerobe
,,,,,GCA_003703975,
2054,AB2188,"CCUG 34794, CIP 106317, DSM 11362, ATCC 51599, NCTC 12852, SSI AB 2188",1,Lautropia mirabilis,47671.4,aerobe
,,,,,649989970,
,,,,,887898.3,
,,,,,GCA_000186425,
,,,,,GCA_900637555,
3812,4M15,"DSM 17132, KACC 11308, JCM 16389, NBRC 106382",1,Leadbetterella byssophila,649349.3,aerobe
,,,,,649633063,
,,,,,GCA_000166395,
683,"670, Gibson 165, 883, 165","DSM 9, ATCC 10840, CCM 2214, NCIB 8773, NCTC 4824, CCUG 1816, NRS 670, JCM 2511, BCRC 11735, CECT 18, CIP 52.74, HAMBI 1918, IAM 12466, IAM 14178, IFO 15655, IFO 16413, IFO 16444, LMG 12355, LMG 16798, LMG 9579, NBRC 15655, NBRC 16413, NBRC 16444, NCCB 48017, NCFB 1127, NCIMB 8713, NCIMB 8773, NRRL B-396, NRRL NRS-883, VKM B-500, NCDO 1127, CIP 52.73",1,Lederbergia lenta,1348624.3,aerobe
,,,,,1467.3,
,,,,,2731957655,
,,,,,2808606624,
,,,,,GCA_001591545,
,,,,,GCA_900478165,
10520,HW7,"DSM 17879, KCTC 12585",1,Leeia oryzae,1122158.3,aerobe
,,,,,2519899688,
,,,,,GCA_000376945,
140891,G18,"CCTCC AB 2015204, KCTC 42729",1,Leeuwenhoekiella nanhaiensis,2775506714,aerobe
,,,,,GCA_002744755,
5603,,"DSM 19859, KCTC 22020, KMM 6264, LMG 24856",1,Leeuwenhoekiella palythoae,2622736499,aerobe
,,,,,2772190912,
,,,,,573501.11,
,,,,,573501.8,
,,,,,GCA_004104045,
,,,,,GCA_900130045,
6768,LLAP-1,"DSM 19890, ATCC 700990, CCUG 43885, CIP 107644",1,Legionella drozanskii,1212489.4,aerobe
,,,,,1212489.5,
,,,,,2657245022,
,,,,,GCA_001467585,
,,,,,GCA_900640075,
6769,LLAP-10,"DSM 19889, ATCC 700992, CCUG 43887, CIP 107645",1,Legionella fallonii,1212491.3,aerobe
,,,,,1212491.4,
,,,,,1212491.5,
,,,,,2654588015,
,,,,,GCA_000953135,
6760,214,"DSM 23087, ATCC 49655, CCUG 31228 A, CIP 103541, NCTC 12829, CDC 214",1,Legionella shakespearei,1122169.3,aerobe
,,,,,1122169.6,
,,,,,2515154162,
,,,,,2660237952,
,,,,,GCA_000373765,
,,,,,GCA_001468025,
7341,"DB103, DBI03","DSM 15166, JCM 10592, CCUG 51931, CIP 106799, IAM 15089, KCTC 19441, NBRC 103131",1,Leifsonia naganoensis,150025.3,aerobe
,,,,,2856447022,
,,,,,GCA_013410615,
7340,"DB102, DBI02","CCUG 51930, CIP 106805, DSM 15165, JCM 10591, BCRC 17580, IAM 15088, KCTC 19444, NBRC 103132",1,Leifsonia shinshuensis,150026.7,aerobe
,,,,,2856442703,
,,,,,GCA_013410375,
7346,TG-S248,"DSM 23871, JCM 15679, LMG 24767",1,Leifsonia soli,2844841374,aerobe
,,,,,582665.3,
,,,,,GCA_013408745,
13670,R-26159,"DSM 24565, CCUG 55860, LMG 24366",1,Leisingera aquimarina,2521172617,aerobe
,,,,,999611.3,
,,,,,GCA_000473165,
13734,,"DSM 24564, CCUG 55859, LMG 24369",1,Leisingera caerulea,2512047087,aerobe
,,,,,999549.4,
,,,,,GCA_000473325,
13732,TF-218,"DSM 23529, JCM 13606, KCTC 12794, CECT 7309, CIP 109576, LMG 24139",1,Leisingera daeponensis,2521172619,aerobe
,,,,,999547.5,
,,,,,GCA_000473145,
4359,,"DSM 4486, ATCC 33072, LMG 2784, CCUG 14182, CECT 4078, JCM 1237, NCTC 12124, CUETM 77-118, BCRC 13987, CCM 3430, CIP 103169, HAMBI 1297, HUT 8113, NBRC 105700, NCIMB 2118, VTT E-97863",1,Lelliottia amnigena,1219085.5,aerobe
,,,,,2731957555,
,,,,,2837279015,
,,,,,61646.66,
,,,,,61646.72,
,,,,,61646.97,
,,,,,GCA_001514515,
,,,,,GCA_002553545,
,,,,,GCA_900635465,
4379,E 62,"DSM 18955, ATCC 9912, CIP 104980, LMG 10245, NCPPB 2045, CCUG 25894, JCM 6050, ICMP 1577",1,Lelliottia nimipressuralis,2843132434,aerobe
,,,,,69220.11,
,,,,,69220.3,
,,,,,GCA_001875645,
,,,,,GCA_004115925,
1367,Grbi,"DSM 23924, JCM 15795, KCTC 13300",1,Lentibacillus jeotgali,2548876534,aerobe
,,,,,GCA_000224785,
134103,IS40-3,"JCM 12147, PCU 229, TISTR 1535, DSM 16577, CGMCC 1.6153, CIP 108664",1,Lentibacillus juripiscarius,1293599.7,aerobe
,,,,,2728369697,
,,,,,GCA_001311805,
164308,SSKP1-9,"JCM 32625, TISTR 2597",1,Lentibacillus lipolyticus,2510307.3,aerobe
,,,,,GCA_004145795,
166345,G56,,1,Lentibacillus panjinensis,GCA_013387165,aerobe
133029,WD4L-1,"DSM 101738, CGMCC 1.15454",1,Lentibacillus populi,1827502.3,aerobe
1359,SF-20,"DSM 16425, CIP 107807, JCM 11462, KCCM 41560, ATCC BAA-719, CGMCC 1.3447, CGMCC 1.6154",1,Lentibacillus salicampi,GCA_004565465,aerobe
13309,,"DSM 44073, AS 4.1519, CIP 104842, IFO 15855, JCM 9732, NBRC 100372, NBRC 15855, CCUG 48294, IMSNU 21253, IMMIB D-958, ATCC 51859, BCRC 16971, CGMCC 4.1519, CIP 107111, HUT 6595, KACC 20017, NRRL B-24057",1,Lentzea albidocapillata subsp. albidocapillata,2595698253,aerobe
,,,,,40571.7,
,,,,,GCA_000719115,
,,,,,GCA_900176525,
13313,LM 036,"DSM 44796, IMSNU 50388, KCTC 9948, JCM 10975, BCRC 16959, CGMCC 4.1702, CGMCC 4.2093",1,Lentzea albidocapillata subsp. violacea,128104.3,aerobe
,,,,,2619619033,
,,,,,GCA_900100275,
13305,C61,"DSM 45479, CGMCC 4.5536, NRRL B-24706, JCM 17492",1,Lentzea atacamensis,2756170238,aerobe
,,,,,531938.3,
,,,,,GCA_003269295,
140311,,"DSM 103464, CGMCC 4.7367, KCTC 39804, NBRC 112394, SYSU K10001",1,Lentzea cavernae,2020703.3,aerobe
,,,,,GCA_014653695,
13306,C68,"DSM 45480, CGMCC 4.5535, NRRL B-24707, JCM 17493",1,Lentzea atacamensis,2756170278,aerobe
,,,,,531939.3,
,,,,,GCA_003148865,
13304,Z6,"DSM 45099, CGMCC 4.3506, JCM 14205, NBRC 106318, CIP 109572",1,Lentzea fradiae,200378.4,aerobe
,,,,,2663762758,
,,,,,GCA_900100955,
24445,NJ2035,"DSM 45680, JCM 31207, KCTC 29057, NRRL B-24881",1,Lentzea nigeriaca,1128665.3,aerobe
,,,,,2901015569,
,,,,,GCA_016907955,
158291,,"DSM 108672, CGMCC 4.7319, KCTC 39694, DHS C021",1,Lentzea pudingi,1789439.3,aerobe
,,,,,GCA_014646255,
159642,NEAU-LZS 42,"DSM 105696, CGMCC 4.7428, JCM 32385",1,Lentzea terrae,GCA_003265345,aerobe
13303,R24,"DSM 45081, CGMCC 4.3525, JCM 15473, NBRC 106319",1,Lentzea xinjiangensis,2667527444,aerobe
,,,,,402600.4,
,,,,,GCA_900110955,
133935,"ATCC, BAA-2439, 79601","ATCC, BAA-2439",1,Leptospira alstonii,1218565.3,aerobe
,,,,,GCA_000347175,
167977,"Yale, CLEP00288","KIT0258, ATCC-TDS- 162, ATCC TSD-162, KIT 0258",1,Leptospira stimsonii,GCA_003545885,aerobe
,,,,,QHCT00000000,
6807,"Hualin, LT 11-33","DSM 21521, ATCC 700639",1,Leptospira terpstrae,1257025.3,aerobe
,,,,,GCA_000332495,
133936,,"ATCC 700522, WaZ Holland",1,Leptospira vanthielii,1218591.3,aerobe
,,,,,GCA_000332455,
6808,Saopaulo,"DSM 21522, ATCC 700523",1,Leptospira yanagawae,1249483.3,aerobe
,,,,,GCA_000332475,
170939,"CLEP00287, F1","ATCC TSD-163, KIT 0259",1,Leptospira yasudae,GCA_003545925,aerobe
,,,,,QHCU00000000,
7355,MM2LB,"DSM 19883, LMG 24399, JCM 17022",1,Leucobacter chironomi,1122175.4,aerobe
,,,,,2524023214,
,,,,,GCA_000421845,
158508,924/12,"DSM 101948, CCM 8761",1,Leucobacter muris,1935379.3,aerobe
,,,,,2841129318,
,,,,,GCA_004028235,
140342,A2,"DSM 104477, JCM 19316, KACC 17571",1,Leucobacter ruminantium,GCA_017565705,aerobe
132119,M1-8,"DSM 103340, JCM 16362, KACC 21127",1,Leucobacter salsicius,1238186.3,aerobe
,,,,,2526164546,
,,,,,GCA_000350525,
7354,K 70/01,"DSM 19811, LMG 24388, JCM 16030",1,Leucobacter tardus,GCA_017583045,aerobe
166283,C3212,"MCCC 1K03600, KCTC 72121",1,Leucothrix sargassi,GCA_004010795,aerobe
6667,,"DSM 19117, CCUG 52843, CIP 109498, LMG 23583, JCM 15612, BCRC 80773, NBRC 107158",1,Levilactobacillus namurensis,1423773.3,aerobe
,,,,,2695420716,
,,,,,380393.5,
,,,,,GCA_001434785,
,,,,,GCA_007992015,
14049,SST-19,"DSM 24740, JBRI 2009, JCM 14216, KCTC 12774",1,Lewinella agarilytica,2693429910,aerobe
,,,,,478744.3,
,,,,,GCA_900110645,
133425,,"KCCM 42688, NBRC 103142, IMCC 3223, DSM 105096",1,Lewinella antarctica,2830033918,aerobe
,,,,,442734.4,
,,,,,GCA_011927835,
14046,II-2,"DSM 23179, ATCC 23123, NBRC 102661, NCIMB 12855",1,Lewinella cohaerens,1122176.3,aerobe
,,,,,2515154030,
,,,,,GCA_000379805,
140717,,"KCTC 42187, CECT 8679, HME 9359",1,Lewinella lacunae,1517758.3,aerobe
,,,,,2920444975,
,,,,,GCA_014349155,
167343,HSMS-39,"KACC 19866, NBRC 113585",1,Lewinella litorea,GCA_004803465,aerobe
,,,,,SRSF00000000,
132093,MKG-38,"DSM 104084, NBRC 102633, NCIMB 14312",1,Lewinella marina,2830012823,aerobe
,,,,,2891513237,
,,,,,438751.4,
,,,,,GCA_002631205,
,,,,,GCA_011927705,
140713,,"KACC 17619, CECT 8419, HME 9321",1,Lewinella maritima,GCA_923081025,aerobe
131475,13-9-B8,"DSM 29526, KCTC 32663",1,Lewinella xylanilytica,1514080.3,aerobe
,,,,,2734482073,
,,,,,GCA_002934605,
166128,RmlP026,"KCTC 72077, VKM B-3277",1,Lichenibacterium minus,2882620940,aerobe
,,,,,GCA_004137685,
166129,RmlP001,"KCTC 72076, VKM B-3263",1,Lichenibacterium ramalinae,2882626817,aerobe
,,,,,GCA_004137085,
6606,FS60-1,"CCUG 46556, CIP 106750, PCU 207, DSM 15836, HSCC 1411, JCM 10692, NRIC 0300, TISTR 1386, NBRC 102163",1,Ligilactobacillus acidipiscis,1423716.3,aerobe
,,,,,2667527822,
,,,,,89059.1,
,,,,,89059.4,
,,,,,GCA_001435755,
,,,,,GCA_002117995,
,,,,,GCA_007991135,
166384,Pla85_3_4,"DSM 103796, LMG 29741",1,Lignipirellula cremea,GCA_007751035,aerobe
130608,LL-001,"DSM 29954, CECT 8072, JCM 18161",1,Limimaricola cinnabarinus,2602041674,aerobe
,,,,,GCA_000466965,
13675,UST950701-009P,"DSM 17492, JCM 12479, NRRL B-41039, CIP 108639",1,Limimaricola hongkongensis,1122180.13,aerobe
,,,,,1122180.14,
,,,,,1122180.3,
,,,,,1122180.6,
,,,,,2517434011,
,,,,,GCA_000365005,
,,,,,GCA_000600975,
13678,JJM85,"DSM 21424, KCTC 22372",1,Limimaricola pyoseonensis,2636416063,aerobe
,,,,,521013.3,
,,,,,GCA_900102015,
24534,Ia16,"DSM 25584, IBRC-M 10018",1,Limimonas halophila,1082479.3,aerobe
,,,,,2654587884,
,,,,,GCA_900100655,
3032,MWH-C5,"DSM 21645, CCUG 56720, KCTC 42562, CCUG 57770",1,Limnohabitans curvus,2684622876,aerobe
,,,,,323423.8,
,,,,,GCA_003063475,
3034,II-B4,"DSM 21592, CIP 109845, CCUG 56787",1,Limnohabitans parvus,1293052.5,aerobe
,,,,,2834088864,
,,,,,GCA_003063455,
3035,II-D5,"CCUG 56788, DSM 21594, CIP 109844",1,Limnohabitans planktonicus,1293045.4,aerobe
,,,,,GCA_001270065,
6486,5A1,"DSM 4864, ATCC 49062, CIP 105162, NCDO 2160, NCIB 8831, CCUG 37396, JCM 11028, CECT 4021, CIP 103255, JCM 7507, KCTC 3670, LMG 9848, NCIMB 8831",1,Limosilactobacillus oris,1423779.3,aerobe
,,,,,2663763371,
,,,,,GCA_001434465,
133499,H6,"CGMCC 1.7005, JCM 15141",1,Lishizhenia tianjinensis,2667527393,aerobe
,,,,,477690.3,
,,,,,GCA_900116425,
6872,Li 1979,"CCUG 15528, CCM 5884, NCTC 11846, CIP 78.42, CECT 913, DSM 20750, ATCC 19119, WDCM 00018, SLCC 2379, JCM 7681, BCRC 14844, KCTC 3444, LMG 11388, NCAIM B.02035, NRRL B-33017, VTT E-97771",1,Listeria ivanovii subsp. ivanovii,202751.4,aerobe
,,,,,2823437510,
,,,,,GCA_900187025,
17279,,"DSM 21597, ATCC 19264, CAIM 696, CCTM 2283, CCUG 47265, CECT 522, CIP 63.36, IFO 13266, LMG 4410, LMG 4437, NBRC 13266, NCCB 72050, NCIMB 6, NCTC 12159, RIMD 2202001, JCM 33359",1,Listonella anguillarum,2916734906,aerobe
,,,,,55601.109,
,,,,,55601.211,
,,,,,GCA_001989995,
,,,,,GCA_900452855,
142630,,"CCUG 13446, ATCC 14181",0,Listonella anguillarum,2816332251,aerobe
,,,,,55601.78,
,,,,,GCA_001718015,
1282,"BA288, 18.101","DSM 16976, CIP 110635, KCTC 3947",1,Litchfieldia alkalitelluris,304268.3,aerobe
,,,,,GCA_002019645,
23240,,"DSM 26922, JCM 16493, NRIC 0773, KMM 3851",1,Litoreibacter albidus,2617270827,aerobe
,,,,,670155.3,
,,,,,GCA_900107015,
13858,GA2-M15,"DSM 19593, KACC 12675",1,Litoreibacter arenae,1123360.3,aerobe
,,,,,GCA_000442275,
130644,P-MA1-7,"DSM 29467, CCUG 63416, KCTC 32213",1,Litoreibacter halocynthiae,1242689.3,aerobe
,,,,,2681812955,
,,,,,GCA_004365635,
23241,,"DSM 26921, JCM 16492, NRIC 0772, KMM 3842",1,Litoreibacter janthinus,2617270836,aerobe
,,,,,670154.3,
,,,,,GCA_900111945,
130643,MA1-1,"DSM 29466, CCUG 61486, KCTC 23699, KCTC 23699T",1,Litoreibacter meonggei,1049199.3,aerobe
,,,,,2681812954,
,,,,,GCA_003663885,
133992,JC166,"KCTC 32217, LMG 27256",1,Litoribacter ruber,1237105.3,aerobe
,,,,,GCA_018449405,
133622,,"ACCC 05414, KCTC 22899, YIM CH208",1,Litoribacter ruber,702568.3,aerobe
,,,,,GCA_018500185,
23349,,"DSM 25763, ATCC BAA-2444, PRI 4131",1,Litorilinea aerophila,1204385.4,aerobe
166110,RZ04,"MCCC 1K03616, KCTC 62835",1,Litorilituus lipolyticus,2887464734,aerobe
,,,,,GCA_006439335,
24491,IG8,"DSM 29326, IAM 15450, JCM 23210, NCIMB 14280, CIP 109738, IAM 15540",1,Loktanella atrilutea,2695420928,aerobe
,,,,,366533.3,
,,,,,GCA_900128995,
13674,R-7670,"DSM 16213, LMG 22007, JCM 21635, CIP 108323, IAM 15180, NBRC 102485",1,Loktanella fryxellensis,245187.6,aerobe
,,,,,2622736532,
,,,,,GCA_900110065,
13672,R-8904,"DSM 16199, LMG 21507, JCM 21636, CIP 108322, IAM 15181, NBRC 102486",1,Loktanella salsilacus,195913.7,aerobe
,,,,,2622736595,
,,,,,GCA_900114485,
132517,CB-286315,"DSM 29007, CECT 8660",1,Longimicrobium terrae,1639882.6,aerobe
,,,,,1639882.7,
,,,,,2824268934,
,,,,,2861666540,
,,,,,GCA_013000925,
,,,,,GCA_014198875,
,,,,,GCA_014202995,
24460,,"DSM 46696, CGMCC 4.5737, NBRC 107726, TRM 46004",1,Longimycelium tulufanense,907463.3,aerobe
,,,,,GCA_014645795,
160507,,"DSM 105158, CGMCC 1.16550, SCSIO 06110",1,Longirhabdus pacifica,GCA_004115085,aerobe
5251,1,"DSM 4561, ATCC 29281, CCUG 48867, CFBP 3617, CIP 105201, ICMP 1845, ICPB EQ 101, LMG 2724, NCPPB 1852, PDDCC 1845",1,Lonsdalea quercina,1082705.14,aerobe
,,,,,2579778530,
,,,,,2597490349,
,,,,,71657.5,
,,,,,GCA_000688655,
,,,,,GCA_900107885,
133254,JC344,"KCTC 42988, LMG 29259",1,Lunatimonas salinarum,1774590.3,aerobe
,,,,,GCA_017811155,
17465,,"DSM 23190, CCM 7598, CCUG 25036",1,Luteibacter anthropi,564369.3,aerobe
,,,,,GCA_011759365,
17463,LJ96,"DSM 16549, ATCC BAA-1015, CCUG 50033",1,Luteibacter rhizovicinus,1440763.5,aerobe
,,,,,2630968465,
,,,,,2718218334,
,,,,,GCA_001010405,
,,,,,GCA_001887595,
17464,R2A 16-10,"CCUG 57695, KACC 11405, DSM 17673",1,Luteibacter yeojuensis,345309.27,aerobe
,,,,,GCA_011742875,
134069,CC-AMWY-103B,"JCM 18817, BCRC 80551",1,Luteibaculum oceani,1294296.4,aerobe
,,,,,2886904261,
,,,,,GCA_007995015,
17887,R19-04,"DSM 22413, NBRC 105647",1,Luteimicrobium subarcticum,2728369740,aerobe
,,,,,620910.3,
,,,,,GCA_002798015,
17468,B9,"DSM 19680, KCTC 22048",1,Luteimonas aestuarii,2894402790,aerobe
,,,,,GCA_004357985,
17469,RIB1-20,"DSM 22088, BCRC 17731, LMG 24212",1,Luteimonas aquatica,GCA_022662575,aerobe
141071,26-35,"KCTC 42824, CCTCC AB 2014326",1,Luteimonas arsenica,2881082673,aerobe
,,,,,GCA_004352825,
166305,,"KACC 19469, CCTCC AB 2017256, MIC 1.5",1,Luteimonas cellulosilyticus,GCA_016879515,aerobe
24674,Y4,"DSM 28068, CGMCC 1.10821, KCTC 23627",1,Luteimonas cucumeris,2596583559,aerobe
,,,,,985012.3,
,,,,,GCA_007830035,
162196,Gr-4,"JCM 18203, KACC 16614",1,Luteimonas granuli,2841064495,aerobe
,,,,,GCA_007795095,
24675,HB2,"DSM 26429, CICC 11005s",1,Luteimonas huabeiensis,1442599.3,aerobe
,,,,,2585427721,
,,,,,GCA_000559025,
17470,FR1330,"DSM 22943, IMSNU 60306, JCM 12488, KCTC 12327",1,Luteimonas marina,GCA_007859325,aerobe
17466,B1953/27.1,"DSM 12574, ATCC BAA-11, CCUG 48040, CIP 107229",1,Luteimonas mephitis,1122183.3,aerobe
,,,,,2524023249,
,,,,,GCA_000422305,
17473,BZ92r,"DSM 22344, CGMCC 1.8985, CIP 110133",1,Luteimonas terricola,2897465725,aerobe
,,,,,645597.4,
,,,,,GCA_004352845,
,,,,,GCA_014645675,
133519,MN07-A0370,"NBRC 105296, VTCC D9-09",1,Luteipulveratus mongoliensis,2645727824,aerobe
,,,,,GCA_001190945,
140275,HEG_-6_39,"DSM 100886, KCTC 52215",1,Luteitalea pratensis,1855912.4,aerobe
,,,,,2687453111,
,,,,,GCA_001618865,
133874,PIII.02,"ATCC BAA-2393, LMG 26723",1,Luteivirga sdotyamensis,1182408.3,aerobe
12621,,"DSM 10546, ATCC 51526, CIP 104067, IFO 12422, JCM 9415, NBRC 12422, OUT 8086, CCUG 38731, IMSNU 21283, KCTC 9794, NCIMB 13388, NRIC 1092, VKM Ac-1951",1,Luteococcus japonicus,2781126037,aerobe
,,,,,33984.3,
,,,,,GCA_003752415,
134331,A4T-83,"KCTC 22041, MBIC 08322",1,Luteolibacter pohnpeiensis,454153.3,aerobe
,,,,,GCA_016595435,
133924,EBTL01,"KCTC 23678, JCM 18052",1,Luteolibacter yonseiensis,1144680.3,aerobe
,,,,,GCA_016595465,
24048,KYW566,"DSM 29150, JCM 18281, KCTC 23842",1,Lutibacter agarilyticus,1109740.3,aerobe
,,,,,2724679779,
,,,,,GCA_900188235,
24047,,"DSM 27993, IMCC 1507, KACC 14312, NBRC 107589",1,Lutibacter flavus,2622736608,aerobe
,,,,,691689.3,
,,,,,GCA_900188355,
134184,CL-TF09,"KCCM 42118, JCM 13034, CIP 109245",1,Lutibacter litoralis,321268.3,aerobe
,,,,,GCA_014646675,
5721,S7-2,"DSM 24450, CCUG 57524, KCTC 22635",1,Lutibacter maritimus,2622736611,aerobe
,,,,,593133.4,
,,,,,GCA_900116115,
130332,UDC377,"DSM 24956, KCTC 23668",1,Lutibacter oricola,2693429896,aerobe
,,,,,762486.3,
,,,,,GCA_900106565,
13878,AMV1,"DSM 22728, CCUG 58046, KCTC 22669, NBRC 105799",1,Lutibaculum baratangense,2568526534,aerobe
,,,,,GCA_000496075,
24514,SMK-117,"DSM 28010, CCUG 55760, KCTC 22244",1,Lutimaribacter saemankumensis,2675903213,aerobe
,,,,,490829.3,
,,,,,GCA_900100005,
133312,Y2A20,"CGMCC 1.15760, KCTC 33825",1,Lysinibacillus alkalisoli,1911548.3,aerobe
,,,,,GCA_014643595,
23758,,"DSM 24785, JCM 18777, KCTC 13796, NCCP 36",1,Lysinibacillus composti,2901136890,aerobe
,,,,,720633.8,
,,,,,GCA_016908465,
23760,FSt3A,"DSM 25560, CCM 8383, CIP 110362, CCUG 62186",1,Lysinibacillus contaminans,1293441.3,aerobe
,,,,,2648501842,
,,,,,GCA_001278945,
1542,1741-1b,"DSM 54, ATCC 12905, LMG 18474, SAG 1741-1b, JCM 21742, IAM 15292, LMG 18473",1,Lysinibacillus macroides,GCA_001281525,aerobe
1537,34hs-1,"DSM 18869, ATCC PTA-4993, CIP 108263, KCTC 3961, NBRC 100172, NRRL B-30641",1,Lysinibacillus odysseyi,1220589.3,aerobe
,,,,,1220589.4,
,,,,,1220589.5,
,,,,,2627854238,
,,,,,2731957675,
,,,,,GCA_000773015,
,,,,,GCA_001591965,
,,,,,GCA_002200835,
23762,,"DSM 24784, JCM 18776, KCTC 13795, NCCP 54",1,Lysinibacillus pakistanensis,2728369720,aerobe
,,,,,759811.5,
,,,,,GCA_001312325,
1539,BAM-582,"DSM 25242, KCTC 13154, NBRC 103144, JCM 18861",1,Lysinibacillus parviboronicapiens,1293591.3,aerobe
,,,,,2681813020,
,,,,,2802429647,
,,,,,GCA_001311625,
,,,,,GCA_003049575,
1532,"Gibson 1013, 1013","DSM 28, ATCC 14577, CCM 2120, JCM 2502, NCIB 9370, NCTC 10338, CCUG 7428, LMG 7134, BCRC 12825, CECT 33, CIP 65.30, IAM 13420, IFO 15095, KCTC 3346, NBRC 15095, NCCB 75018, NCIMB 9370, NRRL B-23268, VKM B-509, NCDO 1767",1,Lysinibacillus sphaericus,1354027.3,aerobe
,,,,,1421.65,
,,,,,1421.85,
,,,,,2554235285,
,,,,,2855314903,
,,,,,GCA_000427235,
,,,,,GCA_002982115,
,,,,,GCA_005217555,
,,,,,GCA_006539805,
,,,,,GCA_900445465,
130208,"K3514, K3514T","DSM 25877, CCTCC AB 2012050, KCTC 33042",0,Lysinibacillus sphaericus,1173107.5,aerobe
,,,,,GCA_005217585,
140558,S5H2222,"MCC 3065, KACC 18714, LMG 29294",1,Lysinibacillus telephonicus,GCA_003966145,aerobe
1540,XDB9,"DSM 23493, CCUG 57438, KCTC 13423",1,Lysinibacillus xylanilyticus,2639763065,aerobe
,,,,,2740891852,
,,,,,582475.14,
,,,,,582475.4,
,,,,,GCA_001183605,
,,,,,GCA_004365535,
23344,ZS79,"DSM 27222, CGMCC 1.10752, KCTC 23365",1,Lysobacter arseniciresistens,2634166449,aerobe
,,,,,913325.4,
,,,,,GCA_000768335,
17501,ZLD-29,"DSM 26007, CCTCC AB 207175, KCTC 23077",1,Lysobacter bugurensis,543356.4,aerobe
,,,,,GCA_014652095,
17483,Ko07,"DSM 16239, KCTC 12205, CCUG 55589, LMG 23352, NBRC 102010",1,Lysobacter concretionis,1122185.3,aerobe
,,,,,2574179754,
,,,,,2645727875,
,,,,,GCA_000768345,
17484,GH1-9,"CCUG 55492, KACC 11406, DSM 17634, CIP 109292",1,Lysobacter daejeonensis,1385517.3,aerobe
,,,,,2627854223,
,,,,,GCA_000768355,
17490,,"DSM 18482, CCUG 53152, CIP 109615, IMMIB APB-9",1,Lysobacter defluvii,1122186.3,aerobe
,,,,,1385515.3,
,,,,,2524614664,
,,,,,GCA_000423325,
,,,,,GCA_000769985,
17486,DS-58,"DSM 17958, KCTC 12822",1,Lysobacter dokdonensis,1300345.3,aerobe
,,,,,2634166411,
,,,,,GCA_000770795,
17476,"Reichenbach Ly e 1, strain 495","DSM 2043, ATCC 29487, VKM B-2235, CCUG 7833, LMG 8762, BCRC 11654, KCTC 12131, UASM 495, Ly e1, NCIB 9924, KCTC 22749",1,Lysobacter enzymogenes,2675903697,aerobe
,,,,,69.16,
,,,,,GCA_900106525,
163929,UKS-15,"JCM 30983, KACC 18719",1,Lysobacter lacus,GCA_008274655,aerobe
,,,,,VTRV00000000,
17489,GH41-7,"DSM 18481, CIP 109587, KACC 11588",1,Lysobacter niastensis,380629.4,aerobe
,,,,,GCA_015453285,
166306,,"KCTC 72062, CGMCC 1.16662, SYSU H10001",1,Lysobacter prati,GCA_009765215,aerobe
166459,ZS60,"CGMCC 1.15509, NBRC 112614",1,Lysobacter psychrotolerans,2849961538,aerobe
,,,,,GCA_003719825,
17500,CTN-1,"DSM 22393, CGMCC 1.10136, KCTC 23715",1,Lysobacter ruishenii,2596583561,aerobe
,,,,,686800.3,
,,,,,GCA_007830115,
164449,17J68-2,"JCM 33058, KCTC 62237",1,Lysobacter segetis,GCA_004359965,aerobe
17498,,"DSM 24712, KCTC 22011, LMG 24126, DCY 21",1,Lysobacter soli,2838987433,aerobe
,,,,,453783.3,
,,,,,GCA_003382285,
17492,,"DSM 21749, JCM 14760, KMM 329, NRIC 0728, KCTC 23742",1,Lysobacter spongiicola,1122188.5,aerobe
,,,,,2568526003,
,,,,,GCA_900167055,
166520,C8-1,"KCTC 62034, CGMCC 1.16271",1,Lysobacter tabacisoli,2849997214,aerobe
,,,,,GCA_003586305,
164448,17J7-1,"JCM 33057, KCTC 62217",1,Lysobacter terrigena,2488749.3,aerobe
,,,,,GCA_004361065,
132485,UM1,"DSM 28473, KCTC 42936, MCC 2572",1,Lysobacter tolerans,2681812867,aerobe
,,,,,GCA_900155935,
17499,RCML-52,"DSM 25188, CCTCC AB 208194, KCTC 22558, CIP 110460",1,Lysobacter xinjiangensis,546892.4,aerobe
,,,,,GCA_014651995,
14423,,"DSM 19358, CCM 4811, CCUG 47200, CIP 108167, LMG 21712",1,Macrococcus brunensis,198483.3,aerobe
,,,,,2898327042,
,,,,,GCA_004359615,
133084,KM 45013,"DSM 101690, CCOS 969, CCUG 68920, CIP 111363",1,Macrococcus canis,GCA_002119805,aerobe
14419,235,"CCUG 15606, DSM 20597, ATCC 13548",1,Macrococcoides caseolyticum subsp. caseolyticum,2838912853,aerobe
,,,,,69966.63,
,,,,,69966.78,
,,,,,GCA_002902665,
14418,LRA 041 575,"DSM 6669, ATCC 35662, CCUG 35411, CIP 103689",0,Macrococcoides caseolyticum subsp. caseolyticum,69966.79,aerobe
14422,"DD9350, H8h3, DD 9350","DSM 15609, ATCC 51831, CCUG 38363, CCM 4653, CIP 105716",1,Macrococcus equipercicus,2895714182,aerobe
,,,,,69967.3,
,,,,,GCA_004359525,
14424,,"DSM 19357, CCM 4809, CCUG 47201, CIP 108166, LMG 21711",1,Macrococcus hajekii,198482.3,aerobe
,,,,,198482.4,
,,,,,2898324690,
,,,,,GCA_004359505,
,,,,,GCA_014634985,
166389,"Mal4, Malle4","DSM 100296, LMG 29133",1,Maioricimonas rarisocia,GCA_007747795,aerobe
141072,MM-10,"KCTC 42721, CECT 8898",1,Maliponia aquimaris,1673631.4,aerobe
,,,,,2788500141,
,,,,,GCA_900184945,
13854,JLT354-W,"DSM 26384, CGMCC 1.7290, LMG 24665",1,Mameliella alba,2593339298,aerobe
,,,,,2663762746,
,,,,,561184.4,
,,,,,561184.7,
,,,,,GCA_003051025,
,,,,,GCA_900101505,
140092,KD53,"DSM 106184, KCTC 42178, MCCC 1K00273",0,Mameliella alba,2791354926,aerobe
,,,,,2828474960,
,,,,,561184.14,
,,,,,GCA_002211155,
14648,241,"DSM 13212, ATCC BAA-274, CIP 106114, CCUG 43834",1,Staphylococcus fleurettii,150056.28,aerobe
,,,,,GCA_003970575,
14631,,"DSM 20345, ATCC 29062, BCRC 12927, CCM 3473, CCUG 15598, CNCTC 5683, JCM 2425, NCTC 12103, SC 116, CIP 81.62, MTCC 6154, NRRL B-14777",1,Staphylococcus sciuri,147467.21,aerobe
,,,,,147467.22,
,,,,,147467.8,
,,,,,2627854141,
,,,,,GCA_001046995,
,,,,,GCA_002901825,
,,,,,GCA_900474615,
14664,"R1-33, BM 12492","DSM 16827, ATCC 700061, CIP 105829, CCUG 37923, CCM 4657",0,Staphylococcus sciuri,147469.3,aerobe
,,,,,GCA_003968855,
14680,196,"DSM 26319, CCM 7717, PCM 2693, CCUG 72271, CIP 111012",1,Staphylococcus stepanovicii,2917429644,aerobe
,,,,,643214.1,
,,,,,643214.11,
,,,,,GCA_002902525,
,,,,,GCA_014635785,
14660,DD756,"CCUG 33636, DSM 15615, ATCC 51145, CIP 104850",1,Staphylococcus vitulinus,2917439556,aerobe
,,,,,71237.13,
,,,,,71237.31,
,,,,,GCA_002902265,
159731,5T4P-12-1,"KCTC 62053, CGMCC 1.16279",1,Mangrovicella endophytica,2831606981,aerobe
,,,,,GCA_002893625,
159777,T1lg56,"CCTCC AB 2016238, KCTC 52623",1,Mangrovicoccus ximenensis,GCA_003056725,aerobe
140578,S3Cf-2,"DSM 100693, CGMCC 4.7299",1,Mangrovihabitans endophyticus,1751298.3,aerobe
,,,,,GCA_014646155,
133912,LYYY01,"CGMCC 1.12280, LMG 27142",1,Mangrovimonas yunxiaonensis,1197477.1,aerobe
,,,,,GCA_014636995,
133998,GY20,"KACC 16440, JCM 18631",1,Maribacter aestuarii,GCA_027474845,aerobe
164418,PoM-212,"JCM 32941, KACC 19789",1,Maribacter algicola,GCA_003933245,aerobe
,,,,,QUSX00000000,
5614,CL-AP4,"DSM 21422, JCM 15445, KCCM 90069",1,Maribacter antarcticus,1122191.4,aerobe
,,,,,2556921603,
,,,,,GCA_000621125,
5606,,"KMM 3949, CIP 108495, DSM 16478, CCUG 48009, KCTC 12968",1,Maribacter aquivivus,228958.3,aerobe
,,,,,2622736581,
,,,,,GCA_900142175,
5613,,"DSM 23546, JCM 14790, KCTC 22053, KOPRI 20941, CIP 110780",1,Maribacter arcticus,2595698209,aerobe
,,,,,561365.3,
,,,,,GCA_900167935,
141154,B1,"CGMCC 1.15508, KCTC 52882, MCCC 1K03318",1,Maribacter cobaltidurans,1178778.6,aerobe
,,,,,2758568010,
,,,,,GCA_002269385,
,,,,,GCA_014643435,
5608,DSW-8,"DSM 17201, KCTC 12393, CIP 108966",1,Maribacter dokdonensis,1300346.8,aerobe
,,,,,2690315862,
,,,,,GCA_001447995,
5612,"KT02ds 18-6, ODDS18-6, KT02ds18-6","DSM 18668, CIP 109504",1,Maribacter forsetii,1392498.4,aerobe
,,,,,2574179767,
,,,,,GCA_000744105,
159839,SDRB-Phe2,"JCM 32373, KCTC 62273, DSM 106042",1,Maribacter litoralis,2834232880,aerobe
,,,,,GCA_003075045,
5605,,"DSM 16471, CCUG 48008, KCTC 12967, KCTC 42563, KMM 3947, CIP 108494",1,Maribacter orientalis,228957.5,aerobe
,,,,,2622736438,
,,,,,GCA_900109345,
5609,,"DSM 23514, KCTC 22021, KMM 6151, LMG 23671",1,Maribacter polysiphoniae,2595698208,aerobe
,,,,,429344.11,
,,,,,429344.6,
,,,,,GCA_003148665,
,,,,,GCA_014673435,
5604,,"DSM 19840, CCUG 47098, KCTC 12966, KMM 3903, CIP 108493",1,Maribacter sedimenticola,228956.4,aerobe
,,,,,2622736538,
,,,,,GCA_900188415,
5615,,"DSM 19891, KCTC 22023, LMG 22581, KMM 6046",1,Maribacter stanieri,2622736542,aerobe
,,,,,440514.5,
,,,,,GCA_900112245,
5607,M-3Alg 46-1,"DSM 15366, KCTC 12969, KMM 3951, CIP 108844, KCTC 12669",1,Maribacter ulvicola,228959.3,aerobe
,,,,,2681813549,
,,,,,GCA_900155985,
23234,B5-6,"DSM 26893, JCM 14009, KCCM 42336, CIP 109553, CECT 7801",1,Palleronia pelagia,2616644821,aerobe
,,,,,387096.5,
,,,,,GCA_900110115,
158326,GH1-23,"DSM 104950, KCTC 52957",1,Palleronia pontilimi,1964209.3,aerobe
,,,,,GCA_016412875,
23235,CL-SP27,"DSM 26892, JCM 13037, KCCM 42113, CIP 109545, CECT 7800",1,Palleronia salina,2619618996,aerobe
,,,,,313368.3,
,,,,,GCA_900141995,
6310,HG667,"DSM 18935, JCM 16543, MBIC 07497",1,Marihabitans asiaticum,2816332116,aerobe
,,,,,415218.3,
,,,,,GCA_007828725,
160214,GH1-19,"DSM 106292, KCTC 62376",1,Marimonas lutisalis,2837687090,aerobe
,,,,,CP029347,
,,,,,GCA_005434965,
11263,,"DSM 45154, CCTCC AA 208041, JCM 16903, SCSIO 00652, NBRC 110046",1,Marinactinospora thermotolerans,1122192.6,aerobe
,,,,,2524614583,
,,,,,GCA_900167435,
140461,FC18,"LMG 29748, DSM 26290",1,Mariniblastus fucicola,980251.5,aerobe
,,,,,GCA_001642875,
,,,,,GCA_008087665,
133923,P-1 km-3,"KACC 16526, CGMCC 1.11031",1,Marinicauda pacifica,1133559.7,aerobe
,,,,,2889699639,
,,,,,GCA_004793635,
,,,,,GCA_009806145,
,,,,,GCA_014636415,
166179,WD6-1,"KCTC 62348, MCCC 1H00282",1,Marinicauda salina,GCA_003122085,aerobe
159701,SY-3-19,"MCCC 1K03432, KCTC 62156",1,Marinicaulis flavus,2786546860,aerobe
,,,,,GCA_002943565,
17915,,"DSM 25488, JCM 16154, KMM 3900, NRIC 0758",1,Marinicella litoralis,2757320364,aerobe
,,,,,2833851722,
,,,,,644220.3,
,,,,,644220.5,
,,,,,GCA_002591915,
,,,,,GCA_004363335,
132977,sw153,"DSM 25600, CGMCC 1.12181, JCM 18208",1,Marinicella pacifica,1171543.3,aerobe
,,,,,GCA_014636635,
159708,F2,"KCTC 42953, MCCC 1H00149",1,Marinicella sediminis,GCA_002000055,aerobe
5722,SW5,"DSM 18792, CIP 109502",1,Mariniflexile fucanivorans,264023.4,aerobe
,,,,,2799112275,
,,,,,GCA_004341235,
134195,,"KCTC 12570, LMG 22578, KMM 6038",1,Mariniflexile gromovii,362523.3,aerobe
,,,,,GCA_017814435,
456,"M18, 27.101","DSM 16975, KCTC 12357, CIP 109192",1,Marinimicrobium agarilyticum,1122194.5,aerobe
,,,,,2524023067,
,,,,,GCA_000423345,
166430,SW121,"CGMCC 1.16166, KCTC 62651",1,Marinimicrobium alkaliphilum,2202654.3,aerobe
,,,,,2883774514,
,,,,,GCA_003259155,
455,M9,"DSM 16974, KCTC 12356, CIP 109193",1,Marinimicrobium koreense,2786546140,aerobe
,,,,,306545.3,
,,,,,GCA_003762925,
24644,,"DSM 45789, CCTCC AB 2012052, YIM M11385",1,Marininema halotolerans,1155944.3,aerobe
,,,,,2675903148,
,,,,,GCA_900116235,
24643,,"DSM 45610, CCTCC AA 2011006, SCSIO 10219",1,Marininema mesophilum,1048340.6,aerobe
,,,,,2693429881,
,,,,,GCA_900106775,
24725,AK6,"DSM 25051, JCM 17389, MTCC 11279",1,Mariniradius saccharolyticus,1239962.6,aerobe
,,,,,2541047558,
,,,,,GCA_000330725,
132988,NH83,"DSM 101478, CGMCC 1.15462",1,Marinirhabdus gelatinilytica,1703343.6,aerobe
,,,,,2756170273,
,,,,,GCA_003353425,
157905,TPS16,"DSM 46825, TBRC 5138",1,Marinitenerispora sediminis,2852029117,aerobe
,,,,,GCA_003336425,
133861,KYW371,"KCTC 23449, JCM 17452",1,Hyunsoonleella aestuarii,912802.3,aerobe
,,,,,GCA_006148925,
493,HP15,"DSM 23420, CIP 110141, NCBI AY241552",1,Marinobacter adhaerens,225937.19,aerobe
,,,,,225937.2,
,,,,,225937.3,
,,,,,650377991,
,,,,,GCA_000166295,
482,DG893,"DSM 16394, CIP 109780, NCIMB 14009",1,Marinobacter algicola,443152.3,aerobe
,,,,,640963027,
,,,,,GCA_000170835,
133761,ZS2-30,"CGMCC 1.10835, KCTC 23684",1,Marinobacter antarcticus,2667527391,aerobe
,,,,,564117.3,
,,,,,GCA_900142385,
159844,T17,"KCTC 52710, MCCC 1K03282",1,Marinobacter bohaiensis,GCA_003258515,aerobe
480,114-50-11,"DSM 15401, KMM 3840",1,Marinobacter bryozoorum,GCA_023156245,aerobe
159754,NH169-3,"MCCC 1K03455, KCTC 62226",1,Marinobacter fuscus,2855205042,aerobe
,,,,,GCA_003007675,
490,En6,"DSM 19471, KCTC 12515",1,Marinobacter goseongensis,GCA_023156235,aerobe
134296,M3B,"LMG 24048, CECT 7243",1,Marinobacter guineae,2834661177,aerobe
,,,,,432303.3,
,,,,,GCA_002744735,
133354,CP12,"KACC 18381, NBRC 110910",1,Marinobacter halotolerans,1569211.4,aerobe
,,,,,2899480561,
,,,,,GCA_008795985,
486,CK47,"DSM 16561, JCM 12521, MTCC 6519, CGMCC 1.6490, CIP 108870, LMG 23847",1,Marinobacter maritimus,GCA_007671675,aerobe
134085,,"CGMCC 1.7059, JCM 15154, CN 46",1,Marinobacter mobilis,2617270765,aerobe
,,,,,488533.3,
,,,,,GCA_900106945,
473,SP. 17,"DSM 8798, ATCC 49840, CIP 103578",1,Marinobacter nauticus,2540341173,aerobe
,,,,,2743.3,
,,,,,GCA_000284615,
492,,"DSM 22359, CECT 7499, SET Set74, SET 74",1,Marinobacter oulmenensis,2861259193,aerobe
,,,,,643747.3,
,,,,,GCA_014201735,
134311,HS225,"CGMCC 1.6775, JCM 14804",1,Marinobacter pelagius,2619618995,aerobe
,,,,,379482.7,
,,,,,GCA_900114925,
156635,"Abdou 3, Abdou3","CCUG 63769, DSM 26804",0,Marinobacter piscensis,2899456404,aerobe
,,,,,GCA_007671655,
134346,20041,"CGMCC 1.6499, JCM 14643, BCRC 80070",1,Marinobacter psychrophilus,2636415955,aerobe
,,,,,GCA_001043175,
134282,ISL-40,"KCTC 129725, CCUG 54357, KCTC 12972, CIP 109719",1,Marinobacter salicampi,GCA_011074795,aerobe
133343,Hb8,"KCTC 52255, JCM 31416",1,Marinobacter salinus,2718217953,aerobe
,,,,,GCA_001854125,
479,R 65,"DSM 15400, KMM 3657",1,Marinobacter sediminum,256323.4,aerobe
133669,UST090418-1611,"JCM 17469, NRRL B-59512",1,Marinobacter xestospongiae,GCA_023156385,aerobe
494,,"DSM 21077, CCTCC AB 208029, KCTC 22280, JSM 078120",1,Marinobacter zhanjiangensis,578215.3,aerobe
,,,,,GCA_014651935,
134086,,"CGMCC 1.7061, JCM 15156, CN 74",1,Marinobacter zhejiangensis,2617270916,aerobe
,,,,,488535.3,
,,,,,GCA_900114775,
158614,ST58-10,"KCTC 52193, NBRC 112103",1,Marinobacterium aestuarii,2687453330,aerobe
,,,,,GCA_001651805,
460,"mano11, 30.101","DSM 17586, KCTC 12240",1,Marinobacterium halophilum,267374.3,aerobe
,,,,,2728369480,
,,,,,GCA_003014615,
461,,"DSM 23545, KCTC 12756, LMG 23872, CCUG 54309, IMCC 1877",1,Marinobacterium litorale,1122201.3,aerobe
,,,,,2522572179,
,,,,,GCA_000428985,
133470,,"CGMCC 1.7286, JCM 15523, CN 44",1,Marinobacterium nitratireducens,518897.3,aerobe
,,,,,GCA_014645375,
462,CL-YJ9,"DSM 18822, KCCM 42386",1,Marinobacterium rhizophilum,1122202.3,aerobe
,,,,,2518645605,
,,,,,GCA_000378045,
133471,,"CGMCC 1.7287, JCM 15524, CN 47",1,Marinobacterium sediminicola,2617270783,aerobe
1370,,"DSM 16375, CIP 108945, KCTC 19045, YIM 70157, NBRC 106070",1,Marinococcus halotolerans,1122203.4,aerobe
,,,,,2524614596,
,,,,,GCA_000420725,
1371,,"DSM 23126, KCTC 13214, YIM 91094, CCTCC AA 208014",1,Marinococcus luteus,1122204.3,aerobe
,,,,,2684622904,
,,,,,GCA_900106595,
167268,QM202,"KCTC 52475, MCCC 1H00145, QM 202",1,Marinomonas agarivorans,GCA_002173415,aerobe
,,,,,NHNK00000000,
134354,328,"CGMCC 1.6498, JCM 14976",1,Marinomonas arctica,2837145084,aerobe
,,,,,383750.7,
,,,,,GCA_003259225,
,,,,,GCA_014645175,
133529,,"NRIC 0752, JCM 15737, KMM 3893",1,Marinomonas arenicola,2530201.3,aerobe
,,,,,2884663762,
,,,,,GCA_004352855,
133502,IVIA-Po-101,"CECT 7378, NCIMB 14432",1,Marinomonas balearica,2772190798,aerobe
,,,,,491947.3,
,,,,,GCA_004362145,
166251,ANRC-JHZ47,"MCCC 1K03604, KCTC 72113",1,Marinomonas flavescens,GCA_004352835,aerobe
133771,HDW-15,"KCTC 23661, CCUG 61321",1,Marinomonas hwangdonensis,2834262506,aerobe
,,,,,GCA_003721245,
11272,CK13,"DSM 16579, JCM 12522, MTCC 6645, CGMCC 1.6484, CIP 109165",1,Marinomonas polaris,1122206.4,aerobe
,,,,,2582581270,
,,,,,GCA_900129155,
133501,IVIA-Po-185,"CECT 7375, NCIMB 14435",1,Marinomonas pollencensis,2770939627,aerobe
,,,,,491954.3,
,,,,,GCA_003387375,
11274,46-16,"DSM 17793, KMM 3492, LMG 22531, UCM 11075",1,Marinomonas pontica,GCA_026191375,aerobe
140861,SMJ19,"CECT 8886, KCTC 42958",1,Marinomonas spartinae,1792290.7,aerobe
,,,,,2751185771,
,,,,,GCA_900089775,
133447,MRN461,"KCCM 42325, JCM 14064",1,Marinoscillum pacificum,GCA_024714495,aerobe
11277,v1c_Sn-red,"DSM 18438, LMG 24610, VKM 2416, VKM B-2416",1,Marinospirillum celere,1122252.3,aerobe
,,,,,2600254929,
,,,,,GCA_900112235,
11279,K,"DSM 21763, LMG 21802, NBRC 100033",1,Marinospirillum insulare,1122211.3,aerobe
,,,,,2563366729,
,,,,,GCA_000686905,
168658,F3212,"KCTC 52892, MCCC 1H00198",1,Marinospirillum perlucidum,GCA_003336805,aerobe
,,,,,QFWJ01000000,
133387,,"KCTC 52409, MCCC 1K03210, CDA 4",1,Maribacter aurantiacus,1882343.4,aerobe
,,,,,2886535277,
,,,,,GCA_005780245,
7507,ZS314,"DSM 22350, CCTCC AB 209077, JCM 19552, NBRC 109630",1,Marisediminicola antarctica,GCA_009930795,aerobe
133451,E6,"CGMCC 1.7002, JCM 15144",1,Maritalea mobilis,2617270922,aerobe
,,,,,483324.5,
,,,,,GCA_004363175,
6196,CL-SK30,DSM 19524,1,Maritalea myrionectae,1122213.3,aerobe
,,,,,2524614608,
,,,,,GCA_000423365,
130632,,"DSM 100037, KCCM 42376, NBRC 102057, HTCC 2654, CIP 109640",1,Maritimibacter alkaliphilus,2693429867,aerobe
13851,CL-SK44,"DSM 21340, JCM 15447, KCCM 90070",1,Marivita cryptomonadis,2791354908,aerobe
,,,,,GCA_002115725,
130640,DPG-138,"DSM 29432, CCUG 62112, KCTC 23882",1,Marivita geojedonensis,1123756.6,aerobe
,,,,,2728369485,
,,,,,GCA_002115805,
,,,,,GCA_003002975,
130639,DPG-28,"DSM 29431, CCUG 60522, KCTC 23421",1,Marivita hallyeonensis,2695421018,aerobe
,,,,,996342.4,
,,,,,GCA_900129875,
140928,AM-4,"KCTC 42776, CECT 8947",1,Marivivens donghaensis,GCA_023541015,aerobe
134220,,"NRIC 0684, JCM 14121, KMM 3046, CIP 109555",1,Marixanthomonas ophiurae,2887695450,aerobe
,,,,,387659.5,
,,,,,GCA_003413745,
11086,SST-45,"DSM 21547, CIP 109645, JCM 13812, NRRL B-24464",1,Nocardioides aequoreus,GCA_000720335,aerobe
11087,MSL-05,"DSM 19426, KCTC 19287, NBRC 105376, MSL 05, JCM 15624",1,Nocardioides marmoribigeumensis,2923456805,aerobe
158677,8BXZ-J1,"KCTC 39789, CGMCC 1.16067",1,Marmoricola endophyticus,2040280.3,aerobe
,,,,,GCA_014644415,
132514,,"DSM 22772, KACC 14267, Gsoil 097, JCM 32748",1,Nocardioides marmoriginsengisoli,GCA_003725695,aerobe
166481,4Q3S-7,"KCTC 39790, CGMCC 4.7424",1,Nocardioides mangrovicus,2839776089,aerobe
,,,,,GCA_003674065,
132515,,"DSM 22773, KACC 14275, Gsoil 818, JCM 32749",1,Nocardioides pocheonensis,GCA_003725535,aerobe
166469,ZX-21,"MCCC 1K03431, KCTC 62160",1,Zhongshania marina,2882413536,aerobe
,,,,,GCA_002915595,
531,MACL11,"DSM 17316, CECT 5861, LMG 22193, CIP 108716",1,Martelella mediterranea,1122214.1,aerobe
,,,,,1122214.3,
,,,,,1122214.8,
,,,,,1122214.9,
,,,,,2515154079,
,,,,,GCA_000376125,
,,,,,GCA_002043005,
140977,J9,"KEMB 9005-359, JCM 31605",1,Massilia agilis,GCA_024756255,aerobe
140986,K-3-1,"KEMB 9005-446, KACC 19000, JCM 31661",1,Massilia agri,GCA_024753255,aerobe
11325,45,"CCUG 52214, DSM 17472, CCTCC AB 204071, KCTC 12343, CIP 109189",1,Massilia albidiflava,2843757166,aerobe
,,,,,321983.3,
,,,,,321983.5,
,,,,,GCA_004322755,
,,,,,GCA_014651415,
11324,,"DSM 17462, CCTCC AA 204003, KCTC 12194, YIM 31775, CCUG 50882, CIP 108793",1,Massilia alkalitolerans,1111733.3,aerobe
,,,,,2513237112,
,,,,,GCA_000427785,
169990,P3165,"CCM 8693, LMG 31211",1,Massilia aquatica,2609000.3,aerobe
,,,,,GCA_011682045,
,,,,,VVIW00000000,
159643,ZMN-3,"DSM 104676, CGMCC 1.16209",1,Massilia armeniaca,2788500515,aerobe
,,,,,GCA_003028855,
166521,SOD,"KCTC 62720, LMG 30840",1,Massilia atriviolacea,2882150419,aerobe
,,,,,GCA_003953935,
11329,AP13,"CCUG 54941, DSM 18055, CCM 7363, CECT 7142, JCM 13879, CGMCC 1.10742, CIP 109392",1,Massilia aurea,GCA_024753205,aerobe
158678,A9,"DSM 103547, CGMCC 1.15931, KCTC 52429",1,Massilia buxea,1949069.3,aerobe
,,,,,1949069.4,
,,,,,2920891533,
,,,,,GCA_009720835,
,,,,,GCA_014644155,
11328,16,"DSM 17513, CCTCC AB 204070, KCTC 12342, CCUG 52213, CIP 109188",1,Massilia dura,321982.3,aerobe
,,,,,321982.4,
,,,,,GCA_009727155,
,,,,,GCA_014651395,
11340,Y9,"DSM 26639, CGMCC 1.10685, KCTC 23585",0,Massilia flava,2596583581,aerobe
,,,,,871742.3,
,,,,,871742.4,
,,,,,GCA_007830495,
,,,,,GCA_009789595,
167398,P5534,"CCM 8695, LMG 31212",1,Massilia frigida,2609281.3,aerobe
,,,,,GCA_011682175,
,,,,,WHJG00000000,
140777,B448-2,"JCM 30271, CGMCC 1.12920, CCM 8861",1,Massilia glaciei,2791355050,aerobe
,,,,,GCA_003011895,
133930,D5,"CGMCC 1.10822, KCTC 23880",1,Massilia lurida,1036180.3,aerobe
,,,,,2596583599,
,,,,,GCA_007830455,
11326,101,"DSM 17473, CCTCC AB 204073, KCTC 12345, CCUG 52216, CIP 109190",1,Massilia lutea,2843750665,aerobe
,,,,,321985.3,
,,,,,GCA_004209755,
167415,P5902,"CCM 8733, LMG 31210",1,Massilia mucilaginosa,2609282.3,aerobe
,,,,,GCA_011682145,
,,,,,WHJH00000000,
11342,333-1-0411,"DSM 25159, CGMCC 1.11014",1,Massilia namucuonensis,1035707.5,aerobe
,,,,,2671180040,
,,,,,GCA_900116645,
11335,5516S-1,"DSM 21313, CIP 110038, KACC 12599",1,Massilia niastensis,1122215.3,aerobe
,,,,,2521172636,
,,,,,GCA_000382345,
156804,,"CCUG 65457, LMG 28164",1,Massilia norwichensis,GCA_024753245,aerobe
140695,12-OD1,"CCTCC AB 2016251, LMG 29956, KCTC 52513",1,Massilia phosphatilytica,2791355049,aerobe
,,,,,GCA_002968015,
140511,T33,"KACC 18748, KEMB 9005-368, JCM 31316",1,Massilia pinisoli,GCA_024753285,aerobe
11327,76,"DSM 17505, CCTCC AB 204072, KCTC 12344, CIP 109191",1,Massilia plicata,2847005498,aerobe
,,,,,321984.3,
,,,,,321984.4,
,,,,,GCA_004421005,
,,,,,GCA_014651435,
133173,B1555-1,"CGMCC 1.15196, JCM 30813",1,Massilia psychrophila,1603353.3,aerobe
,,,,,1603353.4,
,,,,,2791355047,
,,,,,GCA_002760665,
,,,,,GCA_014641415,
141141,6NM-7,"DSM 27523, KCTC 42761",1,Massilia putida,1141883.4,aerobe
,,,,,1141883.5,
,,,,,1141883.6,
,,,,,GCA_001941825,
167414,P3094,"CCM 8692, LMG 31213",1,Massilia rubra,2607910.3,aerobe
,,,,,GCA_011682065,
,,,,,VUYU00000000,
140975,J18,"KEMB 9005-366, JCM 31607",1,Massilia solisilvae,GCA_024753215,aerobe
140976,J11,"KEMB 9005-360, JCM 31606",1,Massilia terrae,GCA_024753145,aerobe
11323,UR/MT95,"DSM 16850, CCUG 45783, CIP 105350",1,Massilia timonae,2531839286,aerobe
,,,,,883126.3,
,,,,,GCA_000315425,
140929,CAVIO,"CECT 8897, LMG 28941",1,Massilia violacea,1715466.3,aerobe
,,,,,2824303488,
,,,,,GCA_014191875,
132911,Y1243-1,"DSM 105394, CGMCC 1.12041, KACC 16569, JCM 18139",1,Massilia yuzhufengensis,1164594.3,aerobe
,,,,,2667527446,
,,,,,GCA_900112225,
4151,SB1,"DSM 16681, JCM 14635",1,Megalodesulfovibrio paquesii,2571042346,aerobe
13652,YBY-7,"DSM 24422, CGMCC 1.10789, LMG 26247, MCCC 1A06317",1,Meinhardsimonia xiamenensis,2593339294,aerobe
,,,,,2663762716,
,,,,,990712.3,
,,,,,990712.6,
,,,,,GCA_003001835,
,,,,,GCA_900102905,
133487,,"CGMCC 1.6990, JCM 15151, LY 1",1,Meiothermus cateniformans,482825.3,aerobe
,,,,,GCA_003574045,
16711,AZM34c11,"DSM 23238, NBRC 106114",1,Meiothermus hypogaeus,1227553.3,aerobe
,,,,,2891683568,
,,,,,884155.3,
,,,,,GCA_003574035,
,,,,,GCA_007990975,
140693,,"KCTC 52599, CCTCC AB 2017100, YIM 72257",1,Meiothermus luteus,2026184.3,aerobe
,,,,,2891664624,
,,,,,GCA_003574085,
158578,KBB12,"KCTC 32230, JCM 18740",1,Melaminivora jejuensis,1267217.3,aerobe
,,,,,GCA_017811175,
130213,Nari2A,"DSM 25894, CCUG 62543",1,Melghiribacillus thermohalophilus,1324956.3,aerobe
,,,,,2784746804,
,,,,,GCA_004342905,
16788,"EX, NariEX","DSM 45474, CCUG 59620",1,Melghirimyces algeriensis,2724679802,aerobe
,,,,,910412.3,
,,,,,GCA_900182565,
23327,,"DSM 45787, CCTCC AA 2012007, NBRC 109068, SCSIO 11153",1,Melghirimyces profundicolus,1242148.3,aerobe
,,,,,2734482286,
,,,,,GCA_003054245,
24645,"11A, Nari11A","DSM 45514, CCUG 60050",1,Melghirimyces thermohalophilus,1236220.3,aerobe
,,,,,2615840705,
,,,,,GCA_900102685,
166428,TG-679,"KCTC 62454, MCCC 1K03496",1,Meridianimarinicoccus roseus,GCA_003172915,aerobe
22925,B48,"DSM 25386, CECT 8001, IBRC-M 10115",1,Mesobacillus persicus,2651870116,aerobe
,,,,,930146.3,
,,,,,GCA_900109925,
131447,BoGlc83,"DSM 19598, JCM 30025",1,Mesobacillus stamsii,2926592867,aerobe
140266,JJ-247,"DSM 103964, CCM 8726, LMG 29876",1,Mesobacillus zeae,1917180.7,aerobe
,,,,,2913584337,
,,,,,GCA_003570705,
,,,,,GCA_013618945,
5616,M-2Alg 33-2,"DSM 15361, CCUG 47092, KCTC 12089, KMM 3909, CIP 108200",1,Mesonia algae,213248.1,aerobe
,,,,,2593339303,
,,,,,GCA_003253545,
5618,MDSW-25,"DSM 21425, KCTC 22373",1,Mesonia phycicola,2622736520,aerobe
,,,,,579105.3,
,,,,,GCA_900141885,
11894,,"DSM 21822, CCBAU 61158, LMG 23507, USDA 4964",1,Mesorhizobium albiziae,2616644812,aerobe
,,,,,335020.4,
,,,,,GCA_900114255,
133553,CCNWXJ12-2,"ACCC 15461, HAMBI 3019",1,Mesorhizobium alhagi,1107882.3,aerobe
,,,,,2513237351,
,,,,,GCA_000236565,
134371,,"LMG 24397, HAMBI 29990, CCBAU 11299",1,Mesorhizobium caraganae,483206.4,aerobe
,,,,,GCA_016836705,
159849,6GN-30,"ACCC 60073, KCTC 62410",1,Mesorhizobium ephedrae,GCA_003012745,aerobe
133271,,"MAFF 303099, LMG 29417, CECT 9101, JCM 21590, IAM 15132",1,Mesorhizobium japonicum,266835.36,aerobe
,,,,,266835.37,
,,,,,266835.9,
,,,,,637000159,
,,,,,GCA_000009625,
130530,,"DSM 100038, CGMCC 1.11022, HAMBI 3264, CCBAU 83963",1,Mesorhizobium muleiense,1004279.8,aerobe
,,,,,2675903064,
,,,,,GCA_900099905,
140989,B7,"KCTC 42783, MCCC 1K02305",1,Aquibium oceanicum,1670800.3,aerobe
,,,,,2728369379,
,,,,,GCA_001889605,
130532,,"DSM 29667, CCBAU 33460, CGMCC 1.12097, HAMBI 3277, LMG 26793",1,Mesorhizobium qingshengii,1165689.4,aerobe
,,,,,2596583656,
,,,,,GCA_900103325,
166334,YM1C-6-2,"CGMCC 1.15487, DSM 101712",1,Mesorhizobium rhizophilum,GCA_003666685,aerobe
130527,,"DSM 100022, ACCC 14543, HAMBI 3082, CCNWYC 115",1,Mesorhizobium robiniae,2928416989,aerobe
130533,SCAU7,"DSM 100039, ACCC 13218, HAMBI 3318",1,Mesorhizobium sangaii,2861136876,aerobe
,,,,,505389.5,
,,,,,GCA_014207355,
133222,,"YIM M12096, CCTCC AB 2014219, KCTC 42205, JCM 30310",1,Mesorhizobium sediminum,1849104.3,aerobe
,,,,,GCA_013240295,
130529,,"DSM 29845, CCBAU 01550, HAMBI 3029, LMG 24822",1,Mesorhizobium silamurunense,499528.4,aerobe
,,,,,GCA_014843825,
133665,SDW018,CCBAU 11018 HAMBI 2583,1,Mesorhizobium temperatum,2878723704,aerobe
,,,,,GCA_002284575,
164554,NIBRBAC000500504,"JCM 33432, KCTC 72278",1,Mesorhizobium terrae,1295366.5,aerobe
,,,,,2888331157,
,,,,,GCA_008727715,
23710,E33,"DSM 25387, IBRC-M 10095",1,Metabacillus halosaccharovorans,2916843162,aerobe
,,,,,930124.3,
,,,,,GCA_002019635,
1233,Sd/3,"DSM 15820, CIP 108689, LMG 22858, MTCC 4374, JCM 12168, KCTC 3968",1,Metabacillus indicus,1458122.18,aerobe
,,,,,2619619114,
,,,,,GCA_000708755,
1223,JG-30,"DSM 16189, KCTC 3880, BCRC 80033, CIP 108730",0,Metabacillus indicus,2619619115,aerobe
,,,,,265729.29,
,,,,,GCA_000709935,
140408,S36,"DSM 104297, CGMCC 1.16030, KCTC 33864",1,Metabacillus iocasae,2291674.3,aerobe
,,,,,2901267961,
,,,,,GCA_016909075,
1228,SW-211,"DSM 16303, KCTC 3898, CIP 108971",1,Metabacillus litoralis,GCA_007994985,aerobe
134145,SV96,"ATCC BAA-1195, DSM 17260",1,Methylobacter tundripaludum,648276688,aerobe
,,,,,697282.3,
,,,,,GCA_000190755,
7180,AR27,"DSM 17169, CCM 7305, CECT 7069",1,Methylobacterium adhaesivum,GCA_022179065,aerobe
7182,5413S-11,"DSM 19013, KACC 11766, JCM 16406",1,Methylobacterium aerolatum,2928195108,aerobe
,,,,,GCA_022179085,
7176,GR16,"DSM 16371, CCM 7218, CECT 5998, CIP 108333",1,Methylobacterium aquaticum,2634166393,aerobe
,,,,,270351.6,
,,,,,GCA_001043915,
7186,B0021,"DSM 19569, NBRC 103629, NCIMB 14379",1,Methylobacterium brachiatum,2928975616,aerobe
,,,,,GCA_020523825,
24174,99b,"DSM 24105, NBRC 107710",1,Methylobacterium brachythecii,1176177.3,aerobe
,,,,,2829871319,
,,,,,GCA_014196345,
7195,F3.2,"DSM 21893, LMG 24788, CCUG 62366",1,Methylobacterium bullatum,570505.5,aerobe
,,,,,GCA_014845095,
,,,,,GCA_022179105,
7197,"C15, C20oh1-15","DSM 23679, CCM 7788, CCUG 60040",1,Methylobacterium cerastii,GCA_022179125,aerobe
159850,PR1016A,"KACC 19662, JCM 32670",1,Methylobacterium currus,2841517901,aerobe
,,,,,GCA_003058325,
7198,SW08-7,"DSM 22415, KCTC 22512",1,Methylobacterium dankookense,GCA_022179165,aerobe
,,,,,GCA_902141855,
166104,17SD2-17,"KCTC 52908, NBRC 112876",1,Methylobacterium durans,GCA_003173715,aerobe
7166,O-31,"DSM 5686, ATCC 43884, NCIMB 12417, CCUG 36914, CIP 103775, IFO 15843, JCM 10890, BCRC 17093, NBRC 15843",1,Methylobacterium fujisawaense,107400.3,aerobe
,,,,,2829760844,
,,,,,GCA_014138435,
7200,23e,"DSM 24027, NBRC 107716",1,Methylobacterium gnaphalii,1010610.3,aerobe
,,,,,GCA_007992215,
,,,,,GCA_022179205,
133689,Gh-105,"CCM 7572, NRRL B-51692",1,Methylobacterium gossipiicola,2651870128,aerobe
,,,,,GCA_900113485,
7188,002-074,"DSM 19564, NBRC 103626, NCIMB 14376",1,Methylobacterium gregans,2928278735,aerobe
,,,,,GCA_022179245,
24175,87e,"DSM 24195, NBRC 107714",1,Methylobacterium haplocladii,1176176.3,aerobe
,,,,,2900261899,
,,,,,GCA_007992175,
,,,,,GCA_022179265,
7175,GP34,"DSM 16372, CCM 7219, CECT 5997, CIP 108332",1,Methylobacterium hispanicum,GCA_022179285,aerobe
7183,5317S-33,"DSM 19015, KACC 11765, JCM 16407",1,Methylobacterium iners,GCA_022179305,aerobe
7179,AR24,"DSM 17168, CCM 7304, CECT 7068",1,Methylobacterium isbiliense,GCA_022179325,aerobe
134213,S2R03-9,"KCTC 12671, LMG 23639",1,Methylobacterium jeotgali,GCA_022179345,aerobe
7190,002-079,"DSM 19563, NBRC 103627, NCIMB 14377",1,Methylobacterium komagatae,2574179709,aerobe
7193,JT1,"DSM 21328, CCUG 56108",1,Methylobacterium marchantiae,GCA_022179405,aerobe
7181,CBMB20,"DSM 18207, KACC 11585, LMG 23582, JCM 16405",1,Methylobacterium oryzae,2627854079,aerobe
,,,,,693986.4,
,,,,,GCA_000757795,
166276,TER-1,"BCRC 81157, LMG 30931, KCTC 62864",1,Methylobacterium oryzihabitans,GCA_004004555,aerobe
23092,35a,"DSM 24028, NBRC 107715",1,Methylobacterium oxalidis,944322.3,aerobe
,,,,,GCA_007992195,
,,,,,GCA_022179505,
7191,002-165,"DSM 19562, NBRC 103628, NCIMB 14378",1,Methylobacterium persicinum,2928273650,aerobe
,,,,,GCA_022179525,
7192,"CBMB27, EF 126746","DSM 19779, KACC 11716, LMG 24361, JCM 16408",1,Methylobacterium phyllosphaerae,1295137.3,aerobe
,,,,,2651870129,
,,,,,2721755615,
,,,,,2728369718,
,,,,,GCA_001312285,
,,,,,GCA_001936175,
,,,,,GCA_900113465,
166308,,"CGMCC 1.17323, NBRC 114056, YIM 132548",1,Methylobacterium planeticum,2615211.3,aerobe
,,,,,2902355876,
,,,,,GCA_008806345,
134290,PMB02,"KCTC 12901, JCM 14648",1,Methylobacterium platani,1295136.3,aerobe
,,,,,1295136.4,
,,,,,2651869728,
,,,,,2728369717,
,,,,,2855953901,
,,,,,GCA_001043885,
,,,,,GCA_001312265,
,,,,,GCA_001653715,
7152,0-1,"DSM 1819, ATCC 27329, CIP 101128, IAM 12098, CCUG 55904, NCIMB 10815, LMG 2269, IFO 15690, JCM 2831, NBRC 15690, VKM B-2144",1,Methylobacterium radiotolerans,31998.58,aerobe
,,,,,426355.14,
,,,,,426355.4,
,,,,,426355.41,
,,,,,426355.42,
,,,,,426355.43,
,,,,,426355.44,
,,,,,426355.45,
,,,,,426355.46,
,,,,,426355.47,
164450,17J42-1,"JCM 33059, KCTC 62267",1,Methylobacterium segetis,2488750.6,aerobe
,,,,,GCA_004348265,
7187,,"DSM 19566, NBRC 103632, NCIMB 14380, RB 677",1,Methylobacterium tardum,GCA_022179585,aerobe
,,,,,GCA_023546765,
24173,N4211,"DSM 25844, KCTC 23615",1,Methylobacterium tarhaniae,1187852.3,aerobe
,,,,,2636415909,
,,,,,GCA_001043955,
7178,GR3,"DSM 16961, CCM 7281, CECT 7045",1,Methylobacterium variabile,2636415936,aerobe
,,,,,298794.3,
,,,,,GCA_001043975,
140090,PK2,"DSM 29599, JCM 30229, VKM B-2849, CCUG 65431",1,Methylobrevis pamukkalensis,2786546839,aerobe
,,,,,GCA_001720135,
1656,B2,"DSM 13967, NCIMB 13765",1,Methylocapsa acidiphila,2510065046,aerobe
,,,,,395964.6,
,,,,,GCA_000427445,
7216,H2,"DSM 16984, VKM B-2426",1,Methylocystis heyeri,GCA_004802635,aerobe
7218,,"DSM 18500, ATCC BAA-1344, CSC 1",1,Methylocystis hirsuta,369798.5,aerobe
7205,10Ki,"DSM 16011, ATCC BAA-967",1,Methylohalobius crimeensis,1283300.3,aerobe
,,,,,2524614657,
,,,,,GCA_000421465,
164650,,"JCM 33786, KCTC 72733, MCC 4198, FWC 3",0,Methylolobus aquaticus,GCA_004168015,aerobe
132266,RS11D-Pr,"DSM 29768, JCM 18894, KCTC 4681, NBRC 109438",1,Methylomagnum ishizawai,1760988.4,aerobe
,,,,,GCA_019670005,
24177,IT-4,"DSM 18976, JCM 13665",1,Methylomarinum vadi,2574179779,aerobe
,,,,,GCA_000733935,
134269,MP,"VKM B-24415, JCM 14647, KCTC 12909, VKM B-2441",1,Methylophaga aminisulfidivorans,1026882.3,aerobe
,,,,,651324072,
,,,,,GCA_000214595,
11908,MPL,"DSM 24656, MCC 1002, VKM B-2684",1,Methylophaga lonarensis,1286106.3,aerobe
,,,,,2527291626,
,,,,,GCA_000349205,
7239,,"DSM 5691, ATCC 53528, CCUG 58724, DSM 46235, NCIMB 10515, LMG 6787, BCRC 15784, KCTC 1759, AS 1",1,Methylophilus methylotrophus,1122236.3,aerobe
,,,,,2518645588,
,,,,,GCA_000378225,
133517,CBMB127,"KACC 13099, NCCB 100233",1,Methylophilus rhizosphaerae,2654588194,aerobe
,,,,,GCA_900100975,
7174,FM4,"DSM 15083, ATCC BAA-547",1,Methylorubrum podarium,GCA_022179745,aerobe
133659,BJ001,"ATCC BAA-705, NCIM B13946",1,Methylorubrum populi,642555139,aerobe
,,,,,GCA_000019945,
7168,,"DSM 5687, ATCC 43882, NCIMB 12249, CCUG 36915, CIP 103771, JCM 10891, IFO 15844, NBRC 15844, VKM B-2142",1,Methylorubrum rhodesianum,2829766573,aerobe
,,,,,29427.3,
,,,,,GCA_014199985,
134237,MR,"CGMCC 1.6474, NCCB 100140",1,Methylorubrum salsuginis,2617270908,aerobe
,,,,,414703.4,
,,,,,GCA_900114375,
7173,F20,"DSM 14458, NCIMB 13778, VKM B-2238, CCUG 55907",1,Methylorubrum suomiense,GCA_022179765,aerobe
7210,AML-C10,"DSM 13736, ATCC 700909",1,Methylosarcina fibrata,1132443.3,aerobe
,,,,,2517487019,
,,,,,GCA_000372865,
134110,LW14,"ATCC BAA-1047, JCM 13284",1,Methylomicrobium lacus,GCA_000527095,aerobe
158679,73a,"LMG 29185, VKM B-2986",1,Methyloterricola oryzae,2582581277,aerobe
,,,,,GCA_000934725,
7206,20Z,"DSM 19304, NCIMB 14124, VKM B-2133",1,Methylotuvimicrobium alcaliphilum,GCA_000968535,aerobe
156428,3t,"CCUG 61694, VKM B-2692, DSM 25216",1,Methyloversatilis thermotolerans,GCA_000372885,aerobe
13935,FAM5,"DSM 25237, CCUG 52030, JCM 13912",1,Methyloversatilis universalis,1000565.3,aerobe
,,,,,651324073,
,,,,,GCA_000214035,
7213,HT12,"DSM 23269, ATCC BAA-2070, NBRC 106162",1,Methylovulum miyakonense,1078846.3,aerobe
,,,,,2516653058,
,,,,,GCA_000384075,
140162,,"DSM 100602, LMG 29227, VKM B-3018, Sph 1",1,Methylovulum psychrotolerans,1704499.7,aerobe
7449,CC-SBCK 209,"DSM 21798, CCM 7686, CIP 110690, CCUG 58051, JCM 18705",1,Microbacterium agarici,2627853600,aerobe
,,,,,630514.3,
,,,,,GCA_002563955,
158383,,"DSM 104474, CGMCC 1.15794, KCTC 39990, SYSU D8007",1,Microbacterium album,2053191.3,aerobe
,,,,,GCA_014643695,
7464,N5,"DSM 24221, CCM 7881, CIP 110689, JCM 30491",1,Microbacterium amylolyticum,2918397618,aerobe
,,,,,936337.3,
,,,,,936337.4,
,,,,,GCA_011046975,
,,,,,GCA_017876695,
7439,JS54-2,"DSM 19713, CIP 110688, KCTC 19124, JCM 15625",1,Microbacterium aquimaris,459816.3,aerobe
,,,,,GCA_015278225,
7395,H-5,"DSM 8600, ATCC 51345, IFO 15204, NBRC 15204, NRRL B-24210, CCUG 43279, CCM 4522, CIP 103994, JCM 9179, IAM 15207, KACC 15219, VKM Ac-1950, VKM Ac-2076",1,Microbacterium aurum,2773857884,aerobe
,,,,,2893677331,
,,,,,36805.16,
,,,,,36805.5,
,,,,,GCA_001974985,
,,,,,GCA_016907815,
7452,AI-S262,"DSM 23848, JCM 15681, KCTC 19668, LMG 24772",1,Microbacterium azadirachtae,2773857981,aerobe
,,,,,582680.7,
,,,,,GCA_000956545,
7363,7,"DSM 20145, ATCC 15954, CCM 1928, NCIB 9658, NRRL B-24231, CCUG 33090, LMG 16341, CIP 102692, IAM 12585, IFO 15036, JCM 1343, BCRC 11642, CGMCC 1.1902, HAMBI 1894, IMET 10688, IMSNU 10306, KCTC 3197, NBRC 15036, NCFB 2287, NCIMB 9658, VKM Ac-1020, VTT E-072706, NCDO 2287",1,Microbacterium barkeri,2919382452,aerobe
164317,NEAU-LLE,"JCM 32662, CCTCC AA 2018025",1,Microbacterium bovistercoris,GCA_003387575,aerobe
7396,M-73,"CCUG 38517, DSM 8607, ATCC 51344, IFO 14592, NBRC 14592, JCM 9180, CCM 4523, CIP 103993, IAM 15202, NCIMB 13387, NRRL B-23242, VKM Ac-1940, VKM Ac-2077",1,Microbacterium dextranolyticum,2893534022,aerobe
,,,,,36806.4,
,,,,,GCA_016907295,
132660,,"DSM 27232, CGMCC 1.15152, KCTC 39554, YIM 101168",1,Microbacterium faecale,1804630.3,aerobe
,,,,,GCA_014640975,
7429,,"DSM 18659, KCTC 19189, Gsoil 259, JCM 15304",1,Microbacterium ginsengisoli,2671180799,aerobe
,,,,,400772.4,
,,,,,GCA_000956535,
7455,,"DSM 24823, JCM 15516, KCTC 19526, DCY 37, NBRC 110802",1,Microbacterium ginsengiterrae,2870791180,aerobe
,,,,,546115.4,
,,,,,546115.5,
,,,,,GCA_014205075,
,,,,,GCA_015278215,
7423,,"DSM 15855, CIP 108071, KCTC 19017, YIM 70130, JCM 13013, NRRL B-24569",1,Microbacterium halotolerans,246613.3,aerobe
,,,,,2861987423,
,,,,,GCA_003569805,
7432,FCC-01,"DSM 19179, JCM 14558",1,Microbacterium hatanonis,404366.3,aerobe
,,,,,GCA_008017415,
7406,,"DSM 12509, IFO 15708, NBRC 15708, NRRL B-24220, CCUG 52344 A, CIP 105731, JCM 12413, LCDC 84-209, CCUG 52344, IAM 15210, LMG 22182, VKM Ac-2081",1,Microbacterium hominis,1348634.3,aerobe
,,,,,2731957680,
,,,,,GCA_001553805,
,,,,,GCA_001592125,
7450,"CC-012309, CC-12309","CCUG 58052, DSM 21799, CCM 7687, JCM 18706",1,Microbacterium humi,2630968996,aerobe
,,,,,640635.3,
,,,,,GCA_900105715,
7419,BNP48,"DSM 16089, NCIMB 14002, JCM 14340, CIP 108713, IAM 15235, NBRC 103074",1,Microbacterium hydrocarbonoxydans,1223527.3,aerobe
,,,,,2634166363,
,,,,,2731957586,
,,,,,273678.5,
,,,,,GCA_001552455,
,,,,,GCA_900105205,
7447,DS-66,"DSM 23024, CCUG 54523, KCTC 19247, JCM 19115",1,Microbacterium insulae,2893599951,aerobe
,,,,,483014.3,
7446,DC-200,"DSM 19600, CIP 110032, LMG 24557, JCM 17023",1,Microbacterium invictum,2831315640,aerobe
,,,,,515415.3,
,,,,,515415.4,
,,,,,GCA_015278285,
,,,,,GCA_023155715,
7375,1,"DSM 20140, ATCC 15953, CCM 1929, NCIB 9659, NRRL B-24229, CCUG 53894, CIP 100934, JCM 9181, CECT 445, IAM 15186, IFO 14471, KCTC 9644, KCTC 9732, NBRC 14471, NCFB 2270, NCIMB 9659, VKM Ac-1138, VKM B-1215, IMET 10713, NCDO 2270",1,Microbacterium laevaniformans,2893586405,aerobe
,,,,,36807.11,
,,,,,GCA_016907555,
23104,ViU22,"DSM 25044, ATCC BAA-2396, CCUG 62198, CIP 110791, NBRC 110788",1,Microbacterium lemovicicum,2847289766,aerobe
,,,,,GCA_003991875,
7453,MNA2,"DSM 22422, CCM 7585, JCM 30493",1,Microbacterium lindanitolerans,2811994985,aerobe
,,,,,550448.3,
,,,,,GCA_006788875,
7380,Mbm 15,"DSM 20638, ATCC 43647, NCIB 11509, NRRL B-24237, CCUG 33091, JCM 3879, BCRC 14859, CGMCC 1.1934, CIP 102402, HAMBI 1895, IAM 15185, IFO 15037, IMSNU 21275, KCTC 9227, LMG 16342, NBRC 15037, NCIMB 11509, VKM Ac-1018",1,Microbacterium liquefaciens,33918.3,aerobe
,,,,,33918.5,
,,,,,GCA_006539765,
,,,,,GCA_014648755,
7433,SC-087B,"DSM 19459, CCUG 54537, JCM 15576",1,Microbacterium luticocti,1122239.3,aerobe
,,,,,2585427556,
,,,,,GCA_000422405,
7436,YM11-607,"DSM 18904, CIP 109810, JCM 16546, MBIC 07778, NBRC 104188",1,Microbacterium marinilacus,GCA_019753765,aerobe
7465,01-Gi-001,"DSM 22178, CCM 7640, JCM 30494",1,Microbacterium murale,1081040.3,aerobe
,,,,,GCA_014635185,
131477,OAcT-400,"DSM 26811, CGMCC 4.7181, KCTC 29185",1,Microbacterium nanhaiense,1301026.3,aerobe
,,,,,GCA_014646015,
7420,,"DSM 16091, NCIMB 14003, BAS 69, JCM 14341, CIP 108712, IAM 15236, NBRC 103075",1,Microbacterium oleivorans,1223528.5,aerobe
,,,,,2731957587,
,,,,,GCA_001552475,
23103,MB10,"DSM 23396, CIP 110793, JCM 16837",1,Microbacterium oryzae,2916297235,aerobe
7369,X98,"DSM 20578, CIP 6612, NCIB 9944, NRRL B-24236, CCUG 58056, JCM 12414, CIP 66.12, KCTC 3256, BCRC 12117, CGMCC 1.8870, IAM 15197, IFO 15586, NBRC 15586, NCIMB 9944, VKM Ac-2116, IFO (now NBRC) 15586, NCIB (now NCIMB) 9944",1,Microbacterium oxydans,82380.42,aerobe
,,,,,82380.43,
,,,,,GCA_006540085,
,,,,,GCA_008868025,
7414,CF36,"DSM 15019, CCUG 46601, CIP 108082, NRRL B-24275, JCM 12372, IAM 15196, IFM 10517, LMG 23172, NBRC 103076, VTT E-072721",1,Microbacterium paraoxydans,1223529.4,aerobe
,,,,,199592.7,
,,,,,2634166897,
,,,,,2731957588,
,,,,,GCA_001552495,
,,,,,GCA_025002625,
,,,,,GCA_900105335,
7444,Shh49,"DSM 22239, CGMCC 1.6777, CIP 109927, JCM 14840",1,Microbacterium profundi,2617271234,aerobe
,,,,,450380.4,
,,,,,GCA_000763375,
7451,"CC-005209, CC-5209","DSM 22185, CCM 7688, CCUG 58053, JCM 18707",1,Microbacterium pseudoresistens,2844835074,aerobe
,,,,,640634.3,
,,,,,GCA_013409745,
7454,,"DSM 25564, CCTCC M208212, NRRL B-24799, GIMN 1.002",1,Microbacterium radiodurans,661398.3,aerobe
,,,,,GCA_008710705,
132246,,"DSM 103406, JCM 30598, KCTC 39529, DCY 100",1,Microbacterium rhizomatis,1631477.3,aerobe
,,,,,2922489777,
,,,,,GCA_008710745,
24188,K-1,"DSM 28107, NBRC 108778, NCIMB 14782",1,Microbacterium saccharophilum,1213358.6,aerobe
,,,,,2903861677,
,,,,,2903864575,
,,,,,GCA_007992455,
,,,,,GCA_008017435,
,,,,,GCA_023155775,
7365,"48-1-4, 3126","DSM 20169, ATCC 19272, CCEB 366, CCUG 33092, JCM 1352, BCRC 12119, CCM 4972, CGMCC 1.1906, CIP 104420, HAMBI 1890, IAM 12547, IFO 15038, IMET 11076, KCTC 3469, LMG 16343, NBRC 15038, NCDO 2265, NCIMB 702265, NRRL B-14833, VKM Ac-1022, VKM Ac-1414, CNF 058",1,Microbacterium saperdae,2816332114,aerobe
,,,,,69368.3,
,,,,,69368.4,
,,,,,GCA_006716345,
,,,,,GCA_014646775,
7467,YLB-01,"DSM 23767, CCTCC AB 2010363, JCM 19554, MCCC 1A06153",1,Microbacterium sediminis,2765235862,aerobe
,,,,,2847293147,
,,,,,2877021139,
,,,,,904291.4,
,,,,,GCA_001689915,
,,,,,GCA_002741995,
,,,,,GCA_004564075,
166435,,"CGMCC 1.16261, KCTC 49101, YZYP 306",1,Microbacterium suaedae,GCA_003254645,aerobe
7424,XIL02,"DSM 16931, CECT 5976, LMG 20991, JCM 14282, CIP 108339, IAM 15295, NCAIM B.02300, NCIMB 14309",1,Microbacterium ulmi,179095.3,aerobe
,,,,,179095.4,
,,,,,2824374264,
,,,,,GCA_011759705,
,,,,,GCA_013004565,
158468,,"DSM 103157, KCTC 39802, CFH S00084",1,Microbacterium ureisolvens,2183895.3,aerobe
,,,,,2866300312,
,,,,,GCA_003121305,
7426,S3-E,"DSM 16914, KCTC 19079, JCM 13591, CIP 108944, IAM 15299, LMG 23366, NCIMB 14334",1,Microbacterium xylanilyticum,1302725.3,aerobe
,,,,,2734481942,
,,,,,GCA_001313345,
166360,Gxj-6,"CGMCC 4.7605, DSM 109712",1,Microbispora cellulosiformans,2894484731,aerobe
,,,,,GCA_008728085,
160812,NEAU-HEGS1-5,"DSM 104648, CCTCC AA 2019030",1,Microbispora fusca,2891516887,aerobe
,,,,,GCA_005864065,
,,,,,VANP00000000,
16530,211020,"DSM 45428, CGMCC 4.5595, JCM 19666",1,Microbispora hainanensis,568844.3,aerobe
,,,,,GCA_006874475,
23320,,"DSM 45498, BCC 14407, NBRC 104113, JCM 17237",1,Microbispora siamensis,564413.3,aerobe
,,,,,GCA_016863095,
159804,NEAU-HRDPA2-9,"CGMCC 4.7399, DSM 104649, JCM 33405",1,Microbispora triticiradicis,2856741275,aerobe
,,,,,GCA_003260025,
134278,ISL-39,"KCTC 12973, CCUG 54356",1,Microbulbifer celer,435905.3,aerobe
,,,,,GCA_020991125,
133453,,"CGMCC 1.7063, JCM 15145, CN 85",1,Microbulbifer donghaiensis,2619618825,aerobe
,,,,,494016.4,
,,,,,GCA_900129095,
134326,,"CCTCC AB 206094, KCTC 12848, YIM 91118",1,Microbulbifer halophilus,GCA_026183675,aerobe
133655,Y215,"CGMCC 1.10657, JCM 17211",1,Microbulbifer marinus,2667527380,aerobe
,,,,,658218.4,
,,,,,GCA_900107725,
140862,Cs16b,"CECT 8799, DSM 28920",1,Microbulbifer rhizosphaerae,1562603.3,aerobe
,,,,,2824280218,
,,,,,GCA_014191725,
133474,Ni-2088,"MBIC 01082, ATCC 700307",1,Microbulbifer variabilis,1279017.3,aerobe
,,,,,2519899636,
,,,,,GCA_000380565,
133656,Y226,"CGMCC 1.10658, JCM 17212",1,Microbulbifer yueqingensis,2667528184,aerobe
,,,,,658219.4,
,,,,,GCA_900100355,
7496,KSL-113,"DSM 19663, CIP 108920, KCTC 19126, JCM 15138, NBRC 106160",1,Microcella alkalica,2820983214,aerobe
,,,,,355930.3,
,,,,,GCA_014137945,
7506,CW1,"DSM 23889, JCM 14730, KCTC 13142",1,Microcella frigidaquae,2845007952,aerobe
,,,,,424758.4,
,,,,,424758.5,
,,,,,GCA_009664385,
,,,,,GCA_014200395,
7761,WS 4601,"DSM 23974, LMG 26183",1,Micrococcus cohnii,2870868549,aerobe
,,,,,993416.3,
,,,,,GCA_014205175,
7759,,"DSM 17945, KCTC 19156, YIM 56238, JCM 16951",1,Micrococcus endophyticus,2870801768,aerobe
,,,,,455343.4,
,,,,,GCA_014205115,
7756,LW4,"DSM 19079, CGMCC 1.5361, JCM 14000, CCUG 56037, BCRC 80069, CCUG 54219, CIP 109517",1,Micrococcus flavus,2866916688,aerobe
,,,,,2870573580,
,,,,,384602.4,
,,,,,384602.5,
,,,,,384602.6,
,,,,,GCA_004563965,
,,,,,GCA_014204815,
,,,,,GCA_014644875,
,,,,,GCA_022348285,
7673,,"CCUG 5858, ATCC 15307, DSM 20030, ATCC 4698, CCM 169, NCIB 9278, NCTC 2665, WDCM 00111, JCM 1464, BCRC 11034, BCRC 80739, CECT 5053, CECT 51, CECT 5863, CGMCC 1.2299, CIP A270, HAMBI 1399, HAMBI 26, HUT 8101, IAM 1056, IEM M15/65, IFO 3333, IMSNU 20332, IMSNU 20354, KACC 10488, KCTC 1056, KCTC 3063, LMG 4050, NBIMCC 1439, NBRC 3333, NCCB 78001, NCFB 947, NCIMB 10474, NCIMB 9278, NRIC 1094, NRRL B-287, PCM 525, VKM Ac-2230, VKM B-1314, VKM B-1813, VTT E-93442, NCDO 947, NRRL: B-287, CCUG 5898",1,Micrococcus luteus,1270.133,aerobe
,,,,,1270.83,
,,,,,2843530483,
,,,,,2843729505,
,,,,,465515.12,
,,,,,465515.4,
,,,,,465515.47,
,,,,,465515.51,
,,,,,465515.52,
,,,,,465515.53,
7748,JL 178,"DSM 20315, ATCC 27566, CCM 2693, CCUG 33027, NCTC 11037, JCM 11572, BCRC 12151, CGMCC 1.2300, CIP 81.70, IAM 13002, IFO 15355, KCTC 3517, LMG 14218, NBRC 15355, NCAIM B.02054, NCIMB 14422, VKM Ac-2240, VKM B-1815",1,Micrococcus lylae,1273.6,aerobe
,,,,,1349773.3,
,,,,,2731957609,
,,,,,GCA_001570885,
,,,,,GCA_004563975,
24203,V3M1,"DSM 28110, CGMCC 1.7054, NBRC 104258, JCM 17489",1,Micrococcus terreus,2617270780,aerobe
,,,,,574650.4,
,,,,,GCA_900116905,
7760,,"DSM 21948, CCTCC AA 208060, JCM 16547, YIM 65004, CCUG 59864",1,Micrococcus luteus,2870804320,aerobe
,,,,,566027.8,
,,,,,GCA_014138885,
12613,"J47, Ben-108","DSM 12936, ACM 5120, JCM 13522, CCUG 43143, Ben 108, CIP 107259, KACC 14261",1,Microlunatus capsulatus,2918354206,aerobe
,,,,,99117.3,
,,,,,GCA_017876495,
132342,S3Af-1,"DSM 100019, CGMCC 4.7306, JCM 31774",1,Microlunatus endophyticus,1716077.3,aerobe
,,,,,GCA_014646195,
24346,W6,"DSM 27985, CGMCC 4.6856, JCM 17701, KACC 17380",1,Microlunatus flavus,1036181.4,aerobe
,,,,,2675903052,
,,,,,GCA_900110855,
132580,4Q3S-3,"DSM 100723, CGMCC 4.7307",1,Microlunatus kandeliicorticis,1759536.3,aerobe
,,,,,2820958510,
,,,,,GCA_014137855,
12627,,"DSM 18662, KCTC 13058, Gsoil 954, JCM 16016",1,Microlunatus panaciterrae,2893589407,aerobe
,,,,,400768.3,
,,,,,GCA_016907535,
12630,12-Be-011,"CCUG 57425, DSM 22083, CCM 7636, JCM 18708",1,Microlunatus parietis,2845000861,aerobe
,,,,,682979.3,
,,,,,GCA_013407955,
12619,"FB2, S20_27","DSM 21743, NBRC 104965, KY 13154",1,Microlunatus sagamiharensis,2634166345,aerobe
,,,,,546874.3,
,,,,,GCA_900105785,
12629,"CC-012602, CC-12602","DSM 21800, CCM 7685, CCUG 58049, JCM 18709",1,Microlunatus soli,2636416048,aerobe
,,,,,630515.4,
,,,,,GCA_900105385,
160441,,"DSM 103947, KCTC 39847, SYSU K12189",1,Microlunatus speluncae,2594267.3,aerobe
,,,,,GCA_009299835,
166243,5R2A7,"LMG 30755, CECT 9656",1,Micromonospora acroterricola,GCA_003172955,aerobe
24216,SP03-05,"DSM 46721, BCC 45620, NBRC 109075",1,Micromonospora andamanensis,1287068.3,aerobe
,,,,,GCA_016863495,
8012,MC5-1,"DSM 45246, JCM 12873, KCTC 19332, PCU 267, TISTR 1564, CGMCC 4.5707, NBRC 106529, NRRL B-24766",1,Micromonospora chaiyaphumensis,2622736432,aerobe
,,,,,307119.5,
,,,,,GCA_900091435,
158459,LHW63014,"DSM 106193, CCTCC AA 2018012",1,Micromonospora craniellae,2294034.4,aerobe
,,,,,2866394982,
,,,,,GCA_003419945,
,,,,,GCA_014764405,
166130,NA12,"DSM 100982, KCTC 39647",1,Micromonospora craterilacus,2866071484,aerobe
,,,,,GCA_003236315,
8021,CR 30,"DSM 45599, CECT 7891, JCM 31700",1,Micromonospora cremea,2630968262,aerobe
,,,,,709881.3,
,,,,,GCA_900143515,
159690,13K206,"DSM 107532, JCM 32583",1,Micromonospora deserti,2866095137,aerobe
,,,,,GCA_003236335,
,,,,,POUB00000000,
7982,LK2-10,"DSM 44814, JCM 12345, PCU 238, TISTR 1531, CIP 108667, NBRC 101912, NRRL B-24761",1,Micromonospora eburnea,227316.5,aerobe
,,,,,2622736604,
,,,,,GCA_900090225,
8052,202201,"DSM 45430, BCC 72028, CGMCC 4.5597, NBRC 109090, JCM 18317",1,Micromonospora endophytica,2832004796,aerobe
,,,,,2866065130,
,,,,,515350.1,
,,,,,515350.6,
,,,,,515350.9,
,,,,,GCA_003236305,
,,,,,GCA_003581605,
,,,,,GCA_018326245,
158643,WPS1-2,"KCTC 39787, NBRC 112325, TISTR 2405, JCM 32902, DSM 117320",1,Micromonospora globbae,2867302475,aerobe
,,,,,GCA_003610785,
24213,,"DSM 45612, JCM 17696, MBRL 34",1,Micromonospora kangleipakensis,1077942.3,aerobe
,,,,,2806310638,
,,,,,GCA_004217615,
8030,,"DSM 45424, CCTCC AA 207012, KCTC 19195, YIM 013, JCM 16959, NBRC 106530",1,Micromonospora lutea,419825.3,aerobe
,,,,,GCA_016863535,
8016,JSM1-1,"DSM 45555, JCM 12870, PCU 269, TISTR 1566",1,Micromonospora marina,2622736534,aerobe
,,,,,307120.5,
,,,,,GCA_900091565,
23117,D10-9-5,"DSM 45782, JCM 17013, NBRC 108767, TISTR 2000, PCU 322",1,Micromonospora maritima,986711.4,aerobe
,,,,,GCA_902825405,
7985,,"DSM 44830, LMG 22229, NBRC 101890, NRRL B-24769, WA 201, JCM 13240, CIP 108755",1,Micromonospora mirobrigensis,2619619047,aerobe
,,,,,262898.5,
,,,,,GCA_900091555,
132607,,"DSM 101694, CECT 9020, GUI 43",1,Micromonospora noduli,709876.6,aerobe
159632,S2509,"DSM 45926, KCTC 29201",1,Micromonospora orduensis,1420891.3,aerobe
,,,,,2902588607,
,,,,,GCA_006228125,
133064,NEAU-JXY5,"DSM 103125, CGMCC 4.7347, JCM 32493",1,Micromonospora parathelypteridis,1839617.3,aerobe
,,,,,1839617.4,
,,,,,2856470492,
,,,,,GCA_014201145,
,,,,,GCA_014646315,
23126,NEAU-J5,"DSM 45730, CGMCC 4.7038, KCTC 39763, NBRC 110907, JCM 19683",1,Micromonospora phaseoli,1144548.3,aerobe
,,,,,1144548.5,
,,,,,1144548.8,
,,,,,2675903138,
,,,,,2728369481,
,,,,,GCA_003253475,
,,,,,GCA_016863675,
,,,,,GCA_900109115,
158771,,"CECT 9369, DSM 105363, SG 15",1,Micromonospora phytophila,GCA_023656545,aerobe
8015,,"DSM 45175, LMG 24546, GUI 15, JCM 17025",1,Micromonospora pisi,2758568729,aerobe
,,,,,589240.3,
,,,,,GCA_003633685,
132666,DS3010,"DSM 45981, KCTC 29243",1,Micromonospora profundi,1420889.3,aerobe
,,,,,2830928545,
,,,,,GCA_011927785,
8033,RtIII47,"DSM 45781, CGMCC 4.5826, NBRC 106684, JCM 19682, BCC 51292",1,Micromonospora qiuiae,502268.3,aerobe
,,,,,GCA_016863555,
164205,AZ1-13,"JCM 32147, KCTC 39786, NBRC 112324, TISTR 2404",1,Micromonospora radicis,GCA_003583405,aerobe
8017,211018,"DSM 45431, CGMCC 4.5599, NBRC 110451, JCM 17737",1,Micromonospora rhizosphaerae,2622736626,aerobe
,,,,,568872.4,
,,,,,GCA_900091465,
8010,AM105,"DSM 44983, CGMCC 4.2495, JCM 15474",1,Micromonospora rifamycinica,2623620551,aerobe
,,,,,2728369151,
,,,,,291594.5,
,,,,,GCA_001542325,
,,,,,GCA_900090265,
8001,,"DSM 44871, LMG 24056, NBRC 106573, NRRL B-24770, Lupac 09, JCM 16032",1,Micromonospora saelicesensis,2622736537,aerobe
,,,,,285676.4,
,,,,,GCA_900091575,
23118,SH2-13,"DSM 45794, BCC 45601, NBRC 107934",1,Micromonospora sediminicola,2622736535,aerobe
,,,,,946078.4,
,,,,,GCA_900089585,
8031,MS 426,"DSM 45558, CGMCC 4.3550, JCM 15670, NBRC 107745",1,Micromonospora sediminimaris,2663762750,aerobe
,,,,,547162.3,
,,,,,547162.4,
,,,,,GCA_016863575,
,,,,,GCA_900112325,
132026,,"DSM 101760, NRRL B-65345, TMS 7",1,Micromonospora terminaliae,1914461.3,aerobe
,,,,,2888122254,
,,,,,GCA_009671205,
132606,,"DSM 101692, CECT 9022, GUI 23",1,Micromonospora ureilytica,2880489317,aerobe
,,,,,709868.3,
,,,,,GCA_015751765,
132608,,"DSM 101695, CECT 9019, GUI 63",1,Micromonospora vinacea,2880495981,aerobe
,,,,,709878.3,
,,,,,GCA_015751785,
23120,2602GPT1-05,"DSM 45709, CCTCC AA 2012002, JCM 31038",1,Micromonospora wenchangensis,1185415.3,aerobe
,,,,,2788500614,
,,,,,GCA_002210435,
8019,FXJ6.011,"DSM 45577, CGMCC 4.5736, NBRC 107727, JCM 18319",1,Micromonospora yangpuensis,2623620524,aerobe
,,,,,683228.4,
,,,,,683228.9,
,,,,,GCA_014645775,
,,,,,GCA_900091615,
8022,CR 38,"DSM 45600, CECT 7892, JCM 31702",1,Micromonospora zamorensis,2617270899,aerobe
,,,,,709883.12,
,,,,,GCA_900090275,
13414,P101,"DSM 43017, ATCC 15386, CBS 484.63, DSM 43018, DSM 43754, IFO 12207, KCC A-0036, NBRC 12207, NCIB 9602, NRRL B-3044, CCUG 5913, JCM 3036, BCRC 13426, CGMCC 4.1089, CGMCC 4.1324, CGMCC 4.1483, IFM 1235, IMET 9550, KACC 20054, KCTC 9115, KCTC 9150, KCTC 9480, MTCC 320, NBIMCC 3641, NCIMB 9602, VKM Ac-681, VTT E-073030",1,Saccharomonospora viridis,471857.5,aerobe
,,,,,644736404,
,,,,,GCA_000023865,
7500,SSWW-21,"DSM 18319, JCM 30550, KCTC 19185, SSWW 21",1,Microterricola gilva,2806310509,aerobe
,,,,,393267.3,
,,,,,GCA_004217495,
7344,PON10,"DSM 22300, LMG 24222, MTCC 9128, CCUG 55700, JCM 15132, KCTC 19685",1,Microterricola pindariensis,478010.4,aerobe
,,,,,GCA_002936985,
7499,KV-677,"DSM 21772, NBRC 102123, NRRL B-24538, JCM 15926",1,Microterricola viridarii,2634166341,aerobe
,,,,,412690.4,
,,,,,GCA_900104895,
7203,5420S-16,"DSM 21343, KACC 12744, NBRC 106137",1,Microvirga aerilata,GCA_016743775,aerobe
7204,5420S-12,"DSM 21344, KACC 12743, NBRC 106136",1,Microvirga aerophila,2894369371,aerobe
,,,,,670291.3,
,,,,,670291.4,
,,,,,GCA_003332305,
,,,,,GCA_007991675,
132877,SV2184P,"DSM 25393, KCTC 23864, NRRL B-24874",1,Microvirga arabica,GCA_016811235,aerobe
166372,3D203,"CGMCC 1.17691, KCTC 72653",1,Microvirga arsenatis,GCA_009910705,aerobe
133490,25B,"CGMCC 1.7666, JCM 15710",1,Microvirga guangxiensis,2596583582,aerobe
,,,,,549386.3,
,,,,,GCA_900102135,
133752,Lut6,"LMG 26460, HAMBI 3236",1,Microvirga lupini,2508501050,aerobe
,,,,,GCA_000517005,
133322,R491,"KEMB 9005-408, KACC 18969, NBRC 112417",1,Microvirga soli,GCA_016734765,aerobe
10522,SGLY2,"DSM 15089, CIP 108159, LMG 18919, JCM 21462, IAM 14991",1,Microvirgula aerodenitrificans,1122240.3,aerobe
,,,,,2556921007,
,,,,,GCA_000620105,
10626,J81,"DSM 44463, CIP 109234, NRRL B-24424, JCM 13999, BCRC 16840, IFM 10694, NBRC 105863",1,Millisia brevis,1219361.4,aerobe
,,,,,2731957593,
,,,,,GCA_001552615,
133608,YM18-15,"NBRC 106267, KCTC 19750, MBIC 08348, DSM 109839",1,Miniimonas arenae,2889606800,aerobe
,,,,,676201.3,
,,,,,GCA_006351005,
159812,SY3-15,"MCCC 1K03467, KCTC 62335",1,Minwuia thermotolerans,GCA_002924445,aerobe
134139,3001,"IAM 14711, ATCC BAA-476, JCM 21276, NBRC 102408, CIP 108954",1,Roseateles chitosanitabidus,1349774.9,aerobe
,,,,,2731957693,
,,,,,GCA_001598255,
158764,HZ7,"JCM 31671, CCTCC AB 2014353",1,Roseateles noduli,2831864461,aerobe
,,,,,GCA_001653795,
,,,,,GCA_002205125,
5826,5NBRC 108673,"DSM 45764, KCTC 19887, NBRC 108673, KLBMP 1279",1,Modestobacter roseus,1181884.3,aerobe
,,,,,2585427561,
,,,,,GCA_007994135,
5831,CP153-2,"DSM 16678, ATCC BAA-1040, CIP 109814, JCM 15578, CGMCC 1.10729",1,Modestobacter versicolor,2827613928,aerobe
,,,,,2839233032,
,,,,,429133.6,
,,,,,GCA_003226595,
,,,,,GCA_014195485,
4983,2896-78,"DSM 5076, ATCC 35017, CCUG 51928, NCTC 12132, LMG 10145, JCM 5895, CDC 2896-78, CIP 103034",1,Moellerella wisconsensis,1354267.4,aerobe
,,,,,158849.7,
,,,,,2636415824,
,,,,,GCA_001294465,
,,,,,GCA_900706815,
140166,"784B1_12E-Caso, 784 B1_12 E-Caso","DSM 29388, CIP 110830, LMG 28502",1,Moheibacter stercoris,2928575895,aerobe
140420,C7,"DSM 100241, LMG 28800",1,Pontivivens marinum,2710264757,aerobe
,,,,,GCA_900231835,
140704,MIMtkB18,"KCTC 42635, MCCC 1K00571, DSM 109489",1,Mongoliimonas terrestris,2786546838,aerobe
,,,,,GCA_001927285,
133707,,"ACCC 05421, KCTC 23224, MIM 18",1,Mongoliitalea lutea,849756.3,aerobe
,,,,,GCA_014652135,
8163,88365,"DSM 14165, ATCC 700022, CCUG 35435, CIP 104716, NCTC 12925",1,Moraxella boevrei,1122243.3,aerobe
,,,,,2515154147,
,,,,,GCA_000379845,
8172,8897,"DSM 19149, ATCC 700019, CCUG 33296, CIP 104714, NCTC 12877",1,Moraxella caprae,1122244.3,aerobe
,,,,,2524614551,
,,,,,90240.3,
,,,,,GCA_000426885,
,,,,,GCA_900453285,
8171,,"DSM 19150, ATCC 51388, CCUG 9405, CIP 103802, LMG 5127",1,Moraxella lincolnii,2878536677,aerobe
,,,,,90241.3,
,,,,,GCA_002014765,
8164,,"DSM 17235, ATCC 29468, IAM 14971, ICPB 3652, CCUG 54938, JCM 21442, KCTC 32987, NBRC 102422",1,Moraxella oblonga,1349775.3,aerobe
,,,,,2731957694,
,,,,,GCA_001598275,
156945,,CCUG 67237,0,Moraxella osloensis,2878542694,aerobe
,,,,,34062.96,
,,,,,GCA_001679275,
8174,248-01,"DSM 22804, CCUG 54913, CECT 7295",1,Moraxella pluranimalium,2878540523,aerobe
,,,,,470453.3,
,,,,,GCA_002014825,
8175,SN9-4M,"DSM 25326, CCUG 54912, CECT 7294, CIP 110214",1,Moraxella porci,2858172386,aerobe
,,,,,573983.3,
,,,,,GCA_002014855,
4989,u2/3,"CCUG 53682, LMG 23374, DSM 17886, CIP 109403, JCM 16473",1,Morganella psychrotolerans,2751185775,aerobe
,,,,,368603.8,
,,,,,GCA_001676155,
17891,RP-AC37,"DSM 45328, KCTC 19630",1,Motilibacter peucedani,2731639228,aerobe
,,,,,GCA_003634695,
24803,RS-16,"DSM 45622, KACC 16209, JCM 32087",1,Motilibacter rhizosphaerae,2799112218,aerobe
,,,,,598652.3,
,,,,,GCA_004216915,
159834,C34,"MCCC 1K03462, KCTC 62319",1,Motiliproteus coralliicola,GCA_003345655,aerobe
166131,MAH-19,"KACC 19745, CGMCC 1.13657",1,Mucilaginibacter corticis,2898432519,aerobe
,,,,,GCA_007558865,
166292,F01003,"KCTC 62991, CCTCC AB 2019023",1,Mucilaginibacter gilvus,GCA_004054195,aerobe
133595,Gh-67,"NCIMB 14470, KCTC 22380",1,Mucilaginibacter gossypii,2651870011,aerobe
,,,,,GCA_900100945,
133596,Gh-48,"NCIMB 14471, KCTC 22379",1,Mucilaginibacter gossypiicola,2651870109,aerobe
,,,,,GCA_900110105,
131323,SA3-7,"DSM 29289, CECT 8628, KCTC 32515, JCM 32202",1,Mucilaginibacter gotjawali,1550579.5,aerobe
,,,,,2775506936,
,,,,,2824259966,
,,,,,GCA_002355435,
,,,,,GCA_014191635,
166098,ZR32,"KCTC 62193, CCTCC AB 2017285",1,Mucilaginibacter hurinus,2839151031,aerobe
,,,,,GCA_003324525,
134361,SCK,"NBRC 102645, KCTC 22227",1,Mucilaginibacter kameinonensis,2843459295,aerobe
,,,,,GCA_003675385,
133602,ANJLI2,"ATCC BAA-1855, LMG 25358",1,Mucilaginibacter lappiensis,2849187315,aerobe
,,,,,GCA_014200545,
133603,MP1X4,"ATCC BAA-1856, LMG 25360",1,Mucilaginibacter mallensis,2667528181,aerobe
,,,,,GCA_900105165,
14135,B9,DSM 19975,1,Mucilaginibacter oryzae,2595698252,aerobe
,,,,,468058.3,
,,,,,GCA_003148845,
140897,TTM-1,"LMG 28454, KCTC 42273",1,Mucilaginibacter roseus,GCA_021215455,aerobe
140679,EF23,"CGMCC 1.15913, KCTC 52516",1,Mucilaginibacter rubeus,2027860.7,aerobe
,,,,,GCA_014643835,
166238,ZH6,"CCTCC AB 2018373, KCTC 72075",1,Mucilaginibacter terrenus,GCA_003432065,aerobe
132970,yx-36,"DSM 26809, CCTCC AB 2012880",1,Mucilaginibacter yixingensis,1295612.3,aerobe
,,,,,2734482263,
,,,,,GCA_003050755,
164551,SCR12,"JCM 33425, MCCC 1K03731",1,Flagellimonas alvinocaridis,GCA_004916895,aerobe
,,,,,SNTZ00000000,
24031,Ar-22,"DSM 26351, CGMCC 1.12174, JCM 18450",1,Flagellimonas taeanensis,1055723.12,aerobe
,,,,,1055723.5,
,,,,,2619619048,
,,,,,2671180021,
,,,,,GCA_900112295,
,,,,,GCA_900142405,
166844,HME9304,"KCTC 32464, KACC 17618, CECT 8418, HME 9304",1,Flagellimonas maritima,CP030104,aerobe
,,,,,GCA_003269425,
133724,BB-My12,"KCTC 23501, CCUG 60800",1,Flagellimonas beolgyonensis,2894668856,aerobe
,,,,,864064.3,
,,,,,GCA_003992615,
5744,A11,"DSM 22638, KCTC 22665",1,Flagellimonas flava,2617270824,aerobe
,,,,,570519.5,
,,,,,GCA_900129665,
133488,CC-HSB-11,"BCRC 17850, KCTC 22339",1,Flagellimonas lutaonensis,2630968620,aerobe
,,,,,516051.11,
,,,,,GCA_000963865,
134341,SMK-108,"KCTC 22173, CCUG 55324",1,Flagellimonas lutimaris,2840458382,aerobe
,,,,,475082.4,
,,,,,GCA_003581615,
133485,"5KCCM90075, CL-SS4","JCM 15563, KCCM 90075",1,Flagellimonas olearia,552546.5,aerobe
,,,,,GCA_009184425,
133943,105,"KACC 16195, JCM 17757",1,Flagellimonas taeanensis,1005926.4,aerobe
,,,,,2835303341,
,,,,,GCA_003584105,
24030,12C25,"DSM 25030, CGMCC 1.11028, MCCC 1F01096",1,Flagellimonas zhangzhouensis,1073328.3,aerobe
,,,,,1073328.4,
,,,,,2617270731,
,,,,,2667527237,
,,,,,GCA_900102925,
,,,,,GCA_900106825,
5740,EM44,"DSM 21206, KCTC 22299",1,Muriicola jejuensis,2724679820,aerobe
,,,,,504488.4,
,,,,,GCA_010671595,
11264,14-Be-013,"DSM 45312, CCM 7612, CCUG 57390, JCM 17973, CIP 110198",1,Murinocardiopsis flavida,2728369519,aerobe
,,,,,645275.3,
,,,,,GCA_003014485,
12588,XLG910.2,"DSM 15700, CGMCC 1.3458, JCM 14112, NBRC 106321",1,Myceligenerans xiligouense,253184.3,aerobe
,,,,,2784132080,
,,,,,GCA_003814695,
133809,MB1-14,"CCTCC AB 209002, KCTC 19753, JCM 19955",1,Mycetocola manganoxydans,2866447923,aerobe
,,,,,699879.3,
,,,,,699879.4,
,,,,,GCA_003667545,
,,,,,GCA_014651755,
133953,MD-T1-10-2,"CGMCC 1.11101, NBRC 107877",1,Mycetocola miduiensis,2667527394,aerobe
,,,,,995034.3,
,,,,,GCA_900115155,
7471,"BRB-1L41, R-20377","DSM 18580, JCM 30549, LMG 22367",1,Mycetocola reblochoni,2866450942,aerobe
,,,,,331618.3,
,,,,,GCA_003667525,
133932,ZD1-4,"KACC 16570, CGMCC 1.12042, JCM 18131",1,Mycetocola zhadangensis,1164595.4,aerobe
,,,,,2866453822,
,,,,,GCA_003668565,
,,,,,GCA_014636455,
1977,HK10456-B5,"DSM 19003, CIP 109454, HKI 456",1,Mycetohabitans endofungorum,2708743152,aerobe
,,,,,417203.3,
,,,,,GCA_002927045,
1976,,"DSM 19002, CIP 109453, HKI 454",1,Mycetohabitans rhizoxinica,650716014,aerobe
,,,,,882378.19,
,,,,,882378.2,
,,,,,882378.3,
,,,,,GCA_000198775,
140847,B1-EB,"JCM 30646, LMG 28693, NBRC 110909",1,Mycoavidus cysteinexigens,GCA_003966915,aerobe
8547,BD,"DSM 45149, CCUG 50184, CIP 108541, JCM 15297, BCRC 16915",1,Mycobacterium abscessus subsp. bolletii,1091046.3,aerobe
,,,,,1091046.5,
,,,,,319705.134,
,,,,,319705.16,
,,,,,319705.54,
,,,,,319705.59,
,,,,,GCA_000239035,
,,,,,GCA_001792615,
,,,,,GCA_002013835,
,,,,,GCA_002086525,
8546,,"DSM 45103, CCUG 48898, CIP 108297, KCTC 19086, JCM 15300, Timone LB, BCRC 16916",1,Mycobacterium abscessus subsp. massiliense,1001714.3,aerobe
,,,,,1001714.4,
,,,,,1001714.6,
,,,,,1962118.3,
,,,,,319705.17,
,,,,,GCA_000239055,
,,,,,GCA_000270665,
,,,,,GCA_000497265,
,,,,,GCA_001792625,
,,,,,GCA_002086375,
8464,90012,"CCUG 37673 B, KCTC 9502, DSM 44515, ATCC 27406, CCUG 37673, CIP 105391, JCM 6377, CCUG 37673 A",1,Mycobacterium agri,2865750426,aerobe
,,,,,36811.1,
,,,,,36811.3,
,,,,,GCA_002553505,
,,,,,GCA_010722915,
8441,49005,"DSM 44147, ATCC 27280, JCM 6376, NCTC 10820, CCUG 37672, LMG 19259, CIP 106808",1,Mycobacterium aichiense,1799.5,aerobe
,,,,,1799.7,
,,,,,2856228341,
,,,,,GCA_010726245,
,,,,,GCA_025822215,
,,,,,GCA_900453085,
149362,,"CCUG 37585, CIP 103464, DSM 44176, ATCC 51304, JCM 12272, CECT 3021, KCTC 19709, LMG 19260",1,Mycobacterium alvei,67081.6,aerobe
,,,,,GCA_010727325,
,,,,,GCA_025822365,
132214,"QIA-38, QIA-38(NTM-9)","DSM 102212, JCM 30275, KCTC 29443",1,Mycobacterium anyangense,1431246.5,aerobe
,,,,,2888250102,
,,,,,GCA_010731855,
8573,JS19b1,"DSM 45407, ATCC BAA-1378, CIP 109274, JCM 16368",1,Mycobacterium aromaticivorans,1440774.4,aerobe
,,,,,1440774.6,
,,,,,GCA_000559085,
,,,,,GCA_001314125,
8536,AR30097,"DSM 44942, ATCC BAA-1242, CCUG 58731, JCM 32216",1,Mycobacterium arupense,342002.6,aerobe
,,,,,GCA_002086515,
,,,,,GCA_025822685,
8549,U8,"JCM 15296, DSM 45150, CCUG 50186, CIP 108543",1,Mycobacterium aubagnense,319707.12,aerobe
,,,,,319707.13,
,,,,,GCA_005670695,
,,,,,GCA_010730955,
8379,"358, 14 121 0001","DSM 43999, ATCC 23366, JCM 6366, NCTC 10437, CCUG 70546, LMG 19255, CIP 104465, KCTC 9955, NRRL B-4037, Tsukamura 358, CCUG 37666, HAMBI 2275",1,Mycobacterium aurum,1791.6,aerobe
,,,,,2740892265,
,,,,,GCA_001049355,
,,,,,GCA_025821345,
,,,,,GCA_900637195,
8419,"SSC 1336, 14 031 0002, Vet. 1387","DSM 44156, ATCC 25291, TMC 724, CCUG 20992, NCTC 13034, CIP 104244",1,Mycobacterium avium subsp. avium,44454.9,aerobe
,,,,,553481.3,
,,,,,645058725,
,,,,,GCA_000174035,
,,,,,GCA_009741445,
8445,6409,"DSM 44175, ATCC 49884, CCUG 47446, CIP 103317, KCTC 19633",1,Mycobacterium avium subsp. silvaticum,1401690.3,aerobe
,,,,,2568526319,
,,,,,GCA_000504975,
138449,N7,"CIP 108545, CCUG 50398",1,Mycobacterium barrassiae,GCA_025822765,aerobe
8519,"MF-657, W5998","DSM 44677, ATCC 49935, CCUG 47580, CIP 107829, JCM 15653",1,Mycobacterium boenickei,146017.12,aerobe
,,,,,146017.5,
,,,,,146017.6,
,,,,,2856275449,
,,,,,2865743993,
,,,,,GCA_002553535,
,,,,,GCA_010731295,
,,,,,GCA_022558525,
,,,,,GCA_900166915,
8498,E 347,"DSM 44537, ATCC 700701, CCUG 47450, CCUG 47976, JCM 17322, CIP 106753, NCIMB 13713",1,Mycobacterium botniense,84962.6,aerobe
,,,,,GCA_010723305,
8521,"MF-614, W6743","DSM 44680, ATCC 49938, CCUG 47584, CIP 107830, JCM 15654",1,Mycobacterium brisbanense,146020.3,aerobe
,,,,,GCA_001570425,
,,,,,GCA_025822265,
8570,"RAMC, Friedman, 14 042 0003, 1544","DSM 43804, ATCC 35752, CCUG 47445, IMET 10609, JCM 6388, NCTC 946, TMC 1544, CIP 104535, KCTC 9505, NCIMB 1474",1,Mycobacterium chelonae,1460372.6,aerobe
,,,,,1774.35,
,,,,,1774.68,
,,,,,1774.83,
,,,,,1774.91,
,,,,,2099321.3,
,,,,,2687453534,
,,,,,2857061820,
,,,,,GCA_000971805,
,,,,,GCA_001632805,
8465,48013,"DSM 44219, ATCC 27278, JCM 6374, NCTC 10819, CCUG 37670, CIP 106810, JCM 16420, KCTC 19712",1,Mycobacterium chubuense,1800.3,aerobe
,,,,,1800.5,
,,,,,1800.9,
,,,,,2630968491,
,,,,,2808606776,
,,,,,GCA_001044255,
,,,,,GCA_002086595,
,,,,,GCA_900453455,
8551,D16,"JCM 15299, DSM 45102, CCUG 50187, CIP 108544",1,Mycobacterium conceptionense,451644.16,aerobe
,,,,,GCA_001052995,
,,,,,GCA_002102065,
,,,,,GCA_025823065,
8422,1389/90,"DSM 44017, ATCC 49920, CIP 105510, CCUG 37513, JCM 13671, KCTC 19635",1,Mycobacterium confluentis,28047.3,aerobe
,,,,,28047.9,
,,,,,2865351897,
,,,,,GCA_002102105,
,,,,,GCA_010729895,
,,,,,GCA_025822845,
8530,LTA-388,"DSM 44829, ATCC BAA-878, CIP 108170, CCUG 55485, JCM 14739, KCTC 19713",1,Mycobacterium cosmeticum,258533.3,aerobe
,,,,,258533.7,
,,,,,2619619211,
,,,,,GCA_000613185,
,,,,,GCA_005670675,
8574,czh-42,"DSM 45433, ATCC BAA-1373, CIP 109269, JCM 16369",1,Mycobacterium crocinum,1305862.4,aerobe
,,,,,2734481973,
,,,,,GCA_001314145,
,,,,,GCA_022370635,
,,,,,GCA_025822435,
8478,"Fi-13295, ID 3931","DSM 44339, CIP 106867, CCUG 46352, JCM 12405, ATCC BAA-565",1,Mycobacterium doricum,126673.3,aerobe
,,,,,126673.9,
,,,,,GCA_002102115,
,,,,,GCA_010728155,
,,,,,GCA_025822585,
140369,X82,"DSM 44358, CECT 8775",1,Mycobacterium eburneum,2035343.3,aerobe
8447,141390005,"CCUG 37584, DSM 44179, ATCC 35219, CIP 81.39, JCM 6405, KCTC 9508",1,Mycobacterium fallax,1793.1,aerobe
,,,,,1793.3,
,,,,,2865347724,
,,,,,GCA_002101995,
,,,,,GCA_010726955,
,,,,,GCA_025821465,
8513,"1, 141420001","DSM 44634, ATCC 29548, CCUG 47452, CIP 105049, TMC 804, JCM 15465, NCTC 11185",1,Mycobacterium haemophilum,1202450.1,aerobe
,,,,,2645727719,
,,,,,GCA_000340435,
,,,,,GCA_025823035,
8463,3849,"DSM 44199, CCUG 37519, CIP 105218, JCM 12690",1,Mycobacterium hassiacum,1122247.3,aerobe
,,,,,1122247.4,
,,,,,1122247.5,
,,,,,2515154012,
,,,,,2531839488,
,,,,,2856852935,
,,,,,GCA_000300375,
,,,,,GCA_000379865,
,,,,,GCA_027886095,
,,,,,GCA_900603025,
8454,EMI 2,"DSM 44183, CIP 104909T, CCUG 38151, CIP 104909, JCM 12141, LMG 19253",1,Mycobacterium hodleri,1305625.4,aerobe
,,,,,2681813036,
,,,,,GCA_001313805,
,,,,,GCA_025822245,
8488,1406,"DSM 44478, CCUG 46266, CIP 107726, ATCC BAA-771, JCM 12374, CIP 107786",1,Mycobacterium holsaticum,152142.1,aerobe
,,,,,GCA_019645835,
,,,,,GCA_022558565,
,,,,,GCA_027886245,
131823,"MF-89, W5198","DSM 44676, ATCC 49403, CDC 80-719, CCUG 47581, JCM 15656, CIP 107828",1,Mycobacterium houstonense,146021.3,aerobe
,,,,,2775507220,
,,,,,GCA_025823315,
,,,,,GCA_900078665,
8592,05-1390,"DSM 45126, KCTC 19555, JCM 19957",0,Mycobacterium intracellulare subsp. chimaera,1138871.1,aerobe
,,,,,1138871.11,
,,,,,GCA_000418535,
8589,01-305,"DSM 45576, KCTC 19819, JCM 19956",1,Mycobacterium koreense,1069220.11,aerobe
,,,,,1069220.3,
,,,,,GCA_002104795,
,,,,,GCA_010731835,
,,,,,GCA_025822715,
8555,,"DSM 45093, CCUG 51961, GTC 2729, JCM 13453, CST 7247",1,Mycobacterium kumamotonense,354243.11,aerobe
,,,,,354243.4,
,,,,,GCA_002086285,
,,,,,GCA_010093495,
158311,,"CECT 9646, DSM 107316, NCTC 11659",1,Mycobacterium kyogaense,2212479.3,aerobe
,,,,,2869209271,
,,,,,GCA_003254575,
8588,F4,"DSM 45785, CGMCC 4.5724, JCM 17423",1,Mycobacterium litorale,2681812963,aerobe
,,,,,758802.1,
,,,,,758802.12,
,,,,,GCA_002007745,
,,,,,GCA_004366555,
,,,,,GCA_010731695,
,,,,,GCA_025823345,
8467,"14 147 0001, 48504","DSM 44221, ATCC 43059, JCM 6375, CCUG 37671, CIP 105393, KCTC 9516, VKM Ac-1183, NCH E11715",1,Mycobacterium moriokaense,2856244778,aerobe
,,,,,2865562250,
,,,,,39691.13,
,,,,,39691.3,
,,,,,39691.4,
,,,,,39691.9,
,,,,,GCA_002086395,
,,,,,GCA_003347205,
,,,,,GCA_010726085,
,,,,,GCA_025822185,
8479,"220-96, MA 112/96","CCUG 39728, JCM 13392, DSM 44340, HAMBI 2320, CIP 105980, VTT E-062961",1,Mycobacterium murale,182220.8,aerobe
,,,,,GCA_010722995,
,,,,,GCA_025822305,
8435,"3503, 14 125 0001","DSM 44074, ATCC 25795, JCM 6365, NCTC 10818, CCUG 37665, CIP 105387, LMG 19258, KCTC 19096, BCRC 17230, HAMBI 2273",1,Mycobacterium neoaurum,1265312.4,aerobe
,,,,,1795.15,
,,,,,1795.5,
,,,,,2582581012,
,,,,,2600255158,
,,,,,GCA_000691525,
,,,,,GCA_000724065,
,,,,,GCA_005670605,
8520,"MF-465, W6705","CCUG 47582, CIP 107827, CIP 105354, DSM 44679, ATCC 49404, CDC 87-1098, JCM 15659",1,Mycobacterium neworleansense,2690315792,aerobe
,,,,,GCA_001245615,
,,,,,GCA_025823025,
8433,"4388, 47001","CCUG 37669, CIP 106803, KCTC 19097, DSM 44075, ATCC 27023, JCM 6372, NCTC 10778, HAMBI 2272",1,Mycobacterium obuense,1807.14,aerobe
,,,,,2636415843,
,,,,,GCA_001044245,
8575,czh-8,"DSM 45404, ATCC BAA-1372, CIP 109268, JCM 16370",1,Mycobacterium pallens,1305863.4,aerobe
,,,,,2734481974,
,,,,,370524.8,
,,,,,GCA_001314165,
,,,,,GCA_019456675,
8348,299,"DSM 45575, KCTC 19818",1,Mycobacterium parakoreense,GCA_022370835,aerobe
,,,,,GCA_025822825,
8538,31118,"DSM 45000, KCTC 19145, JCM 16952",1,Mycobacterium paraseoulense,2865579360,aerobe
,,,,,590652.11,
,,,,,590652.3,
,,,,,GCA_002086475,
,,,,,GCA_010731655,
,,,,,GCA_025823155,
8344,May-22,"DSM 45127, KCTC 19556, JCM 32754",1,Mycobacterium paraterrae,GCA_022430545,aerobe
8471,E10241-1,"DSM 44242, ATCC 33776, JCM 6378, CCUG 37674, CIP 105392, KCTC 9517",1,Mycobacterium porcinum,GCA_025823105,aerobe
8468,33505,"CCUG 37668, CIP 106804, KCTC 9518, DSM 44222, ATCC 35154, CIP 1480001, JCM 6370, NCH 33505",1,Mycobacterium pulveris,36813.7,aerobe
,,,,,GCA_010725725,
,,,,,GCA_025822105,
8576,JS14,"DSM 45406, ATCC BAA-1377, CIP 109273, JCM 16372",1,Mycobacterium rufum,1305629.4,aerobe
,,,,,2734481965,
,,,,,318424.3,
,,,,,GCA_000762985,
,,,,,GCA_001313925,
,,,,,GCA_022374875,
,,,,,GCA_025821255,
8577,czh-117,"DSM 45405, ATCC BAA-1375, CIP 109271, JCM 16371, DSM 4505",1,Mycobacterium rutilum,1305864.5,aerobe
,,,,,2636415969,
,,,,,2734481975,
,,,,,370526.3,
,,,,,GCA_001314185,
,,,,,GCA_900108565,
156257,,CCUG 60883,0,Mycobacterium salmoniphilum,2862102985,aerobe
,,,,,404941.11,
,,,,,GCA_004366675,
156258,,CCUG 60884,0,Mycobacterium salmoniphilum,2862098033,aerobe
,,,,,404941.16,
,,,,,GCA_004367915,
156259,,CCUG 60885,0,Mycobacterium salmoniphilum,2862173500,aerobe
,,,,,404941.14,
,,,,,GCA_004367255,
24236,,"DSM 45643, KCTC 19999, YIM M13028, JCM 17899",1,Mycobacterium sediminis,1286180.8,aerobe
,,,,,2888243993,
,,,,,GCA_010731735,
,,,,,GCA_025822985,
8556,05-832,"DSM 44999, KCTC 19147, JCM 16017",1,Mycobacterium senuense,2865435581,aerobe
,,,,,386913.12,
,,,,,386913.3,
,,,,,GCA_002101885,
,,,,,GCA_010723225,
8537,19-Mar,"DSM 44998, CIP 109583, KCTC 19146, JCM 16018",1,Mycobacterium seoulense,386911.11,aerobe
,,,,,GCA_010731595,
,,,,,GCA_025823355,
8482,"Australia 9330, W4964","DSM 44393, ATCC 700731, CCUG 43574, JCM 14743, CIP 106642",1,Mycobacterium septicum,1341646.3,aerobe
,,,,,1341646.5,
,,,,,2551306423,
,,,,,GCA_000455325,
,,,,,GCA_012396425,
8553,"ABO-M06, MBS-1, AB0-M06","DSM 45070, CIP 109395, CCUG 55975, CIP 139395, JCM 15660",1,Mycobacterium setense,2648501822,aerobe
,,,,,431269.3,
,,,,,GCA_000805385,
,,,,,GCA_025821545,
8587,,"DSM 45663, CCUG 53584, JCM 14233, GTC 2738",1,Mycobacterium shinjukuense,2865597299,aerobe
,,,,,398694.15,
,,,,,398694.3,
,,,,,GCA_002086755,
,,,,,GCA_010730055,
,,,,,GCA_025822285,
8324,"GA 735, Cornell 3, 14 133 0010","DSM 43756, ATCC 19420, JCM 5866, KCTC 9108, NCTC 8159, CCUG 21002, CCUG 21815, CECT 3020, CIP 104444, JCM 6386, NRRL B-14616, VKM Ac-1239",1,Mycobacterium smegmatis,1772.19,aerobe
,,,,,2657245626,
,,,,,GCA_001457595,
,,,,,GCA_029222015,
140668,NJB0901,"JCM 31611, KCTC 39843, DSM 109040",1,Mycobacterium stephanolepidis,2775507227,aerobe
,,,,,GCA_002356335,
8541,"T 11, T 3","DSM 45059, CIP 109275, NCIMB 14252, JCM 17783",1,Mycobacterium stomatepiae,470076.1,aerobe
,,,,,GCA_010731715,
,,,,,GCA_025821785,
8373,"25932, 14 024 0001","DSM 44166, ATCC 35799, JCM 6383, NCTC 10831, PCM 1876, TMC 1328, CCUG 37675, CIP 104532, KCTC 9520",1,Mycobacterium szulgai,1787.5,aerobe
,,,,,2865439911,
,,,,,GCA_002116635,
,,,,,GCA_025821385,
8351,"F 628, W45, W-45, 14 032 0001","DSM 43227, ATCC 15755, CCUG 42429, CIP 104321, ATCC 15981, NCTC 10856, LMG 10394, SN 2700, JCM 12143, CCUG 27847, CECT 3028, CGMCC 1.3346, KCTC 9614, TMC 1450",1,Mycobacterium terrae,1788.12,aerobe
,,,,,1788.3,
,,,,,1788.4,
,,,,,2772190612,
,,,,,GCA_002101955,
,,,,,GCA_010727125,
,,,,,GCA_025822005,
,,,,,GCA_900187145,
8511,,"CCUG 58693, DSMZ 44626, ATCC 70071, CDC 90-1019, CIP 106108, DSM 44626, ATCC 700071, JCM 14744",1,Mycobacterium triplex,2619619252,aerobe
,,,,,47839.3,
,,,,,47839.7,
,,,,,GCA_000689255,
,,,,,GCA_002102415,
136730,"TBC 8878, M0739, Mo739","DSM 44493, ATCC 700010, CIP 106348, CCUG 48179, CCUG 47168, JCM 13393",1,Mycobacterium wolinskyi,59750.5,aerobe
,,,,,GCA_002101965,
,,,,,GCA_025822475,
159627,I10A-01893,"DSM 45590, CECT 8783, KCTC 19843",1,Mycolicibacterium stellerae,2358193.3,aerobe
,,,,,2866428463,
,,,,,GCA_003719305,
8627,"N29, PG50","DSM 21131, NCTC 10133",1,Mycoplasma leachii,649633074,aerobe
,,,,,880447.3,
,,,,,GCA_000183365,
23140,Zaradi2,DSM 22451,0,Mycoplasma tauri,547987.3,aerobe
,,,,,GCA_016925555,
8615,FH,"DSM 23978, ATCC 15531, Eaton Agent, NCTC 10119, CIP 103766, NBRC 14401",1,Mycoplasmoides pneumoniae,2104.332,aerobe
,,,,,722438.5,
,,,,,GCA_900660465,
8616,"M129, M129-B7","DSM 23979, ATCC 29342",0,Mycoplasmoides pneumoniae,1238993.3,aerobe
,,,,,272634.6,
,,,,,GCA_000027345,
,,,,,GCA_000331085,
8628,1642,"DSM 22457, ATCC BAA-1895",1,Mycoplasmopsis mucosicanis,GCA_006546935,aerobe
8624,UCMF,"DSM 22021, ATCC 51945, CIP 105812",1,Mycoplasmopsis sturni,1122249.3,aerobe
,,,,,1122249.5,
,,,,,2561511123,
,,,,,GCA_000701485,
24032,IM13,"DSM 26542, NBIMCC 8736",1,Myroides guanonis,1150112.3,aerobe
,,,,,2622736509,
,,,,,GCA_900114085,
5623,JS-08,"DSM 23048, JCM 16529, KCTC 23023, CIP 110392",1,Myroides marinus,2615840711,aerobe
,,,,,703342.6,
,,,,,GCA_900109075,
138182,CL 229/67,"CIP 105170, NCTC 11180, LMG 4029, CCUG 39352, DSM 112291, JCM 7460, ATCC BAA-634, CCM 3298, CGMCC 1.10437",1,Myroides odoratimimus subsp. odoratimimus,2713896912,aerobe
,,,,,2838958572,
,,,,,76832.15,
,,,,,76832.8,
,,,,,GCA_001485415,
,,,,,GCA_900453765,
5624,MY15,"DSM 23313, LMG 25566, JCM 17139",1,Myroides phaeus,2675903217,aerobe
,,,,,702745.3,
,,,,,GCA_900099675,
166567,AB053B,"NBRC 114350, NCCB 100767",1,Myxococcus eversor,GCA_010894455,aerobe
,,,,,NZ_JAAIXY000000000.1,
167926,AM301,"NBRC 114352, NCCB 100768",1,Myxococcus vastator,GCA_010894475,aerobe
,,,,,NZ_JAAIYB000000000.1,
133894,ZLM-10,"CCTCC AB 208222, KCTC 23983",1,Nafulsella turpanensis,2551306499,aerobe
,,,,,GCA_000346615,
166309,,"CGMCC 4.7629, NBRC 114017, YIM 132087",1,Nakamurella alba,2665158.3,aerobe
,,,,,2910341627,
,,,,,GCA_009707545,
166422,12Sc4-1,"KCTC 49114, CGMCC 1.16555",1,Nakamurella deserti,2785510704,aerobe
,,,,,GCA_003260015,
132455,2Q3S-4-2,"DSM 100722, CGMCC 4.7308, JCM 31778",1,Nakamurella endophytica,1748367.3,aerobe
,,,,,GCA_014646215,
168508,N5BH11,"CGMCC 4.7524, KCTC 49196",1,Nakamurella flava,GCA_005298075,aerobe
,,,,,SZZH00000000,
23147,DS-52,"DSM 26917, CIP 108919, JCM 15652, KCTC 19127, NBRC 105867",1,Nakamurella flavida,2923639079,aerobe
,,,,,363630.3,
,,,,,GCA_016918095,
10174,DLS-10,"DSM 19367, JCM 16024, KCTC 19285, DLS 10, NBRC 106258",1,Nakamurella lactea,1123241.3,aerobe
,,,,,2524614512,
,,,,,GCA_000426645,
23148,P4-7,"DSM 26919, CECT 7604, KCTC 19426, JCM 31706",0,Nakamurella panacisegetis,1090615.3,aerobe
,,,,,2636416005,
,,,,,GCA_900104535,
133020,S20-107,"DSM 102309, LMG 29427",1,Nakamurella silvestris,1645681.3,aerobe
,,,,,2833868136,
,,,,,GCA_003576535,
1570,HN30,"DSM 21771, JCM 15649",1,Natribacillus halophilus,2634166325,aerobe
,,,,,549003.4,
,,,,,GCA_900100185,
134340,HIS40-3,"BCC 24370, JCM 14663, PCU 303",1,Natrinema gari,1230459.4,aerobe
,,,,,2554235484,
,,,,,GCA_000337175,
131258,294-194-5,"DSM 27208, CECT 7630, JCM 16593",1,Natronoarchaeum philippinense,2728369221,aerobe
,,,,,558529.3,
,,,,,GCA_900215575,
24083,B23,"DSM 24767, CECT 8068, JCM 17655",1,Natronobacterium texcoconense,1095778.3,aerobe
,,,,,2636416047,
,,,,,GCA_900104065,
5967,B1,"DSM 18795, CECT 7216, JCM 14583, KCTC 4018, CGMCC 1.7070, NBRC 110680",1,Natronococcus jeotgali,1227498.3,aerobe
,,,,,2554235493,
,,,,,GCA_000337695,
5898,"8.8.11, CSW8.8.11","DSM 18674, CECT 7526, JCM 14361",1,Natronomonas moolapensis,2540341082,aerobe
,,,,,268739.6,
,,,,,GCA_000591055,
134191,3-Jul,"CGMCC 1.4299, JCM 13488",1,Natronorubrum aibiense,GCA_009392895,aerobe
133563,CG-6,"CECT 7487, CGMCC 1.8981, JCM 15982",1,Natronorubrum sediminis,2617270925,aerobe
,,,,,640943.3,
,,,,,GCA_900108095,
134219,AD2,"CGMCC 1.6307, JCM 14089",1,Natronorubrum sulfidifaciens,1230460.4,aerobe
,,,,,2554235497,
,,,,,GCA_000337735,
140343,AFT2,"DSM 103164, CCTCC AB 2015428, JCM 33579",1,Naumannella cuiyingiana,1347891.3,aerobe
,,,,,2834019907,
,,,,,GCA_013408305,
12674,WS 4616,"DSM 24323, LMG 26184, JCM 30997",1,Naumannella halotolerans,2731957515,aerobe
,,,,,993414.3,
,,,,,GCA_004364645,
24762,J221,"DSM 28678, CGMCC 1.10130, NRRL B-51319",1,Neiella marina,2886580473,aerobe
,,,,,508461.6,
,,,,,GCA_002165625,
,,,,,GCA_014636195,
10485,H6,"DSM 18000, ATCC 14687, CCUG 2153, CIP 103347, LMG 8383, NCTC 10296, CCUG 56775",1,Neisseria canis,2877225389,aerobe
,,,,,493.4,
,,,,,493.7,
,,,,,GCA_002108495,
,,,,,GCA_900636765,
10489,"M-740, W1","DSM 19175, ATCC 33926, CCUG 41451, CIP 103346, CCUG 24962",1,Neisseria macacae,651324075,aerobe
,,,,,997348.4,
,,,,,GCA_022749495,
10496,"871, WC 08-871","CCUG 59856, DSM 22246, CIP 109933",1,Neisseria shayeganii,1032488.3,aerobe
,,,,,2513237270,
,,,,,GCA_000226875,
10481,ISL775/91,"DSM 17688, ATCC 51410, CCM 4587, CCUG 4007, CIP 103940, LMG 5135, NCTC 12742",1,Neisseria weaveri,1051985.3,aerobe
,,,,,2519899601,
,,,,,28091.9,
,,,,,2869912574,
,,,,,GCA_000224255,
,,,,,GCA_900638685,
1251,B1801T,"DSM 18237, LMG 17489, NCIMB 13771, Rcp Sm1, JCM 21708, CIP 106910, IAM 15257, KCTC 13885, KCTC 3851, LMG 19448, NBRC 102428",1,Neobacillus fumarioli,1314754.3,aerobe
,,,,,2731957653,
,,,,,GCA_001591485,
23709,,"DSM 27594, JCM 17335, KCTC 13945, DCY 53",1,Neobacillus ginsengisoli,2926503875,aerobe
140352,SYP-B691,"DSM 29196, JCM 30743",1,Neobacillus notoginsengisoli,1578198.3,aerobe
,,,,,GCA_003515685,
164404,YLB-04,"JCM 32872, MCCC 1A12711",1,Neobacillus piezotolerans,GCA_003362805,aerobe
1249,,"DSM 18135, KCTC 13943, Gsoil 420",1,Neobacillus pocheonensis,GCA_023702235,aerobe
7141,GR1,"DSM 15528, ATCC BAA-740",1,Neomegalonema perideroedes,1122218.3,aerobe
,,,,,2515154196,
,,,,,GCA_000374145,
140035,DY66,"DSM 105783, JCM 16364, KCTC 19557, NBRC 109060",1,Neomicrococcus aestuarii,2857395869,aerobe
,,,,,556325.12,
,,,,,GCA_014201135,
13638,,"DSM 21826, CCBAU 01393, HAMBI 3051, LMG 24763",1,Neorhizobium alkalisoli,2854896431,aerobe
,,,,,528178.3,
,,,,,GCA_002968635,
166100,24NR,"ACCC 61588, JCM 33731",1,Neorhizobium lilium,GCA_004053875,aerobe
13640,,"DSM 25378, CCBAU 05176, LMG 25447, HAMBI 3039",1,Neorhizobium vignae,2585428001,aerobe
,,,,,690585.4,
,,,,,GCA_000732195,
158718,S27-2,"KCTC 52335, MCCC 1A02149",1,Neptunicella marina,GCA_014270035,aerobe
133855,P10-2-4,"CGMCC 1.10971, KCTC 23686",1,Neptunomonas qingdaonensis,1045558.5,aerobe
,,,,,2663762747,
,,,,,GCA_016082375,
,,,,,GCA_900113275,
13682,2SM4,"DSM 16309, CCUG 49433, CECT 5292, CIP 108404",1,Nereida ignava,1122600.3,aerobe
,,,,,2599185238,
,,,,,2706794653,
,,,,,282199.8,
,,,,,282199.9,
,,,,,GCA_001049735,
,,,,,GCA_001404155,
,,,,,GCA_900114125,
132446,CK5,"DSM 27373, JCM 19723, CIP 110620",1,Nesterenkonia aurantiaca,1436010.5,aerobe
,,,,,2802428805,
,,,,,GCA_004364585,
140586,10C,"LMG 29100, KCTC 39636, CGMCC 1.15388",1,Nesterenkonia cremea,1882340.4,aerobe
,,,,,GCA_014642675,
7772,,"DSM 16378, JCM 19556, KCTC 19048, YIM 70179, JCM 16019",1,Nesterenkonia halophila,302044.3,aerobe
,,,,,GCA_009467795,
7769,JG-241,"DSM 19081, JCM 12610, KCTC 19053, CIP 109490, NCIMB 14784",1,Nesterenkonia jeotgali,2867985893,aerobe
,,,,,317018.11,
,,,,,GCA_014138825,
7763,EL-30T,"CCUG 47141, JCM 11953, DSM 12544, CIP 107030, IFAM EL-30",1,Nesterenkonia lacusekhoensis,150832.3,aerobe
,,,,,2918341021,
,,,,,GCA_017876395,
7766,,"DSM 15666, CCTCC AA 203010, CIP 108679, KCTC 19013, YIM 70081, JCM 13019, CIP 107970, JCM 19019",1,Nesterenkonia lutea,272919.13,aerobe
,,,,,2870870664,
,,,,,GCA_014873955,
164194,M8,"JCM 32100, CGMCC 1.16706, MCC 3367",1,Nesterenkonia natronophila,2866426054,aerobe
,,,,,GCA_003595215,
130435,GP10-3,"DSM 27959, JCM 31979, KCTC 29119",1,Nesterenkonia populi,1591087.3,aerobe
,,,,,GCA_007994735,
7767,,"DSM 15664, CCTCC AA 203007, CIP 108680, KCTC 19011, YIM 70009, JCM 13020",1,Nesterenkonia sandarakina,272918.6,aerobe
,,,,,2856487714,
,,,,,GCA_013410215,
17661,GR15-1,"DSM 19509, KACC 11703",1,Nevskia soli,1122604.3,aerobe
,,,,,2565956524,
,,,,,GCA_000711955,
17758,R2A15-11,"DSM 17617, CIP 109580, KACC 11698",1,Niabella aurantiaca,1122605.3,aerobe
,,,,,2515154175,
,,,,,GCA_000374125,
24735,"E90, E96","CCUG 62505, DSM 25811, CCM 8410, LMG 26954, CIP 110418",1,Niabella drilacis,1285928.3,aerobe
,,,,,2619619035,
,,,,,GCA_900101395,
133448,GR10-1,"KACC 13021, JCM 15444, NBRC 106414",1,Niabella ginsengisoli,GCA_022513635,aerobe
133388,THG-DN5.5,"KACC 18857, CCTCC AB 2016086",1,Niabella hibiscisoli,GCA_022512515,aerobe
24734,"E96, E90","DSM 25812, CCM 8411, LMG 26956, CCUG 62507, CIP 110416",1,Niabella hirudinis,2828585208,aerobe
140823,R384,"KEMB 9005-329, KACC 18454, JCM 31011",1,Niabella pedocola,GCA_021044425,aerobe
17759,JS13-8,"DSM 19437, KACC 12604",1,Niabella soli,2506783006,aerobe
,,,,,929713.3,
,,,,,GCA_000243115,
642,"Ford 26, 26, 726","DSM 11, ATCC 4513, CCM 2048, JCM 2504, LMG 13261, NCIB 9374, NCTC 2610, CCUG 7416, ATCC 9140, ATCC 24, BCRC 10605, CECT 10, CIP 52.75, HAMBI 1911, IAM 12462, IAM 14175, IFO 13626, KCTC 3347, LMG 6926, NBRC 13626, NCCB 75011, NCFB 1775, NCIMB 9374, NRRL B-378, NRRL B-380, VKM B-1242, VTT E-95570, NCDO 1775, NRRL NRS726",1,Niallia circulans,1348626.3,aerobe
,,,,,1397.16,
,,,,,2731957657,
,,,,,2814123177,
,,,,,GCA_001591585,
,,,,,GCA_900445325,
164454,M5HDSG1-1,"JCM 33117, CGMCC 1.13668",1,Niallia taxi,GCA_004005475,aerobe
,,,,,RZTZ00000000,
17756,GR20-10,"DSM 17620, KACC 11465",1,Niastella koreensis,2506520016,aerobe
,,,,,2802429642,
,,,,,700598.3,
,,,,,GCA_000246855,
,,,,,GCA_002077985,
133537,THYL-44,"CCTCC AB 208238, KCTC 22560",1,Niastella populi,2892975571,aerobe
,,,,,GCA_002078015,
17757,GR20-13,"DSM 17621, KACC 11466",1,Niastella yeongjuensis,2599185237,aerobe
,,,,,354355.6,
,,,,,GCA_002077935,
,,,,,GCA_900110245,
166361,BT10,"KCTC 62607, NBRC 114383",1,Nibribacter ruber,2698458.3,aerobe
,,,,,2883339560,
,,,,,GCA_009913235,
140471,JS7-11,"MCCC 1A00710, KCTC 42144",1,Nioella sediminis,2791354906,aerobe
,,,,,GCA_001879695,
13946,DR41_21,"DSM 18348, CIP 109265, OOB 129",1,Nisaea denitrificans,1122607.5,aerobe
,,,,,2524614677,
,,,,,GCA_000426505,
13947,DR41_18,"DSM 19540, CIP 109601, OOB 128",1,Nisaea nitritireducens,568392.3,aerobe
,,,,,GCA_014904795,
11872,,"DSM 19185, JCM 14851, KACC 11904, Ky 101, NBRC 106418",1,Nitratireductor kimnyeongensis,430679.3,aerobe
,,,,,430679.4,
,,,,,430679.5,
,,,,,430679.6,
,,,,,GCA_019891395,
17693,ANL-iso2,"DSM 45188, NBRC 105792, NCCB 100119, UNIQEM U239",1,Nitriliruptor alkaliphilus,1069448.9,aerobe
,,,,,2513020036,
,,,,,GCA_000969705,
140898,MEB087,"KCTC 42948, JCM 19317",1,Nitrincola alkalisediminis,1366656.3,aerobe
,,,,,2890467569,
,,,,,GCA_009821115,
11284,4CA,"DSM 16316, ATCC BAA-920",1,Nitrincola lacisaponensis,2576861796,aerobe
,,,,,GCA_000691225,
24722,LW7,"DSM 46695, CCUG 57665, JCM 15946, NCCB 100279",1,Nitritalea halalkaliphila,1189621.7,aerobe
,,,,,2513237132,
,,,,,GCA_000265075,
159828,MY1,"JCM 31640, KCTC 4249",1,Nitrosarchaeum koreense,GCA_000220175,aerobe
157948,NF5,"DSM 106890, JCM 32270, NCIMB 15114",1,Nitrosopumilus adriaticus,2627854092,aerobe
,,,,,GCA_000956175,
158487,D3C,"DSM 106147, JCM 32271, NCIMB 15115",1,Nitrosopumilus piranensis,2627853696,aerobe
,,,,,GCA_000875775,
10731,VA-12,"DSM 44432, ATCC 23824, ATCC BAA-279, IMMIB D-1599, IMMIB N-63, JCM 10984, NBRC 100374, CCUG 45938, CIP 106822, IMMIB D-1592, CGMCC 4.1723, IFM 10029",1,Nocardia abscessus,1206723.4,aerobe
,,,,,2551306170,
,,,,,GCA_000308455,
10818,GW4-1778,"DSM 45049, CCUG 53410, CIP 109315, JCM 14671, IFM 10820, NBRC 108247",1,Nocardia acidivorans,1210062.4,aerobe
,,,,,2731957723,
,,,,,GCA_001625085,
10753,SD769,"CCUG 46122, DSM 44491, ATCC BAA-280, CIP 109047, NBRC 100379, NCTC 13181, JCM 11438",1,Nocardia africana,1210061.4,aerobe
,,,,,2731957722,
,,,,,GCA_001612635,
10813,,"DSM 44997, CIP 109606, OFN S17, JCM 14670, IFM 10819, NBRC 108246",1,Nocardia altamirensis,1210064.5,aerobe
,,,,,2865295146,
,,,,,GCA_001612685,
10816,TT 00-78,"DSM 45066, KCTC 19208, NBRC 102102, JCM 14877, IFM 10867",1,Nocardia amamiensis,1210066.4,aerobe
,,,,,2731957726,
,,,,,GCA_001612745,
10715,W9988,"DSM 45539, CCUG 59655",1,Nocardia amikacinitolerans,2596583674,aerobe
,,,,,GCA_024172045,
10786,,"DSM 44729, IFM 0575, JCM 12118, NBRC 100135, CIP 108631",1,Nocardia araoensis,1206722.4,aerobe
,,,,,2551306168,
,,,,,GCA_000308435,
10775,,"DSM 44668, JCM 11892, NBRC 100129, CCUG 48826, IFM 0245, CIP 108374",1,Nocardia asiatica,1206721.4,aerobe
,,,,,2551306156,
,,,,,GCA_000308415,
10640,"727, GA 875, M 170-6, M170-6","DSM 43757, ATCC 19247, CCM 2754, DSM 43373, IMET 7547, JCM 3384, NCTC 11293, CCUG 10073, PSA 165, CECT 3051, CGMCC 4.1165, CIP 104503, HUT 6572, IFM 0319, IFO 15531, KCTC 9956, MTCC 274, NBRC 15531, NCAIM B.01954, NCIMB 12082, NRRL B-3828, PCM 2254",1,Nocardia asteroides,1110697.4,aerobe
,,,,,1110697.7,
,,,,,1824.7,
,,,,,1824.9,
,,,,,2563367075,
,,,,,2693429866,
,,,,,GCA_000308355,
,,,,,GCA_005863255,
,,,,,GCA_900114685,
,,,,,GCA_900637185,
10768,"02, O2 (AS 4.1521)","CCUG 46096, DSM 44636, AS 4.1521, CIP 107257, IFO 16342, JCM 10666, NBRC 16342, CGMCC 4.1521, IFM 10174, KCTC 19931, NCIMB 13870",1,Nocardia beijingensis,1210068.4,aerobe
,,,,,2731957728,
,,,,,GCA_001612785,
132481,1H-HV4,"DSM 100526, CGMCC 4.7278",1,Nocardia camponoti,1616106.3,aerobe
,,,,,GCA_014646135,
10655,30,"CCUG 48177, CIP 104509, IFO 14403, JCM 3375, NRRL B-1336, DSM 43397, ATCC 6847, IMRU 3419, NCTC 3527, DSM 43580, JCM 30727, BCRC 13693, CCM 2756, CGMCC 4.1167, CGMCC 4.1733, IFM 0237, IMET 7504, IMSNU 21185, KCTC 9957, NBRC 14403, VKM Ac-814",1,Nocardia carnea,1206726.4,aerobe
,,,,,2551306165,
,,,,,GCA_000308515,
10799,,"DSM 44804, CIP 108975, IFM 0354, JCM 12351, NBRC 100430, CCUG 52242",1,Nocardia concava,1206741.4,aerobe
,,,,,2551306180,
,,,,,GCA_000308815,
10809,,"DSM 44960, CIP 108996, OFN N12, JCM 15318, IFM 10920, NBRC 108252",1,Nocardia coubleae,1210069.4,aerobe
,,,,,2731957729,
,,,,,2902498892,
,,,,,356147.3,
,,,,,GCA_001612805,
,,,,,GCA_012395945,
10747,,"DSM 44484, CIP 107669, JCM 11763, NBRC 100375, CCUG 48295, IMMIB D-1627, IFM 10235",1,Nocardia cyriacigeorgica,1206728.4,aerobe
,,,,,135487.1,
,,,,,2551306157,
,,,,,GCA_000308555,
,,,,,GCA_005863225,
10795,,"DSM 44890, CCUG 50200, CIP 108553, IMMIB N-402, JCM 13394, JCM 13374, IFM 10589, NBRC 108235",1,Nocardia elegans,1210071.4,aerobe
,,,,,2731957731,
,,,,,GCA_001612845,
10806,,"DSM 44883, IFM 0803, JCM 12667, NBRC 100660, CIP 109337",1,Nocardia exalbida,1206729.4,aerobe
,,,,,2551306163,
,,,,,GCA_000308575,
10733,10.268-1,"DSM 44480, CCRC 13725, IFO 14341, JCM 3332, KCC A-0332, NBRC 14341, NRRL B-16176, CCUG 46925, BCRC 13725, CGMCC 4.1175, CIP 104511, IFM 0851, IMSNU 21181, IMSNU 21192, KCTC 9371, NBRC 108225",1,Nocardia flavorosea,1220553.4,aerobe
,,,,,2731957753,
,,,,,53429.3,
,,,,,GCA_001613385,
,,,,,GCA_012396035,
10830,A2012,"DSM 45516, KCTC 19986, NRRL B-24833, JCM 19958",1,Nocardia goodfellowii,2917953210,aerobe
,,,,,882446.3,
,,,,,GCA_017875645,
23157,GW5-5797,"DSM 45869, CCUG 60970, CIP 110294, JCM 19117, NBRC 108939",1,Nocardia grenadensis,1223546.4,aerobe
,,,,,2731957754,
,,,,,GCA_001613445,
10778,,"DSM 44732, CIP 108597, IFM 10084, JCM 12121, NBRC 100133",1,Nocardia higoensis,1206730.4,aerobe
,,,,,2551306154,
,,,,,GCA_000308595,
10764,,"DSM 44496, CIP 107670, JCM 11764, NRRL B-24141, CCUG 48296, IMMIB R-1434, CGMCC 4.1830, KCTC 19935, NBRC 108230",1,Nocardia ignorata,1210075.4,aerobe
,,,,,145285.4,
,,,,,2731957734,
,,,,,2770939491,
,,,,,GCA_001612905,
,,,,,GCA_004362495,
10808,"N 3-2, N3-2","DSM 44959, JCM 13281, NRRL B-24430, CIP 109185, IFM 10687, NBRC 103114, NCIMB 14343",1,Nocardia jejuensis,1210088.4,aerobe
,,,,,2681812981,
,,,,,GCA_001613145,
10802,43401,"DSM 17684, AS 4.1905, CGMCC 4.1905, IFM 10633, JCM 12861, CIP 109010, NBRC 101359",1,Nocardia jiangxiensis,1206731.4,aerobe
,,,,,2563367078,
,,,,,GCA_000308615,
10815,"04-5195, 5195","DSM 45048, CGMCC 4.3508, JCM 14879, IFM 10864, NBRC 108249",1,Nocardia jinanensis,1210082.6,aerobe
,,,,,1210082.8,
,,,,,2724679036,
,,,,,2731957740,
,,,,,382504.3,
,,,,,GCA_001482675,
,,,,,GCA_001613025,
,,,,,GCA_014645735,
10801,,"DSM 44933, CCTCC AA 204005, KCTC 19028, YIM 33378, JCM 13592, IFM 10680, NBRC 108240",1,Nocardia lijiangensis,1210083.4,aerobe
,,,,,2731957741,
,,,,,GCA_001613045,
164366,Y48,"JCM 32795, CGMCC 4.7494",1,Nocardia mangyaensis,2866986376,aerobe
,,,,,GCA_001886715,
10722,,"DSM 44952, CIP 108295, JCM 14590, IFM 10801, NBRC 108244, OFN 785-81",1,Nocardia mexicana,1210089.4,aerobe
,,,,,2698536635,
,,,,,2770939516,
,,,,,279262.5,
,,,,,GCA_001613165,
,,,,,GCA_003350525,
10826,"188-03, W8061","DSM 45174, JCM 15508, NBRC 108933",1,Nocardia mikamii,1223548.4,aerobe
,,,,,2731957757,
,,,,,GCA_001613505,
10803,117,"DSM 17685, AS 4.1904, CGMCC 4.1904, IFM 10632, JCM 12860, CIP 109011, NBRC 108239",1,Nocardia miyunensis,1210084.4,aerobe
,,,,,2731957742,
,,,,,GCA_001613065,
10774,"SBHROA6, SBH<SUB>R</SUB>OA6","DSM 44717, NCIMB 13955, JCM 12604, CIP 108429, IFM 10560, NBRC 108232",1,Nocardia neocaledoniensis,1210080.3,aerobe
,,,,,236511.3,
,,,,,2770939500,
,,,,,GCA_003182135,
,,,,,GCA_007990735,
10810,,"DSM 44978, CIP 108955, OFN 02.72, JCM 14667, IFM 10816, NBRC 108245",1,Nocardia ninae,1210091.3,aerobe
,,,,,GCA_007990755,
10827,W9241,"DSM 45340, CCUG 57756, JCM 19118, NBRC 108934, CIP 110302",1,Nocardia niwae,1223489.4,aerobe
,,,,,2731957755,
,,,,,GCA_001613465,
10742,"23095, 2338, R443(1), R443","DSM 44481, ATCC 33726, CCRC 13746, CIP 104777, IFM 0290, IFO 15556, JCM 6044, NBRC 15556, CCUG 45939, BCRC 13746, CECT 3056, CGMCC 4.1705, CGMCC 4.1879, IMSNU 21197, IMSNU 21201, KCTC 9959, VKM Ac-1971",1,Nocardia nova,1210081.4,aerobe
,,,,,2731957739,
,,,,,GCA_001613005,
159507,,"DSM 105904, CCTCC AA 2017043, KCTC 49030, YIM PH21724",1,Nocardia panacis,GCA_003598715,aerobe
10728,,"DSM 44386, ATCC BAA-278, JCM 10919, NBRC 100373, CCUG 46117, IMMIB D-1632, CGMCC 4.1722, CIP 106798, IFM 10001",1,Nocardia paucivorans,1206734.4,aerobe
,,,,,2551306169,
,,,,,GCA_000308675,
10787,,"DSM 44730, IFM 0784, JCM 12119, NBRC 100136, CIP 108644",1,Nocardia pneumoniae,1206737.4,aerobe
,,,,,2551306160,
,,,,,GCA_000308755,
10767,,"DSM 44599, CCUG 48752, NRRL B-24204, IMMIB R-145, JCM 13031, CIP 108222, IFM 10564, NBRC 108233",1,Nocardia puris,1210090.4,aerobe
,,,,,208602.3,
,,,,,2675903655,
,,,,,2770939563,
,,,,,GCA_001613185,
,,,,,GCA_003315035,
158323,,"DSM 101726, CGMCC 4.7329, KCTC 39693, KLBMP S0039",1,Nocardia rhizosphaerihabitans,1691570.3,aerobe
,,,,,GCA_014646295,
10752,"44691, R89","DSM 44490, CIP 107225, JCM 11439, NBRC 100378, NCIMB 13758, CCUG 46121, CCUG 46295, IFM 10176",1,Nocardia salmonicida subsp. cummidelens,1210073.4,aerobe
,,,,,2731957732,
,,,,,GCA_001612865,
10725,NA 8191,"DSM 44129, ATCC 43993, CCUG 46828, CIP 104778, IFO 15557, JCM 3360, NBRC 15557, NCIMB 13256, VKM Ac-1967, BCRC 13745, IFM 0286, IMSNU 21188",1,Nocardia seriolae,1210095.3,aerobe
,,,,,GCA_007990715,
10777,,"DSM 44733, CIP 108598, IFM 10311, JCM 12122, NBRC 100134",1,Nocardia shimofusensis,1210087.4,aerobe
,,,,,2731957745,
,,,,,GCA_001613125,
10820,N2-11,"DSM 45078, JBRI 2006, KCTC 19223, JCM 14881, IFM 10868, NBRC 108251",1,Nocardia speluncae,1210094.4,aerobe
,,,,,2713896924,
,,,,,2900415656,
,,,,,419477.3,
,,,,,GCA_001613245,
,,,,,GCA_012395985,
164318,NEAU-LL90,"JCM 32663, CGMCC 4.7500",1,Nocardia stercoris,GCA_003696265,aerobe
,,,,,RFFH01000000,
10780,MS1-3,"DSM 44801, CIP 108681, NBRC 100417, JCM 13313, IFM 10572",1,Nocardia takedensis,1206735.3,aerobe
,,,,,2551306172,
,,,,,GCA_000308695,
10814,,"DSM 44935, DSM 44897, IFM 0706, JCM 13033, NBRC 100888, CIP 109636",1,Nocardia terpenica,1206738.4,aerobe
,,,,,2551306167,
,,,,,455432.12,
,,,,,GCA_000320925,
,,,,,GCA_013186535,
10717,"3426, 16, strain 16","DSM 43405, ATCC 6865, DSM 43582, IFO 15921, IMRU 3426, NBRC 15921, NCTC 2392, CCUG 45937, CIP 104841, JCM 9099, CCM 2776, CCUG 4.1169, IFM 0333, IMET 7500, NRRL B-16037, VKM Ac-867",1,Nocardia transvalensis,1206744.4,aerobe
,,,,,2551306177,
,,,,,2863047402,
,,,,,37333.3,
,,,,,GCA_000308875,
,,,,,GCA_014203315,
10721,"BG 19, Schering 245, BG19, 245","DSM 43285, ATCC 11092, CBS 247.55, CCM 2757, IFO 15922, IMET 7503, IMRU 3500, JCM 3395, NBRC 15922, CCUG 46116, BCRC 13695, CIP 104899, ICMP 15782, ICMP 5814, IMSNU 21184, NCPPB 954, NRRL WC-3500, VKM Ac-1336, VKM Ac-856, CCRC 13695",1,Nocardia vaccinii,1210098.4,aerobe
,,,,,2681812982,
,,,,,GCA_001613305,
10760,M157222,"DSM 44445, CIP 107095, KCTC 19902, NRRL B-24136, CCUG 46118, JCM 11307, IFM 10086, NBRC 100344",1,Nocardia veterana,1206743.4,aerobe
,,,,,132249.3,
,,,,,2551306183,
,,,,,GCA_000308855,
,,,,,GCA_012396305,
10797,276,"DSM 44895, CGMCC 4.1860, IFM 10549, JCM 12160, NBRC 101358",1,Nocardia xishanensis,1210101.4,aerobe
,,,,,2731957752,
,,,,,GCA_001613365,
157981,,"DSM 46763, JCM 30082, CFH S0054",1,Nocardia yunnanensis,GCA_003626895,aerobe
11140,MSL-28,"DSM 19323, KCTC 19276, JCM 16020, MSL 28",1,Nocardioides agariphilus,433664.4,aerobe
,,,,,GCA_015352445,
23165,CD40127,"DSM 25218, CECT 8014",1,Nocardioides albertanoniae,1175486.3,aerobe
,,,,,2816332112,
,,,,,GCA_006716315,
141143,"THG-S11.7, THG-S11-7","KCTC 39607, CCTCC AB 2015297, JCM 31749",1,Nocardioides albidus,1517589.3,aerobe
,,,,,2902201542,
,,,,,GCA_006335005,
11090,652-48,"DSM 43109, ATCC 27980, CCM 2712, IMET 7807, JCM 3185, NCIB 11454, CCUG 37987, CIP 103451, BCRC 12442, CECT 3302, CGMCC 4.1230, CGMCC 4.1334, IFO 13917, IMSNU 20105, KACC 20014, KCTC 9186, LMG 16326, NBRC 13917, NCIMB 11454, NRRL B-5389, VKM Ac-682, VKM Ac-805",1,Nocardioides albus,1841.3,aerobe
,,,,,1841.4,
,,,,,2824326936,
,,,,,GCA_014191915,
,,,,,GCA_014648255,
11116,KSL-1,"DSM 16699, KCTC 19037, JCM 13365, BCRC 16826, CIP 108736",1,Nocardioides alkalitolerans,1122608.3,aerobe
,,,,,2524614663,
,,,,,GCA_000426525,
159868,,"KCTC 49020, CGMCC 4.7457, CFH 30205, DSM 105807",1,Nocardioides allogilvus,2144186.3,aerobe
,,,,,2855286858,
,,,,,GCA_003047285,
11153,Cr7-14,"DSM 23325, CGMCC 1.10697, LMG 26053, JCM 18960",1,Nocardioides alpinus,2663762717,aerobe
,,,,,2802429337,
,,,,,748909.6,
,,,,,748909.8,
,,,,,GCA_002836395,
,,,,,GCA_021083255,
,,,,,GCA_900112035,
132635,B2-12,"DSM 100725, KCTC 39748, NRRL B-65313",1,Nocardioides baekrokdamisoli,1804624.3,aerobe
,,,,,2843215260,
,,,,,GCA_003945325,
11145,MN8,"DSM 23134, CCUG 57506, KCTC 19600, JCM 19119",1,Nocardioides caeni,574700.3,aerobe
,,,,,GCA_004912195,
133079,,"DSM 29950, KCTC 39551, YIM A1136, JCM 30631",1,Nocardioides cavernae,1921566.4,aerobe
,,,,,1921566.5,
,,,,,2893570996,
,,,,,GCA_014779675,
,,,,,GCA_016907475,
159744,IB-3,"KACC 19522, JCM 32672",1,Nocardioides currus,2834618132,aerobe
,,,,,GCA_003057875,
11148,MDN22,"DSM 23819, CCUG 57505, KCTC 19601",1,Nocardioides daedukensis,2844615251,aerobe
,,,,,634462.3,
,,,,,GCA_013408415,
133929,2C1-5,"JCM 17460, KCTC 19799",1,Nocardioides daeguensis,GCA_019192965,aerobe
11155,MJ31,"DSM 25320, JCM 16922, KCTC 19772",1,Nocardioides daejeonensis,2866264325,aerobe
,,,,,GCA_003194585,
11131,D287,"DSM 18664, CCM 7403, JCM 16608",1,Nocardioides daphniae,2841404167,aerobe
,,,,,402297.3,
,,,,,402297.4,
,,,,,GCA_004777465,
,,,,,GCA_014635145,
11143,FR1436,"DSM 22004, JCM 14815, KCTC 19309",1,Nocardioides dokdonensis,1300347.3,aerobe
,,,,,2751185838,
,,,,,GCA_001653335,
166484,SZ4R5S7,"CGMCC 4.7456, KCTC 39994",1,Nocardioides ferulae,GCA_003660455,aerobe
133240,Y4,"CGMCC 1.12791, MCCC 1A09944, LMG 28100, JCM 19770",1,Nocardioides flavus,2058780.3,aerobe
,,,,,GCA_014653115,
11121,SBS-26,"DSM 18445, JCM 13813, NRRL B-24465, CIP 109516",1,Nocardioides furvisabuli,GCA_021083185,aerobe
11115,JC2055,"DSM 16411, IMSNU 14028, JCM 12124, KCTC 9920, CGMCC 4.6875, CIP 108507, IAM 15306",1,Nocardioides ganghwensis,252230.3,aerobe
,,,,,2867498717,
,,,,,GCA_004137235,
166432,WSJ-1,"KCTC 49117, CCTCC AB 2018027",1,Nocardioides gansuensis,2855277504,aerobe
,,,,,GCA_003076135,
164490,130,"JCM 33269, CICC 24668",1,Nocardioides guangzhouensis,GCA_004519545,aerobe
,,,,,SDKM00000000,
11138,MSL-23,"DSM 19273, KCTC 19274, MSL 23",1,Nocardioides halotolerans,1122609.3,aerobe
,,,,,2523533541,
,,,,,GCA_000422805,
158314,78,"DSM 106424, CGMCC 4.7461",1,Nocardioides houyundeii,2775506984,aerobe
,,,,,GCA_002865585,
11146,,"DSM 23133, KCTC 19265, LMG 24128, DCY 24, JCM 14942, JCM 17026",1,Nocardioides humi,GCA_006494775,aerobe
141103,FLL521,"KCTC 39931, CCTCC AB 2017083",1,Nocardioides immobilis,2049295.3,aerobe
,,,,,2834611595,
,,,,,GCA_003515065,
11120,DS-51,"DSM 17944, CIP 109626, KCTC 19180, JCM 15308",1,Nocardioides insulae,1122610.3,aerobe
,,,,,2524614651,
,,,,,GCA_000422825,
11137,MSL-26,"DSM 19321, KCTC 19275, MSL 26",1,Nocardioides islandensis,433663.4,aerobe
,,,,,GCA_015352455,
11124,A2-4,"DSM 19082, CIP 109335, JCM 12609, KCTC 19054, BCRC 16836, KCTC 9995",1,Nocardioides kongjuensis,2844818640,aerobe
,,,,,349522.3,
,,,,,GCA_013409625,
11113,KSL-2,"DSM 16314, KCTC 19038, JCM 13594, CIP 108882",1,Nocardioides kribbensis,305517.3,aerobe
,,,,,GCA_015070375,
11157,D94-1,"DSM 24663, CGMCC 4.6858, JCM 19667",1,Nocardioides lianchengensis,1045774.4,aerobe
,,,,,1045774.5,
,,,,,2675903056,
,,,,,2844625742,
,,,,,GCA_013409225,
,,,,,GCA_900101465,
140309,002-2,"DSM 103718, KCTC 39838",0,Nocardioides litoris,1926648.3,aerobe
,,,,,2902197013,
,,,,,GCA_006346315,
11102,939-9,"DSM 43366, ATCC 43052, DSM 43811, IFO 14491, IMET 7830, JCM 3358, NBRC 14491, NCIB 11455, CCUG 37986, CIP 103450, IMSNU 22020, KCTC 9575, LMG 16209, NCIMB 11455, VKM Ac-1246",1,Nocardioides luteus,1844.5,aerobe
,,,,,2923421364,
,,,,,GCA_014648595,
11126,CL-DD14,"DSM 18248, CIP 109596, KCCM 42321, JCM 15615",1,Nocardioides marinus,2831307866,aerobe
,,,,,374514.3,
,,,,,GCA_013408145,
11112,,"DSM 16090, NCIMB 14004, BAS 3, JCM 14342, CGMCC 4.6882, CIP 108901, IAM 15341",1,Nocardioides oleivorans,273676.3,aerobe
,,,,,2867494351,
,,,,,GCA_004137255,
158822,THG-T63,"KACC 19192, CGMCC 4.7388",1,Nocardioides pelophilus,2172019.3,aerobe
,,,,,2921387157,
,,,,,GCA_014180685,
23164,"I10A-0142, I10A-01402","DSM 24552, CPCC 203382, KCTC 29022",1,Nocardioides perillae,1119534.3,aerobe
,,,,,2844622285,
,,,,,GCA_013409425,
24251,RHLT2-1,"DSM 27452, CGMCC 1.11156, NBRC 108563, JCM 19668",1,Nocardioides psychrotolerans,1005945.5,aerobe
,,,,,1005945.6,
,,,,,2663762759,
,,,,,GCA_007992415,
,,,,,GCA_900113685,
130492,Sco-A25,"DSM 23986, KCTC 19805, NBRC 107916",1,Nocardioides rubriscoriae,2899979250,aerobe
,,,,,642762.3,
,,,,,GCA_008087085,
11135,CL-Z59,"DSM 18239, KCCM 42320",1,Nocardioides salarius,2893566641,aerobe
,,,,,374513.3,
,,,,,374513.4,
,,,,,374513.5,
,,,,,GCA_015070765,
,,,,,GCA_015339545,
,,,,,GCA_016907435,
11144,,"DSM 19263, JCM 19559, KCTC 19271, MSL 01",1,Nocardioides sediminis,2866221110,aerobe
,,,,,433648.4,
,,,,,GCA_003047295,
166421,S-34,"KCTC 49137, CCTCC AB 2018079",1,Nocardioides silvaticus,2201891.3,aerobe
,,,,,2855273060,
,,,,,GCA_003160695,
24250,RHLT1-17,"DSM 27403, CGMCC 1.11147, NBRC 108562, JCM 19669",1,Nocardioides szechwanensis,1005944.4,aerobe
,,,,,1005944.5,
,,,,,2671180088,
,,,,,GCA_007992395,
,,,,,GCA_900103935,
24248,VA15,"DSM 28109, CGMCC 1.7056, JCM 16799, NBRC 104259",1,Nocardioides terrae,2617270786,aerobe
,,,,,574651.3,
,,,,,GCA_900112345,
11130,DS-17,"DSM 21550, JCM 14582, KCTC 19217",1,Nocardioides terrigena,424797.3,aerobe
,,,,,GCA_003047265,
140673,,"CCTCC AB 2016296, DSM 103833, YIM 73001, NCCP 696",1,Nocardioides thalensis,1914755.3,aerobe
,,,,,2856476943,
,,,,,GCA_013410655,
164533,21Sc5-5,"JCM 33365, CGMCC 4.7608",1,Nocardioides vastitatis,GCA_004803405,aerobe
,,,,,SSXI00000000,
164547,HY056,"JCM 33399, CGMCC 4.7563",1,Nocardioides yefusunii,GCA_004014875,aerobe
166181,HLT2-9,"CGMCC 1.11084, NBRC 109783",1,Nocardioides zhouii,1168729.3,aerobe
,,,,,GCA_004137345,
11215,"49, SNG49","DSM 44442, JCM 13853, NRRL B-24244, CGMCC 4.2109, NBRC 104164, CIP 108419",1,Nocardiopsis aegyptia,220378.3,aerobe
,,,,,2856493217,
,,,,,GCA_013410755,
131849,WS 2,"DSM 44657, CCTCC AA 001031, JCM 12678, YIM 80379, NBRC 104163",1,Nocardiopsis alkaliphila,1246461.3,aerobe
,,,,,2551306677,
,,,,,GCA_000341005,
11240,HM 7,"DSM 45278, CCUG 58831, UTMC 00103",1,Nocardiopsis sinuspersici,2856499481,aerobe
,,,,,501011.3,
,,,,,GCA_013410445,
11222,,"DSM 44844, CCTCC AA 2040015, CIP 109297, KCTC 19008, NBRC 104398, YIM 90109, JCM 15311",1,Nocardiopsis chromatogenes,1246475.3,aerobe
,,,,,2551306678,
,,,,,GCA_000341185,
11234,,"DSM 45031, CGMCC 4.3500, HBUM 20038, JCM 15475",1,Nocardiopsis ganjiahuensis,1237500.3,aerobe
,,,,,2554235030,
,,,,,GCA_000341085,
11218,,"DSM 44841, CCTCC AA 2040012, CIP 109294, KCTC 19006, NBRC 104397, YIM 90087, JCM 15312",1,Nocardiopsis gilva,1235441.3,aerobe
,,,,,1235441.5,
,,,,,2554235033,
,,,,,2773857897,
,,,,,GCA_000341165,
,,,,,GCA_002263495,
11220,,"DSM 44845, CCTCC AA 2040016, CIP 109298, KCTC 19009, NBRC 104399, YIM 90130, JCM 15310",0,Nocardiopsis halophila,1236902.3,aerobe
,,,,,2551306672,
,,,,,GCA_000341205,
11199,HA-9,"DSM 44524, JCM 10721, KCTC 9831, BCRC 16383, CGMCC 4.2083, CIP 108008, NBRC 100348",1,Nocardiopsis kunsanensis,1246445.3,aerobe
,,,,,2551306680,
,,,,,GCA_000340965,
11236,,"DSM 45168, KCTC 19473, JSM 073097, JCM 16954",1,Nocardiopsis kunsanensis,516701.3,aerobe
,,,,,GCA_014651735,
11237,,"DSM 45234, CCUG 56587, IMMIB L-21",1,Nocardiopsis potens,2554235031,aerobe
,,,,,570268.3,
,,,,,GCA_000341105,
11217,,"DSM 44839, CCTCC AA 204009, KCTC 19003, YIM 90010, JCM 13364, CIP 108478",1,Nocardiopsis salina,1246485.3,aerobe
,,,,,2551306679,
,,,,,GCA_000341025,
11238,HM6,"DSM 45277, CCUG 57624, UTMC 00102",1,Nocardiopsis sinuspersici,501010.4,aerobe
,,,,,GCA_001998325,
11243,,"DSM 45157, CCTCC AA 208011, KCTC 19431, YIM 90022",1,Nocardiopsis terrae,2870806736,aerobe
,,,,,372655.3,
,,,,,372655.4,
,,,,,GCA_014651695,
,,,,,GCA_014874035,
11235,,"DSM 45023, CGMCC 4.2135, HBUM 20028, JCM 16800",1,Nocardiopsis valliformis,1246448.3,aerobe
,,,,,2554235029,
,,,,,GCA_000340985,
156576,,"CCUG 62919, KCTC 32109",1,Nonlabens arenilitoris,1217969.3,aerobe
,,,,,2788500454,
,,,,,GCA_002954765,
5723,DSW-6,"DSM 17205, KCTC 12402",1,Nonlabens dokdonensis,2540341128,aerobe
,,,,,2593339282,
,,,,,328515.4,
,,,,,592029.3,
,,,,,GCA_000332115,
,,,,,GCA_003254015,
134174,CKA-5,"NBRC 100970, LMG 23247",1,Nonlabens tegetincola,2772190784,aerobe
,,,,,319236.5,
,,,,,GCA_002117085,
134161,UST030701-156,"NRRL B-41138, JCM 13191",1,Nonlabens spongiae,2751185769,aerobe
,,,,,331648.3,
,,,,,331648.4,
,,,,,GCA_002117125,
134154,UST030701-324,"NRRL B-41136, JCM 12886, NBRC 101533",1,Nonlabens tegetincola,323273.9,aerobe
,,,,,GCA_002954355,
5724,SW256,"DSM 16809, NCIMB 14027",1,Nonlabens xylanidelens,191564.4,aerobe
,,,,,191564.5,
,,,,,2593339281,
,,,,,GCA_002934445,
,,,,,GCA_002954345,
166402,160415,"KCTC 39875, DSM 104309",1,Nonomuraea basaltis,GCA_005893125,aerobe
158292,,"DSM 103465, CGMCC 4.7368, KCTC 39805, SYSU K10005",1,Nonomuraea cavernae,2045107.3,aerobe
,,,,,GCA_014646355,
133109,,"MCCC 1K03213, KCTC 39826, XMU 110",1,Nonomuraea ceibae,1935170.3,aerobe
,,,,,GCA_019396325,
16564,5-38-42,"DSM 45129, CIP 109641, JCM 13931, MTCC 8090, CGMCC 4.5722",1,Nonomuraea coxensis,1122611.3,aerobe
,,,,,1122611.5,
,,,,,2515154141,
,,,,,GCA_000379885,
,,,,,GCA_019397265,
158929,KC310,"DSM 102919, CGMCC 4.7331, KCTC 39774",1,Nonomuraea deserti,2866762431,aerobe
,,,,,GCA_004348685,
,,,,,SMKO00000000,
159579,KC712,"DSM 102925, CGMCC 4.7334, KCTC 39776",1,Nonomuraea diastatica,2866772972,aerobe
,,,,,GCA_004349015,
,,,,,SMKP00000000,
132378,,"DSM 100948, ATCC 39727",1,Nonomuraea gerenzanensis,651716751,aerobe
141104,NEAU-BB2C19,"CGMCC 4.7430, DSM 104838",1,Nonomuraea glycinis,2047744.3,aerobe
,,,,,GCA_014646515,
,,,,,GCA_020215885,
16573,A4036,"DSM 45507, KCTC 19870",1,Nonomuraea jabiensis,2870526370,aerobe
,,,,,882448.3,
,,,,,GCA_014204795,
16561,"GW 14-1925, GW78","DSM 44753, JCM 13854, NRRL B-24325",1,Nonomuraea kuesteri,GCA_000716135,aerobe
159166,KC201,"DSM 102917, CGMCC 4.7339, KCTC 39781",1,Nonomuraea longispora,2866664766,aerobe
,,,,,GCA_004348345,
,,,,,SMJZ00000000,
164415,6K102,"JCM 32916, CGMCC 4.7541",1,Nonomuraea mesophila,GCA_004352805,aerobe
,,,,,SMLD00000000,
24634,FMN03,"DSM 45913, JCM 31211, KCTC 29233",1,Nonomuraea muscovyensis,1124761.3,aerobe
,,,,,2863215697,
,,,,,GCA_014207745,
164452,PA1-10,"JCM 33073, NBRC 112774, TISTR 2497",1,Nonomuraea phyllanthi,2895442618,aerobe
,,,,,GCA_006334985,
16556,NEAU-Z6,"DSM 45729, CGMCC 4.7037, JCM 30783",1,Nonomuraea solani,1144553.3,aerobe
,,,,,2675903140,
,,,,,GCA_900108335,
164685,CH32,"JCM 33876, KCTC 49368",1,Nonomuraea terrae,2866783905,aerobe
,,,,,GCA_004348995,
158158,KC-061,"DSM 46694, JCM 18408, KCTC 29074, PCU 327",1,Nonomuraea thailandensis,2872728642,aerobe
,,,,,GCA_024172165,
132533,NEAU-ND5,"DSM 100528, CGMCC 4.7280",1,Nonomuraea zeae,1642303.3,aerobe
,,,,,GCA_005889725,
14681,TRF-1,"DSM 19163, CIP 109506, LMG 24060, UCCCB22",1,Nosocomiicoccus ampullae,2861585789,aerobe
,,,,,489910.5,
,,,,,489910.8,
,,,,,GCA_001696685,
,,,,,GCA_014202595,
,,,,,GCA_019357495,
140696,XMTR2A4,"MCCC 1A01882, KCTC 52427",1,Notoacmeibacter marinus,2786546837,aerobe
,,,,,GCA_002238045,
133958,CC-AFH3,"BCRC 80516, JCM 18414",1,Noviherbaspirillum malthae,GCA_015352985,aerobe
24269,JC206,"DSM 25712, CSUR P159",1,Noviherbaspirillum massiliense,2547132156,aerobe
,,,,,GCA_000312045,
11372,SUEMI10,"DSM 24276, CECT 7840, LMG 26149",1,Noviherbaspirillum soli,GCA_015352955,aerobe
166370,Poly41,"DSM 103145, VKM B-3437",1,Novipirellula artificiosorum,GCA_007860135,aerobe
13940,,"DSM 11590, ATCC 33333, IFO 13615, NBRC 13615, CCUG 49448, IAM 14945, LMG 7370, JCM 21427, CIP 107759",1,Novispirillum itersonii subsp. nipponicum,189.8,aerobe
,,,,,2828310345,
,,,,,GCA_014205675,
14164,FSW 06-204d,"DSM 19966, CCM 7496, CCUG 55538",1,Novosphingobium acidiphilum,1122612.4,aerobe
,,,,,2523533537,
,,,,,GCA_000429005,
159855,Jyi-02,"BCRC 80537, KCTC 32422",1,Novosphingobium arvoryzae,1256514.3,aerobe
,,,,,GCA_014652615,
23265,LL02,"DSM 25411, CCM 7980",1,Novosphingobium barchaimii,1114963.3,aerobe
,,,,,2654587500,
,,,,,GCA_001046635,
141008,164,"CICC 11035s, DSM 103351",1,Novosphingobium clariflavum,GCA_026420865,aerobe
140931,Teta.03,"LMG 27385, KCTC 32255",1,Novosphingobium colocasiae,1256513.3,aerobe
,,,,,GCA_014652555,
23266,FNE08-7,"DSM 25065, CCM 7978, CCUG 61508",1,Novosphingobium fuchskuhlense,1117702.3,aerobe
,,,,,2775506978,
,,,,,GCA_001519075,
133078,SA925,"DSM 32207, GDMCC 1.1110",1,Novosphingobium guangzhouense,1850347.3,aerobe
,,,,,GCA_002896965,
141002,R1-4,"KACC 19094, JCM 31879",1,Novosphingobium humi,GCA_028607105,aerobe
23267,,"DSM 25409, CCM 7976, LE 124",0,Novosphingobium lindaniclasticum,1096930.3,aerobe
,,,,,2558860244,
,,,,,GCA_000445125,
14162,SM117,"DSM 23374, CCM 7473, MTCC 9020",1,Novosphingobium mathurense,2706795032,aerobe
,,,,,GCA_900168325,
166517,,"KCTC 52672, CCTCC AB 2017010, SYSU G00007",1,Novosphingobium meiothermophilum,GCA_003171715,aerobe
14156,TUT562,"CCUG 56309, DSM 18518, JCM 13951, NBRC 10251, NBRC 102051",1,Novosphingobium naphthalenivorans,1219034.3,aerobe
,,,,,2731957632,
,,,,,GCA_001590985,
14157,Y88,"DSM 19370, ICMP 16470, CCUG 56310",1,Novosphingobium nitrogenifigens,2515154075,aerobe
,,,,,651324078,
,,,,,983920.3,
,,,,,983920.7,
,,,,,GCA_000192575,
,,,,,GCA_000375445,
14163,SM16,"DSM 22890, CCM 7472, MTCC 9019",1,Novosphingobium panipatense,2706794921,aerobe
14152,US6-1,"CCUG 56449, CIP 108548, DSM 17173, JCM 12182, KCTC 10454, NCIMB 14244",1,Novosphingobium pentaromativorans,1088721.1,aerobe
,,,,,1088721.11,
,,,,,1088721.12,
,,,,,1088721.13,
,,,,,1088721.14,
,,,,,1088721.15,
,,,,,1088721.3,
,,,,,1088721.7,
,,,,,1088721.9,
,,,,,2608642102,
140899,SLH-16,"BCRC 80888, LMG 28418, KCTC 42194",1,Novosphingobium piscinae,1507448.3,aerobe
,,,,,2921275117,
,,,,,GCA_014230355,
23264,HU1-AH51,"DSM 27057, KCTC 22311, LMG 24320",1,Novosphingobium sediminicola,2829917985,aerobe
,,,,,563162.3,
,,,,,GCA_014196525,
14155,T3-B9,"DSM 17507, AS 1.3432, JCM 12465, CCUG 56308, BCRC 80740, CGMCC 1.3432, CIP 108789",1,Novosphingobium taihuense,2596583548,aerobe
,,,,,260085.3,
,,,,,260085.4,
,,,,,2828632817,
,,,,,GCA_007830315,
,,,,,GCA_014199635,
14280,"SW150, SW-150","DSM 16222, KCTC 12231, CIP 108792",1,Novosphingopyxis baekryungensis,1123270.3,aerobe
,,,,,2524614570,
,,,,,GCA_000420305,
134324,TDMA-5,"NBRC 102579, CCUG 54348",1,Nubsella zeaxanthinifaciens,GCA_003313335,aerobe
4990,42,"DSM 2777, ATCC 12841, NCIB 8771, CCUG 2078, CIP 82.93, LMG 3054, NCIMB 8771",1,Obesumbacterium proteus,1354268.4,aerobe
,,,,,2687453374,
,,,,,2802429663,
,,,,,82983.1,
,,,,,GCA_001586165,
,,,,,GCA_001655035,
132595,B4199,"DSM 100830, CCUG 67636",1,Thiopseudomonas alkaliphila,2657244959,aerobe
,,,,,GCA_001267175,
160327,T3246-1,"DSM 110499, JCM 32923, CGMCC 1.13532, CGMCC 1.13535",1,Occultella glacieicola,GCA_004353825,aerobe
158573,L54-1-50,"KCTC 52312, MCCC 1A05150",1,Oceanibaculum nanhaiense,2791354911,aerobe
,,,,,GCA_002148795,
24525,CLW,"DSM 24423, CGMCC 1.10808, LMG 26245, MCCC 1A06272",0,Oceanicella actignis,1234555.3,aerobe
,,,,,1234555.4,
,,,,,2615840710,
,,,,,2663762749,
,,,,,GCA_900111545,
,,,,,GCA_900143155,
141105,1-19b,"MCCC 1A11863, KCTC 52709",1,Oceaniglobus indicus,2788500143,aerobe
,,,,,GCA_002751875,
132996,S9-10,"DSM 28133, CGMCC 1.12628, LMG 28074",1,Oceanihabitans sediminis,1812012.3,aerobe
,,,,,2770939504,
,,,,,2833729168,
,,,,,GCA_003315315,
,,,,,GCA_003337215,
159645,102-Na3,"DSM 106032, JCM 32358, KCTC 62271",1,Oceanimonas marisflavi,2881423808,aerobe
,,,,,GCA_003049725,
164179,StC1,"JCM 32050, KACC 19231",1,Oceaniradius stylonematis,2882483387,aerobe
,,,,,GCA_003149475,
133770,V1-41,"CCUG 58690, KCTC 23013, NBRC 106171",1,Oceanisphaera arctica,641510.7,aerobe
,,,,,GCA_002936955,
,,,,,GCA_014652055,
159702,AMac2203,"KCTC 62118, JCM 32207",1,Oceanisphaera avium,GCA_002157875,aerobe
1377,S-11,"DSM 21910, CCUG 53534, CIP 109363, KCTC 13061",1,Oceanobacillus caeni,2901076836,aerobe
,,,,,405946.6,
133918,,"KCTC 33035, CCUG 62987, CAU 1051",1,Oceanobacillus chungangensis,1229152.3,aerobe
166101,,"CGMCC 1.17002, KCTC 43140, YIM 98839",1,Oceanobacillus halotolerans,2663380.3,aerobe
,,,,,2894978065,
,,,,,GCA_010993955,
23737,A21,"DSM 28042, JCM 17251, NCIMB 14685, BCRC 80660",1,Oceanobacillus indicireducens,1004261.3,aerobe
,,,,,GCA_014647195,
1380,A1g,"DSM 24772, CGMCC 1.7693, JCM 15776, BCRC 80658, KCTC 13886",1,Oceanobacillus neutriphilus,2901131393,aerobe
,,,,,531815.3,
,,,,,531815.4,
,,,,,GCA_014645515,
164402,YLB-02,"JCM 32870, MCCC 1A12699",1,Oceanobacillus piezotolerans,GCA_003665065,aerobe
1376,CL-MP28,"DSM 18246, CIP 109535, KCCM 42318, KCTC 13625",1,Oceanobacillus profundus,2834368228,aerobe
,,,,,372463.3,
,,,,,GCA_003515705,
,,,,,GCA_008087205,
1890,,"DSM 19778, CECT 7172, CIP 109590, LMG 22713, CCUG 54646, ESC 1",1,Brucella cytisi,407152.6,aerobe
,,,,,GCA_012103075,
166136,BO-7,"KACC 19676, LMG 30809",1,Ochrobactrum soli,GCA_003664555,aerobe
170127,LCB8,"KCTC 72031, CGMCC 1.13984",1,Ochrobactrum teleogrylli,GCA_006376685,aerobe
,,,,,VEWL00000000,
166413,Ha5,"DSM 106907, LMG 30589, NBRC 113643, KCTC 62952",1,Oecophyllibacter saccharovorans,GCA_006542375,aerobe
2380,DFA-19,"DSM 43852, ATCC 35307, HMGB B 1078, IFO 14295, IMET 7687, JCM 7350, NBRC 14295, NRRL B-16223, CCUG 47127, CIP 107637, IAM 14864, JCM 21363, VKM Ac-1048, VTT E-072708",1,Oerskovia enterophila,2681812870,aerobe
,,,,,2833465287,
,,,,,43678.6,
,,,,,GCA_001692445,
2382,377-78,"DSM 46000, CIP 100330, IMET 7006, CCUG 47142, JCM 9969, CCM 4094, IFO 15012, LMG 16191, NBRC 15012",1,Oerskovia jenensis,162169.4,aerobe
,,,,,2892702859,
,,,,,GCA_016907235,
2381,,"CCUG 47105, CIP 108256, DSM 14281, IMET 7003, JCM 11755, LMG 20385, NBRC 106154",1,Oerskovia paurometabola,162170.3,aerobe
,,,,,2893546927,
,,,,,GCA_016907365,
133086,SM 30,"DSM 102969, NBRC 111955",1,Oharaeibacter diazotrophicus,1885025.3,aerobe
,,,,,1920512.3,
,,,,,2788499818,
,,,,,GCA_004362745,
18139,3B-2,"DSM 25262, CCUG 58939, KCTC 23018",1,Ohtaekwangia koreensis,2595698225,aerobe
,,,,,688867.3,
,,,,,GCA_900167975,
18140,10AO,"DSM 25221, CCUG 58938, KCTC 23019",1,Ohtaekwangia kribbensis,2596583624,aerobe
140604,,"JCM 30904, KCCM 43131, MEBiC 09124",1,Oleiagrimonas citrea,GCA_012395255,aerobe
140605,3.5X,"NBRC 110685, KCTC 42351, CPCC 100614, DSM 107085",1,Oleiagrimonas soli,1543381.5,aerobe
,,,,,2861226885,
,,,,,GCA_000761445,
,,,,,GCA_014201555,
11298,2O1,"DSM 24913, BTCC B-675, NBRC 105760, CIP 110300",1,Thalassolituus maritimus,2681813515,aerobe
,,,,,484498.3,
,,,,,GCA_900156675,
166170,NAU-10,"KCTC 62417, CCTCC AB 2018015",1,Oleisolibacter albus,GCA_003336875,aerobe
355,"MC213, MC 213","DSM 7531, ATCC 17960, CCUG 13463, LMG 5303, CDC 7603, JCM 20913, CCUG 37823, CIP 103116, IAM 13553, IFO 14589, LMG 1015, NBRC 14589, NCTC 12964, NCTC 744, USCC 1441",1,Oligella urethralis,1122620.3,aerobe
,,,,,2515154022,
,,,,,2839505685,
,,,,,90245.9,
,,,,,GCA_000372065,
,,,,,GCA_900454345,
14138,DC-186,"DSM 18733, CCUG 54353, LMG 23837, CIP 109620",1,Olivibacter domesticus,2599185177,aerobe
,,,,,407022.6,
,,,,,GCA_900109575,
14091,AW-6,"DSM 17696, CECT 7133",1,Olivibacter sitiensis,1122621.3,aerobe
,,,,,2515154027,
,,,,,GCA_000427965,
5727,L-4,"DSM 24464, CCUG 58074, KCTC 22661",1,Olleya aquimaris,2593339297,aerobe
,,,,,639310.3,
,,,,,GCA_003259525,
24049,WT-MY15,"DSM 28881, CCUG 61507, KCTC 23673",1,Olleya namhaensis,1144750.3,aerobe
,,,,,2693429874,
,,,,,GCA_900114005,
17917,,"DSM 22228, CCUG 57622, CN 3",1,Orbus hercynius,2770939645,aerobe
,,,,,593135.5,
,,,,,GCA_003634275,
6312,HB09001,"DSM 23364, CGMCC 1.10341, JCM 17738",1,Ornithinibacter aureus,2756170161,aerobe
,,,,,622664.3,
,,,,,GCA_009858245,
140865,,"CGMCC 1.14989, KCTC 39700, EGI 80423, JCM 31779",1,Ornithinicoccus halotolerans,GCA_009602535,aerobe
6273,2115-028,"DSM 12335, ATCC BAA-9, IFO 16434, NBRC 16434, CCUG 43142, HKI 0125, JCM 11538, CIP 106364, IAM 14900, NCIMB 13613",1,Ornithinicoccus hortensis,2814123446,aerobe
,,,,,82346.3,
,,,,,82346.4,
,,,,,GCA_006716185,
,,,,,GCA_009602515,
159683,,"DSM 105806, CGMCC 1.16393, KCTC 49018, CFH 30183",1,Ornithinimicrobium cavernae,2144182.3,aerobe
,,,,,2833498065,
,,,,,GCA_003121625,
168352,,"CPCC 203383, NBRC 113522, KCTC 49200",1,Ornithinimicrobium cerasi,2248773.3,aerobe
,,,,,GCA_003702705,
,,,,,QZMN00000000,
158266,,"DSM 26802, KCTC 29164, NBRC 109452, CPCC 203535",1,Ornithinimicrobium flavum,1288636.3,aerobe
,,,,,2836947475,
,,,,,GCA_004526345,
6279,K22-20,"DSM 17687, JCM 12763, MTCC 6545, CGMCC 1.6491, CIP 109338",1,Ornithinimicrobium kibberense,2590013.3,aerobe
,,,,,2891388395,
,,,,,GCA_006519705,
6281,01-Gi-040,"DSM 22056, CCM 7610, JCM 30495",1,Ornithinimicrobium murale,1050153.3,aerobe
,,,,,2833457382,
,,,,,GCA_003352835,
6280,LW6,"DSM 21552, CGMCC 1.5362, JCM 14001",1,Ornithinimicrobium pekingense,1122622.9,aerobe
,,,,,2524614884,
,,,,,384677.7,
,,,,,GCA_000421185,
,,,,,GCA_014644955,
134039,B2,"CGMCC 1.12160, JCM 18464",1,Ornithinimicrobium tianjinense,1195761.3,aerobe
,,,,,GCA_014636495,
6282,KV-628,"DSM 18082, JCM 12835, NBRC 100762, NRRL B-24347",1,Oryzihumus leptocrescens,2814123533,aerobe
,,,,,297536.3,
,,,,,GCA_006716205,
140788,EPL6,"LMG 28427, CECT 8927, CCUG 62476",1,Oryzisolibacter propanilivorax,2671180222,aerobe
,,,,,GCA_900103645,
3250,,"DSM 17368, JCM 12287, NRRL B-23963, UST 20020801, CIP 108786",1,Owenweeksia hongkongensis,2508501098,aerobe
,,,,,926562.26,
,,,,,926562.27,
,,,,,926562.3,
,,,,,GCA_000236705,
,,,,,GCA_945865885,
,,,,,GCA_945881955,
,,,,,GCA_945907425,
13772,HDW-9,"DSM 25228, CCUG 58403, KCTC 22805",1,Pacificibacter marinus,2622736522,aerobe
,,,,,658057.3,
,,,,,GCA_900109555,
22906,SU902,"DSM 26613, CCUG 53761, CCUG 53761 A, CCM 7698, CIP 110145",1,Paenalcaligenes hominis,2829723600,aerobe
,,,,,643674.8,
,,,,,643674.9,
,,,,,GCA_011927625,
,,,,,GCA_014635265,
7523,,"DSM 20115, ATCC 11442, CCUG 23888, NCIB 9541, LMG 3822, JCM 2520, BCRC 12111, CGMCC 1.1924, CIP 106988, IAM 14585, IFO 15510, KCTC 3380, NBRC 15510, NCIMB 9541, NRIC 0152, VKM Ac-1978, CCRC 12111",1,Paenarthrobacter histidinolovorans,43664.3,aerobe
,,,,,GCA_014647595,
7576,,"DSM 420, ATCC 49919, JCM 3874, CGMCC 1.1933, CIP 106990, IAM 14587, IFO 15511, KCTC 9902, LMG 16253, NBRC 15511, NCAIM B.02133, NCAIM B.02288, VKM Ac-1988",1,Paenarthrobacter nicotinovorans,2918346339,aerobe
,,,,,29320.11,
,,,,,29320.24,
,,,,,29320.7,
,,,,,GCA_014648735,
,,,,,GCA_017876445,
,,,,,GCA_021919345,
7592,G2-1,"DSM 15232, CCM 4924, JCM 14115, CIP 108435, IAM 15314",1,Paenarthrobacter nitroguajacolicus,1303677.3,aerobe
,,,,,2734481943,
,,,,,GCA_001313365,
11645,CJ25,"DSM 23861, JCM 15521, KACC 13125, KCTC 13753",1,Paenibacillus aestuarii,GCA_027789125,aerobe
11584,KSL-134,"DSM 17040, CIP 109150, KCTC 3956",1,Paenibacillus alkaliterrae,GCA_021532375,aerobe
166335,MAH-34,"KACC 19974, CGMCC 1.16610",1,Paenibacillus anseongense,2755557.3,aerobe
,,,,,GCA_009757995,
,,,,,GCA_013778375,
11599,,"DSM 18201, CIP 109026, JCM 13186, MTCC 6934, GPTSA 11, BCRC 17546, KCTC 13627",1,Paenibacillus assamensis,1122916.4,aerobe
,,,,,2524023086,
,,,,,GCA_000422445,
141156,NF2-4-5,"KACC 18967, LMG 29963, DSM 104138",1,Paenibacillus azotifigens,2047734.3,aerobe
,,,,,2904120120,
,,,,,GCA_008635805,
140850,Back-11,"KCTC 33723, CECT 8890",1,Paenibacillus baekrokdamisoli,1712516.3,aerobe
,,,,,1712516.5,
,,,,,2824296850,
,,,,,2850738089,
,,,,,GCA_003945345,
,,,,,GCA_014191785,
11612,SAFN-016,"DSM 22255, ATCC BAA-1209, CIP 109354, NBRC 101215",1,Paenibacillus barengoltzii,1220556.3,aerobe
,,,,,GCA_004000745,
11552,"KK19, KK19T","DSM 13188, CCUG 43137, KCTC 3805, CIP 107056",1,Paenibacillus borealis,160799.4,aerobe
,,,,,2630968594,
,,,,,GCA_000758665,
132451,"BD 3526, BD3526","DSM 28815, CGMCC 8333",1,Paenibacillus bovis,1616788.3,aerobe
,,,,,2775507276,
,,,,,GCA_001421015,
11634,Ch-32,"DSM 19417, CECT 7279",1,Paenibacillus castaneae,2824397579,aerobe
,,,,,2916384205,
,,,,,474957.3,
,,,,,474957.4,
,,,,,GCA_002884445,
,,,,,GCA_011761405,
23182,D75,"DSM 24714, CGMCC 1.10784",1,Paenibacillus catalpae,1045775.4,aerobe
,,,,,2675903006,
,,,,,GCA_900112695,
132589,LC2-13A,"DSM 101873, NRRL B-65368, UICC B-42",1,Paenibacillus cisolokensis,1658519.3,aerobe
,,,,,GCA_018403665,
11561,AP-20,"DSM 15491, JCM 11236, KCTC 3745, BCRC 17345, CIP 107805",1,Paenibacillus daejeonensis,1122917.3,aerobe
,,,,,2519103188,
,,,,,GCA_000378385,
11638,JH8,"DSM 22278, KCTC 13049, LMG 23780",1,Paenibacillus donghaensis,2757320370,aerobe
,,,,,414771.3,
,,,,,GCA_002192415,
133092,I12B-01101,"DSM 26048, KCTC 33054, CPCC 100226, CPCC 100226T",1,Paenibacillus eucommiae,1355755.3,aerobe
,,,,,2913465876,
,,,,,GCA_017874215,
166418,DXL2,"KCTC 33976, CCTCC AB 2018054",1,Paenibacillus flagellatus,2211139.3,aerobe
,,,,,2882543331,
,,,,,GCA_003217775,
11603,,"DSM 18677, CIP 109800, KCTC 13059, Gsoil 139",1,Paenibacillus ginsengarvi,2904143049,aerobe
,,,,,400777.3,
,,,,,GCA_003626695,
11632,,"DSM 21568, JCM 14928, KCTC 13141, DCY 16",1,Paenibacillus ginsengihumi,1122919.3,aerobe
,,,,,2521172661,
,,,,,GCA_000380965,
11648,,"DSM 22343, NCCB 100252, KFC 91, CIP 110200",1,Paenibacillus glacialis,2744054794,aerobe
,,,,,494026.3,
,,,,,GCA_001637205,
11495,"S93, B-14679","DSM 5162, ATCC 49278, IFO 15330, NBRC 15330, NCIB 12809, CCUG 28523, NRRL B-14679, CIP 106935, LMG 12239, NCIMB 12809",1,Paenibacillus glucanolyticus,1349777.4,aerobe
,,,,,2687453498,
,,,,,59843.4,
,,,,,GCA_001632305,
,,,,,GCA_004000885,
11635,"B519, 22.101","DSM 16969, KCTC 3951",1,Paenibacillus harenae,1122920.3,aerobe
,,,,,2523533617,
,,,,,GCA_000422465,
11616,PC-147,"DSM 18784, CIP 110609, LMG 23886, NBRC 102415, NRBC 102415",1,Paenibacillus humicus,1349778.3,aerobe
,,,,,GCA_004000905,
11647,FeL05,"DSM 22170, ACCC 10718, CGMCC 1.8907, CIP 110610",1,Paenibacillus hunanensis,2901357172,aerobe
,,,,,539262.4,
,,,,,GCA_014645615,
11549,"14, NRS-1356","DSM 11733, IFO 15959, JCM 9907, NBRC 15959, NCIMB 13573, NRRL NRS-1356, CCUG 50778, CIP 105253, LMG 18051, HSCC 309, KCTC 3760",1,Paenibacillus illinoisensis,1349779.3,aerobe
,,,,,GCA_004000925,
11563,"MB 1871, R-7191","DSM 15596, CIP 108827, LMG 21940",1,Paenibacillus lactis,228574.6,aerobe
,,,,,2913370050,
,,,,,GCA_017873605,
11592,"Med-540, 846","CCUG 28515, CIP 104618, DSM 7030, ATCC 9545, LMG 9820, NRRL B-2605",1,Paenibacillus larvae,147375.4,aerobe
,,,,,147375.5,
,,,,,2814123210,
,,,,,GCA_002003265,
153266,,"CCUG 48975, NRRL B-3687, LMG 16247",0,Paenibacillus larvae,147375.7,aerobe
153743,,"CCUG 50846, NRRL NRS-1684, DSM 8443, LMG 16252",0,Paenibacillus larvae,147375.6,aerobe
11469,160,"DSM 3035, ATCC 43898, LMG 11157, NCIMB 12780, CCUG 27414, NRRL NRS-666, CCM 3892, CIP 103118, JCM 9073, NRS 666, IFO 15380, KCTC 3456, NBRC 15380",1,Paenibacillus lautus,1349780.3,aerobe
,,,,,GCA_004000945,
166183,R-3,"CGMCC 1.16135, KCTC 33912",1,Paenibacillus luteus,GCA_006542765,aerobe
166348,12200R-189,"KACC 19916, CCTCC AB 2020027",1,Paenibacillus lycopersici,2888578766,aerobe
,,,,,GCA_010119935,
11475,"888, NRS-888","DSM 24, ATCC 8244, CCM 2012, CIP 66.19, IAM 12467, LMG 13281, NCIB 9368, NCTC 6355, CCUG 7423, LMG 6324, IAM 1227, NRS 888, JCM 2500, BCRC 14680, CECT 19, IFO 15307, KCTC 1822, NBRC 15307, NCFB 1764, NCIMB 9368, NRRL B-172, NRRL B-394, NRRL B-4267, VKM B-506, VTT E-81138, NCDO 1764",1,Paenibacillus macerans,1349781.5,aerobe
,,,,,2904127458,
,,,,,44252.8,
,,,,,GCA_000746875,
,,,,,GCA_004000965,
,,,,,GCA_900454495,
11477,,"DSM 2, ATCC 23464, CIP 103269, LMG 6935, NCTC 10419, CCUG 37394, NCIMB 9934",1,Paenibacillus macquariensis subsp. macquariensis,2681812895,aerobe
,,,,,948756.3,
,,,,,948756.4,
,,,,,GCA_900156375,
132390,R55,"DSM 29850, CGMCC 1.15043",1,Paenibacillus marchantiophytorum,1619310.3,aerobe
,,,,,GCA_014640555,
11579,2301065,"KCTC 3991, DSM 16942, CCUG 48215, CIP 107939",1,Paenibacillus massiliensis subsp. massiliensis,1122921.3,aerobe
,,,,,2517572189,
,,,,,GCA_000377505,
11615,,"DSM 21345, KCTC 13020, LMG 23405, Gsoil 1411",1,Paenibacillus massiliensis subsp. panacisoli,1122922.3,aerobe
,,,,,2524614514,
,,,,,GCA_000426545,
133206,BL24,"NRRL B-51698, CCM 7577",1,Paenibacillus methanolicus,GCA_008124765,aerobe
159846,RA17,"KCTC 33894, CCTCC AB 2017053",1,Paenibacillus montanisoli,2882553798,aerobe
,,,,,GCA_003268025,
11636,MX2-3,"DSM 22867, KCTC 13044, PCU 276, TISTR 1828",1,Paenibacillus nanensis,393251.3,aerobe
,,,,,GCA_003583765,
140932,P5-1,"CGMCC 1.15178, NBRC 111536",1,Paenibacillus nasutitermitis,1652958.3,aerobe
,,,,,GCA_014641075,
159805,M4BSY-1,"KCTC 33997, CGMCC 1.13667",1,Paenibacillus paeoniae,2904108052,aerobe
,,,,,GCA_003388735,
11610,SAFN-007,"DSM 19293, ATCC BAA-1211, NBRC 101214, CIP 109353",1,Paenibacillus pasadenensis,1122923.3,aerobe
,,,,,217090.4,
,,,,,2524023087,
,,,,,GCA_000422485,
,,,,,GCA_004001085,
24280,RCB-08,"DSM 28340, CECT 7358, KCTC 13222, CIP 110298",1,Paenibacillus pectinilyticus,512399.3,aerobe
,,,,,GCA_001700435,
140866,PM10,"LMG 28691, CECT 8827",1,Paenibacillus periandrae,GCA_022458865,aerobe
11644,S23,"DSM 23905, JCM 16419, KACC 14199, KCTC 13695, CGMCC 1.10983",1,Paenibacillus pinihumi,1122924.3,aerobe
,,,,,1122924.4,
,,,,,2524023129,
,,,,,2728369719,
,,,,,GCA_000422505,
,,,,,GCA_001312305,
166105,,"KACC 18701, NBRC 111876, ASL 46",1,Paenibacillus pinistramenti,GCA_005869875,aerobe
159375,MS74,"DSM 105496, KACC 19385",1,Paenibacillus piri,2904181319,aerobe
,,,,,GCA_004354045,
,,,,,SMRT00000000,
140554,BL9,"ICMP 17623, NBRC 105191",1,Paenibacillus polysaccharolyticus,2654588110,aerobe
,,,,,GCA_900102085,
11508,,"DSM 22700, ATCC 14706, CCUG 28881, CIP 106066, NCCB 75017, NRRL B-2309, KCTC 3806",1,Paenibacillus popilliae,1212764.3,aerobe
,,,,,2537561634,
,,,,,GCA_000315235,
11649,PW21,"DSM 22405, CECT 7506, LMG 25259, CIP 110273",1,Paenibacillus prosopidis,2770939585,aerobe
,,,,,630520.3,
,,,,,GCA_003337375,
133371,TEGT-2,"CCTCC AB 2015258, KCTC 33806",1,Paenibacillus qinlingensis,GCA_028746185,aerobe
140933,694,"CGMCC 1.15286, DSM 100762",1,Paenibacillus radicis,1737354.3,aerobe
,,,,,GCA_014641555,
159374,7197,"DSM 103168, CGMCC 1.15699",1,Paenibacillus rhizophilus,GCA_003854965,aerobe
133089,JJ-64,"DSM 103963, CCM 8725, LMG 29875, CIP 111186",1,Paenibacillus rhizoplanae,1917181.3,aerobe
,,,,,2913577593,
11587,"CECAP06, CECAP06T","DSM 17254, CECT 5831, LMG 21955, CIP 108774",1,Paenibacillus rhizosphaerae,2824357598,aerobe
,,,,,2901054056,
,,,,,297318.4,
,,,,,297318.5,
,,,,,GCA_014192015,
166349,14171R-81,"KACC 19915, CCTCC AB 2020026",1,Paenibacillus rhizovicinus,2889049205,aerobe
,,,,,GCA_010365285,
133620,WPCB173,"KCTC 13282, JCM 16352, LMG 31321, DSM 25278",1,Paenibacillus rigui,2916390109,aerobe
,,,,,554312.4,
,,,,,GCA_002234615,
11578,2301083,"DSM 16941, CCUG 48214, CIP 107938, KCTC 3993",1,Paenibacillus sanguinis,1122925.3,aerobe
,,,,,2517572150,
,,,,,GCA_000374825,
11660,"GT-H3, GTH-3","DSM 23491, CIP 110613, LMG 25635",1,Paenibacillus sediminis,2913409695,aerobe
,,,,,664909.3,
,,,,,GCA_017873765,
24292,P-1,"DSM 26806, CIP 110571, KCTC 33126, NBRC 109471",1,Paenibacillus shirakamiensis,1265935.3,aerobe
,,,,,2913485091,
,,,,,GCA_017874255,
133010,FJAT-22460,"DSM 100999, CCTCC AB 2015207",1,Paenibacillus solani,2651869824,aerobe
,,,,,GCA_001277345,
133511,X19-5,"CCBAU 83901, LMG 24727",1,Paenibacillus sonchi,1173684.3,aerobe
,,,,,2548877040,
,,,,,373687.11,
,,,,,GCA_000316285,
,,,,,GCA_016772475,
11556,IS1,"DSM 14472, CCUG 45566, CIP 108130, KCTC 3931, KCTC 3994",1,Paenibacillus stellifer,169760.4,aerobe
,,,,,2639763138,
,,,,,GCA_000758685,
11624,SA-7-6,"DSM 19409, CCTCC AB 206108, CIP 110616",1,Paenibacillus tarimensis,GCA_021532315,aerobe
164504,N2SHLJ1,"JCM 33293, CGMCC 1.13865",1,Paenibacillus thalictri,2881057424,aerobe
,,,,,GCA_004307995,
24287,TC22-2b,"DSM 26310, JCM 18657",1,Paenibacillus thermoaerophilus,1215385.3,aerobe
,,,,,GCA_005938195,
11657,B27,"DSM 22342, CGMCC 1.8946, CIP 110617",1,Paenibacillus tianmuensis,2617270934,aerobe
,,,,,624147.3,
,,,,,GCA_900100345,
11580,2301032,"DSM 16943, CCUG 48216, CIP 108005, KCTC 3995",1,Paenibacillus timonensis,GCA_022427145,aerobe
140529,RTAE36,"CECT 9125, LMG 29502",1,Paenibacillus tritici,1873425.3,aerobe
,,,,,GCA_013204885,
11630,5402403,"DSM 22281, CCUG 53521, CIP 109357, CCUG 53521T",1,Paenibacillus urinalis,2901084651,aerobe
,,,,,521520.3,
166336,,"KCTC 43132, CGMCC 1.17384, SYSU G01003",1,Paenibacillus tengchongensis,GCA_008973665,aerobe
166455,3/5/03,"CGMCC 1.13686, KCTC 33998",1,Paenibacillus zeisoli,2882900578,aerobe
,,,,,GCA_003994465,
130420,,"DSM 29880, LMG 24542, NCCB 100228, SPC 26, JCM 18952",1,Paeniglutamicibacter antarcticus,2918409668,aerobe
,,,,,494023.8,
7610,Lz1y,"DSM 15796, JCM 12166, CIP 108630",1,Paeniglutamicibacter gangotriensis,2537561926,aerobe
,,,,,GCA_000348945,
7609,KGN15,"DSM 15797, CIP 108629, JCM 12165",1,Paeniglutamicibacter kerguelensis,254788.3,aerobe
,,,,,2918371629,
,,,,,GCA_017876535,
7597,AG31,"DSM 15454, CIP 108593, LMG 21914, JCM 13568, IAM 15315",1,Paeniglutamicibacter psychrophenolicus,257454.3,aerobe
,,,,,2918367102,
,,,,,GCA_017876575,
166228,JBTF-M29,"KACC 19867, NBRC 113548",1,Palleronia caenipelagi,2886615457,aerobe
,,,,,GCA_007004065,
24335,PN2,"DSM 28130, JCM 15114, LMG 23933",1,Paenisporosarcina indica,2791354937,aerobe
,,,,,650093.5,
,,,,,GCA_001939075,
22941,Sa-25,"DSM 22336, CCM 7656, CCUG 57736",1,Paenochrobactrum gallinarii,2828294024,aerobe
,,,,,643673.3,
,,,,,GCA_014205685,
13826,B33,"DSM 26347, CECT 7066, LMG 22959",1,Palleronia marisminoris,2615840708,aerobe
,,,,,2920190304,
,,,,,315423.1,
,,,,,315423.7,
,,,,,GCA_900113405,
,,,,,GCA_900172315,
132033,SMBg3,"DSM 102817, CCUG 68698",1,Paludifilum halophilum,1642702.3,aerobe
,,,,,2784132154,
,,,,,2802429553,
,,,,,GCA_002245355,
132417,PX4,"DSM 28747, VKM B-2904",1,Paludisphaera borealis,1387353.3,aerobe
,,,,,1387353.4,
,,,,,1387353.5,
,,,,,2751185664,
,,,,,GCA_001956985,
132637,GS 1550,"DSM 18138, JCM 31452, KCTC 12658, Gsoil 1550",1,Panacibacter ginsenosidivorans,GCA_007971225,aerobe
2062,KOx,"DSM 23572, CCM 2766, NBRC 106092",1,Pandoraea faecigallinarum,2654588016,aerobe
,,,,,656179.3,
,,,,,656179.7,
,,,,,656179.8,
,,,,,GCA_001029105,
2057,,"ATCC BAA-64, DSM 21091, CCUG 45026, CIP 107268, LMG 18819, NCTC 13161, CCUG 45206, CCUG 39682",1,Pandoraea sputorum,2840576683,aerobe
,,,,,93222.14,
,,,,,93222.6,
,,,,,GCA_000814845,
,,,,,GCA_900187205,
2061,ATSB16,"DSM 25325, KACC 12757, LMG 24779, CIP 110207",1,Pandoraea thiooxydans,2648501246,aerobe
,,,,,2721755763,
,,,,,445709.3,
,,,,,445709.9,
,,,,,GCA_001017775,
,,,,,GCA_001931675,
159698,Q4.6,"CGMCC 1.15703, KCTC 52466",1,Pannonibacter carbonis,2833391513,aerobe
,,,,,GCA_003012935,
13692,C6/19,"DSM 14782, NCAIM B02025, CCUG 54624, CIP 107962",1,Pannonibacter phragmitetus,1122929.3,aerobe
,,,,,2521172637,
,,,,,GCA_000382365,
5006,1611,"DSM 30073, ATCC 14589, CCUG 25232, LMG 2603, CIP 103338",1,Pantoea dispersa,59814.155,aerobe
,,,,,59814.23,
,,,,,GCA_014155765,
133586,SA33,"NBRC 101816, VTCC D6-6",1,Paraburkholderia acidipaludis,1218074.4,aerobe
,,,,,2582580767,
,,,,,GCA_000684975,
166311,,"ABIP 236, LMG 31643, CNPSo 3155",1,Paraburkholderia atlantica,GCA_009362785,aerobe
1980,1S18,"DSM 23487, CCUG 52993, LMG 23644",1,Paraburkholderia bryophila,2708743156,aerobe
,,,,,420952.3,
,,,,,GCA_003269035,
130228,NKMU-JPY461,"DSM 29787, BCRC 80259, JPY 461, KCTC 23308, LMG 26031",1,Paraburkholderia diazotrophica,2654588103,aerobe
,,,,,667676.3,
,,,,,GCA_900108945,
166508,DHOA04,"KCTC 42627, LMG 28839",1,Paraburkholderia dinghuensis,2883107371,aerobe
,,,,,GCA_003837865,
166312,,"ABIP 241, LMG 31644, CNPSo 3157",1,Paraburkholderia franconis,GCA_009362735,aerobe
1975,KMY03,"DSM 21638, CCUG 54571, KCTC 12389, LMG 24044, NBRC 100965",1,Paraburkholderia ginsengisoli,1218078.3,aerobe
,,,,,2600255070,
,,,,,GCA_000739735,
133128,DCY85-1,"KCTC 42055, JCM 19889",1,Paraburkholderia ginsengiterrae,2744054900,aerobe
,,,,,GCA_001645135,
1956,,"DSM 17151, ATCC 700544, CCUG 42231, CIP 106649, LMG 18924, JCM 13456, CFBP 6734, NCIMB 13744",1,Paraburkholderia graminis,396598.11,aerobe
,,,,,396598.3,
,,,,,GCA_000172415,
,,,,,GCA_902859785,
133562,SA41,NBRC 101817,1,Paraburkholderia heleia,1218080.3,aerobe
,,,,,2600255069,
,,,,,GCA_000739775,
1958,R-8366,"DSM 17164, CCUG 43661, LMG 20598, CCUG 43658, CIP 107793, CCM 7152, CCUG 43661 A, LMG 20574",1,Paraburkholderia hospita,169430.12,aerobe
,,,,,169430.4,
,,,,,169430.6,
,,,,,2654588150,
,,,,,2802429422,
,,,,,GCA_002902965,
,,,,,GCA_900108355,
,,,,,GCA_902833685,
1943,KP23,"DSM 13646, ATCC 700977, CCUG 43663, CIP 106643, JCM 10599, LMG 19447, CCM 7121, CGMCC 1.10442",1,Paraburkholderia kururiensis,1236956.13,aerobe
,,,,,1236956.7,
,,,,,2579778690,
,,,,,984307.21,
,,,,,GCA_000616025,
,,,,,GCA_003986935,
,,,,,GCA_902833705,
1979,A3,"DSM 23488, CCUG 53006, LMG 23650",1,Paraburkholderia megapolitana,2671180118,aerobe
,,,,,420953.5,
,,,,,420953.7,
,,,,,GCA_007556815,
,,,,,GCA_900113825,
1972,PAS44,"DSM 21841, BCRC 17516, CCUG 54296, LMG 23256",1,Paraburkholderia mimosarum,1038869.3,aerobe
,,,,,2513237083,
,,,,,312026.4,
,,,,,GCA_000472825,
,,,,,GCA_000739815,
,,,,,GCA_902833725,
1978,,"DSM 21604, BCRC 17575, LMG 23741, CCUG 54299, BR Br3437, BR 3437",1,Paraburkholderia nodosa,1121127.3,aerobe
,,,,,2515154189,
,,,,,GCA_000519185,
1991,OX-01,"DSM 22550, LMG 26376, NBRC 105797, CIP 110291",1,Paraburkholderia oxyphila,1218083.4,aerobe
,,,,,2579778781,
,,,,,GCA_000685075,
166291,7MH5,"GDMCC 1.1450, KACC 19962",1,Paraburkholderia pallida,GCA_004524855,aerobe
1967,AC1100,"DSM 17773, CCUG 48558, CIP 108591, LMG 22037",1,Paraburkholderia phenoliruptrix,252970.3,aerobe
,,,,,252970.5,
,,,,,2554235175,
,,,,,GCA_000416445,
,,,,,GCA_902833655,
,,,,,GCA_902859825,
166419,7QSK02,"GDMCC 1.1283, CGMCC 1.15470, KCTC 62473",1,Paraburkholderia phosphatilytica,2856306670,aerobe
,,,,,GCA_003443895,
1960,815,"DSM 17167, CCUG 47179, CIP 108236, LMG 21445, STM 815",1,Paraburkholderia phymatum,391038.42,aerobe
,,,,,GCA_902833665,
1966,PsJN,"DSM 17436, CCUG 49060, LMG 22146, CIP 108762",1,Paraburkholderia phytofirmans,398527.31,aerobe
,,,,,642555113,
,,,,,GCA_000020125,
1988,,"DSM 23623, BCRC 17587, LMG 24235, CCUG 58093, BR Br3407, BR 3407",1,Paraburkholderia sabiae,273251.3,aerobe
,,,,,GCA_904848645,
1959,R-10964,"DSM 17165, CCT 6771, CCUG 46043, LMG 19450, IPT 101, CIP 107211",1,Paraburkholderia sacchari,159450.111,aerobe
,,,,,159450.34,
,,,,,1608357.5,
,,,,,2627854119,
,,,,,GCA_000785435,
,,,,,GCA_902833715,
1981,RP007,"DSM 23088, CCUG 53604, ICMP 13529, LMG 24000",1,Paraburkholderia sartisoli,2651870102,aerobe
,,,,,83784.3,
,,,,,GCA_900107685,
1982,HU2-65W,"DSM 21400, KCTC 22086, LMG 24238, CCUG 56490",1,Paraburkholderia sediminicola,458836.1,aerobe
,,,,,458836.8,
,,,,,GCA_902859805,
1973,SRMrh-20,"DSM 21840, ATCC BAA-1244, CCUG 54297, LMG 23149, CIP 109432",1,Paraburkholderia silvatlantica,2501025504,aerobe
,,,,,2510917014,
166290,4 M-K11,"GDMCC 1.1284, CGMCC 1.15450, KACC 19961, LMG 29217",1,Paraburkholderia silviterrae,GCA_004353915,aerobe
166467,DHOC27,"LMG 30263, GDMCC 1.1281",1,Paraburkholderia telluris,GCA_003429005,aerobe
1968,"KMY02, KMY 02","DSM 17804, KCTC 12388, NBRC 100964, CCUG 54786, CIP 109196",1,Paraburkholderia terrae,1218084.3,aerobe
,,,,,2600255059,
,,,,,2811994987,
,,,,,311230.14,
,,,,,GCA_000739835,
,,,,,GCA_002902925,
1963,R-8118,"DSM 17221, CCM 7153, CCUG 44527, CIP 107794, LMG 20594, JCM 13473",1,Paraburkholderia terricola,169427.4,aerobe
,,,,,169427.9,
,,,,,2654588105,
,,,,,GCA_900142195,
,,,,,GCA_902833815,
1944,PPe8,"DSM 15359, ATCC BAA-831, BR 11366, LMG 21772, LMG 22274, CCUG 54298, LMG 21393, CIP 108594",1,Paraburkholderia tropica,2654587898,aerobe
,,,,,2857341469,
,,,,,92647.15,
,,,,,92647.5,
,,,,,GCA_002071575,
,,,,,GCA_900109265,
,,,,,GCA_902833865,
1971,,"DSM 18489, CCUG 47178, CIP 108238, LMG 21444, STM 678",1,Paraburkholderia tuberum,491071.3,aerobe
,,,,,GCA_902833905,
1965,LB400,"DSM 17367, CCUG 46959, CIP 108558, LMG 21463, NRRL B-18064",1,Paraburkholderia xenovorans,2597490151,aerobe
,,,,,2775506700,
,,,,,637000053,
,,,,,GCA_000013645,
,,,,,GCA_000756045,
140628,SCU-M53,"KCTC 42932, CGMCC 1.15419",1,Paracoccus acridae,1795310.3,aerobe
,,,,,GCA_014642735,
168335,JC501,"NBRC 113644, LMG 30532",1,Paracoccus aeridis,GCA_004923205,aerobe
,,,,,SELD00000000,
140969,"11410, 011410","CFCC 14285, KCTC 42845",1,Paracoccus aerius,1915382.3,aerobe
,,,,,2803913.3,
,,,,,GCA_014656455,
,,,,,GCA_016757275,
13727,B7,"DSM 19484, JCM 15119, KCTC 22049, BCRC 80158",1,Paracoccus aestuarii,2901860463,aerobe
,,,,,453842.3,
,,,,,453842.4,
,,,,,453842.5,
,,,,,453842.6,
,,,,,453842.7,
,,,,,453842.8,
,,,,,GCA_003594815,
,,,,,GCA_028553885,
133454,KS-11,"CGMCC 1.7655, NBRC 104937",1,Paracoccus chinensis,2617270907,aerobe
,,,,,525640.3,
,,,,,GCA_900102885,
133282,"WPAn02, RKI16-01929","RKI 16-01929, LMG 29738, CCM 8701, CIP 111112",1,Paracoccus contaminans,1945662.3,aerobe
,,,,,1945662.5,
13693,,"CCUG 30144, LMG 4049, LMG 4219, IFO 13301, DSM 413, ATCC 17741, ATCC 19367, CCM 982, LMD 22.21, NCIB 8944, JCM 21484, IAM 15021, NBRC 102528, NCCB 22021, CIP 106306, IAM 12479, NCIMB 11627, JCM 6892, ICPB 3979",1,Paracoccus denitrificans,1302247.4,aerobe
,,,,,2597490357,
,,,,,266.1,
,,,,,266.34,
,,,,,266.43,
,,,,,2734481933,
,,,,,2841597668,
,,,,,GCA_001313145,
,,,,,GCA_004063735,
,,,,,GCA_007989485,
133625,22-May,"KCTC 22803, CCUG 58401",1,Paracoccus fistulariae,GCA_028553785,aerobe
159700,MVW-1,"BCRC 80974, LMG 29554, KCTC 52239",1,Paracoccus fontiphilus,GCA_017356265,aerobe
166511,M1-83,"LMG 30633, CIP 111624, CCM 8857",1,Paracoccus haematequi,2885094732,aerobe
,,,,,GCA_900631945,
134285,HN-182,"CGMCC 1.6117, JCM 14014",1,Paracoccus halophilus,2617270913,aerobe
,,,,,2713897088,
,,,,,376733.15,
,,,,,376733.3,
,,,,,GCA_000763905,
,,,,,GCA_900111785,
140949,THG-T2.31,"KACC 18933, CCTCC AB 2016182",1,Paracoccus hibiscisoli,2023261.3,aerobe
,,,,,2899275550,
,,,,,GCA_005048265,
13729,SW-3,"DSM 22220, BCRC 17967, LMG 25205",1,Paracoccus isoporae,2675903152,aerobe
,,,,,591205.3,
,,,,,GCA_900101865,
158752,GHD-05,"KCTC 52978, NBRC 112902",1,Paracoccus litorisediminis,2006130.3,aerobe
,,,,,GCA_009711205,
168566,CHF 10530,"CFH 10530, CGMCC 1.16597, KCTC 62919, DSM 108918",1,Paracoccus luteus,GCA_004522155,aerobe
,,,,,SDEA00000000,
166193,I-41R45,"CCM 8875, CIP 111632",1,Paracoccus nototheniae,GCA_004335005,aerobe
159773,WN007,"KCTC 52851, ACCC 19972",1,Paracoccus salipaludis,2855052972,aerobe
,,,,,GCA_002287065,
13728,,"DSM 18447, CCTCC AB 206074, KCTC 22163, YIM 90738",1,Paracoccus saliphilus,2681813562,aerobe
,,,,,405559.3,
,,,,,GCA_028553805,
166454,DSL-16,"KCTC 62644, MCCC 1K03534",1,Paracoccus sediminilitoris,2881435380,aerobe
,,,,,GCA_003259195,
133615,Zy-3,"ACCC 05413, HAMBI 3106",1,Paracoccus sphaerophysae,2713897090,aerobe
,,,,,690417.3,
,,,,,GCA_000763805,
166470,GY0581,"KCTC 42710, MCCC 1A10575",1,Paracoccus subflavus,2882020545,aerobe
,,,,,GCA_004310345,
160592,BM15,"DSM 107723, KCTC 72032, JCM 33289",1,Paracoccus tegillarcae,GCA_002847305,aerobe
133854,Tibet-S9a3,"CGMCC 1.8925, NBRC 105667",1,Paracoccus tibetensis,2596583549,aerobe
,,,,,336292.4,
,,,,,GCA_900102505,
146746,,CCUG 32053,0,Paracoccus yeei,147645.118,aerobe
,,,,,2843173846,
,,,,,GCA_003612915,
141106,AFRC7-2-1,"MCCC 1A11748, KCTC 52632, NBRC 112785",1,Paraferrimonas haliotis,2831996763,aerobe
,,,,,GCA_002282895,
1430,"KP 1006, R-35637, NRS-81","DSM 2542, ATCC 43742, NCIB 11955, CCUG 28887, NRRL B-14233, CIP 106930, NRRL B-14516, NCIMB 11955",1,Parageobacillus thermoglucosidasius,1426.1,aerobe
,,,,,1426.99,
,,,,,2627853848,
,,,,,2687453436,
,,,,,GCA_000966225,
,,,,,GCA_001295365,
1449,"R-35642, SK-1","DSM 14590, KCTC 0306BP, LMG 23037, CIP 108270",1,Parageobacillus toebii,1223503.6,aerobe
,,,,,1223503.9,
,,,,,2773858069,
,,,,,2829804122,
,,,,,GCA_003688615,
,,,,,GCA_014196095,
134227,NO2,"KCTC 12755, LMG 23762",1,Paraglaciecola agarilytica,2529292809,aerobe
,,,,,GCA_000314935,
140314,S66,"DSM 102834, LMG 29457, NCIMB 15060",1,Paraglaciecola hydrolytica,2791354957,aerobe
,,,,,GCA_001565895,
156652,162Z-12,"CCUG 63891, LMG 27453, KCTC 32337",1,Paraglaciecola agarilytica,1211136.3,aerobe
,,,,,GCA_014652595,
453,,"DSM 16457, CIP 108324, LMG 21857, ARK 150",1,Paraglaciecola polaris,1129793.3,aerobe
,,,,,2531839185,
,,,,,GCA_000315055,
167356,HSLHS9,"MCCC 1A06717, KCTC 52307",1,Parahaliea maris,GCA_008064665,aerobe
497,7SM29,"DSM 21924, CECT 7447",1,Parahaliea mediterranea,2831348850,aerobe
,,,,,651086.3,
,,,,,GCA_003402235,
166331,D4M1,"MCCC 1K03820, KCTC 72285",1,Paroceanicella profunda,2579971.3,aerobe
,,,,,GCA_005887635,
2387,DSW-2,"DSM 22126, KCTC 13436, JCM 17443",0,Paraoerskovia marina,2634166844,aerobe
,,,,,545619.4,
,,,,,GCA_900105445,
14136,4M40,"DSM 22900, JCM 15978, KACC 10972",1,Parapedobacter composti,2675903219,aerobe
,,,,,623281.3,
,,,,,GCA_900112315,
14137,4M29,"DSM 22899, JCM 15977, KACC 10955",1,Parapedobacter luteus,2595698205,aerobe
,,,,,623280.3,
,,,,,GCA_900168055,
141040,T16R-256,"KACC 18788, JCM 31602",1,Parapedobacter lycopersici,GCA_024643285,aerobe
132159,P-4,"DSM 102942, CGMCC 1.12195, NBRC 109113",1,Parapedobacter pyrenivorans,1305674.6,aerobe
,,,,,GCA_014636865,
134288,,"KCTC 12984, LMG 24069, DCY 14",1,Parapedobacter soli,GCA_025460835,aerobe
8210,RL-2,"DSM 26022, CCUG 59307, KCTC 23145",1,Paraperlucidibaca baekdonensis,2770939643,aerobe
,,,,,748120.3,
,,,,,GCA_003387535,
140981,DCSW07,"KCTC 52369, MCCC 1K03197, JCM 31458, CGMCC 1.15762, DSM 108666",1,Salipiger pallidus,1775170.3,aerobe
,,,,,GCA_014643635,
386,"Ch-07, Ch07","DSM 18079, KCTC 12668, LMG 24012",1,Parapusillimonas granuli,2861602684,aerobe
,,,,,380911.3,
,,,,,380911.4,
,,,,,GCA_013416525,
,,,,,GCA_014202705,
166097,ZQ420,"KCTC 62579, MCCC 1K03530",0,Pararhodobacter zhoushanensis,2883834571,aerobe
,,,,,GCA_003990445,
166468,C51,"MCCC 1K03463, KCTC 62318",1,Parashewanella curva,2831376401,aerobe
,,,,,GCA_003675895,
141041,ATAX6-5,"KACC 18993, JCM 31719",1,Parasphingopyxis algicola,2026624.3,aerobe
,,,,,GCA_013378075,
14299,,"DSM 26725, JCM 15549, NCIMB 14486, JAMH 0132",1,Parasphingopyxis lamellibrachiae,2770939550,aerobe
,,,,,680125.3,
,,,,,GCA_003385775,
13867,DS-1,"DSM 13023, KCTC 22775, NCIMB 13966",1,Parvibaculum lavamentivorans,402881.8,aerobe
,,,,,640753040,
,,,,,GCA_000017565,
166313,HXT-9,"CCTCC AB 2019273, KCTC 72547",1,Parvibaculum sedimenti,2890420333,aerobe
,,,,,GCA_009184905,
133452,CC-MMS-1,"BCRC 17814, KCTC 22245",1,Parvularcula lutaonensis,491923.4,aerobe
,,,,,GCA_014651915,
166173,SM1705,"KCTC 62795, MCCC 1K03505, CCTCC AB 2018345",1,Parvularcula marina,GCA_003399445,aerobe
131523,AA-424-CC-1,"DSM 28627, KCTC 52216",1,Rodentibacter caecimuris,GCA_024622045,aerobe
11737,"IV-739, 739","DSM 23120, ATCC 51689, CCM 4730, CCUG 17978, CIP 103285, NCTC 10204",1,Pasteurella multocida subsp. gallicida,123812.3,aerobe
,,,,,2684623041,
,,,,,747.327,
,,,,,GCA_900115485,
,,,,,GCA_900636625,
11738,Souchard,"DSM 23071, ATCC 51687, CCM 4731, CCUG 17977, CIP A125, NCTC 11995",1,Pasteurella multocida subsp. septica,115545.23,aerobe
,,,,,2869029176,
,,,,,GCA_900454845,
11741,90-23-79n,"DSM 23072, ATCC 33688, CCUG 19802, CIP 82.117, NCTC 12150, UCD 90-23-79n",1,Pasteurella testudinis,1122938.3,aerobe
,,,,,1122938.4,
,,,,,2528768223,
,,,,,2878651225,
,,,,,761.3,
,,,,,GCA_019633665,
,,,,,GCA_900176075,
,,,,,GCA_900454705,
17629,CP177-2,"DSM 16676, ATCC BAA-1038, JCM 16550, KCTC 19770",1,Patulibacter americanus,1122939.3,aerobe
,,,,,2524614558,
,,,,,GCA_000420025,
23348,I11,"DSM 25962, CECT 8141, JCM 31708",1,Patulibacter medicamentivorans,2537561813,aerobe
,,,,,GCA_000240225,
17628,KV-614,"DSM 18081, CIP 109166, JCM 12834, NBRC 100761, NRRL B-24346, KCTC 19436, NCIMB 14347",1,Patulibacter minatonensis,2510065083,aerobe
,,,,,929712.3,
,,,,,GCA_000519325,
140540,CHU3,"KCTC 42519, CICC 24092, DSM 109232",1,Roseateles oligotrophus,GCA_025717515,aerobe
17932,2C20,"DSM 16998, HAMBI 2767, KCTC 42569, VYH 193597",1,Roseateles toxinivorans,270368.3,aerobe
,,,,,2770939507,
,,,,,GCA_004362525,
1515,B22,"DSM 18846, CIP 108857, LMG 23148",1,Paucisalibacillus globulus,1122940.3,aerobe
,,,,,2528768179,
,,,,,GCA_000482485,
5022,"BS 1008, 904, type 32011","DSM 30168, ATCC 15713, CCM 1008, NCPPB 312, CCUG 4907, ICMP 5702, CIP 82.83, LMG 2404",1,Pectobacterium carotovorum,1267545.3,aerobe
,,,,,2630968984,
,,,,,2695420962,
,,,,,2740892407,
,,,,,554.14,
,,,,,GCA_000749855,
,,,,,GCA_001039055,
,,,,,GCA_900129615,
6399,,"DSM 23026, CCUG 54535, CRL 776, LMG 23999, JCM 30771, NBRC 107827",1,Pediococcus argentinicus,2660238258,aerobe
,,,,,480391.4,
,,,,,480391.5,
,,,,,480391.6,
,,,,,GCA_001437605,
,,,,,GCA_007992295,
,,,,,GCA_012396535,
6385,236b,"CCUG 38496, DSM 20285, ATCC 49902, NCIMB 12564, JCM 12518, BCRC 12841, CCM 3451, CECT 4784, CGMCC 1.6505, CIP 102406, KCTC 3653, LMG 11409, NCFB 2932, VTT E-96661",1,Pediococcus inopinatus,114090.3,aerobe
,,,,,114090.5,
,,,,,2660238412,
,,,,,2806310833,
,,,,,GCA_001438725,
,,,,,GCA_002982135,
6397,"FAIR-E-180, FAIR-E 180","DSM 18001, CCUG 51290, LMG 23082, CIP 109142, JCM 30772, BCRC 17601, NCIMB 14315, BFE 1652",1,Pediococcus stilesii,2667527983,aerobe
,,,,,331679.3,
,,,,,GCA_001437075,
14113,PB92,"DSM 19486, KCTC 12511, JCM 15120",1,Pedobacter agri,1149865.7,aerobe
,,,,,2548876984,
,,,,,GCA_000258495,
14110,NWER-II11,"DSM 19624, LMG 24258",1,Pedobacter alluvionis,2690315623,aerobe
,,,,,475253.4,
,,,,,475253.7,
,,,,,GCA_003664035,
,,,,,GCA_004402005,
133706,A12,"CCTCC AB 2010223, NRRL B-59457",1,Pedobacter arcticus,1206103.3,aerobe
,,,,,2551306473,
,,,,,GCA_000302595,
14112,G-1,"DSM 19626, LMG 24259",1,Pedobacter borealis,1454007.3,aerobe
,,,,,2585427687,
,,,,,GCA_000708285,
14099,,"DSM 16990, CIP 109035, LMG 22862",1,Pedobacter caeni,2622736434,aerobe
,,,,,288992.5,
,,,,,GCA_900129215,
166524,JDX94,"MCCC 1H00335, KCTC 62850",1,Pedobacter chinensis,2899629996,aerobe
,,,,,GCA_003339865,
159768,CM134L-2,"CGMCC 1.16520, KCTC 62643",1,Pedobacter chitinilyticus,2899621417,aerobe
,,,,,GCA_003313385,
,,,,,GCA_004025525,
134016,THG-45,"KACC 14530, JCM 16721",1,Pedobacter ginsenosidimutans,2724679004,aerobe
,,,,,687842.4,
,,,,,GCA_001442625,
134134,,"JCM 12171, MTCC 6384, HHS 22, CIP 108787",1,Pedobacter himalayensis,246796.4,aerobe
166122,SM1810,"KCTC 62798, CCTCC AB 2018198",1,Pedobacter indicus,2834685841,aerobe
,,,,,GCA_003449035,
14104,"DS-139, DS-39","DSM 18684, KCTC 12820, CIP 109748",1,Pedobacter insulae,2634166297,aerobe
,,,,,414048.7,
,,,,,GCA_900113525,
133123,NL19,"LMG 29220, CECT 9028",1,Pedobacter lusitanus,2639762777,aerobe
,,,,,GCA_000832545,
166245,RS10,"KCTC 62786, GDMCC 1.1415",1,Pedobacter miscanthi,2855560114,aerobe
,,,,,GCA_003315595,
158646,Jan-32,"KCTC 52859, CCTCC AB 2017084",1,Pedobacter mongoliensis,GCA_024436395,aerobe
24549,J22,"DSM 27372, CCUG 64422",1,Pedobacter nutrimenti,1241337.3,aerobe
,,,,,2619619049,
,,,,,GCA_003208655,
14111,NWG-II14,"DSM 19625, CIP 110034, LMG 24260",1,Pedobacter nyackensis,2622736511,aerobe
,,,,,475255.4,
,,,,,GCA_900176505,
134222,,"KCTC 12594, LMG 23400, Gsoil 042",1,Pedobacter panaciterrae,363849.11,aerobe
,,,,,GCA_013204795,
140674,P4487A,"CCM 8644, LMG 29436",1,Pedobacter psychrophilus,1826909.3,aerobe
,,,,,2744054859,
,,,,,GCA_001652725,
133008,V5RD,"DSM 103236, CGMCC 1.15644",1,Pedobacter psychrotolerans,1843235.3,aerobe
,,,,,1843235.6,
,,,,,2802428854,
,,,,,GCA_004340665,
,,,,,GCA_014643495,
158603,C62-2,"CGMCC 1.15343, NBRC 111767",1,Pedobacter quisquiliarum,1834438.3,aerobe
,,,,,GCA_014642175,
167923,EG,"CSUR P6417, CECT 9771",1,Pedobacter schmidteae,GCA_900564155,aerobe
,,,,,LS999839,
14101,15-52,"DSM 18130, CIP 109582, KACC 11317",1,Pedobacter suwonensis,2622736524,aerobe
,,,,,332999.8,
,,,,,GCA_900111825,
14100,DS-57,"DSM 17933, KCTC 12762, CCM 9056",1,Pedobacter terrae,2675903222,aerobe
,,,,,405671.6,
,,,,,GCA_900100705,
159787,YL28-9,"CGMCC 1.16050, KCTC 62104",1,Pedobacter yulinensis,2855540664,aerobe
,,,,,GCA_003029735,
140255,22,"DSM 100774, CGMCC 1.15287",1,Pedobacter zeae,1737356.3,aerobe
,,,,,1737356.4,
,,,,,2829961646,
,,,,,GCA_014196715,
,,,,,GCA_014641575,
23071,Sco-B23,"DSM 23987, KACC 15111, KCTC 19807, NBRC 107918",1,Pedococcus badiiscoriae,2844619028,aerobe
,,,,,642776.3,
,,,,,GCA_013408925,
24114,V2M2,"DSM 28108, CGMCC 1.6963, JCM 17739, NBRC 104261",1,Pedococcus cremeus,2671180066,aerobe
,,,,,587636.3,
,,,,,GCA_900111375,
6305,DS-8,"DSM 22329, CCUG 54521, KCTC 19248, JCM 19120",1,Pedococcus dokdonensis,2634166372,aerobe
,,,,,443156.3,
,,,,,GCA_900104525,
5398,MSW-14,"DSM 21428, KCTC 22370, UCCCB27",1,Pelagerythrobacter marensis,2648501407,aerobe
,,,,,2744054505,
,,,,,543877.4,
,,,,,543877.5,
,,,,,GCA_001028625,
,,,,,GCA_001461885,
166513,XYN52,"KCTC 62845, MCCC 1H00348",1,Pelagibacterium lacus,2890778264,aerobe
,,,,,GCA_003345525,
140722,B2,"MCCC 1K03218, CGMCC 1.15896, KCTC 52551",1,Pelagibacterium lentulum,2029865.4,aerobe
,,,,,2881943295,
,,,,,GCA_003992625,
,,,,,GCA_014643755,
159779,CCL18,"CGMCC 1.16231, KCTC 62030",1,Pelagibacterium montanilacus,2881947492,aerobe
,,,,,GCA_003992665,
166206,,"KACC 19595, NBRC 113420, IMCC 34151",1,Pelagibacterium sediminicola,GCA_003390885,aerobe
158129,Hp12,"DSM 104963, CECT 9367",1,Pelagibaculum spongiae,GCA_003097315,aerobe
133435,CL-UU02,"KCCM 42323, JCM 15426, DSM 21314",1,Pelagibius litoralis,374515.3,aerobe
,,,,,GCA_011683915,
134247,YM14-201,"MBIC 08272, IAM 15421, KCTC 13124, JCM 23202, NBRC 104203",1,Pelagicoccus albus,415222.3,aerobe
,,,,,GCA_014230145,
134246,"02PA-Ca-133, O2PA-Ca-133","MBIC 08004, IAM 15422, KCTC 13126, JCM 23203",1,Pelagicoccus mobilis,415221.3,aerobe
,,,,,GCA_016595505,
164616,DSW4-44,"JCM 33637, KCCM 43261, KCTC 62762",1,Zongyanglinia marina,2578117.3,aerobe
,,,,,GCA_005771405,
23238,KU27E1,"DSM 26923, JCM 17793, KCTC 23703",1,Tropicibacter phthalicicus,1037362.5,aerobe
,,,,,2734482174,
,,,,,GCA_004364805,
23243,"SH4-1, SH4_1","DSM 23678, CIP 110297, LMG 26343",1,Pelagimonas varians,2734482185,aerobe
,,,,,696760.5,
,,,,,GCA_003208435,
166109,YLY04,"MCCC 1H00334, KCTC 62452",1,Roseovarius dicentrarchi,2882578659,aerobe
,,,,,GCA_003316635,
159840,BH-SD19,"CCTCC AB 2017074, KCTC 62202",1,Pelagivirga sediminicola,2831602983,aerobe
,,,,,GCA_003072125,
137698,N51,"CIP 105809, CCUG 39967, LMG 10982, CIP 105842",1,Pelistega europaea,106147.8,aerobe
,,,,,2910227858,
,,,,,GCA_013133775,
134273,,"CCUG 52575, KCTC 42961, CECT 7233",1,Pelomonas aquatica,GCA_026712205,aerobe
134272,,"CECT 7234, CCUG 52769",1,Roseateles puraquae,2839818489,aerobe
,,,,,431059.3,
,,,,,GCA_002205845,
158416,L28,"DSM 104296, MCCC 1K03287",1,Peribacillus acanthi,2171554.3,aerobe
,,,,,GCA_003073175,
158068,T3-209,"DSM 29135, KCTC 33631, MCCC 1K00503",1,Peribacillus alkalitolerans,1550385.3,aerobe
,,,,,GCA_010882125,
1271,K9,"DSM 18926, LMG 23974",1,Peribacillus butanolivorans,2645727660,aerobe
,,,,,421767.3,
,,,,,GCA_001273755,
140140,L5,"DSM 105484, CCTCC AB 2015055, KCTC 33637",1,Peribacillus cavernae,2926509544,aerobe
,,,,,GCA_003989135,
140045,ZLD-8,"DSM 105482, CCTCC AB 207173, KCTC 13246",1,Peribacillus deserti,2901288096,aerobe
,,,,,673318.5,
,,,,,GCA_016909175,
1846,"WS 1085, 6720","DSM 8801, ATCC 25097, CCUG 43489, CIP 67.20, JCM 11681",1,Peribacillus frigoritolerans,GCA_024169475,aerobe
158859,"V44.8, V44-8","DSM 105192, ATCC BAA-2860",1,Peribacillus glennii,GCA_003429105,aerobe
,,,,,QVTD00000000,
1279,BT080,"DSM 17871, KCTC 13934, BCRC 80031",1,Peribacillus kribbensis,1121092.3,aerobe
,,,,,2524023229,
,,,,,GCA_000430765,
132573,FJAT-27997,"DSM 101776, CCTCC AB 2015285",1,Peribacillus loiseleuriae,GCA_001183985,aerobe
1227,R-8192,"DSM 16288, LMG 22038, CCUG 54935, LMG 20238",1,Peribacillus muralis,264697.3,aerobe
,,,,,2744054485,
,,,,,GCA_001439925,
158858,V47-23a,"DSM 105190, ATCC BAA-2861",1,Peribacillus saganii,GCA_003429095,aerobe
24150,M75,"DSM 28407, CCUG 61472, LMG 26217",1,Periweissella fabalis,1070421.3,aerobe
,,,,,GCA_012396505,
,,,,,GCA_023657345,
140543,BK296,"KCTC 52162, JCM 31377",1,Perlucidibaca aquatica,2791354891,aerobe
,,,,,GCA_001676655,
134231,Shu-9-SY12-35C,"MBIC 07417, IAM 15412, KCTC 12866, JCM 23195, CIP 109672, NBRC 103568",1,Persicitalea jodogahamensis,402147.3,aerobe
,,,,,GCA_014651615,
158494,15-057A,"DSM 106435, ATCC BAA-2934",1,Peterkaempfera bronchialis,2126346.3,aerobe
,,,,,2856716682,
,,,,,GCA_003258605,
17048,,"DSM 14811, CIP 107371, MET met12, MET 12",1,Petrotoga mexicana,1122954.3,aerobe
,,,,,GCA_002895565,
13731,T5,"DSM 16374, CIP 109289, LMG 22475",1,Phaeobacter inhibens,2574179718,aerobe
,,,,,999548.6,
,,,,,GCA_000473105,
13848,,"DSM 26436, CCUG 55857, LMG 24365",1,Phaeobacter italicus,2622736589,aerobe
,,,,,481446.6,
,,,,,GCA_900113345,
140086,P97,"DSM 103148, LMG 29594",1,Phaeobacter porticola,2718218026,aerobe
,,,,,GCA_001888185,
133692,PG2S01,"CCTCC AB 209288, LMG 25704, MCCC 1F01079, JCM 33360",1,Phaeocystidibacter luteus,911197.3,aerobe
,,,,,GCA_008933115,
158187,,"DSM 105012, KCTC 42180, MCCC 1F01222, GYP 20",0,Phaeodactylibacter luteus,1564516.4,aerobe
,,,,,2886894609,
,,,,,GCA_007993045,
2348,4T-6,"DSM 19425, KACC 12597, CIP 110190, NBRC 106419",1,Phenylobacterium composti,2571042909,aerobe
158279,,"DSM 103871, CCTCC AB 2016297, YIM 73061, NCCP 697",1,Phenylobacterium deserti,1914756.3,aerobe
,,,,,2840414474,
,,,,,GCA_003254705,
158580,HKS-05,"KACC 18628, LMG 30081",1,Phenylobacterium hankyongense,2848300489,aerobe
,,,,,GCA_003254505,
2339,E,"DSM 1986, ATCC 35973, NCIB 12055, CIP 103305, LMG 6165, NCIMB 12055",1,Phenylobacterium immobile,2690315804,aerobe
,,,,,31967.4,
,,,,,GCA_001375595,
2343,Slu-01,"DSM 17809, IAM 15119, JCM 21577, KCTC 12206, NBRC 102285",1,Phenylobacterium koreense,2928269751,aerobe
1622,CB 42,"CCUG 55424, DSM 18228, JCM 13818",1,Phocaeicola coprophilus,2731957552,aerobe
,,,,,547042.1,
,,,,,643886197,
,,,,,GCA_000157915,
,,,,,GCA_001315785,
140486,P03D4,"KCTC 52365, MCCC 1K03200, CGMCC 1.15764, JCM 31445",1,Photobacterium alginatilyticum,2905545480,aerobe
,,,,,GCA_009910675,
17240,M46,"DSM 25995, CECT 7614, KCTC 23057",1,Photobacterium aphoticum,2671180362,aerobe
,,,,,2900340083,
,,,,,754436.4,
,,,,,754436.6,
,,,,,754436.8,
,,,,,GCA_001029435,
,,,,,GCA_003025575,
,,,,,GCA_014652075,
17237,LC2-065,"DSM 23343, KCTC 22356, NBRC 104633, JCM 17429, CCTCC AB 2010382, DSM 24197",1,Photobacterium aquimaris,2772190742,aerobe
,,,,,2878587867,
,,,,,512643.17,
,,,,,512643.7,
,,,,,GCA_001676085,
,,,,,GCA_002954455,
,,,,,GCA_003025415,
17223,,"DSM 7482, ATCC 33539, CCUG 13626, KCTC 12323, LMG 7892, CDC 2588-80, CIP 102761, NCIMB 2184",1,Photobacterium damselae,2773857966,aerobe
,,,,,2858417275,
,,,,,38293.28,
,,,,,85581.9,
,,,,,GCA_003026815,
23340,Gung47,"DSM 26887, CCUG 58399, KCTC 22804",1,Photobacterium gaetbulicola,1295392.6,aerobe
,,,,,2645727918,
,,,,,2905573978,
,,,,,658445.3,
,,,,,GCA_000940995,
,,,,,GCA_003025515,
17233,FR1311,"DSM 22954, IMSNU 60287, JCM 12487, KCTC 12328, CIP 109254, DSM 22358, NCIMB 14495",1,Photobacterium ganghwense,2713896764,aerobe
,,,,,2868869919,
,,,,,320778.3,
,,,,,320778.6,
,,,,,GCA_001029455,
,,,,,GCA_003025595,
17234,DF-42,"DSM 21778, JCM 13586, KCTC 12723, CAIM 1851, CECT 7642, CIP 109547, LMG 25278",1,Photobacterium lutimaris,2770939603,aerobe
,,,,,2858373912,
,,,,,388278.3,
,,,,,388278.4,
,,,,,GCA_003025555,
,,,,,GCA_004363665,
140479,"43082, 13-12","KCTC 42764, CGMCC 1.14970",1,Photobacterium proteolyticum,2882267562,aerobe
,,,,,GCA_001939735,
163887,,"JCM 30852, ACCC 19961, LAM 9072",1,Photobacterium salinisoli,GCA_003614885,aerobe
5048,3107,"DSM 19724, NCAIM B 02271",1,Photorhabdus cinerea,2897721305,aerobe
,,,,,471575.3,
,,,,,GCA_011189575,
159733,S-12,"KACC 18497, JCM 31612",1,Phreatobacter cathodiphilus,GCA_003008515,aerobe
24753,PI_21,"DSM 25521, KCTC 52181, NCAIM B 02510",1,Phreatobacter oligotrophus,1122261.3,aerobe
,,,,,2734482287,
,,,,,GCA_003046185,
6298,Lp2,"DSM 14184, JCM 11141, CCUG 46560, CIP 107623, IAM 14965, NBRC 103079, KCTC 39572, NCIMB 14348",1,Phycicoccus elongatus,2600254961,aerobe
,,,,,GCA_000367525,
132430,JP6SC6,"DSM 100020, CGMCC 4.7300, JCM 31784",1,Phycicoccus endophyticus,1690220.4,aerobe
,,,,,1690220.5,
,,,,,2894037358,
,,,,,GCA_014395645,
,,,,,GCA_014646175,
133801,PEPV15,"LMG 26470, CECT 7949",1,Phyllobacterium endophyticum,1149773.3,aerobe
,,,,,1149773.6,
,,,,,2824427252,
,,,,,2839993093,
,,,,,GCA_003010935,
,,,,,GCA_008180215,
,,,,,GCA_014192255,
158644,LLAN61,"LMG 30173, CECT 9417",1,Phyllobacterium salinisoli,2840750342,aerobe
,,,,,GCA_003335045,
11876,PETP02,"DSM 17315, CECT 7015, LMG 22712",1,Phyllobacterium trifolii,2824382165,aerobe
,,,,,300193.4,
,,,,,GCA_014192095,
132519,,"DSM 101529, CGMCC 4.7225, KCTC 39701, EGI 80629, JCM 32495",1,Phytoactinopolyspora alkaliphila,1783498.3,aerobe
,,,,,GCA_010550695,
131400,,"DSM 46804, CPCC 204078, KCTC 29657, EGI 60009, JCM 31493",1,Phytoactinopolyspora endophytica,GCA_004138495,aerobe
23123,K09-0627,"DSM 45551, JCM 17387, NBRC 107702",1,Phytohabitans flavus,1076124.3,aerobe
,,,,,GCA_011764545,
23124,K11-0057,"DSM 45864, BCC 48147, JCM 17830, NBRC 108639",1,Phytohabitans houttuyneae,1076126.3,aerobe
,,,,,GCA_011764425,
23125,K11-0047,"DSM 45865, BCC 48146, JCM 17829, NBRC 108638",1,Phytohabitans rumicis,1076125.3,aerobe
,,,,,GCA_011764445,
8050,K07-0523,"DSM 45306, BCC 55028, JCM 31213, NBRC 105367, TBRC 2211",1,Phytohabitans suffuscus,624315.3,aerobe
,,,,,GCA_011764565,
166099,R4HLG17,"ACCC 19929, KCTC 52415",1,Phytohalomonas tamaricis,GCA_003012345,aerobe
159685,IMT-318,"DSM 107179, CCM 8859, CIP 111626, LMG 30658",1,Pigmentiphaga humi,GCA_900606115,aerobe
1544,RBU1-1,"DSM 21622, JCM 13188, PCU 270, TISTR 1571, CIP 109653",1,Piscibacillus salipiscarius,1294022.5,aerobe
,,,,,2675903365,
,,,,,GCA_001311865,
23827,C01,"DSM 27630, KCTC 13150, PCU 316, TISTR 1958",1,Pisciglobus halotolerans,2634166901,aerobe
,,,,,745365.3,
,,,,,GCA_900113675,
159877,MQ-18,"CCTCC AB 2017223, JCM 32138",1,Piscinibacter caeni,2883124827,aerobe
,,,,,GCA_003265685,
133221,SH-1,"KACC 18594, JCM 31230",1,Piscinibacter defluvii,2881658920,aerobe
,,,,,GCA_004011805,
133415,K7,"LMG 28835, KCTC 42657, BCRC 80901",1,Planctobacterium marinum,GCA_020687805,aerobe
166440,13S1-3,"KCTC 49115, CGMCC 1.16554",1,Planctomonas deserti,GCA_003067705,aerobe
134050,"P8, IMER 00624","KACC 16581, NBRC 108858, DSM 111729",1,Planifilum composti,2784132152,aerobe
16752,H0165,"DSM 44946, ATCC BAA-969, JCM 12507, BCRC 16827",1,Planifilum fimeticola,201975.3,aerobe
,,,,,2728369512,
,,,,,GCA_003001905,
16751,500275,"DSM 44945, ATCC BAA-970, JCM 12508, BCRC 16828",1,Planifilum fulgidum,201973.5,aerobe
,,,,,2615840724,
,,,,,GCA_900113175,
134218,LA5,"CCTCC AA 206002, KCTC 13052, DSM 45664",1,Planifilum yunnanense,2784132149,aerobe
24527,,"DSM 22400, JCM 18269, RCA 23",1,Planktomarina temperata,2548877138,aerobe
141082,X14M-14,"CGMCC 1.12924, KCTC 42675",1,Planktosalinus lacus,1526573.3,aerobe
,,,,,GCA_014640155,
13865,"SH6-1, SH6_1","DSM 23709, LMG 25294",1,Planktotalea frisia,2593339277,aerobe
,,,,,2703719202,
,,,,,696762.6,
,,,,,GCA_001890925,
,,,,,GCA_003254185,
24635,A-T 4600,"DSM 46704, BCC 39469, NBRC 107568",1,Planobispora siamensis,936338.3,aerobe
,,,,,GCA_016863175,
164371,Y74,"JCM 32826, CICC 24461",0,Planococcus antioxidans,GCA_003668635,aerobe
11965,JH1,"DSM 22276, KCTC 13050, LMG 23779",1,Planococcus donghaensis,2700988611,aerobe
,,,,,2773857989,
,,,,,414778.12,
,,,,,414778.4,
,,,,,GCA_001687665,
11974,0423,"DSM 24857, CGMCC 1.6846, JCM 15088",1,Planococcus glaciei,2617270782,aerobe
,,,,,459472.16,
,,,,,GCA_900099655,
11967,Or1,"DSM 24743, JCM 17719",1,Planococcus halocryophilus,1005941.3,aerobe
,,,,,1215089.4,
,,,,,2537562134,
,,,,,2700988612,
,,,,,2773857975,
,,,,,GCA_000342445,
,,,,,GCA_001687585,
11971,JG-07,"DSM 15895, CIP 107134, JCM 10704, KCTC 3684, CGMCC 1.3646, KCTC 3684.",1,Planococcus koreensis,112331.4,aerobe
,,,,,2861582252,
,,,,,GCA_014202615,
164341,Y42,"JCM 32719, CGMCC 1.15921",1,Planococcus lenghuensis,GCA_001999905,aerobe
11966,AS/ASP6(II),"DSM 23997, MTCC 8491",1,Planococcus plakortidis,1038856.4,aerobe
,,,,,2700988614,
,,,,,GCA_001687605,
11960,ISL-16,"DSM 23820, CCUG 57753, KCTC 13584",1,Planococcus salinarum,2837105295,aerobe
,,,,,2840865273,
,,,,,622695.3,
,,,,,622695.5,
,,,,,GCA_001856085,
,,,,,GCA_003428865,
,,,,,GCA_007004625,
158688,LCB217,"CGMCC 1.15685, KCTC 33861",1,Planococcus salinus,2843378535,aerobe
,,,,,GCA_003719725,
133091,L10.15,"DSM 101994, KACC 18918",1,Planococcus versutus,2700988609,aerobe
,,,,,2788500496,
,,,,,GCA_001186155,
11972,K22-03,"DSM 16419, JCM 12481, MTCC 6226",1,Planococcus stackebrandtii,2928307406,aerobe
8037,,"DSM 44991, BCC 51133, CCTCC AA 205013, JCM 16008, NBRC 105377, TBRC 198, YIM 46034",1,Planosporangium flavigriseum,373681.3,aerobe
,,,,,373681.5,
,,,,,GCA_011947225,
,,,,,GCA_016862875,
132122,,"DSM 45475, BCC 51294, CCTCC AA 209049, KCTC 19779, TBRC 2212, YIM 48875, NBRC 109066",1,Planosporangium mesophilum,689768.3,aerobe
,,,,,689768.4,
,,,,,GCA_011947235,
,,,,,GCA_016863255,
16584,A-T 0875,"DSM 45570, BCC 24832, NBRC 104272, JCM 17936",1,Planotetraspora kaengkrachanensis,575193.3,aerobe
,,,,,GCA_016862895,
16585,A-T 1383,"DSM 45571, BCC 26045, NBRC 104273, JCM 17937",1,Planotetraspora phitsanulokensis,575192.3,aerobe
,,,,,GCA_016863295,
16582,TT 00-51,"DSM 44746, NBRC 100141, JCM 12867, BCRC 16800, CGMCC 4.5632",1,Planotetraspora silvatica,234614.3,aerobe
,,,,,GCA_016863315,
16583,,"DSM 45400, BCC 21825, NBRC 104271, JCM 16140",1,Planotetraspora thailandica,487172.3,aerobe
,,,,,GCA_016863335,
8047,,"DSM 45387, CCTCC AA 209047, JCM 31039, NBRC 110450, YIM 68255",1,Plantactinospora endophytica,673535.3,aerobe
,,,,,GCA_016862915,
8045,,"DSM 45238, BCC 55027, CCTCC AA 208022, JCM 16905, NBRC 109088, TBRC 2210, YIM 61359",1,Plantactinospora mayteni,566021.3,aerobe
,,,,,GCA_016862935,
132564,NEAU-gxj3,"DSM 46832, CGMCC 4.7221",1,Plantactinospora soyae,1544732.3,aerobe
,,,,,2870846369,
,,,,,GCA_014874095,
24761,YD,"DSM 25287, NCCB 100398",1,Plasticicumulans lactativorans,1133106.8,aerobe
,,,,,2795385449,
,,,,,GCA_004341245,
24763,,"DSM 25350, CIP 110343, MOLA 115",1,Pleionea mediterranea,2756170268,aerobe
,,,,,523701.3,
,,,,,GCA_003148745,
23098,R5-392,"DSM 25022, KACC 16233",1,Pleomorphomonas diazotrophica,2651870105,aerobe
,,,,,2839387131,
,,,,,GCA_002844595,
,,,,,GCA_900114935,
7227,Y9,"DSM 23070, KCTC 12246, NBRC 100803",1,Pleomorphomonas koreensis,1122962.3,aerobe
,,,,,2523533619,
,,,,,GCA_000425185,
166285,SW125,"CGMCC 1.16172, DSM 107180, KCTC 62636",1,Pleomorphovibrio marinus,2164132.3,aerobe
,,,,,2831830614,
,,,,,GCA_003347495,
5055,"M51, Bader M51","DSM 8224, ATCC 14029, NCIB 9242, RH 798, CCUG 410, NCTC 10360, NCIMB 9242, CDC 3085-55, CIP 63.5, LMG 4242",1,Plesiomonas shigelloides,2773857999,aerobe
,,,,,703.8,
,,,,,GCA_900087055,
166123,ZY113,"KCTC 62374, MCCC 1H00296",1,Polaribacter aquimarinus,GCA_003129485,aerobe
152919,,"CCUG 48005, KMM 3938, KCTC 12100, KCTC 23228",1,Polaribacter butkevichii,218490.3,aerobe
,,,,,2895256602,
,,,,,GCA_002954605,
5627,DSW-5,"DSM 17204, CIP 109304, KCTC 12392",1,Polaribacter dokdonensis,1300348.6,aerobe
,,,,,1300348.9,
,,,,,2639762916,
,,,,,2693430036,
,,,,,GCA_001280865,
,,,,,GCA_900106865,
133261,RA4-7,"KCTC 52418, NBRC 112383",1,Polaribacter haliotis,1888915.11,aerobe
,,,,,2788500510,
,,,,,GCA_002201315,
,,,,,GCA_014784055,
140599,OITF-11,"KCTC 52500, NBRC 112457",1,Polaribacter litorisediminis,GCA_019968605,aerobe
133846,LNM-20,"LMG 26671, NBRC 108759",1,Polaribacter porphyrae,1137780.3,aerobe
,,,,,2895253024,
,,,,,GCA_002954685,
,,,,,GCA_020532745,
133931,,"KCTC 23670, JCM 18092, KOPRI 21160",1,Polaribacter sejongensis,985043.7,aerobe
,,,,,GCA_002814075,
158681,WS2-14,"KCTC 52275, MCCC 1H00163",1,Polaribacter tangerinus,2791355037,aerobe
,,,,,GCA_002201235,
140826,B717-2,"CGMCC 1.15322, JCM 31171",1,Polaromonas eurypsychrophila,1614635.3,aerobe
,,,,,GCA_014641715,
2982,CJ2,"DSM 15660, ATCC BAA-779, CCUG 51246",1,Polaromonas naphthalenivorans,365044.2,aerobe
,,,,,365044.36,
,,,,,365044.37,
,,,,,365044.38,
,,,,,365044.39,
,,,,,365044.4,
,,,,,365044.41,
,,,,,365044.42,
,,,,,365044.43,
,,,,,639633051,
133878,JIR-001,"JCM 18147, CECT 8074, BCC 72032, NBRC 109429",1,Polycladomyces abyssicola,1125966.3,aerobe
,,,,,GCA_018326425,
167597,"DJ1R_1, DJ1R-1","CGMCC 1.13788, KCTC 72014",1,Polymorphobacter arshaanensis,GCA_004681125,aerobe
,,,,,SIHO00000000,
133374,B555-2,"CGMCC 1.15519, KCTC 52396",1,Polymorphobacter glacialis,1614636.3,aerobe
,,,,,GCA_014643455,
8025,TT97-42,"DSM 44947, NBRC 101157, JCM 14904, CGMCC 4.5572",1,Polymorphospora rubra,338584.4,aerobe
,,,,,GCA_018324255,
2079,MWH-PoolGreenA3,"DSM 21994, CIP 110079",1,Polynucleobacter acidiphobus,2808606701,aerobe
,,,,,GCA_003065385,
158281,MWH-K35W1,"DSM 24006, LMG 29706",1,Polynucleobacter aenigmaticus,1743164.3,aerobe
,,,,,GCA_002206635,
158405,MWH-Feld-100,"DSM 24007, LMG 29705",1,Polynucleobacter campilacus,1743163.3,aerobe
,,,,,2590828843,
,,,,,GCA_002206625,
2076,MWH-MoIso2,"DSM 21490, CIP 109840, LMG 25212",1,Polynucleobacter cosmopolitanus,2642422582,aerobe
,,,,,2773857926,
,,,,,GCA_002224225,
2081,AM-8B5,"DSM 22349, CIP 110078",1,Polynucleobacter difficilis,2808606694,aerobe
,,,,,GCA_003065365,
2071,MWH-MoK4,"DSM 21495, CIP 110977",1,Polynucleobacter duraquae,2634166443,aerobe
,,,,,576611.7,
,,,,,GCA_000973625,
158406,MWH-EgelM1-30-B4,"DSM 23911, LMG 30144",1,Polynucleobacter hirudinilacicola,2590828818,aerobe
,,,,,GCA_002192535,
158668,AP-Melu-1000-B4,"DSM 103591, CIP 111329",1,Polynucleobacter meluiroseus,2710724120,aerobe
,,,,,GCA_900205755,
158449,MG-25-Pas1-D2,"DSM 103454, CIP 111323",1,Polynucleobacter paneuropaeus,2770939595,aerobe
,,,,,2808606699,
,,,,,GCA_003261235,
2080,MT-CBb6A5,"DSM 21648, CIP 109928",1,Polynucleobacter rarus,2645728114,aerobe
,,,,,556055.3,
,,,,,GCA_003072505,
2069,MWH-HuW1,"DSM 21492, CIP 110978",1,Polynucleobacter sinensis,2844340359,aerobe
,,,,,GCA_001595985,
140723,MWH-Weng1-1,"CIP 111099, DSM 24018",1,Polynucleobacter sphagniphilus,2574179738,aerobe
,,,,,GCA_001953355,
133074,QLW-P1FAT50C-4,"DSM 24008, CIP 111100",1,Polynucleobacter wuianus,1743168.3,aerobe
,,,,,2687453598,
,,,,,GCA_001659725,
166385,Pla110,"DSM 103387, LMG 29693",1,Polystyrenella longa,GCA_007750395,aerobe
13856,GRP21,"DSM 21219, KCTC 22497",1,Pontibaca methylaminivorans,2681812934,aerobe
,,,,,515897.3,
,,,,,GCA_900156525,
1388,,"DSM 19796, CCTCC AA 207029, KCTC 13190, JSM 076056, CIP 110065",1,Pontibacillus halophilus,1122964.4,aerobe
,,,,,1385510.3,
,,,,,2524023244,
,,,,,GCA_000425205,
,,,,,GCA_000775595,
1387,"BH030004, 10.101","DSM 16465, KCTC 3917",1,Pontibacillus marinus,1122965.4,aerobe
,,,,,1385511.3,
,,,,,2524023192,
,,,,,2630968890,
,,,,,GCA_000425225,
,,,,,GCA_000775605,
133153,9DM,"KCTC 33742, LMG 29102, CGMCC 1.15353",1,Pontibacillus salipaludis,1697394.3,aerobe
,,,,,GCA_014642405,
23884,"AKesu 4, ASK 1","DSM 18820, CCTCC AB 206086, KCTC 12758, AKS 1",1,Pontibacter akesuensis,2622736541,aerobe
,,,,,388950.6,
,,,,,388950.7,
,,,,,GCA_014651555,
,,,,,GCA_900116885,
140146,2-Sep,"DSM 27987, CGMCC 1.12749, JCM 19653, MCCC 1K00278",1,Pontibacter amylolyticus,1424080.3,aerobe
,,,,,GCA_014638845,
166253,2b14,"KCTC 62596, MCCC 1H00304",1,Pontibacter arcticus,GCA_003284895,aerobe
133259,XAAS-1,"CCTCC AB 2016134, JCM 31442, DSM 103222",1,Pontibacter aydingkolensis,2928185967,aerobe
133827,DM9,"CCM 7955, MTCC 11079",1,Pontibacter lucknowensis,2681812905,aerobe
,,,,,GCA_900156415,
132973,PB3,"DSM 100162, KCTC 42942",1,Pontibacter mucosus,1649266.3,aerobe
,,,,,2734482255,
,,,,,GCA_003054055,
166346,BT214,"KCTC 72359, NBRC 114377",1,Pontibacter pudoricolor,2884355953,aerobe
,,,,,GCA_010092985,
133910,LP43,"CCM 8406, MCC 2019",1,Pontibacter ramchanderi,2681812906,aerobe
,,,,,GCA_002846395,
3829,SRC-1,"DSM 17521, CCTCC AB 207222, CIP 109903, MTCC 7260",1,Pontibacter roseus,1122967.3,aerobe
,,,,,2515154084,
,,,,,GCA_000373265,
132412,,"DSM 100161, KCTC 42944, MCC 2777, NKM 1",1,Pontibacter ummariensis,2728369279,aerobe
133007,W14,"DSM 100231, KCTC 42941, MCC 2932",1,Pontibacter virosus,1765052.3,aerobe
,,,,,2756170242,
,,,,,GCA_003096355,
13846,CL-GR66,"DSM 18986, KCCM 90028",1,Ponticoccus litoralis,2574179734,aerobe
158575,SJ5A-1,"JCM 19520, ACCC 19863",1,Pseudoponticoccus marisrubri,1685382.5,aerobe
,,,,,2724679114,
,,,,,GCA_001482405,
133880,CL-TW6,"KCCM 90105, JCM 18206",1,Pontimonas salivibrio,1159327.4,aerobe
,,,,,2866993168,
,,,,,GCA_002950575,
158576,,"KEMB 9005-328, JCM 31499, Yeonmyeong 2-22",1,Qipengyuania algicida,GCA_009828025,aerobe
166203,SM1702,"MCCC 1K03471, KCTC 62796",1,Arcobacter antarcticus,GCA_003667345,aerobe
13320,,"DSM 45266, CCTCC AA 208053, YIM 90636, JCM 33234",1,Prauserella aidingensis,2596583537,aerobe
,,,,,GCA_024171865,
158465,,"DSM 45973, YIM 121212, CCTCC AA 2013011",1,Prauserella flavalba,1477506.3,aerobe
,,,,,2865225150,
,,,,,GCA_003202235,
,,,,,MASU00000000,
13323,MS 498,"DSM 45268, CCTCC AA 208056, JCM 18301, CGMCC 4.5506, NBRC 105212",1,Prauserella marina,2675903049,aerobe
,,,,,2770939488,
,,,,,530584.3,
,,,,,530584.4,
,,,,,530584.6,
,,,,,530584.7,
,,,,,GCA_002240355,
,,,,,GCA_003182115,
,,,,,GCA_900102755,
13322,05-Be-005,"DSM 45305, CCM 7635, CCUG 57426, NRRL B-24780, JCM 17974",1,Prauserella muralis,2818991319,aerobe
,,,,,2865233180,
,,,,,588067.3,
,,,,,588067.5,
,,,,,GCA_003202285,
,,,,,GCA_007993965,
13318,,"DSM 45264, CCTCC AA 208051, YIM 90625, JCM 33232",1,Prauserella salsuginis,2596583569,aerobe
,,,,,GCA_024648885,
13319,,"DSM 45265, CCTCC AA 208052, YIM 90630, JCM 33233",0,Prauserella salsuginis,2596583604,aerobe
,,,,,GCA_024648865,
13321,,"DSM 45267, CCTCC AA 208054, YIM 90694, JCM 33235",1,Prauserella salsuginis,2827231811,aerobe
,,,,,577680.3,
,,,,,GCA_014195435,
5745,ZS1-8,"DSM 23421, JCM 17291",1,Pricia antarctica,2684622891,aerobe
,,,,,641691.3,
,,,,,GCA_900101815,
1244,7.101,"DSM 16467, KCTC 3914, BR 030, CIP 110015",1,Priestia koreensis,2648501744,aerobe
,,,,,284581.3,
,,,,,GCA_001274935,
733,"1060, 19, Ford 19, Gibson 1060","DSM 32, ATCC 14581, CCM 2007, NCIB 9376, NCTC 10342, CCUG 1817, JCM 2506, BCRC 10608, CECT 4313, CIP 66.20, HAMBI 2018, IAM 13418, IFO 15308, KCTC 3007, LMG 7127, NBRC 15308, NCCB 75016, NCIMB 9376, NRIC 1710, NRRL B-14308, VKM B-512, VTT E-93055, NCDO 1773",1,Priestia megaterium,1348623.15,aerobe
,,,,,1348623.16,
,,,,,1348623.17,
,,,,,1348623.18,
,,,,,1348623.19,
,,,,,1348623.2,
,,,,,1348623.34,
,,,,,1348623.36,
,,,,,1348623.6,
,,,,,1348623.7,
159756,PX7,"KCTC 42952, MCCC 1H00196",1,Primorskyibacter marinus,2889500225,aerobe
,,,,,GCA_003313245,
133848,KAUST100406-0324,"JCM 17872, NRRL B-59665",1,Profundibacterium mesophilum,1037889.3,aerobe
,,,,,GCA_009835145,
156581,HM 792,"CCUG 63022, DSM 45554, UTMC 792, UTMC 00792",1,Promicromonospora iranensis,2923448447,aerobe
,,,,,GCA_028994805,
12604,RS16,"DSM 19349, LMG 24382, JCM 16033",1,Promicromonospora kroppenstedtii,2507525000,aerobe
,,,,,926564.3,
,,,,,GCA_000515355,
141045,NEAU-GS50,"CGMCC 4.7398, DSM 104515",1,Promicromonospora soli,2035533.3,aerobe
,,,,,GCA_014653785,
12606,09-Be-007,"DSM 22081, CCM 7634, CCUG 57424, JCM 17975",1,Promicromonospora umidemergens,2596583659,aerobe
,,,,,GCA_024171995,
12662,L60,"DSM 8251, ATCC 49929, CIP 110011, NCTC 11082, CCUG 33480, LMG 16732, JCM 13395",1,Propioniferax innocua,1753.3,aerobe
,,,,,2814123534,
,,,,,GCA_006716235,
17150,"KS, KS-SP4I6","DSM 15287, ATCC BAA-665",1,Propionispora hippei,1123003.3,aerobe
,,,,,2585428088,
,,,,,GCA_900141835,
5074,,"DSM 30120, ATCC 9886, CCUG 6325, NCTC 10286, JCM 1673, BCRC 13995, CGMCC 1.6768, CIP 82.90, NBRC 105687",1,Providencia alcalifaciens,126385.9,aerobe
,,,,,520999.6,
,,,,,642979317,
,,,,,GCA_000173415,
,,,,,GCA_900478095,
5091,B,"DSM 19968, ATCC BAA-1590, JCM 16940",1,Providencia burhodogranariea,1141662.3,aerobe
,,,,,2529292851,
,,,,,GCA_000314855,
5075,8025-83,"CCUG 16446, NCTC 12003, DSM 3591, ATCC 35613, CIP 103031, MUA 2-110",1,Providencia heimbachae,1354272.4,aerobe
,,,,,2802429662,
,,,,,333962.4,
,,,,,GCA_001655055,
,,,,,GCA_900475855,
5092,A,"DSM 19967, ATCC BAA-1589, JCM 16941",1,Providencia sneebia,1141660.3,aerobe
,,,,,1141660.4,
,,,,,1141660.5,
,,,,,1141660.6,
,,,,,2597489903,
,,,,,GCA_000314895,
5088,OP1,"DSM 17385, CIP 108829, CCUG 55499",1,Providencia vermicola,GCA_020381325,aerobe
3026,CC-21,"DSM 21352, CCUG 54492, CIP 109510",1,Pseudacidovorax intermedius,2770939510,aerobe
,,,,,433924.4,
,,,,,GCA_003350475,
130241,,"DSM 28005, JCM 19624, KACC 17839, KCTC 29256, EGI 60002",1,Pseudactinotalea suaedae,1524924.3,aerobe
,,,,,2887398948,
,,,,,GCA_009733815,
133083,5GHs33-03,"DSM 27157, KACC 16542, NBRC 111006",1,Pseudactinotalea terrae,1743262.3,aerobe
,,,,,2890205655,
,,,,,GCA_009733845,
1226,SW-72,"DSM 16206, JCM 11807, KCCM 41641, CIP 108441, LMG 24749",1,Pseudalkalibacillus hwajinpoensis,GCA_029277305,aerobe
140465,JH-7,"KCTC 52258, CCTCC AB 2016107",1,Pseudaminobacter manganicus,2767802766,aerobe
,,,,,GCA_002075885,
3837,E92,"DSM 25647, CCM 7988, LMG 26720, CIP 110345",1,Pseudarcicella hirudinis,1079859.3,aerobe
,,,,,2634166314,
,,,,,GCA_900115665,
7628,,"DSM 23395, CCUG 59597, IMMIB L-1606, JCM 19107",1,Pseudarthrobacter equi,2634166282,aerobe
,,,,,728066.4,
,,,,,GCA_900105535,
7622,Sphe3,"DSM 18606, LMG 23796, JCM 16027",1,Pseudarthrobacter phenanthrenivorans,650377905,aerobe
,,,,,930171.23,
,,,,,930171.24,
,,,,,GCA_000189535,
24196,4J27,"DSM 28024, CECT 8257, LMG 27359, CIP 110704",1,Pseudarthrobacter siccitolerans,2648501281,aerobe
,,,,,GCA_001046895,
4928,"875-72, 580","CCUG 15715, DSM 4564, ATCC 33821, IAM 14239, JCM 1688, NIH 580, CDC 875-72, BCRC 15953, CGMCC 1.3441, CIP 103177, HAMBI 1694, LMG 7868, NBRC 102420, NCTC 12130",1,Pseudescherichia vulneris,1115515.3,aerobe
,,,,,2600255014,
,,,,,2806310681,
,,,,,566.6,
,,,,,GCA_000759795,
,,,,,GCA_900450975,
133584,KYW314,"KCTC 22740, JCM 16344",1,Pseudidiomarina aestuarii,GCA_003987355,aerobe
133757,SW15,"LMG 25374, BCRC 80083",1,Pseudidiomarina aquimaris,GCA_003987395,aerobe
133467,908033,"CGMCC 1.7284, JCM 15533",1,Pseudidiomarina donghaiensis,2619618818,aerobe
,,,,,519452.3,
,,,,,GCA_003987405,
,,,,,GCA_900116895,
168509,R04H25,"GDMCC 1.1503, KCTC 62911",1,Pseudidiomarina gelatinasegens,GCA_004025325,aerobe
,,,,,RSFE01000000,
133427,PIM1,"BCRC 17749, JCM 15083",1,Pseudidiomarina marina,GCA_003987045,aerobe
133466,908087,"CGMCC 1.7285, JCM 15534",1,Pseudidiomarina tainanensis,2617270903,aerobe
,,,,,519453.3,
,,,,,GCA_900115255,
6236,ISL-52,"DSM 21900, CCUG 54359, KCTC 12971",1,Pseudidiomarina salinarum,GCA_000753715,aerobe
,,,,,GCA_003987105,
133426,PIN1,"BCRC 17750, JCM 15084",1,Pseudidiomarina tainanensis,GCA_004214835,aerobe
6235,PIT1,"DSM 19709, BCRC 17465, JCM 13360",1,Pseudidiomarina taiwanensis,GCA_003987435,aerobe
133879,k53,"JCM 17292, NCIMB 14688",1,Pseudoalteromonas arabiensis,2675903557,aerobe
,,,,,874454.3,
,,,,,GCA_001550155,
12701,A 37-1-2,"DSM 18437, LMG 23753",1,Pseudoalteromonas arctica,1117313.12,aerobe
,,,,,1117313.3,
,,,,,2775507288,
,,,,,GCA_000238395,
134146,FR1199,"JCM 12483, KCTC 12274, CIP 109024, IMSNU 60186, KCTC 22992",1,Pseudoalteromonas byunsanensis,2916174752,aerobe
,,,,,327939.5,
,,,,,GCA_001854475,
131080,40MC,"DSM 12747, ATCC 700519, VKPM B 3905, CCUG 44496, KMM 162, CIP 105338, VKPM B3905",1,Pseudoalteromonas distincta,2627853893,aerobe
,,,,,81037.3,
132999,NH153,"DSM 100951, CGMCC 1.15370",1,Pseudoalteromonas gelatinilytica,2744054619,aerobe
,,,,,GCA_001641615,
12702,,"DSM 22356, CGMCC 1.8499, JCM 15903, LMEB 39",1,Pseudoalteromonas lipolytica,1315275.3,aerobe
,,,,,2617270886,
,,,,,570156.7,
,,,,,GCA_900116435,
12700,"mano4, 31.101","DSM 17587, KCTC 12242",1,Pseudoalteromonas marina,1117316.3,aerobe
,,,,,2541047158,
,,,,,GCA_000238335,
133216,TP162,"KACC 18554, CGMCC 1.15394",1,Pseudoalteromonas gelatinilytica,1774956.4,aerobe
,,,,,GCA_014642695,
134140,UST010723-006,"NRRL B-41100, JCM 12884, CIP 108868",1,Pseudoalteromonas spongiae,1117319.3,aerobe
,,,,,2775507273,
,,,,,GCA_000238255,
158791,MM-14,"KACC 19434, KCTC 62139, NBRC 113019",1,Hanstruepera ponticola,2042995.3,aerobe
,,,,,2886795137,
,,,,,GCA_012931685,
132295,LR4,"DSM 103870, CCTCC AB 2015036, KCTC 42463",0,Pseudochelatococcus lubricantis,1538102.3,aerobe
,,,,,2828467665,
,,,,,GCA_011762225,
7481,"MJ28, H17-1","DSM 26484, JCM 16921, KCTC 19773",1,Pseudoclavibacter caeni,2857411303,aerobe
,,,,,908846.3,
,,,,,908846.4,
,,,,,GCA_008831125,
,,,,,GCA_013410595,
7480,,"DSM 23821, CCUG 58142, KCTC 22691, CAU 59",1,Pseudoclavibacter chungangensis,2857404025,aerobe
,,,,,587635.3,
,,,,,587635.4,
,,,,,GCA_008831135,
,,,,,GCA_013410545,
132433,,"DSM 29943, CGMCC 1.15081, KCTC 39112, EGI 60007, JCM 30633",1,Pseudoclavibacter endophyticus,1778590.4,aerobe
,,,,,GCA_008831085,
,,,,,GCA_014640595,
7475,,"DSM 20419, ATCC 13715, CIP 108565, JCM 9491, CCUG 43303, IFO 15775, TISTR 1509, IAM 14726, LMG 21450, NBRC 15775, NCIB 8939",1,Pseudoclavibacter helvolus,255205.14,aerobe
,,,,,2824195264,
,,,,,GCA_014191305,
7479,KP02,"DSM 23366, JCM 15058, KCTC 19255",1,Pseudoclavibacter soli,1123013.3,aerobe
,,,,,2524614761,
,,,,,GCA_000423505,
7477,A59836,"DSM 17449, IAM 14724, NBRC 15616, TISTR 1510, CCUG 50212, IFO 15616, JCM 12865, CIP 108566",0,Zimmermannella alba,1349786.3,aerobe
,,,,,2731957610,
,,,,,GCA_001570905,
133214,E3/2,"LMG 29678, CCM 8698, DSM 103461, CIP 111103",1,Duganella danionis,1890295.3,aerobe
,,,,,2914572788,
,,,,,GCA_009720775,
11377,,"DSM 15887, CCUG 50881, CIP 108077, KCTC 12193, YIM 31327",1,Duganella violaceinigra,1121480.5,aerobe
,,,,,2523533621,
,,,,,GCA_000425385,
133145,T16R-265,"KACC 18655, NBRC 111880",1,Pseudoflavitalea rhizosphaerae,1884793.3,aerobe
,,,,,2837695235,
,,,,,GCA_003991355,
17625,Sa15,"DSM 21944, CCM 7599, CCUG 57117",1,Pseudofulvimonas gallinarii,2784746793,aerobe
,,,,,2831500320,
,,,,,634155.3,
,,,,,634155.4,
,,,,,634155.5,
,,,,,GCA_003732435,
,,,,,GCA_004343305,
,,,,,GCA_004798975,
159090,"cd10, Cd-10","DSM 103618, NCCB 100645",1,Pseudogemmobacter bohemicus,2886545291,aerobe
,,,,,GCA_003290025,
7583,"CF43, CF 43","DSM 13068, ATCC BAA-273, CCUG 43812, JCM 11943, CCM 4905, CCUG 44606, CIP 106791, KCTC 9908",1,Pseudoglutamicibacter albus,2923410811,aerobe
10526,BP-5,"DSM 22618, BCRC 17727, LMG 24211",1,Pseudogulbenkiania subflava,1123014.3,aerobe
,,,,,2568526005,
,,,,,GCA_900177275,
496,"CM41-15a, CM41_15a","DSM 19751, CIP 109758, MOLA 104",1,Pseudohaliea rubra,1265313.9,aerobe
,,,,,2558309010,
,,,,,2600255098,
,,,,,GCA_000764025,
24311,YC6898,"DSM 23348, KACC 14911, NBRC 107700",1,Pseudohoeflea suaedae,2837651117,aerobe
,,,,,GCA_004354915,
133284,SCS-49,"CGMCC 1.15425, KCTC 52155, MCCC 1K03186",1,Pseudohongiella nitratireducens,1768907.6,aerobe
,,,,,2744054860,
,,,,,GCA_001642735,
,,,,,GCA_014642795,
134182,KST3-3,"KCCM 42250, NRRL B-24439, JCM 14547, NBRC 102111",1,Pseudokineococcus marinus,351215.3,aerobe
,,,,,GCA_013004605,
153963,,"CCUG 51779, CIP 108932",1,Pseudolabrys taiwanensis,331696.3,aerobe
166264,H-5,"BCRC 81154, KCTC 62865",1,Pseudomethylobacillus aquaticus,2881723119,aerobe
,,,,,GCA_003730115,
13122,BKME-9,"DSM 17554, ATCC 700689, CIP 106708, CCUG 50779",1,Pseudomonas abietaniphila,89065.12,aerobe
,,,,,GCA_900100795,
159712,MT5,"KCTC 62295, MCCC 1K03351",1,Pseudomonas abyssi,2882363878,aerobe
,,,,,GCA_002307495,
12759,"Boston 41501, 41501","DSM 1117, ATCC 27853, CCM 3955, CCUG 17619, CECT 108, CIP 76.110, JCM 6119, LMG 6395, NCIMB 12469, WDCM 00025, UCCCB116, LMG 18448, CCUG 1423, CCUG 7737, NCTC 12903",0,Pseudomonas aeruginosa,1236529.3,aerobe
,,,,,2687453218,
,,,,,2700989384,
,,,,,287.1769,
,,,,,287.2665,
,,,,,287.3723,
,,,,,287.6323,
,,,,,2912953232,
,,,,,GCA_000615525,
,,,,,GCA_001086625,
12801,"PAO1, IC, PA01","DSM 22644, ATCC 15692, CIP 104116, JCM 14847, LMG 12228, CCUG 56489, KCTC 1637, ATCC 17503, ATCC 25247, ATCC 25375, BCRC 13078, CECT 4122, LMG 27638, NCCB 4163, NCIMB 10545, NCIMB 10548, VTT E-082794, VTT E-84219",0,Pseudomonas aeruginosa,1236530.3,aerobe
,,,,,2609460090,
,,,,,2721755590,
,,,,,287.11535,
,,,,,287.2908,
,,,,,GCA_000006765,
,,,,,GCA_000615565,
,,,,,GCA_001729505,
130998,W,"DSM 101013, NCTC 12951, WDCM 00207, CCUG 67716, CECT 8735, CIP 111242",0,Pseudomonas aeruginosa,287.9429,aerobe
,,,,,GCA_900706975,
136459,,"CIP 105925, ATCC 13388, CCUG 50823, QM B1468",0,Pseudomonas aeruginosa,287.1878,aerobe
,,,,,GCA_001373675,
155805,,CCUG 59347,0,Pseudomonas aeruginosa,287.9875,aerobe
,,,,,GCA_008180895,
155910,,CCUG 59626,0,Pseudomonas aeruginosa,287.9876,aerobe
,,,,,GCA_008180925,
132179,VGXO14,"DSM 103065, CCUG 64165, CECT 8317",1,Halopseudomonas aestusnigri,857252.4,aerobe
,,,,,GCA_002197985,
,,,,,GCA_900108005,
12807,"1577, 142","DSM 50342, ATCC 14909, NCTC 10367, CCUG 1425 A, CCM 2655, LMG 1224, JCM 20561, BCRC 13909, CCUG 1425, CECT 929, CIP 101034, IAM 12411, ICPB 2749-12, IFO 14159, JCM 5967, LMG 2120, NBRC 14159, NCIMB 9945, NCPPB 1970, VKM B-2171, IMET 11155",1,Pseudomonas alcaligenes,1215092.3,aerobe
,,,,,2600255064,
,,,,,43263.13,
,,,,,GCA_000467105,
,,,,,GCA_900455475,
13129,"AL 15-21, AL15-21","CCUG 54778, KCTC 12910, DSM 17744, IAM 14884, JCM 10630, CGMCC 1.6415, LMG 23134, MTCC 7934, NBRC 102411, CIP 108031",1,Pseudomonas alcaliphila,101564.8,aerobe
,,,,,1215093.3,
,,,,,2663762780,
,,,,,2806311028,
,,,,,GCA_002091495,
,,,,,GCA_900101755,
13061,S1,"CCUG 35503, DSM 12111, ATCC 33660, NCIMB 1949, CIP 106711, CECT 899",1,Pseudomonas anguilliseptica,2687453785,aerobe
,,,,,53406.4,
,,,,,GCA_900105355,
13115,"CH01, CH01T","DSM 17259, CECT 7010, LMG 22563, CCUG 50743, CIP 108775",1,Pseudomonas argentinensis,2671180085,aerobe
,,,,,289370.1,
,,,,,289370.11,
,,,,,GCA_008801645,
,,,,,GCA_900113905,
23213,VC-1,"DSM 27171, CCUG 58201, CECT 7543",1,Pseudomonas arsenicoxydans,2636416065,aerobe
,,,,,702115.3,
,,,,,GCA_900103875,
157812,"RYU-5, RYU5","DSM 107182, JCM 32716",1,Pseudomonas asiatica,2219225.11,aerobe
,,,,,GCA_009932335,
12808,,"CCUG 32773, ATCC 10203, LMG 2137, DSM 17133, ATCC 23835, CCM 7744, ICMP 3944, NCPPB 1947, NRRL B-733, CIP 106710, CECT 4468",1,Pseudomonas asplenii,2667527430,aerobe
,,,,,53407.1,
,,,,,GCA_900105475,
13049,6801,"CCUG 32780, LMG 2158, DSM 7231, ICMP 5940, NCPPB 3085, CIP 106695, PDDCC 5940",1,Pseudomonas asplenii,1367451.3,aerobe
,,,,,2667527230,
,,,,,50340.51,
,,,,,GCA_000467065,
,,,,,GCA_900108595,
13124,6H33b,"DSM 17556, ATCC BAA-1049, JCM 12708, CCUG 53885, CIP 108866, TBRC 7232",1,Stutzerimonas azotifigens,1292027.3,aerobe
,,,,,2523533560,
,,,,,GCA_000425625,
13141,,"DSM 18862, IAM 1603, CCUG 12536, JCM 2777, CIP 106744, IFO 12693, AJ 2173, CGMCC 1.1792, LMG 21611, NBRC 12693",1,Pseudomonas azotoformans,1215094.4,aerobe
,,,,,2636416017,
,,,,,2917113043,
,,,,,2917196912,
,,,,,47878.14,
,,,,,47878.15,
,,,,,47878.17,
,,,,,GCA_001870415,
,,,,,GCA_001983205,
,,,,,GCA_002091515,
13189,a390,"DSM 26532, CECT 7720, LMG 25716",1,Pseudomonas baetica,2619619019,aerobe
,,,,,2917843420,
,,,,,674054.5,
,,,,,674054.7,
,,,,,GCA_002813455,
,,,,,GCA_003031005,
,,,,,GCA_029504145,
156906,,CCUG 66666,0,Stutzerimonas balearica,74829.1,aerobe
156907,,CCUG 66667,0,Stutzerimonas balearica,74829.9,aerobe
13131,R-20821,"CCUG 53773, DSM 17834, LMG 23199, CIP 109375",1,Pseudomonas borbori,2671180032,aerobe
,,,,,289003.4,
,,,,,GCA_900115555,
13019,8-H,"DSM 19620, ATCC 33662, CIP 106717, NCIMB 9401, NRRL B-550, CCUG 3365, JCM 13306, BCRC 15823, LMG 979",1,Pseudomonas boreopolis,86183.4,aerobe
,,,,,GCA_014654535,
13087,97-391,"DSM 15294, CFML 93-391, CIP 106646, CCUG 51514, JCM 13307, CFML 97-391",1,Pseudomonas brenneri,129817.15,aerobe
,,,,,129817.16,
,,,,,129817.19,
,,,,,2639762518,
,,,,,GCA_007858285,
,,,,,GCA_008386555,
,,,,,GCA_014646715,
,,,,,GCA_900105815,
159168,"FL-M/Ps 38, TH39","DSM 107390, LMG 30830",1,Pseudomonas bubulae,2917077041,aerobe
,,,,,GCA_900618535,
,,,,,UYJA00000000,
133410,Feb-92,"LMG 28499, DOAB 798",1,Pseudomonas canadensis,2582580912,aerobe
,,,,,GCA_000503215,
13052,L01,"DSM 16822, CFBP 2341, CIP 106140, ICMP 2823, LMG 5096, NCPPB 1437, CCUG 51523",1,Pseudomonas cannabina,2667527432,aerobe
,,,,,2713896848,
,,,,,86840.3,
,,,,,86840.5,
,,,,,GCA_001400175,
,,,,,GCA_900100365,
12810,Z-1062,"DSM 1083, ATCC 29978, CCUG 53884, JCM 12568, VKM B-1334",1,Pseudomonas carboxydohydrogena,GCA_029030725,aerobe
13160,292,"DSM 50083, ATCC 9446, CCM 1975, ICPB 2392, IFO 3904, NBRC 3904, NCIB 9392, NRRL B-560, CCUG 552 B, LMG 6220, CCM 292, CIP 63.22, JCM 2778, AJ 2066, BCRC 11566, CCUG 552, CECT 4470, CFBP 2132, HAMBI 2011, IAM 12354, IAM 1511, ICMP 13613, LMG 5004, LMG 6457, NCCB 76041, NCIMB 9392, NCPPB 1798, NCTC 13002, VKM B-1246, VKM B-897, VTT E-95581, IMET 10404, NRRL: B-560",1,Pseudomonas chlororaphis,1215096.5,aerobe
,,,,,2617270790,
,,,,,2713897223,
,,,,,2875542621,
,,,,,2917093585,
,,,,,333.1,
,,,,,333.12,
,,,,,333.4,
,,,,,333.6,
,,,,,587753.91,
13158,"EIII.9.25.1, L8","CCUG 712, CIP 103295, NCTC 10686, LMG 1245, NRRL B-1576, IFO 3521, DSM 6698, ATCC 13985, NCIMB 9030, JCM 20509, CCEB 518, IAM 12353, NBRC 3521",1,Pseudomonas chlororaphis subsp. aureofaciens,1215095.3,aerobe
,,,,,2578105.3,
,,,,,2636416064,
,,,,,2645727751,
,,,,,2713897221,
,,,,,2917825782,
,,,,,587753.24,
,,,,,587753.54,
,,,,,587851.14,
,,,,,587851.2,
12817,PC 1,"DSM 50259, ATCC 10857, CCUG 32776, NCPPB 943, LMG 2162, ATCC 19303, ATCC 19474, CIP 106704, NRRL B-832, ICPB PC1",1,Pseudomonas cichorii,2667527209,aerobe
,,,,,36746.17,
,,,,,36746.26,
,,,,,36746.3,
,,,,,GCA_015471425,
,,,,,GCA_018343775,
,,,,,GCA_900104015,
12823,,"DSM 50332, ATCC 13674, CIP 104381, CCUG 17933, LMG 18378, NRRL B-2504, CFBP 5585, JCM 13426, BCRC 14345, IAM 15129, JCM 21587, KACC 10776, KCTC 12148, NBRC 103043, NCIMB 12783",1,Pseudomonas citronellolis,1215097.3,aerobe
,,,,,2663762793,
,,,,,53408.24,
,,,,,53408.9,
,,,,,GCA_002091555,
,,,,,GCA_004745455,
,,,,,GCA_900112375,
24434,C2,"DSM 25648, CCUG 59231, CECT 7516",1,Pseudomonas composti,2663762774,aerobe
,,,,,658457.4,
,,,,,GCA_900115475,
13085,P538/23,"DSM 14939, LMG 21466, CCUG 51513, CFBP 7019, CIP 108180",1,Pseudomonas congelans,200452.18,aerobe
,,,,,2663762773,
,,,,,GCA_900103225,
13109,KS 0031,"DSM 17059, AJ 2127, IFO 16634, JCM 11246, NRIC 0181, CCUG 53878, NBRC 16634, JCM 20204, BCRC 17510, CIP 107616, DSM 10759, IAM 1541, LMG 24039, LMG 27905",1,Pseudomonas cremoricolorata,1215098.3,aerobe
,,,,,1292028.3,
,,,,,2523533534,
,,,,,2585427684,
,,,,,GCA_000425745,
13153,RLD-1,"DSM 18900, CCUG 55753, CCM 7361, MTCC 7601, CIP 109527",1,Pseudomonas delhiensis,2706795031,aerobe
,,,,,366289.8,
,,,,,GCA_900099945,
,,,,,GCA_900187975,
13163,HR2,"DSM 21419, CGMCC 1.6858, KCTC 22129",1,Pseudomonas duriflava,2596583584,aerobe
,,,,,459528.3,
,,,,,GCA_007830155,
166232,RD25,"LMG 30152, CECT 9373",1,Pseudomonas edaphica,GCA_005863185,aerobe
24436,L48,"DSM 28517, CCUG 61470, CECT 7985",1,Pseudomonas entomophila,384676.9,aerobe
,,,,,637000219,
,,,,,GCA_000026105,
13091,FEB RAS,"DSM 15824, KMM 3447, LMG 19695, CCUG 51517, CIP 107815",1,Pseudomonas extremorientalis,169669.1,aerobe
,,,,,169669.5,
,,,,,2639762715,
,,,,,GCA_001870465,
,,,,,GCA_008801565,
,,,,,GCA_900104365,
13060,B62,"DSM 12071, NCPPB 3063, CCUG 49622, CIP 104204, ATCC 51555, LMG 18387, CFBP 5586, JCM 21586, IAM 15128, ICMP 13539, NBRC 103044",1,Pseudomonas flavescens,1215099.3,aerobe
,,,,,2663762794,
,,,,,29435.6,
,,,,,GCA_002091575,
,,,,,GCA_900100535,
13170,78-123,"DSM 25351, CGMCC 1.1365, JCM 14085, CCUG 59930, CECT 7766",0,Pseudomonas flexibilis,1295129.3,aerobe
,,,,,2596583557,
,,,,,2645728058,
,,,,,2728369709,
,,,,,400095.4,
,,,,,706570.4,
,,,,,GCA_000806415,
,,,,,GCA_001312105,
,,,,,GCA_900101515,
134568,B10,"CIP 106483, ATCC 948, IFO 3903, CCEB 295, NCIMB 9493, CCUG 1254, ATCC 11251, JCM 13058, BCRC 10304, IAM 12001, JCM 20338, LMG 5822, NBRC 3903, NCPPB 1601, NRRL B-10, NRRL B-253, VKM B-1470",0,Pseudomonas fluorescens,294.167,aerobe
,,,,,294.168,
,,,,,GCA_001414285,
,,,,,GCA_001414295,
158598,ASS-1,"KCTC 52437, CCM 8778",1,Pseudomonas fluvialis,1793966.11,aerobe
,,,,,2791355545,
,,,,,GCA_002234375,
,,,,,GCA_014635625,
13126,,"DSM 17717, IAM 1529, IFO 16637, JCM 11242, NRIC 0180, CCUG 50780, CIP 106765, CIP 106819, ATCC 31418, LMG 11722, NBRC 16637, JCM 20202, BCRC 11058, BCRC 17506, CCUG 106765, KACC 10774, KACC 10795, AJ 2219",1,Pseudomonas fulva,1215102.3,aerobe
,,,,,1215102.4,
,,,,,2556921649,
,,,,,2585427679,
,,,,,GCA_000621265,
,,,,,GCA_000730565,
12966,KF707,"DSM 10086, NBRC 110670",1,Pseudomonas furukawaii,1149133.19,aerobe
,,,,,1149133.2,
,,,,,2531839224,
,,,,,GCA_000262065,
,,,,,GCA_002355475,
13110,,"CCUG 43164, DSM 17152, CCM 4986, CFML 95-251, CIP 105469",1,Pseudomonas gessardii,2917203564,aerobe
,,,,,78544.11,
,,,,,78544.5,
,,,,,GCA_001983165,
,,,,,GCA_009671285,
151063,,"CCUG 43192, NCPPB 3147, LMG 5328",0,Pseudomonas gingeri,117681.4,aerobe
166380,MS586,"NRRL B-65441, LMG 30275",1,Pseudomonas glycinae,2767802286,aerobe
,,,,,GCA_001594225,
13062,"P 294/08, P294/08","DSM 11363, CCUG 51504, CIP 105897, CCM 8843",1,Pseudomonas graminis,158627.14,aerobe
,,,,,GCA_900111735,
13118,,"DSM 17515, CIP 106645, CCUG 52345, ATCC BAA-140, CCM 7501, CFML 97-514, KCTC 12213",1,Pseudomonas grimontii,129847.4,aerobe
,,,,,2639762651,
,,,,,GCA_007858185,
,,,,,GCA_900101085,
24440,PCAVU11,"DSM 28410, CECT 8262, LMG 27394",1,Pseudomonas guariconensis,1288410.3,aerobe
,,,,,2663763604,
,,,,,GCA_900102675,
133945,CC-G9A,"BCRC 80438, JCM 18416",1,Pseudomonas guguanensis,1198456.3,aerobe
,,,,,2663762796,
,,,,,GCA_900104265,
13161,M8,"DSM 21282, CECT 7231, LMG 24016",1,Pseudomonas guineae,2667527413,aerobe
,,,,,425504.4,
,,,,,GCA_900113745,
132436,WS 4917,"DSM 29165, LMG 28433",1,Pseudomonas helleri,1608996.3,aerobe
,,,,,2784132037,
,,,,,GCA_001043025,
13071,,"DSM 14015, CIP 107714, MTCC 3713, CCUG 51511, IMT 37, JCM 21544, IAM 15083, NBRC 103045, TBRC 7233",1,Pseudomonas indica,1215103.3,aerobe
,,,,,137658.3,
,,,,,2663762782,
,,,,,GCA_002091635,
,,,,,GCA_900100285,
13111,,"DSM 17150, CCM 4840, CFML 95-307, CIP 105274, CCUG 42059, ATCC 700870",1,Pseudomonas jessenii,2917837329,aerobe
,,,,,77298.8,
,,,,,77298.9,
,,,,,GCA_002236115,
166137,JS15-10A1,"CGMCC 1.16072, LMG 30036",1,Pseudomonas jilinensis,GCA_003586265,aerobe
13100,,"CCUG 69580, DSM 16612, KACC 10760, LMG 21316, Pss 26, JCM 21621, IAM 15166, NBRC 103047, CIP 108617",1,Pseudomonas jinjuensis,1215105.3,aerobe
,,,,,198616.7,
,,,,,2663762768,
,,,,,GCA_002091655,
,,,,,GCA_900103845,
164545,BML3,"JCM 33395, DMS 109244, DSM 109244",1,Pseudomonas juntendi,2666183.3,aerobe
,,,,,GCA_009932375,
166132,TBZ2,"LMG 29674, KCTC 52410",1,Pseudomonas khazarica,GCA_004521985,aerobe
13155,B13,"DSM 6978, CCUG 54928, CIP 109584, DSM 624, LMG 23759",1,Pseudomonas knackmussii,1301098.3,aerobe
,,,,,2579778852,
,,,,,GCA_000689415,
13097,Ps 9-14,"DSM 16610, KACC 10848, LMG 21318, CCUG 51519, JCM 14769, CIP 108616",1,Pseudomonas koreensis,198620.78,aerobe
,,,,,198620.87,
,,,,,198620.93,
,,,,,2636416187,
,,,,,GCA_008801535,
,,,,,GCA_012986595,
,,,,,GCA_014646955,
,,,,,GCA_900101415,
131891,46-2,"DSM 100278, KCTC 32541",1,Pseudomonas kribbensis,1628086.3,aerobe
,,,,,2917051905,
,,,,,GCA_003352185,
140299,WS 4992,"DSM 29167, LMG 28435",1,Pseudomonas lactis,1615674.3,aerobe
,,,,,2660238313,
,,,,,GCA_001439845,
13112,,"CCUG 43190, DSM 17149, CCM 4841, CFML 96-195, CIP 105460",1,Pseudomonas libanensis,2636416169,aerobe
,,,,,2700989493,
,,,,,75588.4,
,,,,,GCA_001439685,
,,,,,GCA_900101035,
13106,"DLE411J, D-LE411J","CCUG 51522, DSM 16768, CCM 7692, CFBP 5737, ICMP 14138, CIP 107460",1,Pseudomonas lini,163011.24,aerobe
,,,,,163011.3,
,,,,,2636416176,
,,,,,2663763025,
,,,,,GCA_001042905,
,,,,,GCA_008801525,
,,,,,GCA_900104735,
13186,2SM5,"DSM 26168, CECT 7670, KCTC 23093",1,Halopseudomonas litoralis,2667527220,aerobe
,,,,,GCA_900105005,
13114,OK2,"DSM 17257, CECT 5822, LMG 21974, CCM 8844",1,Pseudomonas lutea,243924.3,aerobe
,,,,,GCA_000759445,
,,,,,GCA_900110795,
13134,,"DSM 17967, ATCC 700871, CCUG 42058, CIP 105273, CCM 4842, CFML 95-303, JCM 21619, IAM 15164, NBRC 103147",1,Pseudomonas mandelii,1215107.3,aerobe
,,,,,2814123354,
,,,,,75612.18,
,,,,,GCA_002091695,
,,,,,GCA_007858265,
,,,,,GCA_900106065,
164180,,"JCM 32061, TBRC 7080, DMKU BBB3-04",1,Pseudomonas mangiferae,GCA_007109405,aerobe
12863,CIBP,"DSM 13124, ATCC 10844, NCPPB 667, CCUG 51507, LMG 2215, CFBP 1387, CFBP 2037, CIP 106712, CCTM 1894, CECT 229, LMG 2210, LMG 6434 (t2), NCAIM B.01279, CCEB 764, PD 1557, PDDCC 3553",1,Pseudomonas marginalis,2639762561,aerobe
,,,,,298.8,
,,,,,298.9,
,,,,,GCA_007858155,
,,,,,GCA_900105325,
13162,,"DSM 23972, JCM 14761, NRIC 0729, CCUG 59022, KMM 3042",1,Pseudomonas marincola,437900.12,aerobe
,,,,,GCA_900116605,
12866,"CH50, CH 50","DSM 50017, ATCC 25411, CCUG 1781, CCUG 12440, JCM 5966, BCRC 10458, CCM 3590, CECT 320, CGMCC 1.1804, CIP 75.21, ICPB 3725, IFO 14162, LMG 1223, NBRC 14162, NCIMB 10541, NCTC 10897, VKM B-972, VTT E-99945, IMET 11176",1,Pseudomonas mendocina,1215108.3,aerobe
,,,,,2627854063,
,,,,,300.59,
,,,,,GCA_000813265,
,,,,,GCA_900636545,
13133,,"CCUG 43165, CCM 4843, DSM 17966, CIP 105470, CFML 95-321, JCM 21628, IAM 15173, NBRC 103157",1,Pseudomonas migulae,1215109.3,aerobe
,,,,,GCA_002091715,
13074,"strain 1, 1","DSM 14164, ATCC 700476, CCUG 38736, CIP 104883, CCM 4844, JCM 21585, BCRC 17534, IAM 15127, LMG 21609, NBRC 103158, VTT E-052919",1,Pseudomonas monteilii,1215110.3,aerobe
,,,,,1215110.4,
,,,,,2556921620,
,,,,,2585427680,
,,,,,GCA_000621245,
,,,,,GCA_000730605,
13157,"RW10, RW 10","DSM 12647, CCUG 53114, CIP 109622",1,Pseudomonas moorei,2639762638,aerobe
,,,,,395599.12,
,,,,,395599.13,
,,,,,GCA_008801475,
,,,,,GCA_900102045,
13145,37,"DSM 19186, CIP 103298, CCUG 1424, ATCC 4685, NCTC 8068, JCM 2781, CGMCC 1.1795, IAM 12406, IAM 15111, LMG 2223, NBRC 103159, NCIMB 9394, NRRL B-16",1,Pseudomonas mucidolens,1215111.3,aerobe
,,,,,2667527233,
,,,,,2808606649,
,,,,,46679.3,
,,,,,46679.5,
,,,,,GCA_002091735,
,,,,,GCA_900106045,
,,,,,GCA_900475945,
,,,,,GCA_900625055,
13080,"KS 0050, P-6","DSM 14399, ATCC 33634, IAM 1439, JCM 2782, CCUG 12538, IFO 12694, AJ 2282, CGMCC 1.1796, CIP 106747, LMG 21614, MTCC 7932, NBRC 12694",1,Pseudomonas nitroreducens,1215112.3,aerobe
,,,,,2671180175,
,,,,,46680.17,
,,,,,46680.53,
,,,,,GCA_002091755,
,,,,,GCA_012986245,
,,,,,GCA_900188285,
13076,926,"DSM 1650, ATCC 13867, CIP 104375, DSM 50405, NCIB 9496, CCUG 1783, IAM 12573, JCM 20650, IFO 13302, NBRC 13302, NCIMB 9496",0,Pseudomonas nitroreducens,1294143.12,aerobe
,,,,,1294143.3,
,,,,,2540341139,
,,,,,GCA_000349845,
,,,,,GCA_003417565,
166254,A31/70,"CECT 9981, CCUG 73638",1,Stutzerimonas nosocomialis,GCA_005876855,aerobe
132649,KX 20,"DSM 100277, CGMCC 1.15195",1,Halopseudomonas oceani,1708783.3,aerobe
,,,,,1708783.4,
,,,,,2791355600,
,,,,,GCA_002903165,
,,,,,GCA_014641295,
13125,,"KMM 330, CIP 108699, DSM 17577, CCUG 46540, JCM 12285, NRIC 0583, CGMCC 1.7687",1,Halopseudomonas pachastrellae,254161.4,aerobe
,,,,,254161.7,
,,,,,GCA_001989375,
,,,,,GCA_900114765,
13107,PRM16,"DSM 16825, CFBP 4389, ICMP 14253, NCPPB 4278, CCUG 51524, LMG 23076, CIP 107804",1,Pseudomonas palleroniana,191390.6,aerobe
,,,,,191390.9,
,,,,,2639762588,
,,,,,2917142836,
,,,,,GCA_003031675,
,,,,,GCA_008801495,
,,,,,GCA_900105975,
13140,,"DSM 18529, CIP 108524, IMSNU 14100, KCTC 12330, CG 20106, IMSNU 14101",1,Pseudomonas marginalis,307251.4,aerobe
,,,,,GCA_007858175,
13164,Esp-1,"DSM 21819, CCM 7469, MTCC 8990",1,Pseudomonas panipatensis,2706794920,aerobe
,,,,,428992.5,
,,,,,GCA_900099785,
140300,WS 4672,"DSM 29164, LMG 28439",1,Pseudomonas paralactis,1615673.3,aerobe
,,,,,2693429756,
,,,,,GCA_001439735,
13176,CL-AP6,"DSM 25163, JCM 15562, KCCM 90073",1,Halopseudomonas pelagia,GCA_000410875,aerobe
13130,R-20805,"DSM 17833, CCM 7693, LMG 23201, CCUG 53775, CIP 109374",1,Pseudomonas peli,2671180067,aerobe
,,,,,592361.12,
,,,,,592361.3,
,,,,,GCA_012986145,
,,,,,GCA_900099645,
13137,2205,"DSM 18268, ATCC 190, CCUG 7832, CIP 106696, IFO 14163, JCM 11590, LMG 1874, NBRC 14163",1,Halopseudomonas pertucinogena,2571042921,aerobe
,,,,,86175.3,
,,,,,GCA_014646575,
13086,,"CCUG 49623, CIP 106493, DSM 15088, ATCC 700383, FPC 951, JCM 13297, BCRC 17517, IAM 15126, JCM 21584, LMG 21750, LMG 23766, NBRC 103162, NCIMB 13649, VTT E-072699",1,Pseudomonas plecoglossicida,1215115.3,aerobe
,,,,,1215115.4,
,,,,,2556921648,
,,,,,2585427685,
,,,,,GCA_000688275,
,,,,,GCA_000730665,
13083,P527/13,"DSM 14936, LMG 21465, CCUG 51512, CCM 7506, CIP 108181",1,Pseudomonas poae,200451.7,aerobe
,,,,,200451.9,
,,,,,2639762637,
,,,,,2667527928,
,,,,,2917137258,
,,,,,GCA_001439785,
,,,,,GCA_001730605,
,,,,,GCA_900103965,
13132,H3-R18,"DSM 17875, KACC 11517, CCUG 69581, JCM 16393, CIP 109373",1,Pseudomonas pohangensis,2667527387,aerobe
,,,,,364197.3,
,,,,,GCA_900105995,
,,,,,LT629785,
13095,,"DSM 15321, CCM 7690, CCUG 51515, CMS 64, CIP 108464, MTCC 4994",1,Pseudomonas proteolytica,219574.6,aerobe
,,,,,GCA_007858275,
13120,E-3,"DSM 17535, JCM 10889, CCUG 53877, CIP 107901",1,Pseudomonas psychrophila,122355.16,aerobe
,,,,,122355.7,
,,,,,2667527575,
,,,,,GCA_001043005,
,,,,,GCA_008801485,
13105,C36,"DSM 15758, LMG 21977, CCUG 51516, CIP 108579",1,Pseudomonas psychrotolerans,237610.16,aerobe
,,,,,237610.32,
,,,,,2663763601,
,,,,,GCA_012985915,
,,,,,GCA_900102665,
24438,LMT03,"DSM 27507, CECT 8089, LMG 26839, CIP 110366",1,Pseudomonas punonensis,1220495.4,aerobe
,,,,,2671180065,
,,,,,GCA_900142655,
140983,ID3,"LMG 29328, CCOS 865, CIP 111525",1,Pseudomonas reidholzensis,1785162.3,aerobe
,,,,,GCA_900536025,
13139,MT1,"DSM 18361, CCM 7743, CCUG 53116, CIP 109621",1,Pseudomonas reinekei,2582581646,aerobe
,,,,,2639762506,
,,,,,395598.13,
,,,,,GCA_001945365,
,,,,,GCA_008801455,
,,,,,GCA_900104125,
13169,J64,"DSM 23971, JCM 14963, KCTC 22137",1,Halopseudomonas sabulinigri,472181.4,aerobe
,,,,,GCA_900105255,
24439,CC-OPY-1,"DSM 27945, BCRC 80399, JCM 18195",1,Pseudomonas sagittaria,1135990.3,aerobe
,,,,,2663762798,
,,,,,GCA_900115715,
13151,"FR1439, FR 1439","DSM 18913, CIP 108523, IMSNU 14101, KCTC 12331, CCUG 54777, IMSNU 14100",1,Pseudomonas segetis,2671180091,aerobe
,,,,,298908.3,
,,,,,GCA_900188155,
13152,OLi,"DSM 18861, CCUG 50988, CECT 7078, CIP 109526",1,Pseudomonas simiae,2663762772,aerobe
,,,,,2917126018,
,,,,,321846.11,
,,,,,321846.2,
,,,,,GCA_001730615,
,,,,,GCA_900111895,
170903,P7,"CCUG 74260, CECT 30107, DSM 111230",1,Pseudomonas sivasensis,GCA_013778505,aerobe
,,,,,JAAOWU000000000,
155667,,CCUG 58779,0,Pseudomonas sp.,1880707.3,aerobe
,,,,,GCA_005876875,
13128,CB-7,"DSM 17727, IAM 1598, JCM 2783, NRIC 0164, CCUG 12539, ATCC 33636, CIP 106745, CCM 7503, AJ 2124, CGMCC 1.1797, IFO 16665, LMG 21615, NBRC 16665",1,Pseudomonas straminea,2663762767,aerobe
,,,,,47882.3,
,,,,,GCA_900112645,
12999,KC,"DSM 7136, CIP 107462, ATCC 55595",0,Stutzerimonas stutzeri,316.364,aerobe
,,,,,GCA_002890795,
13003,AW-1,"DSM 13592, KCTC 12116, CCUG 51509, ATCC BAA-443, JCM 21638, IAM 15183, NBRC 102227, CIP 107870",0,Stutzerimonas stutzeri,GCA_000495915,aerobe
13004,4C29,"DSM 17082, CCUG 50538",0,Stutzerimonas stutzeri,316.368,aerobe
,,,,,GCA_002890895,
13005,24a13,"DSM 17083, CCUG 50539",0,Stutzerimonas stutzeri,316.374,aerobe
,,,,,GCA_002909485,
13006,24a75,"DSM 17084, CCUG 50540",0,Stutzerimonas stutzeri,316.369,aerobe
,,,,,GCA_002890915,
13008,28a3,"DSM 17086, CCUG 50541",0,Stutzerimonas stutzeri,316.372,aerobe
,,,,,GCA_002890995,
13010,28a39,"DSM 17088, CCUG 50543",0,Stutzerimonas stutzeri,316.367,aerobe
,,,,,GCA_002890875,
13015,,"KMM 235, DSM 22786, CCUG 46542",0,Stutzerimonas stutzeri,GCA_024448345,aerobe
131008,ST-9,"DSM 24582, CCUG 62911",0,Stutzerimonas stutzeri,2648501316,aerobe
,,,,,GCA_000982865,
134668,,"CIP 107697, CCUG 29243",0,Stutzerimonas stutzeri,2518645567,aerobe
,,,,,GCA_000267545,
136683,,"CIP 107689, CCUG 44592, ATCC 17591",0,Stutzerimonas stutzeri,316.365,aerobe
,,,,,GCA_002890835,
,,,,,GCA_024448595,
148964,,CCUG 36651,0,Stutzerimonas stutzeri,316.366,aerobe
,,,,,GCA_002890855,
13065,,"DSM 18928, ATCC 9890, CIP 59.22, LMG 2335, NCDO 757, NCIMB 8178, NCTC 10969, CCUG 50208, NCTC 10696, LMG 2190, NRRL B-780, JCM 11599, CCEB 293, IAM 12356, IFO 3913, NBRC 3913",1,Pseudomonas synxantha,1215118.3,aerobe
,,,,,2660238513,
,,,,,2667527385,
,,,,,47883.23,
,,,,,47883.4,
,,,,,47883.6,
,,,,,GCA_001439725,
,,,,,GCA_002091795,
,,,,,GCA_900105675,
,,,,,GCA_901482615,
153362,,"CCUG 49341, ICMP 459, LMG 5059, NCPPB 871",0,Pseudomonas syringae,2671180438,aerobe
,,,,,83167.3,
,,,,,GCA_001401335,
24433,MS-3,"DSM 25633, JCM 16046, KACC 14032, KCTC 22612, NBRL 105641, CCUG 69583",1,Pseudomonas taeanensis,1395571.3,aerobe
,,,,,GCA_000498575,
13148,,"DSM 21104, ATCC 4683, CCM 1982, CIP 103299, JCM 20238, NCTC 10697, NRRL B-14, CCUG 560, LMG 2336, ATCC 17466, BCRC 11013, CCEB 381, CFBP 5592, IAM 1653, IFO 3460, KCTC 12501, NBRC 3460, NCIMB 9396, NCTC 8067, NRRL B-731, OUT 8256, VKM B-904",1,Pseudomonas taetrolens,2639762632,aerobe
,,,,,2657245623,
,,,,,2808606717,
,,,,,47884.3,
,,,,,47884.6,
,,,,,47884.7,
,,,,,GCA_001042915,
,,,,,GCA_900104825,
,,,,,GCA_900475285,
,,,,,GCA_900637735,
13180,CMS,"DSM 21245, BCRC 17751",1,Pseudomonas taiwanensis,1292030.3,aerobe
,,,,,2523533561,
,,,,,GCA_000425785,
13075,CM3,"CCUG 54623, DSM 14292, KCTC 12117, LMG 21284, CIP 107795",1,Pseudomonas thermotolerans,1123021.3,aerobe
,,,,,2521172647,
,,,,,GCA_000364625,
13066,,"CCUG 54622, DSM 13194, CFBP 11261, JCM 11941, LMG 21626, CIP 109843, CFBP 5754",1,Pseudomonas thivervalensis,2639762509,aerobe
,,,,,2675903515,
,,,,,2744054620,
,,,,,86265.3,
,,,,,86265.5,
,,,,,GCA_001269655,
,,,,,GCA_001637285,
,,,,,GCA_900102295,
13084,P513/19,"CCUG 54627, CCM 7505, DSM 14937, LMG 21464, CIP 108182",1,Pseudomonas trivialis,200450.4,aerobe
,,,,,200450.7,
,,,,,2639762577,
,,,,,2700989494,
,,,,,2917131931,
,,,,,GCA_001439805,
,,,,,GCA_001730655,
,,,,,GCA_900104885,
13099,Ps 3-10,"DSM 16611, KACC 10847, LMG 21317, CCUG 54631, JCM 16394, BCRC 17504, CIP 108618",1,Pseudomonas umsongensis,198618.6,aerobe
,,,,,198618.7,
,,,,,2639762618,
,,,,,2917099900,
,,,,,GCA_002236105,
,,,,,GCA_900105285,
13123,DhA-51,"CCUG 49675, DSM 17555, ATCC 700688, CIP 106707",1,Pseudomonas vancouverensis,95300.16,aerobe
,,,,,GCA_004348895,
,,,,,GCA_008801375,
13055,92-134,"DSM 11331, CIP 104663, CCUG 43519, LMG 17761, ATCC 700474, ATCC 700272, CFML 92-134, JCM 11942, CCM 7013, CFBP 4304, VTT E-052828",1,Pseudomonas veronii,2642422516,aerobe
,,,,,2700989495,
,,,,,76761.12,
,,,,,GCA_001439695,
,,,,,GCA_900104875,
140982,ID2,"LMG 29327, CCOS 864, CIP 111526",1,Pseudomonas wadenswilerensis,1785161.3,aerobe
,,,,,GCA_900497695,
132438,WS 4993,"DSM 29166, LMG 28437",1,Pseudomonas weihenstephanensis,1608994.3,aerobe
,,,,,2806310669,
,,,,,GCA_001043055,
13135,,"NRIC 0617, DSM 18231, CCUG 46543, JCM 12468, KMM 1447, LMG 23572, CIP 109222",1,Stutzerimonas xanthomarina,1403346.6,aerobe
,,,,,2675902960,
,,,,,2687453778,
,,,,,271420.6,
,,,,,GCA_024328335,
,,,,,GCA_900108535,
,,,,,GCA_900129835,
13166,C10-2,"DSM 22326, CGMCC 1.6446, JCM 13530, MCCC 1A00089",1,Halopseudomonas xiamenensis,2576861402,aerobe
130578,8H1,"DSM 26522, CCUG 63249, LMG 27247",1,Pseudomonas yamanorum,2667528168,aerobe
,,,,,515393.3,
,,,,,GCA_900105735,
13400,,"DSM 45401, BCC 28481, NBRC 104274, NRRL B-24609, GMKU 095, TISTR 1862, JCM 16707, CIP 110060",1,Pseudonocardia acaciae,1123023.3,aerobe
,,,,,2558860112,
,,,,,GCA_000620785,
13393,"H9, CMGCC 4.1877","DSM 44958, CGMCC 4.1877, JCM 12462, CIP 109186, CGMCC 4.11877",1,Pseudonocardia ammonioxydans,260086.4,aerobe
,,,,,2671180038,
,,,,,GCA_900115005,
13386,SL-1,"DSM 44698, ATCC BAA-742, JCM 12679, NCIMB 14322",1,Pseudonocardia chloroethenivorans,1305626.4,aerobe
,,,,,2734481963,
,,,,,GCA_001313845,
24447,KT2142,"DSM 45511, KCTC 29067, NRRL B-24882",1,Pseudonocardia cypriaca,2818991232,aerobe
,,,,,882449.3,
,,,,,GCA_006717045,
13392,CB 1190,"DSM 44775, ATCC 55486, JCM 13855",1,Pseudonocardia dioxanivorans,651053061,aerobe
,,,,,675635.11,
,,,,,675635.32,
,,,,,675635.33,
,,,,,GCA_000196675,
13397,,"DSM 44969, CCTCC AA 206026, KCTC 19150, YIM 56035, JCM 16220, BCRC 16906",1,Pseudonocardia endophytica,2806310577,aerobe
,,,,,401976.4,
,,,,,GCA_004339565,
24449,"PM2084, 5NRRL B-24879","DSM 45671, KCTC 29068, NRRL B-24879",1,Pseudonocardia hierapolitana,1128676.3,aerobe
,,,,,2818991474,
,,,,,GCA_007994075,
24450,A4038,"DSM 45670, KCTC 29062, NRRL B-24890",1,Pseudonocardia kujensis,GCA_021283305,aerobe
140347,ATK03,"DSM 104088, CECT 9183",1,Pseudonocardia nigra,1921578.3,aerobe
,,,,,GCA_019396355,
13402,04-St-002,"DSM 45256, CCM 7582, CCUG 56962, JCM 16609",1,Pseudonocardia parietis,2918313847,aerobe
,,,,,570936.3,
,,,,,GCA_017876315,
13391,LM 141,"DSM 44797, IMSNU 50581, JCM 11935, KCTC 9991, NRRL B-24156, BCRC 16382, CIP 108013",1,Pseudonocardia spinosispora,1123025.3,aerobe
,,,,,2524614769,
,,,,,GCA_000429025,
13395,K1,"DSM 44239, CIP 109050, CCUG 52126, JCM 14745",1,Pseudonocardia tetrahydrofuranoxydans,1303679.3,aerobe
,,,,,2734481945,
,,,,,GCA_001313405,
13688,SS011B1-20,"DSM 18065, CGMCC 1.6293, LMG 23508, CIP 109530",1,Pseudooceanicola nanhaiensis,1122614.3,aerobe
,,,,,2558309102,
,,,,,375761.4,
,,,,,GCA_000688295,
,,,,,GCA_014645095,
130613,,"DSM 29619, CGMCC 1.7292, LMG 24663, JLT 1210",1,Pseudooceanicola nitratireducens,2663762743,aerobe
,,,,,2687453758,
,,,,,517719.3,
,,,,,517719.4,
,,,,,GCA_900109195,
,,,,,GCA_900112545,
13733,20188,"DSM 23566, CGMCC 1.6500, JCM 14644",1,Pseudophaeobacter arcticus,2521172622,aerobe
,,,,,999550.5,
,,,,,GCA_000473205,
24494,306,"DSM 25627, CIP 110369, UBOCC 3187",1,Pseudophaeobacter leonis,2791354898,aerobe
,,,,,GCA_002087335,
166178,,"CCTCC AB 2017195, KCTC 62198, CY 03",1,Pseudooceanicola sediminis,GCA_003575965,aerobe
133859,ZS3-33,"CGMCC 1.10836, KCTC 23700",1,Pseudorhodobacter antarcticus,1077947.4,aerobe
,,,,,1077947.5,
,,,,,2667527436,
,,,,,2772190751,
,,,,,GCA_001202015,
,,,,,GCA_900110135,
133680,HDW-19,"KCTC 23043, CCUG 58879",1,Pseudorhodobacter aquimaris,2751185709,aerobe
,,,,,687412.4,
,,,,,GCA_001202025,
141126,,"PAMC 27389, JCM 30764, KCTC 42640",1,Cypionkella psychrotolerans,GCA_001294535,aerobe
133867,WT-MW11,"KCTC 23672, CCUG 61506",1,Pseudorhodobacter wandonensis,1120568.4,aerobe
,,,,,2751185710,
,,,,,GCA_001202035,
133823,NAFc-7,"BCRC 80210, LMG 26333, KCTC 23314",1,Pseudorhodoferax aquiterrae,747304.3,aerobe
,,,,,GCA_014652235,
3030,TBEA3,"DSM 21634, LMG 24555",1,Pseudorhodoferax soli,2770939619,aerobe
,,,,,545864.3,
,,,,,GCA_003337555,
141080,DB-4,"KCTC 52038, CECT 9025",1,Pseudoroseicyclus aestuarii,1795041.4,aerobe
,,,,,2770939591,
,,,,,GCA_003217255,
133274,JB3,"MCCC 1K00457, KCTC 42443",1,Aliiroseovarius zhejiangensis,1632025.3,aerobe
,,,,,GCA_014656375,
134212,SW-255,"KCTC 12737, JCM 13603, DSM 110540, CECT 7680, CGMCC 1.7689, CIP 109548",1,Pseudoruegeria aquimaris,2890612611,aerobe
,,,,,393663.4,
,,,,,GCA_900172235,
130631,WM67,"DSM 29328, JCM 18872, KACC 17214",1,Pseudoruegeria haliotis,1280846.3,aerobe
,,,,,2728369471,
,,,,,GCA_003003255,
13833,HD-43,"DSM 25294, CCUG 57754, KCTC 22690",1,Pseudoruegeria lutimaris,2622736598,aerobe
,,,,,571298.3,
,,,,,GCA_900099935,
8042,3-44-a(19),"DSM 45348, BCC 72027, JCM 14710, MTCC 9007",1,Pseudosporangium ferrugineum,2728369278,aerobe
,,,,,439699.3,
,,,,,GCA_003002065,
13736,F423,"DSM 16392, IAM 15084, KCTC 12308, NBRC 100514, JCM 21545",1,Pseudovibrio ascidiaceicola,2615840717,aerobe
,,,,,285279.6,
,,,,,GCA_900114245,
13683,"LA33B, BAA-994","DSM 16456, ATCC BAA-994, CIP 108449",1,Pseudovibrio exalbescens,1122601.7,aerobe
,,,,,2523533556,
,,,,,GCA_000422785,
141084,UST20140214-052,"KCTC 42384, MCCC 1K00452",1,Pseudovibrio stylochi,2791355020,aerobe
,,,,,GCA_001562055,
17442,"CC 4, CC-CC4, CC-4","DSM 19599, CIP 109513, CCUG 54547",1,Pseudoxanthobacter soli,1123029.1,aerobe
,,,,,1123029.3,
,,,,,2585428043,
,,,,,GCA_900148505,
,,,,,GCA_945898215,
17502,"B 1616/1, B1616/1","DSM 12573, ATCC BAA-10, CCUG 46890, CIP 107227, CCM 7337, NBRC 101013",1,Pseudoxanthomonas broegbernensis,2861528275,aerobe
,,,,,83619.3,
,,,,,83619.4,
,,,,,GCA_010093165,
,,,,,GCA_014202435,
17508,"TR6-08, 49.101","CCUG 55487, CIP 108710, DSM 17801, IAM 15115, KCTC 12207, JCM 21575, NBRC 101159",1,Pseudoxanthomonas daejeonensis,266062.3,aerobe
,,,,,GCA_010093205,
17511,DS-16,"DSM 21858, CIP 108839, KCTC 12543, CCUG 53910",1,Pseudoxanthomonas dokdonensis,2713896758,aerobe
,,,,,344882.3,
,,,,,GCA_001431405,
17505,3-Dec,"DSM 17109, CCUG 48231, CIP 107388, JCM 11525, AJ 13070",1,Pseudoxanthomonas japonensis,69284.4,aerobe
,,,,,GCA_010093445,
17509,JA40,"DSM 18571, ATCC BAA-1031, CIP 108476, CCUG 55486",1,Pseudoxanthomonas kalamensis,1123030.3,aerobe
,,,,,2571042364,
,,,,,GCA_010211745,
17507,J36,"DSM 17583, BCRC 17375, CCUG 55854, LMG 22530",1,Pseudoxanthomonas kaohsiungensis,283923.3,aerobe
,,,,,GCA_010211765,
134100,T7-09,"KCTC 12208, IAM 15116, CCUG 55488, CIP 108711, JCM 21576, NBRC 101160, KCTC 52048",1,Pseudoxanthomonas koreensis,266061.3,aerobe
,,,,,GCA_010093225,
17504,AMX26B,"DSM 17121, CCUG 49454, CIP 106674, JCM 11524, ATCC 700993, AMX 26B",1,Pseudoxanthomonas mexicana,128785.15,aerobe
,,,,,GCA_010093385,
17514,BD-c54,"DSM 19373, KCTC 22080",1,Pseudoxanthomonas sacheonensis,443615.3,aerobe
,,,,,GCA_010093305,
17512,,"CIP 109720, DSM 18855, CCUG 53828, IMMIB AFH-5",1,Pseudoxanthomonas spadix,415229.5,aerobe
,,,,,GCA_003703395,
17506,4M1,"DSM 17175, CIP 109444, KACC 11320",1,Pseudoxanthomonas suwonensis,314722.1,aerobe
,,,,,GCA_010093235,
17510,CB-226,"DSM 22914, ATCC BAA-404, BCRC 17172, CCUG 48041, CIP 108059, CCRC 17172",1,Pseudoxanthomonas taiwanensis,176598.4,aerobe
,,,,,2574179701,
,,,,,GCA_010093135,
17513,GR12-1,"DSM 18204, CIP 109605, KACC 11580",1,Pseudoxanthomonas yeongjuensis,377616.3,aerobe
,,,,,GCA_010093345,
23028,,"DSM 19858, JCM 11733, KCTC 22016, KMM 3531, CECT 7618",1,Pseudozobellia thermophila,192903.4,aerobe
,,,,,2622736519,
,,,,,GCA_900141855,
166433,EEAB3T1,"CCUG 70857, DSM 105477",1,Psittacicella gerlachiana,GCA_003585965,aerobe
158270,NEAU-3TGS17,"DSM 100484, CGMCC 1.15308",1,Psychrobacillus lasiicapitis,1636719.3,aerobe
,,,,,1636719.5,
,,,,,2890957088,
,,,,,GCA_006861795,
,,,,,GCA_014641675,
8196,SW-210,"DSM 16329, KCTC 12254, CIP 108795",1,Psychrobacter aquimaris,292733.5,aerobe
,,,,,GCA_016107525,
8203,273-4,"DSM 17307, CIP 109905, VKM B-2377",1,Psychrobacter arcticus,259536.19,aerobe
,,,,,637000226,
,,,,,GCA_000012305,
8207,"SW-238, JG-238","DSM 23510, JCM 12601, KCTC 12313, CIP 109014",1,Psychrobacter celer,306572.5,aerobe
,,,,,GCA_016107555,
8194,JG-219,"DSM 16327, KCTC 12256, CIP 108733",1,Psychrobacter cibarius,282669.8,aerobe
,,,,,GCA_016107535,
8202,"5, K5","DSM 17306, VKM B-2378, CIP 110990",1,Psychrobacter cryohalolentis,335284.24,aerobe
,,,,,335284.6,
,,,,,637000227,
,,,,,GCA_000013905,
8180,,"DSM 12411, ACAM 304, ATCC 700361, CCUG 34377, CIP 10501, CIP 105101",1,Psychrobacter frigidicola,45611.3,aerobe
,,,,,45611.4,
,,,,,GCA_007997305,
,,,,,GCA_904845925,
139044,,"CIP 111025, KCTC 42280, CCTCC AB 2014019",1,Psychrobacter glaciei,619771.6,aerobe
,,,,,GCA_014652895,
8179,,"CCUG 34874, DSM 12194, ACAM 483, CIP 105313",1,Psychrobacter glacincola,56810.15,aerobe
,,,,,GCA_904846215,
8208,L-1110,"DSM 21542, CCUG 56590, IMMIB L-1110, CIP 110018",1,Psychrobacter lutiphocae,1123033.3,aerobe
,,,,,2521172648,
,,,,,GCA_000382145,
8201,SW-242,"DSM 16330, KCTC 12255, CIP 108796",1,Psychrobacter namhaensis,292734.5,aerobe
,,,,,GCA_016107545,
141029,"A1019, A1019SS","CIP 110853, CECT 9184",1,Psychrobacter pasteurii,1945520.4,aerobe
141031,"1232, 1232SS","CIP 110854, CECT 9185",1,Psychrobacter piechaudii,1945521.3,aerobe
168046,I-STPP5b,"LMG 30301, CIP 111410, CCM 8799, CCM 8799T, LMG 30301T",1,Psychrobacter pygoscelis,GCA_004335015,aerobe
,,,,,RQRU00000000,
130458,13983,"DSM 23635, CCUG 59771, CIP 110993",1,Psychrobacter sanguinis,861445.12,aerobe
,,,,,861445.15,
8178,McLean B-57,"DSM 14009, ACAM 534, ATCC 15174, CCM 900, CCUG 4982, NCIB 11372, DSM 20429, CIP 105100, NCIMB 11372",1,Psychrobacter urativorans,45610.23,aerobe
,,,,,GCA_904846695,
5630,"WS 4520, G 5209","DSM 23581, CCUG 59705, LMG 25857, WCC 4520",1,Psychroflexus halocasei,2675903162,aerobe
,,,,,908615.3,
,,,,,GCA_900107595,
166337,C1,"MCCC 1H00415, KCTC 72796",1,Psychroflexus maritimus,2891099238,aerobe
,,,,,GCA_011089875,
141091,X15M-8,"CGMCC 1.12931, JCM 30616",1,Psychroflexus planctonicus,1526575.3,aerobe
,,,,,GCA_014640195,
141092,X15M-6,"CGMCC 1.12925, JCM 30615",1,Psychroflexus salis,1526574.3,aerobe
,,,,,GCA_014640175,
23019,YIM-C238,"DSM 19803, CCTCC AA 207030, KCTC 22166",1,Psychroflexus sediminis,2622736510,aerobe
,,,,,470826.3,
,,,,,GCA_900099815,
5629,"LA1, LA1T","DSM 15496, ATCC BAA-734, CIP 108448",1,Psychroflexus tropicus,1123035.3,aerobe
,,,,,2518645613,
,,,,,GCA_000378765,
159836,,"JCM 31143, KACC 19070, MCC 2780, MTCC 12460, IHBB 11108",1,Psychromicrobium lacuslunae,1618207.4,aerobe
,,,,,1618207.5,
,,,,,GCA_000950575,
133081,AK20-18,"DSM 102047, LMG 29369",1,Psychromicrobium silvestre,1645614.3,aerobe
,,,,,2821010246,
,,,,,GCA_013408295,
133850,F051-1,"KCTC 23539, JCM 17632",1,Psychroserpens damuponensis,2630968917,aerobe
,,,,,943936.3,
,,,,,GCA_000826655,
134187,,"KCCM 42261, JCM 13413, KOPRI 13649, CIP 109253",1,Psychroserpens mesophilus,2654587584,aerobe
,,,,,325473.3,
,,,,,GCA_000826645,
159736,T8,"CGMCC 1.15924, KCTC 333888",1,Pueribacillus theae,2831647163,aerobe
,,,,,GCA_003097615,
141170,4GSH07,"CGMCC 1.15448, LMG 29214",1,Puia dinghuensis,1792502.3,aerobe
,,,,,GCA_014642875,
166316,RR4-38,"KCTC 52651, DSM 108068",1,Pukyongia salina,2094025.3,aerobe
,,,,,GCA_002966125,
133210,7578-24,"CGMCC 1.15371, JCM 31236",1,Pullulanibacillus camelliae,1707096.3,aerobe
,,,,,GCA_014642655,
166528,SC2-7,"KACC 19309, NBRC 113102",1,Pulveribacter suum,2116657.3,aerobe
,,,,,2788500268,
,,,,,GCA_003013695,
140731,JSSK-17,"KCTC 52765, NBRC 112766",1,Puniceibacterium confluentis,GCA_007923445,aerobe
158222,EBR-8-1,"DSM 109488, JCM 30463, KCTC 42353",1,Pusillimonas caeni,1348472.3,aerobe
,,,,,2839712622,
,,,,,GCA_003545815,
364,,"DSM 25164, JCM 14767, KCTC 22046, DCY 25",1,Allopusillimonas ginsengisoli,2891648259,aerobe
,,,,,453575.4,
,,,,,GCA_004153455,
365,B201,"DSM 25667, JCM 16917, KACC 14927",1,Pusillimonas harenae,2891687248,aerobe
,,,,,657015.4,
,,,,,657015.5,
,,,,,GCA_004153685,
,,,,,GCA_013416515,
362,BN9,"DSM 10065, CCUG 51657, NCIMB 14020, CIP 108767",1,Pusillimonas noertemannii,2756170261,aerobe
,,,,,305977.3,
,,,,,305977.4,
,,,,,305977.8,
,,,,,GCA_003096595,
,,,,,GCA_003545825,
,,,,,GCA_013416295,
363,MJ07,"DSM 25264, JCM 16386, KCTC 22455",1,Pusillimonas soli,2891629496,aerobe
,,,,,659016.4,
,,,,,659016.5,
,,,,,GCA_004153445,
,,,,,GCA_013416335,
166456,YE3,"KCTC 62737, NBRC 113113",1,Pusillimonas thiosulfatoxidans,2836761669,aerobe
,,,,,GCA_004022565,
133960,E403,"CCTCC AB 2012862, CGMCC 41.12333, KCTC 32192, CGMCC 1.12333",1,Pustulibacterium marinum,1224947.3,aerobe
,,,,,2663762752,
,,,,,GCA_900116665,
158527,GYP-11,"CGMCC 1.15125, KCTC 42509",1,Pyruvatibacter mobilis,1712261.7,aerobe
,,,,,1712261.8,
,,,,,2883336408,
,,,,,2889425356,
,,,,,GCA_009910475,
,,,,,GCA_012848855,
,,,,,GCA_014640905,
170938,CA032A,"NCCB 100776, NBRC 114353",1,Pyxidicoccus caerfyrddinensis,GCA_010894405,aerobe
,,,,,NZ_JAAIYA000000000.1,
166565,CA060A,"NBRC 114505, NCCB 100777",1,Pyxidicoccus trucidator,GCA_010894435,aerobe
,,,,,NZ_JAAIXZ000000000.1,
5384,SW-135,"DSM 16221, KCTC 12228, JCM 21815, CGMCC 1.8708, IAM 15371",1,Qipengyuania seohaensis,GCA_002795865,aerobe
6329,AG-019,"DSM 44889, ATCC BAA-1104, CIP 108941, JCM 16010, NBRC 106147",1,Quadrisphaera granulorum,2724679791,aerobe
,,,,,317664.3,
,,,,,GCA_003149145,
,,,,,GCA_900218025,
141111,CGI-09,"DSM 29781, JCM 31785",1,Quisquiliibacterium transsilvanicum,1549638.3,aerobe
,,,,,2861366533,
,,,,,GCA_014202215,
158700,SPSPC-11,"CECT 9012, LMG 29233",1,Raineya orbicola,2786546755,aerobe
,,,,,GCA_002843425,
2089,,"DSM 17714, CCM 7174, CCUG 46789, CIP 108091, LMG 21421",1,Ralstonia insidiosa,190721.3,aerobe
,,,,,GCA_008801405,
2085,"K-288, K 288","DSM 6297, ATCC 27511, CIP 73.23, JCM 5969, NCTC 11149, CCUG 3318, LMG 5942, BCRC 14820, CECT 330, CGMCC 1.1807, IAM 13530, ICPB 3981, NBRC 102503, NCIMB 13142, VTT E-981068",1,Ralstonia pickettii,1218114.3,aerobe
,,,,,2731957562,
,,,,,2859196362,
,,,,,329.112,
,,,,,329.18,
,,,,,329.187,
,,,,,329.188,
,,,,,329.189,
,,,,,329.39,
,,,,,GCA_000743455,
2083,"60-1, K60","DSM 9544, ATCC 11696, ICMP 5712, ICPB PS 256, LMG 2299, NCPPB 325, CCUG 14272, JCM 10489, LMG 17137, UQRS 426, CIP 104762, NRRL B-3212",1,Ralstonia solanacearum,2537561801,aerobe
,,,,,305.901,
,,,,,GCA_000285815,
,,,,,GCA_002251695,
,,,,,GCA_015910705,
2086,R001,"CCUG 32781, CIP 108366, DSM 7385, ATCC 49543, LMG 10661, NCPPB 3446",1,Ralstonia syzygii,1310166.3,aerobe
,,,,,GCA_919592095,
141112,CJ661,"KACC 19305, JCM 32081",1,Ramlibacter alkalitolerans,2039631.3,aerobe
,,,,,GCA_016722765,
166265,18x22-1,"GDMCC 1.1584, KCTC 52922",1,Ramlibacter humi,GCA_004681975,aerobe
141113,G-3-2,"KEMB 9005-573, KACC 19175, JCM 31918",1,Ramlibacter monticola,1926872.3,aerobe
,,,,,GCA_016722785,
141048,THG-YS3.2.7,"KCTC 52083, CCTCC AB 2015357",1,Ramlibacter rhizophilus,1781167.3,aerobe
,,,,,2881101125,
,,,,,GCA_004681965,
5096,78-120,"DSM 2688, ATCC 33558, CIP 81.36, CCUG 15719, CUETM 78-120",0,Klebsiella planticola,2788499846,aerobe
,,,,,575.48,
,,,,,GCA_004345285,
154664,,"CCUG 54768, NCTC 9528",0,Klebsiella planticola,2857980404,aerobe
,,,,,575.51,
,,,,,GCA_900455785,
5099,"84, L84","DSM 2687, ATCC 33257, CIP 80.07, CCUG 12372 Bb, CIP 80-07, JCM 1687, CUETM 77.176, BCRC 14805, CCUG 12372, CECT 4519, CIP 80.7, CUETM 77-176, IFO 14941, LMG 3222, NBRC 14941, NCTC 13038, NCIMB 12053",1,Klebsiella terrigena,577.12,aerobe
,,,,,577.22,
,,,,,GCA_006539725,
,,,,,GCA_900706855,
24684,,"DSM 25897, CCTCC AB 2012062, YIM 77974",1,Rehaibacterium terrae,1341696.3,aerobe
,,,,,2861651007,
,,,,,GCA_014202935,
159843,DC003,"KCTC 42867, MCCC 1H00130",1,Reichenbachiella versicolor,2882490784,aerobe
,,,,,GCA_003171675,
166392,SSH23,"KACC 21168, NBRC 113795",1,Reinekea thalattae,2890119326,aerobe
,,,,,GCA_008041945,
140732,Seoho-37,"KCTC 52223, JCM 31892",1,Reyranella aquatilis,GCA_020880995,aerobe
133909,KIS14-15,"KACC 13034, NBRC 108950",1,Reyranella soli,1230389.3,aerobe
,,,,,2886942716,
,,,,,GCA_007992495,
132963,R49,"DSM 105074, JCM 30685, KACC 18395, KEMB 9005-318",1,Rhabdobacter roseus,1655419.3,aerobe
,,,,,2861391593,
,,,,,GCA_014202275,
2460,SW-353,"DSM 22684, JCM 14331, KCTC 12840, CGMCC 1.10346",1,Rheinheimera aquimaris,GCA_020531985,aerobe
133764,LH2-2,"CGMCC 1.7003, NBRC 105632",1,Rheinheimera longhuensis,1091037.3,aerobe
,,,,,GCA_014653435,
2457,,"DSM 17616, CCUG 46544, IAM 15043, JCM 12090, KMM 1406, NBRC 103167, NRIC 0539, CIP 108198, CGMCC 1.7099",1,Rheinheimera pacifica,173990.3,aerobe
,,,,,2599185208,
,,,,,GCA_900108485,
163799,PKS7,"JCM 30460, KCTC 42365",1,Rheinheimera pleomorphica,2703963.3,aerobe
,,,,,2894060501,
,,,,,GCA_011634895,
2462,JA3-B52,"DSM 19460, CGMCC 1.6362, JCM 14254",1,Rheinheimera tangshanensis,400153.4,aerobe
,,,,,GCA_008017875,
,,,,,GCA_014645135,
133420,GBV016,"CFBP 71465, LMG 24466",1,Rhizobium alamii,2739367696,aerobe
133176,,"BR 10423, HAMBI 3664",1,Rhizobium altiplani,1755240.3,aerobe
,,,,,2744054510,
,,,,,GCA_001542405,
166529,C5,"CCTCC AB 2018143, LMG 30777",1,Rhizobium chutanense,2791355263,aerobe
,,,,,GCA_002531935,
13630,L61,"DSM 17795, JCM 21505, BCRC 80436, CCBAU 10050, IAM 15042, KCTC 12121, NBRC 102495, NCIMB 14499",1,Rhizobium daejeonense,240521.4,aerobe
,,,,,2738541314,
,,,,,GCA_011045155,
,,,,,GCA_014280875,
166117,SPY-1,"ACCC 61627, JCM 33732",1,Neorhizobium deserti,GCA_004358025,aerobe
132925,JC140,"DSM 104972, CCUG 64352, HAMBI 2447, KCTC 32077, MTCC 11723",1,Pseudorhizobium endolithicum,1191678.3,aerobe
,,,,,GCA_902153245,
13633,,"DSM 19331, CCBAU 33202, JCM 14381, LMG 23997, JCM 14831",1,Rhizobium pisi,2829836708,aerobe
,,,,,573179.3,
,,,,,573179.4,
,,,,,GCA_003985135,
,,,,,GCA_014196235,
133217,LPU83,"CECT 9014, LMG 29160",1,Rhizobium favelukesii,2740891995,aerobe
,,,,,GCA_000577275,
166106,CL12,"GDMCC 1.1597, KACC 21281",1,Peteryoungia glycinendophyticum,GCA_006443685,aerobe
13648,YC6881,"DSM 21600, KACC 13775",1,Rhizobium halophytocola,2738541317,aerobe
,,,,,2913308742,
,,,,,735519.3,
,,,,,GCA_017873095,
170906,JKLM 12A2,"MCC 3961, KACC 21380, JCM 33658",1,Rhizobium indicum,CP054021,aerobe
,,,,,CP054022,
,,,,,CP054023,
,,,,,CP054024,
,,,,,CP054025,
,,,,,CP054026,
,,,,,GCA_005862305,
140867,shin9-1,"LMG 27163, KCTC 32148",1,Rhizobium ipomoeae,GCA_004912165,aerobe
24485,1847,"DSM 28449, ATCC BAA-2123, CCGE 501, CIP 110148, HAMBI 3151",1,Rhizobium mesoamericanum,2738541345,aerobe
,,,,,2928367626,
133473,5LMG24135,"JCM 14777, CCBAU 25010, LMG 24135",1,Rhizobium mesosinicum,2739367594,aerobe
134342,,"LMG 24208, HAMBI 2971, CCBAU 41251",1,Rhizobium miluonense,2617270742,aerobe
,,,,,411945.8,
,,,,,GCA_900094545,
13635,,"DSM 21814, CCBAU 83401, HAMBI 2975, LMG 23946",1,Rhizobium multihospitium,2615840698,aerobe
,,,,,410764.9,
,,,,,GCA_900094585,
24484,SL-1,"DSM 26482, ACCC 11238, KCTC 23288",1,Neorhizobium petrolearium,2738541324,aerobe
,,,,,2913319810,
,,,,,515361.4,
,,,,,GCA_017873175,
132917,PL-41,"DSM 105042, CCTCC AB 2011011, NRRL B-59556",1,Pseudorhizobium tarimense,2738541320,aerobe
,,,,,2928180846,
13639,,"DSM 25379, CCBAU 85046, LMG 25225, HAMBI 3066",1,Rhizobium tubonense,484088.4,aerobe
,,,,,GCA_003240585,
140985,166,"CGMCC 1.15279, DSM 100734",1,Rhizobium wenxiniae,1737357.3,aerobe
,,,,,1737357.4,
,,,,,2861144075,
,,,,,GCA_014201355,
,,,,,GCA_014641515,
159888,W44,"CCTCC AB 2017179, GDMCC 1.1257, KCTC 62194",1,Rhizobium wuzhouense,GCA_003205195,aerobe
17524,LnR5-47,"DSM 21014, KACC 12826, KCTC 22232, LMG 24460",1,Rhodanobacter panaciterrae,490572.3,aerobe
,,,,,GCA_014651895,
17515,B39,"DSM 17631, LMG 23181, CIP 109139",1,Rhodanobacter spathiphylli,1163407.3,aerobe
,,,,,2537561836,
,,,,,GCA_000264295,
17518,LCS2,"DSM 18863, KCTC 12771",1,Rhodanobacter thiooxydans,1163409.3,aerobe
,,,,,2537561839,
,,,,,GCA_000264375,
13823,JA296,"DSM 19945, CCUG 55130, JCM 14887",1,Rhodobacter aestuarii,2681813516,aerobe
,,,,,2740891822,
,,,,,453582.3,
,,,,,GCA_003053525,
,,,,,GCA_900156655,
13806,,"DSM 1710, ATCC 11166, ATCC 17015, IAM 14232, JCM 21090, NCIB 8254, CCUG 31484, LMG 2962, CCTM 1913, ATH 2.3.1, CGMCC 1.8920, CIP 104408, IFO 16435, NBRC 16435, NCIMB 8254",1,Rhodopseudomonas capsulata,1061.9,aerobe
,,,,,2593339278,
,,,,,GCA_003254295,
134339,JA276,"JCM 14794, ATCC BAA-1549, CCUG 55129",1,Rhodobacter maris,2739368070,aerobe
,,,,,GCA_900217815,
13824,JA194,"DSM 18937, JCM 14598, KCTC 5602, UCCCB23",1,Rhodobacter megalophilus,2681813553,aerobe
,,,,,418630.3,
,,,,,GCA_900188265,
134337,JA234,"JCM 14779, CCUG 55049",1,Cereibacter ovatus,GCA_900207575,aerobe
166318,TJ48,"CCTCC AB 2019120, KCTC 72510",1,Rhodobacter xinxiangensis,2915622301,aerobe
,,,,,GCA_004959935,
132252,,"DSM 102213, CCTCC AB 2014297, KCTC 39118, CFH S0262",1,Rhodococcus agglutinans,1644129.3,aerobe
,,,,,2866505292,
,,,,,GCA_004011865,
10883,,"DSM 20669, ATCC 12974, CIP 104713, IFO 12155, JCM 1316, NBRC 12155, NCPPB 3067, CCUG 51073, JCM 10002, BCRC 13609, CFBP 2401, CGMCC 4.1817, CNCTC Cor 66/77, ICMP 5833, ICPB CF122, KCTC 9813, LMG 3623, MTCC 1531, NBRC 100625, NCIMB 13432, NRRL B-16937, VKM Ac-1462, IAM 12427, ICPB CF 122",1,Rhodococcus fascians,1219015.3,aerobe
,,,,,1219015.4,
,,,,,1268303.4,
,,,,,2711768092,
,,,,,GCA_000761055,
,,,,,GCA_001894785,
11033,W4937,"DSM 44689, NCTC 13296, JCM 12658, CIP 108424",1,Rhodococcus gordoniae,223392.3,aerobe
,,,,,223392.4,
,,,,,2744054541,
,,,,,2925079109,
,,,,,GCA_001646655,
,,,,,GCA_900455725,
11044,RKJ 300,"DSM 45091, CIP 109333, JCM 13270, MTCC 7085, NCIMB 14316",1,Rhodococcus opacus,1165867.3,aerobe
,,,,,1165867.6,
,,,,,2734481939,
,,,,,GCA_000260815,
,,,,,GCA_001313285,
11041,K07-23,"DSM 44908, JCM 13011, MTCC 6634, CIP 109246, NBRC 103113, NCIMB 14317",1,Rhodococcus kroppenstedtii,2693429870,aerobe
,,,,,293050.3,
,,,,,293050.5,
,,,,,GCA_001646725,
,,,,,GCA_900111805,
11046,djl-6,"DSM 45222, CGMCC 1.6580, KCTC 19205, JCM 15477, CCM 8451",1,Rhodococcus erythropolis,1303681.3,aerobe
,,,,,2734481946,
,,,,,2744054616,
,,,,,334542.13,
,,,,,GCA_001313445,
,,,,,GCA_001646745,
,,,,,GCA_023221595,
11047,djl-6-2,"DSM 45257, CCTCC AB 208292, JCM 16906, CCM 8452",0,Rhodococcus erythropolis,GCA_002893965,aerobe
10908,"372, KMRh","DSM 43241, ATCC 13808, CIP 104376, IMET 7374, KCC A-0202, NCIB 11147, NCTC 10210, CCUG 47165, NRRL B-16536, JCM 3202, BCRC 16333, CECT 5749, CGMCC 1.2348, CGMCC 4.1815, HAMBI 1959, IAM 15167, IFM 0163, IFO 16069, KCTC 9086, LMG 5365, MTCC 265, NBRC 16069, NCIMB 11147, NRRL B-2149, VKM Ac-1227, VKM Ac-1338",1,Rhodococcus rhodochrous,1219024.4,aerobe
,,,,,1829.21,
,,,,,1829.3,
,,,,,2630968521,
,,,,,2744054617,
,,,,,2826464033,
,,,,,GCA_001047055,
,,,,,GCA_001646825,
,,,,,GCA_900187265,
10927,"M-1, N361, A-0205","CCUG 51069, DSM 43338, IFO 15591, KCC A-0205, NBRC 15591, JCM 3205, BCRC 13379, CGMCC 4.1821, CIP 104180, IFM 0148, KCTC 9806, LMG 5366, VKM Ac-1021",1,Rhodococcus ruber,1219025.3,aerobe
,,,,,1830.11,
,,,,,2744054618,
,,,,,2814123366,
,,,,,GCA_001646835,
,,,,,GCA_001894945,
158522,C9-28,"DSM 107559, KACC 19823",1,Rhodococcus subtropicus,2906892708,aerobe
,,,,,GCA_005434945,
11039,,"DSM 44892, CCUG 50202, IMMIB RIV-085, JCM 13396, NBRC 103116",1,Rhodococcus triatomae,1219026.3,aerobe
,,,,,2675903013,
,,,,,2903944193,
,,,,,300028.5,
,,,,,300028.7,
,,,,,GCA_001894965,
,,,,,GCA_014217785,
,,,,,GCA_900099725,
23160,T8,"DSM 45580, CCM 7905, LMG 26204, CCUG 60724",1,Rhodococcus trifolii,908250.3,aerobe
,,,,,GCA_014635345,
134108,,"CCTCC AA 204007, KCTC 19021, DSM 44837, YIM 70056, JCM 13366, IAM 15239, NBRC 103083, NBRC 103115, CIP 108798",1,Rhodococcus yunnanensis,1219029.3,aerobe
,,,,,2867146388,
,,,,,GCA_001895005,
166273,GSA243-2,"CGMCC 1.16288, KCTC 62564",1,Rhodoferax bucti,2894749980,aerobe
,,,,,GCA_005876985,
166229,,"KACC 18983, NBRC 112709, IMCC 26218",1,Rhodoferax lacus,GCA_003415675,aerobe
23872,"ED16, ED16I","DSM 22694, ATCC BAA-1852, CCUG 57711",1,Rhodoferax saidenbachensis,1484693.3,aerobe
,,,,,2582581024,
,,,,,2773857796,
,,,,,GCA_000498435,
,,,,,GCA_001955715,
158667,15182,"KCTC 62172, MCCC 1K03442",1,Rhodohalobacter barkolensis,2882395943,aerobe
,,,,,GCA_002834295,
166282,lm1,"CCTCC AB 2019071, KCTC 72156",1,Rhodoligotrophos defluvii,GCA_005281615,aerobe
159679,27D-LEPI,"DSM 107804, JCM 32926",1,Rhodoluna limnophila,GCA_005845365,aerobe
164090,MA-7-27,"JCM 31537, KACC 18805",1,Rhodophyticola porphyridii,2831519361,aerobe
,,,,,GCA_003688285,
11942,SH 1,"DSM 10527, NCIMB 13988, IFAM 1310",1,Rhodopirellula baltica,243090.15,aerobe
,,,,,GCA_000196115,
166393,Poly21,"DSM 102266, LMG 29467, CECT 9847, VKM B-3435",1,Rhodopirellula heiligendammensis,GCA_007860105,aerobe
166395,CA85,"DSM 109595, LMG 29699, VKM B-3451",1,Rhodopirellula solitaria,2894112556,aerobe
,,,,,GCA_007859855,
141161,WDN1C137,"KCTC 52478, MCCC 1H00170, DSM 108746",1,Rhodosalinus sediminis,2831947122,aerobe
,,,,,GCA_003385555,
14005,"S 1, S1","DSM 467, ATCC 11170, NCIB 8255, CCUG 17859, CIP 70.61, LMG 4362, NCIMB 8255, ATH 1.1.1",1,Rhodospirillum rubrum,1036743.4,aerobe
,,,,,1085.17,
,,,,,269796.21,
,,,,,269796.9,
,,,,,637000241,
,,,,,GCA_000013085,
,,,,,GCA_019134555,
17795,2037 Souchothèque de Bretagne,"DSM 22212, JCM 15944, PRI 2902",1,Rhodothermus profundi,2622736637,aerobe
,,,,,633813.3,
,,,,,GCA_900142415,
131146,,"DSM 15909, CCUG 44693, CIP 108310",1,Rhodovarius lipocyclicus,268410.3,aerobe
,,,,,GCA_009900765,
13750,JA297,"DSM 19783, ATCC BAA-1544, CCUG 55397, JCM 14888",1,Rhodovulum kholense,2734482290,aerobe
,,,,,453584.3,
,,,,,GCA_003053725,
13751,A-20s,"DSM 21153, VKM B-2489",1,Rhodovulum steppense,2802429724,aerobe
,,,,,540251.3,
,,,,,GCA_004339675,
5632,,"DSM 15868, ATCC 11845, CCUG 14215, JCM 9532, LMG 11054, MCCM 00568, NCTC 11014, CCUG 21370, CIP 82.28, KCTC 2911, LMG 11606",1,Riemerella anatipestifera,2512564079,aerobe
,,,,,2834954086,
,,,,,34085.19,
,,,,,649633092,
,,,,,693978.17,
,,,,,693978.3,
,,,,,GCA_000183155,
,,,,,GCA_000252855,
,,,,,GCA_900186945,
5638,YM6-073,"DSM 21019, KCTC 22216, MBIC 06409",1,Robiginitalea myxolifaciens,2636416043,aerobe
,,,,,400055.5,
,,,,,GCA_900115205,
6224,,"DSM 21748, IMCC 3195, KCCM 42687, NBRC 103098",1,Robiginitomaculum antarcticum,1123059.3,aerobe
,,,,,2522125083,
,,,,,GCA_000365025,
152993,,"CCUG 48205, CECT 7248",1,Roseateles aquatilis,2831471034,aerobe
,,,,,431061.3,
,,,,,GCA_002205645,
2992,61A,"DSM 11813, CCUG 52219",1,Roseateles depolymerans,2770939641,aerobe
,,,,,76731.7,
,,,,,GCA_003387155,
134277,,"CECT 7247, CCUG 52222",1,Roseateles terrae,2824392752,aerobe
,,,,,2831895361,
,,,,,431060.3,
,,,,,431060.5,
,,,,,GCA_002205615,
,,,,,GCA_014192155,
13853,EL-50,"DSM 11469, CECT 7235",1,Roseinatronobacter ekhonensis,254356.4,aerobe
,,,,,2831655652,
,,,,,GCA_900499075,
134327,MN1-741,"MBIC 08315, KCTC 12986, NBRC 103926",1,Roseibacillus ishigakijimensis,454146.3,aerobe
,,,,,GCA_016595415,
134329,YM26-010,"KCTC 12988, MBIC 08317",1,Roseibacillus persicicus,454148.3,aerobe
,,,,,GCA_014651675,
13829,,"DSM 19469, CIP 107377, JCM 11220, OCh 323",1,Roseicyclus elongatus,1294273.3,aerobe
,,,,,GCA_000590925,
13837,5OM6,"DSM 18320, CECT 5095, CIP 108402, CCUG 49435, DSM 18380",1,Roseibium album,2675903641,aerobe
,,,,,311410.12,
,,,,,GCA_001404515,
13836,DFL-11,"DSM 17067, NCIMB 14079",1,Roseibium alexandrii,GCA_000158095,aerobe
13835,mano 18,"DSM 17023, KCTC 12288",1,Roseibium marinum,2731639218,aerobe
,,,,,281252.8,
,,,,,GCA_002906165,
140994,BSS09,"KCTC 52373, MCCC 1K03201",1,Roseibium sediminis,1775174.3,aerobe
,,,,,2889952345,
,,,,,GCA_008711325,
158729,,"MCCC 1K03242, KCTC 52641, CCMM 001",1,Roseicyclus marinus,GCA_029589195,aerobe
23339,DC2a-G7,"DSM 25532, NBRC 108606",1,Roseimicrobium gellanilyticum,2770939505,aerobe
,,,,,748857.3,
,,,,,GCA_003315205,
164246,,"JCM 32374, KCCM 43267, MEBiC 09517",1,Roseithermus sacchariphilus,2026787.5,aerobe
,,,,,GCA_003285105,
134138,,"KCTC 12370, LMG 22587, KMM 6058, DSM 102948",1,Roseivirga echinicomitans,2651870325,aerobe
,,,,,296218.3,
,,,,,GCA_001592935,
132058,,"DSM 102268, KCTC 12282, KMM 6017, LMG 22567, JCM 13514, NCIMB 14502",1,Roseivirga ehrenbergii,279360.18,aerobe
,,,,,279360.5,
,,,,,2799112213,
,,,,,2811995049,
,,,,,GCA_001593005,
,,,,,GCA_004340805,
159410,SK-8,"DSM 102187, KCTC 32969, NBRC 110216",1,Roseivirga misakiensis,GCA_001747105,aerobe
131264,DY53,"DSM 100771, CGMCC 1.12402, JCM 18885",1,Roseivirga pacifica,1267423.11,aerobe
,,,,,1267423.4,
,,,,,2667527390,
,,,,,2728369263,
,,,,,GCA_003633845,
,,,,,GCA_900111145,
13759,sw-2,"DSM 22223, BCRC 17966, LMG 25204",1,Roseivivax isoporae,1449351.3,aerobe
,,,,,2609459988,
,,,,,GCA_000521865,
130619,S5-5,"DSM 29430, CCUG 57755, KCTC 22708",1,Roseivivax lentus,2681813559,aerobe
,,,,,633194.5,
,,,,,GCA_900156805,
131293,ZL136,"DSM 27511, JCM 19386, KCTC 32470",1,Roseivivax marinus,1379903.3,aerobe
,,,,,2693429879,
,,,,,GCA_900109705,
13761,,"DSM 21977, ACCC 10710, KCTC 23444, YIM D21, YIM D21(T)",1,Roseivivax sediminis,936889.3,aerobe
,,,,,GCA_900112685,
140322,MM-7,"DSM 106830, NBRC 112431",1,Roseobacter ponti,1891787.3,aerobe
,,,,,GCA_012932215,
133919,7515T-07,"KACC 16529, NBRC 108923",1,Roseomonas aerophila,1224513.3,aerobe
,,,,,GCA_014490485,
140906,M6-79,"CCTCC AB 2013101, LMG 28251",1,Roseomonas arctica,1509237.3,aerobe
,,,,,GCA_018128965,
133456,"CW67T, CW67","KCTC 22211, JCM 15073",1,Roseomonas frigidaquae,487318.3,aerobe
,,,,,GCA_012163145,
,,,,,GCA_013184735,
135096,,"CIP 108267, ATCC BAA-691, NCTC 13290, CCUG 48655, MDA 5605",1,Roseomonas gilardii subsp. rosea,243956.3,aerobe
,,,,,2834383282,
,,,,,GCA_900455865,
71,TH-G33,"DSM 19439, CGMCC 1.3617, JCM 13283, CIP 109168",1,Roseomonas lacus,2574180450,aerobe
,,,,,287609.3,
,,,,,GCA_014644535,
135097,,"CCUG 48654, CIP 108268, ATCC BAA-692, NCTC 13291, MDA 5527",1,Roseomonas mucosa,207340.7,aerobe
,,,,,2837549178,
,,,,,GCA_900455935,
23504,YC6724,"DSM 21423, KCTC 22478, NBRC 109439",1,Roseomonas oryzicola,2894772417,aerobe
,,,,,535904.3,
,,,,,GCA_012163135,
75,HS-69,"DSM 19981, JCM 15034, KCTC 22213",1,Roseomonas stagni,1123062.3,aerobe
,,,,,2602042029,
,,,,,GCA_900114315,
73,,"DSM 19362, CCM 7468, KCTC 22045, CPCC 100056, UCCCB25",1,Roseomonas vinacea,2574179773,aerobe
157913,Z23,"DSM 106207, CGMCC 1.16540",1,Roseomonas wenyumeiae,GCA_003696345,aerobe
130621,SMK-122,"DSM 29438, CCUG 55325, KCTC 22174",1,Roseovarius aestuarii,475083.9,aerobe
,,,,,GCA_019966515,
133325,GHTF-24,"KCTC 52454, NBRC 112420",1,Roseovarius aestuariivivens,2895604787,aerobe
,,,,,GCA_004761875,
130623,HJ50,"DSM 29507, KCTC 22224, LMG 24468",1,Roseovarius halotolerans,2728369466,aerobe
,,,,,505353.8,
,,,,,GCA_003634925,
24499,GSW-M15,"DSM 28249, CCUG 62218, KCTC 23897",1,Roseovarius litoreus,1155722.4,aerobe
,,,,,2700988728,
,,,,,GCA_900142765,
24500,112,"DSM 28463, JCM 17743, KACC 16185",1,Roseovarius lutimaris,1005928.7,aerobe
,,,,,2622736530,
,,,,,GCA_900115165,
13770,,"DSM 17069, NCIMB 14077, DFL 24",1,Roseovarius mucosus,1288298.3,aerobe
,,,,,2518285587,
,,,,,GCA_000768555,
130624,NH52J,"DSM 29590, CCTCC AB 208317, LMG 24840, MCCC 1A03543",1,Roseovarius nanhaiticus,2681812935,aerobe
,,,,,573024.6,
,,,,,GCA_900156535,
159704,TFZ,"MCCC 1K03339, KCTC 52967",1,Roseovarius nitratireducens,2840908651,aerobe
,,,,,GCA_002925845,
130622,81-2,"DSM 29589, CGMCC 1.7083, LMG 24575, MCCC 1A00293",1,Roseovarius pacificus,2700988706,aerobe
,,,,,337701.12,
,,,,,337701.3,
,,,,,GCA_014645335,
,,,,,GCA_900142665,
158669,N53,"MCCC 1H00200, KCTC 52886",1,Roseovarius salinarum,2837136897,aerobe
,,,,,GCA_002834145,
166405,CA51,"DSM 104080, LMG 29702",1,Rosistilla oblonga,GCA_007751715,aerobe
1225,TF-12,"DSM 16205, JCM 11545, KCCM 41589, CIP 108136",1,Rossellomorea aquimaris,GCA_001648555,aerobe
1224,TF-11,"DSM 16204, JCM 11544, KCCM 41588, CIP 108135",1,Rossellomorea marisflavi,189381.12,aerobe
,,,,,2645727550,
,,,,,GCA_001274775,
1258,15-1,"DSM 18898, CIP 108672, HSCC 1663, JCM 11124, NRIC 0531, NRRL B-23890, BCRC 80102, LMG 24742, NBRC 101237",1,Rossellomorea vietnamensis,1349757.3,aerobe
,,,,,2731957668,
,,,,,GCA_001591825,
7780,"A 1-17B, A1-17B","CCUG 51932, JCM 11412, DSM 14556, GTC 867, CIP 108437, IFM 10514, NCIMB 14248",1,Rothia aeria,172042.13,aerobe
,,,,,172042.4,
,,,,,2806310706,
,,,,,GCA_002355935,
132581,140917-MRSA-09,"DSM 102816, CCM 8669, LMG 29446, JCM 31759, CIP 111029",1,Rothia aerolata,1812262.3,aerobe
,,,,,GCA_014635585,
7779,"XDIA, X599","DSM 43762, ATCC 17931, DSM 46363, IFO 12531, JCM 3067, KCC A-0067, NBRC 12531, CCUG 35437, CIP 81.83, NCTC 10917, CDC X599, CCM 7007, IAM 14816, IFM 1284, IMET 11515, IMSNU 21309, KCTC 3204, NRRL B-8017, PCM 2349",1,Rothia dentocariosa,2047.138,aerobe
,,,,,2844142769,
,,,,,649633093,
,,,,,762948.4,
,,,,,GCA_000164695,
,,,,,GCA_900455895,
7661,,"DSM 18442, CCTCC AB 206069, JCM 31975, KCTC 19172, YIM 90716",1,Rothia halotolerans,2865696960,aerobe
,,,,,405770.3,
,,,,,GCA_004136635,
7664,P31,"DSM 23367, JCM 15915, KCTC 19595, CIP 110210",1,Rothia koreensis,2865618284,aerobe
,,,,,592378.3,
,,,,,592378.4,
,,,,,GCA_004136575,
,,,,,GCA_009734705,
7783,L-143,"DSM 22277, BCRC 17588, LMG 23708, CCUG 55855, JCM 15158",1,Rothia terrae,396015.3,aerobe
,,,,,GCA_012396615,
130319,130333,"DSM 28324, CIP 110714, CCUG 70919",1,Rouxiella chamberiensis,2639763055,aerobe
,,,,,GCA_000951135,
,,,,,GCA_026967475,
17802,,"DSM 21368, CCTCC AB 208069, KCTC 19413, YIM 93306, JCM 19145, NBRC 109067",1,Ruania alba,2634166281,aerobe
,,,,,648782.3,
,,,,,GCA_900105765,
17801,6-Mar,"DSM 18029, CGMCC 4.3142, JCM 13910, PCM 2644, NBRC 106322, CIP 109565",1,Ruania albidiflava,1123065.3,aerobe
,,,,,2524614511,
,,,,,GCA_000421225,
13778,5715S-9,"DSM 19297, KACC 12504",1,Rubellimicrobium aerolatum,2913276826,aerobe
,,,,,490979.3,
,,,,,GCA_017872975,
13777,,"DSM 19309, KCTC 22012, MSL 20",1,Rubellimicrobium mesophilum,2523533591,aerobe
,,,,,442562.3,
,,,,,GCA_000600335,
13774,"C-lvkR2A-2, C-lvk-R2A-2","DSM 16684, CCUG 51817, HAMBI 2421, CIP 109278",1,Rubellimicrobium thermophilum,1123069.3,aerobe
,,,,,2521172529,
,,,,,GCA_000442315,
17851,HOact 23,"DSM 18772, MBIC 08254, NBRC 103619",1,Rubritalea squalenifaciens,1123071.3,aerobe
,,,,,2582581871,
,,,,,GCA_900141815,
133914,SAORIC-28,"KCTC 23867, NBRC 108816",1,Rubrivirga marina,2791354895,aerobe
,,,,,GCA_002283365,
167641,ICH-3,"BCRC 81155, KCTC 62866, LMG 30930",1,Rubrivivax albus,GCA_004016515,aerobe
,,,,,SACT00000000,
158426,,"DSM 105148, CGMCC 1.16398, SCSIO 08198, JCM 33406",1,Rubrobacter indicoceani,GCA_003568865,aerobe
14035,P-1,"DSM 5868, ATCC 51242, DSM 46359, IAM 12072, JCM 2153, BCRC 17324, CIP 106991, IFO 14777, IMET 11468, NBRC 14777, NCIMB 12766, VKM Ac-1989",1,Rubrobacter radiotolerans,2505679031,aerobe
,,,,,643560.4,
,,,,,GCA_900175965,
14036,PRD-1,"DSM 9941, IFO 16129, NBRC 16129, JCM 11954, CIP 105412, NBRC 100952",1,Rubrobacter xylanophilus,266117.1,aerobe
,,,,,266117.34,
,,,,,637000248,
,,,,,GCA_000014185,
,,,,,GCA_019448335,
17624,KIS3-4,"DSM 22992, JCM 15422, KACC 12734",1,Rudaea cellulosilytica,1123073.3,aerobe
,,,,,2519899509,
,,,,,GCA_000378125,
22986,HOR6-4,"DSM 19560, KACC 12637",1,Rudaeicoccus suwonensis,2818991236,aerobe
,,,,,657409.3,
,,,,,GCA_007829035,
3834,57155-11,"DSM 19387, KACC 12603, JCM 16390, NBRC 106408",1,Rudanella lutea,1089547.3,aerobe
,,,,,2517093013,
,,,,,GCA_000383955,
24504,TW15,"DSM 29317, JCM 17315, KACC 15115",1,Ruegeria conchae,2513237272,aerobe
,,,,,2734482173,
,,,,,981384.12,
,,,,,GCA_000192475,
,,,,,GCA_003664205,
135100,5OM10,"CIP 108403, CECT 5091, LMG 29896",1,Ruegeria denitrificans,1715692.3,aerobe
,,,,,2713896969,
,,,,,GCA_001458295,
24502,HD-28,"DSM 28009, CCUG 58878, KCTC 23044",1,Ruegeria faecimaris,2724679780,aerobe
,,,,,686389.4,
,,,,,GCA_900182615,
24503,MA1-6,"DSM 27839, CCUG 60744, KCTC 23463",1,Ruegeria halocynthiae,2693429872,aerobe
,,,,,985054.8,
,,,,,GCA_900106805,
24505,CC-GIMAT-2,"DSM 23285, CCM 7758, CCUG 59209, DSM 104504, DSM 29341, LMG 25539",1,Ruegeria intermedia,2695420938,aerobe
,,,,,996115.4,
,,,,,GCA_900129345,
158547,ZGT118,"JCM 19519, ACCC 19862",1,Ruegeria marisrubri,1685379.3,aerobe
,,,,,2724679120,
,,,,,GCA_001507595,
158548,ZGT108,"JCM 19518, ACCC 19861",1,Ruegeria profundi,1685378.4,aerobe
,,,,,2724679119,
,,,,,GCA_001507545,
158531,MDT1-10-3,"CGMCC 1.9789, NBRC 109705",1,Rufibacter glacialis,1259555.5,aerobe
,,,,,2891128709,
,,,,,GCA_008271745,
,,,,,GCA_014645715,
133023,CAI-18b,"DSM 29854, NCAIM B.02614",1,Rufibacter ruber,1549639.3,aerobe
,,,,,2827981459,
,,,,,GCA_014138425,
133192,,"CCM 8646, LMG 29438",1,Rufibacter ruber,1783499.3,aerobe
,,,,,2744054599,
,,,,,GCA_001647275,
166441,H-1,"CGMCC 1.16289, NBRC 113030",1,Rufibacter sediminis,GCA_014269285,aerobe
,,,,,GCA_024436355,
133402,CC-MHH0563,"BCRC 80918, JCM 31066",1,Ruficoccus amylovorans,1804625.3,aerobe
,,,,,2914226643,
,,,,,GCA_014230085,
133073,Ca6,"DSM 103039, ATCC TSD-59",1,Rugosibacter aromaticivorans,GCA_000934545,aerobe
8049,Delta3,"DSM 45228, JCM 18305, NBRC 104875",1,Rugosimonospora africana,556532.3,aerobe
,,,,,GCA_016862975,
18132,KSC-SF6g,"DSM 25578, NBRC 104870, NRRL B-51320, CIP 110061",1,Rummeliibacillus stabekisii,241244.13,aerobe
,,,,,241244.14,
,,,,,2861577009,
,,,,,GCA_007988965,
,,,,,GCA_014202625,
166297,YX9,"KCTC 62875, CCTCC AB 2018214",1,Runella aurantiaca,GCA_003339505,aerobe
3818,EMB13,"DSM 17976, KCTC 12614",1,Runella defluvii,2827964551,aerobe
,,,,,370973.3,
,,,,,GCA_014195535,
3817,EMB111,"DSM 17973, KCTC 12615",1,Runella limosa,1123077.3,aerobe
,,,,,2527291724,
,,,,,GCA_000482465,
158549,HMF6543,"KCTC 52401, NBRC 112674, HME 6543",1,Wocania arenilitoris,GCA_021728535,aerobe
140934,WLJ055,"CGMCC 1.15276, KCTC 33693",1,Saccharibacillus deserti,1634444.3,aerobe
,,,,,2910436485,
,,,,,2910450206,
,,,,,GCA_013185225,
,,,,,GCA_013618475,
11668,HR1,"DSM 22868, CGMCC 1.6964, JCM 14865, KCTC 13182",1,Saccharibacillus kuerlensis,1123226.3,aerobe
,,,,,2518645608,
,,,,,459527.3,
,,,,,GCA_000378145,
,,,,,GCA_014645255,
133208,H6,"CCTCC AB 2016001, JCM 31172",1,Saccharibacillus qingshengii,1763540.3,aerobe
,,,,,2910445405,
,,,,,GCA_013185195,
63,S-877,"DSM 15669, AJ 13480, JCM 12116",1,Saccharibacter floricola,1123227.4,aerobe
,,,,,2518645607,
,,,,,GCA_000378165,
23219,DS3030,"DSM 45685, KCTC 29069, NRRL B-24885",1,Saccharomonospora amisosensis,1128677.3,aerobe
,,,,,2821258180,
,,,,,GCA_011761185,
13433,NA-128,"DSM 44631, ATCC 43670, IFO 14651, JCM 7551, KCTC 9475, KCTC 9693, MTCC 1552, NBRC 14651, NCIMB 12630, SIIA 86128, BCRC 16220, CGMCC 4.1328, IMSNU 20117, IFO (now NBRC) 14651",1,Saccharomonospora azurea,2508501044,aerobe
,,,,,882081.3,
,,,,,GCA_000231055,
13430,"NA-134, IFO(now NBRC) 14841","DSM 44106, ATCC 43724, IFO 14841, JCM 7552, KCTC 9478, KCTC 9659, NBRC 14841, SIIA 88134, CGMCC 4.1327, IMSNU 20119, MTCC 1550, SIIA 86134",1,Saccharomonospora cyanea,2508501013,aerobe
,,,,,882082.3,
,,,,,GCA_000244975,
13436,15,"DSM 45390, CCTCC AA 209048, KCTC 19701, XMU 15",1,Saccharomonospora marina,2508501012,aerobe
158719,06168H-1,"BCRC 16893, KCTC 19743",1,Saccharomonospora piscinae,2894090410,aerobe
,,,,,GCA_005862235,
13435,,"DSM 45087, CCTCC AB 207003, KCTC 19234, YIM 90502, JCM 15627",1,Saccharomonospora saliphila,2517093016,aerobe
,,,,,882085.3,
,,,,,GCA_000383795,
470,Feb-40,"DSM 17024, ATCC 43961, CCUG 66513",1,Saccharophagus degradans,203122.15,aerobe
,,,,,637000249,
,,,,,GCA_000013665,
13467,"05-74, I05-00074","DSM 45119, CCM 7463, KCTC 19303, JCM 16610, CPCC 201024",1,Saccharopolyspora antimicrobica,2627854288,aerobe
,,,,,455193.5,
,,,,,GCA_003635025,
24454,,"DSM 46699, KCTC 19889, NBRC 108675, KLBMP 1305",1,Saccharopolyspora dendranthemae,1181886.3,aerobe
,,,,,2818991479,
,,,,,GCA_007829955,
13458,07,"DSM 44771, AS 4.1520, IFO 16345, JCM 10665, KCTC 19905, NBRC 16345, CGMCC 4.1520",1,Saccharopolyspora flava,2599185150,aerobe
,,,,,95161.3,
,,,,,GCA_900116135,
13473,,"DSM 45582, CCTCC AA 207006, KCTC 19243, YIM 60513, JCM 30582, BCRC 16909",1,Saccharopolyspora gloriosae,2863061853,aerobe
,,,,,455344.3,
,,,,,GCA_014203325,
132165,VRC122,"DSM 102215, ATCC BAA-2551, KCTC 29208, MCC 2206, MTCC 11564",1,Saccharopolyspora indica,GCA_027853965,aerobe
13470,W12,"DSM 45556, CGMCC 4.3529, JCM 14613",0,Saccharopolyspora kobensis,2667527438,aerobe
,,,,,418522.7,
,,,,,GCA_900112555,
24452,,"DSM 45975, CCTCC AA 2010012, KCTC 19987, TRM 40133",1,Halosaccharopolyspora lacisalsi,1000566.3,aerobe
,,,,,2820988766,
,,,,,GCA_014137975,
13474,SR8.15,"DSM 45584, BCC 35844, NRRL B-24798, TISTR 1921, JCM 16708, NBRC 106097",1,Saccharopolyspora phatthalungensis,2863067949,aerobe
,,,,,664693.1,
,,,,,GCA_000715915,
,,,,,GCA_014203395,
166478,H219,"TBRC 8564, NBRC 113388",1,Saccharopolyspora rhizosphaerae,2866552031,aerobe
,,,,,GCA_003931915,
13469,strain 88,"DSM 45244, CGMCC 4.3530, JCM 14614",1,Saccharopolyspora shandongensis,2671180068,aerobe
,,,,,418495.4,
,,,,,GCA_900106995,
13464,,"DSM 45425, CCTCC AA 208003, KCTC 19397, YIM 61095",0,Saccharopolyspora endophytica,543886.5,aerobe
,,,,,GCA_018070075,
132513,T3,"DSM 46801, CGMCC 4.7206, JCM 33044",1,Saccharopolyspora subtropica,1530170.3,aerobe
,,,,,GCA_014646075,
159727,HK-33,"KCTC 62178, MCCC 1K03440",1,Saccharospirillum mangrovi,2832912233,aerobe
,,,,,GCA_003054775,
,,,,,GCA_003367315,
24542,YIM-Y25,"DSM 19800, KCTC 22169, CCTCC AA 207033, UCCCB26",1,Saccharospirillum salsuginis,418750.3,aerobe
,,,,,GCA_014651855,
13485,SA 233,"DSM 44581, NRRL B-24137, JCM 13242, NBRC 101915",1,Saccharothrix algeriensis,173560.4,aerobe
,,,,,173560.5,
,,,,,2893654320,
,,,,,GCA_016907655,
13488,HM 537,"DSM 45486, CCUG 63021, UTMC 537, UTMC 00537",1,Saccharothrix ecbatanensis,1105145.3,aerobe
,,,,,2870721527,
,,,,,GCA_014205015,
24455,Sa152,"DSM 45456, CCUG 60213",1,Saccharothrix saharensis,2818991416,aerobe
,,,,,571190.4,
,,,,,GCA_006716745,
13491,D409-5,"DSM 43911, ATCC 31203, IFO 14104, JCM 3273, KCC A-0273, NBRC 14104, NRRL B-16296, BCRC 12047",1,Saccharothrix variisporea,2778260942,aerobe
,,,,,543527.3,
,,,,,GCA_003634995,
13490,YU 692-1,"DSM 45084, KCTC 19326, NBRC 102064, JCM 16955",1,Saccharothrix violaceirubra,2863357390,aerobe
,,,,,413306.3,
,,,,,GCA_014203755,
131262,F028-2,"DSM 102235, JCM 17627, KCTC 23543",1,Sagittula marina,2829988960,aerobe
,,,,,943940.3,
,,,,,GCA_014196795,
160625,RR3-28,"DSM 107947, KCTC 52649",1,Salaquimonas pukyongi,GCA_001953055,aerobe
5643,,"DSM 23515, KCTC 12560, KMM 7019, LMG 23205",1,Salegentibacter agarivorans,2622736526,aerobe
,,,,,345907.6,
,,,,,GCA_900113135,
5640,Fg 69,"DSM 17794, CIP 107843, KMM 6000",1,Salegentibacter flavus,2599185209,aerobe
,,,,,287099.4,
,,,,,GCA_900115145,
5641,,"DSM 23405, KMM 3524, LMG 21968, NBRC 100249, CIP 108846",1,Salegentibacter holothuriorum,241145.3,aerobe
,,,,,2595698246,
,,,,,GCA_900168045,
5644,ISL-6,"DSM 23401, CCUG 54355, KCTC 12974",1,Salegentibacter salarius,2595698207,aerobe
,,,,,435906.4,
,,,,,435906.5,
,,,,,435906.6,
,,,,,GCA_001752425,
,,,,,GCA_002833385,
,,,,,GCA_900168265,
5645,ISL-4,"DSM 23400, CCUG 54354, KCTC 12975",1,Salegentibacter salinarum,2595698206,aerobe
,,,,,447422.4,
,,,,,447422.5,
,,,,,GCA_002833365,
,,,,,GCA_900168115,
159784,K5023,"KCTC 52477, MCCC 1H00173",1,Salegentibacter sediminis,2839535834,aerobe
,,,,,GCA_002078605,
1284,17-5,"DSM 18341, CGMCC 1.3227",1,Salibacterium aidingense,1121085.3,aerobe
,,,,,2522572065,
,,,,,GCA_000429685,
1276,CM1,"DSM 21621, CGMCC 1.6134, JCM 14087, CIP 109642",1,Salibacterium qingdaonense,2617270910,aerobe
,,,,,266892.4,
,,,,,GCA_900114715,
1246,BH 169,"DSM 16461, CIP 109218, KCTC 3912, DSM 28800",1,Salibacterium salarium,2926589328,aerobe
1551,ISL-25,"DSM 23127, CCUG 56755, KCTC 13260, ISL -25",1,Salimicrobium flavidum,2681813511,aerobe
,,,,,570947.3,
,,,,,GCA_900156645,
7489,0543,"DSM 22272, CGMCC 1.5381, JCM 13926",1,Salinibacterium xinjiangense,386302.6,aerobe
,,,,,GCA_014645015,
,,,,,GCA_900230175,
168453,WDS2A16A,"KCTC 52225, MCCC 1H00139",1,Salinibius halmophilus,GCA_003577475,aerobe
,,,,,QPEP00000000,
14437,YIM-Y21,"DSM 19776, CCTCC AA 207024, KCTC 13192",1,Salinicoccus albus,1123230.3,aerobe
,,,,,2519899640,
,,,,,GCA_000385175,
14438,Crm,"DSM 23852, JCM 15796, KCTC 13301",1,Salinicoccus carnicancri,1235755.3,aerobe
,,,,,2521172676,
,,,,,GCA_000330705,
14426,J-82,"DSM 5352, ATCC 49259, CCM 4148, CCUG 43288, JCM 14631, CIP 104760, NCIMB 12836",1,Salinicoccus hispanicus,157225.3,aerobe
,,,,,GCA_009831115,
14433,,"DSM 17847, CGMCC 1.6302, YIM Y15",1,Salinicoccus kunmingensis,2574179723,aerobe
14431,,"DSM 17002, CGMCC 1.6511, JCM 19028, KCTC 3941, YIM 70202, CIP 109745",1,Salinicoccus luteus,1123233.3,aerobe
,,,,,2565956509,
,,,,,GCA_000712035,
23290,ZXM223,"DSM 27102, CGMCC 1.8895, LMG 24855",1,Salinicoccus qingdaonensis,2667527445,aerobe
,,,,,576118.3,
,,,,,GCA_900101075,
14427,9,"CCUG 43291, DSM 5351, ATCC 49258, CCM 3516, JCM 14630, CIP 104761, NCIMB 12835",1,Salinicoccus roseus,2786546135,aerobe
,,,,,45670.1,
,,,,,45670.8,
,,,,,GCA_003814515,
,,,,,GCA_014634945,
132891,CG4.1,"DSM 14325, CECT 5903, LMG 23626, UCCCB105, CG 4.1, CIP 109715",1,Salinicola halophilus,184065.3,aerobe
,,,,,2894362263,
,,,,,GCA_003206155,
140936,MSSRFH1,"KCTC 32998, NBRC 110222",1,Salinicola rhizosphaerae,1443141.3,aerobe
,,,,,GCA_014652715,
6080,M27,"DSM 18044, CIP 109895, KCTC 12664, UCCCB106",1,Salinicola salarius,2900689798,aerobe
,,,,,430457.5,
,,,,,GCA_002179555,
,,,,,GCA_003206135,
140612,F01,"KCTC 42855, CCTCC AB 2015304",1,Salinicola tamaricis,2788500331,aerobe
,,,,,GCA_003006155,
24516,ISL-46,"DSM 27842, CCUG 56758, KCTC 22485, ISL -46",1,Salinihabitans flavidus,2634166353,aerobe
,,,,,569882.3,
,,,,,GCA_900110425,
5733,HY1,"DSM 23553, CGMCC 1.6101, JCM 14015, CIP 109554",1,Salinimicrobium catena,2617270763,aerobe
,,,,,2622736500,
,,,,,390640.6,
,,,,,390640.7,
,,,,,GCA_900102915,
,,,,,GCA_900107495,
133600,,"KCTC 12719, LMG 25395, KMM 6270, KCTC 23286",1,Salinimicrobium marinum,680283.3,aerobe
,,,,,GCA_014651535,
5735,YIM-C338,"DSM 17865, CGMCC 1.6308",1,Salinimicrobium terrae,1123234.4,aerobe
,,,,,2522125157,
,,,,,GCA_000424665,
5734,BH206,"DSM 19287, KCTC 12883",1,Salinimicrobium xinjiangense,1123235.4,aerobe
,,,,,2524023136,
,,,,,GCA_000423585,
471,"BH030046, 25.101","DSM 16280, KCTC 12239",1,Alteromonas chungwhensis,1123236.3,aerobe
,,,,,2518645602,
,,,,,GCA_000378185,
159822,N102,"MCCC 1K03497, KCTC 62440., KCTC 62440",1,Alteromonas alterisediminis,2303538.3,aerobe
17789,,"DSM 24264, CCTCC AB 2011132, JCM 17431, YIM 95161",1,Salinisphaera halophila,1051139.6,aerobe
,,,,,GCA_003732545,
133949,YTM-1,"JCM 18087, CECT 8012",1,Salinisphaera japonica,1209778.3,aerobe
,,,,,GCA_003788585,
133667,MK-B5,"KCTC 23198, JCM 17073",1,Salinisphaera orenii,856730.3,aerobe
,,,,,GCA_003788635,
8027,,"DSM 44819, ATCC BAA-917, CIP 108942, JCM 13856, CNH 643, BCRC 16821, NBRC 105043",1,Salinispora arenicola,168697.12,aerobe
,,,,,168697.8,
,,,,,2814122978,
,,,,,GCA_000259615,
,,,,,GCA_006716065,
,,,,,GCA_018332675,
8026,,"DSM 44818, ATCC BAA-916, CIP 108943, JCM 13857, CNB 440, BCRC 16822, NBRC 105044",1,Salinispora tropica,GCA_000016425,aerobe
17241,,"DSM 11403, ATCC 33508, NCIMB 701, CCUG 20305, JCM 15095, BCRC 12910, CAIM 910, CCM 3575, CECT 4059, CGMCC 1.2322, CIP 103310, LMG 11651, LMG 6460, NCCB 77008",1,Vibrio costicola,1269942.3,aerobe
,,,,,1269942.6,
,,,,,2551306522,
,,,,,2579778798,
,,,,,GCA_000390145,
,,,,,GCA_000565345,
140829,S9,"KCTC 33633, LMG 28644",1,Salipaludibacillus aurantiacus,GCA_900111295,aerobe
1293,,"DSM 19794, CCTCC AB 207161, KCTC 13187, JSM 071004",1,Salipaludibacillus neizhouensis,2831550946,aerobe
,,,,,2890125685,
,,,,,885475.3,
,,,,,885475.4,
,,,,,GCA_002886185,
,,,,,GCA_003615245,
141051,,"KCTC 4228T, CGMCC 1.15824, DSM 101065, KCTC 4228, YIM 93745, JCM 17436",1,Saliphagus infecundisoli,GCA_020177375,aerobe
13790,A3,"DSM 16094, CECT 5855, LMG 22090, CIP 108570",1,Salipiger mucosus,1123237.3,aerobe
,,,,,2523231081,
,,,,,GCA_000442255,
13659,,"DSM 10146, CHLG 1, UNIQEM 228",1,Salipiger thiooxidans,2615840719,aerobe
,,,,,282683.6,
,,,,,GCA_900102075,
1546,CVS-14,"DSM 19612, CIP 108577, LMG 22839",1,Salirhabdus euzebyi,2861401915,aerobe
,,,,,394506.4,
,,,,,GCA_014207435,
17797,S4-4,"DSM 21114, CECT 7354",1,Salisaeta longa,1089550.3,aerobe
,,,,,2517093009,
,,,,,GCA_000419585,
23765,X4B,"DSM 27696, IBRC-M 10629, KCTC 13827",1,Saliterribacillus persicus,2770939512,aerobe
,,,,,930114.3,
,,,,,GCA_003337485,
153993,,"CCUG 51871, NCTC 13347",0,Salmonella enterica,90371.3029,aerobe
,,,,,GCA_900456925,
5117,LT2,"DSM 17058, ATCC 43971, CIP 60.62, NCIMB 11450, NCTC 12416, CCUG 42060, JCM 32817, NBRC 13245",1,Salmonella enterica subsp. enterica,28901.13769,aerobe
,,,,,59201.937,
,,,,,99287.12,
,,,,,GCA_000006945,
,,,,,GCA_001558355,
,,,,,GCA_002289225,
,,,,,GCA_010191885,
,,,,,GCA_010649825,
,,,,,GCA_014334155,
,,,,,GCA_900456445,
5126,FRCl,"CCUG 55500, DSM 16208, ATCC BAA-836, CIP 109002, FRC 1",1,Salmonella subterranea,2574180435,aerobe
1548,CH9d,"DSM 18087, CCM 7365, CECT 7154, CGMCC 1.6287",1,Salsuginibacillus kocurii,1123239.3,aerobe
,,,,,2517572235,
,,,,,GCA_000377705,
166298,FSY-15,"BCRC 81011, LMG 29732, KCTC 52445",1,Sandaracinomonas limnophila,2829520394,aerobe
,,,,,GCA_004005965,
17885,NOSO-4,"DSM 53668, NCCB 100362",1,Sandaracinus amylolyticus,2811994803,aerobe
,,,,,927083.3,
,,,,,GCA_000737325,
14167,so42,"DSM 17366, CECT 7086, CIP 109260",1,Sandarakinorhabdus limnophila,1123240.13,aerobe
,,,,,1123240.14,
,,,,,1123240.15,
,,,,,1123240.16,
,,,,,1123240.17,
,,,,,1123240.18,
,,,,,1123240.19,
,,,,,1123240.4,
,,,,,2523231034,
,,,,,GCA_000420765,
14042,,"DSM 18966, JCM 14623, KCTC 13143, Kopri 21702",1,Sanguibacter antarcticus,2627853609,aerobe
,,,,,372484.4,
,,,,,GCA_002564005,
14038,ST-74,"DSM 10542, ATCC 51767, CECT 4540, NCFB 3025, CCUG 36690, JCM 11429, CGMCC 1.3608, CIP 106323, IFO 16158, NBRC 16158, NCIMB 703025",1,Sanguibacter keddieii,446469.6,aerobe
,,,,,646564565,
,,,,,GCA_000024925,
14039,ST-26,"DSM 10543, NCFB 3023, CCUG 36691, JCM 11430, ATCC 51766, CECT 4539, CGMCC 1.3609, CIP 106322, IFO 16159, NBRC 16159, NCIMB 703023",1,Sanguibacter suarezii,1223525.3,aerobe
,,,,,2731957599,
,,,,,GCA_001552735,
140375,,"DSM 29762, CIP 110873, MOLA 117",1,Saonia flava,2830092112,aerobe
,,,,,523696.3,
,,,,,GCA_011927795,
599,"1, BAI","CCUG 28517, NRRL B-14310, DSM 1046, ATCC 29788, CCM 2849, CIP R925, JCM 12210, BCRC 15923, BCRC 16018, CIP 77.28, HAMBI 1884, IFO 15712, KCTC 3447, LMG 9581, NBRC 15712, NCCB 93150, NCIMB 11859, NRRL B-14522",1,Schinkia azotoformans,1131731.3,aerobe
,,,,,2524023181,
,,,,,GCA_000307855,
23375,K481-B101,"DSM 7029, ATCC 53080, NBRC 100090",1,Caldimonas brevitalea,2648501326,aerobe
,,,,,413882.8,
,,,,,GCA_001017435,
2995,"R-16654, K14","DSM 15344, LMG 21644, CCUG 50333",1,Caldimonas thermodepolymerans,215580.3,aerobe
,,,,,215580.4,
,,,,,215580.7,
,,,,,2770939503,
,,,,,2832556195,
,,,,,GCA_002933415,
,,,,,GCA_003349825,
,,,,,GCA_015476235,
13510,,"DSM 45152, CCTCC AA 208009, KCTC 19433, SCSIO 00231, JCM 16222, NBRC 106527",1,Sciscionella marina,1123244.5,aerobe
,,,,,2515154143,
,,,,,GCA_000379465,
17894,AK4OH1,"DSM 17993, ATCC BAA-1233",1,Sedimenticola selenatireducens,1111735.3,aerobe
,,,,,2513237155,
,,,,,GCA_000428045,
13671,NH52F,"DSM 24252, CCTCC AB 208316, LMG 24841, MCCC 1A04178",1,Sedimentitalea nanhaiensis,2521172577,aerobe
,,,,,571166.3,
,,,,,GCA_000473225,
1556,"NHBX-5, NHBX5","DSM 19340, CGMCC 1.6502, CIP 110033",1,Sediminibacillus albus,2675902963,aerobe
,,,,,407036.4,
,,,,,GCA_900101125,
24737,,"DSM 22335, JCM 15794, KCTC 12833, DCY 13, KACC 15019",1,Sediminibacterium ginsengisoli,2634166300,aerobe
,,,,,413434.4,
,,,,,GCA_900167075,
24742,MU-2,"DSM 22423, KCTC 42570, NRRL B-59231, KCTC 22720",1,Sediminibacterium magnilacihabitans,2728369469,aerobe
,,,,,669455.3,
,,,,,GCA_002973575,
158552,SYL130,"KCTC 52860, CCTCC AB 2017082",1,Sediminibacterium roseum,2890365098,aerobe
,,,,,GCA_009939005,
24736,NJ-44,"DSM 27476, CGMCC 1.6845, NBRC 103935",1,Sediminibacterium salmoneum,1400522.3,aerobe
,,,,,2585428137,
,,,,,GCA_000511175,
13849,,"DSM 21189, CCTCC AA 208033, KCTC 22349, YIM B024",1,Sediminimonas qiaohouensis,1123247.3,aerobe
,,,,,2523533612,
,,,,,GCA_000423645,
131161,"Mok-1-85, MOK1-85","DSM 28229, CIP 109411, KCTC 12970, NBRC 101625",1,Sediminitomix flava,2695420929,aerobe
,,,,,379075.3,
,,,,,GCA_003149185,
140907,F23,"JCM 19771, CGMCC 1.12785, MCCC 1A09945",1,Sediminivirga luteola,1774748.3,aerobe
,,,,,GCA_014639315,
,,,,,GCA_021729215,
133588,6424S-61,"KACC 14119, NBRC 106135",1,Segetibacter aerophilus,670293.3,aerobe
,,,,,GCA_007991655,
17760,GS664,"DSM 18137, KCTC 12655, Gsoil 664, CIP 109820",1,Segetibacter koreensis,1123248.3,aerobe
,,,,,2516143113,
,,,,,GCA_000374045,
140337,YJ01,"DSM 25312, KACC 19547, NBRC 113173",1,Segeticoccus rhizosphaerae,1104777.4,aerobe
,,,,,GCA_009192725,
14050,,"DSM 44985, ATCC BAA-972, CDC 1076, CIP 108378, JCM 13578, CCUG 50837",1,Segniliparus rotundus,640132.3,aerobe
,,,,,646564566,
,,,,,GCA_000092825,
14052,,"DSM 45345, ATCC BAA-974, CCUG 50838, CDC 945, CIP 108380, JCM 13579",1,Segniliparus rugosus,679197.3,aerobe
,,,,,GCA_000185725,
164210,Sp-1,"JCM 32162, KCTC 62036",1,Segnochrobactrum spirostomi,GCA_009600605,aerobe
,,,,,VWNA00000000,
16754,T-2,"DSM 44666, ATCC 27302, JCM 10113, KCTC 9740",1,Seinonella peptonophila,112248.3,aerobe
,,,,,2695420940,
,,,,,GCA_900129355,
168195,GH4-78,"DSM 106349, KCTC 62383",1,Seongchinamella unica,GCA_004354085,aerobe
,,,,,SMSE00000000,
24111,,"DSM 27602, CAU 9536, CCUG 59777, KCTC 19774, JCM 19123, NBRC 110804",1,Serinicoccus chungangensis,767452.1,aerobe
,,,,,CP040887,
,,,,,GCA_006337125,
6283,JC1078,"DSM 15273, IMSNU 14026, KCTC 9980, CCUG 51944, JCM 13024, CIP 108477",1,Serinicoccus marinus,1123251.1,aerobe
,,,,,1123251.3,
,,,,,2524614805,
,,,,,GCA_000421245,
,,,,,GCA_008386315,
6284,0714S6-1,"DSM 21363, CGMCC 4.5582, NBRC 110789, MCCC 1A05965, JCM 17740",1,Serinicoccus profundi,1078471.4,aerobe
,,,,,2884004160,
,,,,,GCA_000224715,
,,,,,GCA_008001015,
164370,GP-T3-3,"JCM 32825, KACC 19850, KCCM 43309, KCTC 49173",1,Serinicoccus sediminis,2866608699,aerobe
,,,,,GCA_004153545,
5164,A1,"CCUG 55496, LMG 8456, KCTC 2934, NCIMB 12800, BCRC 15867, DSM 12358, ATCC 43705, CIP 102919",1,Serratia entomophila,GCA_021462285,aerobe
5161,"866, 1284-57","DSM 4487, ATCC 27592, CDC 57, CCUG 9285, ATCC 12926, LMG 7884, CIP 103238, JCM 1245, NCIMB 12815",1,Serratia liquefaciens,1346614.25,aerobe
,,,,,1346614.3,
,,,,,2563366574,
,,,,,GCA_000422085,
5165,"BS 303, 504","DSM 30121, ATCC 13880, CCM 303, DSM 47, NCDC 813-60, NCIB 9155, NCTC 10211, CCUG 1647, JCM 1239, BCRC 10948, CDC 813-60, CECT 846, CGMCC 1.2818, CIP 103235, HAMBI 1286, IAM 12142, KCTC 12457, LMG 2792, NBRC 102204, NCIMB 9155, NRRL B-2544, VKM B-1248, VTT E-97865",1,Serratia marcescens,2588253790,aerobe
,,,,,2617271293,
,,,,,615.1,
,,,,,615.738,
,,,,,911022.27,
,,,,,911022.31,
,,,,,911022.32,
,,,,,911022.4,
,,,,,911022.41,
,,,,,911022.42,
5167,KRED,"DSM 17174, CIP 107489, JCM 11315, CCUG 53879, CCM 7122",1,Serratia marcescens,211760.18,aerobe
,,,,,GCA_004684145,
5168,DZ0503SBS1,"DSM 21420, CGMCC 1.6853, DSM 22964, KCTC 22130, JCM 14855, LMG 26067, CCM 7985, CIP 111051",1,Serratia nematodiphila,2596583578,aerobe
,,,,,458197.16,
,,,,,458197.4,
,,,,,GCA_000738675,
,,,,,GCA_002082525,
,,,,,GCA_900101535,
140703,J11-6,"ACCC 19934, KCTC 52529",1,Serratia oryzae,2791355148,aerobe
,,,,,GCA_001976145,
156380,,"CCUG 61398, UCCCB111, SLU AS13, AS 13",0,Serratia plymuthica,GCA_000214805,aerobe
5157,3630,"DSM 4543, ATCC 19323, NCPPB 245, NCTC 394, CCUG 14510, CIP 103236, ICPB XP176",1,Serratia proteamaculans subsp. proteamaculans,28151.36,aerobe
,,,,,GCA_008830365,
5166,,"DSM 16952, CCUG 50595, LMG 22860, NIVA NiVa51, JCM 13046, BCRC 17594, CCM 7336, CIP 108937, JCM 16474, NiVa 51",1,Serratia ureilytica,300181.29,aerobe
,,,,,GCA_013375155,
132976,ST-6,"DSM 23803, JCM 31091, KCTC 23253",1,Shewanella algicola,640633.4,aerobe
,,,,,GCA_014648035,
,,,,,GCA_023283725,
134224,S13,"LMG 23746, NBRC 102032",1,Shewanella algidipiscicola,2834769631,aerobe
,,,,,614070.1,
,,,,,614070.4,
,,,,,GCA_003605125,
,,,,,GCA_019655175,
14081,HAW-EB5,"CIP 109519, DSM 18400, CCUG 54554, NCIMB 14239",1,Shewanella atlantica,2900429846,aerobe
,,,,,GCA_003966265,
14064,,"DSM 9439, CECT 323, IAM 1477, LMG 2250, NCTC 10735, CCUG 39356, JCM 16449, CIP 105850, AJ 2258",1,Shewanella baltica,2855995563,aerobe
,,,,,62322.8,
,,,,,GCA_900456975,
134352,J83,"KCTC 22121, JCM 14937",1,Shewanella basaltis,GCA_023283885,aerobe
14080,HAW-EB2,"DSM 18399, CCUG 54553, NCIMB 14238, CIP 109520",1,Shewanella canadensis,2902540964,aerobe
,,,,,GCA_003966225,
133524,JC5,"CCUG 57101, NBRC 105217, KCC 22540, KCTC 22540",1,Shewanella chilikensis,2740891837,aerobe
,,,,,2859028064,
,,,,,558541.9,
,,,,,GCA_002836945,
,,,,,GCA_003217175,
,,,,,GCA_014651975,
,,,,,GCA_023283475,
23252,UDC329,"DSM 23626, KCTC 22898, CCUG 58667",0,Shewanella dokdonensis,712036.3,aerobe
,,,,,GCA_018394335,
,,,,,GCA_023283565,
133575,JC15,"CCUG 57102, NBRC 105216, KCTC 22506, JCM 32076",1,Shewanella fodinae,552357.4,aerobe
,,,,,GCA_014651955,
,,,,,GCA_023349145,
134225,T147,"LMG 23744, NBRC 102030, CIP 109509",1,Shewanella glacialipiscicola,GCA_019655235,aerobe
,,,,,GCA_023283485,
14078,"A22-B3, HAW-EB4","DSM 17350, CIP 109778, NCIMB 14093",1,Shewanella halifaxensis,458817.8,aerobe
,,,,,641522648,
,,,,,GCA_000019185,
134289,DW01,"KCTC 12896, JCM 14758, BCRC 80906",1,Shewanella algae,1236541.3,aerobe
,,,,,2565956593,
,,,,,GCA_000614935,
140484,XMDDZSB0408,"KCTC 52125, MCCC 1A01895",1,Shewanella intestini,2664453.3,aerobe
133273,KX27,"KCTC 42807, CGMCC 1.15339",1,Shewanella inventionis,1738770.3,aerobe
,,,,,GCA_014641855,
,,,,,GCA_023283595,
159740,MMS16-UL482,"KCTC 62129, JCM 32306",1,Shewanella litoralis,2282700.5,aerobe
,,,,,2282700.8,
,,,,,2900453558,
,,,,,GCA_009828585,
,,,,,GCA_014648335,
156520,,"CCUG 62411, KCTC 23961",1,Shewanella litorisediminis,GCA_023349165,aerobe
133464,C4,"KCTC 22185, JCM 15074, CIP 110022",1,Shewanella marina,1236542.4,aerobe
,,,,,2585427913,
,,,,,GCA_000614975,
14054,95,"DSM 6067, ATCC 8071, ICPB 352, NCIB 10471, CCUG 13452 D, JCM 20190, CCUG 13452, CECT 331, CIP 80.40, IAM 12079, IAM 1509, IFO 3908, JCM 9294, LMG 2268, NBRC 3908, NCIMB 10471, NCTC 12960",1,Shewanella putrefaciens,1236543.3,aerobe
,,,,,1236543.4,
,,,,,24.42,
,,,,,24.44,
,,,,,2585427914,
,,,,,2731957646,
,,,,,GCA_000615005,
,,,,,GCA_001591325,
,,,,,GCA_014647555,
,,,,,GCA_016406325,
170937,SHSM-M6,"KACC 19901, NBRC 113646",1,Shewanella salipaludis,GCA_012911865,aerobe
,,,,,JAAXYH000000000,
159741,MMS16-UL250,"KCTC 62131, JCM 32304",1,Shewanella saliphila,2282698.3,aerobe
,,,,,GCA_014648295,
,,,,,GCA_023283695,
156261,,"CCUG 60900, KCTC 23556T",1,Shewanella seohaensis,GCA_023283775,aerobe
14077,c959,"DSM 17177, JCM 11835, CIP 109341, CIP 109387, KCTC 22442",1,Shewanella surugensis,GCA_023284005,aerobe
159742,MMS16-UL253,"KCTC 62130, JCM 32305",1,Shewanella ulleungensis,2282699.3,aerobe
,,,,,GCA_014648315,
,,,,,GCA_023283965,
155616,,"CCUG 58400, KCTC 22806, JCM 32077",1,Shewanella algae,GCA_002836995,aerobe
5174,P288,"DSM 7532, ATCC 8700, CCUG 49022, CIP 82.50, NCTC 12985",1,Shigella boydii,2850761752,aerobe
,,,,,621.213,
,,,,,621.253,
,,,,,621.296,
,,,,,621.337,
,,,,,GCA_002946735,
,,,,,GCA_003572535,
,,,,,GCA_900457095,
135166,"2045-54, 425","CIP 58.22, NCTC 9362, CCUG 67177, CNCTC 6349",0,Shigella boydii,208962.89,aerobe
,,,,,GCA_003864095,
5171,24570,"DSM 4782, ATCC 29903, KCTC 22192, WDCM 00125, CCUG 56439, CIP 82.48, BCRC 13984, KCTC 22529, CECT 8175, NCTC 13631",1,Shigella flexneri,2859793810,aerobe
,,,,,42897.55,
,,,,,GCA_002950215,
5172,I virulent,"CCUG 68726, NCTC 12984, CECT 4887, DSM 5570, ATCC 29930, WDCM 00127, CIP 82.49",1,Shigella sonnei,2872158770,aerobe
,,,,,624.1345,
,,,,,624.1595,
,,,,,GCA_002950395,
,,,,,GCA_900457155,
164598,KC615,"JCM 33532, CGMCC 4.7616",1,Shimazuella alba,GCA_009831235,aerobe
13803,JC2049,"DSM 15283, KCTC 12049, JCM 14332, IMSNU 14011",1,Shimia aestuarii,254406.1,aerobe
,,,,,2616644822,
,,,,,GCA_900114635,
134055,CC-AMW-C,"JCM 18818, BCRC 80548",1,Shimia biformata,1294299.3,aerobe
,,,,,GCA_016888515,
24508,WM35,"DSM 28453, JCM 18870, KACC 17212",1,Shimia haliotis,1280847.3,aerobe
,,,,,2619619046,
,,,,,GCA_900114415,
13830,SW6,"DSM 26433, BCRC 80085, LMG 25377",1,Shimia isoporae,2728369275,aerobe
,,,,,647720.4,
,,,,,GCA_004346865,
13847,CL-ES2,"DSM 18290, KCCM 42274",1,Shimia litoralis,2574179735,aerobe
,,,,,2890059200,
,,,,,GCA_005518135,
23232,CL-TA03,"DSM 26895, JCM 13038, KCCM 42117, BCRC 80068, CIP 109331, NCIMB 14294",1,Shimia marina,2619618961,aerobe
,,,,,321267.13,
,,,,,GCA_900112745,
166260,R47,"CECT 7735, LMG 29909",1,Shimia thalassica,1715693.3,aerobe
,,,,,2690315772,
,,,,,GCA_001458215,
5247,"007, 521","DSM 3038, LMG 24835, NCIMB 14534",1,Shimwellia pseudoproteus,570012.3,aerobe
,,,,,GCA_016415625,
13902,"Ch06, 55.101","CCUG 56487, DSM 18401, JCM 13254, KCTC 12237",1,Shinella granuli,2802428853,aerobe
,,,,,323621.6,
,,,,,GCA_004341885,
13904,,"DSM 19334, CCBAU 25048, JCM 14778, LMG 24136, CCUG 56777",1,Shinella kummerowiae,417745.4,aerobe
,,,,,GCA_009827055,
159722,AH-1,"KCTC 52677, CCTCC AB 2017242",1,Shinella pollutisoli,GCA_024609765,aerobe
13905,MS-4,"DSM 18801, NBRC 102122",1,Shinella yambaruensis,GCA_022899355,aerobe
,,,,,GCA_025656855,
13901,1-16M,"DSM 287, ATCC 19623, CCM 2456, NCIB 10340, NCTC 10482, CCUG 35204, NCIMB 10340, LMG 4433, IAM 12669, JCM 20728, NBRC 102405",1,Shinella zoogloeoides,352475.11,aerobe
,,,,,352475.12,
,,,,,352475.7,
,,,,,GCA_009826855,
,,,,,GCA_020883495,
1127,"PN 23, C 360","DSM 8716, ATCC 700160, CIP 104718, NCIB 10309, CCUG 47262, NCIMB 10309, LMG 17945",1,Shouchella clausii,2811995369,aerobe
,,,,,79880.14,
,,,,,GCA_002250115,
1305,,"DSM 23008, KCTC 13711, JSM 081003",1,Shouchella hunanensis,GCA_028735875,aerobe
1259,K11,"DSM 18940, CIP 108751, JCM 12663, NCIMB 14023",1,Shouchella oshimensis,290588.4,aerobe
,,,,,GCA_002019765,
1273,,"DSM 19099, JCM 13820, MLB 2, MTCC 7633, CIP 109550, LMG 24751",1,Shouchella oshimensis,300825.3,aerobe
,,,,,GCA_004375095,
23666,HNA-14,"DSM 26902, CICC 10559, KCTC 33145, SCULCB HNA-14",1,Shouchella shacheensis,GCA_001484965,aerobe
4378,508/05,"DSM 18397, CCUG 54945, CIP 109627, LMG 23730, JCM 16472",1,Siccibacter turicensis,1388748.3,aerobe
,,,,,1390075.3,
,,,,,2617271157,
,,,,,GCA_000463155,
158554,,"CGMCC 1.15936, KCTC 62088, SYSU D8009",1,Siccirubricoccus deserti,2013562.4,aerobe
,,,,,GCA_014644195,
164126,SA-279,"JCM 31761, DSM 29840",1,Siculibacillus lacustris,2528834.3,aerobe
,,,,,2881072881,
,,,,,GCA_004328075,
133213,KC90B,"DSM 103371, RCC 4681",1,Silicimonas algicola,1826607.3,aerobe
,,,,,1826607.5,
,,,,,2756170270,
,,,,,GCA_003148765,
140357,MWH-Nonnen-W8red,"DSM 23856, CCUG 58639",1,Silvanigrella aquatica,2767802763,aerobe
,,,,,GCA_001907975,
132354,DHOF10,"DSM 103429, CGMCC 1.13007, KCTC 42631",1,Silvibacterium dinghuense,1560006.5,aerobe
,,,,,2882000052,
,,,,,GCA_004123295,
,,,,,GCA_014640355,
10501,KM-45,"DSM 18233, KCTC 12358, NBRC 100961, JCM 21671, IAM 15217",1,Silvimonas terrae,2861607078,aerobe
,,,,,300266.6,
,,,,,GCA_014202765,
158181,J-MY2,"DSM 107949, CECT 8571, KCTC 42073",1,Simiduia aestuariiviva,1510459.3,aerobe
,,,,,2824476646,
,,,,,GCA_014192475,
17906,SA1,"DSM 21679, BCRC 17597, JCM 13881",1,Simiduia agarivorans,1117647.2,aerobe
,,,,,1117647.4,
,,,,,2519103097,
,,,,,2522572190,
,,,,,GCA_000305785,
,,,,,GCA_000420285,
10504,36,"DSM 2579, ATCC 29453, CCUG 30554, CIP 103436, LMG 7828, ICPB 3636",1,Simonsiella muelleri,2562617187,aerobe
,,,,,641147.3,
,,,,,641147.8,
,,,,,72.12,
,,,,,72.13,
,,,,,72.14,
,,,,,GCA_000163775,
,,,,,GCA_002951835,
,,,,,GCA_020162275,
159874,SC1-8,"KACC 19329, NBRC 113111",1,Simplicispira suum,2109915.3,aerobe
,,,,,GCA_003008595,
11943,MOB10,"DSM 18658, ATCC BAA-1392, VKM B-2454",1,Singulisphaera acidiphila,2509601004,aerobe
,,,,,2548876970,
,,,,,886293.2,
,,,,,886293.21,
,,,,,886293.22,
,,,,,886293.24,
,,,,,886293.4,
,,,,,GCA_000242455,
,,,,,GCA_000255675,
170936,,"KCTC 72000, NBRC 113698, CAU 1509",1,Sinimarinibacterium arenosum,GCA_005047655,aerobe
,,,,,SUKF00000000,
168561,BO-81,"LMG 30808, KACC 19677",1,Rhodobacter hankyongi,GCA_003664585,aerobe
,,,,,NZ_RCHI00000000,
14409,,"DSM 17008, KCTC 3943, YIM 70212",1,Sinobaca qinghaiensis,2636416020,aerobe
,,,,,342944.3,
,,,,,GCA_003610495,
24051,,"DSM 25598, CGMCC 1.12145, KCTC 23994, SCSIO 03483",1,Sinomicrobium oceani,1150368.4,aerobe
,,,,,2596583572,
,,,,,GCA_900119185,
134301,LC13,"IAM 15386, CCTCC AB 206018, JCM 30149, DSM 107966, JCM 21830",1,Sinomonas albida,GCA_004919045,aerobe
130437,SYP-B575,"DSM 27685, KCTC 29237, JCM 31494",1,Sinomonas notoginsengisoli,GCA_021554725,aerobe
166462,sk2b1,"CFCC 14580, KCTC 52802",1,Sinirhodobacter populi,GCA_004022225,aerobe
17889,6014,"DSM 45181, BCC 55026, KCTC 19655, TBRC 2209, JCM 19962, CPCC 201354",1,Sinosporangium album,2675903142,aerobe
,,,,,504805.3,
,,,,,GCA_900100605,
13964,5416T-32,"DSM 18479, KACC 11604",1,Skermanella aerolata,1385368.4,aerobe
,,,,,2627853908,
,,,,,GCA_000936425,
133736,SB22,"CGMCC 1.10751, KCTC 23364",1,Skermanella stibiiresistens,1385369.3,aerobe
,,,,,2590828654,
,,,,,GCA_000576635,
156765,,"CCUG 64955, KCTC 32476, CECT 8513",1,Sneathiella chungangensis,1418234.3,aerobe
,,,,,1418234.4,
,,,,,2887550291,
,,,,,GCA_009882935,
,,,,,GCA_012720125,
134304,,"IAM 15419, KCTC 12842, MKT 133, JCM 23214",1,Sneathiella glossodoripedis,1236958.3,aerobe
,,,,,2585427915,
,,,,,GCA_000616095,
159715,S20-91,"DSM 104733, LMG 30010",1,Solimicrobium silvestre,2832032608,aerobe
,,,,,GCA_002976435,
18154,CW-KD 4,"DSM 18980, CCTCC AB 206145, KCTC 12881",1,Solimonas flava,1123257.3,aerobe
,,,,,2526164694,
,,,,,GCA_000426685,
18155,,"DSM 21787, KCTC 12834, LMG 24014, CCUG 60890, LMG 23841, DCY 12",1,Solimonas soli,1123261.3,aerobe
,,,,,2528768146,
,,,,,GCA_000474945,
18153,MN28,"DSM 15731, LMG 22844, CCUG 60888",1,Solimonas variicoloris,1123256.3,aerobe
,,,,,2521172650,
,,,,,GCA_000382285,
14088,,"DSM 22325, JCM 14923, KCTC 12628, LMG 23485, Gsoil 355",1,Solirubrobacter soli,1123262.3,aerobe
,,,,,2524023148,
,,,,,GCA_000423665,
14140,R2A36-4,"DSM 21342, KACC 12953",1,Solitalea koreensis,2724679707,aerobe
,,,,,543615.3,
,,,,,GCA_900182575,
159729,HR-AV,"KACC 19411, JCM 32259",1,Solitalea longa,2832312960,aerobe
,,,,,GCA_002920915,
158504,C1-50,"DSM 100066, KCTC 39557",1,Specibacter cremeus,2867446761,aerobe
,,,,,GCA_003946885,
23809,D3-40,"DSM 26341, KCTC 29141, JCM 31495",1,Spelaeicoccus albus,1280376.3,aerobe
,,,,,2833989251,
,,,,,GCA_013409065,
,,,,,GCA_021729195,
16627,,"DSM 45172, BCC 39202, CCTCC AA 208026, JCM 16907, TBRC 579, YIM 48782",1,Sphaerisporangium album,2856626968,aerobe
,,,,,509200.3,
,,,,,GCA_003323745,
16625,3D-72(35),"DSM 44936, JCM 13067, BCC 36479, CGMCC 4.5529, TBRC 573",1,Sphaerisporangium rubeum,2863055337,aerobe
,,,,,321317.3,
,,,,,GCA_014207705,
14130,,"DSM 22362, LMG 25273, WCC 4521",1,Sphingobacterium alimentarium,2791354870,aerobe
,,,,,797292.3,
,,,,,GCA_004342685,
140595,Y3L14,"CGMCC 1.15782, KCTC 52379",1,Sphingobacterium alkalisoli,1874115.4,aerobe
,,,,,2898716849,
,,,,,GCA_005049105,
,,,,,GCA_014643675,
158691,YK2,"MTCC 12631, KCTC 52685, JCM 31951",1,Sphingobacterium bovisgrunnientis,1874697.3,aerobe
,,,,,2896326849,
,,,,,GCA_009829085,
133096,R-53603,"DSM 102028, LMG 28764",1,Sphingobacterium cellulitidis,1768011.4,aerobe
,,,,,2882323096,
133248,DH-5,"ACCC 19856, KCTC 42746",1,Sphingobacterium chuzhouense,1742264.3,aerobe
,,,,,2921034263,
,,,,,GCA_014692525,
154125,T5-12,"CCUG 52467, KCTC 12578, LMG 23401",1,Sphingobacterium composti,2898745591,aerobe
,,,,,363260.3,
,,,,,GCA_009829075,
14128,4M24,"DSM 18850, KACC 11313, JCM 16391, NBRC 106383",1,Sphingobacterium allocomposti,2700988711,aerobe
,,,,,415956.3,
,,,,,GCA_008124885,
133774,6.2S,"CECT 7938, LMG 26465",1,Sphingobacterium detergens,1145106.3,aerobe
,,,,,2772190801,
,,,,,GCA_003610355,
166408,NYYP31,"CGMCC 1.16979, NBRC 114258",1,Sphingobacterium endophyticum,2898734385,aerobe
,,,,,GCA_009733535,
141086,SCU-B140,"KCTC 42158, CGMCC 1.12966",1,Sphingobacterium griseoflavum,1474952.3,aerobe
,,,,,GCA_014653155,
14131,,"DSM 22361, LMG 25272, WCC 4512",1,Sphingobacterium lactis,2675903147,aerobe
,,,,,797291.3,
,,,,,797291.6,
,,,,,GCA_011046555,
,,,,,GCA_900107985,
14120,"B5533, 30-83","DSM 11691, ATCC 33613, GIFU 2812, IFO 14947, NBRC 14947, NCTC 11343, CCUG 11736, JCM 21156, CDC B5533, CIP 100541, IAM 14316, LMG 8342, NRRL B-14861, KCTC 2289",1,Sphingobacterium multivorum,2571042348,aerobe
,,,,,28454.21,
,,,,,28454.6,
,,,,,GCA_900457465,
140613,7Y-4,"CFCC 11742, KCTC 42247",1,Sphingobacterium populi,1775560.3,aerobe
,,,,,2728369126,
,,,,,GCA_001586775,
24551,MOL-1,"DSM 22418, NRRL B-59232",1,Sphingobacterium psychroaquaticum,2595699002,aerobe
,,,,,561061.3,
,,,,,GCA_900177625,
134347,SY1,"KCTC 22131, CGMCC 1.6855, JCM 14866",1,Sphingobacterium siyangense,2596583573,aerobe
,,,,,459529.5,
,,,,,GCA_007830445,
140094,,"DSM 101679, CGMCC 1.15966, KCTC 42696, YIM X0211",1,Sphingobacterium soli,1914757.3,aerobe
,,,,,1914757.4,
,,,,,2861287033,
,,,,,GCA_014138555,
,,,,,GCA_014644335,
14118,"E7288, 29-83","DSM 11722, ATCC 33861, CDC E7288, GIFU 3101, JCM 1277, NCTC 11386, CCUG 13224, CCM 4603, CIP 100542, IAM 14210, IFO 14948, JCM 6897, LMG 8347, NBRC 14948, NRRL B-23392",1,Sphingobacterium spiritivorum,2562617179,aerobe
,,,,,258.11,
,,,,,258.5,
,,,,,2849498117,
,,,,,525373.3,
,,,,,GCA_000143765,
,,,,,GCA_900457435,
158556,h337,"KCTC 52298, CCTCC AB 2017155",1,Sphingobacterium tabacisoli,GCA_017908035,aerobe
14129,LQY-18,"DSM 22789, ACCC 05410, CCTCC AB 2010005, KCTC 23009",1,Sphingobacterium wenxiniae,2634166295,aerobe
,,,,,683125.3,
,,,,,GCA_900116225,
141163,Pch-E,"KACC 19284, JCM 32055",1,Sphingobium limneticum,2048546.3,aerobe
,,,,,GCA_008710205,
169101,TLA-22,"BCRC 81097, LMG 30309, KCTC 62189T, KCTC 62189",1,Sphingobium algorifonticola,GCA_004005485,aerobe
,,,,,RZUL00000000,
23274,LL03,"DSM 25433, CCM 7981",1,Sphingobium baderi,1114964.3,aerobe
,,,,,1114964.8,
,,,,,2579778767,
,,,,,GCA_000445145,
,,,,,GCA_001046655,
23273,469,"DSM 25079, LMG 26901",1,Sphingobium boeckii,1082345.3,aerobe
,,,,,2828356790,
,,,,,GCA_014199215,
14174,,"DSM 7098, ATCC 33790, CIP 104885, IFO 16172, NBRC 16172, CCUG 56399, LMG 17937, KCTC 3325, JCM 10275, LMG 17771",1,Sphingobium chlorophenolicum,1219044.3,aerobe
,,,,,2585427849,
,,,,,2731957704,
,,,,,46429.4,
,,,,,GCA_000722875,
,,,,,GCA_001598515,
14183,DJ77,"DSM 16638, CIP 107741, IMSNU 11152, KCTC 2955, CCUG 52897, JCM 11454",1,Sphingobium chungbukense,2636415887,aerobe
,,,,,GCA_001005725,
14181,"S-3, S-3T","DSM 14926, CIP 107076, IAM 14885, JCM 10874, CCUG 54784, KCTC 12912",1,Sphingobium cloacae,120107.15,aerobe
,,,,,120107.16,
,,,,,120107.17,
,,,,,120107.18,
,,,,,120107.19,
,,,,,120107.2,
,,,,,120107.21,
,,,,,2802429338,
,,,,,GCA_002355855,
23271,LL01,"DSM 25410, CCM 7979",1,Sphingobium cupriresistens,1420583.3,aerobe
,,,,,GCA_001046645,
130670,CU4,"DSM 29771, CCTCC AB 2011146, KCTC 23865",1,Sphingobium cupriresistens,1132417.3,aerobe
,,,,,GCA_004152865,
14196,JZ-2,"DSM 21829, CGMCC 1.7749",1,Sphingobium faniae,2596583600,aerobe
,,,,,570446.3,
,,,,,GCA_900100475,
168518,CHR27,"KCTC 62510, BCRC 81121, LMG 30596",1,Sphingobium fluviale,GCA_004122115,aerobe
,,,,,SBKP00000000,
130671,Chen16-4,"DSM 29348, BCRC 80308, KCTC 23559, LMG 26342",1,Sphingobium fontiphilum,2829936462,aerobe
,,,,,944425.3,
,,,,,GCA_014196635,
14176,MH,"DSM 11019, IFO 16415, LMG 18315, NBRC 16415, CCUG 56400, CIP 106705, ATCC 700291, KCTC 2939",1,Sphingobium herbicidovorans,1219045.3,aerobe
,,,,,1219045.4,
,,,,,2574180318,
,,,,,2731957705,
,,,,,2808606815,
,,,,,GCA_000632125,
,,,,,GCA_001598535,
,,,,,GCA_002080435,
24556,BA-3,"DSM 26189, CCTCC AB 201217, KACC 16433, KCTC 23196",1,Sphingobium jiangsuense,2829898683,aerobe
,,,,,870476.3,
,,,,,GCA_014196495,
14192,DS20,"DSM 23389, CCM 7540, MTCC 9471",1,Sphingobium lactosutens,1331060.3,aerobe
,,,,,2582580885,
,,,,,GCA_000445105,
23272,301,"DSM 25076, LMG 26659",1,Sphingobium limneticum,1007511.4,aerobe
,,,,,GCA_008710155,
133671,F2,"MTCC 9456, CCM 7544",1,Sphingobium indicum,GCA_000633575,aerobe
141162,Pch-B,"KACC 19283, JCM 32054",1,Sphingobium limneticum,2048545.3,aerobe
,,,,,GCA_008710165,
14195,P25,"DSM 24952, CCM 7543, MTCC 9472",1,Sphingobium quisquiliarum,1329909.3,aerobe
,,,,,2558860245,
,,,,,GCA_000445065,
14194,WP01,"DSM 19371, ICMP 13533",1,Sphingobium scionense,1404341.3,aerobe
,,,,,2830069742,
,,,,,GCA_014197035,
130672,HL-25,"DSM 29352, BCRC 80413, KCTC 23953",1,Sphingobium sufflavum,GCA_021403115,aerobe
164348,EO9,"JCM 32762, KACC 19523",1,Sphingobium terrigena,GCA_003591655,aerobe
14190,RL-3,"DSM 22942, CCM 7431, MTCC 8599",1,Sphingobium ummariense,1346791.3,aerobe
,,,,,2571042663,
,,,,,GCA_000447205,
14193,VC-230,"DSM 21299, CCUG 55809",1,Sphingobium vermicomposti,2828330628,aerobe
,,,,,529005.3,
,,,,,GCA_011762025,
159873,,"KCTC 62233, NBRC 113094, CAU 1457",1,Sphingomicrobium arenosum,GCA_026157085,aerobe
133944,CC-AMO-30B,"JCM 18551, BCRC 80465",1,Sphingomicrobium astaxanthinifaciens,GCA_022865105,aerobe
,,,,,GCA_026157155,
134044,CC-AMZ-30N,"JCM 18555, BCRC 80467",1,Sphingomicrobium flavum,GCA_024721605,aerobe
14298,CC-TBT-3,"DSM 24194, CCM 7794",1,Sphingomicrobium lutaoense,2828014108,aerobe
,,,,,515949.3,
,,,,,GCA_014195685,
,,,,,GCA_026157185,
134043,CC-AMZ-30M,"JCM 18554, BCRC 80466",1,Sphingomicrobium marinum,GCA_026157105,aerobe
14243,C42,"DSM 15867, CIP 109154, LMG 21978",1,Sphingomonas abaci,237611.3,aerobe
,,,,,2828624843,
,,,,,GCA_014199625,
159734,B093034,"CFCC 13949, LMG 30133",1,Sphingomonas carotinifaciens,GCA_003287395,aerobe
14233,NW12,"CCUG 48435, DSM 14746, LMG 21376, CIP 108369",1,Sphingomonas aerolata,2740892601,aerobe
,,,,,GCA_003046295,
14251,K4,"DSM 19475, KCTC 22050, CIP 110056",1,Sphingomonas aestuarii,2576861403,aerobe
14269,S8-3,"DSM 22537, LMG 26055",1,Sphingomonas alpina,653931.5,aerobe
,,,,,GCA_014490665,
,,,,,GCA_025370095,
14237,,"DSM 15581, KCCM 41067, KCTC 2881, CCUG 48825, IFO 16722, JCM 11455, JSS 7, CIP 108007, NBRC 16722",1,Sphingomonas aquatilis,1219039.3,aerobe
,,,,,2829811004,
,,,,,93063.4,
,,,,,GCA_007990915,
,,,,,GCA_014196115,
166236,WZY27,"KCTC 62523, CCTCC AB 2018056",1,Sphingomonas aracearum,GCA_003345355,aerobe
14258,TDMA-17,"DSM 22298, CCUG 53608, NBRC 102146",1,Sphingomonas astaxanthinifaciens,1123267.3,aerobe
,,,,,2565957137,
,,,,,GCA_000711715,
14246,Y-39,"DSM 18530, CCTCC AB 205007, IAM 15283, NBRC 15497, JCM 21734, IFO 15497, CIP 109209",1,Sphingomonas azotifigens,1219041.3,aerobe
,,,,,GCA_002091475,
14261,V2M44,"DSM 25652, CGMCC 1.7057, NBRC 104936, CIP 110386",1,Sphingomonas changbaiensis,1219043.4,aerobe
,,,,,2636415880,
,,,,,GCA_000974765,
166537,CCP-7,"BCRC 81096, LMG 30311, KCTC 62190",1,Sphingomonas crocodyli,2885422354,aerobe
,,,,,GCA_004005865,
140980,MIMD3,"KCTC 42801, MCCC 1K01310",1,Sphingomonas crusticola,2882589829,aerobe
,,,,,GCA_003391115,
14247,DS-4,"DSM 21029, CIP 108841, KCTC 12541",1,Sphingomonas dokdonensis,2906672925,aerobe
,,,,,344880.4,
,,,,,GCA_002197685,
14200,,"DSM 1805, ATCC 14820, DSM 50409, DSM 7240, ICPB 2835, NCIB 9420, CCUG 2870, LMG 7462, ATCC 17833, CIP 103301, LMG 2181, JCM 10637, NCIMB 9420",1,Sphingomonas echinoides,1112212.3,aerobe
,,,,,2547132141,
,,,,,GCA_000241465,
164248,DAC4,"JCM 32377, KCTC 62107",1,Sphingomonas edaphi,GCA_003583725,aerobe
,,,,,QXTF00000000,
131250,,"DSM 101535, CCTCC AA 209035, JCM 17394, YIM 65583",1,Sphingomonas endophytica,2828434831,aerobe
,,,,,869719.5,
,,,,,GCA_014199415,
14254,K101,"DSM 13665, CCUG 53462, CIP 109722",1,Sphingomonas fennica,114404.3,aerobe
,,,,,GCA_003034225,
166381,"Strain S6-262, S6-262","DSM 27346, KACC 17594",1,Sphingomonas gellani,GCA_900110035,aerobe
166267,ZDH117,"KCTC 62894, CCTCCAB 2018262",1,Sphingomonas gilva,GCA_003515075,aerobe
23277,,"DSM 18094, KCTC 12630, LMG 23739, Gsoil 634",1,Sphingomonas ginsengisoli,1706000.3,aerobe
,,,,,2874729722,
,,,,,GCA_003332855,
14263,C16y,"DSM 22294, CGMCC 1.8957, CIP 11013, CIP 110131",1,Sphingomonas glacialis,658225.5,aerobe
,,,,,GCA_014653575,
14260,ODN7,"DSM 23329, CCUG 57509, KCTC 22579",1,Sphingomonas hankookensis,GCA_022664465,aerobe
14262,UM2,"DSM 24951, CCM 7545, MTCC 9473",1,Rhizorhabdus histidinilytica,GCA_900167915,aerobe
166342,HHU CXW,"KCTC 72946, CGMCC 1.17504, MCCC 1K04223",1,Sphingomonas hominis,2924996032,aerobe
,,,,,GCA_013328205,
14271,Dd16,"DSM 25434, CCM 7882, MTCC 10862",1,Allosphingosinicella indica,GCA_900177405,aerobe
14257,DS-28,"DSM 21792, JCM 14603, KCTC 12872, CIP 110394",1,Sphingomonas insulae,2828333980,aerobe
,,,,,424800.3,
,,,,,424800.4,
,,,,,GCA_010450875,
,,,,,GCA_011762035,
14259,KC7,"DSM 22753, JCM 15438, KMM 3038, NRIC 0738, CIP 110395",1,Sphingomonas japonica,2828348002,aerobe
,,,,,511662.4,
,,,,,GCA_011762085,
14252,TDMA-16,"DSM 18422, CCUG 53607, NBRC 102120, CIP 109619",1,Sphingomonas jaspsi,1123268.4,aerobe
,,,,,2524614649,
,,,,,GCA_000585415,
141053,G39,"DSM 103790, LMG 29955T, LMG 29955",1,Sphingomonas jeddahensis,GCA_001981525,aerobe
24561,MS-31,"DSM 27651, KCTC 23321, NBRC 107775",1,Sphingomonas jejuensis,2829926352,aerobe
,,,,,904715.3,
,,,,,GCA_011927695,
14267,YC6723,"DSM 21457, CIP 110411, KCTC 22477",1,Sphingomonas jinjuensis,2830075706,aerobe
,,,,,GCA_014197105,
14253,PB56,"DSM 16846, CIP 110410, KCTC 12334",1,Sphingomonas kaistensis,2829822250,aerobe
,,,,,298708.4,
,,,,,GCA_011927725,
14238,,"DSM 15582, KCCM 41069, KCTC 2882, JSS 26, JCM 11456, CIP 107740, IFO 16723, NBRC 16723, KCCM 41067, NBRL 16723",1,Sphingomonas koreensis,1219046.3,aerobe
,,,,,2731957699,
,,,,,93064.57,
,,,,,GCA_001598395,
,,,,,GCA_003953035,
166148,1PNM-20,"GDMCC 1.660, DSM 27572, GIMCC 1.660",1,Sphingomonas lenta,2881385165,aerobe
,,,,,GCA_002288825,
133300,JS5,"KCTC 23642, JCM 18309, CCTCC AB 2017135",1,Sphingomonas lutea,1045317.3,aerobe
,,,,,2896432115,
,,,,,GCA_014396785,
,,,,,GCA_021497585,
166458,SYSUP0001,"KCTC 62179, CGMCC 1.16462",1,Sphingomonas mesophila,2885427238,aerobe
,,,,,GCA_003499275,
140852,9O-5,"CGMCC 1.15330, KCTC 42759",1,Sphingomonas metalli,1779358.3,aerobe
,,,,,GCA_014641735,
131427,NBD5,"DSM 29151, CICC 10879, KCTC 42183",1,Sphingomonas morindae,GCA_023822065,aerobe
133230,DKC-5-1,"KEMB 9005-380, KACC 18716, JCM 31294",1,Sphingomonas naphthae,GCA_028607085,aerobe
166278,YZ-8,"CCTCC AB 2017137, LMG 31027, DSM 108678",1,Sphingomonas paeninsulae,2844322978,aerobe
,,,,,GCA_003660165,
14242,C52,"DSM 15761, CIP 109155, LMG 21979",1,Sphingomonas panni,GCA_022664435,aerobe
14220,OH 3807,"DSM 7463, ATCC 51231, GIFU 11387, IAM 14268, JCM 7510, NCIMB 13745, CCUG 27291, LMG 10923, BCRC 17635, CCM 4599, CIP 106724, IFO 15100, NBRC 15100",1,Sphingomonas parapaucimobilis,1219049.3,aerobe
,,,,,2630968314,
,,,,,GCA_000787715,
166296,17J27-24,"KCTC 62208, JCM 3896",1,Sphingomonas parva,2555898.3,aerobe
,,,,,2879153543,
,,,,,GCA_004564275,
14241,FA2,"DSM 17258, CECT 5832, LMG 21958, CIP 108674",1,Sphingomonas phyllosphaerae,1090319.3,aerobe
,,,,,2516493027,
,,,,,GCA_000427645,
132650,W18RD,"DSM 103336, CGMCC 1.15645",1,Sphingomonas prati,1843237.4,aerobe
,,,,,1843237.5,
,,,,,2828460860,
,,,,,GCA_009755805,
,,,,,GCA_014199405,
,,,,,GCA_014643515,
14250,G1-2,"DSM 19512, CCUG 54232, CIP 109431",1,Sphingomonas pseudosanguinis,2829843910,aerobe
,,,,,413712.3,
,,,,,413712.4,
,,,,,GCA_014196255,
,,,,,GCA_017052355,
158693,THG-T61,"KACC 19189, CCTCC AB 2016245",1,Sphingomonas rhizophila,2071607.3,aerobe
,,,,,2896429255,
,,,,,GCA_014396585,
14264,BH3,"DSM 26135, CGMCC 1.9113, CIP 110396, JCM 16230",1,Sphingomonas rubra,2617270762,aerobe
,,,,,634430.3,
,,,,,GCA_900115745,
14245,"T5-04, T5-04,52.101","DSM 18313, IAM 15213, KCTC 12210, NBRC 10081, JCM 21668, NBRC 100801, CIP 109210",1,Sphingomonas soli,1219055.3,aerobe
,,,,,2731957634,
,,,,,GCA_001591025,
140320,9NM-10,"DSM 27571, GDMCC 1.657",1,Sphingomonas spermidinifaciens,2922469389,aerobe
,,,,,GCA_002351485,
157911,MCT13,"DSM 105457, BAC RE RSCIC 7",1,Sphingomonas turrisvirgatae,2751185898,aerobe
,,,,,GCA_001721295,
14232,A1-18,"DSM 14562, GTC 868, JCM 11416, CCUG 52398, CIP 108439",1,Sphingomonas yabuuchiae,172044.4,aerobe
,,,,,172044.5,
,,,,,2828620820,
,,,,,GCA_014199595,
,,,,,GCA_017052455,
132627,541,"DSM 100587, CGMCC 1.15008",1,Sphingomonas zeicaulis,2828417763,aerobe
14273,,"DSM 13593, LMG 18877, CCUG 45028, CIP 106977, RB 2256",1,Sphingopyxis alaskensis,317655.17,aerobe
,,,,,317655.3,
14287,BZ30,"DSM 22271, CGMCC 1.8959, CIP 110136",1,Sphingopyxis bauzanensis,651663.3,aerobe
,,,,,651663.8,
,,,,,GCA_002205675,
,,,,,GCA_014645635,
14281,Kw07,"DSM 17810, KCTC 12209, NBRC 100800, CCUG 52902",1,Sphingopyxis granuli,1219060.3,aerobe
,,,,,2731957635,
,,,,,GCA_001591045,
24566,DS15,"DSM 27519, CCM 7542, MCC 2023, MTCC 9455",1,Sphingopyxis indica,2706795027,aerobe
,,,,,GCA_900188185,
23284,SC13E-971,"DSM 25229, CECT 8016",1,Sphingopyxis italica,1129133.3,aerobe
,,,,,2828641578,
,,,,,GCA_011926545,
159655,WS5A3p,"DSM 106274, PCM 2932",1,Sphingopyxis lindanitolerans,2788500577,aerobe
,,,,,GCA_002993885,
23283,,"DSM 27164, KCTC 12580, LMG 24003, Gsoil 124",1,Sphingopyxis panaciterrae,2828390859,aerobe
,,,,,363841.3,
,,,,,GCA_011762125,
14285,BL03,"DSM 25337, JCM 15910, KCTC 22405",1,Sphingopyxis soli,GCA_018682675,aerobe
140477,R366,"KEMB 9005-451, KACC 19003, JCM 31675",1,Sphingopyxis solisilvae,1886788.3,aerobe
,,,,,GCA_015475875,
14284,UI2,"DSM 24316, CCM 7428, MTCC 8591",1,Sphingopyxis ummariensis,429001.4,aerobe
,,,,,GCA_002374275,
,,,,,GCA_900177755,
158562,JC 216,"KCTC 32445, LMG 27671",1,Sphingorhabdus contaminans,1343899.3,aerobe
,,,,,2890953850,
,,,,,GCA_007280415,
14279,SW-151,"DSM 16223, KCTC 12232",1,Parasphingorhabdus flavimaris,266812.13,aerobe
,,,,,GCA_013371215,
14282,FR1093,"DSM 22379, IMSNU 14133, JCM 14162, KCTC 12764",1,Parasphingorhabdus litoris,1123271.4,aerobe
,,,,,2574179751,
,,,,,GCA_020906275,
14283,FR1087,"DSM 22363, IMSNU 14132, JCM 14161, KCTC 12763",1,Parasphingorhabdus marina,1123272.4,aerobe
,,,,,2582580503,
,,,,,GCA_900128895,
168535,D-2Q-5-6,"MCCC 1A06070, KCTC 52311",1,Sphingorhabdus soli,GCA_007995095,aerobe
,,,,,VOPY00000000,
166427,QZX222,"KCTC 62519, CCTCC AB 2018030",1,Sphingosinicella humi,2832710421,aerobe
,,,,,GCA_003129465,
14293,Y2,"DSM 19791, JCM 13185, KCTC 12019, CIP 109169, NCIMB 14270",1,Sphingosinicella microcystinivorans,2770939615,aerobe
,,,,,335406.3,
,,,,,GCA_003634215,
14295,KSL-125,"DSM 17328, KCTC 12482",1,Sphingosinicella soli,2828629153,aerobe
,,,,,333708.3,
,,,,,GCA_014199685,
164339,FM6,"JCM 32714, MCCC 1K03501",1,Sphingosinithalassobacter portus,2882487013,aerobe
,,,,,GCA_003171655,
11265,CXB 654,"DSM 45414, LMG 25485, JCM 16559",1,Spinactinospora alkalitolerans,2849348795,aerobe
166363,BT328,"KCTC 72365, NBRC 114506",1,Spirosoma aureum,2692134.3,aerobe
,,,,,2884371665,
,,,,,GCA_011604685,
23883,,"DSM 26130, LMG 27272, EX 36",1,Spirosoma endophyticum,2622736583,aerobe
,,,,,662367.4,
,,,,,GCA_900112365,
3822,,"DSM 21099, KCTC 22263, Gsoil 1519",1,Spirosoma panaciterrae,1123277.3,aerobe
,,,,,2515154167,
,,,,,GCA_000374025,
158419,HA7,"DSM 105799, LMG 30282",1,Spirosoma pollinicola,2057025.3,aerobe
,,,,,2775506907,
,,,,,GCA_002831565,
134302,WPCB118,"KCTC 12531, NBRC 101117",1,Spirosoma rigui,564064.4,aerobe
,,,,,GCA_002067135,
158501,7K107,"DSM 107423, JCM 32585, KCTC 49108",1,Desertactinospora gelatinilytica,GCA_003236385,aerobe
17903,HAL40b,"DSM 17750, CCUG 54896",1,Spongiibacter marinus,2861631615,aerobe
,,,,,354246.3,
,,,,,GCA_016906995,
17904,"5IX/A0/131, 5IX/A01/131","DSM 19753, CIP 109757, MOLA 225",0,Spongiibacter marinus,1122224.3,aerobe
,,,,,2523533546,
,,,,,GCA_000422345,
133174,SPT1,"JCM 31012, BCRC 80916",1,Spongiibacter taiwanensis,GCA_023702635,aerobe
17905,CL-CB221,"DSM 19543, KCCM 90065",1,Spongiibacter tropicus,1123279.7,aerobe
,,,,,2524614733,
,,,,,GCA_000420325,
11976,"W 25, W25","DSM 4, ATCC 23301, CCM 2119, NCIMB 11434, CCUG 7419, CIP 103266, LMG 6928, JCM 10046, IFO 16082, CGMCC 1.3607, IAM 14760, JCM 2509, KCTC 3736, NBRC 16082, NRRL B-3396, NRRL NRS-1533, VKM B-1435",1,Sporosarcina globispora,GCA_001274725,aerobe
12002,2681,"DSM 23540, CCUG 59651, LMG 26024",0,Sporosarcina newyorkensis,2512047070,aerobe
,,,,,759851.3,
,,,,,GCA_000220335,
12005,5868,"DSM 23543, CCUG 59650, LMG 26021",0,Sporosarcina newyorkensis,2596583686,aerobe
12007,R-31323,"DSM 23966, CCUG 60203, LMG 26025",0,Sporosarcina newyorkensis,2596583703,aerobe
,,,,,759851.4,
,,,,,GCA_900167515,
11981,"22, Gibson 22","DSM 33, ATCC 11859, CCM 2056, NCIB 8841, NCTC 4822, CCUG 7425, LMG 7130, CIP 66.21, NCDO 1776, NCIMB 8841",1,Sporosarcina pasteurii,1474.8,aerobe
,,,,,2582581329,
,,,,,2849954708,
,,,,,GCA_900457495,
5848,LLR-40K-21,"DSM 44728, CIP 108903, NRRL B-16338, JCM 14905, BCRC 16844, NBRC 102104",1,Stackebrandtia nassauensis,446470.6,aerobe
,,,,,646564571,
,,,,,GCA_000024545,
166515,THS-13,"BCRC 81158, LMG 30925, KCTC 62868",1,Stagnimonas aquatica,2881719674,aerobe
,,,,,GCA_003730135,
14297,,"DSM 25059, CGMCC 1.7294, LMG 24686, JLT 832",1,Stakelama pacifica,2795385468,aerobe
,,,,,517720.11,
,,,,,517720.7,
,,,,,GCA_004361835,
,,,,,GCA_014645395,
23285,CJ70,"DSM 27203, JCM 18079, KACC 16559",1,Stakelama sediminis,2828395373,aerobe
,,,,,463200.5,
,,,,,GCA_014199335,
14677,"6 VT, 6-4","DSM 23656, CCUG 59809",1,Staphylococcus agnetis,985762.14,aerobe
,,,,,GCA_002901865,
132229,M4S-6,"DSM 29875, CIP 110904, CCUG 70920",1,Staphylococcus argensis,1607738.3,aerobe
,,,,,2917419282,
,,,,,GCA_002902305,
130706,MSHR1132,"DSM 28299, CIP 111113, JCM 31982, SSI 89.005, CCUG 70917, NCTC 13711",1,Staphylococcus argenteus,2917471893,aerobe
,,,,,985002.189,
,,,,,985002.197,
,,,,,985002.311,
,,,,,GCA_000236925,
,,,,,GCA_002901785,
,,,,,GCA_014877305,
,,,,,GCA_900457475,
157079,,CCUG 69384,0,Staphylococcus argenteus,985002.19,aerobe
,,,,,GCA_003010635,
157080,,CCUG 69385,0,Staphylococcus argenteus,985002.191,aerobe
,,,,,GCA_003022395,
14444,MVF-7,"DSM 20714, ATCC 35844, CIP 103780, CCUG 37246, CCM 3823, MVF 7, GIFU 10707",0,Staphylococcus aureus,2917488298,aerobe
,,,,,72759.14,
,,,,,GCA_002902425,
14451,SA113,"CCUG 41582, DSM 4910, ATCC 35556, NCTC 8325, CIP 107700",0,Staphylococcus aureus,46170.125,aerobe
,,,,,637000279,
,,,,,93061.132,
,,,,,93061.5,
,,,,,GCA_000013425,
,,,,,GCA_024454545,
,,,,,GCA_900475245,
14467,,"DSM 18586, ATCC 14458, CCUG 25924, NCTC 10654, FDA 243",0,Staphylococcus aureus,1280.12238,aerobe
,,,,,1280.15003,
,,,,,1280.15004,
,,,,,1280.15005,
,,,,,1280.18109,
,,,,,GCA_002088085,
,,,,,GCA_028596165,
,,,,,GCA_900458275,
14469,#494,"DSM 18588, ATCC 23235, CCUG 25926, NCTC 10656",0,Staphylococcus aureus,1280.18101,aerobe
,,,,,GCA_028596145,
,,,,,GCA_900458155,
14472,,"DSM 18597, ATCC 13565, CCUG 9128, NCTC 10625, CECT 976, NCTC 10652, FDA 196E",0,Staphylococcus aureus,1280.18095,aerobe
,,,,,GCA_900458095,
138348,,"CIP 106415, ATCC 700698, CCUG 45316, Mu 3",0,Staphylococcus aureus,1280.4823,aerobe
150655,,"CCUG 41879, ATCC 33591, LMG 16217",0,Staphylococcus aureus,1280.30881,aerobe
,,,,,GCA_014857975,
153992,,"CCUG 51870, ATCC 13566, NCTC 10657, CCUG 9129",0,Staphylococcus aureus,1280.1812,aerobe
,,,,,GCA_900458395,
154615,,"CCUG 54581, CCM 2773, ATCC 25904, NCTC 10833",0,Staphylococcus aureus,1280.1805,aerobe
,,,,,GCA_900457575,
14602,,"CCUG 35142, DSM 6717, ATCC 49326, MAW 8436, CIP 104192, MAW 8434",1,Staphylococcus capitis subsp. urealyticus,2917448220,aerobe
,,,,,74703.3,
,,,,,GCA_002901925,
14655,SB72,"DSM 15096, CIP 107658, CCUG 47674, CCM 7194",1,Staphylococcus casei,201828.3,aerobe
,,,,,2917474615,
,,,,,GCA_002902445,
14517,1462,"CCUG 4319, CIP 81.59, NRRL B-14759, DSM 20454, ATCC 43764, CCM 3387, NCTC 10530",1,Staphylococcus chromogenes,46126.119,aerobe
,,,,,46126.177,
,,,,,46126.206,
,,,,,46126.27,
,,,,,GCA_002901945,
,,,,,GCA_014635745,
,,,,,GCA_017775145,
,,,,,GCA_900458195,
14601,"GA211, GA 211","DSM 6628, ATCC 49545, CIP 104370, JCM 7470, CCUG 37248, CCM 4313, DSMZ 6628, GTC 510, LMG 22205",1,Staphylococcus coagulans,2917424509,aerobe
,,,,,74706.5,
,,,,,GCA_002901995,
14632,F-2,"DSM 11674, JCM 6074, CCUG 39902, CCM 4753, CIP 105760, NCIMB 13559, NCTC 13827",1,Staphylococcus condimenti,2645727505,aerobe
,,,,,2687453551,
,,,,,2917450786,
,,,,,70255.1,
,,,,,70255.13,
,,,,,70255.17,
,,,,,70255.18,
,,,,,70255.23,
,,,,,GCA_001014685,
,,,,,GCA_001618885,
132149,,"DSM 17225, CCM 8421, CCUG 62728, MCC 10046",1,Staphylococcus croceilyticus,319942.14,aerobe
,,,,,319942.6,
,,,,,GCA_002902575,
,,,,,GCA_004684875,
14676,"KS-SP60, KS-SP 60","DSM 25293, CCUG 58238, LMG 25332, CCM 7896, CIP 110234",1,Staphylococcus devriesei,2917466835,aerobe
,,,,,586733.6,
,,,,,GCA_002902625,
157258,P5085,"DSM 104441, CCM 8730, CCUG 72269, CIP 111603",1,Staphylococcus edaphicus,1955013.3,aerobe
,,,,,2802429263,
,,,,,GCA_002614725,
14651,"ID 01-1208, RP29","CCUG 49024, DSM 15097, CIP 107656, CCM 7278",0,Staphylococcus equorum subsp. linens,201829.6,aerobe
,,,,,246432.12,
,,,,,GCA_002901955,
14544,SM 131,"DSM 20263, ATCC 29970, CCM 2737, CCUG 7323, NCTC 11042, JCM 2416, BCRC 12923, CECT 4900, CIP 81.56, KCTC 3341, LMG 13349, NBRC 109768, NCIMB 14489, NRRL B-14755, VTT E-97770, GIFU 9124",1,Staphylococcus haemolyticus,1283.594,aerobe
,,,,,1283.646,
,,,,,1283.682,
,,,,,1283.729,
,,,,,GCA_002901805,
,,,,,GCA_006094395,
,,,,,GCA_007992795,
,,,,,GCA_900458595,
14636,DM 122,"DSM 20328, ATCC 27844, JCM 31912, CCUG 35516, BCRC 12156, CCM 3474, CECT 234, CIP 81.57, JCM 2419, KCTC 3343, LMG 13348, MTCC 6150, NBRC 110726, NCIMB 14488, NCTC 11320, NRRL B-14737, CCUG 6468, GIFU 9125",1,Staphylococcus hominis subsp. hominis,1290.133,aerobe
,,,,,145391.8,
,,,,,GCA_002901845,
,,,,,GCA_900458635,
14657,R22,"DSM 15614, ATCC 700236, CCUG 42399, CIP 105719",1,Staphylococcus hominis subsp. novobiosepticus,145393.3,aerobe
,,,,,GCA_002902465,
14556,,"DSM 20676, ATCC 43959, CCUG 30110, CCM 3834, SC 210, CIP 103503, GIFU 10764",1,Staphylococcus kloosii,29384.15,aerobe
,,,,,GCA_003019255,
14614,M340/94,"DSM 10244, CCUG 38494, CIP 105399, CCM 4681, ATCC 700373",1,Staphylococcus lutrae,155085.7,aerobe
,,,,,2917434650,
,,,,,GCA_002902165,
14673,5402776,"DSM 23764, CCUG 55927, CSUR P23, CCM 7895",1,Staphylococcus massiliensis,1189613.3,aerobe
,,,,,1189613.4,
,,,,,2551306057,
,,,,,2917458906,
,,,,,GCA_000298075,
,,,,,GCA_002902705,
14672,4005-LJ(m),"DSM 22147, CCM 4903, CCUG 55861",1,Staphylococcus microti,2627854114,aerobe
,,,,,2917456370,
,,,,,569857.6,
,,,,,569857.9,
,,,,,GCA_000934465,
,,,,,GCA_002902635,
14605,MB4,"DSM 7068, ATCC 49910, CCM 4175, CCUG 36972, CIP 103641",1,Staphylococcus muscae,1294.7,aerobe
,,,,,1294.8,
,,,,,1294.9,
,,,,,2917496769,
,,,,,GCA_002901905,
,,,,,GCA_003019275,
,,,,,GCA_014634965,
14652,CW1,"DSM 15150, CCUG 48991, CCM 7045, CIP 108211",1,Staphylococcus nepalensis,214473.15,aerobe
,,,,,214473.24,
,,,,,2917442331,
,,,,,GCA_002902745,
,,,,,GCA_014635045,
24597,SEQ110,"DSM 26618, CCM 8494, CCUG 62657, LMG 26879",1,Staphylococcus petrasii,1077965.3,aerobe
,,,,,1077965.5,
,,,,,GCA_002902105,
,,,,,GCA_004745855,
132914,"P3751, NRL/St 10/1050","DSM 104505, CCM 8418, CCUG 62727",1,Staphylococcus petrasii subsp. petrasii,1276936.4,aerobe
,,,,,1276937.3,
,,,,,1276937.5,
,,,,,2861319090,
,,,,,GCA_002902565,
,,,,,GCA_004684865,
14671,B3117,"DSM 19554, CCUG 51270, CIP 107711, CCM 7495",1,Staphylococcus pettenkoferi,170573.3,aerobe
,,,,,170573.8,
,,,,,2917437079,
,,,,,GCA_002902685,
132215,"NRL/St 12/356, P5397","DSM 102853, CCM 8529, LMG 28327, CCUG 72270",1,Staphylococcus pragensis,1611836.3,aerobe
,,,,,1611836.4,
,,,,,1611836.5,
,,,,,GCA_004785665,
,,,,,GCA_014635505,
14670,"ON 86, R-20986, ON86","DSM 21284, CCUG 49543, CIP 108864, LMG 22219, JCM 17571, CCUG 22219",1,Staphylococcus pseudintermedius,283734.1041,aerobe
,,,,,283734.201,
,,,,,283734.2341,
,,,,,2917480293,
,,,,,2917482833,
,,,,,GCA_001792775,
,,,,,GCA_002902125,
153736,,"CCUG 50817, LMG 22220",0,Staphylococcus pseudintermedius,283734.1772,aerobe
,,,,,GCA_007050575,
14674,,"DSM 21968, CCUG 57266, ARI 262",1,Staphylococcus rostri,2917432201,aerobe
,,,,,522262.5,
,,,,,GCA_002902145,
14568,"N850274, N 850274","DSM 4807, ATCC 43808, CCUG 25351, NCTC 12218, CCM 4070, CIP 103643",1,Staphylococcus schleiferi subsp. schleiferi,1295.64,aerobe
,,,,,1295.8,
,,,,,74707.3,
,,,,,GCA_003968865,
,,,,,GCA_011137195,
,,,,,GCA_900458895,
130707,FSA084,"CCUG 70918, DSM 28300, CIP 111114, JCM 31983, SSI 89.004, NCTC 13712",1,Staphylococcus schweitzeri,1654388.6,aerobe
,,,,,1654388.7,
,,,,,1654388.8,
,,,,,2917426961,
,,,,,GCA_000751255,
,,,,,GCA_002902405,
,,,,,GCA_014877095,
,,,,,GCA_900636685,
14665,,"CCUG 51256, DSM 17636, CCM 7213, CIP 108931, LMG 22723",1,Staphylococcus simiae,2513237273,aerobe
,,,,,308354.6,
,,,,,911238.3,
,,,,,GCA_000235645,
,,,,,GCA_002902085,
14572,"MK 148, MK148","DSM 20322, ATCC 27848, CCM 2705, CCUG 7327 A, NCTC 11046, JCM 2424, BCRC 12928, CCUG 7327, CECT 4538, CIP 81.64, HAMBI 2058, NBRC 109714, NRRL B-14753, VTT E-97784, GIFU 9127",1,Staphylococcus simulans,1286.118,aerobe
,,,,,1286.76,
,,,,,1286.8,
,,,,,GCA_002902285,
,,,,,GCA_900240105,
,,,,,GCA_900474685,
14603,"CK27, CK 27","DSM 6718, ATCC 49330, CCUG 35143, CIP 104024",1,Staphylococcus ureilyticus,2917477538,aerobe
,,,,,94138.7,
,,,,,GCA_002902235,
14587,AW 25,"DSM 20316, ATCC 27836, CCM 2730, CCUG 7325, NCTC 11044, JCM 2415, BCRC 12929, CECT 236, CIP 81.65, KCTC 3340, LMG 13354, NBRC 109769, NRRL B-14736, VTT E-97785, GIFU 9128",1,Staphylococcus warneri,1292.103,aerobe
,,,,,1292.58,
,,,,,596319.3,
,,,,,GCA_002901765,
,,,,,GCA_900636385,
14599,"KL 162, KL62","CCUG 7324, NCTC 11043, DSM 20266, ATCC 29971, CCM 2738, JCM 2418, BCRC 12930, CECT 237, CIP 81.66, HAMBI 2057, KCTC 3342, LMG 20217, MTCC 6149, NBRC 109770, NCAIM B.02008, NRRL B-14776, VTT E-97787",1,Staphylococcus xylosus,1288.12,aerobe
,,,,,1288.129,
,,,,,1288.13,
,,,,,1288.169,
,,,,,1288.19,
,,,,,GCA_002732165,
,,,,,GCA_002901985,
,,,,,GCA_007992815,
,,,,,GCA_900240095,
,,,,,GCA_900458755,
141644,,"CCUG 4314, NCTC 10517",0,Staphylococcus xylosus,1288.17,aerobe
,,,,,GCA_900458865,
158479,,"DSM 106793, CGMCC 1.15879, SCSIO 07575",1,Staphylospora marina,GCA_003856495,aerobe
133897,"CC-SPIO-10, CC-SP10-10","CCUG 59208, LMG 25538, CCM 7757, DSM 23284",1,Stappia taiwanensis,992267.3,aerobe
,,,,,992267.6,
,,,,,GCA_013868145,
,,,,,GCA_014635285,
166485,GT1R17,"CGMCC 1.16137, NBRC 113346",1,Stenotrophobium rhamnosiphilum,2029166.3,aerobe
,,,,,GCA_003052265,
17557,,"DSM 13117, ATCC 700916, CIP 106456, CCUG 46887, LMG 22073, AMX 19, JCM 13310",1,Stenotrophomonas acidaminiphila,128780.7,aerobe
,,,,,2713896760,
,,,,,GCA_001431595,
,,,,,GCA_024221815,
140359,BII-R7,"DSM 103927, CECT 9180, LMG 29893",1,Stenotrophomonas bentonitica,1450134.7,aerobe
,,,,,GCA_013185915,
17568,LPM-5,"DSM 21508, CCUG 57178, VKM B-2486",1,Stenotrophomonas chelatiphaga,2713896757,aerobe
,,,,,517011.3,
,,,,,GCA_001431535,
133582,MJ03,"KCTC 22451, JCM 16244, CCUG 59871",1,Stenotrophomonas daejeonensis,2713896761,aerobe
,,,,,659018.3,
,,,,,GCA_001431505,
17569,DCY-01,"DSM 24757, KCTC 12539, NBRC 101154, CCUG 59870",1,Stenotrophomonas ginsengisoli,2713896759,aerobe
,,,,,336566.3,
,,,,,GCA_001431485,
17566,R-32729,"DSM 18929, LMG 23959, CCUG 54881",1,Stenotrophomonas humi,2713896756,aerobe
,,,,,405444.3,
,,,,,GCA_001431415,
17561,TR6-01,"DSM 17805, JCM 13256, KCTC 12211, CCUG 53887, CIP 109170",1,Stenotrophomonas koreensis,266128.3,aerobe
,,,,,2671180796,
,,,,,GCA_001431525,
17532,"67, 810-2","DSM 50170, ATCC 13637, ICPB 2648-67, NCIB 9203, NCTC 10257, CCUG 5866, LMG 958, NCPPB 1974, JCM 1975, BCRC 10737, CCM 1640, CECT 115, CGMCC 1.1788, CIP 60.77, GIFU 418, IAM 12423, IFO 14161, IMET 10402, NBRC 14161, NCIMB 9203, NRC 729, NRRL B-2756, VKM B-591, ACM 497",1,Stenotrophomonas maltophilia,1220593.3,aerobe
,,,,,2623620580,
,,,,,2731957641,
,,,,,2850698245,
,,,,,40324.1221,
,,,,,40324.191,
,,,,,40324.252,
,,,,,GCA_001591205,
,,,,,GCA_001997185,
,,,,,GCA_025617355,
17554,560,"DSM 24970, ATCC 13636, CCM 1639, CCTM La1858, CDC 3903, LMG 961, NCTC 10258, CCUG 72272",0,Stenotrophomonas maltophilia,2847471704,aerobe
,,,,,40324.969,
,,,,,GCA_900475405,
17555,L2,"CCUG 46888, CIP 107228, LMG 22074, DSM 12575, ATCC BAA-12, JCM 13311",1,Stenotrophomonas nitritireducens,2713896755,aerobe
,,,,,83617.3,
,,,,,GCA_001431425,
155979,,"CCUG 59872, KCTC 22893, JCM 16536",1,Stenotrophomonas panacihumi,2744054482,aerobe
,,,,,676599.3,
,,,,,GCA_001431645,
13146,,"DSM 19282, ATCC 23328, CCM 284, CIP 103273, JCM 9942, LMG 981, NCIMB 9152, VKM 1240, BCRC 15831, CCEB 322, CCUG 1823, CCUG 3368, KCTC 12497, NCAIM B.01950, NRRL B-2543, VKM B-1240, IMET 10400",1,Stenotrophomonas pictorum,1236960.5,aerobe
,,,,,2713896885,
,,,,,2728369656,
,,,,,40324.139,
,,,,,GCA_001310775,
,,,,,GCA_001431585,
17560,"e-p10, p69","DSM 14405, ATCC BAA-473, CCUG 54934, JCM 13333, CCUG 47042, CIP 107801",1,Stenotrophomonas rhizophila,216778.7,aerobe
,,,,,2576861471,
,,,,,GCA_000661955,
17567,R-32768,"CCUG 54880, DSM 18941, CIP 109813, LMG 23958",1,Stenotrophomonas terrae,2675903279,aerobe
,,,,,405446.3,
,,,,,GCA_001431465,
17663,FS,"DSM 18526, JCM 14622",1,Steroidobacter denitrificans,2721755797,aerobe
,,,,,465721.9,
,,,,,GCA_001579945,
166250,JW-3,"CCTCC AB 2018184, KCTC 62820",1,Steroidobacter soli,2887356921,aerobe
,,,,,GCA_004138485,
13907,Chol-1S,"DSM 13999, ATCC BAA-354, Chol chol1, Chol 1",1,Sterolibacterium denitrificans,157592.11,aerobe
,,,,,2690315849,
,,,,,GCA_001586935,
160127,"Pla52n, Pla52neu","DSM 102885, LMG 29463, VKM B-3447",1,Stieleria varia,GCA_007860045,aerobe
14871,JL83,"DSM 41753, KCTC 9910, JCM 12363, BCRC 16805, CGMCC 4.1812, NBRC 100918",1,Streptacidiphilus albus,105425.3,aerobe
,,,,,1449352.3,
,,,,,2574179785,
,,,,,2706794554,
,,,,,GCA_000744705,
,,,,,GCA_000787755,
134320,AM11,"NBRC 103185, KCTC 19278, DSM 108658, JCM 16223",1,Streptacidiphilus anmyonensis,2671180344,aerobe
,,,,,405782.3,
,,,,,GCA_000787855,
14872,JL415,"DSM 41754, KCTC 9912, JCM 12364, BCRC 16806, CGMCC 4.1810, NBRC 100919, NCIMB 13798",1,Streptacidiphilus carbonis,105422.3,aerobe
,,,,,2706794555,
,,,,,GCA_000787775,
14878,33214,"DSM 45096, AS 4.1857, CIP 109030, JCM 12277, KCTC 19219, NBRC 100920, BCRC 16803, CGMCC 4.1857",1,Streptacidiphilus jiangxiensis,235985.3,aerobe
,,,,,235985.5,
,,,,,2675903135,
,,,,,GCA_000787795,
,,,,,GCA_900109465,
134322,SB-B34,"NBRC 103184, KCTC 19280, DSM 108659, JCM 16224",1,Streptacidiphilus melanogenes,2706794556,aerobe
,,,,,411235.3,
,,,,,GCA_000787835,
14873,JL206,"DSM 41755, KCTC 9911, JCM 12365, BCRC 16807, CGMCC 4.1811, NBRC 100921, NCIMB 13797",1,Streptacidiphilus neutrinimicus,105420.3,aerobe
,,,,,2671180946,
,,,,,GCA_000787815,
14879,TH49,"DSM 45098, CGMCC 4.2012, CIP 109342, JCM 13271, KCTC 19220, BCRC 16837",1,Streptacidiphilus oryzae,1449353.3,aerobe
,,,,,2574179794,
,,,,,GCA_000744815,
159753,MMS16-CNU450,"KCTC 49008, JCM 32300",1,Streptacidiphilus pinicola,2856758937,aerobe
,,,,,GCA_003258295,
134321,AM16,"NBRC 103186, KCTC 19279, DSM 108660, JCM 16225",1,Streptacidiphilus rugosus,GCA_000744655,aerobe
16385,SF0p68,"DSM 41836, CGMCC 4.1985, NCIMB 13954, JCM 14344, VTT E-072715",1,Streptantibioticus ferralitis,GCA_029223525,aerobe
14711,,"DSM 20622, ATCC 51725, CCUG 27296, LMG 17755, NCDO 2025, LMG 17296, CIP 82.4",1,Streptococcus acidominimus,GCA_001921825,aerobe
14712,"G 19, G19","CCUG 4208, CIP 103227, JCM 5671, DSM 2134, ATCC 13813, NCTC 8181, BCRC 10787, BIOTECH 10527, CECT 183, LMG 14694, NCAIM B.01882, NCFB 1348, NCIMB 701348, VTT E-97858, NCDO 1348",1,Streptococcus agalactiae,1311.2442,aerobe
,,,,,2537561940,
,,,,,2917287493,
,,,,,888745.3,
,,,,,GCA_000186445,
,,,,,GCA_900458965,
151488,,CCUG 44140,0,Streptococcus agalactiae,1105265.3,aerobe
,,,,,2706794505,
,,,,,GCA_000311585,
14814,94-11374-1,"DSM 15616, ATCC 700828, CCUG 45419, WADDL 94-11374-1, CIP 106980",1,Streptococcus didelphis,1123301.3,aerobe
,,,,,2515154028,
,,,,,GCA_000380005,
14811,"SVSJ 13156, SVS J 13156","DSM 15349, CCUG 42692, CIP 10787, CIP 107087, LMG 21849, JCM 12181, KCTC 3876",1,Streptococcus gallinaceus,2928547191,aerobe
14821,,"DSM 16831, ACM 3611, CCUG 35224, CIP 105428, JCM 10005, LMG 16802, CIP 105425, NCTC 13773",1,Streptococcus gallolyticus subsp. gallolyticus,1258574.3,aerobe
,,,,,2917282946,
,,,,,315405.22,
,,,,,GCA_002000985,
,,,,,GCA_900475715,
14836,"S02-1108, 707-05, SO2-1108","DSM 21677, ATCC BAA-1300, CCUG 52536, CIP 109618",1,Streptococcus ictaluri,2512047073,aerobe
,,,,,764299.3,
,,,,,GCA_000188015,
14825,ON59,"DSM 17118, CCUG 47487, LMG 21734, CIP 108314",1,Streptococcus minor,1123309.3,aerobe
,,,,,2519103182,
,,,,,GCA_000377005,
14817,"8399H1, 8399H1T","DSM 15635, ATCC 51973, CCUG 35103, LMG 16735, NCTC 12719, SVL 8399 H1, CIP 104665",1,Streptococcus phocae subsp. phocae,119224.3,aerobe
,,,,,2645727566,
,,,,,GCA_001302265,
148352,,CCUG 35272,0,Streptococcus pneumoniae,1313.9542,aerobe
,,,,,2744054566,
,,,,,GCA_001637415,
140411,GUT-187,"DSM 104980, JCM 31869",1,Streptococcus ruminantium,2880287480,aerobe
,,,,,GCA_003609975,
144542,,"CCUG 25605, LMG 14657",0,Streptococcus sanguinis,888811.3,aerobe
14796,S735,"DSM 9682, ATCC 43765, CCUG 7984, NCTC 10234, CIP 103217, Henrichsen S735",1,Streptococcus suis,1184252.3,aerobe
,,,,,1307.2047,
,,,,,2917285515,
,,,,,GCA_000294495,
,,,,,GCA_900475585,
14786,"(B of R), B of R","CCUG 21957, LMG 6896, CCTM 3104, DSM 20617, ATCC 19258, NCDO 573, NCIB 8510, WDCM 00134, JCM 17834, BCRC 13869, CECT 986, CIP 102303, GIFU 8593, KCTC 3658, LMG 13102, NCIMB 8510, NRIC 0256, VTT E-96665, NCTC 12958",1,Streptococcus thermophilus,1308.1093,aerobe
,,,,,1308.1519,
,,,,,1308.1537,
,,,,,1308.1561,
,,,,,1308.1597,
,,,,,1308.965,
,,,,,GCA_004354505,
,,,,,GCA_010120595,
,,,,,GCA_019972875,
135082,,"CIP 107979, DSM 44588, CCTCC AA 001013, CCRC 16312, JCM 12680, YIM 90003",1,Streptomonospora alba,183763.4,aerobe
,,,,,2627854128,
,,,,,GCA_000826685,
24259,12A09,"DSM 45927, CCTCC AB 2013140, KCTC 29145",1,Streptomonospora nanhaiensis,1323731.3,aerobe
,,,,,2856464816,
,,,,,GCA_013410565,
,,,,,GCA_026642255,
170920,CHI39,NBRC 110469,1,Streptomyces abyssomicinicus,BBZI00000000.1,aerobe
,,,,,GCA_008974245,
167975,K1PN6,"NBRC 114304, TBRC 11341, DSM 114153",1,Streptomyces acidicola,GCA_009377235,aerobe
,,,,,VMNX00000000,
158532,RCU-197,"JCM 30864, TISTR 2208, PCU 342, DSM 111126",1,Streptomyces actinomycinicus,GCA_016741775,aerobe
140494,"WH-9, IMER00657","NBRC 109810, KACC 17197, DSM 111621",1,Streptomyces adustus,1609272.3,aerobe
,,,,,GCA_009377175,
24619,,"DSM 42133, CGMCC 4.5739, NBRC 108211, TRM 46012",1,Streptomyces aidingensis,2675903061,aerobe
,,,,,910347.3,
,,,,,GCA_900112355,
166321,,"CCTCC AA 2018085, KCTC 49272, TRM 68295",1,Streptomyces albicerus,GCA_008905045,aerobe
14892,,"DSM 40233, ATCC 23899, CBS 210.27, CBS 795.68, CUB 100, IFO 12854, ISP 5233, JCM 4357, NBRC 12854, RIA 1173, CCUG 11110, BCRC 12067, CGMCC 4.1658, KACC 20100, LMG 8571, NCAIM B.02135, NCIMB 9798, NRRL B-2812, PCM 2324, VKM Ac-738, VTT E-001625",0,Streptomyces albidoflavus,1886.102,aerobe
,,,,,1886.114,
,,,,,1886.115,
,,,,,1886.4,
,,,,,GCA_004195775,
,,,,,GCA_020521315,
132341,XY25,"DSM 103384, CCTCC AA 2015019, KCTC 39571",1,Streptomyces alfalfae,GCA_004127445,aerobe
,,,,,GCA_004212445,
167266,OF1,"MCC 3841T, MTCC 12906T, PCM 3001, NCIMB 15195, MCC 3841, MTCC 12906",1,Streptomyces alkaliterrae,GCA_007097205,aerobe
,,,,,VJYK00000000,
16453,D65,"DSM 42036, CGMCC 4.3510, NRRL B-24611, JCM 16122",1,Streptomyces alni,2667527403,aerobe
,,,,,380248.4,
,,,,,GCA_900112845,
159629,HST21,"DSM 107267, CECT 9647",1,Streptomyces altiplanensis,GCA_003719395,aerobe
16460,9-Sep,"DSM 41943, CGMCC 4.5510, MCCC 1A01535, JCM 16801, NRRL B-24776",1,Streptomyces avicenniae,GCA_000719135,aerobe
15040,MA-833,"DSM 40526, ATCC 27419, CBS 730.72, IFO 13429, ISP 5526, NBRC 13429, NRRL 3077, RIA 1390, CCUG 54639, NCIMB 11996, JCM 4726, BCRC 13384, CGMCC 4.1583, IMET 43538, KCTC 9757, MTCC 1808, PCM 2342, VKM Ac-1074",1,Streptomyces avidinii,1895.6,aerobe
,,,,,1895.8,
,,,,,2913541555,
,,,,,GCA_014650695,
,,,,,GCA_017874515,
164484,Bv016,"JCM 33208, TISTR 2645",1,Streptomyces bauhiniae,GCA_004784475,aerobe
,,,,,SRRT00000000,
131438,11A07,"DSM 42125, CCTCC AA 2013020, JCM 19630, KCTC 29263",1,Streptomyces bohaiensis,1431344.3,aerobe
,,,,,GCA_012033785,
166390,YC537,"KCTC 39750, DSM 102303",1,Streptomyces boluensis,GCA_009908195,aerobe
16491,BK160,"DSM 42059, KACC 21093, NCIMB 14702",1,Streptomyces brevispora,2818991477,aerobe
,,,,,887462.3,
,,,,,GCA_007829885,
164410,ZFG47,"JCM 32897, CICC 11050",1,Streptomyces cadmiisoli,2875367630,aerobe
,,,,,GCA_003261055,
132630,2H-TWYE14,"DSM 100523, CGMCC 4.7275",1,Streptomyces camponoticapitis,1616125.3,aerobe
,,,,,GCA_014646115,
158362,1H-SSA4,"DSM 104537, CGMCC 4.7403",1,Streptomyces capitiformicae,2014920.5,aerobe
,,,,,2873196663,
,,,,,GCA_002214185,
,,,,,GCA_014653855,
159626,,"DSM 104115, KCTC 39850, SYSU K10008",1,Streptomyces cavernae,GCA_004023625,aerobe
,,,,,RPDJ00000000,
23302,RC1830,"DSM 42072, JCM 18411",1,Streptomyces chilikensis,GCA_001642695,aerobe
140641,RC1832,"JCM 30611, KCTC 29696), KCTC 29696",1,Streptomyces chitinivorans,GCA_029846675,aerobe
158386,JS360,"DSM 101724, NCCB 100590",1,Streptomyces cinnabarigriseus,2582581601,aerobe
16479,AS-0823,"DSM 41983, IFM 11055, JCM 17138",1,Streptomyces coacervatus,GCA_029223485,aerobe
16490,BK 168,"DSM 42063, KACC 20908, NCIMB 14704",1,Streptomyces cocklensis,GCA_028657175,aerobe
166187,MK-45,"CICC 11045, KCTC 49099",1,Streptomyces cyaneochromogenes,2857074237,aerobe
,,,,,GCA_003963535,
163941,Z022,"JCM 31053, CGMCC 4.7273",1,Streptomyces dangxiongensis,GCA_003675325,aerobe
140909,NEAU-ZJC8,"CGMCC 4.7178, JCM 30057, DSM 111118",1,Streptomyces daqingensis,1472640.3,aerobe
,,,,,GCA_014645895,
158385,,"DSM 101723, JCM 4913",1,Streptomyces davaonensis,1214101.16,aerobe
,,,,,1214101.3,
,,,,,2561511188,
,,,,,GCA_000349325,
134332,DAS-139,"KCTC 19241, CCTCC AA 207004",1,Streptomyces deccanensis,GCA_022385335,aerobe
158423,NEAU-S1GS20,"DSM 104538, CCTCC AA 2017006",1,Streptomyces durbertensis,2448886.3,aerobe
,,,,,GCA_014156695,
164255,TW1S1,"JCM 32404, KCTC 49013",1,Streptomyces fodineus,GCA_001735805,aerobe
15209,145,"DSM 43154, ATCC 19345, JCM 3101, KCC A-0101, RIA 884, BCRC 12344, CBS 639.66, CGMCC 4.1909, CMI 117720, IFO 12999, NBRC 12999, NCIMB 11004, NRRL B-3856",1,Streptomyces fumigatiscleroticus,66371.3,aerobe
,,,,,GCA_014647975,
133306,m16,"CGMCC 4.7110, KCTC 29195",1,Streptomyces fuscichromogenes,1324013.3,aerobe
,,,,,GCA_014645815,
158796,JBL-20,"KACC 18269, NBRC 110629",1,Streptomyces fuscigenes,GCA_021556455,aerobe
16410,FXJ 14,"DSM 41867, AS 4.1858, JCM 12278, LMG 22082, NBRC 100913, CGMCC 4.1858, NRRL B-24320",1,Streptomyces glauciniger,235986.3,aerobe
,,,,,2671180020,
,,,,,GCA_900188405,
16429,701,"DSM 41944, CGMCC 4.2022, JCM 13274, CIP 109258, NBRC 102070",1,Streptomyces guanduensis,2667527439,aerobe
,,,,,310781.4,
,,,,,GCA_900103985,
16427,,"DSM 41900, YIM 47672, CCTCC AA 205017, JCM 15129",1,Streptomyces hainanensis,2866725952,aerobe
,,,,,402648.3,
,,,,,GCA_004348415,
23303,NEAU-Da3,"DSM 42076, CGMCC 4.7047",1,Streptomyces harbinensis,1176198.3,aerobe
,,,,,2675903139,
,,,,,GCA_900116145,
16024,NEAU-W2,"DSM 42073, CGMCC 4.7004, JCM 19675, ATCC BAA-2424",1,Streptomyces heilongjiangensis,GCA_028401405,aerobe
159625,HST28,"DSM 107268, CECT 9648",1,Streptomyces huasconensis,2866435396,aerobe
,,,,,GCA_004010275,
16476,"FH 8121, OU-40","DSM 42074, CCTCC AA 209024, JCM 17657, PCM 2692",1,Streptomyces hyderabadensis,GCA_020404845,aerobe
158473,NEAU-D10,"DSM 106197, CGMCC 4.7469",1,Streptomyces inhibens,2862256214,aerobe
,,,,,GCA_003389455,
16471,"35, HM 35","DSM 41954, CCUG 57623, JCM 17327",1,Streptomyces iranensis,2913549288,aerobe
,,,,,576784.4,
,,,,,576784.8,
,,,,,GCA_017874715,
132826,G25,"DSM 101878, LMG 29545, NCCB 100603",1,Streptomyces jeddahensis,2744054525,aerobe
,,,,,GCA_001642995,
16409,FXJ 46,"DSM 41866, AS 4.1859, JCM 12279, CGMCC 4.1859, NBRC 102068",1,Streptomyces jietaisiensis,235987.5,aerobe
,,,,,2667527442,
,,,,,GCA_900102095,
130725,S2704,"DSM 42104, KCTC 29202",1,Streptomyces klenkii,1420899.3,aerobe
,,,,,2867332405,
,,,,,GCA_003626645,
16407,VK-A60,"DSM 41864, JCM 14915, KCCM 10555, NBRC 100598, NCIMB 14342",1,Streptomyces koyangensis,GCA_003428925,aerobe
131989,NEAU-ML8,"DSM 101986, CGMCC 4.7323",1,Streptomyces kronopolitis,1612435.3,aerobe
,,,,,GCA_014646275,
133232,Z1027,"CGMCC 4.7272, JCM 31054, DSM 111125",1,Streptomyces lacrimifluminis,1500077.3,aerobe
,,,,,GCA_014646095,
133105,3H-HV17(2),"CGMCC 4.7349, DSM 103124",1,Streptomyces lasiicapitis,1923961.3,aerobe
,,,,,GCA_014646335,
159852,LCR6-01,"KCTC 39908, TISTR 2500",1,Streptomyces lichenis,GCA_023218175,aerobe
16473,Sp080513GE-26,"DSM 41968, NBRC 105047",1,Streptomyces marinus,2870579115,aerobe
,,,,,582855.3,
132036,,"DSM 103493, JCM 17576, KCTC 29124, MBRL 179, KCTC 19853, KCTC 29106",1,Streptomyces muensis,GCA_021474425,aerobe
16012,,"DSM 41925, CCTCC AA 208005, KCTC 19400, SCSIO 01066, JCM 16226, DSM 104449",1,Streptomyces nanshensis,GCA_001751275,aerobe
159200,NEAU-C40,"DSM 107943, CCTCC AA 2018038",1,Streptomyces oryziradicis,GCA_005047355,aerobe
,,,,,SUMC00000000,
133581,OU-63,"CCTCC AA 209025, PCM 2690, JCM 17656",1,Streptomyces osmaniensis,2768067.3,aerobe
,,,,,GCA_018596355,
166286,OTB305,"NBRC 113255, TBRC 9682, DSM 114175",1,Streptomyces otsuchiensis,2484744.3,aerobe
,,,,,2868441088,
,,,,,GCA_004305975,
133134,CMU-AB204,"JCM 31289, TBRC 1999, DSM 111123",1,Streptomyces palmae,1701085.3,aerobe
,,,,,2866937661,
,,,,,GCA_004684805,
16430,1413,"DSM 41946, CGMCC 4.2025, JCM 13276, CIP 109250, NBRC 102072",1,Streptomyces paucisporeus,2667527448,aerobe
,,,,,310782.3,
,,,,,GCA_900142575,
133132,PA1-07,"JCM 30865, KCTC 39785, TISTR 2346, DSM 117319",1,Streptomyces phyllanthi,1803180.3,aerobe
,,,,,GCA_009377205,
133137,PL19,"NRRL B-24728, ICMP 17783",1,Streptomyces pini,2654587880,aerobe
,,,,,GCA_900114215,
159718,A249,"CGMCC 4.7417, JCM 32175",1,Streptomyces populi,2862224959,aerobe
,,,,,GCA_002911015,
16419,4776,"DSM 41884, CGMCC 4.3504, NRRL B-24621, JCM 15479",0,Streptomyces prasinopilosus,2663762722,aerobe
,,,,,382503.6,
,,,,,GCA_001418395,
,,,,,GCA_900101585,
16434,R97,"DSM 41901, CGMCC 4.3519, JCM 15480",1,Streptomyces radiopugnans,2663762755,aerobe
,,,,,403935.4,
,,,,,GCA_900110735,
166150,1AS2c,"CMAA 1679, NRRL B-65479, DSM 105299",1,Streptomyces rhizosphaericola,GCA_004794175,aerobe
157895,,"DSM 106196, NCCB 100637, MBT 76",1,Streptomyces roseifaciens,GCA_001445655,aerobe
16431,13c15,"DSM 41947, CGMCC 4.2026, JCM 13277, CIP 109249, NBRC 102073, NRRL B-24619",1,Streptomyces rubidus,2671180039,aerobe
,,,,,310780.5,
,,,,,GCA_001723065,
,,,,,GCA_900110255,
16397,IMSNU-1,"DSM 41840, IMSNU 21266, KCTC 9819, JCM 10116, CIP 105312, IFO 16255, IFO 16668, NBRC 16255, NBRC 16668, NRRL B-24310, IMSNU 1, IFO (now NBRC) 16255, IFO (now NBRC) 16668",1,Streptomyces seoulensis,2857083903,aerobe
,,,,,73044.9,
,,,,,GCA_000725795,
,,,,,GCA_004328625,
164369,,"JCM 32822, CGMCC 4.7581, LAM 7114",1,Actinacidiphila soli,GCA_003999195,aerobe
16447,GW 41-1564,"DSM 41924, CCM 7499, CCUG 55648, JCM 16611",1,Streptomyces specialis,GCA_001493375,aerobe
132965,HNM0071,"DSM 103383, CCTCC AA 2015018, KCTC 39604",1,Streptomyces spongiicola,2851877514,aerobe
,,,,,GCA_003122365,
166322,,"CCTCC AA 2018052, KCTC 49254, TRM 43335",1,Streptomyces taklimakanensis,GCA_009709575,aerobe
166107,XZ 46,"CGMCC 4.7579, KCTC 49221",1,Streptomyces tibetensis,GCA_005869865,aerobe
,,,,,GCA_007655005,
159479,NEAU-YY421,"DSM 106775, CGMCC 4.7476",1,Streptomyces triticagri,2862290372,aerobe
,,,,,GCA_003429565,
,,,,,QUAK00000000,
159640,NEAU-YY642,"DSM 107172, CCTCC AA 2018092",1,Streptomyces triticirhizae,2862705112,aerobe
,,,,,GCA_003696235,
,,,,,RFFJ00000000,
159651,NEAU-DSCPA1-4-4,"DSM 105118, CCTCC AA 2017025",1,Streptomyces triticisoli,2862233620,aerobe
,,,,,GCA_003270085,
140496,CPB1-1,"JCM 18519, PCU 343, TISTR 2344, DSM 111120",1,Streptomyces verrucosisporus,GCA_017114865,aerobe
16438,GIMV4.0001,"DSM 41927, CCTCC M205143, IAM 15340, JCM 21785, CCTCC M 205143, NBRC 104153",1,Streptomyces vietnamensis,2582581575,aerobe
,,,,,2872942632,
,,,,,GCA_000830005,
16126,04889,"DSM 40243, ATCC 27479, CBS 654.72, IFO 13353, ISP 5243, JCM 4859, NBRC 13353, NRRL 2414, RIA 1314, CCUG 37512, BCRC 11870, CGMCC 4.1770, IMET 43514, KCTC 9145, NCIMB 9824, VKM Ac-1769, VKM Ac-618, CCRC 11870, NCIB 9824, NRRL ISP-5243, CIP 108230",1,Streptomyces viridosporus,2806311004,aerobe
,,,,,67581.3,
,,,,,GCA_002078235,
15220,"FH 1290, CEST 3210","DSM 40746, ATCC 14672, CBS 544.70, JCM 4963, KCTC 9882, NRRL B-12104, CECT 3210, CGMCC 4.1967, IFO 15414, NBRC 15414",0,Streptomyces viridosporus,566461.4,aerobe
,,,,,645058824,
,,,,,GCA_000156435,
24618,FX61,"DSM 42132, CGMCC 4.7042, KCTC 29112",1,Streptomyces wuyuanensis,1196353.3,aerobe
,,,,,2675903062,
,,,,,GCA_900103455,
16454,318,"DSM 41903, CGMCC 4.3534, MCCC 1A01550, JCM 16123",1,Streptomyces xiamenensis,GCA_000993785,aerobe
16464,S187,"DSM 42015, CCTCC AA 208049, KCTC 19546, NRRL B-24674, JCM 16958",1,Streptomyces xinghaiensis,1038929.3,aerobe
,,,,,GCA_000220705,
16432,1307,"DSM 41945, CGMCC 4.2023, JCM 13275, CIP 109248, NBRC 102071",1,Streptomyces yanglinensis,2667527441,aerobe
,,,,,310779.3,
,,,,,GCA_900107965,
132432,fd2-tb,"DSM 100336, CGMCC 4.7256",1,Streptomyces yangpuensis,2627853788,aerobe
,,,,,GCA_001005295,
16411,,"DSM 41868, IMSNU 50114, KCTC 9926, NRRL B-24245, CN 732, JCM 12366, NBRC 100782",1,Streptomyces yeochonensis,GCA_000745345,aerobe
133638,K42,"ACCC 41871, HAMBI 3107, CCNWNQ 0016, JCM 18080",1,Streptomyces zinciresistens,2531839181,aerobe
,,,,,700597.3,
,,,,,GCA_000225525,
132561,,"DSM 46887, CECT 8961, SG 1",1,Streptosporangium becharense,1816182.3,aerobe
,,,,,1816182.4,
,,,,,2823942327,
,,,,,2870730386,
,,,,,GCA_014191075,
,,,,,GCA_014204985,
16589,"N I 9100, UNCC 27 B","DSM 43021, ATCC 12428, CBS 313.56, IAM 14294, IFO 3776, JCM 3005, KCC A-0005, NBRC 3776, NCIB 10171, NRRL B-2505, RIA 470, BCRC 12463, BCRC 13667, CGMCC 4.1208, CGMCC 4.2071, IMSNU 20328, KCTC 9067, MTCC 332, NCIMB 10171, NRRL 2505, VKM Ac-807",1,Streptosporangium roseum,479432.19,aerobe
,,,,,479432.6,
,,,,,646311958,
,,,,,GCA_000024865,
132441,,"DSM 46743, CECT 8840, SG 20",1,Streptosporangium saharense,1706840.3,aerobe
,,,,,2863332268,
,,,,,GCA_014203715,
23323,GW-12028,"DSM 45763, LMG 27062, JCM 30998, CIP 110537",1,Streptosporangium sandarakinum,1260955.3,aerobe
,,,,,2852721695,
,,,,,GCA_013409935,
7490,K300,"DSM 13056, ATCC BAA-168, CCUG 43135, JCM 11267, CIP 106947, IAM 15123, NBRC 103085, NCIMB 13774, VKM Ac-2508",1,Subtercola boreus,120213.8,aerobe
,,,,,120213.9,
,,,,,2814123445,
,,,,,2832552210,
,,,,,GCA_003399685,
,,,,,GCA_006716115,
7491,K265,"DSM 13057, ATCC BAA-169, CCUG 43136, JCM 11268, CIP 106948, IAM 15152, NBRC 103086, NCIMB 13775, VKM Ac-2509",1,Subtercola frigoramans,120298.3,aerobe
,,,,,2893543475,
,,,,,GCA_016907385,
133103,9583b,"DSM 103962, CGMCC 1.12976, KCTC 33586, JCM 33410",1,Subtercola lobariae,1588641.3,aerobe
,,,,,GCA_014640255,
,,,,,GCA_016881145,
13794,EL-162,"DSM 11443, ATCC BAA-4, KCTC 32186, JCM 21790, IAM 15345",1,Sulfitobacter brevis,2619619004,aerobe
,,,,,74348.5,
,,,,,GCA_900112755,
13796,,"DSM 16477, ATCC BAA-321, KCTC 32183, KMM 3584, LMG 20554",1,Sulfitobacter delicatus,218672.5,aerobe
,,,,,2634166359,
,,,,,GCA_900102535,
13800,DSW-25,"DSM 23563, JCM 14565, KCTC 12864",1,Sulfitobacter donghicola,1300350.3,aerobe
,,,,,1300350.4,
,,,,,2574180243,
,,,,,2588253841,
,,,,,GCA_000622405,
,,,,,GCA_000712275,
13795,,"DSM 16472, ATCC BAA-320, KCTC 32184, KMM 3554, LMG 20555",1,Sulfitobacter dubius,218673.14,aerobe
,,,,,2616644813,
,,,,,GCA_900113435,
13799,EL-38,"DSM 11458, ATCC BAA-5, JCM 21791, KCTC 32187, IAM 15346, KCTC 12526, LMG 19755",1,Sulfitobacter guttiformis,1443111.3,aerobe
,,,,,2579778904,
,,,,,2737471612,
,,,,,74349.1,
,,,,,74349.11,
,,,,,74349.12,
,,,,,74349.17,
,,,,,GCA_000622425,
,,,,,GCA_003610455,
13684,,"DSM 14862, MCCC 1A11773, NCIMB 13983, HEL Hel45, HEL 45",1,Sulfitobacter indolifex,GCA_022788655,aerobe
13797,,"DSM 17584, KCTC 12521, Iso 3",1,Sulfitobacter litoralis,2622736527,aerobe
,,,,,335975.8,
,,,,,GCA_900103185,
13798,SW-265,"DSM 23422, JCM 13602, KCTC 12738",1,Sulfitobacter marinus,2619619641,aerobe
,,,,,394264.5,
,,,,,GCA_900116285,
13793,CH-B427,"DSM 12244, KCTC 32188, JCM 21792, ATCC 700856, IAM 15347, LMG 19756",1,Sulfitobacter mediterraneus,1443112.3,aerobe
,,,,,2574179802,
,,,,,2734482289,
,,,,,83219.7,
,,,,,GCA_000622345,
,,,,,GCA_003054325,
13791,,"DSM 10014, CHLG 10, KCTC 32185, LMD 95.85, JCM 21789, IAM 15344, LMG 19752, NCCB 95085, VKM B-2022",1,Sulfitobacter pontiacus,2622736431,aerobe
,,,,,60137.1,
,,,,,GCA_900106935,
166231,HSMS-29,"KACC 19870, NBRC 113549",1,Sulfitobacter sabulilitoris,2898659724,aerobe
,,,,,GCA_005887615,
170934,JBTF-M27,"KACC 21648, NBRC 114356",1,Sulfitobacter sediminilitoris,GCA_010667575,aerobe
,,,,,JAABNT000000000,
18037,Kr1,"DSM 17362, VKM B-2339",1,Sulfobacillus thermotolerans,GCA_002951815,aerobe
140590,HS-1,"InaCC Ar79, JCM 31740",1,Sulfodiicoccus acidiphilus,1670455.11,aerobe
,,,,,1670455.8,
,,,,,2788499800,
,,,,,GCA_003967175,
,,,,,GCA_014648235,
2238,B6/99/2,"CCUG 47400, DSM 18249, CCUG 49457, CIP 108998, NCTC 13337",1,Suttonella ornithocola,279832.3,aerobe
,,,,,279832.4,
,,,,,2831467990,
,,,,,2831884335,
,,,,,GCA_001889065,
,,,,,GCA_900460265,
166406,"Mal52, Mal 52, Malle 52","DSM 101177, VKM B-3432",1,Symmachiella dynata,GCA_007747995,aerobe
166407,CA54,"DSM 104301, VKM B-3450",1,Symmachiella macrocystis,GCA_007860075,aerobe
16688,MPA,"DSM 18709, JCM 14374, NBRC 102128",1,Syntrophomonas palmitatica,1294023.3,aerobe
,,,,,2728369699,
,,,,,GCA_001311885,
166256,DJC,"CICC 24242, KCTC 62173",1,Tabrizicola alkalilacus,GCA_003443995,aerobe
134350,JW-26,"KCTC 22176, CCUG 55327",1,Tamlana agarivorans,2744054878,aerobe
,,,,,481183.3,
,,,,,GCA_001642835,
166479,UJ94,"KCTC 62451, NBRC 113234",1,Tamlana carrageenivorans,2788500294,aerobe
,,,,,GCA_002893765,
134226,"HST1-43T, HST1-43","KCTC 12721, JCM 14021, CIP 109573",1,Tamlana crocina,GCA_012037625,aerobe
156387,,"CCUG 61473, LMG 26467",1,Tardiphaga robiniae,943830.8,aerobe
,,,,,GCA_013359755,
5177,"BD 875, FERM-P 5449","DSM 13699, ATCC 31623, CCUG 30156, CIP 105599, FERM P-5449, JCM 8882, LMG 22049, SHS 2003, CCM 4319, KCTC 12451, KCTC 2805, NCPPB 3826",1,Tatumella citrea,2757320934,aerobe
,,,,,53336.1,
,,,,,53336.11,
,,,,,53336.7,
,,,,,GCA_002163585,
68,170/96,"DSM 14915, CIP 107418, CCUG 55703",1,Roseomonas ludipueritiae,198093.3,aerobe
,,,,,GCA_014490445,
141110,HZ1,"MCCC 1H00174, KCTC 52476",1,Tenacibaculum agarivorans,2788500482,aerobe
,,,,,GCA_001936575,
134318,a4,"BCRC 17655, LMG 24004",1,Tenacibaculum aiptasiae,GCA_008806755,aerobe
5655,"LL04 11.1.1, LL04.11.1.1","DSM 18842, NCIMB 14278",1,Tenacibaculum discolor,2734482798,aerobe
,,,,,361581.3,
,,,,,GCA_003664185,
5653,A37.1,"DSM 18841, NCIMB 14147",1,Tenacibaculum gallaicum,2756170236,aerobe
,,,,,561505.3,
,,,,,GCA_003387615,
140709,RA3-2,"KCTC 52419, NBRC 112382",1,Tenacibaculum haliotis,GCA_025215075,aerobe
5650,TF-26,"DSM 16505, KCTC 12302, CIP 12302",1,Tenacibaculum lutimaris,2739368073,aerobe
,,,,,285258.3,
,,,,,GCA_003610735,
5651,"R-2, R2","DSM 17995, ATCC 43398, IAM 14317, IFO 15946, NBRC 15946, NCIMB 2154, CCUG 35198, LMG 11612, CIP 103528, JCM 21157",1,Tenacibaculum maritimum,1349785.3,aerobe
,,,,,2568526045,
,,,,,2802429273,
,,,,,GCA_000509405,
,,,,,GCA_900119795,
5652,EKD 002,"CCUG 35199, CIP 106403, DSM 18103, ATCC 51887, IAM 14318, IFO 15947, NCIMB 13127, JCM 21158, LMG 13026, NBRC 15947",1,Tenacibaculum ovolyticum,1123347.4,aerobe
,,,,,2523533531,
,,,,,GCA_000430545,
166323,TLL-A2,"DSM 106434, KCTC 62393",1,Tenacibaculum singaporense,2358479.3,aerobe
,,,,,2843717175,
,,,,,GCA_003867015,
158792,LPB0136,"KACC 18887, JCM 31564",1,Tenacibaculum todarodis,2728369366,aerobe
,,,,,GCA_001889045,
166542,Uno3,"NBRC 113152, LMG 30471, BCRC 81113",1,Tengunoibacter tsumagoiensis,2014871.3,aerobe
,,,,,2848419202,
,,,,,GCA_003967535,
134095,28-1,"AS 1.3442, NBRC 100370",1,Tenuibacillus multivorans,237069.5,aerobe
,,,,,GCA_007989445,
3021,TU-16,"DSM 19605, CIP 108724, LMG 23030",1,Tepidicella xavieri,2770939514,aerobe
,,,,,360241.4,
,,,,,GCA_004363315,
17944,CLN-1,"DSM 14833, CCUG 48750, ATCC BAA-469",1,Tepidimonas aquatica,GCA_007556585,aerobe
133882,AT-A2,"LMG 26746, KCTC 23862, BCRC 80391",1,Tepidimonas fonticaldi,GCA_007556755,aerobe
166324,B18-69,"CGMCC 1.13573, KCTC 62782",1,Tepidiphilus baoligensis,GCA_012911495,aerobe
6138,4BON,"DSM 15512, CIP 107790",1,Tepidiphilus succinatimandens,224436.3,aerobe
,,,,,GCA_006503695,
140870,B3,"KCTC 42652, CGMCC 1.15254",1,Terasakiella brassicae,1634917.3,aerobe
,,,,,GCA_014641495,
24757,T7902,"DSM 15152, ATCC 39867",1,Teredinibacter turnerae,1056820.3,aerobe
,,,,,2513237099,
,,,,,GCA_000379165,
24754,T7901,DSM 15142,0,Teredinibacter turnerae,377629.3,aerobe
,,,,,644736410,
,,,,,GCA_000023025,
24759,T8402,DSM 15175,0,Teredinibacter turnerae,1073969.3,aerobe
,,,,,2519899652,
,,,,,GCA_000381645,
6288,5516J-36,"DSM 18562, CIP 109801, KACC 20556, JCM 16379, KCTC 39580, NBRC 106305",1,Terrabacter aerolatus,422442.3,aerobe
,,,,,GCA_007991735,
23755,YI7-61,"DSM 28352, CGMCC 1.8913, NBRC 105790",1,Terribacillus aidingensis,2681812962,aerobe
,,,,,586416.5,
,,,,,GCA_900215625,
1517,CL-GR16,"DSM 18252, KCCM 42329",1,Terribacillus goriensis,386490.3,aerobe
,,,,,GCA_002884435,
1518,002-051,"DSM 21620, IAM 15310, JCM 21760, KCTC 13937, CGMCC 1.7684, CIP 109484",1,Terribacillus halophilus,2675903149,aerobe
,,,,,361279.6,
,,,,,GCA_900101385,
1519,002-048,"DSM 21619, IAM 15309, JCM 21759, KCTC 13936, CGMCC 1.7685, CIP 109483",1,Terribacillus saccharophilus,2636416060,aerobe
,,,,,361277.14,
,,,,,361277.15,
,,,,,GCA_002335735,
,,,,,GCA_900110015,
130139,03SUJ4,"DSM 29483, JCM 17517, KCTC 23332",1,Terriglobus aquaticus,GCA_025685415,aerobe
135,SP1PR4,"DSM 23119, ATCC BAA-1853",1,Terriglobus saanensis,401053.4,aerobe
,,,,,649633100,
,,,,,GCA_000179915,
7303,MSL-15,"DSM 19267, JCM 16539, KCTC 19270, MSL 15, CGMCC 1.10440",1,Terrimesophilobacter mesophilus,2844824163,aerobe
,,,,,2866042470,
,,,,,2867779128,
,,,,,433647.12,
,,,,,433647.16,
,,,,,433647.3,
,,,,,GCA_002929725,
,,,,,GCA_004402605,
,,,,,GCA_014200375,
23112,1P05MA,"DSM 30849, JCM 31985, NRRL B-59547",1,Tersicoccus phoenicis,2788500076,aerobe
,,,,,554083.4,
,,,,,GCA_001968835,
133304,36A,"KCTC 33776, CGMCC 1.15480",1,Tersicoccus solisilvae,1882339.3,aerobe
,,,,,GCA_014643255,
158783,NSG39,"KACC 17540, JCM 19289",1,Tessaracoccus aquimaris,GCA_001997345,aerobe
12666,SST-39,"DSM 18582, KCTC 19196, JCM 16025, CGMCC 1.10436",1,Tessaracoccus flavescens,399497.3,aerobe
,,,,,399497.5,
,,,,,CP019607,
23769,13CC,"DSM 24696, JCM 17654",1,Texcoconibacillus texcoconensis,1095777.3,aerobe
,,,,,2861573552,
,,,,,GCA_014202575,
1391,G-19.1,"DSM 16966, CCM 7282, CECT 7046, CIP 108959",1,Thalassobacillus devorans,279813.4,aerobe
,,,,,279813.5,
,,,,,2824388614,
,,,,,GCA_011761345,
,,,,,GCA_014635125,
141073,HSF7,"KCTC 42651, MCCC 1K01158",1,Thalassobaculum fulvum,1633335.3,aerobe
,,,,,GCA_014652915,
130638,KU5D5,"DSM 29506, JCM 17792, KCTC 23660",1,Lutimaribacter litoralis,1010611.6,aerobe
,,,,,2724679730,
,,,,,GCA_900182725,
13802,XSM19,"DSM 16398, CCUG 49438, CECT 5383, CIP 108400",1,Thalassobius mediterraneus,2681813506,aerobe
,,,,,2713896964,
,,,,,340021.11,
,,,,,GCA_001458435,
,,,,,GCA_900156595,
167510,ISS155,"CECT 9533, LMG 31237, ISS 155",1,Thalassocella blandensis,2584524.3,aerobe
,,,,,CABFPG01,
23237,UST050418-052,"DSM 26915, JCM 13833, NRRL B-41465, CIP 109727, KCTC 22637",1,Thalassococcus halodurans,2617270859,aerobe
,,,,,373675.5,
,,,,,GCA_900108225,
156571,,"CCUG 62791, KCTC 32084",1,Thalassococcus lentus,GCA_028023555,aerobe
164142,WRAS1,"JCM 31873, CGMCC 1.16123, KCTC 52696, MCCC 1K03253",1,Thalassococcus profundi,2832770347,aerobe
,,,,,GCA_003344785,
11294,Mil-1,"DSM 14913, LMG 21420",1,Thalassolituus oleivorans,1298593.3,aerobe
,,,,,2597489935,
,,,,,GCA_000355675,
133421,A5K-106,"MBIC 08328, NCIMB 14418, NBRC 104231",1,Thalassomonas actiniarum,2630968886,aerobe
,,,,,485447.8,
,,,,,GCA_000948975,
166506,BH-SD16,"CCTCC AB 2017073, KCTC 62201",1,Thalassorhabdomicrobium marinisediminis,2845908004,aerobe
,,,,,GCA_003072065,
159890,CSC3H3,"MCCC 1A11786, KCTC 62333",1,Thalassospira marina,2775506933,aerobe
,,,,,GCA_002844375,
2883,,"DSM 19706, BCRC 17492, JCM 13379, TMA 1",1,Thalassotalea agarivorans,2599185215,aerobe
,,,,,349064.5,
,,,,,GCA_900111755,
140539,LPB0090,"KACC 18695, JCM 31189",1,Thalassotalea crassostreae,2718218024,aerobe
,,,,,2744054623,
,,,,,GCA_001652445,
,,,,,GCA_001831495,
13917,S2,"DSM 14742, LMG 26917, CIP 110164",1,Thauera aminoaromatica,1234381.3,aerobe
,,,,,2537561694,
,,,,,GCA_000310185,
13908,K172,"DSM 6984, CIP 107765",1,Thauera aromatica,2791355019,aerobe
,,,,,44139.8,
,,,,,GCA_003030465,
13911,LG356,DSM 14794,0,Thauera aromatica,GCA_023093595,aerobe
13912,SP,DSM 14805,0,Thauera aromatica,GCA_023093695,aerobe
13921,"Bu B1211, BUB-1211","DSM 2080, ATCC 43655, IAM 12574, CCUG 51053, JCM 20651, NBRC 103042, CIP 107886",1,Thauera butanivorans,1219356.5,aerobe
,,,,,2731957639,
,,,,,GCA_001591165,
13920,3CB-1,"DSM 18012, ATCC 700723, CIP 107679, KCTC 12933",1,Thauera chlorobenzoica,2651870126,aerobe
,,,,,96773.1,
,,,,,GCA_900108255,
13913,47Lol,"DSM 12138, CCUG 41526, JCM 21573, CIP 105981, IAM 15112",1,Thauera linaloolentis,1123367.11,aerobe
,,,,,1123367.4,
,,,,,2531839277,
,,,,,2556921623,
,,,,,GCA_000310205,
,,,,,GCA_000621305,
13916,TL1,"CCUG 48884, CIP 106978, ATCC 700857, DSM 12266",1,Thauera mechernichensis,GCA_029588855,aerobe
13918,B4P,"DSM 14743, LMG 26918, CIP 110163",1,Thauera phenylacetica,1234382.3,aerobe
,,,,,2531839276,
,,,,,GCA_000310225,
13914,58Eu,"CCUG 41527, DSM 12139, CIP 105982",1,Thauera terpenica,1348657.5,aerobe
,,,,,2579778713,
,,,,,GCA_000443165,
11163,I3,"DSM 22891, JCM 16421",1,Thermasporomyces composti,2778260933,aerobe
,,,,,696763.3,
,,,,,GCA_003386795,
11666,KWC4,"DSM 18247, JCM 13945",1,Thermobacillus composti,2508501069,aerobe
,,,,,717605.9,
,,,,,GCA_000227705,
11261,,"DSM 44931, JCM 16012, KCTC 19123, YIM 90462",1,Thermobifida halotolerans,2806310643,aerobe
,,,,,2839664203,
,,,,,483545.3,
,,,,,483545.5,
,,,,,GCA_001660385,
,,,,,GCA_003574835,
16632,,"DSM 45615, CCTCC AA 2011013, YIM 77521, JCM 17698",1,Thermocatellispora tengchongensis,1073253.3,aerobe
,,,,,2861438687,
,,,,,GCA_014202315,
166208,FBKL4.011,"KCTC 43036, CICC 24504",1,Thermoflavimicrobium daqui,GCA_003313465,aerobe
16783,"114, N1595","DSM 44778, ATCC 49854, JCM 9688, KCTC 3667, NCIMB 10211, VKM Ac-1435, CUB 581",1,Thermoactinomyces dichotomicus,2675903228,aerobe
,,,,,46223.5,
,,,,,GCA_900114055,
166502,A1-2,"NBRC 113123, CGMCC 1.13886",1,Thermogemmatispora aurantia,2045279.3,aerobe
,,,,,2890165298,
,,,,,GCA_008974285,
140666,"ONI-1, ON1-1","KCTC 19768, JCM 16817, NBRC 111776",1,Thermogemmatispora onikobensis,2832587005,aerobe
,,,,,732234.3,
,,,,,GCA_001748285,
23770,E265,"DSM 24979, NCIMB 14850",1,Thermolongibacillus altinsuensis,2788499848,aerobe
,,,,,575256.3,
,,,,,GCA_004341205,
166252,SY21,"KCTC 62191, NBRC 113114",1,Thermomonas aquatica,GCA_006337105,aerobe
157686,3/22/03,"DSM 46802, CGMCC 4.7155, ATCC BAA-2627",1,Thermomonospora catenispora,2887403198,aerobe
,,,,,GCA_006363815,
133585,SK20-1,"JCM 16142, ATCC BAA-1881, NBRC 105916",1,Thermosporothrix hazakensis,644383.5,aerobe
,,,,,GCA_003253565,
,,,,,GCA_005402645,
133484,TH92,"CGMCC 1.6992, JCM 15153",1,Thermus arciformis,2617270932,aerobe
,,,,,482827.4,
,,,,,GCA_022556335,
,,,,,GCA_900102145,
140694,,"NBRC 112415, CCTCC AB 2016305, YIM 73026",1,Thermus caldifontis,1930763.4,aerobe
,,,,,2758568001,
,,,,,GCA_003336745,
16733,K-39,"DSM 21686, JCM 19902, NCAIM B 02340",1,Thermus composti,532059.3,aerobe
,,,,,GCA_014647535,
16732,,"DSM 21543, JCM 19901, PRI 3838, ATCC BAA-1677",1,Thermus islandicus,1123389.3,aerobe
,,,,,2524614852,
,,,,,GCA_000421625,
24640,,"DSM 25900, CCTCC AB 2012063, KCTC 32025, YIM 77924",1,Thermus tengchongensis,GCA_021462405,aerobe
168303,,"CFH 72773, KCTC 43129, CCTCC AB 2018244",1,Thermus thermamylovorans,GCA_004307015,aerobe
,,,,,SIJL00000000,
2481,5811,DSM 5653,1,Thiocapsa marina,2508501107,aerobe
,,,,,768671.3,
,,,,,GCA_000223985,
130630,DLFJ1-1,"DSM 29618, CGMCC 1.12325, LMG 27290, MCCC 1A03957",1,Thioclava dalianensis,1185766.6,aerobe
,,,,,2585427678,
,,,,,2663762756,
,,,,,GCA_000715505,
,,,,,GCA_900115035,
140534,25B10_4,"MCCC 1A07302, LMG 29614",1,Thioclava nitratireducens,2751185746,aerobe
,,,,,GCA_001940525,
13804,TL 2,"DSM 10166, UNIQEM 229",1,Thioclava pacifica,1353537.7,aerobe
,,,,,2585427686,
,,,,,GCA_000714535,
17911,HRh1,"DSM 21152, UNIQEM U249",1,Thiohalobacter thiocyanaticus,GCA_003932505,aerobe
4300,HL 3,"DSM 15071, UNIQEM U219",1,Thiohalospira halophila,1123397.11,aerobe
,,,,,GCA_900112605,
166194,HaS4,"NBRC 112315, BCRC 81110",1,Thiomicrorhabdus aquaedulcis,2839896438,aerobe
,,,,,GCA_004001325,
11931,SVAL-E,"DSM 13458, ATCC 700955",1,Thiomicrorhabdus arctica,1123514.3,aerobe
,,,,,2522572127,
,,,,,GCA_000381085,
17950,S10,"DSM 18181, JCM 14806",1,Thiomonas bhubaneswarensis,2615840605,aerobe
,,,,,339866.4,
,,,,,GCA_001418255,
,,,,,GCA_001517285,
130582,X2,"DSM 28679, CCTCC M 2013362, KCTC 42076",1,Thiopseudomonas denitrificans,1501432.3,aerobe
,,,,,1501432.4,
,,,,,2770939502,
,,,,,GCA_002866065,
,,,,,GCA_004363035,
17083,G1,DSM 21228,1,Thiothrix caldifontis,2599185268,aerobe
,,,,,525918.3,
,,,,,GCA_900107695,
17084,BL,"DSM 21227, VKM B-2521",1,Thiothrix lacustris,1123401.3,aerobe
,,,,,2556921650,
,,,,,GCA_000621325,
5235,,"DSM 18579, CCUG 49520, CIP 108754",1,Thorsellia anophelis,1123402.3,aerobe
,,,,,2599185261,
,,,,,GCA_900111395,
140280,,"DSM 101684, KCTC 42873, YIM 73013",1,Tibeticola sediminis,1917811.4,aerobe
,,,,,2786546139,
,,,,,GCA_003843835,
14025,,"DSM 21585, JCM 15529, KCTC 22406, USBA 355",1,Tistlia consotensis,1321365.4,aerobe
,,,,,2724679789,
,,,,,GCA_900188055,
294,TA4,DSM 9187,1,Tolumonas auensis,595494.3,aerobe
,,,,,643692052,
,,,,,GCA_000023065,
17888,,"DSM 45403, NBRC 106253, AHU 1821",1,Tomitella biformata,1448389.3,aerobe
,,,,,2585427829,
,,,,,630403.3,
,,,,,GCA_000524475,
,,,,,GCA_016599245,
13840,A34,"DSM 19547, JCM 14836",1,Tranquillimonas alkanivorans,2622736594,aerobe
,,,,,441119.6,
,,,,,GCA_900115595,
158379,B5,"DSM 104692, KCTC 33885",1,Trichococcus alkaliphilus,2791354986,aerobe
,,,,,GCA_003008695,
158378,B7-2,"DSM 104691, KCTC 33886",1,Trichococcus paludicola,2791354984,aerobe
,,,,,GCA_003052295,
2284,PmagG1,"DSM 18806, ATCC BAA-756, CIP 108035, JCM 12176",1,Trichococcus patagoniensis,2737471637,aerobe
,,,,,382641.5,
,,,,,GCA_003051085,
159661,NEAU-SY24,"DSM 106065, CCTCC AA 2018003",1,Trinickia diaoshuihuensis,2900627977,aerobe
,,,,,GCA_003390925,
166476,DHOM06,"GDMCC 1.1280, LMG 30259",1,Trinickia dinghuensis,2902727578,aerobe
,,,,,GCA_003367175,
166475,7MK8-2,"GDMCC 1.1449, KCTC 62469",1,Trinickia fusca,2856301153,aerobe
,,,,,GCA_003628145,
1970,GP25-8,"DSM 18235, CIP 109628, KACC 11589, LMG 24076, CCUG 54942, JCM 16392",1,Trinickia soli,2889805101,aerobe
,,,,,380675.5,
,,,,,GCA_002879855,
,,,,,GCA_902859815,
130227,"NKMU-JPY-345, JPY-345","DSM 29917, BCRC 80258, KCTC 23309, LMG 26032",1,Trinickia symbiotica,2708743149,aerobe
,,,,,GCA_002934455,
158322,O3.65,"DSM 101689, LMG 29740",1,Tritonibacter horizontis,2788500136,aerobe
,,,,,GCA_001518015,
13786,N-615G15,"DSM 23403, CIP 109181, MBIC 01146, NBRC 101030",1,Tritonibacter mobilis subsp. mobilis,2693429875,aerobe
,,,,,2816332498,
,,,,,379347.143,
,,,,,379347.178,
,,,,,GCA_001681715,
,,,,,GCA_900106635,
13843,MD5,"DSM 26470, CECT 7557, KCTC 23350",1,Tritonibacter multivorans,2615840706,aerobe
,,,,,2713896962,
,,,,,928856.4,
,,,,,928856.5,
,,,,,GCA_001458415,
,,,,,GCA_028023755,
,,,,,GCA_900112515,
13787,R-28751,"DSM 25328, CCUG 55858, LMG 24367",1,Tritonibacter scottomollicae,2728369517,aerobe
,,,,,483013.3,
,,,,,GCA_003003215,
166125,LMIT003,"CICC 24660, KCTC 62895",1,Tropicibacter alexandrii,GCA_003667315,aerobe
13842,C02,"DSM 19561, CECT 7648, JCM 14838",1,Tropicibacter naphthalenivorans,2622736506,aerobe
,,,,,2713896963,
,,,,,441103.4,
,,,,,441103.7,
,,,,,GCA_001458375,
,,,,,GCA_900176475,
13841,B51,"DSM 19548, JCM 14837",1,Tropicimonas isoalkanivorans,2615840715,aerobe
,,,,,441112.6,
,,,,,GCA_900112335,
130633,M97,"DSM 29339, JCM 17731, KACC 15544",1,Tropicimonas sediminicola,1031541.3,aerobe
,,,,,2681813518,
,,,,,GCA_900188335,
17085,RQ-24,"DSM 17093, CIP 108686, LMG 22925",1,Truepera radiovictrix,646564586,aerobe
,,,,,649638.3,
,,,,,GCA_000092425,
216,"1W3/01, W3/01","DSM 17162, CIP 109229, NCTC 13354, CCUG 59862",1,Trueperella bialowiezensis,2867050372,aerobe
,,,,,312285.3,
,,,,,GCA_900637955,
217,"2W106/04, W106/04","CCUG 59861, DSM 17163, CIP 109232, NCTC 13355",1,Trueperella bonasi,2923644855,aerobe
17087,,"DSM 20162, ATCC 8368, CECT 3055, CIP 100753, IFO 12160, IFO 16083, IFO 16120, IMET 11082, JCM 10117, NBRC 12160, NBRC 16083, NBRC 16120, CCUG 35730, BCRC 16391, CECT 5333, IFM 0811, JCM 7663, KCTC 9821, NCDO 2349, NCIMB 702349, NCTC 13232",1,Tsukamurella paurometabola,2061.4,aerobe
,,,,,2856776985,
,,,,,521096.18,
,,,,,521096.6,
,,,,,646564587,
,,,,,GCA_000092225,
,,,,,GCA_900460355,
17106,N1176,"DSM 44118, CIP 108828, JCM 13375, NCIMB 13963, NRRL B-24668, IFM 10600",1,Tsukamurella pseudospumae,105579.6,aerobe
,,,,,2667527863,
,,,,,GCA_001575205,
17108,SCNU5,"DSM 45335, KCTC 9827, NRRL B-24668, JCM 15929",0,Tsukamurella pseudospumae,105579.5,aerobe
,,,,,2675903619,
,,,,,GCA_001575195,
17100,,"DSM 44142, CCUG 35732, JCM 10111, IMMIB D-1321, ATCC 700081, CIP 104791, IFM 0809, KCTC 9963, NCTC 13230, PCM 2578",1,Tsukamurella pulmonis,2634166370,aerobe
,,,,,2700989555,
,,,,,2835265895,
,,,,,47312.1,
,,,,,47312.12,
,,,,,47312.13,
,,,,,GCA_001575165,
,,,,,GCA_900103175,
,,,,,GCA_900460155,
134234,K362,"CCUG 58061, JCM 14882, DSM 44990, NRRL B-24467, JCM 18308, IFM 10862",0,Tsukamurella pulmonis,2700989556,aerobe
,,,,,47312.11,
,,,,,GCA_001575215,
17093,"N1171, N 1171","DSM 44113, NCIMB 13947, CCUG 48751, JCM 12608, CIP 108213, IFM 10523",1,Tsukamurella spumae,44753.4,aerobe
,,,,,GCA_012396015,
17101,,"DSM 44234, CCUG 38499, CIP 106771, JCM 10112, IMMIB D-1397, IFM 0810, KCTC 19177, KCTC 9965, NCTC 13231, PCM 2579",1,Tsukamurella tyrosinosolvens,2639762617,aerobe
,,,,,2667527978,
,,,,,57704.13,
,,,,,57704.16,
,,,,,57704.19,
,,,,,GCA_001575155,
,,,,,GCA_900104775,
,,,,,GCA_900637875,
17109,Y2,"DSM 45557, JCM 15482, KCCM 42885",0,Tsukamurella tyrosinosolvens,2700989554,aerobe
,,,,,57704.14,
,,,,,GCA_001575225,
23764,"GST4, NFB","DSM 25748, CGMCC 1.12170",1,Tumebacillus flagellatus,2585427972,aerobe
,,,,,GCA_000714935,
1553,Eur1 9.5,"DSM 18773, JCM 14557, CGMCC 1.10982",1,Tumebacillus permanentifrigoris,2756170254,aerobe
,,,,,378543.3,
,,,,,GCA_003148565,
157132,MBLW1,"CCUG 69661, DSM 105045",1,Tuwongella immobilis,2883404505,aerobe
,,,,,GCA_901538355,
13936,5YN10-9,"DSM 18521, KACC 11603",1,Uliginosibacterium gangwonense,1123487.3,aerobe
,,,,,2515154161,
,,,,,GCA_000373965,
5660,,"DSM 23424, IMCC 3101, KCCM 42686, NBRC 102682",1,Ulvibacter antarcticus,2728369219,aerobe
,,,,,442714.3,
,,,,,GCA_003688405,
5658,,"DSM 16195, CCUG 47093, KCTC 12104, KMM 3912, CIP 108343",1,Ulvibacter litoralis,227084.13,aerobe
,,,,,227084.16,
,,,,,2675903215,
,,,,,GCA_014651275,
,,,,,GCA_900102055,
17913,,"DSM 25080, JCM 15738, NRIC 0753, KMM 3891, KCTC 42352",1,Umboniibacter marinipuniceus,2770939661,aerobe
,,,,,569599.3,
,,,,,GCA_003688415,
132335,YIM2047X,"DSM 103496, CPCC 204132, KCTC 39538, YIM 2047X, JCM 30637",1,Umezawaea endophytica,GCA_025061645,aerobe
11375,EM 1,"DSM 21777, CCUG 57265",1,Undibacterium oligocarboniphilum,GCA_013377855,aerobe
11374,CMB NF2a,"DSM 23061, CCUG 49012, CIP 109317, UCCCB17",1,Undibacterium parvum,2836680013,aerobe
,,,,,401471.8,
,,,,,GCA_003955735,
11373,CMB NF1b,"DSM 19792, CCUG 49009, CIP 109318, UCCCB16",1,Undibacterium pigrum,2770939554,aerobe
,,,,,401470.3,
,,,,,GCA_003201815,
159569,CSL7644-GEN,"DSM 24843, ATCC BAA-2262",1,Ureaplasma zalophigenitalium,GCA_025780055,aerobe
168541,LPB0138,"KACC 18889, JCM 31563",1,Urechidicola croceus,CP017478,aerobe
,,,,,GCA_001761325,
23761,Mn1-7,"DSM 26584, CCTCC AB 2012916",1,Ureibacillus manganicus,1384049.3,aerobe
,,,,,1384049.4,
,,,,,2630968459,
,,,,,GCA_000772945,
,,,,,GCA_002200865,
23756,4400831,"DSM 27596, CCUG 49529, CIP 108446, KCTC 13178",1,Ureibacillus massiliensis,1211035.3,aerobe
,,,,,1211035.4,
,,,,,2627853741,
,,,,,GCA_000772965,
,,,,,GCA_002200855,
23759,BLB-1,"DSM 27595, JCM 15800, KCTC 13296",1,Ureibacillus sinduriensis,1384057.3,aerobe
,,,,,1384057.4,
,,,,,2630968763,
,,,,,GCA_000772955,
,,,,,GCA_002200845,
1394,"p-11, HAMBI:1900","DSM 10633, HAMBI 1900, CIP 104857, KCTC 13004",1,Ureibacillus thermosphaericus,2861563776,aerobe
,,,,,51173.6,
,,,,,51173.7,
,,,,,GCA_012396605,
,,,,,GCA_014202525,
10505,1258/02,"CIP 108700, DSM 17474, CCUG 47806, CECT 5685",1,Uruburuella suis,252130.3,aerobe
,,,,,2795385457,
,,,,,GCA_004341385,
,,,,,GCA_022870845,
5268,PPC9,"DSM 21480, CCUG 51432, NRRL B-41357, CIP 109559, CCM 8415",1,Vagococcus elongatus,180344.3,aerobe
,,,,,2894097338,
,,,,,GCA_003987645,
5262,M-29c,"DSM 5731, ATCC 49515, NCDO 2497, CCUG 32704, CIP 102976, LMG 9464",1,Vagococcus fluvialis,2738.3,aerobe
,,,,,2770939496,
,,,,,GCA_003337315,
,,,,,GCA_003987575,
133339,C25,"KEMB 562-002, JCM 31581",1,Vagococcus humatus,1889241.3,aerobe
,,,,,2881410900,
,,,,,GCA_003950325,
5266,M1134/97/1,"DSM 15741, ATCC 70083, CCM 4937, CCUG 39187, CIP 106118, ATCC 700839",1,Vagococcus lutrae,81947.4,aerobe
,,,,,GCA_003987555,
166364,,"DSM 45377, KCTC 49228, CGMCC 1.13844, YIM 75000",1,Vallicoccus soli,2339232.3,aerobe
,,,,,2861781867,
,,,,,GCA_003594885,
130614,M-M22,"DSM 29440, CCUG 62794, KCTC 32083",1,Vannielia litorea,1217970.3,aerobe
,,,,,2698536701,
,,,,,GCA_900142295,
130225,GJW-30,"DSM 29671, CECT 8514, KCTC 32391, LMG 28093",1,Variibacter gotjawalensis,1333996.4,aerobe
,,,,,1333996.5,
,,,,,2775506837,
,,,,,2795386120,
,,,,,2824472061,
,,,,,GCA_002355335,
,,,,,GCA_004216635,
,,,,,GCA_011761465,
170907,502,"DSM 106862, CGMCC 1.16560",0,Variovorax beijingensis,GCA_003951285,aerobe
,,,,,RXFQ00000000,
3017,BAM-48,"DSM 21722, KCTC 22010, NBRC 103145, JCM 18805, NCIMB 14573, BAM 48",1,Variovorax boronicumulans,1321609.3,aerobe
,,,,,2731957647,
,,,,,GCA_001591345,
131560,"JM-310, JM 310","DSM 100435, CCM 8614, CIP 110912, LMG 28869",1,Variovorax gossypii,1679495.4,aerobe
,,,,,2831272406,
,,,,,GCA_003965815,
3008,"351, B13-0-1 D, B13-0-1D","DSM 30034, ATCC 17713, DSM 66, IFO 15149, NBRC 15149, CCUG 1777, LMG 1797, JCM 20526, IAM 12373, IAM 13535, ICPB 3985, JCM 20895, CIP 103459, NCIMB 11964",1,Variovorax paradoxus,1321610.3,aerobe
,,,,,2731957648,
,,,,,GCA_001591365,
132025,NEAU-QY3,"DSM 101530, CGMCC 4.7312, JCM 32497",1,Micromonospora sonchi,1763543.3,aerobe
,,,,,GCA_014646235,
130520,E127/08,"DSM 27238, CCUG 64585",1,Vespertiliibacter pulmonis,1443036.3,aerobe
,,,,,1443036.4,
,,,,,2786546143,
,,,,,GCA_003843855,
,,,,,GCA_013377275,
17291,FG1,"DSM 14438, ATCC 700797, CCRC 17041, KCTC 12701, CCUG 43576, CAIM 906, BCRC (formerly BCRC) 17041, LMG 19650, CIP 108258",1,Vibrio aerogenes,GCA_024346755,aerobe
141641,,"CCUG 4223, NCTC 10675",0,Vibrio alginolyticus,663.257,aerobe
,,,,,GCA_900460325,
170904,THAF100,"DSM 109633, LMG 31434, CIP 111709",0,Vibrio aquimaris,CP045350,aerobe
,,,,,CP045351,
,,,,,CP045352,
,,,,,CP045353,
,,,,,GCA_009363415,
17305,NN4/l-abH/1.3,"DSM 17184, CAIM 495, CIP 108395, KCTC 1212, LMG 20546, CCUG 48644",1,Vibrio brasiliensis,649990028,aerobe
,,,,,945543.3,
,,,,,GCA_000189255,
17300,R-3712,"CIP 108276, DSM 17138, CAIM 431, CCUG 48643, LMG 21353",1,Vibrio chagasii,170679.6,aerobe
,,,,,170679.8,
,,,,,2844774916,
,,,,,2845273529,
,,,,,GCA_005281815,
,,,,,GCA_008801295,
,,,,,GCA_024347355,
135777,,"CIP 69.41, ATCC 14547, NCIMB 41, CCUG 48664, LMG 4406, KCTC 12321",0,Vibrio cholerae,140100.3,aerobe
,,,,,1408477.3,
,,,,,2545555863,
,,,,,2690315698,
,,,,,GCA_000518145,
17341,GHG2-1,"DSM 19668, LMG 23416, NBRC 102076, CCUG 56972, CIP 109637",1,Vibrio comitans,1219078.3,aerobe
,,,,,GCA_006538565,
,,,,,GCA_024346835,
17308,,"DSM 17220, CIP 108327, LMG 22240, CCUG 56778, Le Roux LGP 7, LGP 7",1,Vibrio crassostreae,GCA_024347415,aerobe
130762,P-2P44,"DSM 14264, ATCC 700982, CIP 106644, CCUG 56965, LMG 21359, KCTC 12925, NCIMB 13790",1,Vibrio cyclitrophicus,GCA_024347435,aerobe
17257,"NSl, NS1","DSM 2604, ATCC 33466, IAM 14402, CCUG 19114, JCM 21185, CIP 103191, LMG 7893, NBRC 103148, NCIMB 2169",1,Vibrio diazotrophicus,1348635.3,aerobe
,,,,,2609460176,
,,,,,GCA_000740015,
17311,HDS1-1,"DSM 17533, IAM 15061, LMG 19970, CCUG 56779, NBRC 102218, JCM 21522, CIP 108520",1,Vibrio ezurae,1219080.4,aerobe
,,,,,2600255071,
,,,,,GCA_000467185,
,,,,,GCA_003568985,
17337,,"DSM 19133, CAIM 629, CIP 108196, LMG 21557, CCUG 56780",1,Vibrio fortis,GCA_024347475,aerobe
17287,"2510/74, VL 6966, TRURO 2510/74 VL 6966","DSM 14383, NCTC 11218, WDCM 00186, CCUG 37458, CIP 111066",0,Vibrio furnissii,650377984,aerobe
,,,,,903510.3,
,,,,,GCA_000184325,
17299,"HT2-1, HT 2-1","DSM 16639, CIP 107863, LMG 21878, CCUG 56967, LMG 21330",1,Vibrio gallicus,GCA_024346875,aerobe
17322,PB1,"DSM 21264, ATCC 29988, CIP 103173, JCM 21187, NBRC 103151, CCUG 57114, IAM 14404, NCIMB 2250, CCUG 20307",1,Vibrio gazogenes,1123492.4,aerobe
,,,,,2582581274,
,,,,,GCA_023920225,
,,,,,GCA_024346915,
,,,,,GCA_900129185,
,,,,,GCA_900163915,
17313,,"DSM 18531, CIP 108656, LMG 22741, CCUG 56969, LGP 13",1,Vibrio gigantis,GCA_024347515,aerobe
130765,,"DSM 100627, CGMCC 1.7062, CIP 110023, JCM 15146, CN 83",1,Vibrio hangzhouensis,2617270906,aerobe
,,,,,462991.9,
,,,,,GCA_900107935,
17264,1116b,"DSM 23069, ATCC 35084, CCUG 19116, LMG 7890, CIP 104172",0,Vibrio harveyi,2916716654,aerobe
,,,,,669.48,
17338,1P,"CCUG 56970, DSM 19134, CAIM 693, CIP 108391, LMG 20362",1,Vibrio hepatarius,171383.3,aerobe
,,,,,2648501158,
,,,,,GCA_001274785,
17343,RW14,"DSM 19661, LMG 23434, NBRC 102082, CCUG 56971, CIP 109635",1,Vibrio inusitatus,1219070.3,aerobe
,,,,,GCA_006538525,
,,,,,GCA_024346935,
17302,,"DSM 17181, CAIM 485, CIP 108275, LMG 20539, CCUG 56968",1,Vibrio kanaloae,1207396.3,aerobe
,,,,,1207404.3,
,,,,,1207422.3,
,,,,,170673.15,
,,,,,GCA_008801285,
,,,,,GCA_024347535,
17312,"MANO22D, Mano22 deep","DSM 17657, CAIM 315, CIP 109585, KCTC 12520",1,Vibrio litoralis,1123493.3,aerobe
,,,,,2524614821,
,,,,,GCA_000426765,
17324,1721-77,"DSM 19130, ATCC 33653, CCM 4552, CCUG 13624, CDC 1721-77, LMG 7896, NCTC 11435, CIP 101888",1,Vibrio mimicus,2916739052,aerobe
,,,,,674.53,
,,,,,GCA_900460385,
17331,165,"NCIMB 13275, DSM 19137, ATCC 51288, CAIM 528, CCUG 38424, CECT 632, LMG 19157, CIP 103929",1,Vibrio mytili,2630968428,aerobe
,,,,,50718.3,
,,,,,GCA_000830505,
17316,1397-6,"DSM 21557, ATCC 51183, CAIM 609, CCUG 28805, CIP 103381, LMG 15976",1,Vibrio navarrensis,2690315860,aerobe
,,,,,29495.14,
,,,,,GCA_000764325,
17306,,"DSM 17183, CAIM 532, CIP 108274, KCTC 12702, LMG 20536, KCTC 12123, INCO 17",1,Vibrio neptunius,170651.32,aerobe
,,,,,GCA_019339365,
17325,,"DSM 19584, ATCC 25917, CCUG 28585, CECT 595, CIP 75.05, LMG 3895, NCMB 1897, CIP 103194, JCM 21190, BCRC 12914, CAIM 322, IAM 14407, IFO 15637, JCM 1141, KCTC 12677, KCTC 2722, NBRC 15637, NCCB 73020, NCIMB 1897",1,Beneckea nereis,1219068.3,aerobe
,,,,,2675903410,
,,,,,2740892531,
,,,,,693.5,
,,,,,GCA_001274805,
,,,,,GCA_001591105,
17327,Dom F3 kid,"DSM 19621, ATCC 33509, CCRC 12916, CCUG 38425, CECT 582, CIP 103205, NCIMB 2167",1,Vibrio ordalii,2513237346,aerobe
,,,,,990998.3,
17295,369,"DSM 16217, CECT 5869, CCUG 50742, CIP 108539",1,Vibrio ponticus,265668.17,aerobe
,,,,,GCA_009938225,
17275,,"DSM 30189, ATCC 15338, CIP 73.06, IFO 13287, NBRC 13287, NCMB 1326, CCUG 20302, LMG 3772, CIP 710, JCM 21193, CCEB 710, CGMCC 1.8871, IAM 14410, NCIMB 1326, CIP 102892",1,Vibrio proteolyticus,1219065.4,aerobe
,,,,,2600255074,
,,,,,GCA_000467125,
17297,G3-29,"DSM 16383, IAM 15009, LMG 21323, CCUG 48665, JCM 21480, CIP 108261, NBRC 103154",1,Vibrio superstes,1219062.3,aerobe
,,,,,2916707383,
,,,,,GCA_003569005,
,,,,,GCA_007990955,
132189,MD16,"DSM 102810, CECT 8203, KCTC 32373",1,Vibrio thalassae,1243014.3,aerobe
,,,,,GCA_900089835,
17330,,"DSM 19142, ATCC 19109, CAIM 313, CCUG 19118, CECT 4196, CIP 102760, LMG 10936, NBRC 15644, NCIMB 1340, CCUG 38428",1,Vibrio tubiashii,1051646.2,aerobe
,,,,,1051646.21,
,,,,,1051646.22,
,,,,,1051646.23,
,,,,,1051646.3,
,,,,,1051646.9,
,,,,,2512047081,
,,,,,2627854020,
,,,,,GCA_000222665,
,,,,,GCA_000772105,
17304,"STD3-1071, R-15052, R129","DSM 17185, CAIM 467, CIP 108271, KCTC 12703, LMG 21346, KCTC 12122",1,Vibrio xuii,170661.3,aerobe
,,,,,2740892532,
,,,,,GCA_001274855,
158595,ANORD5,"NCIMB 15042, MTCC 12686, DSM 103558, CECT 30270",1,Vicingus serpentipes,1926625.3,aerobe
,,,,,GCA_007993035,
22931,J18,"DSM 26676, JCM 16994, KACC 14624",1,Virgibacillus alimentarius,GCA_000709085,aerobe
1496,IDS-20,"DSM 25790, CCUG 59308, KCTC 13727",1,Virgibacillus alimentarius,2913450449,aerobe
,,,,,744463.3,
,,,,,GCA_017874635,
134251,NTU-101,"BCRC 17637, CGMCC 1.6496",1,Virgibacillus chiguensis,2675903063,aerobe
,,,,,411959.4,
,,,,,GCA_900129865,
23745,"G 6065, WS 4627","DSM 25060, LMG 26644",1,Virgibacillus halotolerans,1071053.3,aerobe
,,,,,2901146262,
,,,,,GCA_016908515,
158739,P2-C2,"CGMCC 1.16138, NBRC 113014",1,Virgibacillus indicus,GCA_002266285,aerobe
1495,,"DSM 21085, KCTC 13228, JSM 089168",1,Virgibacillus litoralis,2913383645,aerobe
,,,,,578221.3,
,,,,,GCA_017873675,
130205,FarD,"DSM 25609, CCUG 62224",1,Virgibacillus natechei,1216297.3,aerobe
,,,,,2913446363,
,,,,,GCA_017874115,
,,,,,GCA_026013645,
1481,mccs2660,"DSM 14866, JCM 16509, LMG 19488, KCTC 3820, CIP 108265",1,Virgibacillus necropolis,163877.4,aerobe
,,,,,GCA_002224365,
158787,LM2416,"KCTC 33927, JCM 32144",1,Virgibacillus phasianinus,GCA_002216775,aerobe
159776,P3-H5,"CGMCC 1.16139, NBRC 113015",1,Virgibacillus profundi,GCA_002287375,aerobe
1493,H57B72,"DSM 22441, CGMCC 1.7734",1,Virgibacillus subterraneus,2671180086,aerobe
,,,,,621109.3,
,,,,,GCA_900110695,
8036,Yu 438-5,"DSM 44794, CCUG 46559, CIP 107212, IFO 16421, JCM 11002, KCTC 13916, NBRC 16421, BCRC 16331, CGMCC 4.5555",1,Virgisporangium aurantiacum,175570.3,aerobe
,,,,,GCA_016863635,
8035,Yu-655-43,"DSM 44793, CCUG 46558, CIP 107213, IFO 16418, JCM 11001, KCTC 13915, NBRC 16418, BCRC 16330, CGMCC 4.5561, ATCC BAA-484",1,Virgisporangium ochraceum,65505.3,aerobe
,,,,,GCA_016863655,
158706,MYP2-2,"KCTC 62141, NBRC 113025",1,Aequorivita todarodis,GCA_028561335,aerobe
130824,JC141,"DSM 100317, KCTC 32041, LMG 27066",1,Vogesella alkaliphila,1193621.3,aerobe
,,,,,GCA_014652475,
131263,Npb-07,"DSM 100851, BCRC 80377, KCTC 23713, LMG 26669",1,Vogesella fluminis,1069161.3,aerobe
,,,,,GCA_014652335,
10508,DS-28,"DSM 22765, BCRC 17730, LMG 24214",1,Vogesella perlucida,450366.3,aerobe
,,,,,GCA_007844155,
167654,YM-1,"CGMCC 1.17135, NBRC 113779",1,Vogesella urethralis,GCA_007644045,aerobe
,,,,,VMDW00000000,
24685,,"DSM 25896, CCTCC AB 2012064, KCTC 32020, YIM 77875",1,Vulcaniibacterium thermophilum,1169913.3,aerobe
,,,,,1169913.4,
,,,,,GCA_007923255,
,,,,,GCA_014656335,
2000,"335, R-10-e","DSM 531, ATCC 17697, CCUG 1776, LMG 1199, IMET 10383, JCM 11282, BCRC 17389, CECT 4634, CIP 104763, IAM 12368, IAM 13533, ICPB 3984, JCM 20521, JCM 20893, KACC 10467, KACC 10791, NBRC 102504, NCIMB 11842, NRRL B-14690, NRRL B-4383, JCM 9691",1,Wautersia eutropha,1218105.7,aerobe
,,,,,2731957713,
,,,,,GCA_001598755,
6844,548-D,"DSM 20196, ATCC 10881, NCDO 1586, NCIB 9311, CCUG 30113, JCM 1093, BCRC 14002, CECT 4707, CIP 103172, LMG 9497, NBRC 106469, NCIMB 9311, NRIC 0207, NRRL B-1064, VTT E-90393",1,Weissella confusa,1583.181,aerobe
,,,,,1583.2,
,,,,,1583.306,
,,,,,2660238305,
,,,,,GCA_001436895,
,,,,,GCA_007991875,
150685,,"CCUG 41966, LMG 18815",0,Weissella confusa,1583.273,aerobe
,,,,,GCA_016465985,
6852,LV346,"DSM 7378, ATCC 51523, NCFB 2973, CCUG 33494, LMG 15125, JCM 10103, CECT 7033, CIP 109879, IFO 15553, KCTC 3668, NBRC 15553, NCIMB 702973",1,Weissella hellenica,46256.12,aerobe
,,,,,46256.14,
,,,,,46256.17,
,,,,,GCA_005405545,
,,,,,GCA_006540065,
,,,,,GCA_012396435,
6855,FS61-1,"DSM 15832, HSCC 1412, JCM 10695, NRIC 0298, TISTR 1384, CCUG 46557, CIP 106751, KCTC 3751, PCU 210, NBRC 109621",1,Weissella thailandensis,2849979616,aerobe
,,,,,89061.3,
,,,,,89061.4,
,,,,,89061.5,
,,,,,89061.6,
,,,,,GCA_003363255,
,,,,,GCA_005405465,
,,,,,GCA_007992575,
,,,,,GCA_012396385,
13839,HY34,"DSM 24838, CGMCC 1.6105, JCM 14017, CIP 109725",1,Wenxinia marina,1123501.3,aerobe
,,,,,1123501.8,
,,,,,2515154190,
,,,,,2806310715,
,,,,,390641.3,
,,,,,GCA_000379485,
,,,,,GCA_000836695,
,,,,,GCA_014645075,
132995,CZ1127,"DSM 100787, CCTCC AB 2015089, KCTC 42864",1,Wenyingzhuangia fucanilytica,1790137.5,aerobe
,,,,,2718217755,
,,,,,GCA_001697185,
17375,,"DSM 44902, CCUG 50873, CIP 109147, IMMIB RIV-956, JCM 13662, IFM 10667",1,Williamsia deligens,2596583530,aerobe
,,,,,GCA_024171765,
17379,N1350,"DSM 45372, NCIMB 14575, NRRL B-24794, JCM 17784",1,Williamsia faeni,2770939552,aerobe
,,,,,341202.3,
,,,,,GCA_003202005,
132663,ARP1,"DSM 46872, LMG 28679, JCM 32438",1,Williamsia herbipolensis,2630968678,aerobe
,,,,,GCA_000964005,
17381,L1505,"DSM 45521, KCTC 19981, NRRL B-24829, JCM 19965",1,Williamsia limnetica,2770939560,aerobe
,,,,,882452.3,
,,,,,GCA_003217475,
17377,MT8,"DSM 44944, CIP 109299, NCIMB 14085, JCM 14345, BCRC 16833",1,Williamsia muralis,2756170164,aerobe
,,,,,322609.6,
,,,,,GCA_003096955,
17374,SJS 0289/JS1,"DSM 44693, JCM 12070, NCIMB 13945, CIP 108354, KCTC 9945",1,Williamsia maris,2596583531,aerobe
,,,,,GCA_024171815,
17371,MA 140/96,"CCUG 45782, CIP 106979, KCTC 9830, DSM 44343, JCM 10676, BCRC 16390, IFM 10085, NBRC 105860, NCIMB 13853",1,Williamsia muralis,1219362.3,aerobe
,,,,,2731957718,
,,,,,2781125608,
,,,,,85044.3,
,,,,,GCA_001598915,
,,,,,GCA_003634525,
17380,C7,"DSM 45526, CCM 7855, CCUG 60465, JCM 19126",1,Williamsia phyllosphaerae,885042.3,aerobe
,,,,,GCA_014635305,
17378,,"DSM 45037, CCUG 53151, CIP 109522, IMMIB SR-4, JCM 14883, IFM 10863",1,Williamsia serinedens,2596583524,aerobe
,,,,,GCA_024171725,
24667,,"DSM 45741, CPCC 203464, KCTC 29118, JCM 31496",1,Williamsia sterculiae,1344003.3,aerobe
,,,,,2681812929,
,,,,,GCA_900156495,
159763,,"KACC 18883, KCTC 52240, JCM 31383, IMCC 20180",1,Winogradskyella aurantiaca,GCA_003362725,aerobe
133461,,"KCTC 22026, LMG 24757, KMM 6211",1,Winogradskyella echinorum,538189.3,aerobe
,,,,,538189.4,
,,,,,GCA_014284085,
,,,,,GCA_014297365,
152573,,"CCUG 47091, KMM 3906, KCTC 12220, LMG 22491",1,Winogradskyella epiphytica,262005.9,aerobe
,,,,,GCA_014651315,
140712,SFD31,"KCTC 52348, JCM 31798",1,Winogradskyella flava,1884876.3,aerobe
,,,,,2915080438,
,,,,,GCA_014243395,
158305,M1A16,"DSM 103138, CCM 8681, CIP 111091, LMG 29588",1,Winogradskyella haliclonae,2048558.3,aerobe
,,,,,GCA_014635865,
133895,RS-3,"CIP 110154, NBRC 106169",1,Winogradskyella psychrotolerans,2545824761,aerobe
,,,,,641526.4,
,,,,,GCA_000427335,
140167,S5-23-3,"DSM 28134, CGMCC 1.12601, LMG 28075",1,Winogradskyella sediminis,1382466.5,aerobe
,,,,,2739367661,
,,,,,GCA_003387355,
159730,M1309,"KCTC 52896, MCCC 1K03310",1,Winogradskyella tangerina,2837479679,aerobe
,,,,,GCA_003260205,
156648,,"CCUG 63832, KCTC 32261",1,Winogradskyella undariae,1285465.4,aerobe
,,,,,GCA_013285155,
24017,Th78,"DSM 26285, JCM 18634, KCTC 32142",1,Wocania ichthyoenteri,GCA_000789235,aerobe
17623,S5,"DSM 18708, CCM 7401, CCUG 57199",1,Wohlfahrtiimonas chitiniclastica,1123502.3,aerobe
,,,,,2517487021,
,,,,,400946.5,
,,,,,GCA_000375345,
6218,CM243,"DSM 17123, LMG 21817, VKM B-1512",1,Woodsholea maritima,1123503.3,aerobe
,,,,,2522125070,
,,,,,GCA_000382325,
5589,A2,"DSM 22637, KCTC 22662",1,Xanthomarina spongicola,2595698203,aerobe
,,,,,570520.3,
,,,,,GCA_003148645,
17584,P 25,"DSM 3586, ATCC 33913, NCPPB 528, PDDCC 13, CCUG 47691, LMG 568, CECT 97, ICMP 13, CFBP 5251, JCM 13371, BCRC 12846, CFBP 2350, CFBP 5241, CIP 100069",1,Xanthomonas campestris,190485.4,aerobe
,,,,,637000344,
,,,,,GCA_000007145,
,,,,,GCA_020813135,
158738,,"CECT 9404, IVIA 3287.1, CFBP 8353",1,Xanthomonas prunicola,2053928.3,aerobe
,,,,,2878129378,
,,,,,GCA_002846205,
3019,KF46F,"DSM 13620, CCUG 47268, NCIMB 13707, ATCC BAA-794",1,Xenophilus azovorans,1123504.3,aerobe
,,,,,2571042002,
,,,,,GCA_000745855,
140467,DL20,"LMG 29917, CCM 8728, DSM 104079",1,Xenorhabdus eapokensis,2791355041,aerobe
,,,,,GCA_001908105,
23970,SF87,"DSM 25463, ATCC BAA-2406, LMG 29522",1,Xenorhabdus khoisanae,GCA_028598485,aerobe
5185,,"DSM 3370, ATCC 19061, CCM 7081, CCUG 14189, CIP 108994, LMG 1036, CUETM 8319",1,Xenorhabdus nematophila,406817.27,aerobe
,,,,,406817.32,
,,,,,649633108,
,,,,,GCA_000252955,
140466,30TX1,"CCM 8727, LMG 29916, DSM 104078, CIP 111194",1,Xenorhabdus thuongxuanensis,2791355039,aerobe
,,,,,GCA_001908095,
166530,IMT-291,"LMG 30636, CIP 111625, CCM 8858, IMT 291",1,Xinfangfangia humi,2483812.3,aerobe
,,,,,2831640453,
,,,,,GCA_900609055,
159876,ZQBW,"KCTC 62102, CCTCC AB 2017177",1,Xinfangfangia soli,2185115.3,aerobe
,,,,,GCA_015999335,
12609,XIL08,"DSM 16932, CECT 5731, LMG 21721, JCM 14284, NBRC 106152, NCIMB 14264",1,Xylanimonas ulmi,228973.3,aerobe
,,,,,2806310544,
,,,,,GCA_004216535,
7787,,"DSM 15476, CCTCC AA 001023, JCM 13527, YIM 70085, NBRC 107837",1,Yaniella halotolerans,1123507.4,aerobe
,,,,,2524614768,
,,,,,GCA_000420805,
134176,GW1-1,"KCCM 42019, JCM 12862, CIP 109255, NCIMB 14311",1,Yeosuana aromativorans,288019.3,aerobe
,,,,,GCA_014646655,
5221,,"DSM 18303, ATCC 35236, CCUG 18770, CDC 669-83, CNY 6005, JCM 5892, CECT 4314, CIP 103162",1,Yersinia aldovae,527002.3,aerobe
,,,,,645058792,
,,,,,GCA_000173735,
5226,,"DSM 18528, ATCC 43970, CCUG 26329, CIP 103323, CNY 7506",1,Yersinia bercovieri,349968.5,aerobe
,,,,,349968.9,
,,,,,638341238,
,,,,,GCA_000167975,
,,,,,GCA_013282745,
5217,Y11,"DSM 13030, CCUG 52867, CECT 9144, CIP 106945, WDCM 00216",1,Yersinia enterocolitica subsp. palearctica,930944.24,aerobe
,,,,,930944.6,
,,,,,GCA_000253175,
5229,"SpK, MH96","DSM 22339, ATCC BAA-1678, CIP 110202, CCUG 59867",1,Yersinia entomophaga,2795385501,aerobe
,,,,,GCA_001656035,
5222,,"DSM 18490, ATCC 33641, CCUG 11293, CIP 80.29, NCTC 11470, CIP 8029, CNY 6175",1,Yersinia frederiksenii,2617271017,aerobe
,,,,,29484.45,
,,,,,349966.5,
,,,,,349966.8,
,,,,,638341239,
,,,,,GCA_000168015,
,,,,,GCA_000754805,
,,,,,GCA_900460425,
166536,CFS1934,"NCTC 14222, LMG 31076, CIP 111720",1,Yersinia hibernica,GCA_004124235,aerobe
5228,50640,"DSM 21859, CCUG 53443, CIP 109351",1,Yersinia massiliensis,1205683.4,aerobe
,,,,,2551306129,
,,,,,419257.13,
,,,,,GCA_000312485,
,,,,,GCA_902170765,
136990,,"CIP 109352, CCUG 53444",0,Yersinia massiliensis,419257.11,aerobe
,,,,,GCA_902170715,
5230,APN3a-c,"CCUG 60891, DSM 22296, CIP 110231, LMG 25213",1,Yersinia nurmii,2667528026,aerobe
,,,,,GCA_001112925,
5216,14,"DSM 8992, ATCC 29833, CIP 55.85, NCTC 10275, CCUG 5855, JCM 1676, NBRC 105692",1,Yersinia pseudotuberculosis,1218101.3,aerobe
,,,,,2563367111,
,,,,,2844429765,
,,,,,633.147,
,,,,,GCA_000511675,
,,,,,GCA_900637475,
11743,"71, A82, I, CNP 14","DSM 22972, ATCC 49635, CCUG 27188, CIP 103823, NCTC 10547, CIP 27188, Jayaraman strain I",0,Yersinia pseudotuberculosis,633.13,aerobe
,,,,,GCA_900454385,
5220,"H 271-36/78, H271-36/78, 3022-85","DSM 18270, ATCC 43380, CCUG 38833, CDC 3022-85, CIP 103163, LMG 8454, JCM 7376, NBRC 105715",1,Yersinia rohdei,527004.3,aerobe
,,,,,645058789,
,,,,,GCA_000173775,
5219,Y228,"DSM 18211, CCUG 52882, LMG 23763, CIP 109846",1,Yersinia similis,2706794595,aerobe
,,,,,367190.12,
,,,,,GCA_001053095,
3931,,"DSM 19828, CCTCC AB 207007, KCTC 19231, YIM 45900, JCM 16960",1,Yimella lutea,2806310639,aerobe
,,,,,587872.3,
,,,,,GCA_006715095,
130607,DPG-5,"DSM 29433, CCUG 62113, KCTC 23883",1,Yoonia litorea,1123755.5,aerobe
,,,,,2687453745,
,,,,,GCA_900114675,
24490,DSW-18,"DSM 29128, JCM 14564, KCTC 12863, CIP 109730",1,Yoonia maricola,2695420968,aerobe
,,,,,420999.3,
,,,,,GCA_002797915,
130606,Fg36,"DSM 29591, CIP 107851, KMM 6003, LMG 22534",1,Yoonia rosea,2681812930,aerobe
,,,,,287098.3,
,,,,,GCA_900156505,
23225,SSW-35,"DSM 26879, JCM 14020, KCTC 12722",1,Yoonia tamlensis,2619619642,aerobe
,,,,,390270.6,
,,,,,GCA_900115105,
13673,R-9477,"DSM 16212, LMG 22003, JCM 21637, CIP 108321, IAM 15182, NBRC 102487",1,Yoonia vestfoldensis,1122181.3,aerobe
,,,,,2521172635,
,,,,,GCA_000382265,
11946,A10,"DSM 19928, VKM B-2478",1,Zavarzinella formosa,1123508.3,aerobe
,,,,,1123508.8,
,,,,,2548877000,
,,,,,GCA_000255705,
,,,,,GCA_945906165,
164233,HR-AS,"JCM 32263, KACC 19412",1,Zavarzinia aquatilis,2832094715,aerobe
,,,,,GCA_003173035,
5729,TD-ZE3,"DSM 18435, CCUG 53613, NBRC 101990, CIP 109560",1,Zeaxanthinibacter enoshimensis,2731639225,aerobe
,,,,,392009.4,
,,,,,GCA_004362865,
7784,,"DSM 17364, KCTC 19085, YIM 70185, JCM 15629, NBRC 107838",1,Zhihengliuella halotolerans,2806310507,aerobe
,,,,,370736.4,
,,,,,GCA_004217565,
7786,,"DSM 21149, KCTC 19466, JSM 071043, NBRC 109062",1,Zhihengliuella salsuginis,578222.3,aerobe
,,,,,GCA_014651715,
159859,HN-Y44,"MCCC 1K03329, LMG 30460",1,Zhouia spongiae,GCA_022760175,aerobe
159772,59N8,"ACCC 60074, KCTC 62456",1,Zobellella endophytica,2832216750,aerobe
,,,,,GCA_003012775,
159782,102-Py4,"KCTC 62272, JCM 32359, DSM 106043",1,Zobellella maritima,2832309219,aerobe
,,,,,GCA_003075035,
134089,,"LMG 22069, CCUG 47080, KMM 3526, CIP 108562",1,Zobellia amurskyensis,248905.6,aerobe
,,,,,2910286357,
,,,,,GCA_009725985,
5665,Dsij,"DSM 12802, CIP 106680, CCUG 47099, KCTC 12921",1,Zobellia galactanivorans,63186.3,aerobe
134090,,"KMM 3676, CIP 108563, LMG 22070, CCUG 47083",1,Zobellia laminariae,248906.8,aerobe
,,,,,2910277695,
,,,,,GCA_009725995,
134091,,"LMG 22071, CCUG 47084, KMM 3677, CIP 108564, KMM 3677T",1,Zobellia russellii,248907.4,aerobe
,,,,,GCA_018728565,
134147,A-7,"IAM 15218, CCTCC AB 2052005, JCM 21672, NBRC 102407",1,Zoogloea oryzae,2832915741,aerobe
,,,,,310767.3,
,,,,,GCA_003290265,
134936,,"CIP 107119, NCIMB 10706, ATCC 19544, IAM 12136, CCUG 35504",1,Zoogloea ramigera,2596583626,aerobe
,,,,,350.4,
,,,,,GCA_008125065,
5853,JC2044,"DSM 15267, KCTC 12044, IMSNU 14003, CIP 108300",1,Zooshikella ganghwensis,1123509.3,aerobe
,,,,,2524614643,
,,,,,GCA_000428585,
24050,P2E16,"DSM 24499, KCTC 23496, LMG 26237, UCCCB40",1,Zunongwangia mangrovi,1334022.3,aerobe
,,,,,2622736505,
,,,,,GCA_900112105,
14292,,"DSM 22645, ATCC 29192, LMG 448, NCIMB 11200, CCUG 17912, Barker I, JCM 10191, CCM 2771, CECT 814, IFO 13757, LMG 449, LMG 453, LMG 464, LMG 465, LMG 466, NBRC 13757, NRRL B-4491",1,Zymomonas mobilis subsp. pomaceae,120044.3,aerobe
,,,,,2894623999,
,,,,,579138.1,
,,,,,579138.3,
,,,,,579138.9,
,,,,,650716107,
,,,,,GCA_000218875,
,,,,,GCA_006539385,