ID,designation_header,strain_number_header,is_type_strain_header,species,Genome seq. accession number,Oxygen tolerance
219,,"DSM 9849, ATCC 49176, CIP 103242, SC 10, CCUG 27639",1,Abiotrophia defectiva,2562617177,facultative anaerobe
,,,,,46125.34,
,,,,,592010.4,
,,,,,GCA_000160075,
164491,HSLZ-75,"JCM 33270, CICC 6269",1,Acetilactobacillus jinshanensis,GCA_004359375,facultative anaerobe
159212,N93,"DSM 106692, NCTC 14351, ATCC TSD-139",1,Acholeplasma equirhinis,GCA_017052655,facultative anaerobe
12633,"14X, 0179","DSM 4900, ATCC 25562, VPI 0399, CIP 103025, NCIMB 11858",1,Acidipropionibacterium acidipropionici,1111734.3,facultative anaerobe
,,,,,2513237117,
,,,,,GCA_000427845,
12634,4,"DSM 20272, ATCC 4875, NCDO 570, NCIB 8070, JCM 6432, IFO 12425, NBRC 12425, NCIMB 8070, VPI 10402, CIP 53.164",0,Acidipropionibacterium acidipropionici,1171373.8,facultative anaerobe
,,,,,2518285597,
,,,,,2521172602,
,,,,,GCA_000310065,
12651,29,"CCUG 48883, CIP 103028, NCIMB 8071, DSM 20535, ATCC 4868, NCDO 850, NCIB 8071",1,Acidipropionibacterium jensenii,1122997.3,facultative anaerobe
,,,,,2523533551,
,,,,,GCA_000425285,
160797,MG,"DSM 107098, JCM 33084",1,Acidithiobacillus ferrianus,2895580592,facultative anaerobe
,,,,,GCA_010378095,
130138,11Fe,"DSM 29468, ATCC 33020, JCM 18981",1,Acidithiobacillus ferridurans,1232575.2,facultative anaerobe
,,,,,1232575.4,
,,,,,1232575.7,
,,,,,2824077352,
,,,,,GCA_003966655,
,,,,,GCA_018854555,
132357,M20,"DSM 100412, JCM 30830",1,Acidithiobacillus ferriphilus,1689834.8,facultative anaerobe
,,,,,GCA_018854775,
2898,,"DSM 12644, CIP 106824, CCUG 49021, BSB 411",1,Acidovorax defluvii,2756170235,facultative anaerobe
,,,,,86669.4,
8148,A648,"DSM 25388, CCM 7832, CIP 110367, MTCC 10660, CCUG 69702, ANC 4215",1,Acinetobacter indicus,1341679.3,facultative anaerobe
,,,,,1341679.5,
,,,,,2579779046,
,,,,,2663763131,
,,,,,GCA_000488255,
,,,,,GCA_000830155,
158638,LW15,"MCCC 1K03337, CICC 24241, KCTC 62134, JCM 32101",1,Acinetobacter piscicola,2791355509,facultative anaerobe
,,,,,GCA_002233755,
11676,"11-61, P243","DSM 19761, ATCC 51571, CCUG 12396, CIP 103283, NCTC 11408",1,Actinobacillus capsulatus,1120931.3,facultative anaerobe
,,,,,2519899771,
,,,,,GCA_000374285,
11690,"F 154, 8-11272","DSM 22436, CCUG 19799, NCTC 13195, CIP 107709",1,Actinobacillus equuli subsp. haemolyticus,GCA_029773665,facultative anaerobe
138198,"NM305, NM 305","CIP 105314, CCUG 38923, DSM 113419",1,Actinobacillus minor,637911.3,facultative anaerobe
,,,,,GCA_000175195,
11684,"NM319, NM 319","DSM 22435, CCUG 38924, CIP 105315",1,Actinobacillus porcinus,GCA_900773985,facultative anaerobe
,,,,,GCA_901764995,
144739,CNPA62,"CCUG 26436, MCCM 00283, CCM 5976, CIP 104142",0,Actinobacillus salpingitidis,155517.3,facultative anaerobe
,,,,,2833360074,
,,,,,GCA_000771895,
177,"M1327/95/1, M1327/96/1","DSM 15435, CCUG 37421, CIP 106647",1,Actinomyces bowdenii,131109.7,facultative anaerobe
,,,,,GCA_017592395,
149,Sh8/4303,"DSM 20671, ATCC 43322, NCTC 11490, CCUG 32758, CIP 103126",1,Actinomyces denticolens,2808606642,facultative anaerobe
,,,,,52767.4,
,,,,,52767.5,
,,,,,52767.7,
,,,,,GCA_001995055,
,,,,,GCA_002072185,
,,,,,GCA_900445045,
140372,pika_113,"DSM 104049, CGMCC 4.7372",1,Actinomyces gaoshouyii,1960083.5,facultative anaerobe
,,,,,GCA_002072175,
,,,,,GCA_014646495,
151,Jr 277 (CDC W855),"DSM 43320, ATCC 12102, JCM 12964, CCUG 18307, IMET 10792, CCUG 2271, NIH 277, WVU 46, CIP 103259, KCTC 15377, NCTC 12972",1,Actinomyces israelii,1120944.3,facultative anaerobe
,,,,,1659.4,
,,,,,2565956542,
,,,,,2843235134,
,,,,,GCA_000711965,
,,,,,GCA_900637225,
166249,2129,"CGMCC 4.7483, DSM 106426",1,Actinomyces lilanjuaniae,GCA_003606385,facultative anaerobe
192,4401292,"DSM 23047, CCUG 53522, KCTC 15158, CSUR P18, JCM 16130, CIP 109360",1,Actinomyces massiliensis,1167628.4,facultative anaerobe
,,,,,2548876973,
,,,,,GCA_000269805,
154,,"DSM 43013, ATCC 12104, CCUG 2238, NCTC 10301, CDC W826, JCM 8349, NIH 279, WVU 45, CCUG 18310, CIP 103128",1,Actinomyces naeslundii,1655.49,facultative anaerobe
,,,,,2531839542,
,,,,,GCA_001956585,
187,R5292,"KCTC 15234, DSM 17234, CCUG 46090, CIP 107639, Hall R5292, JCM 17565",1,Actinomyces oricola,2867461147,facultative anaerobe
,,,,,GCA_004104015,
159350,410,"DSM 106201, CGMCC 1.16361",1,Actinomyces qiguomingii,2867002583,facultative anaerobe
,,,,,CP025228,
,,,,,GCA_004102025,
176,AO 96-06841,"DSM 15433, CCUG 36733, CIP 106352",1,Actinomyces radicidentis,111015.3,facultative anaerobe
,,,,,2687453525,
,,,,,GCA_001553565,
178,,"DSM 15434, CCUG 38702, CIP 106421",1,Actinomyces urogenitalis,525246.3,facultative anaerobe
,,,,,643886015,
,,,,,GCA_000159035,
157,,"DSM 43327, ATCC 15987, CCUG 14476, NCTC 10951, WVU 745, NIH T-6, JCM 8353, CCUG 35450, CECT 488, CIP 103147, KCTC 15382, NBIMCC 71",1,Actinomyces viscosus,1656.7,facultative anaerobe
,,,,,1656.9,
,,,,,2868063378,
,,,,,2868359304,
,,,,,GCA_004525795,
,,,,,GCA_900637975,
140287,VUL7,"DSM 103437, CGMCC 4.7366",1,Actinomyces vulturis,2791355098,facultative anaerobe
,,,,,GCA_001687305,
196,"2298, 2298/06","DSM 24894, CCM 7951, CCUG 61299, CIP 110333, LMG 26472",1,Actinomyces weissii,675090.3,facultative anaerobe
,,,,,GCA_016598775,
2385,M,"DSM 3133, ATCC 43279, CFBP 4259, CIP 103003, JCM 9966, LMG 16154, NBRC 105374, NBRC 15517, BCRC 14866, IFO 15517, KCTC 3251, LMG 17239",1,Actinotalea fermentans,2636415524,facultative anaerobe
,,,,,2734481966,
,,,,,43671.3,
,,,,,862422.3,
,,,,,862422.7,
,,,,,862422.8,
,,,,,GCA_000767215,
,,,,,GCA_001313965,
,,,,,GCA_004769145,
,,,,,GCA_007991475,
145,B 5329,"DSM 15541, CCUG 27420, CIP 105739, LMG 18293, CCM 4738",1,Actinotignum schaalii,1120932.3,facultative anaerobe
,,,,,2524614731,
,,,,,2585427650,
,,,,,59505.5,
,,,,,GCA_000429205,
,,,,,GCA_000724605,
226,"UW06, UW 06","DSM 15819, CCM 4911, CCUG 28831, CIP 106115, JCM 18985, ATCC 48849, LMG 19525",1,Aerococcus christensenii,2687453475,facultative anaerobe
,,,,,2728369595,
,,,,,525247.5,
,,,,,87541.3,
,,,,,GCA_001466745,
,,,,,GCA_001543105,
224,SS-1647,"DSM 15633, CCUG 43001, CDC 348-00, CIP 106533, JCM 11549, ATCC BAA-465",1,Aerococcus sanguinicola,119206.53,facultative anaerobe
,,,,,2687453481,
,,,,,GCA_001543145,
227,1821/02,"DSM 21500, CCUG 52530, CECT 7139, JCM 18035, CIP 109714",1,Aerococcus suis,2622736423,facultative anaerobe
,,,,,371602.3,
,,,,,GCA_900176325,
223,E2,"DSM 7446, ATCC 51268, JCM 18986, NCFB 2893, NCTC 12142, CCM 4310, CCUG 29291, CCUG 29564, CCUG 34223, CCUG 36881, CIP 104688, IFO 15544, LMG 17750, LMG 19527, NBRC 15544, NCIMB 702893",1,Aerococcus urinae,1216979.3,facultative anaerobe
,,,,,1376.123,
,,,,,1376.307,
,,,,,1376.448,
,,,,,2681812972,
,,,,,2687453482,
,,,,,GCA_001543175,
,,,,,GCA_001544335,
,,,,,GCA_002087935,
222,PUE,"CCUG 28094, CIP 103442, NCIMB 701636, DSM 20341, ATCC 29723, JCM 12519, NCDO 1636, LMG 11420, LMG 13989",1,Aerococcus urinaeequi,1120952.3,facultative anaerobe
,,,,,2524614650,
,,,,,2671180343,
,,,,,51665.4,
,,,,,GCA_000425085,
,,,,,GCA_001543205,
225,,"CCUG 42038 B, CCM 7338, DSM 15634, ATCC BAA-464, CIP 106675, JCM 18987, CCUG 42038, CCUG 42038b",1,Aerococcus urinaehominis,128944.7,facultative anaerobe
,,,,,2619619005,
,,,,,GCA_001543245,
,,,,,GCA_900103385,
221,M1,"DSM 20340, ATCC 11563, CCM 1914, IAM 13649, JCM 20461, NCDO 1225, NCTC 8251, WDCM 00061, CCUG 4311, CIP 54.145, IAM 12302, IFO 12219, LMG 17931, NBRC 12219, NISL 7400, IMET 11154, NCIMB 11775, CECT 978",1,Aerococcus viridans,1377.15,facultative anaerobe
,,,,,1377.3,
,,,,,2684623177,
,,,,,2811995224,
,,,,,647000207,
,,,,,655812.3,
,,,,,GCA_000178435,
,,,,,GCA_001543285,
,,,,,GCA_900445095,
11064,"TYLN1, TYLNI","DSM 19355, CCTCC AB 206046, JCM 16538, NBRC 107625, CIP 110459",1,Aeromicrobium flavum,416568.3,facultative anaerobe
,,,,,GCA_007992115,
23547,266,"DSM 27583, CECT 8023, LMG 26707, CIP 110626, LMG 2670",1,Aeromonas australiensis,1114880.3,facultative anaerobe
,,,,,2639763046,
,,,,,GCA_000819725,
280,868E,"DSM 19111, CECT 7113, LMG 23376, CIP 109539",1,Aeromonas bivalvium,2639762879,facultative anaerobe
,,,,,440079.3,
,,,,,GCA_000819765,
253,B-968,"DSM 7323, ATCC 15468, NRRL B-968, WDCM 00062, NCTC 12244, JCM 1060, BCRC 16001, CCM 4491, CCUG 25939, CECT 838, CGMCC 1.1960, CIP 76.16, GTC 00465, LMG 12160, LMG 3775, NCAIM B.01931, NCIMB 13016, CIP 110812",1,Aeromonas caviae,2654587763,facultative anaerobe
,,,,,2852469294,
,,,,,648.115,
,,,,,648.21,
,,,,,648.319,
,,,,,GCA_000819785,
,,,,,GCA_018360005,
,,,,,GCA_900476005,
237,"256, 544","DSM 30188, ATCC 15467, IFO 13282, NBRC 13282, CCUG 25938, LMG 3755, CIP 76.15, JCM 1043, BCRC 11554, CCM 7231, CECT 4221, IAM 12334, KCTC 12487, NCIMB 13740",0,Aeromonas caviae,2648501863,facultative anaerobe
,,,,,648.22,
,,,,,GCA_000820265,
269,P21,"DSM 17689, CCM 7146, CCUG 45377, CIP 107500, LMG 19562",1,Aeromonas dhakensis,196024.6,facultative anaerobe
,,,,,2648501391,
,,,,,GCA_000820305,
258,"S181, S-181","DSM 11577, CECT 4342, LMG 16330, CIP 104608, ATCC 51929",1,Aeromonas encheleia,2639762835,facultative anaerobe
,,,,,73010.3,
,,,,,GCA_000819825,
248,J11,"DSM 6394, ATCC 49803, JCM 8355, CECT 4487, CIP 104434, LMG 12646, NCIMB 13209",1,Aeromonas enteropelogenes,2651869850,facultative anaerobe
,,,,,29489.3,
,,,,,29489.34,
,,,,,29489.38,
,,,,,29489.4,
,,,,,29489.44,
,,,,,GCA_000819845,
249,AH2,"DSM 7312, ATCC 49657, LMG 12223, JCM 8315, BCRC 15866, CCM 4368, CCUG 29544, CCUG 30367, CECT 4255, CECT 4256, CIP 103677, CNCTC 5358",0,Aeromonas enteropelogenes,2645727889,facultative anaerobe
,,,,,29489.29,
,,,,,29489.33,
,,,,,29489.39,
,,,,,29489.43,
,,,,,GCA_000820205,
250,"A8, MOB/A8","DSM 9381, ATCC 49658, LMG 13082, CCUG 30369, CIP 103678",0,Aeromonas enteropelogenes,29489.28,facultative anaerobe
,,,,,29489.32,
,,,,,29489.37,
,,,,,29489.42,
23534,AS-66,"CCUG 30368, CCM 4358, DSM 9383, ATCC 49660, LMG 13081, As 66, CIP 103679",0,Aeromonas enteropelogenes,29489.27,facultative anaerobe
,,,,,29489.31,
,,,,,29489.36,
,,,,,29489.41,
265,"546, CDC-RH63","DSM 17534, ATCC 23309, CCEB 704, CCTM 885, CDC RH63, CIP 76.17, LMG 3774, NCIMB 74, JCM 8238, BCRC 13017, BCRC 14134, CCM 4354, CCUG 25942, CCUG 30340, CECT 4224, CNCTC 5356",1,Aeromonas eucrenophila,2645727995,facultative anaerobe
,,,,,649.3,
,,,,,GCA_000819865,
283,717,"DSM 23621, CECT 7401, LMG 24681, CIP 110205",1,Aeromonas fluvialis,2639762841,facultative anaerobe
,,,,,591962.3,
,,,,,GCA_000819885,
241,"NCIMB(QC) 50013, 543","DSM 30187, ATCC 7966, LMG 2844, NCDC 359-60, NCMB 86, NCTC 8049, WDCM 00063, CCUG 14551, CIP 76.14, JCM 1027, BCRC 13018, CCM 7232, CDC 359-60, CECT 839, HAMBI 1847, IAM 12337, IAM 12460, KCTC 2358, LMG 12156, LMG 13439, NCAIM B.01923, NCIMB 9240",1,Aeromonas hydrophila subsp. hydrophila,2906233676,facultative anaerobe
,,,,,380703.7,
,,,,,639633004,
,,,,,644.2,
,,,,,644.645,
,,,,,644.85,
,,,,,GCA_000014805,
,,,,,GCA_001999685,
,,,,,GCA_018360025,
,,,,,GCA_900445175,
270,Au-1D12,"DSM 17695, CCM 7147, CCUG 46211, CIP 107985, LMG 19707",1,Aeromonas hydrophila subsp. ranae,208958.3,facultative anaerobe
,,,,,2645728022,
,,,,,GCA_000820325,
246,115/II,"DSM 6393, ATCC 49904, JCM 8354, NCIMB 13205, CECT 4486, CIP 104613, LMG 12645",1,Aeromonas ichthiosmia,2648501198,facultative anaerobe
,,,,,654.26,
,,,,,GCA_000820365,
254,0787-80,"DSM 7311, ATCC 49568, CDC 0787-80, JCM 8316, BCRC 15862, CCM 4355, CCUG 29543, CCUG 30349, CCUG 30353, CECT 4228, CIP 104171, CNCTC 5357, LMG 12221, LMG 13704",1,Aeromonas jandaei,2645728043,facultative anaerobe
,,,,,650.3,
,,,,,650.36,
,,,,,650.54,
,,,,,650.55,
,,,,,650.56,
,,,,,GCA_000819955,
242,RM,"CCUG 14453, CCM 3653, JCM 2385, LMG 9073, DSM 4881, ATCC 33907, BCRC 12211, BCRC 14129, CECT 4232, CIP 103208, LMG 7907, NCIMB 2237",1,Aeromonas media,2645727928,facultative anaerobe
,,,,,651.65,
,,,,,651.66,
,,,,,651.7,
,,,,,GCA_000819985,
,,,,,GCA_018359985,
262,"848T, 848","DSM 17090, CECT 5864, LMG 22214, CCUG 50741, CIP 108676",1,Aeromonas molluscorum,2534681676,facultative anaerobe
279,O-a-10-3,"CCUG 39350, ATCC BAA-243, NCIMB 13618, DSM 19604, CCM 4708, CECT 5176, CIP 105493, LMG 17541, DSM 1904",1,Aeromonas popoffii,2648501773,facultative anaerobe
,,,,,70856.3,
,,,,,GCA_000820025,
288,WB4.1-19,"DSM 22539, CECT 7518, MDC 2511, CIP 110301",1,Aeromonas rivuli,2645728067,facultative anaerobe
,,,,,648794.3,
,,,,,GCA_000820045,
275,20,"DSM 19634, ATCC 33658, CAIM 346, CECT 894, CIP 103209, JCM 7874, LMG 3780, NCIMB 1102, NCTC 12959, GTC 02802, IMET 11051, KCTC 12266, DSM 3241",1,Aeromonas salmonicida,2648501469,facultative anaerobe
,,,,,2744054639,
,,,,,29491.11,
,,,,,29491.22,
,,,,,645.114,
,,,,,GCA_000820065,
,,,,,GCA_001643305,
,,,,,GCA_900445115,
137107,,"CIP 57.50, ATCC 7965, NCTC 7812",0,Aeromonas salmonicida,645.173,facultative anaerobe
278,,"DSM 21281, ATCC 33659, CECT 895, CIP 104001, HAMBI 1990, JCM 7875, LMG 14900, NCIMB 1110, CCUG 42781, BCRC 80543, LMG 3781",1,Aeromonas salmonicida subsp. achromogenes,645.182,facultative anaerobe
,,,,,GCA_006246315,
274,"T. Kimura 1-a-1, I-a-1","DSM 21760, ATCC 27013, CCM 4124, CECT 896, CIP 103210, IFO 13784, JCM 8191, LMG 3782, NCIMB 2020, JCM 7873, JCM 8234, NBRC 13784",1,Aeromonas salmonicida subsp. masoucida,1216980.4,facultative anaerobe
,,,,,2576861489,
,,,,,645.18,
,,,,,GCA_000647955,
,,,,,GCA_006246135,
259,"34mel, 34 mel","DSM 12609, CAIM 16, CECT 5752, CCUG 44929, CIP 107036",1,Aeromonas salmonicida subsp. pectinolytica,1324960.19,facultative anaerobe
,,,,,1324960.3,
,,,,,GCA_000447435,
,,,,,GCA_002735225,
273,"138, AS20/1/1","DSM 21293, ATCC 49393, CCM 4103, CECT 5179, CIP 104757, NCIMB 13210",1,Aeromonas salmonicida subsp. smithia,645.181,facultative anaerobe
,,,,,GCA_006246305,
286,A2-67,"DSM 24094, CECT 7402, LMG 24682, CIP 110203",1,Aeromonas sanarellii,2639763092,facultative anaerobe
,,,,,633415.3,
,,,,,GCA_000820085,
261,,"DSM 16559, CCUG 47378, CIP 107798, IBS S6874",1,Aeromonas simiae,218936.3,facultative anaerobe
,,,,,2648501404,
,,,,,GCA_000820125,
276,strain 208,"DSM 19176, ATCC 43979, CCM 2807, CCUG 14830, CECT 4245, CIP 74.33, JCM 2139, LMG 3783, NCIMB 12065, NCTC 12979, CIP 74-33, BCRC 13066, CECT 837, HAMBI 1974, LMG 12159, VTT E-032002",1,Aeromonas sobria,2639763156,facultative anaerobe
,,,,,646.37,
,,,,,646.4,
,,,,,GCA_000820145,
,,,,,GCA_018359945,
285,A2-50,"DSM 24096, CECT 7403, LMG 24683, CIP 110204",1,Aeromonas taiwanensis,2585427983,facultative anaerobe
,,,,,2651869660,
,,,,,633417.3,
,,,,,633417.4,
,,,,,GCA_000699185,
,,,,,GCA_000820165,
256,,"CCUG 56447, CIP 107763, NCIM 5147, CCM 7323, CECT 5761, DSM 17676, MTCC 3249, NCIMB 5147",0,Aeromonas veronii,2645727532,facultative anaerobe
,,,,,654.25,
,,,,,GCA_000820285,
1782,34632,"DSM 17499, CCUG 43108, CIP 106344",1,Afipia birgiae,1197906.5,facultative anaerobe
,,,,,2551306146,
,,,,,GCA_000308295,
1781,34633,"DSM 17498, CCUG 45153, CIP 107022",1,Afipia massiliensis,211460.6,facultative anaerobe
,,,,,2861716478,
,,,,,GCA_014203115,
11752,,"DSM 8324, ATCC 33384, CCUG 13227, CIP 52.106, NCTC 9710",1,Aggregatibacter actinomycetemcomitans,1120957.3,facultative anaerobe
,,,,,2515154019,
,,,,,GCA_000372365,
137823,B5279,"CIP 101032, ATCC 29522, NCTC 10979, CCUG 37002, MCCM 02810, JCM 2434",0,Aggregatibacter actinomycetemcomitans,GCA_023559645,facultative anaerobe
135780,,"CIP 70.73, ATCC 33389, CCUG 3715, NCTC 5906",1,Aggregatibacter aphrophilus,2537561844,facultative anaerobe
,,,,,2841352428,
,,,,,985008.3,
,,,,,985008.4,
,,,,,GCA_000226495,
,,,,,GCA_900636915,
164183,MO-CFX2,"JCM 32065, KCTC 15625",1,Aggregatilinea lenta,913108.7,facultative anaerobe
,,,,,GCA_003569045,
6668,,"DSM 18527, JCM 14202, NRIC 0689, CIP 109571",1,Agrilactobacillus composti,1236950.3,facultative anaerobe
,,,,,1423734.3,
,,,,,2576861770,
,,,,,2700989152,
,,,,,GCA_000583695,
,,,,,GCA_001436375,
164664,54-2,"JCM 33824, CCM 8896, KCTC 21120, LMG 31058, NCIMB 15154",1,Agrilactobacillus yilanensis,2885664702,facultative anaerobe
,,,,,GCA_003946725,
7262,,"DSM 8596, ATCC 51763, IMET 11532, VKM Ac-1351, JCM 9084, CIP 103634, IAM 15141, IFO 15783, LMG 16157, NBRC 15783",1,Agromyces cerinus subsp. nitratus,2893688764,facultative anaerobe
6086,,"DSM 19219, CCTCC AB 207002, KCTC 12885, YIM 90637",1,Aidingimonas halophila,2693429859,facultative anaerobe
,,,,,574349.3,
,,,,,574349.7,
,,,,,GCA_014651655,
,,,,,GCA_900106955,
5480,M-3Alg 15-1,"DSM 15365, KCTC 12103, KMM 3902, JCM 21761, IAM 15311, LMG 23347, LMG 22573, NBRC 100591",1,Algibacter lectus,221126.12,facultative anaerobe
,,,,,2634166310,
,,,,,GCA_900112395,
17704,,"DSM 23399, CCUG 47101, KMM 3958, LMG 21971, CIP 108555",1,Algoriphagus aquimarinus,237018.6,facultative anaerobe
,,,,,2634166319,
,,,,,GCA_900112005,
17705,,"CIP 108556, DSM 19830, CCUG 47095, KMM 3957, LMG 21970",1,Algoriphagus chordae,237019.4,facultative anaerobe
,,,,,2593339285,
,,,,,GCA_003254055,
170941,N3,"KCTC 62622, MCCC 1H00308",1,Algoriphagus lacus,GCA_003583985,facultative anaerobe
,,,,,QXML01000000,
140525,am2,"KCTC 52549, MCCC 1H00178",1,Algoriphagus marinus,2791355058,facultative anaerobe
,,,,,GCA_001936475,
133121,NH1,"MCCC 1H00140, KCTC 52228",1,Algoriphagus resistens,2724679001,facultative anaerobe
,,,,,GCA_001442615,
166424,F3105,"MCCC 1H00223, KCTC 52891",1,Aliidiomarina celeris,2831692965,facultative anaerobe
,,,,,GCA_003316875,
140844,GBPy7,"IBRC-M 10763, CECT 8339",1,Aliidiomarina iranensis,2889949872,facultative anaerobe
,,,,,GCA_003987135,
140832,2W32,"KCTC 42497, CICC 23869",1,Fodinibius halophilus,2890260962,facultative anaerobe
,,,,,GCA_011059105,
24787,,"DSM 21986, ACCC 10715, KCTC 23442, YIM D15",1,Fodinibius roseus,1194090.4,facultative anaerobe
,,,,,2695420936,
,,,,,GCA_900129315,
17254,,"DSM 23419, CECT 7228, LMG 23869, CMJ 11.1",1,Aliivibrio finisterrensis,511998.14,facultative anaerobe
,,,,,GCA_008933155,
17248,398,"DSM 507, ATCC 7744, JCM 18803, NCMB 1281, CCUG 13450, CAIM 329, LMG 4414, CIP 103206, NCCB 80039, BCRC 12900, CCUG 16305, CECT 524, CIP 75.08, CIP 75.8, KCTC 12272, KCTC 12386, NCIMB 1281, NRRL B-41164, NRRL B-761",1,Aliivibrio fischeri,1298605.61,facultative anaerobe
,,,,,2734481910,
,,,,,668.149,
,,,,,668.164,
,,,,,GCA_001312625,
,,,,,GCA_014647395,
,,,,,GCA_016464335,
,,,,,GCA_023983475,
442,MS1,"DSM 24035, JCM 15561, KCTC 22429, CGMCC 1.10666",1,Alishewanella jeotgali,1129374.4,facultative anaerobe
,,,,,2513237355,
,,,,,GCA_000245735,
1277,CG-15,"DSM 18086, CCM 7371, CECT 7153, CGMCC 1.6292, CIP 109712",1,Alkalicoccus chagannorensis,1121087.3,facultative anaerobe
,,,,,2524614595,
,,,,,GCA_000429725,
22921,,"DSM 26767, CGMCC 1.10369, DLS 13, JCM 17097, NBRC 107572",1,Alkalicoccus daliensis,2617270767,facultative anaerobe
,,,,,745820.3,
,,,,,GCA_900103955,
4267,MLHE-1,"DSM 17681, ATCC BAA-1101",1,Alkalilimnicola ehrlichii,187272.1,facultative anaerobe
,,,,,637000005,
,,,,,GCA_000014785,
1767,,"DSM 21503, CCUG 31649, LMG 23792, CIP 109610",1,Alloscardovia omnicolens,1120979.4,facultative anaerobe
,,,,,2523533599,
,,,,,GCA_000420505,
158561,C9-11,"MCCC 1K03311, JCM 32056",1,Tsuneonella mangrovi,2757321001,facultative anaerobe
,,,,,GCA_002269345,
130151,"H 17, H17","DSM 27080, CIP 109921, KMM 6016",1,Alteromonas australica,2585427644,facultative anaerobe
,,,,,GCA_000730385,
447,"ANT69a, R-15466","DSM 15691, LMG 21861, CIP 108513, ANT 69a",1,Alteromonas stellipolaris,233316.13,facultative anaerobe
,,,,,233316.3,
,,,,,2687453500,
23153,IGB-41,"DSM 23761, CIP 110167, CIP 110334",1,Amantichitinum ursilacus,2648501275,facultative anaerobe
,,,,,857265.4,
,,,,,GCA_001294205,
132587,CC-RT-E,"DSM 24738, BCRC 80314",1,Ammoniphilus resinae,2913422633,facultative anaerobe
,,,,,861532.3,
,,,,,GCA_017873965,
1408,JW/BP-GSL-QD,"DSM 23721, ATCC BAA-2118, NBRC 11149",1,Amphibacillus cookii,2901114716,facultative anaerobe
,,,,,767787.3,
,,,,,GCA_016908375,
1407,Y1,"DSM 24783, CGMCC 1.5123, JCM 16149",1,Amphibacillus jilinensis,2547132169,facultative anaerobe
,,,,,562743.4,
,,,,,GCA_000306965,
1406,Shu-P-Ggiii25-2,"DSM 21624, IAM 15428, JCM 23213, KCTC 13120, MBIC 08269, NBRC 103570",1,Amphibacillus sediminis,1220586.4,facultative anaerobe
,,,,,2731957578,
,,,,,GCA_001552275,
1403,Ep01,"DSM 6626, ATCC 51415, IFO 15112, JCM 7361, NBRC 15112, LMG 17667",1,Amphibacillus xylanus,2524023219,facultative anaerobe
,,,,,698758.3,
,,,,,GCA_000307165,
134369,,"JCM 14781, ATCC BAA-1529, JAMM 1525",1,Amphritea balenae,452629.5,facultative anaerobe
,,,,,GCA_003858655,
,,,,,GCA_014646975,
134368,,"JCM 14782, ATCC BAA-1530, JAMM 1866",1,Amphritea japonica,GCA_000381785,facultative anaerobe
,,,,,GCA_024347275,
166509,ANRC-JH13,"MCCC 1K03512, KCTC 62532",1,Amphritea opalescens,2490544.3,facultative anaerobe
,,,,,2882759153,
,,,,,GCA_003957515,
13254,1BDZ,"DSM 44832, AS 4.1729, PCM 2600, JCM 12460, CGMCC 4.1729, CIP 108399",1,Amycolatopsis palatopharyngis,187982.4,facultative anaerobe
,,,,,2866120936,
,,,,,GCA_003385185,
13238,"B-2847, FH6113","DSM 44544, ATCC 21177, CIP 108212, IFO 14664, NBRC 14664, NRRL B-24205, JCM 4936, CBS 242.71, CGMCC 4.5590, IFO 12554, IMSNU 20061, NBRC 12554",1,Amycolatopsis tolypomycina,208445.6,facultative anaerobe
,,,,,2634166899,
,,,,,GCA_900105945,
6411,B-4437,"CCUG 30137, NCIMB 11546, JCM 1125, DSM 20533, ATCC 49845, LMG 6900, NRRL B-4437, VKM B-2234, BCRC 14055, CCM 7001, CECT 4133, CGMCC 1.3394, CIP 102988, IFO 15881, KCTC 3161, NBRC 15881, NCAIM B.01457, NCFB 2503, NRRL B-4476, VTT E-95574, NCDO 2503",1,Amylolactobacillus amylophilus,1423721.3,facultative anaerobe
,,,,,1423721.4,
,,,,,1423721.7,
,,,,,1603.4,
,,,,,2695420657,
,,,,,2721755795,
,,,,,2728369694,
,,,,,GCA_001311665,
,,,,,GCA_001436185,
,,,,,GCA_001936335,
6666,,"DSM 20534, LMG 11400, NRRL B-4436, JCM 1124, BCRC 17923, CIP 109878, KCTC 3160",1,Amylolactobacillus amylotrophicus,1423722.3,facultative anaerobe
,,,,,2695420818,
,,,,,GCA_001434555,
1559,MS 6,"DSM 22531, NCCB 100213, UNIQEM U377",1,Anaerobacillus alkalidiazotrophicus,2698536991,facultative anaerobe
,,,,,2839700685,
,,,,,472963.4,
,,,,,GCA_001866055,
158471,B16-10,"DSM 29790, NCAIM B.02608",1,Anaerobacillus alkaliphilus,GCA_004116265,facultative anaerobe
164306,M1P,"JCM 32614, KCTC 15718",1,Ancylomarina euxinus,GCA_003863355,facultative anaerobe
,,,,,QQWG00000000,
133003,FA102,"DSM 28825, CICC 10902, KCTC 42257",1,Ancylomarina subtilis,1639035.3,facultative anaerobe
,,,,,2795386138,
,,,,,GCA_004217115,
560,MR3C,"DSM 15939, ATCC BAA-872, CIP 108338, CIP 108305",1,Anoxybacteroides amylolyticum,2690315950,facultative anaerobe
,,,,,2802428824,
,,,,,294699.3,
,,,,,294699.5,
,,,,,294699.6,
,,,,,GCA_001634285,
140522,GSsed3,"CCOS 808, ATCC BAA-2555",1,Anoxybacteroides geothermale,2639762962,facultative anaerobe
166539,Z0201,"KCTC 62450, MCCC 1H00328",1,Cognataquiflexum aquatile,2249427.3,facultative anaerobe
,,,,,2832066355,
,,,,,GCA_003316845,
10512,5YN1-3,"DSM 21330, KACC 12729",1,Aquitalea denitrificans,GCA_009856625,facultative anaerobe
10511,TRO-001DR8,"DSM 25134, ATCC BAA-1216, CCM 7607, LMG 23054, NBRC 103050",1,Aquitalea magnusonii,2703718752,facultative anaerobe
,,,,,2770939555,
,,,,,332411.11,
,,,,,332411.13,
,,,,,GCA_001515285,
,,,,,GCA_003202035,
140914,P1297,"CCM 7557, LMG 28989, CCUG 67440",1,Aquitalea pelogenes,1293573.8,facultative anaerobe
,,,,,2703718753,
,,,,,GCA_001515305,
12653,699,"DSM 43307, ATCC 14157, CIP 110010, CCUG 4939, LMG 16729, ATCC 13682, JCM 5830, CIP 101941, IFO 14587, IMET 10974, LMG 19873, NBRC 14587, NCTC 12967, PCM 2431, VKM Ac-1449, VPI 0026, NBRC 4587",1,Arachnia propionica,1218109.3,facultative anaerobe
,,,,,1750.7,
,,,,,2731957689,
,,,,,GCA_001592325,
,,,,,GCA_900637725,
197,11018,"DSM 20595, ATCC 9345, CCM 5947, NCTC 8452",1,Arcanobacterium haemolyticum,2808606785,facultative anaerobe
,,,,,28264.12,
,,,,,644284.3,
,,,,,646564505,
,,,,,GCA_000092365,
,,,,,GCA_900475915,
203,"M401624/00/2, 001127, M 601624/00/2","DSM 15539, CCUG 44697, CIP 106850",1,Arcanobacterium hippocoleae,2919380674,facultative anaerobe
199,M1590/94/3,"DSM 10002, CCUG 38888, LMG 18722, CIP 105740",1,Arcanobacterium phocae,131112.3,facultative anaerobe
,,,,,2634166335,
,,,,,GCA_900105865,
202,M430/94/2,"DSM 13483, CCUG 42575, CIP 106442",1,Arcanobacterium pluranimalium,108028.3,facultative anaerobe
,,,,,2893686931,
,,,,,GCA_016907845,
23259,TF5-37.2-LB10,"DSM 23085, CIP 110085, MOLA 820",1,Arcticibacter tournemirensis,2818991316,facultative anaerobe
,,,,,699437.5,
,,,,,GCA_006716645,
,,,,,GCA_008690275,
13886,U120,"DSM 14744, LMG 26916, CIP 110165",1,Aromatoleum buckelii,2887686508,facultative anaerobe
,,,,,GCA_012910785,
6239,,"DSM 15745, CCUG 47306, JCM 13385, IAM 15342, NBRC 105202, CIP 108315",1,Arsenicicoccus bolidensis,1121017.3,facultative anaerobe
,,,,,2524614535,
,,,,,GCA_000426385,
24107,KM894/11,"DSM 25571, CCOS 690, CCUG 62181",1,Arsenicicoccus dermatophilus,GCA_022568795,facultative anaerobe
7531,B89,"DSM 20545, ATCC 13346, CCM 1653, NCIB 8910, CCUG 23843, JCM 11606, BCRC 12112, CDA 858, CIP 102362, HAMBI 1862, IAM 12343, IFO 12139, KCTC 3445, LMG 16255, NBRC 12139, NCIMB 8910, NRRL B-1814, VKM Ac-1116, VKM Ac-1128, IMET 10355",1,Arthrobacter pascens,1677.4,facultative anaerobe
,,,,,GCA_017052465,
534,CW5,"DSM 21987, JCM 14755, KCTC 12893",1,Aureimonas frigidaquae,2700989461,facultative anaerobe
,,,,,424757.3,
,,,,,GCA_001463905,
11693,20186H4H1,"CIP 109717, DSM 18224, CCUG 52860",1,Avibacterium endocarditidis,2842990487,facultative anaerobe
,,,,,GCA_002921145,
11694,,"DSM 18554, CCM 6075, CCUG 12835, CIP 103453, HIM 668-7, ATCC 29545, NCTC 11296, IPDH 2403",1,Avibacterium paragallinarum,2823233258,facultative anaerobe
,,,,,2837414230,
,,,,,728.107,
,,,,,728.9,
,,,,,GCA_002921155,
,,,,,GCA_900450705,
137676,,"CIP A62, CCM 5765, NCTC 4101, CCM 3839",0,Avibacterium volantium,1936169.3,facultative anaerobe
166474,SY39,"KCTC 62157, MCCC 1K03430",1,Pseudazoarcus pumilus,GCA_002872475,facultative anaerobe
341,H-N,"DSM 1124, ATCC 29713, IAM 12664, LMG 3324, CCUG 31482, JCM 20723, NBRC 102464, CIP 109065",1,Azohydromonas australica,1121030.3,facultative anaerobe
,,,,,2526164741,
,,,,,GCA_000430725,
140653,SgZ-5,"CCTCC AB 2012021, KACC 16605",1,Azospirillum humicireducens,1226968.3,facultative anaerobe
,,,,,2687453243,
,,,,,GCA_001639105,
170908,RWY-5-1-1,"CGMCC 1.13426, KCTC 72259",1,Azospirillum oleiclasticum,GCA_013423485,facultative anaerobe
,,,,,JABFFR000000000,
134249,,"NRRL B-41736, DSM 18954, CBD 119, CIP 109795",1,Gottfriedia acidiceleris,2916917969,facultative anaerobe
,,,,,371036.4,
,,,,,GCA_002128425,
166332,CX253,"GDMCC 1.1608, KACC 21318",1,Bacillus aerolatus,2653354.3,facultative anaerobe
,,,,,GCA_009183655,
140963,N35-10-2,"MCCC 1A02146, KCTC 33710, LMG 28875, NBRC 113917, CIP 111456",1,Bacillus albus,GCA_001884185,facultative anaerobe
1069,B1,"DSM 5391, ATCC 49005, CCM 3364, LMD 79.7, NCIB 12555, CIP 103477, LMG 9582, NCIMB 12555",1,Bacillus benzoevorans,1456.3,facultative anaerobe
,,,,,2861430565,
,,,,,GCA_014207535,
624,"13, 971, Ford 13, Gibson 971","DSM 31, ATCC 14579, CCM 2010, LMG 6923, NCIB 9373, NCTC 2599, CCUG 7414, JCM 2152, BCRC 10603, BCRC 11026, CECT 148, CECT 5050, CGMCC 1.3760, CIP 66.24, HAMBI 1887, IAM 12605, IAM 14174, IFO 15305, KCTC 3624, NBRC 15305, NCAIM B.02078, NCCB 75008, NCFB 1771, NCIMB 9373, NRRL B-3711, VKM B-504, VTT E-93143",1,Bacillus cereus,1396.2169,facultative anaerobe
,,,,,1396.725,
,,,,,226900.113,
,,,,,226900.8,
,,,,,226900.82,
,,,,,637000017,
,,,,,GCA_000007825,
,,,,,GCA_006094295,
,,,,,GCA_900445355,
622,F 4433/73,"DSM 4313, NCTC 11145, CCUG 6514, CIP 106508, ATCC 49064",0,Bacillus cereus,1396.2855,facultative anaerobe
,,,,,GCA_018221725,
132385,NE-14,"DSM 28970, JCM 30397",1,Bacillus ectoiniformans,1494429.3,facultative anaerobe
,,,,,2901210109,
,,,,,GCA_016908875,
167978,17-SMS-01,"KCTC 33949, MCCC 1K03483, MCCC 1K03483T",1,Bacillus fungorum,GCA_002746455,facultative anaerobe
,,,,,NWUW00000000,
1289,DV7-B-4,"DSM 22148, KCTC 13429, BGSC 3A28, NRRL B-23052, CIP 110137",1,Bacillus inaquosorum,1236548.3,facultative anaerobe
,,,,,2534682116,
,,,,,2875488945,
,,,,,483913.115,
,,,,,GCA_000332645,
,,,,,GCA_003148415,
689,"Gibson 46, 46, 1264","DSM 13, ATCC 14580, CCM 2145, IFO 12200, NBRC 12200, NCIB 9375, NCTC 10341, WDCM 00068, CCUG 7422, JCM 2505, BCRC 11702, CECT 20, CGMCC 1.3649, CIP 52.71, IAM 13417, KCTC 1753, KCTC 1918, LMG 6933, NCFB 1772, NCIMB 9375, NRRL NRS-1264, VKM B-511, LMG 12363, NCDO 1772",1,Bacillus licheniformis,1402.266,facultative anaerobe
,,,,,1402.297,
,,,,,279010.12,
,,,,,279010.13,
,,,,,GCA_000008425,
,,,,,GCA_000011645,
,,,,,GCA_006094335,
,,,,,GCA_900637645,
697,"1.1B, 1.1.B","DSM 12369, CIP 108208",0,Bacillus licheniformis,1648923.82,facultative anaerobe
,,,,,GCA_007831315,
134785,,"CIP A156, NCTC 6816",0,Bacillus licheniformis,1402.351,facultative anaerobe
,,,,,GCA_007832035,
140965,TD41,"MCCC 1A00359, KCTC 33716, LMG 28872, NBRC 113919, CIP 111458",1,Bacillus luti,GCA_001884105,facultative anaerobe
140556,AK61,"JCM 31087, MTCC 12015, KCTC 33872",1,Metabacillus mangrovi,1491830.4,facultative anaerobe
,,,,,GCA_009711125,
158585,NC2-31,"KCTC 33721, MCCC 1K01239",1,Bacillus marinisedimentorum,2744054838,facultative anaerobe
,,,,,GCA_001644195,
140964,0711P9-1,"MCCC 1A05942, KCTC 33717, LMG 28877, NBRC 113918, CIP 111457",1,Bacillus mobilis,GCA_001884045,facultative anaerobe
1153,WS 2480,"DSM 11821, CCM 4872, CCUG 58725, LMG 18989, CIP 105772, KCTC 3975, WSBC 10204, WDCM 00222",0,Bacillus mycoides,1220585.4,facultative anaerobe
,,,,,86662.17,
,,,,,GCA_000513155,
140967,4049,"MCCC 1A00732, KCTC 33713, LMG 28871, NBRC 113921, CIP 111460",1,Bacillus nitratireducens,GCA_001884135,facultative anaerobe
140961,EB422,"MCCC 1A06182, KCTC 33858, CIP 111542, NBRC 113915",1,Bacillus pacificus,GCA_001884025,facultative anaerobe
140968,NH24A2,"MCCC 1A04098, KCTC 33709, LMG 28876, NBRC 113922, CIP 111461",1,Bacillus paramycoides,GCA_001884235,facultative anaerobe
140960,Mn5,"MCCC 1A00395, KCTC 33714, LMG 28873, NBRC 113914, CIP 111454",1,Bacillus paranthracis,GCA_001883995,facultative anaerobe
140966,TD42,"MCCC 1A00365, KCTC 33715, LMG 28870, NBRC 113920, CIP 111459",1,Bacillus proteolyticus,GCA_001884065,facultative anaerobe
1151,,"DSM 12442, NRRL B-617, JCM 12231, CIP 105700, LMG 18993, KCTC 3862, NBRC 101232, BCRC 17606, BCRC 17107",1,Bacillus pseudomycoides,527000.3,facultative anaerobe
,,,,,643886172,
,,,,,GCA_000161455,
1264,FO-36b,"DSM 19292, ATCC BAA-1126, LMG 26769, NBRC 100820, CIP 109412",1,Bacillus safensis subsp. safensis,1178541.1,facultative anaerobe
,,,,,1178541.5,
,,,,,2576861488,
,,,,,GCA_000691165,
,,,,,GCA_003097715,
166417,,"LMG 30124, CECT 9344, BC 09",1,Bacillus safensis subsp. osmophilus,2163013.3,facultative anaerobe
,,,,,GCA_003254445,
1302,PD-A10,"DSM 25261, BCC 22614, KACC 16244, KCTC 13613, CIP 110217",1,Bacillus siamensis,1177185.3,facultative anaerobe
,,,,,2548877022,
,,,,,GCA_000262045,
1201,"L87-10, TG8-8","DSM 13779, NRRL B-23154, JCM 12232, CIP 107271, KCTC 13918, NBRC 101234",1,Bacillus sonorensis,1220591.4,facultative anaerobe
,,,,,1220591.6,
,,,,,2571042128,
,,,,,2731957676,
,,,,,GCA_000507125,
,,,,,GCA_001592005,
1172,"Marburg, 744","DSM 10, ATCC 6051, CCM 2216, IAM 12118, IFO 13719, JCM 1465, LMG 7135, NBRC 13719, NCIB 3610, NCTC 3610, NRS 744, CCUG 163 B, BCRC 10255, CECT 39, CIP 52.65, IFO 16412, IMET 10758, KCTC 3135, NBRC 16412, NCFB 1769, NCIMB 3610, NRRL B-4219, NRRL NRS-744, VKM B-501, VKM B-758, VKM B-919, VTT E-97009, UCCCB117, NCDO 1769",1,Bacillus subtilis,135461.13,facultative anaerobe
,,,,,135461.32,
,,,,,1423.1861,
,,,,,1423.1862,
,,,,,1423.1863,
,,,,,1423.1864,
,,,,,1423.1865,
,,,,,1423.1866,
,,,,,1423.1867,
,,,,,1423.1868,
158609,,"KCTC 33703, CGMCC 1.15917, EGI 80668",1,Evansella tamaricis,2069301.3,facultative anaerobe
,,,,,GCA_019042215,
133927,SgZ-7,"CCTCC AB 2012030, KACC 16700",1,Neobacillus thermocopriae,GCA_010975035,facultative anaerobe
133977,SgZ-8,"CCTCC AB 2012108, KACC 16706",1,Bacillus thermotolerans,1221996.3,facultative anaerobe
,,,,,GCA_000812025,
,,,,,GCA_011751085,
1006,NRS-996,"DSM 2046, ATCC 10792, CCM 19, NCIB 9134, CCUG 7429, JCM 20386, BCRC 14683, CCEB 457, CECT 197, CIP 53.137, CN 3624, HAMBI 252, HAMBI 478, IAM 12077, LBG B-4034, LMD 70.8, LMG 7138, NBRC 101235, NCAIM B.01292, NCCB 70008, NCDO 1146, NCFB 1146, NCIMB 9134, NCIMB 9207, NRRL HD-735, NRRL NRS-996, PCM 1853, VKM B-439, VKM B-454, VTT E-86245, WDCM 00221",1,Bacillus thuringiensis,1428.425,facultative anaerobe
,,,,,1428.478,
,,,,,1428.84,
,,,,,1428.841,
,,,,,1428.842,
,,,,,1428.843,
,,,,,1428.844,
,,,,,1428.845,
,,,,,1428.846,
,,,,,1428.847,
140962,N24,"MCCC 1A01406, KCTC 33711, LMG 28874, NBRC 113916, CIP 111455, MCCC 1A1406",1,Bacillus tropicus,GCA_001884035,facultative anaerobe
1150,"DV1-F-3, DV-1-F3","DSM 11031, NRRL B-14890, JCM 12234, ATCC 700092, BCRC 17183, CIP 104792, KCTC 3707, LMG 18725, NBRC 101236",1,Bacillus vallismortis,1051502.3,facultative anaerobe
,,,,,2547132131,
,,,,,2880152234,
,,,,,72361.11,
,,,,,GCA_000245315,
,,,,,GCA_004116955,
17738,"13IX/A01/164, 131X/A01/164","DSM 17893, CIP 109092, OOB 256",1,Balneola vulgaris,1121104.3,facultative anaerobe
,,,,,2515154152,
,,,,,GCA_000375465,
11757,JF4016,"DSM 22022, CCUG 57335",1,Basfia succiniciproducens,2593339214,facultative anaerobe
,,,,,653940.3,
,,,,,GCA_011455875,
,,,,,GCA_900101275,
5363,,"DSM 19936, CCUG 55508, WCC 4188",1,Bavariicoccus seileri,1121105.4,facultative anaerobe
,,,,,2523533538,
,,,,,GCA_000421665,
164528,2028B,"JCM 33352, CCUG 72814, LMG 30938",1,Bifidobacterium callimiconis,2867271487,facultative anaerobe
,,,,,GCA_003952005,
164527,2020B,"JCM 33351, CCUG 72816, LMG 30937",1,Bifidobacterium castoris,2868066422,facultative anaerobe
,,,,,GCA_003952025,
164531,2036B,"JCM 33355, CCUG 72818, LMG 30941",1,Bifidobacterium dolichotidis,2867278111,facultative anaerobe
,,,,,GCA_003951975,
164529,2034B,"JCM 33353, CCUG 72815, LMG 30939",1,Bifidobacterium goeldii,2867275962,facultative anaerobe
,,,,,GCA_003951095,
1709,"E194b (Variant a), E194b","DSM 20219, ATCC 15707, NCTC 11818, CCUG 28903, LMG 13197, JCM 1217, LMG 10497, BCRC 11847, CECT 4503, CIP 64.62, KCTC 3128, KCTC 3215, NCFB 2259, VTT E-96664, NCDO 2259, WDCM 00225",1,Bifidobacterium longum subsp. longum,1679.291,facultative anaerobe
,,,,,1679.6,
,,,,,216816.128,
,,,,,216816.359,
,,,,,2600254982,
,,,,,2634166334,
,,,,,565042.3,
,,,,,649633019,
,,,,,GCA_000196555,
,,,,,GCA_000741245,
1747,,"DSM 21395, JCM 15461, YIT 10443, KCTC 5848",1,Bifidobacterium mongoliense,1437603.3,facultative anaerobe
,,,,,1437603.4,
,,,,,2597489915,
,,,,,2695420510,
,,,,,GCA_000741285,
,,,,,GCA_000771525,
164530,2033B,"JCM 33354, CCUG 72817, LMG 30940",1,Bifidobacterium samirii,2867273872,facultative anaerobe
,,,,,GCA_003952945,
1740,OMB 115,"DSM 17777, JCM 13495",1,Bifidobacterium tsurumiense,1121112.3,facultative anaerobe
,,,,,1121112.4,
,,,,,2524023141,
,,,,,2597490257,
,,,,,2663763500,
,,,,,356829.3,
,,,,,GCA_000429745,
,,,,,GCA_000741765,
,,,,,GCA_000771065,
141014,Tam10B,"LMG 30126, CCUG 70655, CCUG 70655 A",1,Bifidobacterium vansinderenii,2862017679,facultative anaerobe
,,,,,GCA_002234915,
5244,"BF36, BF 36","DSM 19580, CIP 109699",1,Biostraticola tofi,2791354869,facultative anaerobe
,,,,,466109.3,
,,,,,GCA_004343195,
140358,SSR2A-4-2,"DSM 103453, CGMCC 1.15297",1,Blastomonas marina,1867408.3,facultative anaerobe
,,,,,GCA_014641655,
140290,VUL4_1,"DSM 104050, CGMCC 4.7370",1,Boudabousia liubingyangii,GCA_001907245,facultative anaerobe
174,M1749/98/1,"DSM 15383, CCUG 41710, CIP 106509",1,Boudabousia marimammalium,156892.4,facultative anaerobe
,,,,,2865869608,
,,,,,GCA_001936115,
158436,VUL4_3,"DSM 103436, CGMCC 4.7369",1,Boudabousia tangfeifanii,GCA_001856685,facultative anaerobe
188,R2014,"DSM 19116, CCUG 46092, CIP 107668",1,Bowdeniella nasicola,208480.4,facultative anaerobe
,,,,,2855319728,
,,,,,GCA_001907295,
3903,"35, IMV-Ac 752","DSM 9573, IMV Ac-752, JCM 11648, CIP 104813, IAM 14582, IFO 15384, LMG 19549, NBRC 15384",1,Brachybacterium nesterenkovii,2865174459,facultative anaerobe
,,,,,47847.3,
,,,,,GCA_900163655,
3910,,"CCUG 50353, CCM 4521, DSM 10673, CNRZ 926, JCM 11610, ATCC 700068, CIP 104812, IAM 14579, IFO 16119, LMG 19552, NBRC 16119, NCIMB 13430",1,Brachybacterium tyrofermentans,2893692521,facultative anaerobe
4309,,"CCUG 48887, ICMP 12481, ATCC 700181, CIP 104916, DSM 11811, NCPPB 3934, PVFi 20",1,Brenneria alni,2574179710,facultative anaerobe
,,,,,2835052945,
,,,,,71656.4,
,,,,,GCA_003666245,
166420,gBX10-1-2,"CFCC 11842, KCTC 42840",1,Brenneria corticis,2173106.3,facultative anaerobe
,,,,,2891501747,
,,,,,GCA_003115855,
4306,"EN 101, WC1","CCUG 48853, NCPPB 564, CIP 105198, LMG 2694, CFBP 3616, ICMP 1578, DSM 30175, ATCC 13028",1,Brenneria nigrifluens,2574179731,facultative anaerobe
,,,,,55210.4,
,,,,,55210.5,
,,,,,GCA_003115835,
,,,,,GCA_005484965,
4308,BS 1027,"DSM 30166, ATCC 15712, EX 2, NCPPB 447, CCUG 48855, CIP 105204, LMG 2698, CFBP 802",1,Brenneria salicis,2506783044,facultative anaerobe
,,,,,2770939624,
,,,,,2839726999,
,,,,,714314.6,
,,,,,714314.7,
,,,,,714314.8,
,,,,,GCA_003315515,
,,,,,GCA_003666165,
,,,,,GCA_012932875,
132387,PDF4,"DSM 100115, NCCB 100559",1,Brevibacillus gelatini,1655277.4,facultative anaerobe
,,,,,2839026242,
,,,,,GCA_003710935,
23172,DA2,"DSM 26674, JCM 15774, NCIMB 14531",1,Brevibacillus nitrificans,2851175764,facultative anaerobe
,,,,,651560.4,
,,,,,GCA_003710965,
1834,CMD1,"DSM 20657, ATCC 35513, NCDO 2048, CCUG 29001, JCM 2594, BCRC 12214, CCM 4100, CECT 4161, CGMCC 1.1930, CIP 102111, IFO 14812, IMET 10997, KCTC 3082, KCTC 3085, NBRC 14812, NCIMB 702048, VKM Ac-2114, IAM 2594",1,Brevibacterium casei,1255625.3,facultative anaerobe
,,,,,2600255381,
,,,,,33889.2,
,,,,,GCA_900169275,
1843,5401308,"DSM 23039, CCUG 53855, CIP 109422, CSUR P26, JCM 18108",0,Brevibacterium ravenspurgense,1176165.5,facultative anaerobe
,,,,,2744054970,
,,,,,GCA_000285915,
,,,,,GCA_001584405,
167374,LA-55,"LMG 30850, KACC 19639",1,Brevundimonas fluminis,GCA_003934285,facultative anaerobe
,,,,,RQWJ00000000,
6867,SW 26,"DSM 20171, ATCC 11509, NCDO 1676, NCIB 10018, WDCM 00071, CCUG 35132, CCM 4769, CIP 103251, NCIMB 10018, CECT 847, NCTC 10822, LMG 17208",1,Brochothrix thermosphacta,1121126.4,facultative anaerobe
,,,,,1121126.5,
,,,,,1121126.7,
,,,,,2556921092,
,,,,,2773858004,
,,,,,GCA_000525935,
,,,,,GCA_000620985,
,,,,,GCA_001715655,
12669,BL-34,"DSM 19609, LMG 23248, NRRL B-41418, CCUG 55599, JCM 14918, NBRC 106143",1,Brooklawnia cerclae,2820979626,facultative anaerobe
,,,,,349934.3,
,,,,,GCA_011758645,
140708,N62,"KCTC 42589, MCCC 1H00117",1,Brumimicrobium aurantiacum,2831584504,facultative anaerobe
,,,,,GCA_003402975,
160,,"DSM 20732, ATCC 35275, CIP 103149, CCUG 32937, CIP 103127, UCD 81-332-9, UCD 332-981",1,Buchananella hordeovulneris,2857276557,facultative anaerobe
,,,,,52770.4,
,,,,,GCA_001907235,
22996,D9,"DSM 21983, CCM 7845",1,Budvicia diplopodorum,1119056.3,facultative anaerobe
,,,,,GCA_009800925,
1945,"J2863, W92B","ATCC BAA-698, CIP 108228, DSM 16086, CCUG 46047, LMG 20980",1,Burkholderia anthina,179879.2,facultative anaerobe
,,,,,179879.31,
,,,,,179879.36,
,,,,,GCA_016836725,
,,,,,GCA_902498995,
,,,,,GCA_902830395,
4316,S1/6-571,"DSM 9396, ATCC 51605, CCM 4876, CCUG 35509, CIP 106477, CDC 9510-94",1,Buttiauxella brennerae,1354251.4,facultative anaerobe
,,,,,2791354934,
,,,,,GCA_001654925,
4313,78-31,"DSM 9390, ATCC 51602, CCM 4874, CDC 1180-81, CUETM 78-31, CCUG 35507, CIP 106355",1,Buttiauxella ferragutiae,1354252.4,facultative anaerobe
,,,,,2791354921,
,,,,,GCA_001654915,
4314,S1/1-984,"CCUG 35508, DSM 9393, ATCC 51604, CCM 4875, CIP 106356, CDC 9509-94",1,Buttiauxella gaviniae,1354253.4,facultative anaerobe
,,,,,2791354933,
,,,,,GCA_001654835,
4317,S3/2-161,"CCUG 35510, DSM 9397, ATCC 51606, CCM 4877, CIP 106357, CDC 9511-94",1,Buttiauxella izardii,2835010371,facultative anaerobe
,,,,,82991.3,
,,,,,GCA_003601925,
4318,EG 59-like NSW 11,"DSM 9401, ATCC 51607, CCUG 35511, CCM 4864, CIP 106358, CDC 9512-94",1,Buttiauxella noackiae,1354255.3,facultative anaerobe
,,,,,2791354922,
,,,,,GCA_001654865,
4319,EG 59-like NSW 326,"CCUG 35512, DSM 9404, ATCC 51608, CCM 4878, CIP 106359, CDC 9513-94, NSW 326",1,Buttiauxella warmboldiae,2835230308,facultative anaerobe
,,,,,82993.3,
,,,,,GCA_003818135,
12492,By c2,"DSM 14553, JCM 12614, CIP 108850",1,Byssovorax cruenta,1300159.4,facultative anaerobe
,,,,,2734481916,
,,,,,GCA_001312805,
1962,"BL 011226, S5-B","DSM 17212, CCUG 49583, JCM 11778, KCTC 12081, CIP 108192, LMG 22029",1,Caballeronia sordidicola,196367.6,facultative anaerobe
,,,,,2713896994,
,,,,,GCA_001544455,
390,BZ59,"DSM 22805, CGMCC 1.10190, LMG 26046",1,Candidimonas bauzanensis,2617270875,facultative anaerobe
,,,,,658167.4,
,,,,,GCA_900129885,
5494,"79120329, E6447","MCCM 00247, LMG 11513, MCCM 00265, LMG 11540, DSM 19736, ATCC 49044, CCUG 24742, CIP 103937, NCTC 12243, CCTM La 3495",1,Capnocytophaga cynodegmi,2513237123,facultative anaerobe
,,,,,28189.4,
,,,,,926551.3,
,,,,,GCA_000379185,
5487,"27, 927-3","DSM 3290, ATCC 33624, CCUG 9715, NCTC 12372, LMG 11514, CIP 102945, JCM 12953, CCM 3710",1,Capnocytophaga gingivalis,553178.3,facultative anaerobe
,,,,,643886113,
,,,,,GCA_000174755,
5492,B0611,"DSM 11449, ATCC 51502, JCM 8566, CCUG 32991, CIP 104128, LMG 16022, NCTC 12948, KCTC 5785",1,Capnocytophaga granulosa,2541046980,facultative anaerobe
,,,,,2693429885,
,,,,,2808606723,
,,,,,45242.154,
,,,,,45242.4,
,,,,,641143.3,
,,,,,GCA_000411115,
,,,,,GCA_900106575,
,,,,,GCA_900446675,
5491,A0404,"DSM 11385, ATCC 51501, JCM 8565, CCUG 32990, CIP 104125, LMG 16021, NCTC 12947, KCTC 5786",1,Capnocytophaga haemolytica,2687453164,facultative anaerobe
,,,,,2693429878,
,,,,,2773858048,
,,,,,45243.3,
,,,,,45243.4,
,,,,,45243.5,
,,,,,GCA_001553545,
,,,,,GCA_900115315,
,,,,,GCA_900187255,
5490,4,"CCUG 9714, NCTC 11653, LMG 11518, CIP 104301, DSM 7273, ATCC 33612, CIP 110086, DSM 3292, JCM 12967, VPI 12913",1,Capnocytophaga sputigena,1019.49,facultative anaerobe
,,,,,2814123397,
,,,,,553177.6,
,,,,,642979305,
,,,,,GCA_000173675,
,,,,,GCA_900446695,
158815,JR1,"MCCC 1K03323, KCTC 52869",1,Carboxylicivirga sediminis,GCA_018156225,facultative anaerobe
2266,pf4,"DSM 5972, ACAM 313, ATCC 49837, CCUG 34643, IFO 15548, CIP 105796",1,Carnobacterium alterfunditum,1449335.3,facultative anaerobe
,,,,,2574179752,
,,,,,GCA_000744115,
2253,66,"DSM 20623, ATCC 35677, NCDO 2763, WDCM 00075, CCUG 30094, CCM 4117, JCM 5816, BCRC 14042, CECT 4016, CIP 101029, IFO 15683, JCM 9133, KCTC 3675, LMG 9199, NBRC 15683, NCIMB 11952, NRIC 1629, NRRL B-14830, VTT E-97850",1,Carnobacterium divergens,1449336.3,facultative anaerobe
,,,,,1449336.4,
,,,,,2574180433,
,,,,,2700989267,
,,,,,GCA_000744255,
,,,,,GCA_001437085,
2264,pf3,"CCUG 34644, IFO 15549, DSM 5970, ACAM 312, ATCC 49836, JCM 12499, CIP 106503, LMG 13519, LMG 14461, NBRC 15549, NCFB 3002, NCIMB 13247",1,Carnobacterium funditum,1449337.3,facultative anaerobe
,,,,,2574179782,
,,,,,GCA_000744185,
2255,"MT44, MT 44","DSM 4847, ATCC 49517, NCFB 2766, CCUG 30095, CCM 4114, LMG 9841, CIP 103160, JCM 12517, CECT 5958, NCCB 91132, NCIMB 12848, NRRL B-14832",1,Carnobacterium gallinarum,1449338.3,facultative anaerobe
,,,,,2576861831,
,,,,,GCA_000744375,
23826,,"DSM 28070, CCUG 62000, LMG 26642, JCM 31128",1,Carnobacterium iners,1073423.3,facultative anaerobe
,,,,,1073423.4,
,,,,,2622736582,
,,,,,2622736627,
,,,,,GCA_900109585,
,,,,,GCA_900177385,
2268,K1,"DSM 13024, CCUG 31728, CIP 106863, JCM 12490, JCM 16168, CCM 7006, CECT 5963",1,Carnobacterium inhibens subsp. inhibens,1449339.3,facultative anaerobe
,,,,,2574179783,
,,,,,GCA_000746825,
2271,MS3,"DSM 23388, JCM 15539, KCTC 13251",1,Carnobacterium jeotgali,1449340.3,facultative anaerobe
,,,,,2579778522,
,,,,,2585427852,
,,,,,GCA_000708655,
,,,,,GCA_000745125,
2258,"MX 5, MX5","DSM 20342, ATCC 27865, CCUG 30142, LMG 6903, JCM 1154, BCRC 14054, CECT 4134, CIP 103135, KCTC 3602, NCFB 2382, NCIMB 11966, NRIC 1691, NRRL B-14852, NCDO 2382",1,Carnobacterium maltaromaticum,1449341.3,facultative anaerobe
,,,,,1449341.4,
,,,,,2579778520,
,,,,,2700989263,
,,,,,GCA_000744945,
,,,,,GCA_001437315,
2262,LV61,"DSM 20722, ATCC 43225, NCDO 2764, JCM 9135, CIP 103043",0,Carnobacterium maltaromaticum,2700989269,facultative anaerobe
,,,,,2751.33,
,,,,,GCA_001437035,
2270,"FTR 1, FTR1","DSM 17715, ATCC BAA-754, CIP 108033, JCM 12174",1,Carnobacterium pleistocenium,GCA_000744285,facultative anaerobe
2269,MPL-11,"DSM 14451, ATCC BAA-336, JCM 12222, CIP 107728",1,Carnobacterium viridans,174587.3,facultative anaerobe
,,,,,2634166280,
,,,,,GCA_900102725,
17636,ID 139908,"DSM 44928, NRRL B-24433, JCM 14897, BCRC 16841, CIP 109381, NBRC 102108",1,Catenulispora acidiphila,479433.5,facultative anaerobe
,,,,,644736339,
,,,,,GCA_000024025,
4321,"004, 0485-76","CCUG 12371, NCTC 11466, LMG 7863, JCM 1684, DSM 4587, ATCC 33432, CDC 0485-76, CIP 80.35, BCRC 14816, CDC 485-76",1,Cedecea lapagei,158823.5,facultative anaerobe
,,,,,2836746200,
,,,,,GCA_900635955,
4322,"Grimont 002, 0621-75, 002","DSM 13693, ATCC 33855, CDC 0621-75, CCUG 18763, CECT 855, JCM 7582, CDC 621-75, CIP 103241, GTC 1717, LMG 7864, NBRC 105707, NCTC 12120",1,Cedecea neteri,1216978.4,facultative anaerobe
,,,,,158822.24,
,,,,,2731957623,
,,,,,GCA_001571265,
,,,,,GCA_900461005,
13855,"H 14, H14","DSM 26471, CIP 109922, KMM 6012",1,Celeribacter neptunius,2617270870,facultative anaerobe
,,,,,588602.3,
,,,,,GCA_900113955,
17835,S-G2-2,"DSM 18577, ATCC BAA-1368",1,Celerinatantimonas diazotrophica,2802428811,facultative anaerobe
,,,,,412034.4,
,,,,,GCA_004339545,
166213,TKZ-21,"NBRC 112905, TBRC 8129",1,Cellulomonas algicola,GCA_003851725,facultative anaerobe
2369,69B4,"DSM 16987, CIP 108683, JCM 30720",1,Cellulomonas bogoriensis,1386082.3,facultative anaerobe
,,,,,2651869835,
,,,,,GCA_000767165,
2372,XBU-b,"DSM 17922, KCTC 19133, JCM 16927, NBRC 110799",1,Cellulomonas chitinilytica,1305865.3,facultative anaerobe
,,,,,2734481976,
,,,,,398759.3,
,,,,,GCA_001314205,
,,,,,GCA_016862675,
2367,W6929,"DSM 15764, ATCC BAA-788, NBRC 110783, CCUG 18431, JCM 14733, CIP 108914",1,Cellulomonas denverensis,1305869.3,facultative anaerobe
,,,,,264297.6,
,,,,,2734481980,
,,,,,GCA_001315285,
,,,,,GCA_012396125,
,,,,,GCA_016862695,
2352,"133, NRS-133","DSM 20113, ATCC 484, NCIB 8980, NCTC 7547, CCUG 24087, JCM 1341, BCRC 14867, CECT 4283, CFBP 4254, CGMCC 1.1900, CIP 102114, HAMBI 93, IAM 12107, IFO 15513, IMET 10687, KCTC 1436, LMG 16345, NBRC 15513, NCAIM B.01386, NCCB 29016, NCIMB 11341, NCIMB 8980, VKM Ac-1411, VTT E-93020",1,Cellulomonas fimi,1708.3,facultative anaerobe
,,,,,2505679089,
,,,,,590998.5,
,,,,,GCA_000212695,
,,,,,GCA_900637695,
140657,,ATCC 13127,1,Cellulomonas gilvus,2505679016,facultative anaerobe
,,,,,593907.5,
,,,,,GCA_000218545,
2360,,"DSM 9581, CCUG 34783, ATCC 51964, LMG 17240, CIP 104574, NBRC 16055, JCM 12133, DMMZ CE40, CCM 4572, IFM 10516, IFO 16055, KCTC 9982, DMMZ 40",1,Cellulomonas hominis,1305868.3,facultative anaerobe
,,,,,156981.5,
,,,,,156981.6,
,,,,,156981.9,
,,,,,2734481979,
,,,,,2856438371,
,,,,,GCA_001315265,
,,,,,GCA_007989225,
,,,,,GCA_012396105,
,,,,,GCA_014201095,
2359,PSU-16S,"DSM 14368, ATCC 25174, CCUG 35596, NRRL B-3752, JCM 11945, CIP 104614, NCIMB 10802, PCM 2416",1,Cellulomonas humilata,144055.3,facultative anaerobe
,,,,,GCA_013359775,
2366,O,"DSM 14785, ATCC 700643, IFO 16734, NBRC 16734, JCM 18110, CIP 107678, JCM 12410, KCTC 9983, NBRC 101100",1,Cellulomonas iranensis,1223509.4,facultative anaerobe
,,,,,1223509.5,
,,,,,2731957583,
,,,,,2734481977,
,,,,,2927609659,
,,,,,GCA_001315225,
,,,,,GCA_001552375,
23832,FXJ8.089,"DSM 24960, CGMCC 4.6945, NBRC 110784, JCM 30777",1,Cellulomonas marina,2675903053,facultative anaerobe
,,,,,988821.3,
,,,,,988821.4,
,,,,,GCA_016862715,
,,,,,GCA_900111925,
2365,I,"DSM 14784, ATCC 700642, IFO 16733, NBRC 16733, JCM 18111, CIP 107677, JCM 12411, KCTC 9984, NBRC 101101",1,Cellulomonas persica,1305867.3,facultative anaerobe
,,,,,2734481978,
,,,,,76861.4,
,,,,,GCA_001315245,
,,,,,GCA_007989825,
2370,"DB 5, DB5","DSM 17791, KCTC 19081, NBRC 100819, JCM 14899, CIP 108880",1,Cellulomonas terrae,1305858.3,facultative anaerobe
,,,,,2734481970,
,,,,,311234.4,
,,,,,GCA_001314065,
,,,,,GCA_007990265,
2368,"XIL11, CIL11","DSM 16933, CECT 5729, LMG 21723, JCM 14281, CIP 108340, NBRC 101102",1,Cellulomonas xylanilytica,1305856.3,facultative anaerobe
,,,,,233583.3,
,,,,,2681813035,
,,,,,GCA_001314025,
,,,,,GCA_007989805,
12575,,"DSM 43879, ATCC 12830, DSM 43189, IMET 7404, NCIB 8868, CCUG 50776, CIP 103404, LMG 16221, NCIMB 8868, JCM 9965, BCRC 17274, CECT 4282, CFBP 4267, HAMBI 95, IAM 14866, IFO 15516, KCCM 40761, KCTC 1771, KCTC 3259, KCTC 3411, NBIMCC 1642, NBRC 15516, NCTC 8868, NRRL B-2768, VKM Ac-1412",1,Cellulosimicrobium cellulans,1710.19,facultative anaerobe
,,,,,1710.9,
,,,,,2623620579,
,,,,,GCA_006539945,
,,,,,GCA_900102445,
12572,,"DSM 20106, ATCC 21681, NCIB 11440, JCM 6201, BCRC 11636, CGMCC 1.1938, CIP 102113, IAM 13191, IMET 10715, KCCM 11678, KCTC 3409, LMG 16238, NCIMB 11440, VKM Ac-1029",0,Cellulosimicrobium cellulans,1710.42,facultative anaerobe
,,,,,2893668759,
,,,,,GCA_016907755,
12578,LL G-62,"DSM 46030, ATCC 27402, CECT 3050, CIP 81.28, IMET 7383, IMRU 3959, JCM 3164, KCC A-0164, NCIB 11025, CGMCC 1.2019, CGMCC 4.1492, IFO 16148, KCTC 9085, LMG 16121, NBRC 16148, NCIMB 11025, NRRL B-16088, PCM 2385, NBIMCC 2142",0,Cellulosimicrobium cellulans,1242247.3,facultative anaerobe
,,,,,2551306489,
,,,,,GCA_000321105,
13656,JA139,"DSM 18774, CCUG 53722, JCM 14338, BCRC 80280, KCTC 5728",1,Cereibacter changlensis,1188249.3,facultative anaerobe
,,,,,2593339283,
,,,,,402884.4,
,,,,,GCA_003034985,
,,,,,GCA_003254335,
11756,1662,"DSM 21392, CCUG 55632, CIP 110019",1,Chelonobacter oris,2627854067,facultative anaerobe
,,,,,505317.4,
,,,,,GCA_000772535,
10523,c14,"DSM 21506, BCRC 17533, LMG 23346",1,Chitinilyticum aquatile,1121275.4,facultative anaerobe
,,,,,2524023225,
,,,,,GCA_000430805,
10524,c1,"DSM 21440, BCRC 17609",1,Chitinilyticum litopenaei,2524614555,facultative anaerobe
,,,,,529086.3,
,,,,,GCA_000428145,
23450,KL-9,"DSM 27165, BCRC 80168, LMG 25530",1,Chitinivorax tropicus,2861653689,facultative anaerobe
,,,,,714531.3,
,,,,,GCA_014202905,
133287,IITR-71,"MTCC 11059, JCM 30068, KCTC 52433",1,Chromobacterium alkanivorans,GCA_016937655,facultative anaerobe
10449,"MK, Mentekab","DSM 30191, ATCC 12472, IFO 12614, NBRC 12614, NCIB 9131, NCTC 9757, CCUG 213, JCM 1249, BCRC 10636, CECT 494, CIP 103350, IAM 12470, ICMP 8644, KCTC 2897, LMG 1267, NCIMB 9131, VTT E-082793, RIMD 0315004",1,Chromobacterium violaceum,243365.4,facultative anaerobe
,,,,,536.43,
,,,,,536.44,
,,,,,536.53,
,,,,,637000074,
,,,,,GCA_000007705,
,,,,,GCA_900446805,
5695,P2K6,"DSM 19326, CIP 109575",1,Chryseobacterium hominis,2684622847,facultative anaerobe
,,,,,420404.16,
,,,,,GCA_900108525,
5702,JS17-8,"DSM 19299, KACC 12501, CIP 110176",1,Chryseobacterium jejuense,2684623012,facultative anaerobe
,,,,,445960.1,
,,,,,GCA_900100075,
5699,DW3,"DSM 18016, CCUG 52547, CIP 110177",1,Chryseobacterium molle,216903.4,facultative anaerobe
,,,,,2698536696,
,,,,,GCA_900142325,
5703,JS6-6,"DSM 19298, KACC 12502, CIP 110182",1,Chryseobacterium soli,2617271210,facultative anaerobe
,,,,,445961.5,
,,,,,GCA_000737705,
133828,THMBM1,"CGMCC 1.10941, NBRC 108747",1,Chryseobacterium taihuense,1141221.4,facultative anaerobe
,,,,,2663762742,
,,,,,GCA_900103755,
133475,X-65,"CCTCC AB 208154, NRRL B-51322, CCUG 68730, NCTC 13490",1,Chryseobacterium taklimakanense,2765235860,facultative anaerobe
,,,,,536441.3,
,,,,,GCA_900187185,
158569,F43b,"CCTCC AB 2016062, KCTC 52231",1,Ciceribacter thiooxidans,GCA_014126615,facultative anaerobe
4323,,"CCUG 4860, CECT 863, DSM 4593, ATCC 25405, CIP 82.89, NCTC 10805, JCM 1661, BCRC 14802, CGMCC 1.2020, LMG 7873, NCCB 92007, NCIMB 13274, NRRL B-41228",1,Citrobacter amalonaticus,35703.125,facultative anaerobe
,,,,,35703.13,
,,,,,35703.132,
,,,,,35703.135,
,,,,,35703.138,
,,,,,35703.59,
,,,,,GCA_018323885,
,,,,,GCA_900460855,
4338,"167, 80-58","DSM 17596, ATCC 51113, CCUG 30792, CDC 80-58, CIP 104554",1,Citrobacter braakii,2878893965,facultative anaerobe
,,,,,57706.144,
,,,,,57706.2,
,,,,,GCA_002075345,
4339,"M8B, M8BK","DSM 30040, ATCC 6750, CIP 110053, NCIB 8173, WDCM 00078, NCIMB 8173, CECT 8107",0,Citrobacter braakii,57706.143,facultative anaerobe
133060,97/79,"DSM 103031, CIP 106467",1,Citrobacter europaeus,1914243.13,facultative anaerobe
,,,,,1914243.15,
,,,,,1914243.18,
,,,,,1914243.21,
,,,,,2906139326,
,,,,,GCA_900079995,
4325,,"DSM 30039, ATCC 8090, IFO 12681, NBRC 12681, NCTC 9750, CCUG 418, ATCC 13316, JCM 1657, CECT 401, CIP 57.32, IAM 12471, KCTC 2509, LMG 3246, LMG 3247, MTCC 1658, NCIMB 11490, NRRL B-2643, Br (Braak)",1,Citrobacter freundii,1006003.13,facultative anaerobe
,,,,,1006003.3,
,,,,,1006003.7,
,,,,,1114920.3,
,,,,,2519899575,
,,,,,2588253794,
,,,,,2600255012,
,,,,,546.494,
,,,,,GCA_000312465,
,,,,,GCA_000734905,
4326,LRA 117.03.76,"CCUG 53829, CCM 7187, CIP 103547, DSM 24397, ATCC 43864, LMG 21265, WDCM 00006, CECT 7464, NCTC 13639",0,Citrobacter freundii,546.359,facultative anaerobe
4329,,"DSM 4595, ATCC 27028, CCM 2537, CIP 82.87, Frederiksen 14804, NCTC 10786, CCUG 4859, JCM 1658, BCRC 14804, CCUG 14559, CIP 105014, LMG 5519, NCCB 92008, VTT E-991040",1,Citrobacter koseri,545.59,facultative anaerobe
,,,,,GCA_900446925,
4328,3613-63,"DSM 4570, ATCC 27156, CIP 82.94, CDC 3613-63, JCM 1659, BCRC 14803, CCUG 14559, CCUG 14799, CCUG 5115, CECT 856, LMG 5741, NBRC 105690, NCTC 10849",0,Citrobacter koseri,545.113,facultative anaerobe
,,,,,GCA_900706735,
4330,,"DSM 4596, ATCC 25408, CIP 82.88, NCTC 10810, JCM 1660",0,Citrobacter koseri,545.64,facultative anaerobe
,,,,,GCA_900461075,
130292,Na 1a,"DSM 28879, CIP 55.13",1,Citrobacter pasteurii,1563222.16,facultative anaerobe
,,,,,1563222.3,
,,,,,2648501483,
,,,,,GCA_000826205,
140426,A60,"DSM 104542, CECT 9236, CIP 111602",1,Citrobacter portucalensis,2874289006,facultative anaerobe
,,,,,GCA_002042885,
4342,"876-58, 83I","DSM 17579, ATCC 51114, CDC 876-58, CIP 104555, CCUG 30793",1,Citrobacter werkmanii,67827.74,facultative anaerobe
,,,,,67827.8,
,,,,,67827.86,
4341,460-61,"CCUG 30791, DSM 17578, ATCC 29935, CDC 460-61, CECT 5335, CIP 105016",1,Citrobacter youngae,133448.7,facultative anaerobe
,,,,,2903312461,
,,,,,GCA_003818115,
5504,,"DSM 15886, ATCC BAA-825, CCUG 46293, CIP 108613, NRS 1",1,Cloacibacterium normanense,237258.25,facultative anaerobe
,,,,,2634166320,
,,,,,GCA_900104195,
2855,BL-28,"DSM 21758, KCTC 15122, NRRL B-51352",1,Clostridium cavendishii,1121302.3,facultative anaerobe
,,,,,2585428089,
,,,,,GCA_900141845,
2856,BL-20,"DSM 21757, NRRL B-51348",1,Clostridium hydrogeniformans,1121319.3,facultative anaerobe
,,,,,2563366730,
,,,,,GCA_000686705,
13677,GA2-M3,"DSM 17925, CIP 109899, KACC 11519",1,Cognatiyoonia koreensis,2619619643,facultative anaerobe
,,,,,364200.6,
,,,,,GCA_900109295,
17664,CL-GR15,"DSM 18289, KCCM 42319",1,Cohaesibacter gelatinilyticus,2728369261,facultative anaerobe
,,,,,372072.6,
,,,,,GCA_900215605,
134000,JC131,"KCTC 32038, NBRC 109022",1,Cohaesibacter haloalkalitolerans,2833556347,facultative anaerobe
,,,,,GCA_003574655,
166223,YE-B6,"MCCC 1A13131, KCTC 62716",1,Cohaesibacter intestini,2833506095,facultative anaerobe
,,,,,GCA_003324485,
133627,,"CGMCC 1.9157, NCCB 100300, DQHS 21",1,Cohaesibacter marisflavi,2617270874,facultative anaerobe
,,,,,655353.3,
,,,,,GCA_900115225,
134011,RLAHU4B,"LMG 27416, CECT 8236",1,Cohnella lupini,1294267.3,facultative anaerobe
,,,,,2770939584,
,,,,,GCA_003386205,
11452,S1-3,"DSM 25241, KCTC 22296, PCU 306, TISTR 1890",1,Cohnella thailandensis,2913440105,facultative anaerobe
,,,,,557557.3,
,,,,,557557.4,
,,,,,GCA_014212135,
,,,,,GCA_017874075,
11453,MX15-2,"DSM 25239, KCTC 22294, PCU 309, TISTR 1891",1,Cohnella xylanilytica,557555.3,facultative anaerobe
,,,,,GCA_014212175,
2879,BCw111,"DSM 22576, CGMCC 1.9127, LMG 25329",1,Colwellia chukchiensis,2667527443,facultative anaerobe
,,,,,2843543880,
,,,,,641665.3,
,,,,,641665.4,
,,,,,GCA_002104455,
,,,,,GCA_900109795,
158694,A3,"LMG 30125, NCIMB 15095",1,Colwellia echini,1982103.3,facultative anaerobe
,,,,,GCA_002843355,
133697,Y223G,"JCM 11831, ATCC BAA-637",1,Colwellia piezophila,GCA_000378625,facultative anaerobe
132361,WYH22-41,"DSM 26017, CGMCC 1.12294",1,Comamonas phosphati,1211803.3,facultative anaerobe
,,,,,GCA_014637085,
164661,184-8,"JCM 33821, CCM 8895, KCTC 21131, LMG 31050, NCIMB 15152",1,Companilactobacillus baiquanensis,2882132615,facultative anaerobe
,,,,,GCA_003946605,
6579,"203, Lb 203","DSM 19674, CECT 7310, JCM 16180, CIP 109926, KACC 16343, LMG 25239, NBRC 107149",1,Companilactobacillus bobalius,1423788.3,facultative anaerobe
,,,,,2695420442,
,,,,,83526.11,
,,,,,83526.4,
,,,,,GCA_001434855,
,,,,,GCA_002179915,
,,,,,GCA_007991895,
,,,,,GCA_009764355,
6455,"Rv4 na, Rv4na","DSM 20184, ATCC 29644, NCIB 11717, CCUG 30671, JCM 1097, BCRC 14043, CECT 571, CIP 103136, KCTC 3681, LMG 9200, NBRC 107150, NCFB 2330, NCIMB 11717, NRRL B-4566, VTT E-991267, NCDO 2330, IMET 11462",1,Companilactobacillus farciminis,1612.42,facultative anaerobe
,,,,,2667527616,
,,,,,2814123232,
,,,,,651324060,
,,,,,936140.3,
,,,,,936140.5,
,,,,,936140.8,
,,,,,936140.9,
,,,,,GCA_000184535,
,,,,,GCA_001434775,
164659,8-1(1),"JCM 33819, CCM 8898, KCTC 21115, LMG 31047, NCIMB 15156",1,Companilactobacillus hulinensis,2885679410,facultative anaerobe
,,,,,GCA_003946555,
164663,204-8,"JCM 33823, CCM 8900, KCTC 21133, LMG 31054, NCIMB 15159",1,Companilactobacillus jidongensis,2885661930,facultative anaerobe
,,,,,GCA_003946575,
164662,116-2,"JCM 33822, CCM 8899, KCTC 21124, LMG 31051, NCIMB 15158",1,Companilactobacillus kedongensis,2885682009,facultative anaerobe
,,,,,GCA_003946625,
164665,33-7,"JCM 33825, CCM 8936, KCTC 21118, LMG 31166, NCIMB 15153",1,Companilactobacillus keshanensis,2885684311,facultative anaerobe
,,,,,GCA_003946205,
6578,MT-1077,"CCUG 45370, ATCC BAA-131, CIP 107019, DSM 13961, JCM 10707, KCTC 8903P, KACC 12383, NBRC 106466, NRIC 0493",1,Companilactobacillus kimchii,1423765.3,facultative anaerobe
,,,,,1423765.4,
,,,,,2700989131,
,,,,,2728369670,
,,,,,83526.1,
,,,,,83526.14,
,,,,,83526.5,
,,,,,GCA_001311095,
,,,,,GCA_001435445,
,,,,,GCA_002191155,
158793,Hime5-1,"JCM 31635, DSM 103730, Hime 5-1",1,Companilactobacillus metriopterae,1909267.3,facultative anaerobe
,,,,,2881902429,
,,,,,GCA_004117915,
6592,,"DSM 14500, CCUG 48642, LMG 21932, TMW 1.80, JCM 12532, CIP 107874, LMG 21508, NBRC 107162",1,Companilactobacillus mindensis,1423770.3,facultative anaerobe
,,,,,167481.3,
,,,,,2660238628,
,,,,,GCA_001434275,
,,,,,GCA_007992055,
164660,256-3,"JCM 33820, CCM 8901, LMG 31048, NCIMB 15160",1,Companilactobacillus mishanensis,2882791044,facultative anaerobe
,,,,,GCA_003946505,
6628,LP33,"DSM 16982, CIP 108546, TMW 1.1265, JCM 16171, LMG 23510, NBRC 107153, NCIMB 14360",1,Companilactobacillus nantensis,1423774.3,facultative anaerobe
,,,,,2660238488,
,,,,,305793.3,
,,,,,GCA_001435815,
,,,,,GCA_007991935,
6674,"IZ4B, iz4b-1","DSM 19682, CIP 109958, JCM 14932, NBRC 107160",1,Companilactobacillus nodensis,1236953.3,facultative anaerobe
,,,,,1423775.4,
,,,,,1423775.5,
,,,,,2585427881,
,,,,,2681812987,
,,,,,2690315703,
,,,,,GCA_000615905,
,,,,,GCA_001435555,
,,,,,GCA_001592065,
6689,R 19c,"DSM 20183, CECT 5920, JCM 18037, CIP 110049, KCTC 21005",1,Companilactobacillus tucceti,1423811.3,facultative anaerobe
,,,,,2657245013,
,,,,,GCA_001434665,
164658,M1575,"JCM 33818, CCM 8892, LMG 31045, NCIMB 15149",1,Companilactobacillus zhongbaensis,2885707605,facultative anaerobe
,,,,,GCA_003946515,
166176,C4,"ATCC BAA-2611, CICC 10839",1,Corallincola holothuriorum,GCA_003336225,facultative anaerobe
3167,,"DSM 44280, ATCC 51403, CCUG 32103, CIP 103499, LCDC 88199, JCM 10390, LMG 19062",1,Corynebacterium afermentans subsp. afermentans,2681813557,facultative anaerobe
,,,,,38286.3,
,,,,,GCA_001639025,
,,,,,GCA_900156035,
3198,,"DSM 44531, JCM 11765, NRRL B-24151, CCUG 48298, IMMIB R-3491, CIP 107643",1,Corynebacterium appendicis,1161099.3,facultative anaerobe
,,,,,2512047050,
,,,,,2681813517,
,,,,,GCA_900156665,
3211,S613,"DSM 44791, CCUG 46511, CECT 5993, CIP 108096, JCM 12268",1,Corynebacterium aquilae,1431546.4,facultative anaerobe
,,,,,GCA_001941445,
3161,,"DSM 44202, CIP 104296, CCUG 34893, IBS B10697, JCM 10392, ATCC 51927, LMG 19064, IBS 10697",1,Corynebacterium argentoratense,1348662.3,facultative anaerobe
,,,,,2554235426,
,,,,,GCA_000590555,
3213,R2070,"DSM 44849, CCUG 45804, CIP 107431, JCM 12368",1,Corynebacterium atypicum,191610.5,facultative anaerobe
,,,,,2585427661,
,,,,,GCA_000732945,
3199,,"DSM 44532, CCUG 47449, CIP 107897, JCM 11766, NRRL B-24143, IMMIB D-1488",1,Corynebacterium aurimucosum,169292.149,facultative anaerobe
,,,,,GCA_024138775,
3202,CRS-51,"DSM 44610, CCUG 39412, CECT 4897, JCM 11664, ATCC BAA-77, CIP 105508, LMG 19039",1,Corynebacterium camporealense,161896.3,facultative anaerobe
,,,,,161896.4,
,,,,,2606217206,
,,,,,2808606813,
,,,,,GCA_000766885,
,,,,,GCA_000980815,
3239,1170,"DSM 45402, CCUG 58627, JCM 19113",1,Corynebacterium canis,679663.3,facultative anaerobe
,,,,,GCA_007859215,
3203,"S108/98/2, 980914, S108/98/2*","DSM 44611, CCUG 39779, CIP 106739, JCM 12101, KCTC 19913",1,Corynebacterium capitovis,1121354.3,facultative anaerobe
,,,,,2517572222,
,,,,,GCA_000372085,
3207,,"CCUG 57201, CIP 107182, DSM 44701, DPC 5298, LMG S-19264, NCIMB 30130, JCM 12072, LMG 19264",1,Corynebacterium casei,1285583.3,facultative anaerobe
,,,,,1285583.5,
,,,,,GCA_000550785,
3214,M106/00/5,"DSM 44850, CCUG 44566, CIP 107965, JCM 13387",1,Corynebacterium caspium,1121355.3,facultative anaerobe
,,,,,2515154055,
,,,,,GCA_000379705,
3216,"BIST 13, BS 13, BS13","DSM 44920, CCUG 47525, CECT 5779, CIP 108588, JCM 13388",1,Corynebacterium ciconiae,1121356.3,facultative anaerobe
,,,,,2515154014,
,,,,,GCA_000372385,
3159,,"CCUG 38194, LMG 19044, CIP 104919, JCM 10381, DSM 44184, CCUG 35014, DMMZ 214, ATCC 700219, CCM 4669",1,Corynebacterium coyleae,2634166170,facultative anaerobe
,,,,,53374.4,
,,,,,53374.54,
,,,,,GCA_900105505,
3160,,"DSM 44185, CCUG 35015, DMMZ 1075, CIP 104920",0,Corynebacterium coyleae,53374.55,facultative anaerobe
,,,,,53374.59,
,,,,,53374.6,
,,,,,53374.61,
3084,42 Fukuya,"DSM 20524, ATCC 29593, CCUG 28794, JCM 3715, BCRC 12320, CCM 5742, CECT 4048, CGMCC 1.1932, CIP 103424, IFO 15284, KCTC 3433, LMG 19065, NBRC 15284, NCTC 11863",1,Corynebacterium cystitidis,1121357.3,facultative anaerobe
,,,,,2599185266,
,,,,,2773857908,
,,,,,35757.3,
,,,,,GCA_900111265,
,,,,,GCA_900187295,
3181,,"IFO 16161, LMG 19045, CIP 105490, CCM 4727, DSM 45333, CCUG 37331, DSM 44351, JCM 11948, NBRC 16161",1,Corynebacterium durum,2623620526,facultative anaerobe
,,,,,2856490523,
,,,,,61592.134,
,,,,,GCA_013410305,
3195,"AJ-12310, YS-314","DSM 44549, JCM 11189, FERM 9246, AJ 12310, CCM 7123, CCUG 47130, CCUG 48037, CIP 107632, NBRC 100395",1,Corynebacterium efficiens,196164.1,facultative anaerobe
,,,,,196164.21,
,,,,,196164.22,
,,,,,196164.6,
,,,,,644736345,
,,,,,645951842,
,,,,,GCA_000011305,
,,,,,GCA_000160795,
3180,BL 8171,"DSM 44353, CCUG 33651, LMG 19046, CCM 4913, CIP 105466, JCM 11949, ATCC BAA-596, DMMZ 2537",1,Corynebacterium falsenii,108486.14,facultative anaerobe
,,,,,108486.16,
,,,,,108486.19,
,,,,,108486.9,
,,,,,1451189.3,
,,,,,1451189.4,
,,,,,2571042744,
,,,,,GCA_000525655,
3192,"M714/95/5, M714-95-5, 980915","DSM 44508, CCUG 39943, CIP 106740, ATCC BAA-468, JCM 12103, VTT E-072718",1,Corynebacterium felinum,2923453845,facultative anaerobe
,,,,,GCA_029383185,
3231,"1045, 1045T","DSM 45254, CCUG 56874, CIP 110017",1,Corynebacterium freiburgense,1121360.3,facultative anaerobe
,,,,,2524614613,
,,,,,GCA_000428805,
3155,,"DSM 44120, ATCC 51860, DMMZ 838, CCUG 35055, LMG 19047, JCM 11612, CCM 4567, CIP 104577",1,Corynebacterium glucuronolyticum,1121361.3,facultative anaerobe
,,,,,2529292557,
,,,,,39791.1,
,,,,,39791.5,
,,,,,39791.6,
,,,,,GCA_019633635,
,,,,,GCA_900176155,
3156,B 12915,"DSM 44288, CCUG 34780, CCUG 34888, CIP 104297, IBS B 12915, JCM 10394, ATCC 51866, IBS 12915",0,Corynebacterium glucuronolyticum,39791.12,facultative anaerobe
,,,,,548478.3,
,,,,,548478.6,
,,,,,643886137,
,,,,,GCA_000159595,
140638,S01,"KCTC 39608, CCTCC AB 2015423, GDMCC 1.1022, DSM 107476",1,Corynebacterium guangdongense,2923418710,facultative anaerobe
3240,MFC-5,"CCUG 59866, CGMCC 2452, DSM 45392, NBRC 106098",1,Corynebacterium humireducens,1223515.3,facultative anaerobe
,,,,,1223515.4,
,,,,,2597490360,
,,,,,2731957615,
,,,,,GCA_000819445,
,,,,,GCA_001571025,
3162,,"LMG 19048, DSM 44264, CCUG 36877, IFO 16163, NBRC 100416, NBRC 16163, NCTC 13015, JCM 10386, ATCC 700354, CCM 4676, CIP 105130, DMMZ 2023",1,Corynebacterium imitans,156978.3,facultative anaerobe
,,,,,156978.6,
,,,,,2597490159,
,,,,,2773857867,
,,,,,GCA_000739455,
,,,,,GCA_900187215,
3184,,"DSM 44385, CCUG 35717, CIP 105744, LMG 19050, JCM 11950",1,Corynebacterium kroppenstedtii,161879.49,facultative anaerobe
,,,,,643692019,
,,,,,645127.4,
,,,,,GCA_000023145,
3101,,"DSM 20755, ATCC 15677, NCTC 11138, CCUG 27535, CIP 103423, JCM 9385, NBRC 15288, CECT 4035, IFO 15288, LMG 19169",1,Corynebacterium kutscheri,2606217205,facultative anaerobe
,,,,,35755.3,
,,,,,35755.9,
,,,,,GCA_000980835,
,,,,,GCA_900637605,
3174,,"DSM 44291, CCUG 37336, DMMZ 1944, LMG 19051, JCM 10383, ATCC 700352, CCM 4677, CIP 105127",1,Corynebacterium lipophiloflavum,525263.3,facultative anaerobe
,,,,,643886002,
,,,,,GCA_000159635,
3230,KSS-3Se,"DSM 45231, CCM 7546, CCUG 56567, JCM 16607, CIP 110047",1,Corynebacterium lubricantis,1121363.3,facultative anaerobe
,,,,,2515154018,
,,,,,GCA_000379425,
3171,"JCP 2, JCL-2","DSM 44284, ATCC 51787, CCUG 32361, CIP 104099, JCM 11684, JCL 2, JCM 10393, LMG 19066",1,Corynebacterium macginleyi,2862073393,facultative anaerobe
,,,,,38290.38,
,,,,,38290.5,
,,,,,38290.6,
,,,,,38290.7,
,,,,,GCA_003688935,
3223,"7015, D7015","DSM 44953, CGMCC 1.6998, NRRL B-24779, JCM 17491, CIP 110199",1,Corynebacterium marinum,1224162.11,facultative anaerobe
,,,,,1224162.12,
,,,,,1224162.3,
,,,,,2630968455,
,,,,,349751.5,
,,,,,GCA_000835165,
,,,,,GCA_014645275,
3102,47,"DSM 20635, ATCC 14266, DSM 43761, NCTC 10254, JCM 9386, BCRC 14869, CCUG 27545, CCUG 46620, CIP 81.82, IFO 15360, LMG 19647, NBRC 15360",1,Corynebacterium matruchotii,2808606759,facultative anaerobe
,,,,,43768.438,
,,,,,43768.6,
,,,,,553207.3,
,,,,,648276634,
,,,,,GCA_000175375,
,,,,,GCA_011612265,
,,,,,GCA_900447555,
3236,3105,"JCM 17318, DSM 45274, CCUG 57279",1,Corynebacterium mustelae,571915.4,facultative anaerobe
,,,,,571915.6,
,,,,,571915.7,
,,,,,GCA_001020985,
3204,"Collins 31, M408/89/1, 31","DSM 44612, CCUG 38205, CIP 105741, LMG 19052, NCIMB 13757, JCM 12105",1,Corynebacterium phocae,161895.4,facultative anaerobe
,,,,,161895.5,
,,,,,2623620533,
,,,,,GCA_001941565,
,,,,,GCA_008693075,
3116,"Charita a, Charita-a","DSM 20688, ATCC 19412, NCTC 7448, CCUG 27542, JCM 9391, BCRC 10657, CECT 4082, CIP 103421, HAMBI 2321, IFO 15290, NBRC 15290, PCM 2053",1,Corynebacterium renale,1724.11,facultative anaerobe
,,,,,1724.8,
,,,,,2627853607,
,,,,,2808606807,
,,,,,GCA_002563965,
,,,,,GCA_900478035,
3182,,"DSM 44357, CCUG 37330, CIP 105491, IBS B52218, IFO 16162, NBRC 16162, LMG 19056, CCM 4729, JCM 10385",1,Corynebacterium singulare,161899.3,facultative anaerobe
,,,,,GCA_000833575,
3212,"38, Garayzabal 38","DSM 44792, CCUG 46398, CECT 5990, CIP 108094, JCM 12270",1,Corynebacterium sphenisci,1437874.4,facultative anaerobe
,,,,,2623620534,
,,,,,GCA_001941505,
3210,"J11, PG 39","DSM 44757, CCUG 45512, CECT 5986, CIP 107875, JCM 12271",1,Corynebacterium spheniscorum,185761.3,facultative anaerobe
,,,,,185761.5,
,,,,,GCA_008693095,
,,,,,GCA_900113445,
3228,,"DSM 45148, CCUG 55795, CIP 109925, JCM 17321, IMMIB L-999",1,Corynebacterium sputi,1111729.3,facultative anaerobe
,,,,,2513237121,
,,,,,GCA_000427865,
3078,622,"DSM 20302, ATCC 14403, CCUG 43497, CIP 104228, JCM 11611, NBRC 12144, VKM B-1228, CCTM La2748, NCIMB 565, BCRC 11885, CCM 317, CECT 4275, IFO 12144, KCCM 12153, KCTC 3254, NBIMCC 1435, VKM Ac-2184, CCTM La 2748",1,Corynebacterium stationis,1705.16,facultative anaerobe
,,,,,1705.8,
,,,,,2623620535,
,,,,,GCA_001941345,
3123,,"DSM 20668, ATCC 6940, NCTC 764, CCUG 27949, CIP 81.15, IFO 15291, JCM 9390, CECT 4159, LMG 19648, NBRC 15291",1,Corynebacterium striatum,2916407222,facultative anaerobe
,,,,,43770.1233,
,,,,,43770.659,
,,,,,43770.812,
,,,,,525268.3,
,,,,,643886057,
,,,,,GCA_000159135,
,,,,,GCA_006538485,
,,,,,GCA_900447675,
3215,P81/02,"DSM 44851, DSM 45110, CCUG 46963, CECT 5724, CIP 108201, JCM 12370",1,Corynebacterium suicordis,2783663.3,facultative anaerobe
,,,,,2918422303,
,,,,,GCA_015351405,
3206,M935/96/4,"DSM 44614, ATCC BAA-467, CCUG 41823, CIP 106763, JCM 12108, NCIMB 14414",1,Corynebacterium testudinoris,136857.5,facultative anaerobe
,,,,,2615840659,
,,,,,GCA_001021045,
3221,LDC-20,"DSM 44922, ATCC 35529, ATCC 35692, CCUG 45418, CIP 107291, JCM 13389, Medalle X",1,Corynebacterium tuberculostearicum,2833975288,facultative anaerobe
,,,,,38304.5,
,,,,,38304.9,
,,,,,GCA_013408445,
3220,"8241rör1, 961*00004/99, 962*00016/99","DSM 44921, CCUG 41662, CIP 107067",0,Corynebacterium tuberculostearicum,1979527.25,facultative anaerobe
137725,148A,"CIP 106714, ATCC 33035, CCUG 28787, CECT 763",0,Corynebacterium tuberculostearicum,2562617094,facultative anaerobe
,,,,,525264.4,
,,,,,GCA_000156615,
138055,610-86,CIP 102622,0,Corynebacterium tuberculostearicum,38304.8,facultative anaerobe
,,,,,GCA_016613425,
3147,20184,"ATCC 51799, LMG 19058, DSM 46325, CCUG 2708, IMET 11148, NCTC 7910, PCM 554, JCM 10387, CIP 106504",1,Corynebacterium ulcerans,2848159128,facultative anaerobe
,,,,,65058.133,
,,,,,65058.478,
,,,,,GCA_900187135,
3229,,"JCM 19114, DSM 45146, CCUG 55727, IMMIB L-1395",1,Corynebacterium ulceribovis,1121370.3,facultative anaerobe
,,,,,2515154059,
,,,,,GCA_000372445,
3148,"Armendariz, 1","DSM 7109, ATCC 43042, NCTC 12011, CCUG 18158, JCM 10395, CCM 3975, CECT 4142, CIP 103524, LMG 19041",1,Corynebacterium urealyticum,2811995035,facultative anaerobe
,,,,,43771.87,
,,,,,43771.9,
,,,,,504474.4,
,,,,,641522620,
,,,,,GCA_000069945,
,,,,,GCA_900187235,
3224,,"DSM 45051, CCUG 53377, CIP 109611, JCM 15295, IMMIB RIV-2301",1,Corynebacterium ureicelerivorans,401472.3,facultative anaerobe
,,,,,401472.6,
,,,,,GCA_000747315,
3131,,"CCUG 56051, CCM 2824, NCTC 11861, CIP 100653, IFO 15287, DSM 20743, ATCC 373, JCM 1971, BCRC 14413, CCM 1.1919, CCUG 27544, CECT 4160, IFO 16721, KCCM 40941, KCTC 3435, LMG 19544, NBRC 15287, NBRC 16721",1,Corynebacterium xerosis,1223513.5,facultative anaerobe
,,,,,1725.5,
,,,,,2617270853,
,,,,,2648501103,
,,,,,2690315859,
,,,,,2811995212,
,,,,,29363.59,
,,,,,GCA_000988235,
,,,,,GCA_001552415,
,,,,,GCA_900461265,
5250,,"DSM 4482, ATCC 19692, BCRC 12222, CCRC 12222, CCUG 18769, CIP 106872, JCM 1670, LMG 7876, NCIMB 13273, NBRC 105711",1,Proteus myxofaciens,1354337.7,facultative anaerobe
,,,,,2791354883,
,,,,,GCA_001654855,
3814,H13,"DSM 4133, ATCC 23190, NCMB 1418, CIP 108127, NCIMB 1418",1,Crocinitomix catalasitica,1408433.3,facultative anaerobe
,,,,,2556921666,
,,,,,GCA_000621625,
5239,CFS237,"CCUG 55851, DSM 18705, LMG 23823, DES 187, JCM 16467",1,Cronobacter dublinensis subsp. dublinensis,1159554.1,facultative anaerobe
,,,,,1159554.4,
,,,,,1159554.7,
,,,,,2548876988,
,,,,,2663762850,
,,,,,GCA_000409225,
,,,,,GCA_001277235,
5237,E825,"CCUG 56035, DSM 18702, LMG 23826, API 76-2121, CDC 1058-77",1,Cronobacter malonaticus,1159491.19,facultative anaerobe
,,,,,1159491.2,
,,,,,1159491.3,
,,,,,1159491.6,
,,,,,2548876974,
,,,,,2827186723,
,,,,,GCA_000409305,
,,,,,GCA_001277215,
5242,"83-07-023, E603, LRA 023 07 83","DSM 21870, ATCC 51329, CIP 103581, WDCM 00213, CECT 9143",1,Cronobacter muytjensii,1159613.3,facultative anaerobe
,,,,,1159613.6,
,,,,,2548876993,
,,,,,2667527495,
,,,,,GCA_000409285,
,,,,,GCA_001277195,
135600,F37/50,"CIP 57.33, NCTC 8155, NCIMB 8272, CCUG 10788",0,Cronobacter sakazakii,1367848.3,facultative anaerobe
,,,,,2602041574,
,,,,,28141.37,
,,,,,28141.371,
,,,,,28141.372,
,,,,,28141.62,
,,,,,2841645194,
,,,,,GCA_000463095,
,,,,,GCA_001277275,
5236,,"DSM 4485, ATCC 29544, NCTC 11467, WDCM 00214, CCUG 14558, CECT 858, CDC 4562-70, JCM 1233, BCRC 13988, CGMCC 1.6765, CIP 103183, HUT 8109, IAM 12660, KCTC 2949, LMG 5740, NBRC 102416, NBRC 105698, VTT E-991283",1,Cronobacter sakazakii subsp. sakazakii,1218104.3,facultative anaerobe
,,,,,2576861057,
,,,,,2627854230,
,,,,,28141.119,
,,,,,28141.367,
,,,,,28141.368,
,,,,,28141.369,
,,,,,28141.373,
,,,,,28141.4,
,,,,,28141.659,
141129,S5,"JCM 30642, VKM B-2941",1,Cuniculiplasma divulgatum,2773858060,facultative anaerobe
,,,,,GCA_900083515,
2038,CH34,"DSM 2839, LMG 1195, CIP 107179, CCUG 13724, ATCC 43123",1,Cupriavidus metallidurans,266264.4,facultative anaerobe
,,,,,266264.41,
,,,,,266264.42,
,,,,,266264.43,
,,,,,266264.44,
,,,,,266264.9,
,,,,,637000230,
,,,,,GCA_000196015,
7312,CP 2,"DSM 20149, ATCC 9682, CCM 1587, JCM 1349, CECT 4213, CFBP 2403, CIP 107084, IAM 12439, ICMP 2562, ICMP 2566, ICPB CP2, IFO 12161, IMET 10506, LMG 3715, LMG 7319, NBRC 12161, NCPPB 854, CCM 1582, ICP CP2",0,Curtobacterium flaccumfaciens,159612.4,facultative anaerobe
,,,,,GCA_018598335,
,,,,,GCA_026241875,
10515,,"DSM 18356, WB 3.4-79, CIP 109326",1,Deefgea rivuli,1121375.3,facultative anaerobe
,,,,,2556921014,
,,,,,GCA_000620145,
3894,TR0125,"DSM 21212, CIP 110035, JCM 11750",1,Deinococcus aerius,2895784119,facultative anaerobe
,,,,,GCA_002897375,
3893,I-0,"DSM 21396, CGMCC 1.7299, JCM 16679",1,Deinococcus gobiensis,2512564069,facultative anaerobe
,,,,,745776.12,
,,,,,745776.13,
,,,,,745776.14,
,,,,,745776.15,
,,,,,745776.16,
,,,,,745776.17,
,,,,,745776.4,
,,,,,GCA_000252445,
3887,KR-200,"DSM 19664, CIP 109416, LMG 22246, CCUG 58334",1,Deinococcus peraridilitoris,2509276065,facultative anaerobe
,,,,,937777.1,
,,,,,937777.11,
,,,,,937777.3,
,,,,,GCA_000317835,
23887,R12,"DSM 28115, CGMCC 1.8884, CIP 110212, NBRC 105665",1,Deinococcus wulumuqiensis,1288484.1,facultative anaerobe
,,,,,1288484.11,
,,,,,1288484.12,
,,,,,1288484.13,
,,,,,1288484.14,
,,,,,1288484.15,
,,,,,1288484.16,
,,,,,1288484.17,
,,,,,1288484.18,
,,,,,1288484.19,
23888,R13,"DSM 28106, CGMCC 1.8885, NBRC 105666, CIP 110211",0,Deinococcus wulumuqiensis,980427.7,facultative anaerobe
,,,,,GCA_000478785,
,,,,,GCA_014645595,
6598,M6A9,"DSM 15638, JCM 10491, NCIMB 13914, ATCC BAA-482, CCM 7143, CCUG 44587, CCUG 45366, CGMCC 1.3701, CIP 106688, LMG 19872",1,Dellaglioa algida,1423719.4,facultative anaerobe
,,,,,2663763513,
,,,,,GCA_001434695,
17838,"RODXS3, SV 45","DSM 19970, LMG 24795, NBRC 106155, JCM 17019",1,Demequina lutea,2657245116,facultative anaerobe
,,,,,2833986135,
,,,,,431489.3,
,,,,,431489.6,
,,,,,GCA_000975075,
,,,,,GCA_013409005,
17842,HI08-69,"DSM 24868, NBRC 105856",1,Demequina mangrovi,1043493.3,facultative anaerobe
,,,,,1043493.4,
,,,,,2687453759,
,,,,,2700989458,
,,,,,GCA_000759715,
,,,,,GCA_900109245,
3918,"S69, S-69","DSM 7083, ATCC 49369, NCFB 2769, CCUG 32998, JCM 7448, CCM 4122, CECT 4165, CIP 105144, IFM 10528, IMSNU 21318, NBRC 106157, NCIMB 13131",1,Dermabacter hominis,1349750.9,facultative anaerobe
,,,,,2731957604,
,,,,,GCA_001570785,
132483,AD1-86,"DSM 100050, KCTC 39585",1,Dermabacter vaginalis,2721755616,facultative anaerobe
,,,,,GCA_001678905,
3922,"59, 8094","DSM 20448, ATCC 29093, CCM 2140, CCUG 33028, JCM 11613, CECT 544, CIP 81.71, IAM 13592, IFO 15356, IMSNU 21319, LMG 14222, NBRC 15356, NCDO 2358, NCIMB 702358, NCTC 11039, VKM Ac-2160, VKM B-1818",1,Dermacoccus nishinomiyaensis,1274.14,facultative anaerobe
,,,,,1274.37,
,,,,,2832479645,
,,,,,GCA_900447535,
3919,,"DSM 22407, CCUG 55056, LMG 24257, IMP 2, JCM 16028",1,Devriesea agamarum,GCA_900070355,facultative anaerobe
4350,B374,"DSM 18020, LMG 25991, NCPPB 898, CFBP 1269, CIP 109008, ICMP 1544, Hayward B374",1,Dickeya dadantii,1223572.11,facultative anaerobe
,,,,,204038.21,
,,,,,2558860214,
,,,,,2814123163,
,,,,,GCA_000406145,
,,,,,GCA_003049785,
4349,,"DSM 18013, CFBP 2051, CIP 109104, ICPB ED102, NCPPB 2976",1,Dickeya dadantii subsp. dieffenbachiae,1223574.11,facultative anaerobe
,,,,,2558860213,
,,,,,GCA_000406185,
4351,,"DSM 18054, CFBP 1200, ICMP 6427, LMG 2485, NCPPB 453, CN 26",1,Dickeya dianthicola,1223568.13,facultative anaerobe
,,,,,2551306377,
,,,,,GCA_000365305,
166447,S29,"CFBP 8647, LMG 30899",1,Dickeya lacustris,GCA_003934295,facultative anaerobe
,,,,,GCA_029635795,
4352,Sr58,"DSM 18068, CFBP 2052, ICMP 5704, NCPPB 2538",1,Dickeya zeae,1223573.12,facultative anaerobe
,,,,,2558860215,
,,,,,GCA_000406165,
229,2991-95,"DSM 15742, ATCC BAA-56, CCM 4936, CIP 106314, CCUG 39307",1,Dolosicoccus paucivorans,2622736585,facultative anaerobe
,,,,,84521.3,
,,,,,GCA_900100125,
135725,"R-91/1468, R91/1468","CIP 104051, ATCC 51524, IFO 15550, NCFB 2975, LMG 19521, KCTC 15002, CCUG 33392, LMG 15126, NBRC 15550, NCIMB 702975",1,Dolosigranulum pigrum,2513237341,facultative anaerobe
,,,,,883103.3,
,,,,,GCA_000245815,
164191,DM2,"JCM 32096, BCRC 81069",1,Dongshaea marina,GCA_003072645,facultative anaerobe
166326,FT93W,"GDMCC 1.1683, KACC 21475",1,Duganella fentianensis,2915260304,facultative anaerobe
,,,,,GCA_009857835,
166327,CY13W,"GDMCC 1.1669, KACC 21461",1,Duganella qianjiadongensis,GCA_009857915,facultative anaerobe
12516,,"DSM 22835, CCUG 17996, CIP 107043, LMG 11519, JCM 16697, CDC F9047",1,Dysgonomonas capnocytophagoides,1121485.3,facultative anaerobe
,,,,,2526164513,
,,,,,GCA_000426485,
12515,,"DSM 22811, ATCC BAA-286, CCUG 42882, CIP 106420, JCM 16698",1,Dysgonomonas gadei,GCA_000213555,facultative anaerobe
159052,J115,"DSM 106889, LMG 30601",1,Dysosmobacter welbionis,2093857.4,facultative anaerobe
,,,,,GCA_005121165,
17719,,"DSM 19836, KCTC 12368, KMM 6172, LMG 23350",1,Echinicola pacifica,1121859.3,facultative anaerobe
,,,,,2515154083,
,,,,,346377.3,
,,,,,GCA_000373245,
,,,,,GCA_014651455,
1269,,"DSM 19096, CCUG 52470, Gsoil 1517, KCTC 13929, LMG 23408, CIP 109496",1,Ectobacillus panaciterrae,1121093.3,facultative anaerobe
,,,,,2524614636,
,,,,,GCA_000430785,
4357,Feb-78,"DSM 13771, ATCC 33379, CIP 78.56, JCM 1679, NCTC 12121, CCUG 14800, NBRC 105699",1,Edwardsiella hoshinae,1216966.6,facultative anaerobe
,,,,,2563367140,
,,,,,2851255004,
,,,,,93378.6,
,,,,,93378.7,
,,,,,GCA_000474215,
,,,,,GCA_900447315,
4356,"GA 77-52, 1976-78","CCUG 18764, CECT 885, DSM 13697, ATCC 33202, CDC 1976-78, JCM 16934, JCM 1680, CGMCC 1.1873, CIP 81.96, KCTC 12264, LMG 7860, NBRC 105724, NCIMB 13272, NCTC 12122",1,Edwardsiella ictaluri,1027360.4,facultative anaerobe
,,,,,2547132403,
,,,,,2850123092,
,,,,,67780.22,
,,,,,GCA_000264785,
,,,,,GCA_900447225,
3788,"Fx a2, NZ-1","DSM 3317, ATCC 23112, IAM 14319, IFO 15055, NBRC 15055, JCM 21159, ATCC 19594, ATCC 23180, CIP 104801, LMG 10750, LMG 3988, NCIMB 1385",1,Eisenibacter elegans,1121902.6,facultative anaerobe
,,,,,2524614599,
,,,,,GCA_000430505,
168208,THG-DN6.14,"KACC 18540, CGMCC 1.15958",1,Emticicia aquatilis,GCA_014644295,facultative anaerobe
134023,EF212,"NCCB 100458, DSM 26535",1,Endozoicomonas euniceicola,GCA_025562755,facultative anaerobe
134024,PS125,"NCCB 100438, CECT 8353",1,Endozoicomonas gorgoniicola,GCA_025562715,facultative anaerobe
23035,HC50,"DSM 25634, NBRC 108893",1,Endozoicomonas numazuensis,1137799.5,facultative anaerobe
,,,,,2574179790,
,,,,,GCA_000722635,
4374,,"DSM 17506, ATCC 35953, CCUG 25714, CDC 1497-78, CIP 103358, JCM 6051, NCTC 12123, CCUG 25588, HUT 8116, KCTC 23920, NBRC 109912, CCM 8619",1,Enterobacter asburiae,1298604.3,facultative anaerobe
,,,,,2734481909,
,,,,,61645.133,
,,,,,61645.134,
,,,,,61645.135,
,,,,,61645.136,
,,,,,61645.169,
,,,,,61645.358,
,,,,,61645.86,
,,,,,GCA_001312605,
132404,"247, 247BMC, EB-247","DSM 29888, NCCB 100573",1,Enterobacter bugandensis,2791355295,facultative anaerobe
,,,,,2859686987,
,,,,,881260.84,
,,,,,GCA_900324475,
4375,A-1,"DSM 17580, ATCC 33241, CCM 2421, LMG 2693, NCPPB 2176, CCUG 25231, PDDCC 5706, CIP 103787",1,Enterobacter cancerogenus,69218.16,facultative anaerobe
,,,,,69218.48,
,,,,,GCA_900185905,
166451,"GDMCC1.1427, 90028","CCTCC AB 2018173, CNCTC 7649",1,Enterobacter chuandaensis,GCA_003594915,facultative anaerobe
4373,,"DSM 30054, ATCC 13047, CIP 60.85, IFO 13535, NBRC 13535, NCTC 10005, WDCM 00083, NCDC 279-56, JCM 1232, ACM 1975, BCRC 10401, CCUG 28448, CCUG 29301, CCUG 6323, CDC 442-68, CECT 194, HAMBI 1295, HAMBI 96, HUT 8108, IAM 12349, KCTC 2361, LMG 2783, NCIMB 10101, VTT E-84198",1,Enterobacter cloacae subsp. cloacae,134375.18,facultative anaerobe
,,,,,2627854262,
,,,,,2663762965,
,,,,,550.1096,
,,,,,550.124,
,,,,,550.1674,
,,,,,550.2797,
,,,,,550.3089,
,,,,,646564529,
,,,,,716541.4,
4371,"W-4, 8122-86","DSM 16657, ATCC 23373, CIP 105586, ICMP 1570, NCPPB 1850, NRRL B-154, CCUG 25230, LMG 2683, JCM 6049, ICPB ED 105, ICPB 1570",1,Enterobacter cloacae subsp. dissolvens,69219.9,facultative anaerobe
,,,,,GCA_009660455,
170909,E1,"DSM 111347, LMG 31875",1,Enterobacter dykesii,GCA_008364625,facultative anaerobe
,,,,,VTTY00000000,
4368,992-77,"DSM 12409, ATCC 49162, CCUG 26642, CCUG 27126, CIP 103441, CCM 8620",1,Enterobacter hormaechei subsp. hormaechei,158836.1173,facultative anaerobe
,,,,,2916426963,
,,,,,651324029,
,,,,,888063.3,
,,,,,888063.8,
,,,,,GCA_000213995,
,,,,,GCA_001875655,
131087,EN-314,"DSM 16687, CCM 8660, CCUG 53905, CIP 108490",1,Enterobacter hormaechei subsp. oharae,2721755540,facultative anaerobe
,,,,,301102.37,
,,,,,301102.8,
,,,,,301102.81,
,,,,,301102.82,
,,,,,301102.83,
,,,,,GCA_001729705,
131104,EN-562,"DSM 16691, CCM 8661, CCUG 53904, CIP 108489",1,Enterobacter hormaechei subsp. steigerwaltii,158836.1172,facultative anaerobe
,,,,,2721755484,
,,,,,299766.39,
,,,,,GCA_001729725,
166452,"GDMCC1.1426, 90008","CCTCC AB 2018174, CNCTC 7648",1,Enterobacter huaxiensis,GCA_003594935,facultative anaerobe
131083,,"DSM 13645, CCUG 49023, JCM 8580, NIH 1485-79, ATCC BAA-260, CIP 105566, DSM 27110, VTT E-052846",1,Enterobacter kobei,208224.12,facultative anaerobe
,,,,,208224.15,
,,,,,208224.167,
,,,,,208224.25,
,,,,,2721755753,
,,,,,2916417672,
,,,,,GCA_001729765,
,,,,,GCA_001940295,
,,,,,GCA_018323985,
,,,,,GCA_900156385,
4372,EN-119,"CCUG 51323, DSM 16688, CCM 8602, CIP 108491, KCTC 23921",1,Enterobacter ludwigii,2636415448,facultative anaerobe
,,,,,2718218030,
,,,,,299767.2,
,,,,,299767.3,
,,,,,GCA_000818595,
,,,,,GCA_001750725,
132602,,"DSM 28020, CGMCC 1.15707, KACC 17832, KCTC 42694, YIM Hb-3, JCM 19646",1,Enterobacter mori,GCA_003606205,facultative anaerobe
170910,E13,"DSM 110788, LMG 31764",1,Enterobacter vonholyi,GCA_008364555,facultative anaerobe
,,,,,VTUC00000000,
133990,L34,"CCM 8433, LMG 27164, DSM 107709",1,Enterococcus alcedinis,1274384.3,facultative anaerobe
,,,,,1274384.4,
,,,,,2913599697,
,,,,,GCA_014635985,
,,,,,GCA_017874975,
5334,,"DSM 11492, CCUG 44928, CIP 108239, AS 2",1,Enterococcus asini,57732.3,facultative anaerobe
,,,,,GCA_001885725,
5270,"E6844, W17","DSM 20679, ATCC 14025, NCDO 2369, NCTC 9938, CCUG 7983, JCM 8722, BCRC 10801, BCRC 14728, CCM 4049, CECT 968, CIP 103019, LMG 10744, NBRC 100477, NCIMB 702369, VKM B-1673, VTT E-97804, IMET 3257",1,Enterococcus avium,1140002.3,facultative anaerobe
,,,,,1140002.4,
,,,,,2541047449,
,,,,,2545824652,
,,,,,33945.1,
,,,,,33945.4,
,,,,,GCA_000406965,
,,,,,GCA_000407245,
,,,,,GCA_001885775,
,,,,,GCA_900447655,
5343,,"DSM 17029, CCUG 46666, CIP 108093, LMG 12316, NBRC 100695",1,Enterococcus canis,1349765.3,facultative anaerobe
,,,,,214095.3,
,,,,,2681813000,
,,,,,GCA_001544375,
,,,,,GCA_001885805,
5276,"20, W 99","DSM 20680, ATCC 25788, CCM 2478, NCDO 2372, NCIB 11449, CCUG 18657, NCTC 12361, JCM 8723, CECT 969, CGMCC 1.9124, CIP 103018, KCTC 3638, LMG 10745, NBRC 100478, NCIMB 11449, NRRL B-3502, VTT E-97775",1,Enterococcus casseliflavus,1218087.3,facultative anaerobe
,,,,,2731957559,
,,,,,37734.14,
,,,,,37734.151,
,,,,,37734.39,
,,,,,GCA_001544095,
,,,,,GCA_001885845,
,,,,,GCA_900447665,
5272,CA 2,"DSM 7370, ATCC 49996, CCM 4239, CCUG 30567, CIP 103525, CCM 439",0,Enterococcus casseliflavus,1158603.3,facultative anaerobe
,,,,,1158603.5,
,,,,,2545824673,
,,,,,2558860903,
,,,,,37734.149,
,,,,,GCA_000393915,
,,,,,GCA_000407405,
5321,"A60, A 60","DSM 20682, ATCC 43198, NCDO 2674, CCUG 27299, JCM 8724, CCM 3659, CECT 4088, CGMCC 1.2139, CIP 103676, KCTC 3642, LMG 12902, NBRC 100674, NCIMB 702674, NCTC 12421, NCFB 2674",1,Enterococcus cecorum,1121864.3,facultative anaerobe
,,,,,1121864.4,
,,,,,1121864.6,
,,,,,1121864.8,
,,,,,2515154031,
,,,,,2541047997,
,,,,,2558860907,
,,,,,44008.68,
,,,,,GCA_000379745,
,,,,,GCA_000407565,
5328,,"DSM 7374, ATCC 51263, NCIMB 13013, CCUG 27894, STR 345, CIP 103675, LMG 11740",1,Enterococcus columbae,1121865.3,facultative anaerobe
,,,,,1121865.4,
,,,,,1121865.5,
,,,,,1121865.7,
,,,,,2515154086,
,,,,,2541047448,
,,,,,2541047998,
,,,,,GCA_000373065,
,,,,,GCA_000406925,
,,,,,GCA_000407225,
140476,ETRF1,"LMG 28312, CCUG 65857",1,Enterococcus crotali,GCA_000633635,facultative anaerobe
5348,"L. Devriese M 52, M 52","DSM 22802, CCM 7299, CCUG 37865, LMG 14595, CIP 109076",1,Enterococcus devriesei,319970.3,facultative anaerobe
,,,,,GCA_001885905,
24004,ORL-24,"DSM 29072, JCM 18359, KACC 16708",1,Enterococcus diestrammenae,1155073.5,facultative anaerobe
,,,,,2901213754,
5324,E18-1,"DSM 6630, ATCC 51266, NCFB 2821, NCIMB 13000, CCUG 33309, CIP 103646, CCM 4282",1,Enterococcus dispar,1139219.3,facultative anaerobe
,,,,,1139219.4,
,,,,,2541047447,
,,,,,2545824666,
,,,,,44009.3,
,,,,,GCA_000406945,
,,,,,GCA_000407585,
,,,,,GCA_001886105,
166242,63-4,"NCIMB 15178, CCM 8922",1,Enterococcus dongliensis,2559925.3,facultative anaerobe
,,,,,GCA_005405225,
5278,"98 D, D3","DSM 20633, ATCC 19432, CCM 5612, NCDO 596, NCTC 8307, JCM 8725, BCRC 10790, CCUG 7972, CECT 411, CGMCC 1.2284, CIP 55.125, LMG 10746, LMG 12691, NBRC 100479, NCAIM B.02010, NCIMB 700596, VTT E-97805",1,Enterococcus durans,1218088.3,facultative anaerobe
,,,,,2731957564,
,,,,,53345.186,
,,,,,GCA_001544215,
5292,Tissier,"DSM 20478, ATCC 19433, NCDO 581, NCIB 775, NCTC 775, WDCM 00009, CCUG 19916, JCM 8726, JCM 5803, BCRC 10066, CCM 7000, CECT 481, CGMCC 1.2135, CIP 103015, HAMBI 1711, KCTC 3206, KCTC 3512, LMG 7937, NBIMCC 3360, NBRC 100480, NBRC 100481, NCAIM B.01312, NCIMB 775, VTT E-93203",1,Enterococcus faecalis,1169286.3,facultative anaerobe
,,,,,1218089.3,
,,,,,1351.123,
,,,,,1351.3961,
,,,,,2558860282,
,,,,,2731957565,
,,,,,GCA_000392875,
,,,,,GCA_001544235,
,,,,,GCA_015311765,
,,,,,GCA_900447895,
5279,Portland,"DSM 2570, ATCC 29212, WDCM 00087, CCUG 9997, NCTC 12697, LMG 8146, JCM 7783, BCRC 10789, CCM 4224, CECT 795, CIP 103214, JCM 2875, KCTC 2011, NBRC 100482, NCAIM B.01881, NCCB 100299, NCCB 90047, NCCB 93062, NCIMB 13280, LMG 8222",0,Enterococcus faecalis,1201292.1,facultative anaerobe
,,,,,1201292.11,
,,,,,1201292.12,
,,,,,1201292.13,
,,,,,1201292.14,
,,,,,1201292.15,
,,,,,1201292.16,
,,,,,1201292.21,
,,,,,1201292.22,
,,,,,1201292.3,
5284,NJ-3,"DSM 12956, ATCC 51299, WDCM 00085, CCUG 34289, CIP 104676, LMG 16216, CCM 4647, WDCM 00152, CECT 8120, NCTC 13379",0,Enterococcus faecalis,1351.114,facultative anaerobe
,,,,,2636415664,
,,,,,GCA_000772515,
5301,,"DSM 20477, ATCC 19434, NCDO 942, NCTC 7171, WDCM 00010, CCUG 542, LMG 8149, LMG 11423, CCM 7167, JCM 5804, BCRC 10067, CECT 410, CFBP 4248, CGMCC 1.2136, CIP 103014, HAMBI 1710, JCM 8727, NBRC 100485, NBRC 100486, NCIMB 11508, VTT E-93204",1,Enterococcus faecium,1218090.3,facultative anaerobe
,,,,,1352.4067,
,,,,,2731957566,
,,,,,2916553101,
,,,,,GCA_001544255,
,,,,,GCA_026953455,
,,,,,GCA_900447735,
139460,,"CIP 106876, NCTC 13169, WDCM 00178, CCM 7800, CECT 8293, DSM 109923, WR 63",0,Enterococcus faecium,1352.407,facultative anaerobe
,,,,,GCA_900447945,
166174,Gos25-1,"CIP 110956, LMG 29007, NBRC 111461, TISTR 2382",1,Enterococcus florum,GCA_004309355,facultative anaerobe
5314,"F87/276, PB21","DSM 24841, ATCC 49573, JCM 8728, CCUG 18658, NCTC 12359, NCDO 2313, BCRC 15477, CCM 4054, CECT 970, CGMCC 1.2517, CGMCC 1.9125, CIP 103013, DSM 20628, LMG 13129, NBRC 100675, NCIMB 702313, NCTC 11428, VTT E-97776, LMG 11207",1,Enterococcus gallinarum,1218091.3,facultative anaerobe
,,,,,1353.11,
,,,,,1353.41,
,,,,,2731957567,
,,,,,GCA_001544275,
,,,,,GCA_001886155,
,,,,,GCA_900447935,
137163,"PB18, LRA 086 10 84","CIP 103692, ATCC 49608, NCDO 2311, NCTC 12360",0,Enterococcus gallinarum,1353.176,facultative anaerobe
,,,,,1353.42,
,,,,,GCA_900461195,
5337,PQ1,"DSM 15689, ATCC BAA-350, CCUG 45553, CIP 107662, CCM 7168, NBRC 100696",1,Enterococcus gilvus,160453.3,facultative anaerobe
,,,,,GCA_001885915,
5341,"Svec 440, 440","CCUG 45916, DSM 15920, CCM 4851, LMG 19487, CIP 107129",1,Enterococcus haemoperoxidus,155618.3,facultative anaerobe
,,,,,GCA_001885985,
5344,,"DSM 17122, CCUG 48100, CIP 108559, LMG 12317",1,Enterococcus hermanniensis,249189.3,facultative anaerobe
,,,,,GCA_001885945,
5316,,"DSM 20160, ATCC 8043, CCM 2423, CCUG 18659, CIP 53.48, CIP 82.112, JCM 8729, LMG 6399, NCDO 1258, NCIMB 6459, WDCM 00089, ATCC 9790, BCRC 11054, BCRC 12496, BCRC 80016, CCUG 1332, CCUG 19917, CECT 279, CECT 294, CECT 302, CFBP 4250, CGMCC 1.2140, HAMBI 1709, HAMBI 644, IAM 1262, IFO 3181, KCTC 2022, KCTC 3616, NBRC 3181, NCCB 46070, NCCB 58005, NCIMB 8123, NCIMB 8191, NCTC 12367, VKM B-2107, VTT E-97046, NCDO 997, NCTC 6459",1,Enterococcus hirae,1354.212,facultative anaerobe
,,,,,1354.25,
,,,,,1354.364,
,,,,,2521172711,
,,,,,2545824653,
,,,,,2558860905,
,,,,,768486.1,
,,,,,768486.11,
,,,,,768486.24,
,,,,,768486.3,
5315,M 19,"CCUG 32258, NCIMB 8192, CCM 4533, DSM 3320, ATCC 10541, CIP 58.55, NCIB 8192, WDCM 00011, NBRC 113010, LMG 10274, CECT 4081, NCTC 13383",0,Enterococcus hirae,1354.358,facultative anaerobe
166241,190-7,"NCIMB 15200, CCM 8949",1,Enterococcus hulanensis,2559929.3,facultative anaerobe
,,,,,GCA_005405485,
5342,TP 1.5,"DSM 15952, CCUG 50447, LMG 22039, CIP 108583",1,Enterococcus italicus,649989943,facultative anaerobe
,,,,,888064.11,
,,,,,888064.3,
,,,,,GCA_000185365,
,,,,,GCA_001885995,
5362,BT159,"DSM 23655, LMG 25958",1,Enterococcus lactis,2928549275,facultative anaerobe
,,,,,357441.21,
,,,,,GCA_015904215,
5317,6,"DSM 20681, ATCC 43197, NCDO 846, CCUG 30572, CCM 4056, JCM 8730, BCRC 17125, CECT 971, CGMCC 1.2493, CIP 103012, HAMBI 1569, KCTC 3641, LMG 10747, NBRC 100489, NCIMB 700846, NCTC 12365",1,Enterococcus malodoratus,1158601.3,facultative anaerobe
,,,,,1158601.4,
,,,,,2545824647,
,,,,,2558860908,
,,,,,71451.3,
,,,,,71451.7,
,,,,,GCA_000393875,
,,,,,GCA_000407185,
,,,,,GCA_001886025,
,,,,,GCA_900447955,
138613,,"CIP 105126, NCTC 12366, ATCC 49613, NCDO 847",0,Enterococcus malodoratus,71451.6,facultative anaerobe
,,,,,GCA_900447925,
5340,"Svec 330, 330","DSM 15919, CCM 4856, LMG 19486, CCUG 45913, CIP 107130",1,Enterococcus moraviensis,155617.3,facultative anaerobe
,,,,,GCA_001886065,
5318,W 102,"DSM 4838, ATCC 43186, NCDO 2375, MUTK 559, CCUG 18656, JCM 8731, BCRC 17141, BCRC 17356, CCM 4058, CECT 972, CIP 103010, HAMBI 1570, KCTC 3630, LMG 10748, NBRC 100490, NCIMB 13132, NCIMB 702375, NCTC 12363",1,Enterococcus mundtii,53346.33,facultative anaerobe
,,,,,53346.38,
,,,,,53346.54,
,,,,,GCA_001886035,
,,,,,GCA_002813755,
,,,,,GCA_007990125,
166240,94-2,"NCIMB 15180, CCM 8920, LMG 31180",1,Enterococcus nangangensis,2559926.3,facultative anaerobe
,,,,,GCA_005405245,
5338,PQ2,"CIP 107663, CCM 7169, NBRC 100697, DSM 15690, ATCC BAA-351, CCUG 45554",1,Enterococcus pallens,160454.3,facultative anaerobe
,,,,,GCA_001886075,
5335,JLB-1,"CCUG 48923, KCTC 3818, DSM 14726, ATCC BAA-412, CIP 108361, NBRC 100711",1,Enterococcus phoeniculicola,154621.3,facultative anaerobe
,,,,,GCA_001886115,
164673,241-2-2,"JCM 33833, CCM 8921, LMG 31181, NCIMB 15185",1,Enterococcus pingfangensis,2559924.3,facultative anaerobe
,,,,,GCA_005405205,
5325,47-16,"CCUG 33310, CIP 103647, DSM 5632, ATCC 49372, NCDO 2138, JCM 8732, CCM 4215, CECT 4075, CGMCC 1.2487, LMG 11426, NBRC 100491, NCFB 2138, NCIMB 13084, VTT E-97811",1,Enterococcus pseudoavium,1218092.4,facultative anaerobe
,,,,,2681812974,
,,,,,GCA_001544295,
5326,"1789/79, 1789-79","DSM 5633, ATCC 49427, NCTC 12192, CCUG 29292, CIP 103329, LMG 12888, JCM 8733, NBRC 100492, CCM 4216, CDC 1789-79, NCAIM B.02061, NCIMB 12901, VTT E-97812",1,Enterococcus raffinosus,1218093.3,facultative anaerobe
,,,,,2731957560,
,,,,,71452.3,
,,,,,GCA_001544115,
,,,,,GCA_001886185,
132142,strain 1971,"DSM 102982, CCM 4630, CCUG 61593, LMG 26678",1,Enterococcus rotai,118060.4,facultative anaerobe
,,,,,2687453606,
,,,,,2928218588,
,,,,,GCA_001465345,
5323,HF 62,"DSM 20726, ATCC 43076, CCUG 27643, CCUG 33311, CIP 103246, JCM 8734, LMG 11427, NBRC 100493, NCDO 2594, NCIMB 702594, CCM 4377, CECT 4309, CGMCC 1.2485, HAMBI 1576, KACC 10783, KCTC 3643",1,Enterococcus saccharolyticus subsp. saccharolyticus,1139996.3,facultative anaerobe
,,,,,1139996.4,
,,,,,2541047445,
,,,,,2545824663,
,,,,,41997.3,
,,,,,GCA_000407005,
,,,,,GCA_000407285,
,,,,,GCA_001886235,
133150,VE80,"JCM 31193, CCUG 68827, CCM 8834",1,Enterococcus saigonensis,1805431.3,facultative anaerobe
,,,,,2916550272,
,,,,,GCA_011397115,
164674,85-4,"JCM 33834, CCM 8923, LMG 31183, NCIMB 15179",1,Enterococcus songbeiensis,2559927.3,facultative anaerobe
,,,,,GCA_005405265,
5327,,"CCUG 30571, CCM 4283, NCIMB 13117, DSM 6905, ATCC 49903, CIP 104373, NCDO 2379, MUTK 31, CCUG 33313",1,Enterococcus sulfureus,1140003.3,facultative anaerobe
,,,,,1140003.4,
,,,,,2541047450,
,,,,,2545824672,
,,,,,GCA_000407025,
,,,,,GCA_000407605,
5352,FP48-3,"DSM 21767, CCM 7793, KCTC 13134, NBRC 101867, NRIC 0107, PCU 282, TISTR 933",1,Enterococcus thailandicus,417368.11,facultative anaerobe
,,,,,417368.6,
,,,,,GCA_001886265,
,,,,,GCA_007989705,
132143,,"DSM 102981, CCM 4629, CCUG 48799, LMG 26676",1,Enterococcus ureilyticus,1131292.3,facultative anaerobe
,,,,,1131292.4,
,,,,,1131292.5,
,,,,,2901250893,
,,,,,GCA_001730315,
,,,,,GCA_002806915,
,,,,,GCA_016908995,
135017,88-5474,"CIP 107282, LMG 12287, CCM 4887, CCUG 45025, NBRC 100699, JCM 11557, KCTC 13904",1,Enterococcus villorum,112904.202,facultative anaerobe
,,,,,GCA_007990225,
5339,"DS 1390-83, Johnson 2757, SS1503","DSM 15688, ATCC 700913, CCUG 43229, CIP 107172, NCIMB 13634",0,Enterococcus villorum,1158604.3,facultative anaerobe
,,,,,1158604.4,
,,,,,2545824674,
,,,,,2558860910,
,,,,,GCA_000393935,
,,,,,GCA_000407205,
158309,MN05,"DSM 104047, CGMCC 1.15942",1,Enterococcus wangshanyuanii,2005703.8,facultative anaerobe
,,,,,GCA_002197645,
,,,,,GCA_014644255,
166112,A649,"CBAS 716, CBRVS P1061",1,Enterovibrio baiacu,2881972992,facultative anaerobe
,,,,,GCA_004120195,
,,,,,GCA_014863865,
17215,"RE35/F12, RE35F12","DSM 14347, ATCC BAA-606, CCUG 48319 B, CECT 7414, CIP 107077, CCUG 48319",1,Enterovibrio calviensis,1121867.3,facultative anaerobe
,,,,,2556921009,
,,,,,GCA_000621165,
17218,,"DSM 22720, CAIM 661, CECT 7320, DAl 1-1-5",1,Enterovibrio nigricans,1121868.4,facultative anaerobe
,,,,,2568526010,
,,,,,2834490561,
,,,,,504469.3,
,,,,,GCA_002835505,
,,,,,GCA_900167155,
17216,R-3710,"DSM 15893, LMG 19839, CCUG 47417, CAIM 430, CIP 108237",1,Enterovibrio norvegicus,1121869.4,facultative anaerobe
,,,,,2599185265,
,,,,,GCA_900115495,
132372,SW014,"DSM 25033, KCTC 42425, MCCC 1K00500, CAIM 1920, JCM 17855",1,Veronia pacifica,1080227.5,facultative anaerobe
,,,,,2791354993,
,,,,,GCA_001707825,
168558,QZS01,"CGMCC 1.13498, KCTC 62495",1,Entomomonas moraniae,CP029822,facultative anaerobe
,,,,,GCA_003991975,
23549,PB3-7B,"DSM 25520, NCAIM B 02512",1,Eoetvoesiella caeni,2770939557,facultative anaerobe
,,,,,645616.3,
,,,,,645616.4,
,,,,,GCA_003315175,
,,,,,GCA_013416545,
,,,,,GCA_022688825,
164343,F02,"JCM 32722, FBCC 500047, KCTC 62567",1,Ephemeroptericola cinctiostellae,2848339753,facultative anaerobe
,,,,,GCA_003339525,
230,M1832/95/2,"CIP 106310, ATCC BAA-57, CCM 4939, DSM 15696, CCUG 38207",1,Eremococcus coleocola,1121871.3,facultative anaerobe
,,,,,2524614563,
,,,,,GCA_000428865,
4403,X001,"DSM 19347, IAM 14479, JCM 21238, CFBP 6829, CIP 106296, LMG 24877, NBRC 102417",1,Erwinia aphidicola,68334.5,facultative anaerobe
,,,,,GCA_014773485,
4402,"HK 204, 9108-82","DSM 19328, ATCC 35998, CDC 9108-82, IAM 12843, JCM 3704, AJ 2716, CFBP 3622, CIP 105199, ICMP 12532, LMG 11254, NBRC 102418, NCIMB 13181, NCPPB 3774",1,Erwinia persicina,1219360.3,facultative anaerobe
,,,,,2731957625,
,,,,,GCA_001571305,
4404,,"DSM 26166, CECT 7348, CFBP 5888, IVIA 2057.5",1,Erwinia piriflorinigrans,1161919.3,facultative anaerobe
,,,,,2630968383,
,,,,,GCA_001050515,
4397,,"DSM 17597, LMG 7039, NCPPB 3555, IBSBF 435, PDDCC 8426, CIP 105200, CFBP 3627, ICMP 8426",1,Erwinia psidii,2898987143,facultative anaerobe
,,,,,69224.3,
,,,,,GCA_003846135,
5372,"02-143, MF-EP02","DSM 15511, CIP 107935",1,Erysipelothrix inopinata,225084.5,facultative anaerobe
,,,,,2894492305,
,,,,,GCA_014396165,
5367,,"DSM 5055, ATCC 19414, NCTC 8163, CCUG 221, CIP 105957",1,Erysipelothrix rhusiopathiae,1648.245,facultative anaerobe
,,,,,2562617150,
,,,,,2836765118,
,,,,,525280.3,
,,,,,GCA_000160815,
,,,,,GCA_900637845,
5371,T-305,"DSM 14972, ATCC 43339, CCUG 31352, CIP 105960, JCM 8533",1,Erysipelothrix tonsillarum,1121874.3,facultative anaerobe
,,,,,2515154211,
,,,,,GCA_000373785,
4932,19982,"DSM 17582, CCUG 46494, CIP 107988, LMG 20976, CCM 7160, JCM 17328, CIP 107-988, NBRC 107761",1,Escherichia albertii,1115511.3,facultative anaerobe
,,,,,GCA_000759775,
,,,,,GCA_022833075,
4907,"U5/41, U 5/41","DSM 30083, ATCC 11775, CCM 5172, CIP 54.8, IAM 12119, JCM 1649, NCDO 1989, NCTC 9001, WDCM 00090, BCRC 10675, CCUG 24, CCUG 29300, CECT 515, CGMCC 1.2993, KCTC 2441, LMG 2092, NBRC 102203, NCIMB 11943, VTT E-94564, UCCCB113, WDCM 00155",1,Escherichia coli,2528311135,facultative anaerobe
,,,,,2574180325,
,,,,,2588253787,
,,,,,2687453512,
,,,,,2897341779,
,,,,,562.7382,
,,,,,866789.18,
,,,,,866789.5,
,,,,,866789.6,
,,,,,866789.7,
4420,"MacLeod, McLeod","CCUG 3274, DSM 682, ATCC 10536, NCIB 8879, NCTC 10418, CIP 54.127, IMET 10907, NCIMB 8879",0,Escherichia coli,562.3414,facultative anaerobe
,,,,,GCA_900448155,
4422,,"DSM 787, ATCC 11229, CCUG 17931, AMC 198, CIP 103795",0,Escherichia coli,562.58153,facultative anaerobe
,,,,,GCA_010374945,
4433,"Crooks, Crookes","DSM 1576, ATCC 8739, NCIB 8545, WDCM 00012, CCUG 10979, CIP 53.126, NCTC 12923, CCM 4517, NCDO 904, NCIMB 8545, LMG 8063, CECT 516, IFO 3972, NBRC 3972, CMCC (B) 44102",0,Escherichia coli,481805.41,facultative anaerobe
,,,,,481805.51,
,,,,,481805.6,
,,,,,562.15132,
,,,,,562.34149,
,,,,,641522623,
,,,,,GCA_000019385,
,,,,,GCA_001997065,
,,,,,GCA_003591595,
,,,,,GCA_016864475,
4484,"K12 DH1, DH1","DSM 4235, ATCC 33849, NCIB 12045, CIP 104745",0,Escherichia coli,536056.19,facultative anaerobe
,,,,,536056.3,
,,,,,646862325,
,,,,,GCA_000023365,
,,,,,GCA_000270105,
4507,C,"DSM 4860, ATCC 13706, NCIB 10544, CCUG 48888, CIP 104337, ATCC 25312, NCIMB 12416",0,Escherichia coli,2875683775,facultative anaerobe
,,,,,2913137851,
,,,,,GCA_002079225,
,,,,,GCA_002092895,
,,,,,GCA_003287245,
4737,"Bacdive 4737, Stoke W","DSM 10234, NCIMB 13058, NCTC 9111, CCUG 11412, ATCC 33780, CIP 52.167",0,Escherichia coli,562.34293,facultative anaerobe
,,,,,GCA_900449905,
4881,K12 O Rough H48,"DSM 11250, CIP 54.117, IFO 3301, NBRC 3301, NCDO 1984, NCIB 10083, NCTC 10538, NCIMB 10083",0,Escherichia coli,562.34148,facultative anaerobe
,,,,,562.50454,
,,,,,562.58158,
,,,,,GCA_006538505,
,,,,,GCA_010509415,
,,,,,GCA_900448235,
4900,E81186,"DSM 17076, NCTC 12900, JCM 18426, ATCC 700728, CCM 4787, CECT 4972, CIP 110281, LMG 21756, LMG 21763, NCIMB 14487, NCIMB 50139, VTT E-011782, WDCM 00014",0,Escherichia coli,1051353.3,facultative anaerobe
,,,,,1236522.3,
,,,,,2537561605,
,,,,,2585427868,
,,,,,562.34151,
,,,,,GCA_000335055,
,,,,,GCA_000614425,
,,,,,GCA_900448275,
23925,,"DSM 19683, CIP 106878, NCTC 13167, WDCM 00179, WR 1, CCM 7801, CECT 8296",0,Escherichia coli,562.34134,facultative anaerobe
,,,,,GCA_900448075,
136612,56-54,"CIP 105183, NCTC 9708, CCUG 11427",0,Escherichia coli,562.34159,facultative anaerobe
,,,,,GCA_900448385,
137703,B6914-MS1 (3417-86),"CIP 105917, ATCC 43888, CCUG 29188",0,Escherichia coli,83334.297,facultative anaerobe
,,,,,GCA_007922655,
138607,F 41,"CIP 52.171, NCTC 8960",0,Escherichia coli,562.34312,facultative anaerobe
,,,,,GCA_900450095,
139392,B,"CIP 54.125, NCTC 10537, NCIMB 9484",0,Escherichia coli,562.3954,facultative anaerobe
,,,,,GCA_900636305,
139456,1064,"CIP 52.170, NCTC 8959",0,Escherichia coli,562.3415,facultative anaerobe
,,,,,GCA_900448265,
139463,Canioni,"CIP 62.24, NCTC 8623, CCUG 11424",0,Escherichia coli,2870469529,facultative anaerobe
,,,,,562.39532,
,,,,,GCA_900636175,
139528,4608-58,"CIP 110272, NCIMB 13059, NCTC 10090, WDCM 00091, CECT 8147, CCUG 11443",0,Escherichia coli,562.343,facultative anaerobe
,,,,,GCA_900449985,
139622,E990,"CIP 62.21, NCTC 8621",0,Escherichia coli,562.34237,facultative anaerobe
,,,,,GCA_900449225,
145674,C984,"CCUG 29193, ATCC 43890, CIP 106325",0,Escherichia coli,83334.299,facultative anaerobe
,,,,,GCA_009650175,
145678,,"CCUG 29197 B, ATCC 43895, CIP 106327, CCRC 14824, CECT 4783, CCTM La 2949, WDCM 00188, CDC EDL 933",0,Escherichia coli,155864.295,facultative anaerobe
145680,B1409-C1,"CCUG 29199, ATCC 43889, CIP 106324",0,Escherichia coli,478007.5,facultative anaerobe
,,,,,562.50496,
,,,,,GCA_006874785,
4930,568-73,"DSM 13698, ATCC 35469, CDC 0568-73, CCUG 18766, JCM 21226, CIP 103357, CIP 104947, IAM 14443, LMG 7866, NBRC 102419, NCTC 12128",1,Escherichia fergusonii,564.206,facultative anaerobe
,,,,,564.246,
,,,,,564.28,
,,,,,564.285,
,,,,,564.336,
,,,,,585054.21,
,,,,,585054.5,
,,,,,643692022,
,,,,,GCA_000026225,
,,,,,GCA_900450565,
137175,3296-73,"CIP 104948, ATCC 35470",0,Escherichia fergusonii,564.46,facultative anaerobe
,,,,,GCA_008064915,
4927,980-72,"DSM 4560, ATCC 33650, CIP 103176, CCUG 15714, CDC 980-72, JCM 1473, BCRC 13982, CGMCC 1.3439, CGMCC 1.6766, HAMBI 1693, LMG 7867, NBRC 105704, NCTC 12129",1,Escherichia hermannii,1115512.3,facultative anaerobe
,,,,,2514752030,
,,,,,565.17,
,,,,,565.8,
,,,,,GCA_000248015,
,,,,,GCA_900635495,
4933,1468-78,"CCUG 14506, NCTC 12157, LMG 7869, CECT 859, CCM 4555, JCM 5911, DSM 4580, ATCC 33852, CIP 81.94, NRRL B-24919, CDC 1468-78, JCM 32812, GTC 1277, ICMP 15665",1,Ewingella americana,2588253786,facultative anaerobe
,,,,,41202.9,
,,,,,910964.7,
,,,,,GCA_000735345,
,,,,,GCA_008693045,
,,,,,GCA_900451015,
18110,TF-16,"DSM 16306, KCTC 19035, CCUG 55590, CIP 108732, DSM 10306",1,Exiguobacterium aestuarii,GCA_025234735,facultative anaerobe
24783,1-Dec,"DSM 21148, CCM 8459",1,Exiguobacterium alkaliphilum,2585427936,facultative anaerobe
,,,,,506480.4,
,,,,,GCA_000714435,
,,,,,GCA_025234775,
18107,H2,"DSM 14480, CIP 107163, KCTC 3809, CCUG 47137",1,Exiguobacterium antarcticum,1397700.3,facultative anaerobe
,,,,,2563366501,
,,,,,GCA_000685865,
133762,IMTB-3094,"MTCC 10958, JCM 17977",1,Exiguobacterium aquaticum,GCA_025234795,facultative anaerobe
18118,9AN,"CCUG 55489 A, DSM 16484, CIP 108858",1,Exiguobacterium artemiae,GCA_025234645,facultative anaerobe
18111,TF-80,"DSM 16307, KCTC 19036, CIP 108731",1,Exiguobacterium marinum,1397696.3,facultative anaerobe
,,,,,2558860114,
,,,,,GCA_000620845,
18115,T-2-2,"DSM 17272, JCM 12280, NCIMB 13980, CCUG 51936, CIP 108684, CIP 108634",1,Exiguobacterium oxidotolerans,1397699.3,facultative anaerobe
,,,,,2562617200,
,,,,,GCA_000702625,
18119,10c,"DSM 17289, CCUG 50949, CNCM I-2962",1,Exiguobacterium profundum,GCA_025234635,facultative anaerobe
18116,255-15,"CCUG 55495, DSM 17290, CIP 109462, JCM 13490",1,Exiguobacterium sibiricum,262543.35,facultative anaerobe
,,,,,262543.36,
,,,,,262543.8,
,,,,,641522626,
,,,,,GCA_000019905,
18108,L2,"CCUG 47136, DSM 14481, CIP 107162, KCTC 3810",1,Exiguobacterium undae,1397693.3,facultative anaerobe
,,,,,169177.4,
,,,,,2556921110,
,,,,,2831332355,
,,,,,GCA_000620805,
,,,,,GCA_001650325,
138280,,"CIP 105962, CCUG 36813, CCM 4931",1,Facklamia hominis,2531839288,facultative anaerobe
,,,,,883111.3,
,,,,,GCA_000301035,
137693,164/97,"CCM 4932, CIP 105583, CCUG 37419, ATCC 700631",1,Facklamia ignava,2531839287,facultative anaerobe
,,,,,883112.3,
,,,,,GCA_000301055,
138281,1144-97,"CCM 4946, CIP 105964, CCUG 37842",1,Facklamia languida,2513237358,facultative anaerobe
,,,,,883113.3,
,,,,,GCA_000245795,
132842,strain A/G13/99/2,"ATCC BAA-466, DSM 104273, CCUG 42728, CIP 106764",1,Facklamia miroungae,120956.4,facultative anaerobe
,,,,,GCA_012396555,
132844,GF112B,"DSM 104272, CCUG 30090, CIP 106117, ATCC 700838, CCM 4934",1,Facklamia tabacinasalis,2913588957,facultative anaerobe
,,,,,87458.4,
,,,,,87458.5,
,,,,,GCA_015863285,
3043,,"DSM 15829, ATCC BAA-55, CCUG 38953, CIP 106431, KCTC 15240",1,Fannyhessea vaginae,2562617091,facultative anaerobe
,,,,,525256.4,
,,,,,525256.5,
,,,,,648276620,
,,,,,82135.84,
,,,,,GCA_000159235,
,,,,,GCA_000178335,
140144,ING2-E5B,"DSM 28696, CECT 8609, LMG 28429",1,Fermentimonas caenicola,2645727949,facultative anaerobe
5455,A4D-4,"DSM 16917, CIP 109004, MBIC 06480, NBRC 102583",1,Ferrimonas marina,2588254304,facultative anaerobe
,,,,,299255.3,
,,,,,GCA_900129905,
24008,JYr13,"DSM 23317, LMG 25564, JCM 17552",1,Ferrimonas sediminum,2634166324,facultative anaerobe
,,,,,718193.3,
,,,,,GCA_900100175,
5458,P2S11,"DSM 18821, ATCC BAA-1480",1,Ferrimonas senticii,1121880.3,facultative anaerobe
,,,,,2523533614,
,,,,,GCA_000422665,
166235,WD2A32,"KCTC 52888, MCCC 1H00201",1,Ferruginivarius sediminum,2881447080,facultative anaerobe
,,,,,GCA_003344765,
158767,GDSW-R2A3,"VTCC B-910015, CCM 8782",1,Fictibacillus aquaticus,2788500376,facultative anaerobe
,,,,,GCA_002245695,
1245,ZFHKF-1,"DSM 17262, JCM 13285, CIP 109160, NCIMB 14300",1,Fictibacillus macauensis,1196324.3,facultative anaerobe
,,,,,2524023182,
,,,,,GCA_000269865,
1285,YC1,"DSM 25243, CGMCC 1.6854, KCTC 13181, JCM 14863, BCRC 80435",1,Fictibacillus solisalsi,2619618871,facultative anaerobe
,,,,,459525.17,
,,,,,GCA_900103485,
23525,H5,"DSM 24315, CICC 10486",1,Flaviflexus huanghaiensis,1111473.3,facultative anaerobe
,,,,,GCA_014118685,
14040,19-Jan,"DSM 19083, CGMCC 1.3457, CIP 109015, JCM 12547",1,Flavimobilis marinus,2622736429,facultative anaerobe
,,,,,285351.4,
,,,,,285351.5,
,,,,,GCA_014653315,
,,,,,GCA_900113055,
132986,TMd3a3,"DSM 100880, JCM 30987, BCRC 81042",1,Flavobacterium aquicola,1682742.3,facultative anaerobe
,,,,,2739367662,
,,,,,GCA_003385115,
133522,LM5,"CGMCC 1.7031, NBRC 104239, CIP 110388",1,Flavobacterium caeni,2596583574,facultative anaerobe
,,,,,490189.4,
,,,,,GCA_900101895,
158765,PK15,"KCTC 52562, JCM 32115, CIP 111714",1,Flavobacterium commune,2765235939,facultative anaerobe
,,,,,GCA_001857965,
5562,"EMB 47, EMB47","DSM 17960, CIP 109940, KCTC 12611",1,Flavobacterium croceum,1121886.3,facultative anaerobe
,,,,,2734482249,
,,,,,GCA_002917885,
5567,EMB 117,"CCUG 59869, DSM 17963, CIP 109898, KCTC 12612",1,Flavobacterium defluvii,2695420958,facultative anaerobe
,,,,,370979.5,
,,,,,GCA_900129555,
5569,"EMB 34, EMB34","DSM 17961, KCTC 12610, CIP 109743",1,Flavobacterium filum,1121889.3,facultative anaerobe
,,,,,2523533606,
,,,,,GCA_000425465,
5541,,"DSM 16209, CIP 108325, LMG 22022",1,Flavobacterium fryxellicola,249352.3,facultative anaerobe
,,,,,249352.5,
,,,,,2695420925,
,,,,,2744054791,
,,,,,GCA_001637185,
,,,,,GCA_900143245,
133551,Gm-149,"ICMP 17618, NBRC 105008, CIP 110235",1,Flavobacterium glycines,2660237900,facultative anaerobe
,,,,,2772190675,
,,,,,551990.4,
,,,,,551990.7,
,,,,,GCA_001686935,
,,,,,GCA_007989005,
,,,,,GCA_900100165,
5512,N,"DSM 2063, ATCC 29551, CCUG 35201, NCIMB 2215, LMG 8385, Cy aq1, CIP 104741, Cy aq 1",1,Flavobacterium hydatis,2617271209,facultative anaerobe
,,,,,991.14,
,,,,,991.19,
,,,,,GCA_000737695,
,,,,,GCA_002217335,
5573,BD-b365,"DSM 19382, CIP 109941, KCTC 22078, CCUG 59848",1,Flavobacterium resistens,2724679687,facultative anaerobe
,,,,,443612.6,
,,,,,443612.9,
,,,,,GCA_009674815,
,,,,,GCA_900182645,
5574,"SS7, YC06274","DSM 21067, CIP 110183, KCTC 22246",1,Flavobacterium sasangense,1121896.3,facultative anaerobe
,,,,,2563366726,
,,,,,GCA_000686885,
158690,YSM-43,"KACC 19435, KCTC 62142, NBRC 113020",1,Flavobacterium sediminilitoris,GCA_023008245,facultative anaerobe
5526,8,"DSM 4002, IAM 14311, IFO 14905, NBRC 14905, Cy su3, JCM 21151, BCRC 81041, CIP 104744, LMG 10402, NCIMB 2277, Cy su 3",1,Flavobacterium succinicans,1450525.5,facultative anaerobe
,,,,,2585427837,
,,,,,2693429891,
,,,,,29536.15,
,,,,,GCA_000611675,
,,,,,GCA_900114945,
141064,THG-DN8.8,"KCTC 42726, CCTCC AB 2015295",1,Flavobacterium tyrosinilyticum,GCA_023656565,facultative anaerobe
14023,,"DSM 21160, CCTCC AA 208037, YIM D812",1,Fodinicurvata fenggangensis,2563366728,facultative anaerobe
,,,,,570967.3,
,,,,,GCA_000686045,
14024,,"DSM 21159, KCTC 22351, YIM D82",1,Fodinicurvata sediminis,2523533601,facultative anaerobe
,,,,,570952.8,
,,,,,GCA_000420625,
24294,P11-6,"DSM 28129, CECT 7605, CIP 110592, KCTC 13564",1,Fontibacillus panacisegetis,2634166350,facultative anaerobe
,,,,,670482.3,
,,,,,GCA_900102215,
5588,M-2Alg 35-1,"DSM 15362, KCTC 12365, LMG 23005, KMM 3901, DSM 19837",1,Formosa agariphila,1347342.6,facultative anaerobe
,,,,,2585427664,
,,,,,GCA_000723205,
141095,DL503,"LMG 29914, CGMCC 1.15944",1,Franconibacter daqui,2047724.3,facultative anaerobe
,,,,,GCA_014644275,
4377,513/05,"DSM 18396, CCUG 54944, CIP 109630, LMG 23732, JCM 16470",1,Franconibacter helveticus,1387568.4,facultative anaerobe
,,,,,1405120.4,
,,,,,2617271155,
,,,,,GCA_000463115,
,,,,,GCA_000485945,
4380,601/05,"DSM 19144, LMG 24057, JCM 16471, CIP 110811",1,Franconibacter pulveris,1121863.3,facultative anaerobe
,,,,,2556921006,
,,,,,GCA_000621185,
6696,F9-1,"DSM 22689, JCM 16035, NRIC 0771",1,Fructilactobacillus florum,1423745.3,facultative anaerobe
,,,,,1423745.4,
,,,,,2657244926,
,,,,,2728369675,
,,,,,GCA_001311215,
,,,,,GCA_001436645,
6461,,"CCUG 32260, NCIMB 8039, JCM 1117, IFO 13954, DSM 20203, ATCC 8288, NCIB 8039, BCRC 14623, CECT 4785, CIP 103042, KCTC 3543, LMG 9201, NBRC 13954, NCFB 2167, NRIC 0973, NRRL B-1841, VTT E-91473, NCDO 2167",1,Fructilactobacillus fructivorans,2660238229,facultative anaerobe
,,,,,2901599293,
,,,,,651324061,
,,,,,941770.3,
,,,,,941770.4,
,,,,,941770.5,
,,,,,GCA_000185465,
,,,,,GCA_001434095,
,,,,,GCA_003368395,
6474,H42,"CCUG 32247, LMG 9478, IAM H42, CIP 103141, LMG 11720, DSM 20571, ATCC 15434, JCM 1199, BCRC 12938, CECT 4136, IFO 15887, JCM 7793, KCTC 3534, NBRC 15887, NCFB 2719, NCIMB 702719, NRIC 0974, NCDO 2719",0,Fructilactobacillus fructivorans,2657245150,facultative anaerobe
,,,,,33961.3,
,,,,,GCA_001436985,
6519,L-12,"DSM 20451, ATCC 27651, NRRL B-3934, CCUG 30143, LMG 7946, JCM 5668, BCRC 14063, CIP 103252, KCTC 3205, LMG 16002, LMG 17498, NRIC 1548, NRRL: B-3934",1,Fructilactobacillus sanfranciscensis,1423800.3,facultative anaerobe
,,,,,1423800.4,
,,,,,1625.37,
,,,,,2667527754,
,,,,,GCA_001436035,
,,,,,GCA_002907365,
,,,,,GCA_003369815,
6863,"LC-51, LC51","DSM 15468, CECT 5759, JCM 17832, BCRC 81234, CIP 109309, LMG 23899, NCIMB 14364, NRIC 0698",1,Fructobacillus pseudoficulneus,220714.3,facultative anaerobe
,,,,,220714.4,
,,,,,2600254955,
,,,,,2814123065,
,,,,,GCA_001047115,
,,,,,GCA_900108455,
6865,F214-1,"DSM 23246, JCM 16675, BCRC 81232",1,Fructobacillus tropaeoli,2775506866,facultative anaerobe
,,,,,GCA_001047135,
166200,313,"CGMCC 4.7453, DSM 106216",1,Fudania jinshanensis,GCA_003073475,facultative anaerobe
6662,"M1-212, MI-212","DSM 22696, CIP 109367, KCTC 3985, NBRC 101315, JCM 16155, NCIMB 14361",1,Furfurilactobacillus siliginis,2667528109,facultative anaerobe
,,,,,348151.3,
,,,,,348151.5,
,,,,,GCA_001437435,
,,,,,GCA_007989765,
135432,CNPA63,"CIP 104143, CCM 5995, CCUG 23138",0,Gallibacterium anatis,1396513.3,facultative anaerobe
,,,,,2833294882,
,,,,,GCA_000771805,
1757,594,"DSM 4944, ATCC 14018, CCUG 3717, NCTC 10915, NCTC 10287, LMG 7832, JCM 11026, BCRC 17040, CIP 70.74, KCTC 5096, LMG 14323",1,Gardnerella vaginalis,2630968301,facultative anaerobe
,,,,,2702.105,
,,,,,2702.194,
,,,,,2841333980,
,,,,,2854645441,
,,,,,585528.11,
,,,,,585528.15,
,,,,,585528.19,
,,,,,585528.6,
,,,,,648276678,
135327,AmMS 117,"CIP 103660, ATCC 49145",0,Gardnerella vaginalis,2702.107,facultative anaerobe
,,,,,2702.154,
,,,,,2854671940,
,,,,,2854673377,
,,,,,GCA_001913835,
,,,,,GCA_003034925,
18122,M60449/99/1,"DSM 15828, CCUG 42726, CIP 106481, ATCC BAA-287",1,Gemella cuniculi,1121914.3,facultative anaerobe
,,,,,2523533578,
,,,,,GCA_000425665,
138670,Neisseria haemolysans,"CIP 101126, ATCC 10379, NCTC 12968, CCUG 37985, DSM 107751, LMG 18984",1,Gemella haemolysans,1379.125,facultative anaerobe
,,,,,1379.126,
,,,,,1379.127,
,,,,,1379.128,
,,,,,546270.5,
,,,,,645058834,
,,,,,GCA_000173915,
18121,2917 B,"DSM 20572, ATCC 27824, JCM 12968, VPI 5424, CCUG 15561, CCUG 18164, CECT 991, CIP 81.10, LMG 18985, NCDO 2228, NCIMB 702228, NCTC 11323",1,Gemella morbillorum,2808606651,facultative anaerobe
,,,,,29391.35,
,,,,,29391.36,
,,,,,29391.37,
,,,,,29391.38,
,,,,,29391.4,
,,,,,GCA_900476045,
135122,M663-98-1,"CIP 106318, CCUG 39489, ATCC BAA-58",1,Gemella palaticanis,81950.3,facultative anaerobe
,,,,,GCA_013415235,
13657,DCA-1,"DSM 21823, CGMCC 1.7745",1,Gemmobacter caeni,2596583642,facultative anaerobe
,,,,,2739367660,
,,,,,589035.3,
,,,,,589035.6,
,,,,,GCA_003054195,
,,,,,GCA_007830625,
134036,Orc-4,"BCRC 80378, LMG 26667, KCTC 23714",1,Gemmobacter lanyuensis,1054497.3,facultative anaerobe
,,,,,GCA_014652355,
141098,CAM-8,"KACC 19224, JCM 31905",1,Gemmobacter straminiformis,GCA_014243445,facultative anaerobe
166233,1017,"VKM B-3132, KCTC 33986",1,Geobacillus proteiniphilus,2858576625,facultative anaerobe
,,,,,GCA_001908025,
1419,"R-35646, 26","DSM 22, ATCC 12980, CCM 2062, CCUG 26241, IAM 11062, LMG 6939, NBRC 12550, NCIMB 8923, NCTC 10339, VKM B-2231, IFO 12550, NCA 26, JCM 2501, BCRC 11092, CIP 66.23, KCTC 1665, KCTC 1752, NCFB 1768, NRRL B-1172, VKM B-510, VTT E-81128, UCCCB118, NCDO 1768",1,Geobacillus stearothermophilus,1366047.4,facultative anaerobe
,,,,,2654587565,
,,,,,GCA_001277805,
1420,"N.R. Smith T17, 1518","DSM 5934, ATCC 7953, NCA 1518, NCIB 8157, NCTC 10007, JCM 9488, BCRC 10285, CCUG 621, CIP 52.81, IAM 11002, IFO 13737, LMG 13578, NBRC 13737, NCFB 733, NCIMB 8157, NCIMB 8925, VKM B-715, NCDO 733",0,Geobacillus stearothermophilus,2609459972,facultative anaerobe
,,,,,937593.4,
,,,,,GCA_000705495,
141033,HF401,"KCTC 42595, MCCC 1H00119",1,Geofilum rhodophaeum,2791354897,facultative anaerobe
,,,,,GCA_002210225,
133723,JAM-BA0501,"JCM 15548, NCIMB 14482",1,Geofilum rubicundum,1236989.1,facultative anaerobe
,,,,,2627853860,
,,,,,GCA_000974365,
164428,S-16,"JCM 32971, KACC 19792",1,Piscinibacter terrae,2881451160,facultative anaerobe
,,,,,GCA_003852895,
134128,IC154,"ACAM 1061, CIP 108528, KCTC 62006",1,Gillisia hiemivivida,291190.3,facultative anaerobe
,,,,,GCA_007997295,
11715,1374,"DSM 21448, ATCC 19417, CCUG 3712, CIP 100918, CIP 58.8, NCTC 4557, KCTC 15419",1,Glaesserella parasuis,2834240801,facultative anaerobe
,,,,,2837132019,
,,,,,738.59,
,,,,,738.85,
,,,,,GCA_002015085,
,,,,,GCA_900450925,
179,M343/98/2,"DSM 15436, CCUG 41708, CIP 106873",1,Gleimia coleocanis,525245.3,facultative anaerobe
,,,,,643886017,
,,,,,GCA_000159015,
234,,"DSM 15739, CCUG 44365, CIP 107175, LMG 18844, GEM 604",1,Globicatella sulfidifaciens,1121925.5,facultative anaerobe
,,,,,2524614644,
,,,,,GCA_900167405,
1256,B1761,"DSM 18845, CIP 107105, JCM 12212, KCTC 3846, LMG 18422",1,Gottfriedia luciferensis,178774.9,facultative anaerobe
,,,,,2916864039,
,,,,,GCA_002156865,
158259,NEAU-cbsb5,"DSM 100485, CGMCC 1.14993",1,Gottfriedia solisilvae,1516104.166,facultative anaerobe
,,,,,1516104.3,
,,,,,GCA_002128405,
,,,,,GCA_014640495,
1461,T-16x,"DSM 17256, ATCC BAA-1190, CIP 109592, IAM 15263, JCM 21714",1,Gracilibacillus boraciitolerans,1298598.3,facultative anaerobe
,,,,,2609459992,
,,,,,GCA_000521485,
24739,,"DSM 21985, ACCC 10717, YIM J14",1,Gracilimonas mengyeensis,1302730.3,facultative anaerobe
,,,,,2724679790,
,,,,,GCA_900182705,
2274,GaD,"DSM 9848, ATCC 49175, CIP 103243, CCUG 27637 A, CCUG 27809",1,Granulicatella adiacens,46124.66,facultative anaerobe
,,,,,46124.67,
,,,,,46124.71,
,,,,,46124.72,
,,,,,638301.3,
,,,,,638301.55,
,,,,,645951817,
,,,,,GCA_000160675,
,,,,,GCA_025150565,
2276,M1975/96/1,"DSM 15827, ATCC 700813, CCUG 37380, CIP 105938",1,Granulicatella balaenopterae,137733.3,facultative anaerobe
,,,,,2684622850,
,,,,,GCA_900111135,
2275,"B1333, B-1333","DSM 11693, CCUG 38949, CCM 4945, CIP 105513",1,Granulicatella elegans,137732.26,facultative anaerobe
,,,,,137732.27,
12620,PG-02,"DSM 17626, ATCC BAA-1292, CIP 109593, JCM 15570, NBRC 107789",1,Granulicoccus phenolivorans,1121933.4,facultative anaerobe
,,,,,1220580.4,
,,,,,1303682.4,
,,,,,2522572156,
,,,,,2731957581,
,,,,,2734481947,
,,,,,GCA_000423085,
,,,,,GCA_001313465,
,,,,,GCA_001552335,
140804,96-237,"CECT 9029, KCTC 42960, LMG 29238",1,Grimontia celeris,1796497.3,facultative anaerobe
,,,,,2713897040,
,,,,,GCA_900055185,
17219,75-80,"DSM 15132, ATCC 33564, CDC 0075-80, IMET 12291, CCUG 13625, NCTC 11640, LMG 17719, CIP 101886, JCM 1283, BCRC 15890, CAIM 625, CDC 75-80, CECT 5069, LMG 13542",1,Grimontia hollisae,2718217809,facultative anaerobe
,,,,,2839397828,
,,,,,647000258,
,,,,,673.5,
,,,,,673.9,
,,,,,675812.3,
,,,,,GCA_000176515,
,,,,,GCA_001558255,
,,,,,GCA_900450635,
140661,YC6258,"NBRC 109345, KCCM 43015",1,Gynuella sunshinyii,1445510.6,facultative anaerobe
,,,,,2630968578,
,,,,,GCA_000940805,
136703,9,"CIP 107725, CCUG 47968",1,Haematobacter massiliensis,195105.32,facultative anaerobe
,,,,,2600255081,
,,,,,GCA_000740795,
11716,,"DSM 21192, ATCC 49733, CCUG 31170, TI 189, CIP 103890",1,Haemophilus felis,123822.3,facultative anaerobe
,,,,,123822.6,
,,,,,GCA_002015125,
,,,,,GCA_009910635,
135242,AQ/3273,"CIP 103290, ATCC 33390, CCUG 12834, NCTC 10659, DSM 103601",1,Haemophilus haemolyticus,2531839471,facultative anaerobe
,,,,,2916272478,
,,,,,726.278,
,,,,,726.279,
,,,,,726.59,
,,,,,GCA_001679045,
,,,,,GCA_004368535,
11698,680,"DSM 4690, ATCC 33391, NCTC 8143, JCM 33542, CCUG 23945, CIP 102514",1,Haemophilus influenzae,2660238341,facultative anaerobe
,,,,,727.3041,
,,,,,727.305,
,,,,,727.583,
,,,,,GCA_001457655,
11702,"572, LRA 026 05 90","DSM 11969, ATCC 10211, CCUG 33775, CIP 103708, AMC 36-A-1",0,Haemophilus influenzae,727.1018,facultative anaerobe
,,,,,GCA_001997355,
11705,TD-4,"DSM 24049, ATCC 49247, CCUG 26214, DSM 9999, NCTC 12699, CIP 104604",0,Haemophilus influenzae,727.1824,facultative anaerobe
,,,,,727.965,
,,,,,GCA_001679235,
,,,,,GCA_900635805,
4938,Type 32011,"DSM 30163, ATCC 13337, CIP 57.31, NCDC 434-68, NCTC 8105, WDCM 00095, JCM 1666, CCUG 15720, CCUG 41547, CECT 158, CGMCC 1.2026, HAMBI 1876, LMG 10392, NBRC 105685, NCIMB 11999, NCIMB 13060, NRRL B-4260, VTT E-022142, VTT E-991294",1,Hafnia alvei,2588253788,facultative anaerobe
,,,,,569.79,
,,,,,910996.3,
,,,,,910996.5,
,,,,,GCA_000735375,
,,,,,GCA_003668715,
,,,,,GCA_900451105,
139255,5632-72,"CIP 104949, ATCC 29926",0,Hafnia alvei,569.29,facultative anaerobe
,,,,,GCA_000980975,
133593,4510-73,"CDC 4510-73, LMG 24706, ATCC 29927, CIP 104950",1,Hafnia paralvei,1354263.4,facultative anaerobe
,,,,,GCA_001655005,
,,,,,GCA_023698525,
163852,AArc-Sl,"JCM 30664, UNIQEM U999",1,Halalkaliarchaeum desulfuricum,GCA_002952775,facultative anaerobe
1261,1139,"DSM 21942, ATCC 43226, CIP 109018, JCM 9157",1,Halalkalibacter akibai,1236973.3,facultative anaerobe
,,,,,1236973.5,
,,,,,2609459843,
,,,,,GCA_000513135,
,,,,,GCA_001315085,
1252,AM31D,"DSM 18225, IAM 15000, JCM 11691, NCIMB 13904, CIP 108137, NBRC 102362",1,Halalkalibacter krulwichiae,1220588.3,facultative anaerobe
,,,,,2731957674,
,,,,,2773857802,
,,,,,GCA_001591945,
,,,,,GCA_002109385,
158505,FJAT-45385,"DSM 104651, CCTCC AB 2016263",1,Halalkalibacter urbisdiaboli,GCA_002156385,facultative anaerobe
1348,D-8,"DSM 18199, CGMCC 1.3704, JCM 12772, CIP 109012",1,Halobacillus dabanensis,240302.16,facultative anaerobe
,,,,,2617270759,
,,,,,GCA_900114165,
1344,"X78, MA-2, MA-2T","DSM 14948, CIP 108359, LMG 21515",1,Halobacillus karajensis,195088.4,facultative anaerobe
,,,,,2651870103,
,,,,,GCA_900108515,
133412,XJ16,"KCTC 42259, MCCC 1H00120, CICC 23817",1,Halofilum ochraceum,GCA_001614315,facultative anaerobe
134325,H-5,"CGMCC AS1.6843, NBRC 103919",1,Halolactibacillus alkaliphilus,442899.5,facultative anaerobe
,,,,,GCA_007991355,
6049,M29,"DSM 18045, CIP 109894, KCTC 12665",1,Halomonas denitrificans,370769.4,facultative anaerobe
,,,,,GCA_003056305,
6016,"F 5-7, F5-7","DSM 4770, CCM 3662, JCM 20791, ATCC 49969, CGMCC 1.2316, CIP 103512, IAM 13009, LMG 6456, NBRC 102604, NCIMB 12996",1,Halomonas halophila,29573.3,facultative anaerobe
,,,,,GCA_007989465,
6060,XK1,"DSM 19633, CGMCC 1.6981",1,Halomonas korlensis,2617270784,facultative anaerobe
,,,,,463301.7,
,,,,,GCA_900116705,
133225,Q1U,"CGMCC 1.15122, KCTC 42517",1,Halomonas lutescens,1602943.3,facultative anaerobe
,,,,,GCA_014640815,
6038,"A1, BAA-805, Eplume 1","DSM 15720, CIP 108039, ATCC BAA-805, CECT 5815, CCM 7107",1,Halomonas neptunia,115551.3,facultative anaerobe
,,,,,115551.4,
,,,,,GCA_019903445,
6044,G-16.1,"DSM 16226, CCM 7142, CECT 5995, CIP 108269",1,Halomonas organivorans,257772.3,facultative anaerobe
,,,,,2824377609,
,,,,,GCA_014192055,
6057,,"DSM 23548, CGMCC 1.6493, JCM 14606, LMG 23976, AJ 275, CIP 109670",1,Halomonas saccharevitans,2617270933,facultative anaerobe
,,,,,416872.17,
,,,,,GCA_900116405,
6045,"BH539, 29.101","DSM 16463, CIP 109003, KCTC 12284",1,Halomonas taeanensis,GCA_900100755,facultative anaerobe
5852,,"DSM 15505, UNIQEM U233, HGD 1-3",1,Halospina denitrificans,2770939660,facultative anaerobe
,,,,,332522.3,
,,,,,GCA_004364635,
17990,"No. 22, 22","DSM 10548, ATCC 51366, IFO 15552, NBRC 15552, NCFB 2900, CCUG 32213, CIP 103932",1,Helcococcus kunzii,2513237357,facultative anaerobe
,,,,,883114.3,
,,,,,883114.8,
,,,,,GCA_000245755,
17992,,"DSM 17243, CCUG 47334, CIP 108183",1,Helcococcus sueciensis,1121947.8,facultative anaerobe
,,,,,2524614727,
,,,,,GCA_000423145,
1207,105-2,"DSM 14745, ATCC BAA-366, CIP 109006, NRRL B-23453",1,Heyndrickxia acidicola,GCA_001636425,facultative anaerobe
654,"609, NRS-609","DSM 1, CCM 2013, NCIB 9365, NCTC 10334, WDCM 00002, CCUG 7417, ATCC 7050, IAM 1115, NRS 609, JCM 2257, BCRC 10606, CECT 12, CFBP 4225, CIP 66.25, CN 2202, HAMBI 1931, IAM 12463, IFO 12583, IMET 10993, KCTC 3625, LMG 6326, NBRC 12583, NCCB 77025, NCFB 1761, NCIMB 9365, NRIC 1005, NRRL NRS-609, VKM B-497, VTT E-98150, NCDO 1761",1,Heyndrickxia coagulans,1121088.1,facultative anaerobe
,,,,,1121088.13,
,,,,,1121088.3,
,,,,,1121088.9,
,,,,,2524614861,
,,,,,2630968645,
,,,,,GCA_000290615,
,,,,,GCA_000420205,
,,,,,GCA_000832905,
,,,,,GCA_900128875,
782,MA-48,"DSM 2000, ATCC 43741, CCUG 26017, CIP 106933, LMG 7133",1,Hydrogenibacillus schlegelii,1484.13,facultative anaerobe
,,,,,1484.14,
,,,,,2675903597,
,,,,,GCA_001543875,
131181,,"DSM 28441, CCM 7760, CCUG 51397",1,Hydrotalea flava,2751185699,facultative anaerobe
,,,,,714549.28,
,,,,,GCA_001623405,
137418,A1-12,"CIP 110166, LMG 26000, UCCCB30",1,Hymenobacter perfusus,1236770.3,facultative anaerobe
,,,,,2898455262,
,,,,,GCA_003944765,
235,1607-97,"DSM 15695, ATCC 700630, CCUG 37658, CIP 105896",1,Ignavigranum ruoffiae,2634166308,facultative anaerobe
,,,,,89093.3,
,,,,,GCA_900110675,
132414,S2479,"DSM 100275, VKM B-2962",1,Inmirania thermothiophila,1750597.3,facultative anaerobe
,,,,,2788499858,
,,,,,GCA_003751635,
164502,H11R3,"JCM 33283, KCTC 62666, DSM 109119",1,Iodobacter ciconiae,GCA_003952345,facultative anaerobe
2277,M577-94,"DSM 13760, CCUG 37660, CIP 107375",1,Isobaculum melis,142588.3,facultative anaerobe
,,,,,2634166323,
,,,,,GCA_900111355,
12583,MX5,"DSM 10177, ATCC BAA-303, CIP 109082, JCM 11754, KCTC 9985, NBRC 104115",1,Isoptericola variabilis,1305623.3,facultative anaerobe
,,,,,2734481962,
,,,,,GCA_001313765,
158282,D4N98,"DSM 105030, LMG 30066",1,Izhakiella australiensis,2791354900,facultative anaerobe
,,,,,GCA_002006995,
132465,N6PO6,"DSM 29293, LMG 28430",1,Izhakiella capsodis,2651870110,facultative anaerobe
,,,,,GCA_900115045,
24109,HR08-44,"DSM 26154, NBRC 107693",1,Janibacter cremeus,1285192.3,facultative anaerobe
,,,,,2844630888,
,,,,,GCA_013409205,
166138,KSNA2,"KCTC 72234, CCTCC AB 2019098",1,Jejubacter calystegiae,2579935.4,facultative anaerobe
,,,,,2836662228,
,,,,,GCA_005671395,
24800,Jchi,"DSM 28058, BCRC 80367, KCTC 23701",1,Jeongeupia chitinilytica,1041641.3,facultative anaerobe
,,,,,GCA_014652315,
10529,BIO-TAS4-2,"DSM 24253, CCUG 57610, KCTC 22633",1,Jeongeupia naejangsanensis,613195.3,facultative anaerobe
,,,,,GCA_016865585,
140572,1805-02,"CCUG 69147, CECT 9157",1,Jeotgalibaca arthritidis,1868794.8,facultative anaerobe
,,,,,2883942875,
,,,,,GCA_011100465,
140571,1804-02,"CECT 9156, CCUG 69148",1,Jeotgalibaca porci,1868793.4,facultative anaerobe
,,,,,2883945316,
,,,,,GCA_011299095,
1511,YKJ-13,"DSM 18867, CIP 107405, JCM 10872, KCCM 80002, CCM 7134, KCTC 13914",1,Jeotgalibacillus alimentarius,135826.4,facultative anaerobe
,,,,,2630968752,
,,,,,GCA_000829445,
14413,,"DSM 19772, CCTCC AA 207028, KCTC 13189, JSM 076033",1,Jeotgalicoccus marinus,1122128.4,facultative anaerobe
,,,,,2523533549,
,,,,,GCA_000425825,
14410,A/G14/99/10,"DSM 17030, CCUG 42722, CIP 107946",1,Phocicoccus pinnipedialis,110845.3,facultative anaerobe
,,,,,110845.4,
,,,,,2913376348,
,,,,,GCA_017873645,
,,,,,GCA_903994035,
14412,YKJ-115,"DSM 19085, JCM 11199, KCCM 41449, CCUG 47729, CCM 7136, CGMCC 1.6772, CIP 107952",1,Jeotgalicoccus psychrophilus,1122129.3,facultative anaerobe
,,,,,2524614585,
,,,,,GCA_000425845,
6314,55134,"DSM 20603, ATCC 14870, CIP 55134, NCTC 10816, CCUG 15532, CIP 55.134, JCM 11481, BCRC 15368, CCM 4048, CECT 918, IFM 10529, IFO 15587, IMSNU 21281, NBRC 15587",1,Jonesia denitrificans,2808606808,facultative anaerobe
,,,,,43674.4,
,,,,,43674.5,
,,,,,471856.5,
,,,,,644736376,
,,,,,GCA_000024065,
,,,,,GCA_900475835,
14859,SK-3406,"DSM 44781, CIP 107256, IFO 16453, JCM 10916, KCTC 19933, NBRC 16453, NRRL B-24135, BCRC 16812, IAM 15156",1,Kitasatospora cineracea,2786546131,facultative anaerobe
,,,,,88075.4,
,,,,,GCA_003814885,
4358,,"NCDC 819-56, IFO 13534, DSM 30053, ATCC 13048, CCUG 1429, CECT 684, CIP 60.86, DSM 26516, JCM 1235, KCTC 2190, LMG 2094, NBRC 13534, NCTC 10006, WDCM 00175, CDC 819-56, ACM 4982, BCRC 10370, CGMCC 1.2021, HAMBI 101, HAMBI 1898, HUT 8111, IAM 12348, LMG 2968, NCIMB 10102, PCM 532, VTT E-88325, CCM 7797",1,Klebsiella aerogenes,1028307.3,facultative anaerobe
,,,,,548.355,
,,,,,548.405,
,,,,,548.864,
,,,,,650716035,
,,,,,GCA_000215745,
,,,,,GCA_003417445,
,,,,,GCA_900635435,
4941,479-2,"DSM 5175, ATCC 13182, IAM 14201, JCM 1665, CCUG 15717, CECT 860, CIP 103434, KACC 11934, LMG 3055, NBRC 102593, NBRC 105695, NCIMB 12259, VTT E-97766, CRBIP28.103",1,Klebsiella oxytoca,1218097.3,facultative anaerobe
,,,,,2731957710,
,,,,,571.1124,
,,,,,GCA_001598695,
,,,,,GCA_020115535,
4948,240,"DSM 2026, ATCC 15380, NCIB 418, NCTC 418, CIP 103733, NCDO 711, NCTC 240",0,Klebsiella pneumoniae,1226680.3,facultative anaerobe
,,,,,2740892456,
,,,,,2922810722,
,,,,,548.407,
,,,,,573.148,
,,,,,573.18084,
,,,,,GCA_000949515,
,,,,,GCA_003076915,
,,,,,GCA_019336325,
,,,,,GCA_900635995,
4968,,"DSM 681, ATCC 10031, NCIB 9111, NCTC 7427, CCUG 10785, NCDC 401-68, PCI 602, CIP 53.153, NCIMB 9111",0,Klebsiella pneumoniae,573.20129,facultative anaerobe
,,,,,GCA_900451675,
4969,,"CCUG 58866, DSM 789, ATCC 4352, NCIB 10341, WDCM 00192, JCM 20348, CIP 104216, IAM 12015, IFO 13277, NBRC 13277, NCIMB 10341, CECT 8453, NCTC 13635",0,Klebsiella pneumoniae,573.30826,facultative anaerobe
,,,,,GCA_010374885,
136196,,"CIP 52.230, NCTC 9145",0,Klebsiella pneumoniae,573.20166,facultative anaerobe
,,,,,GCA_900452155,
137160,C 5046,"CIP 52.146, NCTC 5056",0,Klebsiella pneumoniae,573.20137,facultative anaerobe
,,,,,GCA_900451755,
138440,B 5055,"CIP 52.145, NCTC 5055",0,Klebsiella pneumoniae,2634166475,facultative anaerobe
,,,,,573.1488,
,,,,,573.20128,
,,,,,GCA_000412575,
4970,D5050,"DSM 16358, ATCC 11296, NCTC 5050, CCUG 15938, CCM 5972, JCM 1663, BCRC 17592, CCM 5792, CECT 851, CIP 52.211, LMG 3113, LMG 3118, NBRC 105683, VTT E-97790",1,Klebsiella pneumoniae subsp. ozaenae,1218098.3,facultative anaerobe
,,,,,2645728049,
,,,,,2731957711,
,,,,,574.22,
,,,,,574.3,
,,,,,GCA_000826585,
,,,,,GCA_001598715,
,,,,,GCA_900461485,
137233,"F5052, O30","CIP 52.213, ATCC 11298, NCTC 5052",0,Klebsiella pneumoniae subsp. ozaenae,573.20138,facultative anaerobe
,,,,,GCA_900451765,
139435,"O45, E5051","CIP 52.212, ATCC 11297, NCTC 5051, CCUG 416",0,Klebsiella pneumoniae subsp. ozaenae,573.20147,facultative anaerobe
,,,,,GCA_900451855,
4959,"298-53, 298/53","CCUG 225, NCDC 410-68, DSM 30104, ATCC 13883, IAM 14200, JCM 1662, NCTC 9633, WDCM 00097, BCRC 10692, CECT 143, CIP 82.91, IFO 14940, LMG 2095, NBRC 14940, NCDC 298-53, NCIMB 13883, NCIMB 13281, CCM 7798",1,Klebsiella pneumoniae subsp. pneumoniae,1162296.3,facultative anaerobe
,,,,,1218099.3,
,,,,,1236531.3,
,,,,,2671180284,
,,,,,2731957630,
,,,,,2916615176,
,,,,,2916633671,
,,,,,573.1353,
,,,,,573.18136,
,,,,,573.272,
4966,F2R9,"DSM 15968, ATCC BAA-830, CFNE 2004, CCUG 53906, CIP 108585",1,Klebsiella variicola subsp. variicola,244366.17,facultative anaerobe
,,,,,244366.674,
,,,,,2630968774,
,,,,,GCA_000828055,
,,,,,GCA_017638945,
,,,,,GCA_020115545,
133650,LX3,"DSM 16265, JCM 12419, CCUG 57108, CIP 108642, LMG 23571",0,Klebsiella variicola,244366.305,facultative anaerobe
,,,,,244366.635,
,,,,,2916621918,
,,,,,GCA_001969305,
,,,,,GCA_018324045,
4979,,"DSM 9409, ATCC 51603, CDC 2891-76, JCM 16938, CCUG 35513, CCM 4865, CIP 106361",1,Kluyvera georgiana,1354264.4,facultative anaerobe
,,,,,2802429590,
,,,,,GCA_001654985,
4971,E86,"CCUG 14183, CIP 79-27, NCTC 12125, LMG 2785, DSM 4581, ATCC 33110, CIP 79.27, CUETM 77.130, IAM 14238, JCM 1238, BCRC 14808, CCM 3433, CUETM 77-130, HAMBI 1299, HUT 8114, NBRC 102594, NCIMB 13626, VTT E-97862",1,Enterobacter intermedius,1218113.4,facultative anaerobe
,,,,,2731957696,
,,,,,61648.17,
,,,,,GCA_001598315,
,,,,,GCA_900635475,
7642,"G 33, G33","DSM 20033, ATCC 15306, CCM 884, NCDO 777, NCTC 7564, JCM 7238, BCRC 12152, CCUG 35392, CCUG 3705, CECT 230, CIP 81.73, GIFU 9844, HAMBI 1951, HAMBI 40, IAM 13594, IFO 15358, LMG 14231, NBRC 15358, NCFB 624, NCFB 777, NCIMB 11697, VKM Ac-2215, VKM B-1232, VKM B-1827, VTT E-97857, NCDO 624",1,Kocuria varians,1272.7,facultative anaerobe
,,,,,GCA_006539885,
93,,"DSM 16373, BCC 36451, JCM 17123, LMG 22125, DST GL01, CIP 109760",1,Komagataeibacter swingsii,215220.5,facultative anaerobe
,,,,,2846440919,
,,,,,GCA_003207895,
134041,,"KCTC 32292, NBRC 109401, IMCC 3317",1,Kordia antarctica,1218801.3,facultative anaerobe
4376,"888-76, KSK 246, UM-79, KSK246, U11-79","DSM 18146, CIP 107300, JCM 10956, LMG 23569, CCUG 45998",1,Kosakonia cowanii,1300165.3,facultative anaerobe
,,,,,2734481920,
,,,,,2773858034,
,,,,,GCA_001312885,
,,,,,GCA_001975225,
133472,,"LMG 24251, CGMCC 1.7012, Ola 51",1,Kosakonia oryzae,2675902965,facultative anaerobe
,,,,,497725.6,
,,,,,GCA_900112145,
164525,"GDMCC1.1570, WCHEs120001","JCM 33347, GDMCC 1.1570, NCTC 14272",1,Kosakonia quasisacchari,GCA_004331415,facultative anaerobe
4370,D5/23,"CCUG 50898, DSM 16656, CIP 108468, LMG 23767",1,Kosakonia radicincitans,1177180.1,facultative anaerobe
,,,,,1177180.11,
,,,,,1177180.18,
,,,,,1177180.3,
,,,,,2811995038,
,,,,,GCA_000280495,
12605,CC 0387,"DSM 21481, CCTCC AA 208024, JCM 16551",1,Krasilnikoviella flava,2596583702,facultative anaerobe
,,,,,526729.3,
,,,,,GCA_900167525,
11079,,"DSM 18824, JCM 14599, HKI 0478, CIP 109731, NBRC 104151",1,Kribbella aluminosa,2918305061,facultative anaerobe
,,,,,416017.3,
,,,,,GCA_017876295,
11069,,"DSM 15501, CCRC 16318, CCTCC AA 00102, JCM 13523, NBRC 101882, YIM 31530, BCRC 16318, CCTCC AA 001021, KCTC 19026, CIP 108764",1,Kribbella antibiotica,190195.3,facultative anaerobe
,,,,,2866832330,
,,,,,GCA_004349055,
6308,N113,"DSM 19080, CIP 109429, JCM 13585, KCTC 19143, CCUG 57109, NBRC 106261, NCIMB 14449, KCTC 6466",1,Kribbia dieselivorans,1223526.4,facultative anaerobe
,,,,,2731957585,
,,,,,GCA_001552435,
133336,HQYD1,"MCCC 1K02304, KCTC 42583",1,Saccharicrinis aurantiacus,GCA_001660705,facultative anaerobe
164461,,"JCM 33138, MCCC 1K03739, CG 51",1,Labilibacter sediminis,GCA_005877885,facultative anaerobe
,,,,,VCHY00000000,
166111,SPP2,"NBRC 111151, CECT 9460",1,Labilibaculum antarcticum,2775506819,facultative anaerobe
,,,,,GCA_002356295,
164274,A4,"JCM 32481, KCTC 15662",1,Labilibaculum euxinus,GCA_009795715,facultative anaerobe
,,,,,WTCR00000000,
17414,W1215-PCA-4,"DSM 19619, NRRL B-51088",1,Labrys wisconsinensis,2928284429,facultative anaerobe
6704,SL1108,"DSM 23927, ATCC BAA-2142, LMG 26001, JCM 30914, KCTC 21030",1,Lacticaseibacillus brantae,1423727.3,facultative anaerobe
,,,,,2660238290,
,,,,,GCA_001436115,
6670,MCH3-1,"DSM 22697, BCC 21233, CIP 109883, JCM 13995, NRIC 0672, PCU 273",1,Lacticaseibacillus camelliae,1423730.3,facultative anaerobe
,,,,,1423730.4,
,,,,,2657244955,
,,,,,2728369674,
,,,,,GCA_001311195,
,,,,,GCA_001436615,
6559,"03, 7, O3","CCUG 21451, IAM 12473, LMG 6904, DSM 20011, ATCC 393, NCDO 161, WDCM 00100, JCM 1134, BCRC 10697, CECT 475, CIP 103137, IFO 15883, KCTC 3109, NBRC 15883, NCIMB 11970, NRRL B-1922, VTT E-85225, IID 892, CCM 7088, NCTC 13641",1,Lacticaseibacillus casei,1236939.3,facultative anaerobe
,,,,,1423732.4,
,,,,,219334.1,
,,,,,219334.11,
,,,,,219334.4,
,,,,,2585427874,
,,,,,2630968676,
,,,,,2700989128,
,,,,,GCA_000615205,
,,,,,GCA_000829055,
6583,,"CCUG 42894, DSM 13343, LMG 18010, OND 32, JCM 12514, CIP 105851, KCTC 21010",1,Lacticaseibacillus manihotivorans,1423769.3,facultative anaerobe
,,,,,1423769.4,
,,,,,2713896728,
,,,,,2728369672,
,,,,,GCA_001311155,
,,,,,GCA_001435035,
6703,SU 18,"DSM 26653, CGMCC 1.10801, JCM 17158, KCTC 15317, LMG 29535",1,Lacticaseibacillus nasuensis,1291734.3,facultative anaerobe
,,,,,1291734.4,
,,,,,2663763169,
,,,,,2728369677,
,,,,,GCA_001311255,
,,,,,GCA_001434705,
6548,RO94,"DSM 5622, ATCC 25302, NCDO 151, CCUG 32212, LMG 13087, JCM 8130, CIP 103918, NBRC 15889, AS 1.2826, BCRC 12248, CECT 4022, IFO 15889, KCTC 3510, NCFB 151, NRIC 0950",1,Lacticaseibacillus paracasei subsp. paracasei,1226298.1,facultative anaerobe
,,,,,1226298.3,
,,,,,1226298.9,
,,,,,1423829.3,
,,,,,2667528038,
,,,,,2912347755,
,,,,,47714.15,
,,,,,47714.17,
,,,,,525337.3,
,,,,,643886051,
6434,Jul-74,"DSM 20258, ATCC 25599, NCIB 9709, CCUG 34829, JCM 1171, BCRC 14628, CCM 7092, CECT 4175, CIP 102994, CIP 103024, IFO 15906, KCTC 3074, LMG 9191, NBRC 15906, NCFB 2742, NCIMB 9709, NRIC 1045, NCDO 2742, NCFB 2774",1,Lacticaseibacillus paracasei subsp. tolerans,113557.4,facultative anaerobe
,,,,,1423830.3,
,,,,,2657245104,
,,,,,GCA_001436485,
,,,,,GCA_007989185,
24130,R-42633,"DSM 28071, CCUG 62266, LMG 26767, KCTC 21027, JCM 19617",1,Lacticaseibacillus porcinae,1123687.3,facultative anaerobe
,,,,,GCA_003946305,
6427,,"DSM 20021, ATCC 7469, CCM 1825, NCDO 243, NCIB 6375, WDCM 00101, CCUG 21452, NCTC 6375, JCM 1136, BCC 49729, BCRC 10940, CECT 278, CIP A157, IAM 1118, IFO 3425, KCTC 1046, LMG 6400, NBRC 3425, NCAIM B.01147, NCCB 46033, NCFB 243, NCIMB 6375, NCTC 12953, NRIC 1043, NRRL B-176, NRRL B-442, VKM B-574, IMET 10691, NCIMB 8010",1,Lacticaseibacillus rhamnosus,1236940.3,facultative anaerobe
,,,,,1423797.16,
,,,,,1423797.7,
,,,,,2585427882,
,,,,,2690315983,
,,,,,GCA_000615245,
,,,,,GCA_001435405,
,,,,,GCA_002849515,
,,,,,GCA_007990855,
6701,,"DSM 24301, JCM 17471, YIT 12363",1,Lacticaseibacillus saniviri,1293598.3,facultative anaerobe
,,,,,1293598.4,
,,,,,2663763364,
,,,,,2728369696,
,,,,,GCA_001311785,
,,,,,GCA_001437465,
24140,19-Jul,"KCTC 21025, DSM 28401, CCUG 62990, LMG 27191, NCIMB 14832, JCM 30918, CIP 110708",1,Lacticaseibacillus songhuajiangensis,2881703511,facultative anaerobe
,,,,,GCA_003946025,
6671,MCH5-2,"DSM 22698, BCC 21235, CIP 109884, JCM 13996, NRIC 0671, PCU 272",1,Lacticaseibacillus thailandensis,1423810.3,facultative anaerobe
,,,,,1423810.4,
,,,,,2693429543,
,,,,,2734481919,
,,,,,GCA_001312865,
,,,,,GCA_001436135,
6564,,"DSM 20178, ATCC 15820, RIA 482, CCUG 35515, KCTC 3804, JCM 11302, BCRC 17942, LMG 17315, NCIMB 9537, CIP 103253, NCIB 9537",1,Lacticaseibacillus zeae,1046597.4,facultative anaerobe
,,,,,1423816.3,
,,,,,2513237379,
,,,,,2667528132,
,,,,,GCA_000260435,
,,,,,GCA_001433745,
2287,MIC1-18,"DSM 19658, NBRC 101988",1,Lacticigenium naphthae,1122143.3,facultative anaerobe
,,,,,2524023191,
,,,,,GCA_000425865,
6626,,"DSM 16365, CIP 108320, CCUG 50787, DKO 22, JCM 16169, BCRC 17638, NBRC 106468, NRIC 0653",1,Lactiplantibacillus argentoratensis,1423831.3,facultative anaerobe
,,,,,2700989149,
,,,,,271881.5,
,,,,,271881.7,
,,,,,2902495512,
,,,,,GCA_001435215,
,,,,,GCA_003641165,
,,,,,GCA_007991855,
6682,R-34115,"DSM 21115, LMG 24284",1,Lactiplantibacillus fabifermentans,1578.21,facultative anaerobe
,,,,,2563367174,
,,,,,GCA_000498955,
24139,11050,"DSM 28402, CCUG 62991, LMG 27194, KCTC 21026, CIP 110706",1,Lactiplantibacillus mudanjiangensis,1296538.5,facultative anaerobe
,,,,,GCA_005405385,
6569,,"DSM 10667, CIP 104668, CNRZ 1885, CCUG 35983, CST 10961, JCM 12533, ATCC 700211, BCRC 17178, CCM 4613, LMG 16673, NBRC 107151, NCIMB 13579, NRRL B-23115, VTT E-093128",1,Lactiplantibacillus paraplantarum,1423789.3,facultative anaerobe
,,,,,2663762986,
,,,,,2896850075,
,,,,,60520.2,
,,,,,60520.22,
,,,,,GCA_001435655,
,,,,,GCA_003641145,
,,,,,GCA_007991915,
6492,"124-2, P26","DSM 20314, ATCC 8041, DSM 43, NCDO 363, NCIB 8026, CCUG 33455, NCIMB 8026, LMG 10755, JCM 1558, BCRC 11053, CECT 4023, CIP 103156, KCTC 3120, NBRC 106467, NCAIM B.01727, NCCB 32014, NRIC 1068, NRRL B-227, NRRL B-473, VTT E-99168",1,Lactiplantibacillus pentosus,1423791.3,facultative anaerobe
,,,,,1589.1,
,,,,,1589.102,
,,,,,1589.9,
,,,,,2700989129,
,,,,,2896846605,
,,,,,GCA_001433755,
,,,,,GCA_003641185,
,,,,,GCA_004354685,
,,,,,GCA_007991835,
6629,"Lp 39, No. 39","DSM 20174, ATCC 14917, NCDO 1752, WDCM 00104, CCUG 30503, IAM 12477, JCM 1149, BCRC 10069, CCM 7039, CECT 748, CIP 103151, IFO 15891, KCTC 3108, LMG 6907, LMG 7945, NBRC 15891, NCFB 1752, NCIMB 11974, NRIC 1067, NRRL B-4496, VKM B-2209, VTT E-79098, NCTC 13644",1,Lactiplantibacillus plantarum subsp. plantarum,1236942.4,facultative anaerobe
,,,,,1590.1803,
,,,,,1590.625,
,,,,,2562617181,
,,,,,2585427927,
,,,,,2700989139,
,,,,,337330.69,
,,,,,525338.16,
,,,,,525338.3,
,,,,,GCA_000143745,
6493,P1,"DSM 2601, ATCC 10241, NCDO 343, NCIB 7220, JCM 1551, BCRC 12251, CECT 749, CIP 71.39, KCTC 3104, LMG 9208, NCFB 343, NCIMB 7220, NCIMB 8184, NCTC 7220",0,Lactiplantibacillus plantarum subsp. plantarum,1590.345,facultative anaerobe
,,,,,GCA_001888655,
6498,,"DSM 13273, ATCC BAA-171, NRRL B-14768, CCUG 45396, CIP 106786, JCM 11125, NCIMB 14068",0,Lactiplantibacillus plantarum,1590.166,facultative anaerobe
,,,,,2663763241,
,,,,,GCA_001436855,
6499,17-5,"DSM 20205, ATCC 8014, CCM 1904, NCDO 82, NCIB 6376, JCM 1057, AHU 1413, ATU L-2, BCRC 10357, BUCSAV 214, BUCSAV 449, CCUG 11253, CCUG 9289, CECT 220, CECT 4308, CGMCC 1.1856, CIP A159, IAM 1041, ICPB 2080, IFO 3070, JCM 6651, KCTC 1048, KCTC 21024, LMG 1284, NBIMCC 1009, NBRC 3070, NCCB 46043, NCFB 82, NCIMB 6376, NCIMB 8014, NCIMB 8030, NCIMB 8864, NCIMB 8960, NCTC 6376, NRIC 1064, VKM B-1922, VKM B-578, VTT E-71034, IMET 10698",0,Lactiplantibacillus plantarum subsp. plantarum,1590.586,facultative anaerobe
,,,,,1590.602,
,,,,,1590.619,
,,,,,2916487279,
,,,,,651717167,
,,,,,GCA_002370965,
,,,,,GCA_002631775,
,,,,,GCA_002749655,
23073,3.1.1,"DSM 27103, LMG 26013, NCIMB 14687, JCM 30915, KCTC 21028, NBRC 108914",1,Lactiplantibacillus xiangfangensis,2700989271,facultative anaerobe
,,,,,942150.3,
,,,,,GCA_001438845,
6402,,"DSM 20749, ATCC 43578, JCM 3825, CCUG 32229, LMG 10751, CIP 103180, NCIMB 12799, NBI 3014, CECT 4019, NCFB 2798",1,Lactobacillus acetotolerans,1423714.3,facultative anaerobe
,,,,,1423714.4,
,,,,,1423714.7,
,,,,,2681813023,
,,,,,2700989123,
,,,,,GCA_001311725,
,,,,,GCA_001436775,
,,,,,GCA_014648715,
6404,"L917, Scav","DSM 20079, ATCC 4356, NCDO 1748, NCIB 8690, WDCM 00098, CCUG 5917, IFO 13951, CCM 4833, JCM 1132, BCRC 10695, CECT 903, CGMCC 1.1878, CIP 76.13, HAMBI 84, KCTC 3111, KCTC 3164, LMG 13550, LMG 9433, NBRC 13951, NCCB 98067, NCFB 1748, NCIMB 8690, NCTC 12980, NRIC 1547, NRRL B-23431, NRRL B-4239, NRRL B-4495, VKM B-1660, VPI 6032, VTT E-96276, IID 893, IMET 10710, PCM 249",1,Lactobacillus acidophilus,1226675.3,facultative anaerobe
,,,,,1236547.3,
,,,,,1423717.3,
,,,,,1423717.5,
,,,,,1579.22,
,,,,,1579.223,
,,,,,2585427872,
,,,,,2602041530,
,,,,,2627854057,
,,,,,2663762958,
141151,"WiKim29, WiKim39","KCTC 21077, JCM 31938",1,Companilactobacillus allii,1847728.1,facultative anaerobe
,,,,,2767802141,
,,,,,GCA_001971585,
,,,,,GCA_003946005,
,,,,,GCA_023923085,
6413,B-4540,"DSM 20531, ATCC 33620, NRRL B-4540, CCUG 27201, JCM 1126, BCRC 11648, CCM 4380, CECT 4132, CGMCC 1.3395, CIP 102989, KCTC 3597, LMG 17752, LMG 9496, NCAIM B.01458, NCFB 2657, NCIMB 13276, VTT E-95576, NCDO 2657",1,Lactobacillus amylovorus subsp. amylovorus,1423723.1,facultative anaerobe
,,,,,1423723.12,
,,,,,2681813110,
,,,,,2822017380,
,,,,,GCA_001433985,
,,,,,GCA_002706375,
6412,OTU-171-1,"DSM 16698, CIP 109151, NCCB 100067",0,Lactobacillus amylovorus,2700989266,facultative anaerobe
,,,,,695563.3,
,,,,,GCA_001437365,
159711,BS-W1,"BCRC 80970, NBRC 112377",1,Levilactobacillus bambusae,GCA_003124125,facultative anaerobe
166164,47-3,"NCIMB 15165, CCM 8903, LMG 31064",1,Lacticaseibacillus baoqingensis,GCA_003946165,facultative anaerobe
166234,54-5,"NCIMB 15151, CCM 8894",1,Lapidilactobacillus bayanensis,GCA_003946695,facultative anaerobe
137682,S8-64,"CIP 105137, ATCC 367, CCRC 12310, JCM 1170, LMG 11437, NCDO 477, NCFB 477, NCIMB 947, NCIMB 8169, NCTC 947, CCUG 36840, BCRC 12310",0,Levilactobacillus brevis,387344.15,facultative anaerobe
,,,,,387344.34,
,,,,,387344.35,
,,,,,639633027,
,,,,,GCA_000014465,
138175,"S8-40, P-2","CIP 105136, ATCC 27305, CCRC 14040, CCUG 21958, JCM 1102, LMG 7934, NRIC 1036, BCRC 14040",0,Levilactobacillus brevis,525310.3,facultative anaerobe
,,,,,643886059,
,,,,,GCA_000159175,
133069,"L1, 111144-L1, L1(historical number)","DSM 101872, KCTC 21086",1,Lactobacillus colini,1819254.3,facultative anaerobe
,,,,,2913564238,
,,,,,GCA_017874575,
6442,,"DSM 20584, ATCC 33820, CCUG 30722, JCM 1185, LMG 9479, CIP 102990, VPI 3199, BCRC 14618, CECT 4840, NCFB 2752, NRIC 1717, NCDO 2752",1,Lactobacillus crispatus,1423736.3,facultative anaerobe
,,,,,1423736.4,
,,,,,2690315996,
,,,,,2728369695,
,,,,,47770.576,
,,,,,47770.64,
,,,,,47770.84,
,,,,,GCA_001311685,
,,,,,GCA_001434005,
,,,,,GCA_002088015,
137068,58-098-135,CIP 104459,0,Lactobacillus crispatus,47770.572,facultative anaerobe
,,,,,GCA_008079315,
139287,,"CIP 105002, JCM 5810, KCTC 3178, LMG 18191",0,Lactobacillus crispatus,2690315764,facultative anaerobe
,,,,,47770.37,
,,,,,GCA_001567095,
134233,,"CCUG 53174, CIP 109613, LMG 23699, JCM 15951, NBRC 107159",1,Companilactobacillus crustorum,1423737.3,facultative anaerobe
,,,,,2663763277,
,,,,,2695420765,
,,,,,392416.14,
,,,,,392416.3,
,,,,,GCA_001434585,
,,,,,GCA_001438825,
,,,,,GCA_007992035,
133853,S1L19,"JCM 18524, CCTCC M 2011381",1,Lentilactobacillus curieae,GCA_000785105,facultative anaerobe
6449,"14, Lb.14","DSM 20081, ATCC 11842, NCDO 1489, WDCM 00102, CCUG 41390, CIP 101027, LMG 6901, IMET 10708, JCM 1002, BCRC 10696, CCM 7190, CCUG 21450, CECT 4005, IAM 12472, IFO 13953, KCTC 3635, LMG 13551, NBRC 13953, NCFB 1489, NCIMB 11778, NCTC 12712, NRIC 1688, VKM B-1923, VTT E-96662",1,Lactobacillus delbrueckii subsp. bulgaricus,1585.83,facultative anaerobe
,,,,,2728369678,
,,,,,2916485263,
,,,,,390333.12,
,,,,,390333.13,
,,,,,390333.7,
,,,,,GCA_000056065,
,,,,,GCA_001311275,
,,,,,GCA_001437195,
,,,,,GCA_006539405,
6610,,"DSM 15996, LMG 22083, CCUG 51390, CIP 108704, JCM 15610, NCC 725",1,Lactobacillus delbrueckii subsp. indicus,1423824.3,facultative anaerobe
,,,,,249265.3,
,,,,,249265.4,
,,,,,249265.7,
,,,,,249265.8,
,,,,,2648501283,
,,,,,2671180553,
,,,,,2721755737,
,,,,,GCA_001189855,
,,,,,GCA_001435795,
6451,L 110,"DSM 20072, ATCC 12315, NCDO 1438, CCUG 31454, IAM 12476, JCM 1248, BCRC 12256, CGMCC 1.2132, CGMCC 1.2625, CIP 101028, KACC 12417, KCTC 3636, LMG 7942, NBIMCC 1012, NBRC 102622, NCFB 1438, NRIC 1683, NRRL B-4525, VTT E-93488",1,Lactobacillus delbrueckii subsp. lactis,2534682072,facultative anaerobe
,,,,,2663763110,
,,,,,2879984508,
,,,,,2916482346,
,,,,,888027.3,
,,,,,888027.6,
,,,,,888027.7,
,,,,,888027.8,
,,,,,GCA_000192165,
,,,,,GCA_001434635,
6453,"326, F 59","DSM 20076, ATCC 4797, CCM 2344, NCDO 299, NCIB 7854, CCUG 21454, ATCC 7831, JCM 1148, BCRC 10699, CECT 287, CIP 54.3, IAM 1196, IFO 3073, LMG 13136, LMG 6891, NBRC 3073, NCCB 49006, NCFB 299, NCFB 301, NCIMB 7854, NCIMB 8117, NCIMB 8183, NRRL B-1924, NRRL B-735",0,Lactobacillus leichmannii,GCA_021134395,facultative anaerobe
,,,,,GCA_021134495,
,,,,,GCA_024701915,
6454,"313, Ld 5, Ld5","DSM 20355, ATCC 7830, NCDO 8118, NCIB 302, JCM 1557, BCRC 11051, BCRC 80015, CCUG 19776, CECT 282, CIP 53.61, IAM 12066, IFO 3376, KCTC 1058, KCTC 3035, LMG 6401, NBRC 3376, NCDO 302, NCIMB 8118, PCM 2583",0,Lactobacillus delbrueckii subsp. lactis,2718218337,facultative anaerobe
,,,,,29397.16,
,,,,,29397.69,
,,,,,GCA_001888985,
,,,,,GCA_006538625,
,,,,,GCA_021134475,
135973,,CIP 101810,0,Lactobacillus delbrueckii subsp. lactis,GCA_021134835,facultative anaerobe
137310,MB 367,"CIP 105924, ATCC 10697, JCM 1107, BCRC 14003, CECT 374, NCIMB 8170",0,Lactobacillus delbrueckii subsp. lactis,GCA_021134415,facultative anaerobe
139021,103-76,CIP 110109,0,Lactobacillus delbrueckii subsp. lactis,GCA_021134765,facultative anaerobe
139036,,"CIP 57.5, ATCC 8000, IAM 1173, JCM 1105, NCDO 270, JCM 11036, NCIMB 7278, BCRC 11049, CECT 373, VTT E-87277",0,Lactobacillus delbrueckii subsp. lactis,GCA_021134455,facultative anaerobe
6693,DI70,"DSM 19284, CIP 110162, JCM 14600, LMG 30910",1,Lactobacillus equicursoris,1211775.3,facultative anaerobe
,,,,,1293597.3,
,,,,,1293597.4,
,,,,,2537562121,
,,,,,2663763010,
,,,,,2675903447,
,,,,,GCA_000312645,
,,,,,GCA_001311765,
,,,,,GCA_001434815,
166156,218-6,"NCIMB 15171, CCM 8908, KCTC 21134, LMG 31067",1,Levilactobacillus fujinensis,2885693819,facultative anaerobe
,,,,,GCA_003946335,
133700,,"JCM 17355, BCRC 80278, YM 0097",1,Companilactobacillus futsaii,1423818.3,facultative anaerobe
,,,,,2667527675,
,,,,,GCA_001435505,
166158,244-4,"NCIMB 15168, CCM 8906, KCTC 21137, LMG 31052",1,Levilactobacillus fuyuanensis,2881569214,facultative anaerobe
,,,,,GCA_003946395,
6565,7 CCr87,"CCUG 30724, JCM 2011, CCM 4383, CIP 103611, DSM 10532, ATCC 33199, NCFB 2235, VPI 1294, BCRC 17266, KCTC 5048, LMG 9435, NCIMB 13223",1,Lactobacillus gallinarum,1236533.3,facultative anaerobe
,,,,,1423748.3,
,,,,,2585427877,
,,,,,2663762633,
,,,,,GCA_000614735,
,,,,,GCA_001434975,
6466,AM 63,"CCUG 31451, DSM 20243, ATCC 33323, NCDO 2233, NCIB 11718, JCM 1131, BCC 49728, BCRC 14619, CCM 7009, CECT 4479, CGMCC 1.3396, CIP 102991, KCTC 3163, LMG 9203, NCFB 2233, NCIMB 11718, NCTC 13722, NRIC 1546, NRRL B-14168, NRRL B-4240, VTT E-991245, PCM 2500",1,Lactobacillus gasseri,1236546.3,facultative anaerobe
,,,,,1596.11,
,,,,,2585427878,
,,,,,324831.13,
,,,,,324831.46,
,,,,,639633030,
,,,,,GCA_000014425,
,,,,,GCA_000615125,
,,,,,GCA_008868295,
,,,,,GCA_029823575,
6700,202,"DSM 23908, CRBIP24.85, KCTC 21043, CRBIP 24.85",1,Lactobacillus gigeriorum,1423751.3,facultative anaerobe
,,,,,2597489909,
,,,,,2700989126,
,,,,,872325.3,
,,,,,GCA_000296855,
,,,,,GCA_001436575,
6471,"12, Lh12","DSM 20075, ATCC 15009, CCUG 30139, IMET 10709, LMG 6413, CCTM 3036, JCM 1120, BCRC 12936, CCM 7193, CECT 4305, CIP 103146, IFO 15019, KCTC 3545, LMG 13555, NBRC 15019, NCFB 2712, NCIMB 11971, NRIC 1545, NRRL B-4526, NCDO 2712",1,Lactobacillus helveticus,1587.663,facultative anaerobe
,,,,,2700989140,
,,,,,585520.12,
,,,,,585520.17,
,,,,,585520.4,
,,,,,645951865,
,,,,,GCA_000160855,
,,,,,GCA_001434945,
,,,,,GCA_015698225,
,,,,,GCA_029823695,
136298,H2,"CIP 104345, ATCC 10386, NCDO 261, NCIMB 8024",0,Lactobacillus helveticus,1587.2,facultative anaerobe
,,,,,2627853918,
,,,,,GCA_000765465,
137106,H-80,"CIP 57.15, ATCC 12046, JCM 1554, NCDO 1829, NCIMB 8733, BCRC 12259",0,Lactobacillus helveticus,1587.184,facultative anaerobe
,,,,,GCA_002868275,
139090,B2,"CIP 104344, NCDO 99, JCM 1004, LMG 11446, NCIMB 700099",0,Lactobacillus helveticus,1587.708,facultative anaerobe
,,,,,GCA_018408455,
6705,"61D, 361 D","DSM 23910, KCTC 21045, JCM 18988, CRBIP24.179, CRBIP 24.179",1,Lactobacillus hominis,1423758.3,facultative anaerobe
,,,,,2537561925,
,,,,,2663763150,
,,,,,872328.3,
,,,,,GCA_000296835,
,,,,,GCA_001436125,
166202,395-6.2,"CCM 8927, NCIMB 15188, LMG 31179",1,Companilactobacillus huachuanensis,2559914.3,facultative anaerobe
,,,,,GCA_005404815,
166160,151-2B,"NCIMB 15164, CCM 8913, KCTC 21129, LMG 31063",1,Levilactobacillus huananensis,2881571838,facultative anaerobe
,,,,,GCA_003946145,
6535,"Th4, Th 4","CCUG 30727, DSM 6629, ATCC 49335, JCM 7548, BCRC 14741, CIP 104793, KCTC 5052, LMG 14196, NCIMB 13719",1,Lactobacillus intestinalis,1423761.3,facultative anaerobe
,,,,,2700989157,
,,,,,GCA_001435325,
,,,,,GCA_024397795,
133267,Ru20-1,"LMG 29008, NBRC 111239, PCU 346, TISTR 2381, JCM 32627",1,Fructilactobacillus ixorae,GCA_024029915,facultative anaerobe
166163,257-1,"NCIMB 15166, CCM 8904, LMG 31065",1,Loigolactobacillus jiayinensis,2885699577,facultative anaerobe
,,,,,GCA_003946445,
166165,159-4,"NCIMB 15175, CCM 8911",1,Lacticaseibacillus jixianensis,2885702642,facultative anaerobe
,,,,,GCA_003946485,
6560,,"DSM 10533, ATCC 33200, NCFB 2241, CCUG 30725, JCM 2012, KCTC 3801, VPI 7960, CCM 4384, CGMCC 1.3348, CGMCC 1.3397, CIP 103620, KCTC 5085",1,Lactobacillus johnsonii,2657245008,facultative anaerobe
,,,,,525330.3,
,,,,,525330.7,
,,,,,643886046,
,,,,,GCA_000159355,
,,,,,GCA_001433975,
136238,,"CCUG 44519, IFO 13952, LMG 9437, JCM 8794, CIP 103653, ATCC 11506, NCIMB 8795, NCIMB 8892, JCM 1101, BCRC 14004, BUCSAV 419, CCM 2935, CECT 289, NBRC 13952, VPI 11088",0,Lactobacillus johnsonii,651716998,facultative anaerobe
6566,1701,"DSM 10550, JCM 8572, CCUG 49353, ATCC 51647, LMG 19819, CIP 104241, LMG 15132, GCL 1701, CCUG 39467, CECT 5919, CGMCC 1.3398, CGMCC 1.3689, KCTC 5086, LMG 19150, NCIMB 13720",1,Lactobacillus kefiranofaciens subsp. kefirgranum,1423828.3,facultative anaerobe
,,,,,1423828.4,
,,,,,2675903544,
,,,,,2728369681,
,,,,,GCA_001311335,
,,,,,GCA_001434195,
133577,,"KCTC 12976, JCM 15530, DCY 51",1,Secundilactobacillus kimchicus,1302272.4,facultative anaerobe
,,,,,1302272.5,
,,,,,2657245468,
,,,,,2734481936,
,,,,,GCA_001313205,
,,,,,GCA_001433995,
166161,220-4,"NCIMB 15163, CCM 8902, KCTC 21136",1,Levilactobacillus lindianensis,2885674207,facultative anaerobe
,,,,,GCA_003946095,
166155,112-3,"NCIMB 15174, CCM 8909, KCTC 21123, LMG 31049",1,Levilactobacillus mulengensis,2886212900,facultative anaerobe
,,,,,GCA_003946045,
141152,313,"NBRC 112868, BCRC 81020",1,Companilactobacillus musae,1903258.3,facultative anaerobe
,,,,,1903258.4,
,,,,,2881237380,
,,,,,GCA_003573575,
,,,,,GCA_003967595,
134061,11102,"LMG 27192, NCIMB 14833, JCM 30919, CIP 110707",1,Paucilactobacillus nenjiangensis,1296540.6,facultative anaerobe
,,,,,GCA_005405445,
137411,,"CIP 109963, LMG 11984, ATCC 53295, JCM 30911, BCRC 81080",1,Levilactobacillus parabrevis,1267003.3,facultative anaerobe
,,,,,1267003.4,
,,,,,2519103178,
,,,,,2657245447,
,,,,,2667527803,
,,,,,357278.3,
,,,,,GCA_000383435,
,,,,,GCA_001434055,
,,,,,GCA_001437515,
137568,,"CIP 107868, ATCC 334, CCUG 31169",0,Lacticaseibacillus paracasei,321967.11,facultative anaerobe
,,,,,321967.3,
,,,,,639633028,
,,,,,GCA_000014525,
159797,5,"ATCC 4963, LMG 11478, NCFB 1375, KCTC 3172, NCIMB 8931, VPI 0334, JCM 5343",1,Lactobacillus paragasseri,1596.87,facultative anaerobe
,,,,,2107999.3,
,,,,,2916510943,
,,,,,GCA_003307275,
,,,,,GCA_003584685,
,,,,,GCA_029823055,
6465,F 164,"DSM 20077, ATCC 19992, WDCM 00103, CCUG 39972, CIP 103699, JCM 1130, KCTC 3162, VPI 6033, LMG 13047, NCIMB 13081, CECT 8109, NCTC 13643",0,Lactobacillus paragasseri,1596.86,facultative anaerobe
,,,,,GCA_003307255,
165142,B3,"JCM 5344, ATCC 9857, CIP 62.18, KCTC 3173, LMG 11444, NCFB 3, NCIMB 2948, NCTC 2948, VPI 11089, NCDO 3, VPI 11759",0,Lactobacillus paragasseri,1596.88,facultative anaerobe
,,,,,GCA_003307295,
6489,1517,"DSM 23907, KCTC 21048, JCM 18989, CRBIP24.76, CRBIP 24.76",1,Lactobacillus pasteurii,1203066.3,facultative anaerobe
,,,,,1423790.3,
,,,,,2563366755,
,,,,,2660238722,
,,,,,2916475386,
,,,,,872327.3,
,,,,,GCA_000297025,
,,,,,GCA_001433915,
,,,,,GCA_004354755,
136607,61 BB,CIP 104448,0,Lactiplantibacillus plantarum,1590.145,facultative anaerobe
,,,,,2648501382,
,,,,,GCA_000956195,
6594,"SVA B 1491/99, 1491","DSM 15354, CCUG 42378, CIP 106492, JCM 11552, BCRC 17924, KCTC 13905",1,Lactobacillus psittaci,1122152.3,facultative anaerobe
,,,,,1122152.4,
,,,,,2523533622,
,,,,,2660238387,
,,,,,GCA_000425905,
,,,,,GCA_001435695,
166328,R7,"BCRC 81127, NBRC 113530",1,Companilactobacillus suantsaicola,2487723.3,facultative anaerobe
,,,,,GCA_004745525,
166329,R19,"BCRC 81129, NBRC 113532",1,Levilactobacillus suantsaiihabitans,2487722.3,facultative anaerobe
,,,,,GCA_004745505,
6690,FI RDI 006,"DSM 21401, BCRC 17755, CIP 110030, JCM 18086",1,Lactobacillus taiwanensis,1423809.3,facultative anaerobe
,,,,,2660238553,
,,,,,GCA_001436695,
166159,137-3,"NCIMB 15170, CCM 8907, KCTC 21125, LMG 31053",1,Levilactobacillus tangyuanensis,2886210734,facultative anaerobe
,,,,,GCA_003946545,
159887,NIBRBAC000499792,"KCTC 21093, JCM 32269",0,Companilactobacillus metriopterae,1993866.3,facultative anaerobe
,,,,,GCA_002762335,
166157,218-10,"NCIMB 15167, CCM 8905, KCTC 21135, LMG 31055",1,Levilactobacillus tongjiangensis,2885651285,facultative anaerobe
,,,,,GCA_003946345,
166149,HBUAS52074,"GDMCC 1.1417, KCTC 21106",1,Companilactobacillus zhachilii,2304606.3,facultative anaerobe
,,,,,2896853475,
,,,,,GCA_003606365,
166162,187-3,"NCIMB 15172, CCM 8910",1,Loigolactobacillus zhaoyuanensis,2885696797,facultative anaerobe
,,,,,GCA_003946385,
166279,1JSPR-7,"KACC 19319, NBRC 113068",1,Lactococcus allomyrinae,2419773.3,facultative anaerobe
,,,,,GCA_003627095,
14709,,"CIP 109874, DSM 22330, CCUG 55099, KCTC 13185, CAU 28, JCM 17100",1,Lactococcus chungangensis,1122154.4,facultative anaerobe
,,,,,1122154.8,
,,,,,1122154.9,
,,,,,GCA_002441885,
,,,,,GCA_900119835,
14691,HP,"DSM 20069, ATCC 19257, NCDO 607, NCIB 8662, CCUG 21953, LMG 6897, IMET 10707, JCM 16167, BCRC 12586, CECT 7100, CIP 102301, CNCTC 6910, HAMBI 1588, NBRC 100676, NCFB 607, NCIMB 8662",1,Lactococcus cremoris subsp. cremoris,1348655.3,facultative anaerobe
,,,,,1359.117,
,,,,,1359.227,
,,,,,1359.37,
,,,,,2731957663,
,,,,,2740892534,
,,,,,2903255457,
,,,,,GCA_000534815,
,,,,,GCA_001591705,
,,,,,GCA_001622215,
14686,"0159, O159","DSM 20684, ATCC 43921, JCM 10343, NCDO 2155, CCUG 32208, NCIMB 702155, BCRC 17074, CECT 4531, CIP 102507, HAMBI 1592, JCM 12256, KCTC 3772, LMG 8893, NBRC 100934, NCFB 2155, LMG 9893, ATCC 49156",1,Lactococcus garvieae subsp. garvieae,1223498.3,facultative anaerobe
,,,,,1363.315,
,,,,,1363.6,
,,,,,2600255050,
,,,,,2876473875,
,,,,,2906019534,
,,,,,GCA_000739975,
,,,,,GCA_002441675,
,,,,,GCA_008692985,
14683,YT-3,"DSM 6783, ATCC 49156, CIP 104369, JCM 8735, CECT 4828, CECT 5274, LMG 12889, NCIMB 13208",0,Lactococcus garvieae subsp. garvieae,GCA_000269925,facultative anaerobe
,,,,,GCA_000407125,
,,,,,GCA_000407645,
167746,S-13,"NBRC 113348, KCTC 21096",1,Lactococcus kimchii,GCA_004210295,facultative anaerobe
,,,,,SDAK01000001,
14702,"OJ, N30","DSM 20481, ATCC 19435, CCM 1877, NCDO 604, NCIB 6681, NCTC 6681, WDCM 00016, JCM 5805, ATCC 9936, BCC 49730, BCRC 12312, CCUG 32211, CCUG 7980, CECT 185, CIP 70.56, HAMBI 1591, KCTC 3769, LMG 6890, NBIMCC 4000, NBRC 100933, NCAIM B.02070, NCIMB 6681, NRIC 1149, VKM B-1662, VTT E-90395",1,Lactococcus lactis,1236944.3,facultative anaerobe
,,,,,1236944.5,
,,,,,1358.133,
,,,,,1358.88,
,,,,,1360.26,
,,,,,1360.523,
,,,,,1360.89,
,,,,,1360.96,
,,,,,2597490350,
,,,,,2609460085,
136206,,"CIP 103449, JCM 7638",0,Lactococcus lactis,1291762.3,facultative anaerobe
,,,,,2728369680,
,,,,,GCA_000344575,
,,,,,GCA_001311315,
158748,159469,"LMG 30040, DSM 104842, CIP 111606",1,Lactococcus petauri,2791355161,facultative anaerobe
,,,,,GCA_002154895,
14706,5L,"DSM 20686, ATCC 43199, NCDO 1869, CCUG 39180, JCM 11056, CCM 4542, CIP 102506, HAMBI 1593, KCTC 3645, LMG 8517, NBRC 100936, NCIMB 11945, VTT E-90411",1,Lactococcus plantarum,1348632.3,facultative anaerobe
,,,,,1365.4,
,,,,,2731957665,
,,,,,2903266210,
,,,,,GCA_001591745,
,,,,,GCA_002441715,
166304,2DFWM-2,"KACC 19320, NBRC 113069",1,Lactococcus protaetiae,2592653.3,facultative anaerobe
,,,,,2888328292,
,,,,,GCA_006965445,
158388,Rs-Y01,"DSM 105715, JCM 32106",1,Lactococcus reticulitermitis,2025039.3,facultative anaerobe
,,,,,2791355155,
,,,,,GCA_002260845,
133905,0905C15,"NBRC 109049, BCRC 80460, JCM 32014",1,Lactococcus taiwanensis,1151742.5,facultative anaerobe
,,,,,2921895997,
,,,,,GCA_014905395,
158433,NtB2,"DSM 107259, JCM 32569",1,Lactococcus termiticola,2169526.3,facultative anaerobe
,,,,,2882205748,
,,,,,GCA_003116835,
6636,C-5-1,"DSM 17758, AS 1.5017, LMG 22739, JCM 14153, CGMCC 1.5017, CIP 108991, KACC 12410, NBRC 106101",1,Lapidilactobacillus concavus,1423735.3,facultative anaerobe
,,,,,2671180578,
,,,,,287844.3,
,,,,,GCA_001435835,
,,,,,GCA_007989025,
6534,L95,"DSM 20335, ATCC 33087, CIP 103407, JCM 5887, LMG 11485, NCDO 1561, CCUG 18834, CCM 3457, BCRC 12842, CECT 4791, CGMCC 1.2693, KCTC 3506, LMG 10649, NCIMB 701561, VKM B-1603, VTT E-93494",1,Lapidilactobacillus dextrinicus,1423738.3,facultative anaerobe
,,,,,2663762931,
,,,,,GCA_001436095,
10465,"HKU1, HKUI","DSM 14985, LMG 21516, CCUG 45813, CIP 107139",1,Laribacter hongkongensis,1122157.5,facultative anaerobe
,,,,,2524023164,
,,,,,GCA_000423285,
6444,1,"DSM 20019, ATCC 25601, NCIB 9710, CCUG 30669, LMG 9198, JCM 1096, BCRC 12189, CECT 904, CIP 102992, IFO 15884, KCTC 3767, LMG 13553, NBRC 15884, NCFB 2739, NCIMB 9710, NRIC 1052, NRRL B-4562, VTT E-90391, NCDO 2739",1,Latilactobacillus curvatus,1293592.4,facultative anaerobe
,,,,,1293592.5,
,,,,,1293592.9,
,,,,,2663762934,
,,,,,2728369693,
,,,,,28038.112,
,,,,,2877511904,
,,,,,GCA_001311645,
,,,,,GCA_001435495,
,,,,,GCA_004101845,
6588,B5M10,"DSM 14340, JCM 11249, CCUG 47133, CCM 7144, CIP 107633, KCTC 3797, LMG 21669, NCIMB 14046, CIP 07633",1,Latilactobacillus fuchuensis,1236949.3,facultative anaerobe
,,,,,1423747.3,
,,,,,2585427876,
,,,,,2700989144,
,,,,,GCA_000615805,
,,,,,GCA_001435065,
6468,"G90(1), G90","DSM 20719, ATCC 51150, CIP 105164, NCIB 12808, CCUG 32238, JCM 9503, CECT 4017, KCTC 3542, LMG 9825, NCFB 2806, NCIMB 12808, NRIC 1775, NRRL B-14857",1,Latilactobacillus graminis,1423752.3,facultative anaerobe
,,,,,2671181128,
,,,,,GCA_001436415,
6602,R 14b/a,"DSM 15831, CCUG 31331, CIP 105422, JCM 11031, KCTC 3802, BCRC 17500, CECT 5766, KCTC 5053, LMG 17302, NBRC 107868",1,Lactobacillus sakei subsp. carnosus,214325.5,facultative anaerobe
,,,,,525363.3,
,,,,,GCA_001435715,
,,,,,GCA_007992315,
6570,T.S.,"CCUG 30501, DSM 20017, ATCC 15521, WDCM 00015, JCM 1157, BCRC 14622, CECT 906, CGMCC 1.2142, CIP 103139, IFO 15893, KCTC 3603, LMG 9468, NBRC 15893, NCFB 2714, NCIMB 13090, NRIC 1071, VTT E-991032, NCDO 2714, CCM 7203, NCTC 13636",1,Lactobacillus sakei subsp. sakei,1236943.3,facultative anaerobe
,,,,,1423833.3,
,,,,,1423833.5,
,,,,,1423833.6,
,,,,,214326.6,
,,,,,214326.8,
,,,,,2585427929,
,,,,,2690316289,
,,,,,2916471385,
,,,,,GCA_000615365,
1212,MB800,"DSM 15595, LMG 17892, CIP 108417",1,Lederbergia galactosidilytica,217031.9,facultative anaerobe
,,,,,2913365302,
,,,,,GCA_017873565,
6741,BL-540,"DSM 19212, ATCC 33623, CCUG 16413, CIP 105268",1,Legionella jordanis,2657245025,facultative anaerobe
,,,,,456.5,
,,,,,456.7,
,,,,,GCA_001467765,
,,,,,GCA_001648675,
6729,,"CCUG 46622, CIP 103880, DSM 10572, ATCC 33462, NCTC 11477, Long Beach 4, CCUG 13335",1,Legionella longbeachae,450.86,facultative anaerobe
,,,,,450.87,
,,,,,450.92,
,,,,,450.93,
,,,,,450.94,
,,,,,450.95,
,,,,,GCA_004283175,
6715,"R30, LE1 SG10, Leiden 1","DSM 25061, ATCC 43283, CIP 103864, NCTC 12000",0,Legionella pneumophila subsp. pneumophila,91891.27,facultative anaerobe
,,,,,933091.3,
,,,,,GCA_000586135,
,,,,,GCA_001582165,
138800,,"CIP 107783, MTCC 4210, DSM 21193, LMG 24410, JCM 15064, CMS 76r",1,Leifsonia rubra,GCA_000477555,facultative anaerobe
4359,,"DSM 4486, ATCC 33072, LMG 2784, CCUG 14182, CECT 4078, JCM 1237, NCTC 12124, CUETM 77-118, BCRC 13987, CCM 3430, CIP 103169, HAMBI 1297, HUT 8113, NBRC 105700, NCIMB 2118, VTT E-97863",1,Lelliottia amnigena,1219085.5,facultative anaerobe
,,,,,2731957555,
,,,,,2837279015,
,,,,,61646.66,
,,,,,61646.72,
,,,,,61646.97,
,,,,,GCA_001514515,
,,,,,GCA_002553545,
,,,,,GCA_900635465,
158809,PFL01,"KCCM 43247, JCM 31901",1,Lelliottia jeotgali,2757320903,facultative anaerobe
,,,,,GCA_002271215,
4379,E 62,"DSM 18955, ATCC 9912, CIP 104980, LMG 10245, NCPPB 2045, CCUG 25894, JCM 6050, ICMP 1577",1,Lelliottia nimipressuralis,2843132434,facultative anaerobe
,,,,,69220.11,
,,,,,69220.3,
,,,,,GCA_001875645,
,,,,,GCA_004115925,
4982,BE2-2083,"CCUG 20910, NCTC 12151, LMG 7911, JCM 5905, DSM 14849, ATCC 33998, CDC 978-82, JCM 31908, CCM 4004, CIP 103360, CDC 0978-82",1,Leminorella richardii,158841.3,facultative anaerobe
,,,,,2887760073,
,,,,,GCA_900478135,
1368,Amb31,"DSM 22530, CCM 7683, CECT 7524, LMG 25304",1,Lentibacillus persicus,2651870107,facultative anaerobe
,,,,,640948.4,
,,,,,GCA_900112705,
140768,0W14,"KCTC 33835, MCCC 1H00171",1,Lentibacillus sediminis,2791354936,facultative anaerobe
,,,,,GCA_002763455,
6422,,"DSM 20057, ATCC 4005, CCM 1819, NCDO 110, NCIB 8007, CCUG 21532, JCM 1115, BCRC 14066, CECT 4111, CIP 103023, KCTC 3784, LMG 6892, NBRC 107764, NCFB 110, NCIMB 8007, NRIC 1040, NRRL B-1837, VKM B-1599, VTT E-93445, IMET 10692",1,Lentilactobacillus buchneri subsp. buchneri,1423728.3,facultative anaerobe
,,,,,1581.44,
,,,,,1581.54,
,,,,,1581.57,
,,,,,1581.76,
,,,,,2700989132,
,,,,,GCA_001434735,
,,,,,GCA_004354745,
,,,,,GCA_007992235,
,,,,,GCA_009495475,
6591,JKD6,"DSM 14421, LMG 19667, JCM 12183, CIP 107499, KCTC 13927, NBRC 107869",1,Lentilactobacillus diolivorans,1423739.3,facultative anaerobe
,,,,,179838.8,
,,,,,2657245078,
,,,,,GCA_001434255,
,,,,,GCA_007992335,
6643,,"DSM 18382, JCM 14108, NRIC 0676, CIP 109567",1,Lentilactobacillus farraginis,1236511.3,facultative anaerobe
,,,,,1423743.5,
,,,,,2576861775,
,,,,,2681813158,
,,,,,GCA_000583655,
,,,,,GCA_001435875,
6473,9,"DSM 20176, ATCC 8290, NCDO 264, NCIB 8040, CCUG 30140, LMG 6895, JCM 1155, BCRC 12937, CECT 4786, CIP 103007, IFO 15886, KCTC 3500, NBIMCC 3445, NBRC 15886, NCFB 264, NCIMB 8040, NRIC 1060, NRRL B-1843, VTT E-991266",1,Lentilactobacillus hilgardii,1423757.3,facultative anaerobe
,,,,,1588.22,
,,,,,2660237994,
,,,,,525327.3,
,,,,,643886044,
,,,,,GCA_000159315,
,,,,,GCA_001434655,
,,,,,GCA_004354795,
6477,"AK, A-K","DSM 20587, ATCC 35411, VKM B-2244, CCUG 30673, JCM 5818, BCRC 14011, CGMCC 1.3399, CIP 103006, IFO 15888, KCTC 3611, LMG 9480, NBRC 15888, NCFB 2737, NCIMB 12798, NRIC 1693, VTT E-93520, NCDO 2737, PCM 2501",1,Lentilactobacillus kefiri,1423764.4,facultative anaerobe
,,,,,1423764.5,
,,,,,2663763418,
,,,,,2675903327,
,,,,,33962.8,
,,,,,GCA_001311745,
,,,,,GCA_001436175,
,,,,,GCA_007989105,
6684,,"DSM 19906, JCM 15041, NRIC 0741, YIT 11168, CIP 110026",1,Lentilactobacillus kisonensis,1423766.3,facultative anaerobe
,,,,,1423766.4,
,,,,,2663763466,
,,,,,2728369685,
,,,,,GCA_001311425,
,,,,,GCA_001434135,
6685,,"DSM 19908, JCM 15040, NRIC 0742, YIT 11163, CIP 110027",1,Lentilactobacillus otakiensis,1291737.4,facultative anaerobe
,,,,,1423780.3,
,,,,,1423780.4,
,,,,,2602041559,
,,,,,2663763512,
,,,,,2728369684,
,,,,,GCA_000415925,
,,,,,GCA_001311395,
,,,,,GCA_001434145,
6544,R7-84,"DSM 15352, CIP 106749, JCM 12511, LMG 22038, NCIMB 13725",0,Lentilactobacillus parabuchneri,152331.3,facultative anaerobe
,,,,,2660238081,
,,,,,GCA_001437335,
6644,,"DSM 18390, JCM 14109, NRIC 0677, CIP 109568",1,Lentilactobacillus parafarraginis,1423786.3,facultative anaerobe
,,,,,1423786.4,
,,,,,2700989151,
,,,,,2728369682,
,,,,,GCA_001311355,
,,,,,GCA_001435895,
6686,,"DSM 19907, JCM 15042, NRIC 0743, YIT 11204, CIP 110029, NBRC 109618",1,Lentilactobacillus rapi,1423795.4,facultative anaerobe
,,,,,1423795.5,
,,,,,2700989137,
,,,,,2728369686,
,,,,,481723.4,
,,,,,GCA_001311445,
,,,,,GCA_001436255,
,,,,,GCA_007992555,
6702,,"DSM 24302, JCM 17472, YIT 12364",1,Lentilactobacillus senioris,1423802.3,facultative anaerobe
,,,,,1423802.4,
,,,,,2660237942,
,,,,,2728369707,
,,,,,GCA_001312065,
,,,,,GCA_001436555,
17867,LB 16,"DSM 19758, CCUG 47505, CIP 107918, JCM 16777",1,Leptotrichia wadei,1122174.3,facultative anaerobe
,,,,,157687.179,
,,,,,2515154120,
,,,,,GCA_000373345,
,,,,,GCA_007990545,
6827,SML40,"DSM 5576, ATCC 49367, NCFB 2776, CCUG 30059, JCM 9695, CECT 4024, CIP 103319, KCTC 3525, LMG 11498, NCIMB 12898, NRIC 1722",1,Leuconostoc carnosum,1046593.3,facultative anaerobe
,,,,,1252.25,
,,,,,1252.31,
,,,,,2547132109,
,,,,,2861435432,
,,,,,GCA_000260375,
,,,,,GCA_014207505,
,,,,,GCA_019655915,
6828,B2399,"DSM 5577, ATCC 49370, NCDO 1837, CCUG 30060, JCM 9698, CCM 4544, CECT 4025, CGMCC 1.2461, CIP 103315, KCTC 3526, LMG 9849, NCFB 1837, NCIMB 13121, NRIC 1776, VTT E-93504",1,Leuconostoc citreum,33964.176,facultative anaerobe
,,,,,33964.186,
,,,,,GCA_004354555,
,,,,,GCA_008326545,
6838,TB1-10,"DSM 15947, CCUG 46042, LMG 18811, JCM 12535, CECT 5767",1,Leuconostoc gasicomitatum,649633064,facultative anaerobe
,,,,,762550.4,
,,,,,GCA_000196855,
6830,SML9,"DSM 5578, ATCC 49366, NCFB 2775, NCIMB 12897, JCM 9697, CCM 4189, CCUG 30198, CCUG 32249, CCUG 32696, CECT 4026, CIP 103318, KCTC 3527, LMG 18297, LMG 9850, NRIC 1778, VTT E-98972",1,Leuconostoc gelidum subsp. gelidum,651324068,facultative anaerobe
,,,,,927691.3,
,,,,,GCA_000166715,
6839,,"DSM 21478, CCUG 54536, LMG 23990, JCM 16942, NCIMB 14555",1,Leuconostoc holzapfelii,434464.4,facultative anaerobe
,,,,,434464.6,
,,,,,GCA_012396485,
,,,,,GCA_019655995,
6837,IH003,"DSM 15101, KCTC 3774, JCM 17833, CECT 7026, CIP 108081, LMG 22919, NRIC 0562",1,Leuconostoc inhae,178001.5,facultative anaerobe
,,,,,651324069,
,,,,,927694.4,
,,,,,GCA_000166735,
,,,,,GCA_019656015,
6818,,"CCUG 30064, NRRL B-3468, DSM 20202, ATCC 19256, NCDO 533, JCM 6123, BCRC 12261, CCM 4545, CECT 4173, CGMCC 1.2137, CIP 102422, HAMBI 2346, KCTC 3528, LMG 8894, NBRC 107866, NCIMB 13091, NRIC 1540, VTT E-98974",1,Leuconostoc lactis,2547132286,facultative anaerobe
,,,,,935294.3,
,,,,,935294.6,
,,,,,935294.7,
,,,,,GCA_000185085,
,,,,,GCA_014651235,
,,,,,GCA_019656035,
6814,LL76,"DSM 8581, JCM 11052, CCUG 38887, CECT 5746, CIP 103889, KCTC 3773, LMG 18543",0,Leuconostoc lactis,651324066,facultative anaerobe
,,,,,886872.3,
,,,,,GCA_000179875,
6820,LF2,"DSM 20346, ATCC 19254, CCM 2078, NCDO 543, CCUG 21965, LMG 6909, NCIMB 12008, JCM 16943, CCTM 2731, CIP 103009, IMET 10693, NBRC 107766, NCFB 543, NRRL B-3252, VKM B-1420",1,Leuconostoc mesenteroides subsp. cremoris,33965.25,facultative anaerobe
,,,,,586220.3,
,,,,,643886109,
,,,,,GCA_000160595,
,,,,,GCA_007992255,
,,,,,GCA_029823385,
6822,,"DSM 20484, ATCC 19255, CCM 2086, NCDO 529, NRRL B-3469, JCM 9700, CCUG 21966, CCUG 30065, CECT 912, CGMCC 1.2141, CIP 102423, IMET 10694, KCTC 3530, LMG 6908, NBRC 100495, NCFB 529, NCIMB 12007, NRIC 1539, VKM B-1225, VTT E-93492, VKM 1225",1,Leuconostoc mesenteroides subsp. dextranicum,2645727607,facultative anaerobe
,,,,,33966.1,
,,,,,33966.4,
,,,,,33966.9,
,,,,,GCA_001047695,
,,,,,GCA_007990145,
140557,DRC1506,"JCM 31787, KCCM 43249, BCRC 81165",1,Leuconostoc mesenteroides subsp. jonggajibkimchii,GCA_001886915,facultative anaerobe
6825,"37 Y, 37Y","DSM 20343, ATCC 8293, CCM 1803, NCDO 523, NCIB 8023, CCUG 30066, NRRL B-3470, JCM 6124, CIP 102305, IMET 10695, LMG 8205, NCIMB 8023",1,Leuconostoc mesenteroides subsp. mesenteroides,203120.23,facultative anaerobe
,,,,,203120.7,
,,,,,639633034,
,,,,,GCA_000014445,
,,,,,GCA_029823215,
6841,M2,"DSM 25624, JCM 17445, KACC 15353",1,Leuconostoc miyukkimchii,910540.4,facultative anaerobe
,,,,,GCA_019656055,
6840,,"DSM 21144, LMG 24510, TMW 2.694, JCM 16944, CIP 110077",1,Leuconostoc palmae,501487.4,facultative anaerobe
,,,,,GCA_019656075,
6833,39,"DSM 20193, ATCC 12291, CCM 2083, DSM 284, NCDO 768, NCIB 8699, CCUG 30063, JCM 9696, ATCC 49371, BCRC 11651, BCRC 16065, CECT 4027, CIP 103316, KCTC 3652, LMG 11482, NCCB 83005, NCFB 768, NCIMB 8699, NRIC 1777, VTT E-98970",1,Leuconostoc pseudomesenteroides,2547132075,facultative anaerobe
,,,,,33968.66,
,,,,,935295.4,
,,,,,935295.8,
,,,,,GCA_000185065,
,,,,,GCA_012396745,
,,,,,GCA_014634745,
,,,,,GCA_029823355,
6831,798,"DSM 5624, NCDO 1590, NCIB 3740, JCM 11045, CIP 103325, NCIMB 3740, NCTC 3740",0,Leuconostoc pseudomesenteroides,2766470.4,facultative anaerobe
6842,535,"DSM 20241, ATCC 9135, CCM 1851, CIP 110051, LMG 8159, NCDO 522, NCIMB 6992, WDCM 00108, CCUG 1521, JCM 30910, ATCC 14935, BCRC 14012, BCRC 16062, CECT 8146, IFO 3426, KACC 17730, NBRC 3426, NCDO 797, NCTC 6992, NRRL B-523",1,Leuconostoc suionicum,1511761.3,facultative anaerobe
,,,,,1511761.4,
,,,,,2721755560,
,,,,,GCA_001891125,
6661,"R-19065, R-16065","CCUG 50162, DSM 19394, CCM 7240, LMG 22200, JCM 15949, BCRC 80774, CIP 108702, NBRC 107156",1,Levilactobacillus acidifarinae,1423715.3,facultative anaerobe
,,,,,267364.3,
,,,,,2700989134,
,,,,,GCA_001434835,
,,,,,GCA_007991975,
6655,"14, Bb14, Bb 14","DSM 20054, ATCC 14869, NCDO 1749, WDCM 00099, CCUG 30670, JCM 1059, BCRC 12187, CCM 3805, CECT 4121, CIP 102806, KCTC 3498, LMG 6906, LMG 7944, NBRC 107147, NCFB 1749, NCIMB 11973, NRIC 1638, NRRL B-4527, VTT E-91458, IMET 10711",1,Levilactobacillus brevis,2597490301,facultative anaerobe
,,,,,2671180997,
,,,,,649758.3,
,,,,,649758.4,
,,,,,GCA_000469365,
,,,,,GCA_001433855,
140403,2301,"DSM 100836, TUM BP 140423000-2250, CIP 111489, LMG 29073",1,Levilactobacillus cerevisiae,1704076.3,facultative anaerobe
,,,,,2881695158,
,,,,,GCA_003946245,
6624,LP38,"DSM 16381, CIP 108387, TMW 1.1236, CCUG 51325, JCM 16170, BCRC 80779, LMG 23074",1,Levilactobacillus hammesii,1423753.3,facultative anaerobe
,,,,,2700989150,
,,,,,GCA_001434395,
24128,N16,"DSM 27983, JCM 16448, KCTC 13530, DCY 50, BCRC 81078",1,Levilactobacillus koreensis,1423819.3,facultative anaerobe
,,,,,2667527871,
,,,,,GCA_001435525,
6667,,"DSM 19117, CCUG 52843, CIP 109498, LMG 23583, JCM 15612, BCRC 80773, NBRC 107158",1,Levilactobacillus namurensis,1423773.3,facultative anaerobe
,,,,,2695420716,
,,,,,380393.5,
,,,,,GCA_001434785,
,,,,,GCA_007992015,
6679,L13,"DSM 21775, NBRC 103853, TISTR 1847, CIP 109886",1,Levilactobacillus senmaizukei,1423803.3,facultative anaerobe
,,,,,1423803.4,
,,,,,2663763016,
,,,,,2731957679,
,,,,,GCA_001436675,
,,,,,GCA_001592085,
164731,L88,"JCM 34120, BCRC 12945, NBRC 113535",1,Levilactobacillus suantsaii,2292255.3,facultative anaerobe
,,,,,GCA_004115745,
130365,THK-V8,"DSM 29216, JCM 18023, KACC 16236, BCRC 81079",1,Levilactobacillus yonginensis,1054041.3,facultative anaerobe
,,,,,2881698443,
,,,,,GCA_003946265,
6660,R-18615,"DSM 19395, CCM 7241, LMG 22198, CCUG 50163, JCM 15957, BCRC 80776, CIP 108703, NBRC 107157",1,Levilactobacillus zymae,1423817.3,facultative anaerobe
,,,,,2660238323,
,,,,,267363.7,
,,,,,GCA_001434115,
,,,,,GCA_007991995,
164516,,"JCM 33311, KCCM 43293, PAMC 29148",1,Lichenihabitans psoromatis,2528642.3,facultative anaerobe
,,,,,GCA_004323635,
6606,FS60-1,"CCUG 46556, CIP 106750, PCU 207, DSM 15836, HSCC 1411, JCM 10692, NRIC 0300, TISTR 1386, NBRC 102163",1,Ligilactobacillus acidipiscis,1423716.3,facultative anaerobe
,,,,,2667527822,
,,,,,89059.1,
,,,,,89059.4,
,,,,,GCA_001435755,
,,,,,GCA_002117995,
,,,,,GCA_007991135,
6605,LMK3,"DSM 15353, CCUG 42961, CIP 106393, ATCC BAA-288, JCM 11551, KCTC 13900, NBRC 102164",0,Ligilactobacillus acidipiscis,1046599.3,facultative anaerobe
,,,,,2513237304,
,,,,,2663763314,
,,,,,89059.3,
,,,,,GCA_000260635,
,,,,,GCA_001436945,
6416,"PPI/1535, PP1/1535","DSM 20602, ATCC 35046, NCDO 2425, CCUG 33906, JCM 5670, BCRC 14617, CECT 4060, CGMCC 1.2623, CIP 103152, IAM 13547, IFO 15882, KCTC 3501, LMG 9843, NBRC 15882, NCFB 2425, NCIMB 13278, NRRL B-14176, VTT E-991268",1,Ligilactobacillus animalis,2657245445,facultative anaerobe
,,,,,651324057,
,,,,,930942.11,
,,,,,930942.3,
,,,,,GCA_000183825,
,,,,,GCA_001434535,
6646,"ASB1, ASB-1","DSM 16634, CIP 108913, JCM 16172, NCIMB 14359",1,Ligilactobacillus apodemi,1236952.3,facultative anaerobe
,,,,,1423724.4,
,,,,,2585427873,
,,,,,2675903500,
,,,,,GCA_000615885,
,,,,,GCA_001434405,
6677,142-2,"DSM 22408, CCUG 53626, CECT 7185, JCM 15609, CIP 109847, KCTC 5852",1,Ligilactobacillus ceti,1122146.3,facultative anaerobe
,,,,,1122146.4,
,,,,,2523231024,
,,,,,2700989270,
,,,,,GCA_000423245,
,,,,,GCA_001438785,
6675,,"DSM 18933, CIP 109885, JCM 14209, CCUG 56036, KBL 13, KCTC 5851",1,Ligilactobacillus hayakitensis,1236951.3,facultative anaerobe
,,,,,1423755.3,
,,,,,2585427880,
,,,,,2681813136,
,,,,,GCA_000615845,
,,,,,GCA_001434455,
6484,313,"DSM 20452, ATCC 35020, CNRZ 220, CCUG 33904, LMG 14189, CIP 104818, JCM 1717, BCRC 14020, CECT 4135, CGMCC 1.2626, IFO 14221, KCTC 3546, LMG 18317, LMG 9475, NBRC 14221, NCFB 2808, NCIMB 702808",1,Ligilactobacillus murinus,1423772.3,facultative anaerobe
,,,,,1423772.4,
,,,,,2663762947,
,,,,,2731957662,
,,,,,GCA_001436015,
,,,,,GCA_001591685,
24127,E100301,"DSM 28122, KCTC 13174, NBRC 103219, RIFY 6501, JCM 18084, CIP 110289",1,Ligilactobacillus pobuzihii,1242253.4,facultative anaerobe
,,,,,2554235039,
,,,,,2667528017,
,,,,,2700989127,
,,,,,449659.1,
,,,,,449659.4,
,,,,,GCA_000349725,
,,,,,GCA_001433815,
,,,,,GCA_001438865,
,,,,,GCA_007991295,
6665,"H066, HO 66","CCUG 31453, LMG 9477, DSM 20555, ATCC 11741, NCDO 929, JCM 1231, BCRC 14759, CECT 4063, CIP 103140, NCFB 2747, NCIMB 11975, NRRL B-1949, NCDO 2747",1,Ligilactobacillus salivarius,1423799.3,facultative anaerobe
,,,,,1624.113,
,,,,,1624.127,
,,,,,1624.128,
,,,,,1624.129,
,,,,,2663763409,
,,,,,2898118425,
,,,,,525364.3,
,,,,,643886048,
,,,,,GCA_000159395,
6664,"HO268, HO 268","DSM 20554, ATCC 11742, NCDO 1555, CCUG 39464, JCM 1150, NRIC 1072, BCRC 12574, CECT 4062, CIP 103155, KCTC 3600, LMG 9476, NBRC 102160, NCFB 1555, NRRL B-1950",0,Ligilactobacillus salivarius,1624.112,facultative anaerobe
,,,,,1624.124,
,,,,,1624.125,
,,,,,1624.126,
,,,,,1624.58,
,,,,,2898124533,
,,,,,GCA_002079585,
,,,,,GCA_002735985,
166503,HYN0051,"KACC 19186, NBRC 112742",1,Limnobaculum parvum,2833575075,facultative anaerobe
,,,,,GCA_003096015,
3032,MWH-C5,"DSM 21645, CCUG 56720, KCTC 42562, CCUG 57770",1,Limnohabitans curvus,2684622876,facultative anaerobe
,,,,,323423.8,
,,,,,GCA_003063475,
3034,II-B4,"DSM 21592, CIP 109845, CCUG 56787",1,Limnohabitans parvus,1293052.5,facultative anaerobe
,,,,,2834088864,
,,,,,GCA_003063455,
3035,II-D5,"CCUG 56788, DSM 21594, CIP 109844",1,Limnohabitans planktonicus,1293045.4,facultative anaerobe
,,,,,GCA_001270065,
6613,Kx146A4,"DSM 16041, CCUG 48456, CIP 109960, LMG 22111, JCM 15950",1,Limosilactobacillus antri,2671180689,facultative anaerobe
,,,,,525309.3,
,,,,,525309.8,
,,,,,645951838,
,,,,,GCA_000160835,
,,,,,GCA_001435475,
6587,,"LMG 21591, JCM 11550, DSM 14060, CCUG 44007, CIP 106820, KCTC 21007",1,Limosilactobacillus coleohominis,2700989143,facultative anaerobe
,,,,,887896.3,
,,,,,GCA_001435055,
6678,,"DSM 18793, JCM 14505, NRIC 0697, CIP 109834",1,Limosilactobacillus equigenerosi,1423742.3,facultative anaerobe
,,,,,1423742.4,
,,,,,2700989153,
,,,,,2724679251,
,,,,,2728369683,
,,,,,417373.4,
,,,,,GCA_001311375,
,,,,,GCA_001435245,
,,,,,GCA_001570685,
6458,"28, Bb28","DSM 20052, ATCC 14931, NCDO 1750, CCUG 30138, LMG 6902, JCM 1173, BCRC 12190, CECT 4007, CIP 102980, IFO 15885, KCTC 3112, NBRC 15885, NCIMB 11840, NRIC 1752, NRRL B-4524, VTT E-93489",1,Limosilactobacillus fermentum,1613.432,facultative anaerobe
,,,,,1613.547,
,,,,,525325.3,
,,,,,525325.5,
,,,,,643886061,
,,,,,GCA_000159215,
,,,,,GCA_013394085,
,,,,,GCA_029823225,
,,,,,GCA_905371965,
6576,,"CCUG 56446, CIP 106922, JCM 11122, DSM 13145, LMG 19473, TMW 1.666",1,Limosilactobacillus frumenti,1423746.3,facultative anaerobe
,,,,,2667528021,
,,,,,GCA_001436045,
6617,Kx156A7,"DSM 16045, CCUG 48454, LMG 22113, CIP 109873, JCM 15952",1,Limosilactobacillus gastricus,1423749.3,facultative anaerobe
,,,,,2700989147,
,,,,,GCA_001434365,
6608,"G35, G 35","DSM 14792, JCM 11425, CCUG 48824, AHU 1736, CIP 109877, CIP 108373, NITE 335",0,Limosilactobacillus ingluviei,148604.4,facultative anaerobe
,,,,,2700989262,
,,,,,GCA_001437235,
6486,5A1,"DSM 4864, ATCC 49062, CIP 105162, NCDO 2160, NCIB 8831, CCUG 37396, JCM 11028, CECT 4021, CIP 103255, JCM 7507, KCTC 3670, LMG 9848, NCIMB 8831",1,Limosilactobacillus oris,1423779.3,facultative anaerobe
,,,,,2663763371,
,,,,,GCA_001434465,
6562,,"DSM 8475, ATCC 51518, JCM 11051, LMG 14187, CCUG 33456, LTH 2587, CIP 104232",1,Limosilactobacillus pontis,1423794.3,facultative anaerobe
,,,,,2700989158,
,,,,,GCA_001435345,
6507,F 275,"DSM 20016, ATCC 23272, CIP 109823, CCUG 33624, JCM 1112, BCC 49727, BCRC 14625, CECT 925, CIP 101887, IFO 15892, KCTC 3594, LMG 13557, LMG 9213, NBRC 15892, NCDO 2589, NCIMB 11951, NRRL B-14171, VTT E-92142",1,Limosilactobacillus reuteri,2671180761,facultative anaerobe
,,,,,557433.4,
,,,,,557436.17,
,,,,,557436.4,
,,,,,640427118,
,,,,,642555135,
,,,,,GCA_000010005,
,,,,,GCA_000016825,
,,,,,GCA_001434615,
6669,,"DSM 17896, CCUG 53218, TMW 1.1309, CIP 109557, JCM 15613",1,Limosilactobacillus secaliphilus,2671180593,facultative anaerobe
,,,,,396268.3,
,,,,,GCA_001437055,
6558,Lac 19,"DSM 5837, ATCC 49540, NCTC 12197, CCUG 31452, JCM 9505, BCRC 14735, CECT 4089, CIP 105932, KCTC 3515, LMG 12891, NCFB 2810, NCIMB 702810, CSCC 5252",1,Limosilactobacillus vaginalis,1423814.24,facultative anaerobe
,,,,,1423814.6,
,,,,,2667527865,
,,,,,525366.3,
,,,,,643886050,
,,,,,GCA_000159435,
,,,,,GCA_001435915,
,,,,,GCA_905371805,
6681,R-34119,"DSM 21116, LMG 24285",1,Liquorilactobacillus cacaonum,1423729.3,facultative anaerobe
,,,,,2700989124,
,,,,,GCA_001436735,
6680,,"DSM 19910, BCRC 17811, JCM 15044, YIT 11306, LMG 29533, CIP 109977",1,Liquorilactobacillus capillatus,1423731.3,facultative anaerobe
,,,,,2700989136,
,,,,,GCA_001434915,
6657,L489,"DSM 18630, CCUG 53453, CIP 109616, JCM 15611",1,Liquorilactobacillus ghanensis,1423750.3,facultative anaerobe
,,,,,2663762875,
,,,,,GCA_001435235,
6672,UCC128,"DSM 19519, CIP 109892, JCM 16179, LMG 24241",1,Liquorilactobacillus hordei,1423759.13,facultative anaerobe
,,,,,1423759.3,
,,,,,2663762946,
,,,,,GCA_001434845,
,,,,,GCA_019443985,
6586,"LuE10, LuE<SUB>10</SUB>","DSM 13675, ATCC 700692, CCUG 43575, JCM 12492, KCTC 21009, CIP 107647",1,Liquorilactobacillus nagelii,1122150.23,facultative anaerobe
,,,,,1122150.3,
,,,,,2574179724,
,,,,,2660238052,
,,,,,GCA_001434225,
,,,,,GCA_019444005,
6676,59b,"DSM 19972, CECT 7334, JCM 18036, CIP 110039",1,Liquorilactobacillus oeni,1423777.3,facultative anaerobe
,,,,,2681813159,
,,,,,GCA_001436275,
6621,,"DSM 16230, NRIC 0604, CCUG 52399, JCM 12392, CIP 109882, NCIMB 14549",1,Liquorilactobacillus satsumensis,1423801.3,facultative anaerobe
,,,,,1423801.4,
,,,,,2671180250,
,,,,,2728369706,
,,,,,GCA_001312045,
,,,,,GCA_001435195,
6692,,"DSM 21376, JCM 15457, NRIC 0736",1,Liquorilactobacillus sucicola,1236534.3,facultative anaerobe
,,,,,1423806.3,
,,,,,2609460075,
,,,,,2657245546,
,,,,,GCA_000612445,
,,,,,GCA_001436705,
6683,"8, Lb8","DSM 19971, CECT 7335, CIP 109959, JCM 16870",1,Liquorilactobacillus uvarum,1423812.3,facultative anaerobe
,,,,,2700989138,
,,,,,GCA_001434935,
6641,,"DSM 20605, CECT 5924, Mont 4, JCM 14280, CIP 109261",1,Liquorilactobacillus vini,1133569.3,facultative anaerobe
,,,,,1133569.4,
,,,,,2548876815,
,,,,,2663763201,
,,,,,GCA_000255495,
,,,,,GCA_001435395,
6869,F-9,"DSM 20596, ATCC 25401, CIP 76124, NCTC 10812, CIP 76.124, CCM 5990, SLCC 4426, CLIP 12515",0,Listeria murrayi,1641.14,facultative anaerobe
,,,,,2896525116,
,,,,,GCA_900638015,
6871,58,"DSM 20649, ATCC 33090, NCTC 11288, WDCM 00017, CCUG 15531, CIP 80.11, CECT 910, JCM 32814, BCRC 14843, CCM 4030, LMG 11387",1,Listeria innocua,AGCN00000000,facultative anaerobe
,,,,,GCA_028596125,
136614,,"CIP 80.12, ATCC 33091, NCTC 11289",0,Listeria innocua,1002366.3,facultative anaerobe
,,,,,1642.192,
,,,,,2537561540,
,,,,,GCA_000241405,
,,,,,GCA_014527455,
6872,Li 1979,"CCUG 15528, CCM 5884, NCTC 11846, CIP 78.42, CECT 913, DSM 20750, ATCC 19119, WDCM 00018, SLCC 2379, JCM 7681, BCRC 14844, KCTC 3444, LMG 11388, NCAIM B.02035, NRRL B-33017, VTT E-97771",1,Listeria ivanovii subsp. ivanovii,202751.4,facultative anaerobe
,,,,,2823437510,
,,,,,GCA_900187025,
6879,CNL 89/5081,"CCUG 36672, CCM 4698, DSM 12491, ATCC 49954, CIP 103466, CLIP 12229, JCM 32891, NCTC 12701",1,Listeria ivanovii subsp. londoniensis,1638.7,facultative anaerobe
,,,,,202752.8,
,,,,,2675903700,
,,,,,GCA_900106685,
,,,,,GCA_900637745,
6875,53 XXIII,"DSM 20600, ATCC 15313, NCTC 10357, CCUG 15526, CIP 82.110, JCM 32892",1,Listeria monocytogenes,1273540.4,facultative anaerobe
,,,,,1639.2993,
,,,,,2874802799,
,,,,,GCA_900187225,
6873,1224.72,"DSM 15675, NCTC 11994, WDCM 00019, CIP 110274, CECT 4032, LMG 13305",0,Listeria monocytogenes,1344576.3,facultative anaerobe
,,,,,1639.4971,
,,,,,GCA_002156185,
,,,,,GCA_900452915,
24152,1071/53,"DSM 27575, ATCC 13932, NCTC 10527, WDCM 00021, JCM 7675, CCM 5580, CIP 59.53, CCM 7202, LMG 21264, CECT 935, SLCC 1071/53, CLIP 78959",0,Listeria monocytogenes,1639.4432,facultative anaerobe
,,,,,2859606962,
,,,,,GCA_003031895,
131740,Li 20,"DSM 102976, ATCC 35152, CCM 5576, CCUG 15527, CECT 5873, LMG 13304, NCTC 7973, WDCM 00109, JCM 7671, CIP 104794, NCAIM B.01371, CLIP 74902",0,Listeria monocytogenes,1639.6115,facultative anaerobe
,,,,,2859609986,
,,,,,GCA_900637785,
135910,,"CIP 105457, CIP 78.37, ATCC 19114, CIP 60.88, NCTC 5214, CECT 934, LMG 16783, WDCM 00110, JCM 7674, CCM 5579, CLIP 74908, SLCC 2374",0,Listeria monocytogenes,1639.1038,facultative anaerobe
137585,10,"CIP 78.39, ATCC 19116, CCM 5882, JCM 7679, SLCC 2376",0,Listeria monocytogenes,1639.1037,facultative anaerobe
139466,21,"CIP 105458, ATCC 19117, CCM 5883, NCTC 10888, CIP 78.40, CCUG 35751, CCM 4699, JCM 7680, CLIP 74912, SLCC 2377",0,Listeria monocytogenes,1639.6589,facultative anaerobe
,,,,,2540341109,
,,,,,882095.3,
,,,,,882095.8,
,,,,,GCA_000307025,
,,,,,GCA_001454905,
139552,"14, strain 14","CIP 105459, ATCC 19118, CIP 78.41, SLCC 2378, CLIP 74913, DSM 115292",0,Listeria monocytogenes,1639.1036,facultative anaerobe
6876,1120,"CCUG 15530, CIP 100.100, CECT 917, NCTC 11856, CCM 3970, DSM 20751, ATCC 35967, CIP 100100, SLCC 3954, JCM 32815, BCRC 15361, LMG 11386, NCAIM B.01873",1,Listeria seeligeri,GCA_000027145,facultative anaerobe
6878,V8,"DSM 20650, ATCC 35897, CIP 8149, SLCC 5334, CCUG 15529, CIP 81.49, NCTC 11857, CECT 919, CCM 3971, JCM 32816, BCRC 14851, LMG 11389, NCAIM B.01872",1,Listeria welshimeri,1643.7,facultative anaerobe
,,,,,2773857882,
,,,,,GCA_000060285,
,,,,,GCA_900187315,
17279,,"DSM 21597, ATCC 19264, CAIM 696, CCTM 2283, CCUG 47265, CECT 522, CIP 63.36, IFO 13266, LMG 4410, LMG 4437, NBRC 13266, NCCB 72050, NCIMB 6, NCTC 12159, RIMD 2202001, JCM 33359",1,Listonella anguillarum,2916734906,facultative anaerobe
,,,,,55601.109,
,,,,,55601.211,
,,,,,GCA_001989995,
,,,,,GCA_900452855,
1282,"BA288, 18.101","DSM 16976, CIP 110635, KCTC 3947",1,Litchfieldia alkalitelluris,304268.3,facultative anaerobe
,,,,,GCA_002019645,
159817,FSX-11,"JCM 32715, MCCC 1K03503",1,Litorivita pollutaquae,GCA_003205515,facultative anaerobe
6642,L-1062,"DSM 18080, JCM 18665, LMG 23555",1,Loigolactobacillus backii,375175.92,facultative anaerobe
,,,,,GCA_003946275,
6421,N2,"CCUG 32234, DSM 20003, ATCC 35409, JCM 1094, BCRC 12934, CGMCC 1.1876, CIP 102811, KCTC 5061, LMG 9845, NCFB 2736, NCIMB 12863, NCDO 2736",1,Loigolactobacillus bifermentans,1423726.3,facultative anaerobe
,,,,,2657245519,
,,,,,GCA_001434575,
6437,34,"CCUG 30666, DSM 20001, ATCC 25602, NCIB 9711, JCM 1164, BCRC 12935, CECT 982, CIP 103133, KCTC 3167, LMG 9196, NCFB 2741, NCIMB 9711, NRRL B-4391, VTT E-93487, NCDO 2741",1,Loigolactobacillus coryniformis subsp. coryniformis,2667528105,facultative anaerobe
,,,,,2814123233,
,,,,,651324058,
,,,,,913848.3,
,,,,,913848.6,
,,,,,913848.7,
,,,,,GCA_000166795,
,,,,,GCA_001433765,
,,,,,GCA_002706425,
6439,30,"DSM 20004, ATCC 25600, NCIB 9712, CCUG 30667, JCM 1166, BCRC 14629, CECT 4129, CIP 103134, KCTC 3535, LMG 9197, NCFB 2740, NCIMB 9712, NRIC 1051, NRRL B-4390, NCDO 2740",1,Loigolactobacillus coryniformis subsp. torquens,1423822.1,facultative anaerobe
,,,,,1423822.11,
,,,,,1423822.12,
,,,,,1423822.7,
,,,,,1423822.8,
,,,,,1423822.9,
,,,,,2700989130,
,,,,,2814123226,
,,,,,651324059,
,,,,,929500.3,
24134,IWT246,"DSM 26942, JCM 18838, KCTC 21046",1,Loigolactobacillus iwatensis,1267156.3,facultative anaerobe
,,,,,2881701018,
,,,,,GCA_003950295,
24491,IG8,"DSM 29326, IAM 15450, JCM 23210, NCIMB 14280, CIP 109738, IAM 15540",1,Loktanella atrilutea,2695420928,facultative anaerobe
,,,,,366533.3,
,,,,,GCA_900128995,
140500,WDS2C18,"KCTC 52045, MCCC 1H00132",1,Longibacter salinarum,1850348.3,facultative anaerobe
,,,,,2788499893,
,,,,,GCA_002554795,
158749,R-43280,"LMG 26267, NCPPB 4481, CFCC 10822",1,Lonsdalea britannica,1082704.3,facultative anaerobe
,,,,,2840548837,
,,,,,GCA_002111595,
158750,R-44166,"LMG 26264, NCPPB 4490, CFCC 10824",1,Lonsdalea iberica,1082703.3,facultative anaerobe
,,,,,2849723134,
,,,,,GCA_002111585,
5251,1,"DSM 4561, ATCC 29281, CCUG 48867, CFBP 3617, CIP 105201, ICMP 1845, ICPB EQ 101, LMG 2724, NCPPB 1852, PDDCC 1845",1,Lonsdalea quercina,1082705.14,facultative anaerobe
,,,,,2579778530,
,,,,,2597490349,
,,,,,71657.5,
,,,,,GCA_000688655,
,,,,,GCA_900107885,
166204,B210,"KCTC 42951, CGMCC 1.16770",1,Lujinxingia litoralis,2882524911,facultative anaerobe
,,,,,GCA_003260125,
159925,SEH01,"DSM 101859, KCTC 42950",1,Lujinxingia sediminis,2887455215,facultative anaerobe
,,,,,GCA_004005565,
12621,,"DSM 10546, ATCC 51526, CIP 104067, IFO 12422, JCM 9415, NBRC 12422, OUT 8086, CCUG 38731, IMSNU 21283, KCTC 9794, NCIMB 13388, NRIC 1092, VKM Ac-1951",1,Luteococcus japonicus,2781126037,facultative anaerobe
,,,,,33984.3,
,,,,,GCA_003752415,
24514,SMK-117,"DSM 28010, CCUG 55760, KCTC 22244",1,Lutimaribacter saemankumensis,2675903213,facultative anaerobe
,,,,,490829.3,
,,,,,GCA_900100005,
17495,"YC6269, Z 3-12","DSM 21044, KCTC 22249",1,Lysobacter oryzae,2571042365,facultative anaerobe
14423,,"DSM 19358, CCM 4811, CCUG 47200, CIP 108167, LMG 21712",1,Macrococcus brunensis,198483.3,facultative anaerobe
,,,,,2898327042,
,,,,,GCA_004359615,
133084,KM 45013,"DSM 101690, CCOS 969, CCUG 68920, CIP 111363",1,Macrococcus canis,GCA_002119805,facultative anaerobe
166531,LBB-42,"VKM B-3270, KCTC 15749",1,Magnetospirillum kuznetsovii,2838797410,facultative anaerobe
,,,,,GCA_003284725,
14561,K 21,"DSM 20352, ATCC 29070, CCUG 15599, JCM 2426, BCRC 12926, CCM 3472, CIP 81.63, LMG 21025, NCTC 12102, NRRL B-14758",1,Staphylococcus lentus,42858.16,facultative anaerobe
,,,,,42858.17,
,,,,,GCA_002902755,
,,,,,GCA_900458735,
14631,,"DSM 20345, ATCC 29062, BCRC 12927, CCM 3473, CCUG 15598, CNCTC 5683, JCM 2425, NCTC 12103, SC 116, CIP 81.62, MTCC 6154, NRRL B-14777",1,Staphylococcus sciuri,147467.21,facultative anaerobe
,,,,,147467.22,
,,,,,147467.8,
,,,,,2627854141,
,,,,,GCA_001046995,
,,,,,GCA_002901825,
,,,,,GCA_900474615,
14664,"R1-33, BM 12492","DSM 16827, ATCC 700061, CIP 105829, CCUG 37923, CCM 4657",0,Staphylococcus sciuri,147469.3,facultative anaerobe
,,,,,GCA_003968855,
14660,DD756,"CCUG 33636, DSM 15615, ATCC 51145, CIP 104850",1,Staphylococcus vitulinus,2917439556,facultative anaerobe
,,,,,71237.13,
,,,,,71237.31,
,,,,,GCA_002902265,
14658,"B92/78, NT215","CCUG 33938, CIP 104364, CCM 4481, DSM 9930, ATCC 51698, PCM 2443",0,Staphylococcus vitulinus,71237.2,facultative anaerobe
,,,,,71237.27,
,,,,,71237.29,
,,,,,GCA_003970525,
,,,,,GCA_014635645,
140470,MP23,"KCTC 42580, DSM 100250",1,Mangrovibacter phragmitis,2791354903,facultative anaerobe
,,,,,GCA_001655675,
5243,MSSRF40,"DSM 19579, LMG 24236",1,Mangrovibacter plantisponsor,2770939621,facultative anaerobe
,,,,,451513.3,
,,,,,GCA_003182475,
158538,M11-4,"MCCC 1K03312, JCM 32104",1,Mangrovitalea sediminis,2788500092,facultative anaerobe
,,,,,GCA_002514725,
166412,ZY170218,"CGMCC 1.13620, KCTC 15731",1,Mannheimia pernigra,2887918653,facultative anaerobe
,,,,,GCA_009828705,
166182,XSD2,"KCTC 62994, MCCC 1H00347",1,Maribellus luteus,2887138616,facultative anaerobe
,,,,,GCA_003576475,
167419,Y2-1-60,"MCCC 1K04285, KCTC 72884",1,Maribellus sediminis,GCA_011799805,facultative anaerobe
23235,CL-SP27,"DSM 26892, JCM 13037, KCCM 42113, CIP 109545, CECT 7800",1,Palleronia salina,2619618996,facultative anaerobe
,,,,,313368.3,
,,,,,GCA_900141995,
140894,Z1,"ATCC BAA-2617, CICC 10859",1,Marinagarivorans algicola,2788499911,facultative anaerobe
,,,,,GCA_001292705,
159845,JC075,"KCTC 15646, MCCC 1K03477, JCM 32401, MCC 1K03477",1,Marinifilum breve,2832567879,facultative anaerobe
,,,,,GCA_003202155,
133508,JC2469,"IMSNU 14138, KCTC 22488, JCM 15579",1,Marinifilum fragile,1236979.6,facultative anaerobe
,,,,,2728369664,
,,,,,GCA_001310955,
166463,WTE16,"KCTC 62599, MCCC 1H00311",1,Marinilabilia rubra,2832482636,facultative anaerobe
,,,,,GCA_003121985,
2278,LT20,"DSM 16108, JCM 12337, CIP 108666",1,Marinilactibacillus piezotolerans,258723.5,facultative anaerobe
,,,,,2636415975,
,,,,,GCA_900114235,
2279,M13-2,"DSM 19582, IAM 14980, NBRC 100002, NCIMB 13873, JCM 21451, NRIC 0510, CIP 108048",1,Marinilactibacillus psychrotolerans,191770.1,facultative anaerobe
,,,,,191770.5,
,,,,,2619619009,
,,,,,GCA_007989385,
,,,,,GCA_900101525,
140293,59.4M,"DSM 102940, JCM 31103",1,Marinisporobacter balticus,2018667.3,facultative anaerobe
,,,,,2795385446,
,,,,,GCA_004345705,
489,SD-14B,"DSM 18347, CIP 109893, LMG 23697",1,Marinobacter salsuginis,1260625.5,facultative anaerobe
,,,,,2516653033,
,,,,,GCA_004936695,
491,NKSG1,DSM 21262,1,Marinobacter santoriniensis,1288826.3,facultative anaerobe
,,,,,2545824694,
,,,,,GCA_000347775,
170942,F01,"MCCC 1H00290, KCTC 52700",1,Marinobacter vulgaris,GCA_007559285,facultative anaerobe
,,,,,VMBE00000000,
461,,"DSM 23545, KCTC 12756, LMG 23872, CCUG 54309, IMCC 1877",1,Marinobacterium litorale,1122201.3,facultative anaerobe
,,,,,2522572179,
,,,,,GCA_000428985,
140627,WM3,"CGMCC 1.15341, KCTC 42782",1,Marinobacterium zhoushanense,1679163.3,facultative anaerobe
,,,,,GCA_014641945,
133970,YC6887,"KCCM 43011, NBRC 109149",1,Martelella endophytica,2619619303,facultative anaerobe
,,,,,GCA_000960975,
11325,45,"CCUG 52214, DSM 17472, CCTCC AB 204071, KCTC 12343, CIP 109189",1,Massilia albidiflava,2843757166,facultative anaerobe
,,,,,321983.3,
,,,,,321983.5,
,,,,,GCA_004322755,
,,,,,GCA_014651415,
166339,FT127W,"GDMCC 1.1690, KACC 21482",0,Massilia aquatica,2920929050,facultative anaerobe
,,,,,GCA_009857595,
11329,AP13,"CCUG 54941, DSM 18055, CCM 7363, CECT 7142, JCM 13879, CGMCC 1.10742, CIP 109392",1,Massilia aurea,GCA_024753205,facultative anaerobe
11328,16,"DSM 17513, CCTCC AB 204070, KCTC 12342, CCUG 52213, CIP 109188",1,Massilia dura,321982.3,facultative anaerobe
,,,,,321982.4,
,,,,,GCA_009727155,
,,,,,GCA_014651395,
166330,DS3,"GDMCC 1.1636, KACC 21312",1,Massilia guangdongensis,2920906855,facultative anaerobe
,,,,,GCA_009857475,
11326,101,"DSM 17473, CCTCC AB 204073, KCTC 12345, CCUG 52216, CIP 109190",1,Massilia lutea,2843750665,facultative anaerobe
,,,,,321985.3,
,,,,,GCA_004209755,
11327,76,"DSM 17505, CCTCC AB 204072, KCTC 12344, CIP 109191",1,Massilia plicata,2847005498,facultative anaerobe
,,,,,321984.3,
,,,,,321984.4,
,,,,,GCA_004421005,
,,,,,GCA_014651435,
24801,P3M-2,"DSM 23840, JCM 17771, VKM B-2668",1,Melioribacter roseus,1191523.3,facultative anaerobe
,,,,,GCA_000279145,
130322,,"DSM 29964, ATCC 35311, LMG 20360, NCDO 2443, CIP 104052, LMG 19520",1,Melissococcus plutonius,2861600701,facultative anaerobe
,,,,,33970.54,
,,,,,650716050,
,,,,,940190.2,
,,,,,940190.3,
,,,,,GCA_000270185,
,,,,,GCA_014202715,
1250,YKJ-10,"DSM 18226, CIP 107104, JCM 10885, KCCM 41040, BCRC 20126, CCM 7133, CGMCC 1.3651, KCTC 3839",1,Mesobacillus jeotgali,129985.4,facultative anaerobe
,,,,,2908928733,
,,,,,GCA_002874535,
1255,SF-1,"DSM 18680, JCM 14380, FERM P-15431",1,Mesobacillus selenatarsenatis,GCA_000813125,facultative anaerobe
1243,4T19,"DSM 17723, CIP 109816, KACC 11279, JCM 16399",1,Metabacillus niabensis,2926518972,facultative anaerobe
23347,DKE6,"DSM 24874, JCM 17596",1,Metallibacterium scheffleri,993689.18,facultative anaerobe
,,,,,GCA_002077135,
,,,,,GCA_004798955,
7176,GR16,"DSM 16371, CCM 7218, CECT 5998, CIP 108333",1,Methylobacterium aquaticum,2634166393,facultative anaerobe
,,,,,270351.6,
,,,,,GCA_001043915,
23100,301,"DSM 24635, JCM 17579, VKM B-2679",1,Methylotenera versatilis,646564551,facultative anaerobe
,,,,,666681.3,
,,,,,GCA_000093025,
7406,,"DSM 12509, IFO 15708, NBRC 15708, NRRL B-24220, CCUG 52344 A, CIP 105731, JCM 12413, LCDC 84-209, CCUG 52344, IAM 15210, LMG 22182, VKM Ac-2081",1,Microbacterium hominis,1348634.3,facultative anaerobe
,,,,,2731957680,
,,,,,GCA_001553805,
,,,,,GCA_001592125,
7446,DC-200,"DSM 19600, CIP 110032, LMG 24557, JCM 17023",1,Microbacterium invictum,2831315640,facultative anaerobe
,,,,,515415.3,
,,,,,515415.4,
,,,,,GCA_015278285,
,,,,,GCA_023155715,
7375,1,"DSM 20140, ATCC 15953, CCM 1929, NCIB 9659, NRRL B-24229, CCUG 53894, CIP 100934, JCM 9181, CECT 445, IAM 15186, IFO 14471, KCTC 9644, KCTC 9732, NBRC 14471, NCFB 2270, NCIMB 9659, VKM Ac-1138, VKM B-1215, IMET 10713, NCDO 2270",1,Microbacterium laevaniformans,2893586405,facultative anaerobe
,,,,,36807.11,
,,,,,GCA_016907555,
7413,"P 369/106, P369/06","DSM 13468, LMG 19581, NRRL B-24227, JCM 11571, CIP 107138, IAM 15191, KCTC 19917, NBRC 103077, NCIMB 14330, VTT E-072687",1,Microbacterium phyllosphaerae,124798.17,facultative anaerobe
,,,,,2918350604,
,,,,,GCA_017876435,
133022,SZDIS-1-1,"DSM 103422, CGMCC 1.15228",1,Microbacterium sorbitolivorans,1867410.4,facultative anaerobe
,,,,,GCA_003327285,
,,,,,GCA_014641475,
7426,S3-E,"DSM 16914, KCTC 19079, JCM 13591, CIP 108944, IAM 15299, LMG 23366, NCIMB 14334",1,Microbacterium xylanilyticum,1302725.3,facultative anaerobe
,,,,,2734481942,
,,,,,GCA_001313345,
466,,"DSM 19189, JCM 14709, JAMB A94",1,Microbulbifer thermotolerans,252514.11,facultative anaerobe
,,,,,2599185213,
,,,,,GCA_900112305,
10522,SGLY2,"DSM 15089, CIP 108159, LMG 18919, JCM 21462, IAM 14991",1,Microvirgula aerodenitrificans,1122240.3,facultative anaerobe
,,,,,2556921007,
,,,,,GCA_000620105,
5012,1400/07,"DSM 22759, LMG 25383",1,Mixta calida,2791355150,facultative anaerobe
,,,,,2791355158,
,,,,,665913.3,
,,,,,GCA_002095355,
,,,,,GCA_002953215,
5013,A18/07,"DSM 22758, LMG 25382",1,Mixta gaviniae,2791355151,facultative anaerobe
,,,,,2791355167,
,,,,,665914.3,
,,,,,665914.6,
,,,,,GCA_002095455,
,,,,,GCA_002953195,
4983,2896-78,"DSM 5076, ATCC 35017, CCUG 51928, NCTC 12132, LMG 10145, JCM 5895, CDC 2896-78, CIP 103034",1,Moellerella wisconsensis,1354267.4,facultative anaerobe
,,,,,158849.7,
,,,,,2636415824,
,,,,,GCA_001294465,
,,,,,GCA_900706815,
4986,"M 11, 33 M","DSM 30164, ATCC 25830, IFO 3848, LMG 7874, NBRC 3848, NCIB 235, NCTC 235, WDCM 00112, CCUG 6328, JCM 1672, ATCC 8076H, BCRC 10706, CECT 173, CGMCC 1.6767, CIP 103763, CIP A231, KACC 13822, NBRC 105691, NCCB 73065, NCIMB 235",1,Morganella morganii subsp. morganii,1223504.3,facultative anaerobe
,,,,,180434.13,
,,,,,2675903361,
,,,,,582.221,
,,,,,582.587,
,,,,,GCA_001598895,
,,,,,GCA_006094455,
,,,,,GCA_019243775,
,,,,,GCA_900635025,
4989,u2/3,"CCUG 53682, LMG 23374, DSM 17886, CIP 109403, JCM 16473",1,Morganella psychrotolerans,2751185775,facultative anaerobe
,,,,,368603.8,
,,,,,GCA_001676155,
133346,YH6,"KCTC 42594, MCCC 1H00122",1,Motilimonas eburnea,GCA_021295345,facultative anaerobe
133884,YC7004,"KACC 16571, NBRC 108856",1,Mucilaginibacter jinjuensis,GCA_028596025,facultative anaerobe
166220,GCL-11,"MCCC 1A11649, KCTC 52432",1,Flagellimonas amoyensis,GCA_003058265,facultative anaerobe
134341,SMK-108,"KCTC 22173, CCUG 55324",1,Flagellimonas lutimaris,2840458382,facultative anaerobe
,,,,,475082.4,
,,,,,GCA_003581615,
5619,B1,"DSM 13258, KCTC 12948, LMG 19739, CIP 107369, KCTC 62007",1,Flagellimonas ruestringensis,2505679007,facultative anaerobe
,,,,,886377.3,
,,,,,GCA_000224085,
8494,FA4,"DSM 44556, CIP 108203, JCM 14741",1,Mycobacterium fluoranthenivorans,1303678.5,facultative anaerobe
,,,,,258505.4,
,,,,,2734481944,
,,,,,2821251827,
,,,,,GCA_001313385,
,,,,,GCA_011758805,
,,,,,GCA_025823075,
8268,"W-1609, P-15, 14 021 0001","DSM 44160, ATCC 14470, JCM 6382, NCTC 10267, TMC 1324, CCUG 21801, CCUG 21811, CIP 104529, KCTC 9513",1,Mycobacterium gordonae,1778.15,facultative anaerobe
,,,,,GCA_002101675,
,,,,,GCA_025821905,
8485,2554/91,"DSM 44471, ATCC 51253, CIP 105424, JCM 14842",1,Mycobacterium heidelbergense,2865543863,facultative anaerobe
,,,,,53376.3,
,,,,,53376.9,
,,,,,GCA_002086215,
,,,,,GCA_010730745,
,,,,,GCA_025821945,
8339,40,"DSM 43219, CECT 8763, SN 1900",1,Mycobacterium lehmannii,2015070.3,facultative anaerobe
,,,,,GCA_002245535,
8486,938,"DSM 44476, ATCC 700351, CIP 104973, CCUG 37984, JCM 12375",1,Mycobacterium mageritense,1209984.3,facultative anaerobe
,,,,,2617271075,
,,,,,53462.6,
,,,,,GCA_000612825,
,,,,,GCA_010727475,
8246,2409,"DSM 43532, CECT 8766, SN 1904",1,Mycobacterium neumannii,2015071.3,facultative anaerobe
,,,,,GCA_002245615,
8541,"T 11, T 3","DSM 45059, CIP 109275, NCIMB 14252, JCM 17783",1,Mycobacterium stomatepiae,470076.1,facultative anaerobe
,,,,,GCA_010731715,
,,,,,GCA_025821785,
134102,A39,"NCTC 11740, ATCC BAA-992",1,Mycoplasma amphoriforme,572419.3,facultative anaerobe
,,,,,572419.4,
,,,,,GCA_000723365,
8627,"N29, PG50","DSM 21131, NCTC 10133",1,Mycoplasma leachii,649633074,facultative anaerobe
,,,,,880447.3,
,,,,,GCA_000183365,
159549,LR5794,"DSM 106703, NCTC 14309, ATCC TSD-141",1,Mycoplasma procyoni,GCA_017052595,facultative anaerobe
163851,,"JCM 30663, UNIQEM U932, AArc 1",1,Natrarchaeobaculum sulfurireducens,GCA_003430825,facultative anaerobe
11758,P709,"DSM 26409, CCM 7802, CCUG 28028, CIP 110147, Michel A/76",1,Necropsobacter rosorum,2617271265,facultative anaerobe
10493,"CL 191/78, Vandamme R-24680, D 8251","DSM 21642, ATCC 29858, CDC D8251, LMG 23011, NCTC 12228, CIP 103440",1,Neisseria animaloris,326522.3,facultative anaerobe
,,,,,326522.7,
,,,,,GCA_002108605,
,,,,,GCA_900637855,
158278,93087,"DSM 104677, LMG 30012",1,Neisseria dumasiana,GCA_002108505,facultative anaerobe
,,,,,GCA_022870885,
10496,"871, WC 08-871","CCUG 59856, DSM 22246, CIP 109933",1,Neisseria shayeganii,1032488.3,facultative anaerobe
,,,,,2513237270,
,,,,,GCA_000226875,
10498,"9715, WC 05-9715","CCUG 59855, DSM 22247, CIP 109934",1,Neisseria wadsworthii,1030841.3,facultative anaerobe
,,,,,2513237392,
,,,,,GCA_000227765,
10494,"CL 194/78, Vandamme R-24681, CNPE12, D5986","DSM 21643, ATCC 29859, CDC D5986, LMG 23012, NCTC 12230, CIP 104144",1,Neisseria zoodegmatis,2765235960,facultative anaerobe
,,,,,326523.3,
,,,,,326523.5,
,,,,,GCA_002108575,
,,,,,GCA_900187305,
1214,"IDA 1115, R-16315","DSM 15601, CIP 108807, LMG 21833, JCM 21706, IAM 15255",1,Neobacillus bataviensis,1117379.3,facultative anaerobe
,,,,,2537561923,
,,,,,GCA_000307875,
132382,Ap-6,"DSM 101566, CCM 8651, CIP 110974",1,Neobacillus cucumis,1740721.8,facultative anaerobe
,,,,,2901240655,
,,,,,GCA_016908975,
1213,"IDA 1937, R-16337","DSM 15600, CIP 108808, LMG 21831, JCM 21707, IAM 15256, NBRC 102427",1,Neobacillus drentensis,1314752.3,facultative anaerobe
,,,,,2731957651,
,,,,,GCA_001591445,
1216,"IDA 3307, R-15439","DSM 15603, CIP 108805, LMG 21837, JCM 21709, IAM 15258, NBRC 102450",1,Neobacillus novalis,1349756.3,facultative anaerobe
,,,,,2681812999,
,,,,,GCA_001591805,
1217,"IDA 0086, R-16300, ISA0086","DSM 15604, CIP 108804, LMG 21838, JCM 21710, IAM 15259, KCTC 13572, NBRC 102451",1,Neobacillus soli,1348630.3,facultative anaerobe
,,,,,220688.4,
,,,,,2731957661,
,,,,,GCA_001591665,
,,,,,GCA_002335815,
1215,"IDA 3632, R-15447","DSM 15602, CIP 108806, LMG 21834, JCM 21711, IAM 15260, KCTC 13573, NBRC 102452",1,Neobacillus vireti,1131730.3,facultative anaerobe
,,,,,220686.9,
,,,,,2558860475,
,,,,,2645728032,
,,,,,GCA_000508325,
,,,,,GCA_001026695,
133788,LHW37,"KACC 15543, JCM 17730, BCRC 81037",1,Neptunomonas concharum,1031538.3,facultative anaerobe
,,,,,1031538.4,
,,,,,GCA_006148955,
,,,,,GCA_008630635,
11282,,"DSM 18939, JCM 14595, JAMM 0745",1,Neptunomonas japonica,1122599.8,facultative anaerobe
,,,,,2523533624,
,,,,,GCA_000422765,
642,"Ford 26, 26, 726","DSM 11, ATCC 4513, CCM 2048, JCM 2504, LMG 13261, NCIB 9374, NCTC 2610, CCUG 7416, ATCC 9140, ATCC 24, BCRC 10605, CECT 10, CIP 52.75, HAMBI 1911, IAM 12462, IAM 14175, IFO 13626, KCTC 3347, LMG 6926, NBRC 13626, NCCB 75011, NCFB 1775, NCIMB 9374, NRRL B-378, NRRL B-380, VKM B-1242, VTT E-95570, NCDO 1775, NRRL NRS726",1,Niallia circulans,1348626.3,facultative anaerobe
,,,,,1397.16,
,,,,,2731957657,
,,,,,2814123177,
,,,,,GCA_001591585,
,,,,,GCA_900445325,
1209,Fo-92,"DSM 15077, ATCC BAA-519, CIP 108262",1,Niallia nealsonii,GCA_002835805,facultative anaerobe
10423,E9I37-1,"DSM 16511, JCM 12458",1,Nitratifractor salsuginis,649633076,facultative anaerobe
,,,,,749222.3,
,,,,,GCA_000186245,
10424,MI55-1,"DSM 16512, JCM 12459",1,Nitratiruptor tergarcus,1069081.3,facultative anaerobe
,,,,,2516493030,
,,,,,GCA_027946175,
,,,,,GCA_900176045,
140139,,"DSM 106739, JCM 18716, KACC 17062, MIC 2059",1,Niveibacterium umoris,1193620.3,facultative anaerobe
,,,,,1193620.4,
,,,,,2830054275,
,,,,,GCA_014197015,
,,,,,GCA_017311475,
10770,MK703-102F1,"DSM 44638, CIP 107372, FERM P-16580, IFO 16497, JCM 10988, NBRC 16497, IFM 10175",1,Nocardia vinacea,1206742.4,facultative anaerobe
,,,,,2551306192,
,,,,,GCA_000308835,
11195,,"DSM 44380, CCRC 12529, CIP 106425, IFO 14201, JCM 3357, NBRC 14201, NRRL 12026, VKM Ac-942, BCRC 12529, CGMCC 4.1174, IFM 0242",1,Nocardiopsis trehalosi,1348638.3,facultative anaerobe
,,,,,2731957590,
,,,,,GCA_001552555,
140483,,"JCM 17723, DSM 25787, TSA 66",1,Noviherbaspirillum autotrophicum,GCA_000818395,facultative anaerobe
140482,,"JCM 17722, ATCC TSD-69, TSA 40, DSM 113107",1,Noviherbaspirillum denitrificans,GCA_002211445,facultative anaerobe
24271,PB1,"DSM 26001, LMG 27282",1,Noviherbaspirillum psychrotolerans,2706794918,facultative anaerobe
14152,US6-1,"CCUG 56449, CIP 108548, DSM 17173, JCM 12182, KCTC 10454, NCIMB 14244",1,Novosphingobium pentaromativorans,1088721.1,facultative anaerobe
,,,,,1088721.11,
,,,,,1088721.12,
,,,,,1088721.13,
,,,,,1088721.14,
,,,,,1088721.15,
,,,,,1088721.3,
,,,,,1088721.7,
,,,,,1088721.9,
,,,,,2608642102,
14155,T3-B9,"DSM 17507, AS 1.3432, JCM 12465, CCUG 56308, BCRC 80740, CGMCC 1.3432, CIP 108789",1,Novosphingobium taihuense,2596583548,facultative anaerobe
,,,,,260085.3,
,,,,,260085.4,
,,,,,2828632817,
,,,,,GCA_007830315,
,,,,,GCA_014199635,
4990,42,"DSM 2777, ATCC 12841, NCIB 8771, CCUG 2078, CIP 82.93, LMG 3054, NCIMB 8771",1,Obesumbacterium proteus,1354268.4,facultative anaerobe
,,,,,2687453374,
,,,,,2802429663,
,,,,,82983.1,
,,,,,GCA_001586165,
,,,,,GCA_001655035,
1377,S-11,"DSM 21910, CCUG 53534, CIP 109363, KCTC 13061",1,Oceanobacillus caeni,2901076836,facultative anaerobe
,,,,,405946.6,
133964,SA9,"JCM 17252, NCIMB 14684, DSM 107338, BCRC 80661",1,Oceanobacillus polygoni,1235259.4,facultative anaerobe
,,,,,2894984523,
,,,,,2913595076,
,,,,,GCA_008304605,
,,,,,GCA_017874935,
1379,Y27,"DSM 23151, CIP 109918, JCM 15792, NBRC 105379, NCIMB 14542, NRRL B-59181, KCTC 13887",1,Oceanobacillus sojae,582851.8,facultative anaerobe
,,,,,GCA_007991515,
6813,,"DSM 17330, JCM 13282, NRIC 0645, CIP 109430",1,Oenococcus kitaharae,1045004.4,facultative anaerobe
,,,,,1045004.5,
,,,,,1045004.6,
,,,,,2524614648,
,,,,,2597489884,
,,,,,GCA_000241055,
,,,,,GCA_000428085,
2380,DFA-19,"DSM 43852, ATCC 35307, HMGB B 1078, IFO 14295, IMET 7687, JCM 7350, NBRC 14295, NRRL B-16223, CCUG 47127, CIP 107637, IAM 14864, JCM 21363, VKM Ac-1048, VTT E-072708",1,Oerskovia enterophila,2681812870,facultative anaerobe
,,,,,2833465287,
,,,,,43678.6,
,,,,,GCA_001692445,
2382,377-78,"DSM 46000, CIP 100330, IMET 7006, CCUG 47142, JCM 9969, CCM 4094, IFO 15012, LMG 16191, NBRC 15012",1,Oerskovia jenensis,162169.4,facultative anaerobe
,,,,,2892702859,
,,,,,GCA_016907235,
2381,,"CCUG 47105, CIP 108256, DSM 14281, IMET 7003, JCM 11755, LMG 20385, NBRC 106154",1,Oerskovia paurometabola,162170.3,facultative anaerobe
,,,,,2893546927,
,,,,,GCA_016907365,
17917,,"DSM 22228, CCUG 57622, CN 3",1,Orbus hercynius,2770939645,facultative anaerobe
,,,,,593135.5,
,,,,,GCA_003634275,
6279,K22-20,"DSM 17687, JCM 12763, MTCC 6545, CGMCC 1.6491, CIP 109338",1,Ornithinimicrobium kibberense,2590013.3,facultative anaerobe
,,,,,2891388395,
,,,,,GCA_006519705,
133342,TPP412,"BCRC 80905, JCM 30814",1,Oryzomicrobium terrae,2883351634,facultative anaerobe
,,,,,GCA_008274805,
2979,K11,"DSM 14619, JCM 11629",1,Ottowia thiooxydans,1122623.5,facultative anaerobe
,,,,,2523533611,
,,,,,GCA_000422885,
133094,KUDC4121,"DSM 24950, KCTC 13870",1,Paenibacillus aceris,2913432798,facultative anaerobe
,,,,,869555.4,
,,,,,GCA_017874035,
140618,L14,"CGMCC 1.15420, JCM 31170",1,Paenibacillus aceti,1820010.4,facultative anaerobe
,,,,,2882253857,
,,,,,GCA_003614185,
,,,,,GCA_014642755,
158574,Q4-3,"CGMCC 1.16134, KCTC 33911, KCTC 43225, CIP 111608",1,Paenibacillus albidus,2041023.3,facultative anaerobe
,,,,,GCA_014644435,
11459,1347,"DSM 5050, NRRL NRS-1347, JCM 9068, ATCC 51185, CIP 103122, IFO 15375, NBRC 15375, NCIMB 12517",1,Paenibacillus alginolyticus,1122915.3,facultative anaerobe
,,,,,1122915.5,
,,,,,2524614879,
,,,,,GCA_000422905,
,,,,,GCA_004000725,
11461,"IMAB B-3-4, 662, Lochhead 127","DSM 29, ATCC 6344, CCM 2051, IFO 3343, LMG 13253, NBRC 3343, NCIB 9371, NCTC 6352, CCUG 1815, ATCC 8240, NCTC 3324, NRS 662, JCM 20131, CECT 2, CIP 66.18, CN 2198, IAM 1258, LMG 6922, NCCB 48008, NCFB 1153, NCIMB 8198, NCIMB 9371, NRRL B-383, VKM B-502, NCDO 1153",1,Paenibacillus alvei,GCA_000293805,facultative anaerobe
11466,,"DSM 15211, KACC 11263, LMG 21767, VTT E-02256, NRRL NRS-290, JCM 9906, ATCC 9995, CCUG 28514, CIP 103117, DSM 11730, DSM 11747, DSM 3034, IFO 13625, IFO 15957, KCTC 3455, LMG 11153, NBRC 13625, NBRC 15957, NRRL B-14940, NRRL B-377",1,Paenibacillus amylolyticus,1451.36,facultative anaerobe
,,,,,GCA_004001025,
11575,MH21,"DSM 15890, ATCC BAA-844, CIP 109447, KCTC 13749",1,Paenibacillus anaericanus,170367.3,facultative anaerobe
,,,,,2916373010,
,,,,,GCA_003994475,
134087,20CM,"LMG 22078, CECT 5836, CIP 108571",1,Paenibacillus antarcticus,253703.3,facultative anaerobe
,,,,,2744054795,
,,,,,GCA_001637225,
11504,P3 L-5,"DSM 5976, ATCC 35681, LMG 14658, CIP 104586",1,Paenibacillus azotofixans,1333534.3,facultative anaerobe
,,,,,1333534.5,
,,,,,2619619294,
,,,,,GCA_000520635,
,,,,,GCA_000993825,
11585,BP-23,"DSM 15478, CECT 7022, CIP 108718",1,Paenibacillus barcinonensis,198119.4,facultative anaerobe
,,,,,2770939580,
,,,,,GCA_003217495,
11612,SAFN-016,"DSM 22255, ATCC BAA-1209, CIP 109354, NBRC 101215",1,Paenibacillus barengoltzii,1220556.3,facultative anaerobe
,,,,,GCA_004000745,
11552,"KK19, KK19T","DSM 13188, CCUG 43137, KCTC 3805, CIP 107056",1,Paenibacillus borealis,160799.4,facultative anaerobe
,,,,,2630968594,
,,,,,GCA_000758665,
11545,B-142,"DSM 11731, IFO 15958, JCM 9905, NBRC 15958, NRRL B-142, HSCC 442, PCI 221, ATCC 9966, ATCC BAA-725, CCM 1084, CECT 375, CIP 105254, IAM 1112, IFO 3329, KCTC 3758, LMG 14457, NBRC 3329, NCIMB 8144",1,Paenibacillus chibensis,2925295060,facultative anaerobe
,,,,,59846.3,
,,,,,GCA_004001045,
11514,EAG-3,"DSM 11030, IFO 15660, NBRC 15660, JCM 12162, CCM 4527, CIP 104914, KCCM 41400, KCTC 3791, LMG 18047, NRRL B-23119, EAG 3",1,Paenibacillus chitinolyticus,1220558.3,facultative anaerobe
,,,,,2600255075,
,,,,,2848028059,
,,,,,79263.3,
,,,,,GCA_000739915,
,,,,,GCA_004117095,
133429,CKOBP-6,"BCRC 17728, LMG 24216",1,Paenibacillus contaminans,GCA_003285015,facultative anaerobe
158760,LPB0068,"KACC 18694, JCM 31183",1,Paenibacillus crassostreae,2718218093,facultative anaerobe
,,,,,2744054636,
,,,,,GCA_001637335,
,,,,,GCA_001857945,
11503,,"DSM 1735, ATCC 27763, LMG 15707, VPI 6563-1, CIP 105291",1,Paenibacillus durus,44251.11,facultative anaerobe
,,,,,44251.7,
,,,,,GCA_000756615,
11513,"EAG-5, EGA 5","DSM 11029, IFO 15659, NBRC 15659, JCM 12161, CCM 4526, CIP 104913, KCTC 3748, LMG 18048, NRRL B-23118",1,Paenibacillus ehimensis,1220562.3,facultative anaerobe
,,,,,GCA_004000785,
11607,"LGC-32714SD17, SD17","DSM 22254, CIP 108552, KCTC 10016BP, NBRC 100335, CIP 108599",1,Paenibacillus elgii,1349776.3,facultative anaerobe
,,,,,2839866320,
,,,,,GCA_004000865,
132397,SH7,"DSM 29760, CECT 8558",1,Paenibacillus etheri,GCA_001012825,facultative anaerobe
131549,656.84,"DSM 23593, CIP 101062",1,Paenibacillus faecis,862114.3,facultative anaerobe
,,,,,GCA_008084145,
11588,GMP01,"DSM 17253, CECT 5760, LMG 20987, CIP 108371",1,Paenibacillus favisporus,2928311319,facultative anaerobe
11625,ZL,"DSM 21315, BCRC 17579, LMG 23577, CIP 110593, KCTC 13624",1,Paenibacillus fonticola,1122918.3,facultative anaerobe
,,,,,2519899635,
,,,,,GCA_000381905,
11648,,"DSM 22343, NCCB 100252, KFC 91, CIP 110200",1,Paenibacillus glacialis,2744054794,facultative anaerobe
,,,,,494026.3,
,,,,,GCA_001637205,
11495,"S93, B-14679","DSM 5162, ATCC 49278, IFO 15330, NBRC 15330, NCIB 12809, CCUG 28523, NRRL B-14679, CIP 106935, LMG 12239, NCIMB 12809",1,Paenibacillus glucanolyticus,1349777.4,facultative anaerobe
,,,,,2687453498,
,,,,,59843.4,
,,,,,GCA_001632305,
,,,,,GCA_004000885,
11559,"RSA 19, RSA19","DSM 15220, ATCC BAA-95, LMG 19080, CIP 107688",1,Paenibacillus graminis,189425.5,facultative anaerobe
,,,,,2630968473,
,,,,,GCA_000758705,
11549,"14, NRS-1356","DSM 11733, IFO 15959, JCM 9907, NBRC 15959, NCIMB 13573, NRRL NRS-1356, CCUG 50778, CIP 105253, LMG 18051, HSCC 309, KCTC 3760",1,Paenibacillus illinoisensis,1349779.3,facultative anaerobe
,,,,,GCA_004000925,
24279,AM49,"DSM 27933, JCM 11465, KCTC 0766BP, BCRC 17343, CIP 108253",1,Paenibacillus kribbensis,2773857839,facultative anaerobe
,,,,,GCA_002240415,
11563,"MB 1871, R-7191","DSM 15596, CIP 108827, LMG 21940",1,Paenibacillus lactis,228574.6,facultative anaerobe
,,,,,2913370050,
,,,,,GCA_017873605,
11592,"Med-540, 846","CCUG 28515, CIP 104618, DSM 7030, ATCC 9545, LMG 9820, NRRL B-2605",1,Paenibacillus larvae,147375.4,facultative anaerobe
,,,,,147375.5,
,,,,,2814123210,
,,,,,GCA_002003265,
11591,"670, NRS-1508","DSM 3615, ATCC 49843, LMG 6911, NCIMB 11201, NRRL B-3685, CCUG 52235, ATCC 13537, LMG 15974, NRRL B-3670, CIP 104990, NRS 1508",0,Paenibacillus larvae,1477.13,facultative anaerobe
,,,,,1477.16,
,,,,,1477.17,
,,,,,2814123212,
,,,,,GCA_002007765,
11469,160,"DSM 3035, ATCC 43898, LMG 11157, NCIMB 12780, CCUG 27414, NRRL NRS-666, CCM 3892, CIP 103118, JCM 9073, NRS 666, IFO 15380, KCTC 3456, NBRC 15380",1,Paenibacillus lautus,1349780.3,facultative anaerobe
,,,,,GCA_004000945,
11475,"888, NRS-888","DSM 24, ATCC 8244, CCM 2012, CIP 66.19, IAM 12467, LMG 13281, NCIB 9368, NCTC 6355, CCUG 7423, LMG 6324, IAM 1227, NRS 888, JCM 2500, BCRC 14680, CECT 19, IFO 15307, KCTC 1822, NBRC 15307, NCFB 1764, NCIMB 9368, NRRL B-172, NRRL B-394, NRRL B-4267, VKM B-506, VTT E-81138, NCDO 1764",1,Paenibacillus macerans,1349781.5,facultative anaerobe
,,,,,2904127458,
,,,,,44252.8,
,,,,,GCA_000746875,
,,,,,GCA_004000965,
,,,,,GCA_900454495,
11642,M4-2,"DSM 23149, JCM 14954, NCIMB 14397, CIP 110021",1,Paenibacillus macquariensis subsp. defensor,2744054793,facultative anaerobe
,,,,,467974.3,
,,,,,GCA_001637215,
11477,,"DSM 2, ATCC 23464, CIP 103269, LMG 6935, NCTC 10419, CCUG 37394, NCIMB 9934",1,Paenibacillus macquariensis subsp. macquariensis,2681812895,facultative anaerobe
,,,,,948756.3,
,,,,,948756.4,
,,,,,GCA_900156375,
11579,2301065,"KCTC 3991, DSM 16942, CCUG 48215, CIP 107939",1,Paenibacillus massiliensis subsp. massiliensis,1122921.3,facultative anaerobe
,,,,,2517572189,
,,,,,GCA_000377505,
11615,,"DSM 21345, KCTC 13020, LMG 23405, Gsoil 1411",1,Paenibacillus massiliensis subsp. panacisoli,1122922.3,facultative anaerobe
,,,,,2524614514,
,,,,,GCA_000426545,
11609,C/2,"DSM 19248, CCM 4839, LMG 23002, CIP 109077",1,Paenibacillus mendelii,206163.3,facultative anaerobe
,,,,,2901065067,
,,,,,GCA_024498075,
133206,BL24,"NRRL B-51698, CCM 7577",1,Paenibacillus methanolicus,GCA_008124765,facultative anaerobe
11636,MX2-3,"DSM 22867, KCTC 13044, PCU 276, TISTR 1828",1,Paenibacillus nanensis,393251.3,facultative anaerobe
,,,,,GCA_003583765,
11560,TOD45,"DSM 15391, ATCC BAA-93, LMG 19079, JCM 21743, IAM 15293, CIP 107685",1,Paenibacillus odorifer,189426.6,facultative anaerobe
,,,,,2630968887,
,,,,,GCA_000758725,
164567,,"JCM 33462, KCOM 3021, ChDC PVNT-B20",1,Paenibacillus oralis,GCA_003863965,facultative anaerobe
133265,1DrF-4,"ACCC 19927, JCM 30486",1,Paenibacillus oryzae,1844972.5,facultative anaerobe
,,,,,2791355222,
,,,,,GCA_001675045,
159376,MS2379,"DSM 107750, ATCC TSD-165",1,Paenibacillus ottowii,2315729.3,facultative anaerobe
,,,,,GCA_006874425,
,,,,,VIJZ00000000,
11589,,"DSM 17399, CECT 5862, LMG 22192, PALXIL 04, CIP 108717",1,Paenibacillus phyllosphaerae,274593.3,facultative anaerobe
,,,,,2824364704,
,,,,,2928318167,
,,,,,GCA_014192105,
11487,,"DSM 36, ATCC 842, BUCSAV 162, CCM 1459, JCM 2507, LMG 13294, NCIB 8158, NCTC 10343, CCUG 7426, BCRC 11168, CECT 155, CFBP 4258, CIP 66.22, HAMBI 1897, HAMBI 635, IAM 13419, IFO 15309, KCTC 3627, KCTC 3858, LMG 6319, NBRC 15309, NCFB 1774, NCIMB 8158, NRRL B-4317, VKM B-514, VTT E-97008, NCDO 1774",1,Paenibacillus polymyxa,1036171.11,facultative anaerobe
,,,,,1036171.3,
,,,,,1406.162,
,,,,,2547132099,
,,,,,2907128583,
,,,,,GCA_000217775,
,,,,,GCA_022811565,
,,,,,GCA_900454525,
,,,,,GCA_903797665,
11508,,"DSM 22700, ATCC 14706, CCUG 28881, CIP 106066, NCCB 75017, NRRL B-2309, KCTC 3806",1,Paenibacillus popilliae,1212764.3,facultative anaerobe
,,,,,2537561634,
,,,,,GCA_000315235,
11587,"CECAP06, CECAP06T","DSM 17254, CECT 5831, LMG 21955, CIP 108774",1,Paenibacillus rhizosphaerae,2824357598,facultative anaerobe
,,,,,2901054056,
,,,,,297318.4,
,,,,,297318.5,
,,,,,GCA_014192015,
11620,T27,"DSM 17841, CCBAU 10202, CIP 109632, KCTC 13697",1,Paenibacillus sabinae,1268072.3,facultative anaerobe
,,,,,2576861424,
,,,,,GCA_000612505,
11578,2301083,"DSM 16941, CCUG 48214, CIP 107938, KCTC 3993",1,Paenibacillus sanguinis,1122925.3,facultative anaerobe
,,,,,2517572150,
,,,,,GCA_000374825,
132619,DB13260,"DSM 28014, CGMCC 1.12769",1,Paenibacillus segetis,1325360.3,facultative anaerobe
,,,,,GCA_014639155,
132640,LOOC204,"DSM 101953, JCM 30974, MAFF 516319",1,Paenibacillus silagei,1670801.3,facultative anaerobe
,,,,,2913566476,
,,,,,GCA_017874735,
133090,DB 13031,"DSM 28013, CGMCC 1.12770",1,Paenibacillus silvae,1325358.4,facultative anaerobe
,,,,,GCA_014639235,
11656,S27,"DSM 23020, CGMCC 1.10238, CIP 110614",1,Paenibacillus sophorae,1333845.3,facultative anaerobe
,,,,,1333845.6,
,,,,,2579778832,
,,,,,2617270876,
,,,,,682957.3,
,,,,,GCA_018966525,
,,,,,GCA_900110315,
11556,IS1,"DSM 14472, CCUG 45566, CIP 108130, KCTC 3931, KCTC 3994",1,Paenibacillus stellifer,169760.4,facultative anaerobe
,,,,,2639763138,
,,,,,GCA_000758685,
11626,V10537,"DSM 19942, BCRC 17757, CIP 110615",1,Paenibacillus taichungensis,484184.9,facultative anaerobe
,,,,,GCA_013359905,
134006,THMBG22,"CGMCC 1.10966, NBRC 108766",1,Paenibacillus taihuensis,1156355.6,facultative anaerobe
,,,,,2667527449,
,,,,,GCA_003386535,
11604,G-soil-2-3,"DSM 18679, IAM 15414, LMG 23799, BCRC 17411, JCM 23198, CIP 109674, KCTC 13628",1,Paenibacillus taiwanensis,1122926.3,facultative anaerobe
,,,,,2524614883,
,,,,,GCA_000425125,
11622,A35,"DSM 21567, CCTCC AB 206026, IAM 15291, JCM 21741, CIP 109482",1,Paenibacillus terrigena,1122927.3,facultative anaerobe
,,,,,2517572151,
,,,,,GCA_000374845,
11502,1393,"DSM 7262, JCM 8360, NRRL B-4156, CCUG 28880, NCTC 12999, LMG 17412, CIP 104430, AHU 1393, AHU 1392, IFO 15656, KCTC 3764, LMG 17404, NBRC 15656, NCIMB 13158, NRRL: B-4156",1,Paenibacillus thiaminolyticus,1349794.4,facultative anaerobe
,,,,,GCA_002161855,
,,,,,GCA_004001005,
,,,,,GCA_007066085,
11580,2301032,"DSM 16943, CCUG 48216, CIP 108005, KCTC 3995",1,Paenibacillus timonensis,GCA_022427145,facultative anaerobe
11554,,"DSM 14349, NCCB 100011, MOL 722, CIP 107817",1,Paenibacillus turicensis,160487.3,facultative anaerobe
,,,,,2913360750,
,,,,,GCA_017873435,
23180,xj7,"DSM 25190, CGMCC 1.11012, CIP 110618",1,Paenibacillus typhae,1174501.3,facultative anaerobe
,,,,,2667527451,
,,,,,GCA_900099765,
11654,N3/975,"DSM 21861, LMG 24790, CIP 110295",1,Paenibacillus uliginis,2529292568,facultative anaerobe
,,,,,GCA_900177425,
11630,5402403,"DSM 22281, CCUG 53521, CIP 109357, CCUG 53521T",1,Paenibacillus urinalis,2901084651,facultative anaerobe
,,,,,521520.3,
11601,"R-16776, B2517","DSM 18334, CIP 108306, LMG 22176, KCTC 3997",1,Paenibacillus wynnii,2617271335,facultative anaerobe
,,,,,268407.5,
,,,,,GCA_000757885,
830,,"DSM 520, ATCC 27380, CCUG 10978, NRRL NRS-1629",1,Paenibacillus xerothermodurans,1977292.4,facultative anaerobe
,,,,,2791355494,
,,,,,GCA_002220865,
11586,XIL14,"DSM 17255, CECT 5839, LMG 21957, CIP 109086",1,Paenibacillus xylanilyticus,248903.5,facultative anaerobe
,,,,,GCA_013359935,
159377,A59,"DSM 107920, NCIMB 15123",1,Paenibacillus xylanivorans,2645727971,facultative anaerobe
,,,,,GCA_001280595,
11998,N-05,"DSM 21991, JCM 14646, CGMCC 1.6503",1,Paenisporosarcina antarctica,2852116859,facultative anaerobe
,,,,,417367.3,
,,,,,GCA_004367585,
130825,KBP-21,"DSM 29672, BCRC 80514, KCTC 32182, LMG 27230",1,Paludibacterium paludis,1225769.3,facultative anaerobe
,,,,,1225769.5,
,,,,,GCA_014652495,
,,,,,GCA_018802605,
140824,KJ031,"KCTC 42852, CECT 8976",1,Paludibacterium purpuratum,1144873.3,facultative anaerobe
,,,,,2770939604,
,,,,,GCA_004363805,
10525,5YN8-15,"DSM 18731, KACC 11601",1,Paludibacterium yongneupense,1122928.3,facultative anaerobe
,,,,,2524023162,
,,,,,GCA_000422925,
159698,Q4.6,"CGMCC 1.15703, KCTC 52466",1,Pannonibacter carbonis,2833391513,facultative anaerobe
,,,,,GCA_003012935,
13692,C6/19,"DSM 14782, NCAIM B02025, CCUG 54624, CIP 107962",1,Pannonibacter phragmitetus,1122929.3,facultative anaerobe
,,,,,2521172637,
,,,,,GCA_000382365,
5017,BD390,"DSM 25133, LMG 24248",1,Pantoea allii,2814123165,facultative anaerobe
,,,,,574096.3,
,,,,,574096.6,
,,,,,GCA_002095545,
,,,,,GCA_002307475,
4997,EB9,"DSM 17873, ATCC 33244, JCM 6986, LMG 2665, NCPPB 1846, CIP 105207, ICMP 1850, CFBP 3612, ENA 318",1,Pantoea ananatis,1378093.3,facultative anaerobe
,,,,,1378093.4,
,,,,,2576861011,
,,,,,2585427963,
,,,,,GCA_000661975,
,,,,,GCA_000710035,
5000,"YJ2, 81782, XU 102","DSM 30080, ATCC 19321, NCPPB 800, CIP 105208, ICMP 351, CFBP 3621",0,Pantoea ananatis,2563366679,facultative anaerobe
5008,BD 871,"DSM 23080, LMG 2558, NCPPB 1682",1,Pantoea anthophila,470931.11,facultative anaerobe
,,,,,GCA_006494375,
5002,4778,"DSM 3873, ATCC 29267, LMG 2655, LMG 2657, PDDCC 1591-66, CIP 105195, NCPPB 3004, CFPB 3613, PDDCC 1591, ICPB EC 155",1,Pantoea cypripedii,2791355165,facultative anaerobe
,,,,,55209.3,
,,,,,GCA_002095535,
5009,"BD 767, R-31523","DSM 23079, BCC 109, LMG 24200",1,Pantoea deleyi,2791355166,facultative anaerobe
,,,,,470932.3,
,,,,,470932.7,
,,,,,GCA_002095375,
,,,,,GCA_006494415,
,,,,,GCA_022647325,
5010,"BD 769, R-25678","DSM 23077, BCC 076, LMG 24197",1,Pantoea eucalypti,470933.1,facultative anaerobe
,,,,,470933.11,
,,,,,GCA_006494355,
,,,,,GCA_009646115,
23003,BD 943,"DSM 26611, LMG 26273, BCC 571",1,Pantoea rodasii,1076549.4,facultative anaerobe
,,,,,1076549.5,
,,,,,2802429580,
,,,,,2871765707,
,,,,,GCA_002095465,
,,,,,GCA_002811195,
5011,"BD 765, R-21566","DSM 23078, BCC 105, LMG 24199",1,Pantoea vagans,2844050306,facultative anaerobe
,,,,,470934.52,
,,,,,GCA_004792415,
23005,BD 946,"DSM 26586, BCC 682, LMG 26277",1,Pantoea wallisii,1076551.3,facultative anaerobe
,,,,,GCA_002095485,
133179,CF1,"LMG 28690, CGMCC 1.15103",1,Paraburkholderia caffeinilytica,1761016.7,facultative anaerobe
,,,,,1761016.8,
,,,,,2843952068,
,,,,,GCA_003368325,
,,,,,GCA_014640695,
,,,,,GCA_902859905,
1943,KP23,"DSM 13646, ATCC 700977, CCUG 43663, CIP 106643, JCM 10599, LMG 19447, CCM 7121, CGMCC 1.10442",1,Paraburkholderia kururiensis,1236956.13,facultative anaerobe
,,,,,1236956.7,
,,,,,2579778690,
,,,,,984307.21,
,,,,,GCA_000616025,
,,,,,GCA_003986935,
,,,,,GCA_902833705,
1959,R-10964,"DSM 17165, CCT 6771, CCUG 46043, LMG 19450, IPT 101, CIP 107211",1,Paraburkholderia sacchari,159450.111,facultative anaerobe
,,,,,159450.34,
,,,,,1608357.5,
,,,,,2627854119,
,,,,,GCA_000785435,
,,,,,GCA_902833715,
140306,IMT-305,"DSM 100048, CCM 8599, CIP 110902, LMG 28740",1,Paracandidimonas soli,1917182.4,facultative anaerobe
,,,,,2802428855,
,,,,,GCA_004342005,
166175,N24,"KCTC 62083, MCCC 1H00301",1,Paracnuella aquatica,2845927660,facultative anaerobe
,,,,,GCA_003332885,
140969,"11410, 011410","CFCC 14285, KCTC 42845",1,Paracoccus aerius,1915382.3,facultative anaerobe
,,,,,2803913.3,
,,,,,GCA_014656455,
,,,,,GCA_016757275,
13715,L1,"DSM 6637, CIP 105051",1,Paracoccus solventivorans,2695420926,facultative anaerobe
,,,,,53463.8,
,,,,,GCA_900142875,
141106,AFRC7-2-1,"MCCC 1A11748, KCTC 52632, NBRC 112785",1,Paraferrimonas haliotis,2831996763,facultative anaerobe
,,,,,GCA_002282895,
134209,Mok-106,"NBRC 101628, CIP 109284",1,Paraferrimonas sedimenticola,2831818083,facultative anaerobe
,,,,,375674.3,
,,,,,GCA_002282855,
1430,"KP 1006, R-35637, NRS-81","DSM 2542, ATCC 43742, NCIB 11955, CCUG 28887, NRRL B-14233, CIP 106930, NRRL B-14516, NCIMB 11955",1,Parageobacillus thermoglucosidasius,1426.1,facultative anaerobe
,,,,,1426.99,
,,,,,2627853848,
,,,,,2687453436,
,,,,,GCA_000966225,
,,,,,GCA_001295365,
1449,"R-35642, SK-1","DSM 14590, KCTC 0306BP, LMG 23037, CIP 108270",1,Parageobacillus toebii,1223503.6,facultative anaerobe
,,,,,1223503.9,
,,,,,2773858069,
,,,,,2829804122,
,,,,,GCA_003688615,
,,,,,GCA_014196095,
6582,,"DSM 13344, ATCC BAA-66, CCUG 43347, CIP 106482, LMG 17710, JCM 19618, NCIMB 13672",1,Paralactobacillus selangorensis,2663763515,facultative anaerobe
,,,,,81857.4,
,,,,,GCA_001436805,
,,,,,GCA_001437205,
1384,O15-7,"DSM 15140, JCM 21472, CIP 108014, IAM 15001, NBRC 100001, NRIC 0520, NBRC 10001",1,Paraliobacillus ryukyuensis,200904.4,facultative anaerobe
,,,,,2770939501,
,,,,,GCA_003315295,
140458,126C4,"KCTC 33762, MCCC 1H00136",1,Paraliobacillus sediminis,2832623984,facultative anaerobe
,,,,,GCA_003426055,
158503,X-1125,"DSM 107811, CGMCC 1.16464",1,Paraliobacillus zengyii,2832932770,facultative anaerobe
,,,,,GCA_003268595,
2386,CTT-37,"DSM 21750, NBRC 104352",1,Paraoerskovia marina,1122933.3,facultative anaerobe
,,,,,2561511089,
,,,,,GCA_000701465,
166116,FJ4-8,"KCTC 62640, CCTCC AB 2018052",1,Pararcticibacter amylolyticus,GCA_003130405,facultative anaerobe
166450,AM505,"KCTC 62407, MCCC 1H00289",1,Pararhodobacter oceanensis,2834139714,facultative anaerobe
,,,,,GCA_003076755,
161846,,"JCM 16653, KCCM 43304, MEBiC 05444",1,Parashewanella tropica,2547970.3,facultative anaerobe
,,,,,GCA_004358445,
11734,"68, A10, D1187, CNP 907","DSM 17480, ATCC 49633, CCUG 27189, CIP 103902, NCTC 10699, LPHL 5143/70",1,Pasteurella mairii,2873991878,facultative anaerobe
,,,,,757.3,
,,,,,GCA_900454475,
11729,W-9217,"DSM 16031, ATCC 43137, NCTC 10322, CIP 103286, CCUG 17976, LMG 2851",1,Pasteurella multocida subsp. multocida,2597490141,facultative anaerobe
,,,,,2858524007,
,,,,,747.1398,
,,,,,747.51,
,,,,,747.738,
,,,,,GCA_000754275,
,,,,,GCA_900187275,
11738,Souchard,"DSM 23071, ATCC 51687, CCM 4731, CCUG 17977, CIP A125, NCTC 11995",1,Pasteurella multocida subsp. septica,115545.23,facultative anaerobe
,,,,,2869029176,
,,,,,GCA_900454845,
24132,LOOC260,"DSM 26202, CIP 110792, JCM 18461, KCTC 21044",1,Paucilactobacillus hokkaidonensis,1193095.8,facultative anaerobe
,,,,,1291742.4,
,,,,,1291742.5,
,,,,,1291742.6,
,,,,,2651869714,
,,,,,2660237970,
,,,,,2728369688,
,,,,,GCA_000829395,
,,,,,GCA_001311505,
,,,,,GCA_001437505,
132356,WDC04,"DSM 29958, LMG 28678",1,Paucilactobacillus wasatchensis,2627854259,facultative anaerobe
,,,,,GCA_000876205,
5018,"G/39, G39","DSM 18077, ATCC 33260, CFBP 1526, CIP 105192, NCPPB 549, LMG 2386, ICPB EA 155",1,Pectobacterium atrosepticum,2740892408,facultative anaerobe
,,,,,29471.26,
,,,,,29471.84,
,,,,,GCA_000749905,
,,,,,GCA_019056595,
5026,UCPB 193,"DSM 18076, CFBP 2122, NCPPB 2795, CIP 105193, LMG 2464, ICMP 4226, CFPB 2122",1,Pectobacterium betavasculorum,2740892410,facultative anaerobe
,,,,,55207.5,
,,,,,GCA_000749845,
5022,"BS 1008, 904, type 32011","DSM 30168, ATCC 15713, CCM 1008, NCPPB 312, CCUG 4907, ICMP 5702, CIP 82.83, LMG 2404",1,Pectobacterium carotovorum,1267545.3,facultative anaerobe
,,,,,2630968984,
,,,,,2695420962,
,,,,,2740892407,
,,,,,554.14,
,,,,,GCA_000749855,
,,,,,GCA_001039055,
,,,,,GCA_900129615,
5025,"SR91, SR 91","DSM 18074, ATCC 43316, CIP 105194, CFBP 3304, ICMP 9121, LMG 8404, NCPPB 3701, PDDCC 9121",1,Pectobacterium wasabiae,1175631.4,facultative anaerobe
,,,,,1175631.8,
,,,,,2537561728,
,,,,,GCA_000291725,
,,,,,GCA_001742185,
6380,P-60,"DSM 20238, ATCC 8042, CCM 2425, NCDO 521, NCIMB 6990, NCIMB 7881, NCIMB 8018, NCIMB 8031, JCM 20119, ATU L-12, IAM 1233, IFO 3076, NBRC 3076, NCTC 6990, NISL 7202, CIP 54.167",0,Pediococcus acidilactici,1254.101,facultative anaerobe
,,,,,1254.155,
,,,,,1254.395,
,,,,,2847224930,
,,,,,GCA_004355265,
6396,Z-8,"DSM 17757, AS 1.3787, LMG 22956, JCM 14152, CGMCC 1.3787, KCTC 13055, NBRC 106103, CIP 108990",1,Pediococcus cellicola,2657245420,facultative anaerobe
,,,,,319652.3,
,,,,,319652.4,
,,,,,GCA_001438655,
,,,,,GCA_007989045,
6395,"P06, PO6","DSM 14800, ATCC BAA-344, JCM 18046, KCTC 3811, BCRC 17600, CECT 7027, LMG 21948, VTT E-032355",1,Pediococcus claussenii,187452.24,facultative anaerobe
,,,,,2660237910,
,,,,,GCA_000237995,
,,,,,GCA_001436905,
6385,236b,"CCUG 38496, DSM 20285, ATCC 49902, NCIMB 12564, JCM 12518, BCRC 12841, CCM 3451, CECT 4784, CGMCC 1.6505, CIP 102406, KCTC 3653, LMG 11409, NCFB 2932, VTT E-96661",1,Pediococcus inopinatus,114090.3,facultative anaerobe
,,,,,114090.5,
,,,,,2660238412,
,,,,,2806310833,
,,,,,GCA_001438725,
,,,,,GCA_002982135,
6387,"S182, S 182","CCUG 28439, CCM 3450, DSM 20332, ATCC 19371, NCDO 1634, NCIB 9447, JCM 20450, BCRC 12575, CECT 813, CGMCC 1.2694, CIP 102262, IAM 12291, IFO 12235, JCM 5889, KCTC 3615, LMG 11486, NBRC 100673, NBRC 12235, NCIMB 9447, VKM B-1604",1,Pediococcus parvulus,2775507230,facultative anaerobe
,,,,,54062.13,
,,,,,54062.14,
,,,,,54062.4,
,,,,,GCA_007990205,
,,,,,GCA_014651215,
6393,,"DSM 20336, ATCC 33316, NCDO 990, WDCM 00158, CCUG 32205, JCM 5890, BCC 4305, BCRC 12843, CECT 4695, CGMCC 1.2695, CIP 102260, KCTC 3507, LMG 11488, NBRC 107768, NCIMB 12012, NCTC 12956, VTT E-88317, CCM 7796, CCRC 12843, NCFB 990",1,Pediococcus pentosaceus,1255.112,facultative anaerobe
,,,,,1255.124,
,,,,,1255.14,
,,,,,1255.195,
,,,,,2660238327,
,,,,,GCA_001437285,
,,,,,GCA_004354495,
,,,,,GCA_007992275,
,,,,,GCA_029823395,
6397,"FAIR-E-180, FAIR-E 180","DSM 18001, CCUG 51290, LMG 23082, CIP 109142, JCM 30772, BCRC 17601, NCIMB 14315, BFE 1652",1,Pediococcus stilesii,2667527983,facultative anaerobe
,,,,,331679.3,
,,,,,GCA_001437075,
134222,,"KCTC 12594, LMG 23400, Gsoil 042",1,Pedobacter panaciterrae,363849.11,facultative anaerobe
,,,,,GCA_013204795,
134247,YM14-201,"MBIC 08272, IAM 15421, KCTC 13124, JCM 23202, NBRC 104203",1,Pelagicoccus albus,415222.3,facultative anaerobe
,,,,,GCA_014230145,
158524,S5,"KCTC 33632, CGMCC 1.15177",1,Pelagirhabdus alkalitolerans,2671180221,facultative anaerobe
,,,,,GCA_900096905,
133247,YS-25,"KCTC 52203, CCTCC AB 2016051",1,Pelobium manganitolerans,2886932500,facultative anaerobe
,,,,,GCA_003609575,
166113,SM250,"KCTC 62861, VKM B-3274",1,Pelomicrobium methylotrophicum,GCA_008014345,facultative anaerobe
24150,M75,"DSM 28407, CCUG 61472, LMG 26217",1,Periweissella fabalis,1070421.3,facultative anaerobe
,,,,,GCA_012396505,
,,,,,GCA_023657345,
6859,"257, KDB-2008","DSM 21416, LMG 24289",1,Periweissella fabaria,546157.5,facultative anaerobe
,,,,,GCA_023657385,
,,,,,GCA_918814575,
6858,215,"DSM 19935, LMG 24286",1,Periweissella ghanensis,467997.5,facultative anaerobe
,,,,,GCA_023657365,
,,,,,GCA_918814755,
132467,ING2-E5A,"DSM 28695, CECT 8611",1,Petrimonas mucosa,2751185676,facultative anaerobe
,,,,,GCA_900095795,
23016,,"DSM 27043, ATCC 12775, CFBP 3281, ICMP 745, LMG 2187, NCPPB 539, CCUG 32859",1,Phaseolibacter flectens,1336237.3,facultative anaerobe
,,,,,2545555808,
,,,,,GCA_000518745,
166483,LX32,"KCTC 62522, CCTCC AB 2018055",1,Phenylobacterium soli,2837455513,facultative anaerobe
,,,,,GCA_003254475,
11748,M1063U/93,"CCUG 47322, DSM 15746, NCTC 12872, CIP 106491",1,Phocoenobacter uteri,146806.3,facultative anaerobe
,,,,,2887118680,
,,,,,GCA_900454895,
17227,68,"DSM 19184, ATCC 25915, CCUG 16300, CIP 75.10, LMG 8455, NCIMB 1895, KCTC 12322",1,Photobacterium angustum,2772190766,facultative anaerobe
,,,,,2871188807,
,,,,,661.37,
,,,,,661.5,
,,,,,GCA_000950005,
,,,,,GCA_003026365,
17223,,"DSM 7482, ATCC 33539, CCUG 13626, KCTC 12323, LMG 7892, CDC 2588-80, CIP 102761, NCIMB 2184",1,Photobacterium damselae,2773857966,facultative anaerobe
,,,,,2858417275,
,,,,,38293.28,
,,,,,85581.9,
,,,,,GCA_003026815,
17232,SL13,"DSM 21158, JCM 12947, KCTC 12384, CIP 108964",1,Photobacterium frigidiphilum,264736.4,facultative anaerobe
,,,,,2873889650,
,,,,,GCA_003025615,
17233,FR1311,"DSM 22954, IMSNU 60287, JCM 12487, KCTC 12328, CIP 109254, DSM 22358, NCIMB 14495",1,Photobacterium ganghwense,2713896764,facultative anaerobe
,,,,,2868869919,
,,,,,320778.3,
,,,,,320778.6,
,,,,,GCA_001029455,
,,,,,GCA_003025595,
17226,MACL 01,"DSM 18316, CECT 5860, LMG 22194",1,Photobacterium halotolerans,1122959.4,facultative anaerobe
,,,,,2524614658,
,,,,,GCA_000425165,
17224,PS1,"DSM 9896, ATCC 51760, CIP 104755, KCTC 12376",1,Photobacterium iliopiscarium,2751185812,facultative anaerobe
,,,,,2868861791,
,,,,,56192.15,
,,,,,56192.4,
,,,,,GCA_000950265,
,,,,,GCA_003026395,
130749,R-2567,"DSM 100339, CAIM 1817, LMG 25436, UFRJ R-789",1,Photobacterium jeanii,2900308143,facultative anaerobe
,,,,,858640.7,
,,,,,GCA_003025495,
17220,I,"DSM 2167, CCM 2348, LMG 23895, NCMB 844, CIP 104260, NCIMB 844",0,Photobacterium kishitanii,2905565123,facultative anaerobe
,,,,,318456.9,
,,,,,GCA_001676215,
17228,L1,"CIP 665, DSM 21260, ATCC 25521, CAIM 327, CCUG 16229, CIP 66.5, LMG 4228, NCIMB 2193, WDCM 00113, CECT 4191",1,Photobacterium leiognathi,2814123196,facultative anaerobe
,,,,,2878592099,
,,,,,553611.3,
,,,,,553611.9,
,,,,,GCA_000950415,
,,,,,GCA_003026235,
17221,,"DSM 15556, ATCC 11040, NCIMB 1282, JCM 21184, BCRC 13804, CECT 4192, CIP 102511, HAMBI 1726, IAM 14401, KCTC 12377, LMG 4233, NBRC 103031, CIP 75.9",1,Photobacterium phosphoreum,2772190759,facultative anaerobe
,,,,,2900322015,
,,,,,659.11,
,,,,,659.23,
,,,,,659.4,
,,,,,GCA_000949955,
,,,,,GCA_002954725,
,,,,,GCA_003026275,
140479,"43082, 13-12","KCTC 42764, CGMCC 1.14970",1,Photobacterium proteolyticum,2882267562,facultative anaerobe
,,,,,GCA_001939735,
17239,Mj283,"DSM 24669, CECT 7576, CAIM 1393",1,Photobacterium swingsii,2648501459,facultative anaerobe
,,,,,2858407585,
,,,,,680026.4,
,,,,,680026.8,
,,,,,GCA_001077885,
,,,,,GCA_003026435,
,,,,,GCA_024346715,
158680,H01100410B,"CECT 9189, LMG 29991",1,Photobacterium toruni,1935446.4,facultative anaerobe
,,,,,2871215625,
,,,,,GCA_024529955,
,,,,,GCA_900166975,
5035,"FRG04, HG4","DSM 15138, CCM 7075, CIP 105564",1,Photorhabdus akhurstii,171438.3,facultative anaerobe
,,,,,GCA_018448925,
5038,"3265-86, 3265/86","DSM 15149, ATCC 43950, CCM 7074, CIP 106331",1,Photorhabdus asymbiotica subsp. asymbiotica,2784746756,facultative anaerobe
,,,,,291112.8,
,,,,,GCA_003634575,
5045,9802892,"DSM 17609, CCM 7293, CIP 108025, ACM 5210",1,Photorhabdus australis,1122960.3,facultative anaerobe
,,,,,2565956522,
,,,,,GCA_000711895,
5050,C8404,"DSM 22397, CIP 109946, CN 8404",1,Photorhabdus hainanensis,1004166.3,facultative anaerobe
,,,,,GCA_018448965,
5051,"C1, NC-19, NC19","DSM 3369, ATCC 29304, CIP 109947",1,Photorhabdus khanii,2518285522,facultative anaerobe
,,,,,GCA_000517265,
5036,"TT01, HT1","DSM 15139, CCM 7076, CIP 105565",1,Photorhabdus laumondii,141679.8,facultative anaerobe
,,,,,GCA_003343245,
5032,Hb,"DSM 3368, ATCC 29999, CCM 7077, CIP 106429, NCIMB 12670",1,Photorhabdus luminescens,171439.3,facultative anaerobe
,,,,,2597490348,
,,,,,2648501375,
,,,,,29488.49,
,,,,,GCA_001083805,
,,,,,GCA_900102985,
5052,T327,"DSM 22387, CIP 109948, ATU 327",1,Photorhabdus tasmaniensis,2784132062,facultative anaerobe
,,,,,2897700691,
,,,,,574560.14,
,,,,,GCA_011189505,
158583,,"CNCTC 5729, ATCC 27989",1,Phytobacter ursingii,1972431.3,facultative anaerobe
,,,,,GCA_901456055,
361,,"DSM 19789, CCTCC AA 207034, KCTC 22165, JSM 061001",1,Pigmentiphaga litoralis,516702.5,facultative anaerobe
,,,,,GCA_014651835,
11959,,"DSM 14505, MTCC 3854, CMS 26or, CIP 107767",1,Planococcus antarcticus,1185653.1,facultative anaerobe
,,,,,1185653.11,
,,,,,1185653.3,
,,,,,1185653.6,
,,,,,2534682145,
,,,,,2700988610,
,,,,,GCA_000264415,
,,,,,GCA_001687565,
11971,JG-07,"DSM 15895, CIP 107134, JCM 10704, KCTC 3684, CGMCC 1.3646, KCTC 3684.",1,Planococcus koreensis,112331.4,facultative anaerobe
,,,,,2861582252,
,,,,,GCA_014202615,
5055,"M51, Bader M51","DSM 8224, ATCC 14029, NCIB 9242, RH 798, CCUG 410, NCTC 10360, NCIMB 9242, CDC 3085-55, CIP 63.5, LMG 4242",1,Plesiomonas shigelloides,2773857999,facultative anaerobe
,,,,,703.8,
,,,,,GCA_900087055,
4367,16-74,"DSM 9245, ATCC 33028, CDC 604-77, CIP 76.01, JCM 1234, LMG 5739, NCTC 11434, CCUG 14557, CECT 857, CIP 76.1, HUT 8110, NBRC 105706, NCIMB 13304",1,Pluralibacter gergoviae,1354260.8,facultative anaerobe
,,,,,2681812978,
,,,,,61647.66,
,,,,,GCA_001598855,
,,,,,GCA_900454925,
2079,MWH-PoolGreenA3,"DSM 21994, CIP 110079",1,Polynucleobacter acidiphobus,2808606701,facultative anaerobe
,,,,,GCA_003065385,
2068,QLW-P1DMWA-1,"DSM 18221, CIP 109841",1,Polynucleobacter asymbioticus,2639762516,facultative anaerobe
,,,,,GCA_000016345,
2081,AM-8B5,"DSM 22349, CIP 110078",1,Polynucleobacter difficilis,2808606694,facultative anaerobe
,,,,,GCA_003065365,
2080,MT-CBb6A5,"DSM 21648, CIP 109928",1,Polynucleobacter rarus,2645728114,facultative anaerobe
,,,,,556055.3,
,,,,,GCA_003072505,
2072,MWH-VicM1,"DSM 21486, JCM 32005",1,Polynucleobacter victoriensis,2710264786,facultative anaerobe
,,,,,GCA_900187875,
2070,MWH-JaK3,"DSM 21493, CIP 110976",1,Polynucleobacter yangtzensis,2608642177,facultative anaerobe
,,,,,GCA_001595965,
13856,GRP21,"DSM 21219, KCTC 22497",1,Pontibaca methylaminivorans,2681812934,facultative anaerobe
,,,,,515897.3,
,,,,,GCA_900156525,
133153,9DM,"KCTC 33742, LMG 29102, CGMCC 1.15353",1,Pontibacillus salipaludis,1697394.3,facultative anaerobe
,,,,,GCA_014642405,
164262,,"JCM 32460, LMG 30312, EAG 3",1,Pradoshia eiseniae,GCA_002946355,facultative anaerobe
13317,,"DSM 44590, CCTCC AA 001016, YIM 90005, JCM 13022, BCRC 16313, CIP 107981, KCTC 19002, CCRC 16313",1,Prauserella alba,2596583529,facultative anaerobe
,,,,,GCA_024171735,
134197,F2,"ATCC BAA-1284, JCM 13498",1,Prolixibacter bellariivorans,1236540.3,facultative anaerobe
,,,,,2585427911,
,,,,,2890297093,
,,,,,314319.6,
,,,,,GCA_000614865,
,,,,,GCA_000621705,
,,,,,GCA_009617915,
12658,TA-12,"DSM 16859, CIP 105414, IAM 14535, NRIC 0247, CCUG 48885, ATCC 700429, JCM 21245, NBRC 103082, NCIMB 13575",1,Propionibacterium cyclohexanicum,2675903216,facultative anaerobe
,,,,,64702.3,
,,,,,GCA_900111365,
12642,"53-W (Hitchner No. 33), 33","CCUG 7433, DSM 20271, ATCC 6207, CCM 1857, NCDO 564, NCIB 5959, NCTC 10470, CIP 103026, NCIMB 5959, CIP 55.101, CIP 59.23",1,Propionibacterium freudenreichii,2627853667,facultative anaerobe
,,,,,GCA_000940845,
141046,TEYR-7,"CCTCC AB 2015257, KCTC 33808",1,Propioniciclava sinopodophylli,1837344.3,facultative anaerobe
,,,,,2867481428,
,,,,,GCA_004324755,
12662,L60,"DSM 8251, ATCC 49929, CIP 110011, NCTC 11082, CCUG 33480, LMG 16732, JCM 13395",1,Propioniferax innocua,1753.3,facultative anaerobe
,,,,,2814123534,
,,,,,GCA_006716235,
140143,M3/6,"DSM 28694, CECT 8610, LMG 28299",1,Proteiniphilum saccharofermentans,2757320909,facultative anaerobe
,,,,,GCA_900095135,
158717,08MAS0041,"CGMCC 1.15939, DSM 104685",1,Proteus alimentorum,2873863875,facultative anaerobe
,,,,,GCA_002607735,
160787,FJ2001126-3,"DSM 106178, GDMCC 1.1244",1,Proteus cibi,2905384093,facultative anaerobe
,,,,,GCA_003144405,
160788,TJ1636,"DSM 106180, GDMCC 1.1245",1,Proteus faecis,2885181175,facultative anaerobe
,,,,,GCA_003144395,
5072,1732-80,"DSM 14437, ATCC 700826, CDC 1732-80, CCUG 35386, CIP 106868, CCM 7012",1,Proteus hauseri,1354271.4,facultative anaerobe
,,,,,2802429661,
,,,,,GCA_001654965,
5073,,"DSM 30118, ATCC 13315, IFO 3851, NBRC 3851, NCIB 4175, NCTC 4175, JCM 1668, BCRC 11039, CCUG 35383, CCUG 6327, CIP 58.60, IAM 12317, IAM 12542, JCM 20622, NBRC 105696, NCIMB 4175, OUT 8144, LMG 2096, CCM 7011, CDC 1086-80",0,Proteus hauseri,183417.3,facultative anaerobe
,,,,,585.2,
,,,,,GCA_003144475,
5058,PR 14,"DSM 4479, ATCC 29906, CIP 103181, NCTC 11938, WDCM 00023, CDC PR 14, JCM 1669, CCUG 26767, CECT 4168, KCTC 2566, LMG 3257, NBRC 105697, CCM 7188",1,Proteus mirabilis,525369.4,facultative anaerobe
,,,,,584.639,
,,,,,643886024,
,,,,,GCA_000160755,
,,,,,GCA_900455245,
132975,JS9,"DSM 100173, JCM 30699, KACC 18404",1,Proteus terrae subsp. cibarius,2905324704,facultative anaerobe
,,,,,626774.3,
,,,,,GCA_003144495,
137640,,"CIP 103558, ATCC 49132",0,Proteus vulgaris,585.9,facultative anaerobe
,,,,,GCA_000754995,
148403,"87B, 8390-93","CCUG 35381, ATCC 51471, CIP 106871",0,Proteus vulgaris,1311821.3,facultative anaerobe
,,,,,2885172688,
,,,,,GCA_003144505,
148404,"8385-93, 111B","CCUG 35384, ATCC 51469, CIP 106869",0,Proteus vulgaris,1311819.3,facultative anaerobe
,,,,,2885184831,
,,,,,GCA_003144375,
148405,"HSCT 3586 T1, 1404-81","CCUG 35385, ATCC 51470, CIP 106870",0,Proteus vulgaris,1311789.3,facultative anaerobe
,,,,,2921503015,
,,,,,GCA_003144335,
5075,8025-83,"CCUG 16446, NCTC 12003, DSM 3591, ATCC 35613, CIP 103031, MUA 2-110",1,Providencia heimbachae,1354272.4,facultative anaerobe
,,,,,2802429662,
,,,,,333962.4,
,,,,,GCA_001655055,
,,,,,GCA_900475855,
166192,WCHPr000369,"GDMCC 1.1382, KCTC 62577",1,Providencia huaxiensis,GCA_002843235,facultative anaerobe
5078,1163,"DSM 4542, ATCC 29944, CCUG 14804, CECT 865, JCM 1675, BCRC 13994, CDC 1163, CIP 103182, LMG 3259, NCTC 11801",1,Providencia rettgeri,587.336,facultative anaerobe
,,,,,587.9,
,,,,,GCA_900455085,
5082,132-68,"CCUG 15723, DSM 4541, ATCC 33673, CDC 132-68, JCM 3953, BCRC 13997, CIP 103032, NCTC 11802, RIMD 1659001",1,Providencia rustigianii,158850.6,facultative anaerobe
,,,,,500637.6,
,,,,,642979318,
,,,,,GCA_000156395,
,,,,,GCA_900455075,
5084,2896-68,"DSM 4539, ATCC 29914, CCUG 14805, CECT 866, CDC 2896-68, JCM 24298, CIP 104687, LMG 3260, NCTC 11800, LMG 7567",1,Providencia stuartii,588.51,facultative anaerobe
,,,,,GCA_900455155,
5088,OP1,"DSM 17385, CIP 108829, CCUG 55499",1,Providencia vermicola,GCA_020381325,facultative anaerobe
4928,"875-72, 580","CCUG 15715, DSM 4564, ATCC 33821, IAM 14239, JCM 1688, NIH 580, CDC 875-72, BCRC 15953, CGMCC 1.3441, CIP 103177, HAMBI 1694, LMG 7868, NBRC 102420, NCTC 12130",1,Pseudescherichia vulneris,1115515.3,facultative anaerobe
,,,,,2600255014,
,,,,,2806310681,
,,,,,566.6,
,,,,,GCA_000759795,
,,,,,GCA_900450975,
6237,c121,"DSM 21906, CICC 10319, LMG 24046",1,Pseudidiomarina sediminum,1122124.3,facultative anaerobe
,,,,,2524614571,
,,,,,GCA_000423165,
,,,,,GCA_003987265,
140626,,"KCCM 43187, JCM 31286, PAMC 28425",1,Pseudoalteromonas neustonica,GCA_001653135,facultative anaerobe
139570,MB-1,"CIP 103300, ATCC 15057, NCIMB 1142, JCM 20779, IAM 12932, NBRC 103038, NRRL B-3099",1,Pseudoalteromonas piscicida,1117317.3,facultative anaerobe
,,,,,1279016.3,
,,,,,2519899641,
,,,,,2816332321,
,,,,,GCA_000238315,
,,,,,GCA_000382005,
17864,LB 57,"DSM 19756, CCUG 32286, CIP 107915, JCM 16774",1,Pseudoleptotrichia goodfellowii,157692.5,facultative anaerobe
,,,,,2506520045,
,,,,,714315.3,
,,,,,GCA_000516535,
,,,,,GCA_007990505,
130575,SgZ-6,"DSM 100318, CCTCC AB 2012022, KACC 16606",1,Pseudomonas guangdongensis,2667527223,facultative anaerobe
,,,,,GCA_900105885,
166168,GL14,"CGMCC 1.13874, NBRC 113853",1,Stutzerimonas nitrititolerans,GCA_003696285,facultative anaerobe
166315,16W4-4-3,"CGMCC 1.13350, KCTC 72619",1,Pseudomonas saliphila,GCA_008638345,facultative anaerobe
13400,,"DSM 45401, BCC 28481, NBRC 104274, NRRL B-24609, GMKU 095, TISTR 1862, JCM 16707, CIP 110060",1,Pseudonocardia acaciae,1123023.3,facultative anaerobe
,,,,,2558860112,
,,,,,GCA_000620785,
13384,Y-16303,"DSM 44660, AS 4.1536, CCTCC AA 97001, CIP 107367, JCM 11837, CGMCC 4.1536",1,Pseudonocardia alaniniphila,GCA_022524485,facultative anaerobe
130612,AZO-C,"DSM 29588, BCRC 17591, KCTC 22753, LMG 23705",1,Pseudooceanicola marinus,2837368229,facultative anaerobe
,,,,,396013.5,
,,,,,GCA_002786295,
13737,DN34,"DSM 17465, BCRC 17323, JCM 12308, CIP 108640, IAM 15184, NBRC 100825",1,Pseudovibrio denitrificans,1236962.4,facultative anaerobe
,,,,,258256.6,
,,,,,2681812989,
,,,,,2693429873,
,,,,,GCA_001310815,
,,,,,GCA_900116575,
13683,"LA33B, BAA-994","DSM 16456, ATCC BAA-994, CIP 108449",1,Pseudovibrio exalbescens,1122601.7,facultative anaerobe
,,,,,2523533556,
,,,,,GCA_000422785,
134242,,"IAM 15442, NCIMB 14279, KCTC 12861, WSF 2, JCM 23208",1,Pseudovibrio japonicus,366534.3,facultative anaerobe
,,,,,GCA_014651595,
134100,T7-09,"KCTC 12208, IAM 15116, CCUG 55488, CIP 108711, JCM 21576, NBRC 101160, KCTC 52048",1,Pseudoxanthomonas koreensis,266061.3,facultative anaerobe
,,,,,GCA_010093225,
5629,"LA1, LA1T","DSM 15496, ATCC BAA-734, CIP 108448",1,Psychroflexus tropicus,1123035.3,facultative anaerobe
,,,,,2518645613,
,,,,,GCA_000378765,
134357,,"JCM 14784, ATCC BAA-1526, JAMM 0404",1,Psychromonas aquimarina,GCA_000428725,facultative anaerobe
134244,K41G,"JCM 11830, ATCC BAA-638",1,Psychromonas hadalis,GCA_000420245,facultative anaerobe
17650,,"DSM 26450, JCM 14086, KCCM 42343, NBRC 101964, IMCC 1545",1,Puniceicoccus vermicola,2931345547,facultative anaerobe
,,,,,388746.3,
,,,,,GCA_014230055,
166374,SAP-19,"KACC 21744, NBRC 114407",1,Rahnella aceris,2895116614,facultative anaerobe
,,,,,GCA_011684115,
5093,133,"DSM 4594, ATCC 33071, CIP 78.65, CUETM 75.115, NRLL B-24920, CCUG 14185, CIP 78-65, JCM 1683, BCRC 14814, CUETM 77-115, LMG 2794, LMG 7880, NBRC 105701, NCIMB 13365, CUETM 75-115",1,Rahnella aquatilis,2506520038,facultative anaerobe
,,,,,2588253797,
,,,,,2818991314,
,,,,,745277.1,
,,,,,745277.11,
,,,,,745277.12,
,,,,,745277.3,
,,,,,745277.7,
,,,,,745277.9,
,,,,,GCA_000241955,
5095,WS 21410,"DSM 30078, CIP 110143, LMG 2640",1,Rahnella inusitata,1609978.3,facultative anaerobe
,,,,,2840484463,
,,,,,2843294501,
,,,,,58169.4,
,,,,,GCA_003263515,
,,,,,GCA_003602055,
139619,,"CIP 105588, LMG 27711",1,Rahnella variigena,2843303821,facultative anaerobe
,,,,,574964.3,
,,,,,574964.4,
,,,,,GCA_003602185,
,,,,,GCA_003610915,
133021,LZ-22,"DSM 100494, ATCC TSD-18, JCM 30886",1,Raineyella antarctica,2651870304,facultative anaerobe
,,,,,GCA_900092135,
5097,"CRCC 13986, V-236, 4245-72","CCUG 15718, DSM 3069, ATCC 33531, CDC 4245-72, IAM 14202, IFO 14939, JCM 7251, NBRC 14939, BCRC 13986, CECT 843, CIP 100751, NCIMB 11885, NCTC 12998, VTT E-981077, CRBIP28.102",1,Klebsiella planticola,1005996.3,facultative anaerobe
,,,,,2588253798,
,,,,,575.52,
,,,,,GCA_000735435,
,,,,,GCA_900706865,
5096,78-120,"DSM 2688, ATCC 33558, CIP 81.36, CCUG 15719, CUETM 78-120",0,Klebsiella planticola,2788499846,facultative anaerobe
,,,,,575.48,
,,,,,GCA_004345285,
5099,"84, L84","DSM 2687, ATCC 33257, CIP 80.07, CCUG 12372 Bb, CIP 80-07, JCM 1687, CUETM 77.176, BCRC 14805, CCUG 12372, CECT 4519, CIP 80.7, CUETM 77-176, IFO 14941, LMG 3222, NBRC 14941, NCTC 13038, NCIMB 12053",1,Klebsiella terrigena,577.12,facultative anaerobe
,,,,,577.22,
,,,,,GCA_006539725,
,,,,,GCA_900706855,
7482,CE4,"DSM 7485, ICMP 2574, NCPPB 2980, VKM Ac-1601, JCM 9307, CECT 4210, CFBP 2406, CIP 104036, LMG 7288",1,Rathayibacter rathayi,1328865.4,facultative anaerobe
,,,,,2814123447,
,,,,,2840627797,
,,,,,33887.27,
,,,,,33887.29,
,,,,,GCA_004011095,
,,,,,GCA_007828845,
,,,,,GCA_009806975,
,,,,,GCA_900215645,
11293,"R 59, R59","DSM 15388, CECT 7363, CIP 108810, KMM 3655",1,Reinekea marinisedimentorum,230495.4,facultative anaerobe
,,,,,2675903220,
,,,,,GCA_004341165,
132978,Po 20/26,"DSM 100211, LMG 28788",1,Mycoplana azooxidifex,1636188.3,facultative anaerobe
,,,,,2829954201,
,,,,,GCA_014196765,
23224,JC 85,"DSM 24765, KCTC 23614",1,Rhizobium subbaraonis,2738541330,facultative anaerobe
17525,2APBS1,"DSM 23569, JCM 17641",1,Rhodanobacter denitrificans,2506520041,facultative anaerobe
,,,,,GCA_000230695,
134339,JA276,"JCM 14794, ATCC BAA-1549, CCUG 55129",1,Rhodobacter maris,2739368070,facultative anaerobe
,,,,,GCA_900217815,
134337,JA234,"JCM 14779, CCUG 55049",1,Cereibacter ovatus,GCA_900207575,facultative anaerobe
13872,JA173,"DSM 17935, ATCC BAA-1215, JCM 13532, ATCC BAA-1275, CIP 109649",1,Rhodobium gokarnense,2929249989,facultative anaerobe
,,,,,GCA_025961475,
133122,JZ3C29,"MCCC 1H00131, KCTC 52046, JCM 31413",1,Rhodohalobacter halophilus,2751185588,facultative anaerobe
,,,,,GCA_001715195,
133915,JA643,"KCTC 15219, NBRC 109057",1,Rhodomicrobium udaipurense,2576861659,facultative anaerobe
,,,,,858455.3,
,,,,,GCA_000636015,
,,,,,GCA_016461795,
6191,JA266,"DSM 19946, JCM 14934, KCTC 5627",1,Rhodoplanes serenus,2893020018,facultative anaerobe
,,,,,444923.3,
,,,,,GCA_003258855,
166225,E84,"KCTC 52697, MCCC 1H00231",1,Rhodosalinus halophilus,GCA_003298775,facultative anaerobe
141161,WDN1C137,"KCTC 52478, MCCC 1H00170, DSM 108746",1,Rhodosalinus sediminis,2831947122,facultative anaerobe
,,,,,GCA_003385555,
13748,JA125,"DSM 18064, CIP 109541, JCM 13589",1,Rhodovulum imhoffii,2734482186,facultative anaerobe
,,,,,365340.4,
,,,,,365340.5,
,,,,,GCA_003046545,
,,,,,GCA_016653305,
13750,JA297,"DSM 19783, ATCC BAA-1544, CCUG 55397, JCM 14888",1,Rhodovulum kholense,2734482290,facultative anaerobe
,,,,,453584.3,
,,,,,GCA_003053725,
133763,A-36s,"VKM B-2491, ATCC BAA-1573",1,Rhodovulum tesquicola,GCA_024128855,facultative anaerobe
11739,P 421,"DSM 21403, ATCC 35149, CCUG 12398, CIP 66.16, JCM 14074, LMG 4224, NCTC 8141, MCCM 00234, BCRC 11902",1,Rodentibacter pneumotropicus,1122936.3,facultative anaerobe
,,,,,2515154191,
,,,,,2585428040,
,,,,,758.7,
,,,,,GCA_000379905,
,,,,,GCA_000730685,
13837,5OM6,"DSM 18320, CECT 5095, CIP 108402, CCUG 49435, DSM 18380",1,Roseibium album,2675903641,facultative anaerobe
,,,,,311410.12,
,,,,,GCA_001404515,
13761,,"DSM 21977, ACCC 10710, KCTC 23444, YIM D21, YIM D21(T)",1,Roseivivax sediminis,936889.3,facultative anaerobe
,,,,,GCA_900112685,
23998,8N4,"DSM 24150, LMG 26121",1,Rosenbergiella nectarea,2651870171,facultative anaerobe
,,,,,GCA_900111105,
166221,GCL-8,"MCCC 1A11651, KCTC 52430",1,Roseovarius amoyensis,GCA_003260265,facultative anaerobe
135550,,"CIP 109942, CECT 7450",1,Roseovarius albus,1247867.4,facultative anaerobe
,,,,,2791355034,
,,,,,GCA_900172335,
7637,PM 129,"DSM 20032, ATCC 27570, CCM 2690, CCUG 33026, JCM 7237, CIP 81.69, GIFU 9131, IAM 13590, IFO 15354, LMG 14215, NBRC 15354, NCIMB 14427, NCTC 11038, NRRL B-14835, VKM Ac-2190, VKM B-1811",1,Rothia kristinae,1349768.3,facultative anaerobe
,,,,,2731957608,
,,,,,37923.19,
,,,,,37923.24,
,,,,,37923.27,
,,,,,GCA_001570865,
,,,,,GCA_004136565,
,,,,,GCA_900452535,
7777,5762/67,"DSM 20746, ATCC 25296, CCM 2417, NCTC 10663, CCUG 20962, CIP 71.14, JCM 10910, GIFU 9911, GTC 311, IAM 14815, IFM 10890, IFO 15673, IMSNU 22101, NBRC 15673, NCDO 2360, NCIMB 702360, PCM 2415, CCUG 3707",1,Rothia mucilaginosa,553201.3,facultative anaerobe
,,,,,645058800,
,,,,,GCA_000175615,
7783,L-143,"DSM 22277, BCRC 17588, LMG 23708, CCUG 55855, JCM 15158",1,Rothia terrae,396015.3,facultative anaerobe
,,,,,GCA_012396615,
131542,323,"DSM 100043, CIP 111153",1,Rouxiella badensis,1646377.3,facultative anaerobe
,,,,,2832090241,
,,,,,GCA_002093665,
,,,,,GCA_026967495,
140277,213,"DSM 103735, CIP 111154",1,Rouxiella silvae,2832085192,facultative anaerobe
,,,,,GCA_002093625,
17801,6-Mar,"DSM 18029, CGMCC 4.3142, JCM 13910, PCM 2644, NBRC 106322, CIP 109565",1,Ruania albidiflava,1123065.3,facultative anaerobe
,,,,,2524614511,
,,,,,GCA_000421225,
13774,"C-lvkR2A-2, C-lvk-R2A-2","DSM 16684, CCUG 51817, HAMBI 2421, CIP 109278",1,Rubellimicrobium thermophilum,1123069.3,facultative anaerobe
,,,,,2521172529,
,,,,,GCA_000442315,
159705,SAORIC-165,"NBRC 110691, KCTC 52460",1,Rubritalea profundi,GCA_002954445,facultative anaerobe
14035,P-1,"DSM 5868, ATCC 51242, DSM 46359, IAM 12072, JCM 2153, BCRC 17324, CIP 106991, IFO 14777, IMET 11468, NBRC 14777, NCIMB 12766, VKM Ac-1989",1,Rubrobacter radiotolerans,2505679031,facultative anaerobe
,,,,,643560.4,
,,,,,GCA_900175965,
170898,ATSA2,"KCTC 43072, CCTCC AB 2019223",1,Saccharibacillus brassicae,CP041217,facultative anaerobe
,,,,,GCA_006542275,
140934,WLJ055,"CGMCC 1.15276, KCTC 33693",1,Saccharibacillus deserti,1634444.3,facultative anaerobe
,,,,,2910436485,
,,,,,2910450206,
,,,,,GCA_013185225,
,,,,,GCA_013618475,
11667,GR21,"DSM 19268, LMG 24085",1,Saccharibacillus sacchari,2512875015,facultative anaerobe
,,,,,915437.3,
,,,,,GCA_000585395,
3773,,"DSM 9555, ATCC 19072, IAM 14302, NCIMB 2218, JCM 21142, CECT 7602, CIP 104805, IFO 15936, LMG 1338, NBRC 15936",1,Saccharicrinis fermentans,1236536.3,facultative anaerobe
,,,,,2509601038,
,,,,,2576861787,
,,,,,869213.4,
,,,,,GCA_000517085,
,,,,,GCA_000583675,
140592,JZ3C34,"KCTC 52047, MCCC 1K02288",1,Salibacter halophilus,1803916.3,facultative anaerobe
,,,,,2614160.3,
,,,,,2886991845,
,,,,,GCA_008806325,
1830,SL014B-41A4,"DSM 22962, CGMCC 1.9161",1,Salinarimonas ramus,690164.3,facultative anaerobe
,,,,,GCA_014645695,
1829,,"DSM 21201, CCTCC AA 208038, KCTC 22346, YIM YD3",1,Salinarimonas rosea,1123229.3,facultative anaerobe
,,,,,2522572188,
,,,,,GCA_000429045,
133600,,"KCTC 12719, LMG 25395, KMM 6270, KCTC 23286",1,Salinimicrobium marinum,680283.3,facultative anaerobe
,,,,,GCA_014651535,
158814,ZS-35-S2,"CGMCC 1.12551, JCM 30036",1,Salinirubellus salinus,GCA_025231485,facultative anaerobe
8026,,"DSM 44818, ATCC BAA-916, CIP 108943, JCM 13857, CNB 440, BCRC 16822, NBRC 105044",1,Salinispora tropica,GCA_000016425,facultative anaerobe
17241,,"DSM 11403, ATCC 33508, NCIMB 701, CCUG 20305, JCM 15095, BCRC 12910, CAIM 910, CCM 3575, CECT 4059, CGMCC 1.2322, CIP 103310, LMG 11651, LMG 6460, NCCB 77008",1,Vibrio costicola,1269942.3,facultative anaerobe
,,,,,1269942.6,
,,,,,2551306522,
,,,,,2579778798,
,,,,,GCA_000390145,
,,,,,GCA_000565345,
17242,DV,"DSM 8285, CAIM 735, JCM 15096, CIP 106635, LMG 23654, NCIMB 13669",1,Salinivibrio costicola subsp. vallismortis,GCA_001996225,facultative anaerobe
17245,AF-2004,"DSM 19052, CIP 109598",1,Salinivibrio proteolyticus,2834265729,facultative anaerobe
,,,,,GCA_001996165,
1120,"PN 105, AC 13","DSM 8721, ATCC 700163, CIP 105302",1,Salipaludibacillus agaradhaerens,2890278133,facultative anaerobe
,,,,,76935.4,
,,,,,GCA_002019735,
1293,,"DSM 19794, CCTCC AB 207161, KCTC 13187, JSM 071004",1,Salipaludibacillus neizhouensis,2831550946,facultative anaerobe
,,,,,2890125685,
,,,,,885475.3,
,,,,,885475.4,
,,,,,GCA_002886185,
,,,,,GCA_003615245,
1571,halo-2,"DSM 26530, CGMCC 1.7654, NBRC 104935",1,Salisediminibacterium halotolerans,2684623023,facultative anaerobe
,,,,,2786546144,
,,,,,517425.3,
,,,,,517425.4,
,,,,,517425.5,
,,,,,GCA_003814815,
,,,,,GCA_007988985,
,,,,,GCA_007993825,
134658,,"CIP 55.39, NCTC 8387",0,Salmonella enterica,2654587551,facultative anaerobe
,,,,,54388.72,
139672,,"CIP 104220, ATCC 10708, ETS 34",0,Salmonella enterica,2568526425,facultative anaerobe
,,,,,938142.3,
,,,,,GCA_000487295,
5127,,"DSM 9386, ATCC 13314, CIP 8230, NCTC 8297, CCUG 6322, JCM 1654, BCRC 10742, CIP 82.30, KCTC 12398, LMG 10757",1,Salmonella enterica subsp. arizonae,59203.8,facultative anaerobe
,,,,,GCA_008692845,
,,,,,GCA_016029385,
,,,,,GCA_900456225,
5117,LT2,"DSM 17058, ATCC 43971, CIP 60.62, NCIMB 11450, NCTC 12416, CCUG 42060, JCM 32817, NBRC 13245",1,Salmonella enterica subsp. enterica,28901.13769,facultative anaerobe
,,,,,59201.937,
,,,,,99287.12,
,,,,,GCA_000006945,
,,,,,GCA_001558355,
,,,,,GCA_002289225,
,,,,,GCA_010191885,
,,,,,GCA_010649825,
,,,,,GCA_014334155,
,,,,,GCA_900456445,
5107,Mutton,"DSM 5569, ATCC 13311, CCM 7933, NCTC 74, WDCM 00121, JCM 1652, CIP 58.58, NBRC 105726, CCUG 11732, CECT 443, LMG 10396",0,Salmonella enterica,1236523.3,facultative anaerobe
,,,,,2597490268,
,,,,,2609460093,
,,,,,90371.2767,
,,,,,90371.688,
,,,,,GCA_000614485,
,,,,,GCA_000743055,
5116,1348,"DSM 14846, ATCC 13312, CIP 55.133, CIP 58.57, NCTC 5735, JCM 1651, CECT 915, NBRC 105684, CCUG 49677",0,Salmonella enterica subsp. enterica,119912.46,facultative anaerobe
,,,,,2756170275,
,,,,,28901.13771,
,,,,,28901.4074,
,,,,,GCA_003201315,
,,,,,GCA_900456705,
5118,K-1891,"DSM 17420, ATCC 13076, DSM 9898, WDCM 00030, CDC K-1891, CIP 82.97, CCM 7189, NCTC 12694, LMG 10395, CECT 4300",0,Salmonella enterica,149539.44,facultative anaerobe
,,,,,2744054643,
,,,,,28901.13773,
,,,,,GCA_001643395,
5120,,"DSM 19587, ATCC 14028, CDC 6516-60, CIP 104115, NCTC 12023, WDCM 00031, CCUG 31969, CCM 7205, LMG 14933, NCIMB 13284, CECT 4594",0,Salmonella enterica subsp. enterica,90371.1183,facultative anaerobe
,,,,,90371.2144,
,,,,,90371.303,
,,,,,90371.3058,
,,,,,90371.4838,
,,,,,GCA_001997115,
,,,,,GCA_003864015,
,,,,,GCA_016864495,
,,,,,GCA_024722435,
,,,,,GCA_028596185,
23943,"110 (K 108), CNCT SK 108, GISK 100331, 110","DSM 27656, NCIMB (QC) 50075, NCTC 6022, WDCM 00120, CIP 110280, KOS 108, CECT 4153",0,Salmonella enterica subsp. enterica,28901.4319,facultative anaerobe
,,,,,GCA_900455805,
23945,"GISK 100354, StBL 4519","DSM 27686, CECT 4154, CIP 110069, NCIMB (QC) 50077, NCTC 5742, WDCM 00124, BTCC 41, CNCTC SK 41, KOS 41",0,Salmonella enterica subsp. enterica,48409.13,facultative anaerobe
,,,,,59201.947,
,,,,,GCA_002156325,
,,,,,GCA_900456715,
5123,264-66,"DSM 9221, ATCC 43974, CIP 82.32, NCTC 10401, CCUG 30041, JCM 1655, ATCC 29834, BCRC 15578, KCTC 12399, NCTC 12418",1,Salmonella enterica subsp. houtenae,58100.3,facultative anaerobe
,,,,,59205.13,
,,,,,GCA_008692755,
,,,,,GCA_900478215,
,,,,,GCA_900706745,
5129,1240,"DSM 14848, ATCC 43976, CIP 102501, CCUG 30038, NCTC 12420",1,Salmonella enterica subsp. indica,GCA_014306235,facultative anaerobe
,,,,,GCA_018033035,
,,,,,GCA_025176875,
5124,72,"CCUG 30039, DSM 9220, ATCC 43972, CIP 82.29, NCTC 5773, JCM 1653, ATCC 6959, BCRC 15450, CECT 4000, NCTC 2206",1,Salmonella enterica subsp. salamae,59202.18,facultative anaerobe
,,,,,GCA_003120605,
,,,,,GCA_008692775,
,,,,,GCA_016029065,
,,,,,GCA_900635535,
5126,FRCl,"CCUG 55500, DSM 16208, ATCC BAA-836, CIP 109002, FRC 1",1,Salmonella subterranea,2574180435,facultative anaerobe
5131,M601,"DSM 16730, CFBP 5236, ICMP 13937, CIP 107322",1,Samsonia erythrinae,160434.3,facultative anaerobe
,,,,,2791354868,
,,,,,GCA_004342665,
14042,,"DSM 18966, JCM 14623, KCTC 13143, Kopri 21702",1,Sanguibacter antarcticus,2627853609,facultative anaerobe
,,,,,372484.4,
,,,,,GCA_002564005,
133099,ISLP-3,"DSM 100501, ATCC TSD-17, JCM 30887",1,Sanguibacter gelidistatuariae,2657245272,facultative anaerobe
,,,,,GCA_900096585,
14038,ST-74,"DSM 10542, ATCC 51767, CECT 4540, NCFB 3025, CCUG 36690, JCM 11429, CGMCC 1.3608, CIP 106323, IFO 16158, NBRC 16158, NCIMB 703025",1,Sanguibacter keddieii,446469.6,facultative anaerobe
,,,,,646564565,
,,,,,GCA_000024925,
14039,ST-26,"DSM 10543, NCFB 3023, CCUG 36691, JCM 11430, ATCC 51766, CECT 4539, CGMCC 1.3609, CIP 106322, IFO 16159, NBRC 16159, NCIMB 703023",1,Sanguibacter suarezii,1223525.3,facultative anaerobe
,,,,,2731957599,
,,,,,GCA_001552735,
184,"R10394, 1010306","DSM 15803, CCUG 44997, CIP 107323",1,Schaalia cardiffensis,181487.5,facultative anaerobe
,,,,,GCA_016405145,
162,D145A-07,"DSM 6843, ATCC 49285, CCUG 32935, VPI D145A-07, CIP 104749, VPI D145A-7",1,Schaalia georgiae,1120942.4,facultative anaerobe
,,,,,2523231019,
,,,,,GCA_000429245,
155,"2A.10, X363","DSM 19120, ATCC 17929, CCUG 20536, DSM 43760, JCM 14871, NCTC 9935, CCM 4740, CIP 101124, LMG 18080",1,Schaalia odontolytica,1660.24,facultative anaerobe
,,,,,2811995233,
,,,,,GCA_900445025,
168,APL1,"DSM 9169, ATCC 51856, CCUG 32394, CIP 105358",1,Schaalia radingae,131110.4,facultative anaerobe
,,,,,2630968294,
,,,,,GCA_900106055,
182,SVA 489II,"DSM 15538, CCUG 39276, CIP 106779, KCTC 19918",1,Schaalia suimastitidis,1120946.3,facultative anaerobe
,,,,,2523231055,
,,,,,GCA_000429105,
185,R10176,"DSM 15804, CCUG 46091, CIP 107423",1,Schaalia vaccimaxillae,1120947.3,facultative anaerobe
,,,,,2523533527,
,,,,,GCA_000420425,
6637,,"DSM 16991, CIP 109152, JCM 16178, CCUG 54937, AHU 1762, SBT 10908, LMG 24040, NBRC 100982",1,Schleiferilactobacillus harbinensis,1122147.3,facultative anaerobe
,,,,,1122147.4,
,,,,,2523533608,
,,,,,2690316249,
,,,,,GCA_000425885,
,,,,,GCA_001436325,
24131,LY-73,"DSM 28193, CCTCC M 2011481, KACC 16878",1,Schleiferilactobacillus shenzhenensis,GCA_000469325,facultative anaerobe
133011,ZQ18-1,"DSM 28236, CICC 10824",1,Scopulibacillus daqui,1469162.3,facultative anaerobe
,,,,,2901206664,
,,,,,GCA_016908855,
159351,WB03_NA08,"DSM 105338, JCM 34392",1,Scrofimicrobium canadense,2606625.3,facultative anaerobe
,,,,,GCA_009696615,
,,,,,VULO00000000,
6697,,"DSM 19909, BCRC 17810, JCM 15043, YIT 11304, LMG 30911",1,Secundilactobacillus odoratitofui,1423776.3,facultative anaerobe
,,,,,1423776.4,
,,,,,2671180363,
,,,,,2734481935,
,,,,,GCA_001313185,
,,,,,GCA_001434895,
24133,,"DSM 26518, JCM 18671, KCTC 21047, SG 293, CIP 110586",1,Secundilactobacillus oryzae,1291743.3,facultative anaerobe
,,,,,1291743.4,
,,,,,2728369689,
,,,,,GCA_000740055,
,,,,,GCA_001311525,
6596,LA2,"DSM 15502, JCM 11969, BCRC 80778, CIP 108394, LMG 22473, VTT E-042481",1,Secundilactobacillus paracollinoides,1423785.3,facultative anaerobe
,,,,,1423785.4,
,,,,,2671180263,
,,,,,2728369671,
,,,,,GCA_001311135,
,,,,,GCA_001435115,
140410,IWT25,"DSM 102974, JCM 31145, LMG 30918",1,Secundilactobacillus pentosiphilus,GCA_002217985,facultative anaerobe
140409,IWT5,"DSM 102973, JCM 31144, LMG 30917",1,Secundilactobacillus silagincola,GCA_002583405,facultative anaerobe
6694,M36,"DSM 23365, JCM 2765, LMG 23904, BCRC 80777, CIP 110209",1,Secundilactobacillus similis,1423804.3,facultative anaerobe
,,,,,1423804.4,
,,,,,2700989125,
,,,,,2728369669,
,,,,,GCA_001311075,
,,,,,GCA_001436595,
1555,EN8d,"DSM 18088, CCM 7364, CECT 7148, CGMCC 1.6199",1,Sediminibacillus halophilus,2675902964,facultative anaerobe
,,,,,482461.3,
,,,,,GCA_900103695,
24737,,"DSM 22335, JCM 15794, KCTC 12833, DCY 13, KACC 15019",1,Sediminibacterium ginsengisoli,2634166300,facultative anaerobe
,,,,,413434.4,
,,,,,GCA_900167075,
140808,NF48,"MCCC 1K01157, KCTC 42650",1,Seohaeicola zhoushanensis,1569283.3,facultative anaerobe
,,,,,GCA_014656415,
141085,Gy8,"KCTC 42396, CICC 23816",1,Seonamhaeicola algicola,2889980415,facultative anaerobe
,,,,,GCA_007997385,
158553,B011,"MCCC 1H00146, NBRC 112333",1,Seonamhaeicola marinus,2890181994,facultative anaerobe
,,,,,GCA_008085455,
166320,W255,"MCCC 1H00377, KCTC 72085",1,Seonamhaeicola sediminis,GCA_004358095,facultative anaerobe
5164,A1,"CCUG 55496, LMG 8456, KCTC 2934, NCIMB 12800, BCRC 15867, DSM 12358, ATCC 43705, CIP 102919",1,Serratia entomophila,GCA_021462285,facultative anaerobe
5133,"2.78, 2-78, CUEMT 77-165","DSM 4576, ATCC 29844, CIP 78.64, CUETM 77.165, JCM 1242, BCRC 14810, CCM 3407, CCUG 14186, CCUG 37824, CUETM 77-165, IAM 13541, LMG 7882, NBRC 102597, NCTC 12965, IAM 1242",1,Serratia fonticola,1378072.3,facultative anaerobe
,,,,,2602041585,
,,,,,2636415821,
,,,,,47917.36,
,,,,,47917.8,
,,,,,GCA_000469035,
,,,,,GCA_001006005,
,,,,,GCA_901482655,
5161,"866, 1284-57","DSM 4487, ATCC 27592, CDC 57, CCUG 9285, ATCC 12926, LMG 7884, CIP 103238, JCM 1245, NCIMB 12815",1,Serratia liquefaciens,1346614.25,facultative anaerobe
,,,,,1346614.3,
,,,,,2563366574,
,,,,,GCA_000422085,
5165,"BS 303, 504","DSM 30121, ATCC 13880, CCM 303, DSM 47, NCDC 813-60, NCIB 9155, NCTC 10211, CCUG 1647, JCM 1239, BCRC 10948, CDC 813-60, CECT 846, CGMCC 1.2818, CIP 103235, HAMBI 1286, IAM 12142, KCTC 12457, LMG 2792, NBRC 102204, NCIMB 9155, NRRL B-2544, VKM B-1248, VTT E-97865",1,Serratia marcescens,2588253790,facultative anaerobe
,,,,,2617271293,
,,,,,615.1,
,,,,,615.738,
,,,,,911022.27,
,,,,,911022.31,
,,,,,911022.32,
,,,,,911022.4,
,,,,,911022.41,
,,,,,911022.42,
139473,8K,"CIP 103959, ATCC 14041, NRRL B-1481",0,Serratia marcescens,2579778661,facultative anaerobe
,,,,,615.95,
,,,,,GCA_000695485,
5167,KRED,"DSM 17174, CIP 107489, JCM 11315, CCUG 53879, CCM 7122",1,Serratia marcescens,211760.18,facultative anaerobe
,,,,,GCA_004684145,
5150,1073,"DSM 4582, ATCC 33077, CDC 1979-77, CIP 79.01, ICPB 3995, NCTC 11214, CCUG 14508, CECT 867, JCM 1243, BCRC 12223, CCM 3388, CIP 79.1, IAM 13542, NBRC 102598",1,Serratia odorifera,618.6,facultative anaerobe
,,,,,647000312,
,,,,,667129.3,
,,,,,GCA_000163595,
,,,,,GCA_900635445,
140703,J11-6,"ACCC 19934, KCTC 52529",1,Serratia oryzae,2791355148,facultative anaerobe
,,,,,GCA_001976145,
5151,"Grimont 510, 510","CCUG 14509, DSM 4540, ATCC 183, CCM 640, JCM 1244, BCRC 12224, CIP 103239, IAM 13543, LMG 7886, NBRC 102599, NCTC 12961, UCCCB109",1,Serratia plymuthica,1218095.3,facultative anaerobe
,,,,,2731957629,
,,,,,82996.23,
,,,,,82996.52,
,,,,,GCA_001590925,
,,,,,GCA_900478125,
5157,3630,"DSM 4543, ATCC 19323, NCPPB 245, NCTC 394, CCUG 14510, CIP 103236, ICPB XP176",1,Serratia proteamaculans subsp. proteamaculans,28151.36,facultative anaerobe
,,,,,GCA_008830365,
5159,"864, 2199-72","DSM 4480, ATCC 27593, JCM 1240, BCRC 13990, CCUG 10981, CECT 868, CIP 103234, IAM 13545, LMG 5019, NBRC 103169, NCTC 12971",1,Serratia rubidaea,1218096.3,facultative anaerobe
,,,,,2645727870,
,,,,,2731957709,
,,,,,61652.34,
,,,,,61652.4,
,,,,,GCA_001304675,
,,,,,GCA_001598675,
5166,,"DSM 16952, CCUG 50595, LMG 22860, NIVA NiVa51, JCM 13046, BCRC 17594, CCM 7336, CIP 108937, JCM 16474, NiVa 51",1,Serratia ureilytica,300181.29,facultative anaerobe
,,,,,GCA_013375155,
14076,c941,"DSM 17171, JCM 13041, CIP 109339",1,Shewanella abyssi,GCA_023284025,facultative anaerobe
134072,,"KACC 16187, JCM 17801, SC 18",1,Shewanella aestuarii,1028752.7,facultative anaerobe
,,,,,GCA_014647215,
,,,,,GCA_023283685,
134489,SB2B,"CIP 105786, ATCC 700329",1,Shewanella amazonensis,326297.1,facultative anaerobe
134099,SW-120,"KCCM 41821, JCM 12193, CIP 108633, KCTC 22430",1,Shewanella aquimarina,GCA_023349185,facultative anaerobe
133709,IR 12,"KCTC 23109, JCM 16723",1,Shewanella frigidimarina,1659315.3,facultative anaerobe
,,,,,GCA_003797125,
14064,,"DSM 9439, CECT 323, IAM 1477, LMG 2250, NCTC 10735, CCUG 39356, JCM 16449, CIP 105850, AJ 2258",1,Shewanella baltica,2855995563,facultative anaerobe
,,,,,62322.8,
,,,,,GCA_900456975,
158312,08MAS2251,"DSM 104682, CGMCC 1.16033",1,Shewanella carassii,1987584.4,facultative anaerobe
,,,,,2791355117,
,,,,,GCA_002777975,
,,,,,GCA_014644375,
133524,JC5,"CCUG 57101, NBRC 105217, KCC 22540, KCTC 22540",1,Shewanella chilikensis,2740891837,facultative anaerobe
,,,,,2859028064,
,,,,,558541.9,
,,,,,GCA_002836945,
,,,,,GCA_003217175,
,,,,,GCA_014651975,
,,,,,GCA_023283475,
23252,UDC329,"DSM 23626, KCTC 22898, CCUG 58667",0,Shewanella dokdonensis,712036.3,facultative anaerobe
,,,,,GCA_018394335,
,,,,,GCA_023283565,
133575,JC15,"CCUG 57102, NBRC 105216, KCTC 22506, JCM 32076",1,Shewanella fodinae,552357.4,facultative anaerobe
,,,,,GCA_014651955,
,,,,,GCA_023349145,
14073,TF-27,"DSM 16422, JCM 11814, KCCM 41648, KCTC 22431",1,Shewanella gaetbuli,GCA_023284065,facultative anaerobe
141062,RZB5-4,"JCM 30804, KCTC 42663, MCCC 1K00697",1,Shewanella gelidii,1642821.3,facultative anaerobe
,,,,,GCA_014647855,
,,,,,GCA_023283645,
134289,DW01,"KCTC 12896, JCM 14758, BCRC 80906",1,Shewanella algae,1236541.3,facultative anaerobe
,,,,,2565956593,
,,,,,GCA_000614935,
14075,c931,"DSM 17170, JCM 11836, CIP 109340, KCTC 22439",1,Shewanella kaireitica,GCA_023284045,facultative anaerobe
138538,IK-1,"CIP 107954, LMG 21403, JCM 11558, CGMCC 1.8460, KCTC 22440",1,Shewanella marinintestina,GCA_023283845,facultative anaerobe
134098,SW-117,"KCCM 41822, JCM 12192, CIP 108637, KCTC 22432",1,Shewanella marisflavi,GCA_023283925,facultative anaerobe
164505,D4-2,"JCM 33294, KCTC 72040",1,Shewanella maritima,2520507.3,facultative anaerobe
,,,,,CP036200,
,,,,,GCA_004295345,
139497,ANG-SQ1,"CIP 106450, ATCC 700345",1,Shewanella pealeana,398579.7,facultative anaerobe
,,,,,641228508,
,,,,,GCA_000018285,
134207,WP3,"JCM 13877, CGMCC 1.6160",1,Shewanella piezotolerans,225849.4,facultative anaerobe
,,,,,643348575,
,,,,,GCA_000014885,
14072,LT13a,"DSM 15900, JCM 12080, CIP 108671, KCTC 22433",1,Shewanella profunda,GCA_023283765,facultative anaerobe
164190,M2,"JCM 32090, KCCM 43257",1,Shewanella psychromarinicola,GCA_003855155,facultative anaerobe
,,,,,GCA_023283865,
134206,WP2,"JCM 13876, CGMCC 1.6159",1,Shewanella psychrophila,225848.8,facultative anaerobe
,,,,,2579779173,
,,,,,GCA_002005305,
138537,HRKA1,"CIP 107953, LMG 21406, JCM 11561, CGMCC 1.8480",1,Shewanella schlegeliana,190308.3,facultative anaerobe
,,,,,190308.4,
,,,,,GCA_016765635,
,,,,,GCA_019654995,
,,,,,GCA_023283605,
14074,"A010-1, HAW-EB3","DSM 17055, CIP 109531, NCIMB 14036, CIP 108924",1,Shewanella sediminis,425104.7,facultative anaerobe
,,,,,640753050,
,,,,,GCA_000018025,
133424,M7,"LMG 244245, CECT 7339",1,Shewanella vesiculosa,GCA_021560015,facultative anaerobe
14084,S4,"DSM 22215, CCTCC M 209017, JCM 16212, KCTC 23986",1,Shewanella xiamenensis,332186.41,facultative anaerobe
,,,,,GCA_014647135,
,,,,,GCA_023283665,
138456,,"CIP 57.28, ATCC 13313, CCUG 9565, NCTC 4837",1,Shigella dysenteriae,2850767282,facultative anaerobe
,,,,,2916533085,
,,,,,622.104,
,,,,,622.424,
,,,,,622.509,
,,,,,GCA_002949675,
,,,,,GCA_900457215,
135203,43,CIP 106200,0,Shigella dysenteriae,622.88,facultative anaerobe
135721,588,CIP 58.1,0,Shigella dysenteriae,622.146,facultative anaerobe
137043,4325,CIP 54.95,0,Shigella dysenteriae,622.142,facultative anaerobe
139001,Bucarest R,CIP 55.90,0,Shigella dysenteriae,622.109,facultative anaerobe
5171,24570,"DSM 4782, ATCC 29903, KCTC 22192, WDCM 00125, CCUG 56439, CIP 82.48, BCRC 13984, KCTC 22529, CECT 8175, NCTC 13631",1,Shigella flexneri,2859793810,facultative anaerobe
,,,,,42897.55,
,,,,,GCA_002950215,
137262,3591-52,"CCUG 32079, CIP 104222, ATCC 12022, LMG 10472, WDCM 00126, CECT 4804, NCTC 12698",0,Shigella flexneri,623.1086,facultative anaerobe
,,,,,623.156,
,,,,,GCA_000754175,
,,,,,GCA_900457225,
5172,I virulent,"CCUG 68726, NCTC 12984, CECT 4887, DSM 5570, ATCC 29930, WDCM 00127, CIP 82.49",1,Shigella sonnei,2872158770,facultative anaerobe
,,,,,624.1345,
,,,,,624.1595,
,,,,,GCA_002950395,
,,,,,GCA_900457155,
136283,1120-66,"CIP 104223, ATCC 25931, CCUG 32351, NCDC 1120-66",0,Shigella sonnei,624.1857,facultative anaerobe
5246,9005-74,"DSM 4481, ATCC 29907, CIP 103175, CIP 104942, HAMBI 1692, JCM 1650, LMG 3030, NCTC 12127, CCUG 14803 B, CDC 9005-74, BCRC 15589, CCUG 14803, CGMCC 1.3440, JCM 24308, NBRC 105725, VTT E-042574",1,Shimwellia blattae,2513020017,facultative anaerobe
,,,,,2531839602,
,,,,,2836688113,
,,,,,563.11,
,,,,,630626.1,
,,,,,630626.3,
,,,,,GCA_000262305,
,,,,,GCA_000327265,
,,,,,GCA_900636035,
4378,508/05,"DSM 18397, CCUG 54945, CIP 109627, LMG 23730, JCM 16472",1,Siccibacter turicensis,1388748.3,facultative anaerobe
,,,,,1390075.3,
,,,,,2617271157,
,,,,,GCA_000463155,
10502,ir6-4,"DSM 24239, CGMCC 1.8860, KCTC 22514, NBRC 103189",0,Silvimonas amylolytica,449663.3,facultative anaerobe
,,,,,GCA_014645555,
10503,ir6-1,"DSM 24036, CGMCC 1.8859, KCTC 22513, NBRC 103188",1,Silvimonas iriomotensis,449662.3,facultative anaerobe
,,,,,GCA_014645535,
10501,KM-45,"DSM 18233, KCTC 12358, NBRC 100961, JCM 21671, IAM 15217",1,Silvimonas terrae,2861607078,facultative anaerobe
,,,,,300266.6,
,,,,,GCA_014202765,
133982,SgZ-10,"CCTCC AB 2012110, KACC 16873, DSM 105453",1,Siminovitchia thermophila,1245522.3,facultative anaerobe
,,,,,2901283257,
,,,,,GCA_016909185,
166124,NY-02,"KACC 19731, LMG 31165",1,Simplicispira hankyongi,GCA_003570885,facultative anaerobe
5747,P2,"DSM 21668, NCAIM B 02328",1,Siphonobacter aquaeclarae,2622736636,facultative anaerobe
,,,,,563176.3,
,,,,,GCA_900103285,
14139,USAM 9D,"DSM 3403, ATCC 29591, CIP 104802, JCM 21819, KACC 13276, NBRC 15130, IAM 15375, IFO 15130, LMG 8368, NCIMB 12057",1,Solitalea canadensis,2509276062,facultative anaerobe
,,,,,929556.3,
,,,,,GCA_000242635,
14184,B90A,"DSM 16412, CCM 7286, MTCC 6364, CIP 108929",1,Sphingobium indicum,2775507255,facultative anaerobe
,,,,,861109.3,
,,,,,861109.5,
,,,,,861109.6,
,,,,,861109.7,
,,,,,GCA_000264945,
14250,G1-2,"DSM 19512, CCUG 54232, CIP 109431",1,Sphingomonas pseudosanguinis,2829843910,facultative anaerobe
,,,,,413712.3,
,,,,,413712.4,
,,,,,GCA_014196255,
,,,,,GCA_017052355,
14337,,"DSM 17781, ATCC BAA-1285, SIP 1",1,Spirochaeta cellobiosiphila,1123275.4,facultative anaerobe
,,,,,2526164518,
,,,,,GCA_000426705,
134302,WPCB118,"KCTC 12531, NBRC 101117",1,Spirosoma rigui,564064.4,facultative anaerobe
,,,,,GCA_002067135,
17904,"5IX/A0/131, 5IX/A01/131","DSM 19753, CIP 109757, MOLA 225",0,Spongiibacter marinus,1122224.3,facultative anaerobe
,,,,,2523533546,
,,,,,GCA_000422345,
14385,M-8,"DSM 442, ATCC 23492, NCIB 10269, CCUG 33623, LMG 16675, CIP 104421, IAM 12321, JCM 2513, LMG 6329, BCRC 11598, CECT 692, KCTC 3117, NBRC 102473, NCIMB 10269",1,Sporolactobacillus laevolacticus,1395513.3,facultative anaerobe
,,,,,2554235469,
,,,,,GCA_000497245,
14398,M-114,"DSM 11696, JCM 3514, CCUG 41660, CIP 105319, ATCC 700379, CGMCC 1.3845, IAM 12388, LMG 18787, NBRC 101526",1,Sporolactobacillus nakayamae subsp. nakayamae,2597490367,facultative anaerobe
,,,,,269670.4,
,,,,,GCA_900113325,
133204,GD201205,"CICC 23867, KCTC 15488",1,Sporolactobacillus pectinivorans,2791354945,facultative anaerobe
,,,,,GCA_002802965,
140530,MK21-7,"NBRC 111517, LMG 29111, TISTR 2466",1,Sporolactobacillus shoreicorticis,GCA_024125445,facultative anaerobe
14399,M-116,"CCUG 41658, CIP 105317, DSM 11697, JCM 3516, ATCC 700380, IAM 14264, LMG 18887, NBRC 101527",1,Sporolactobacillus terrae,1444306.3,facultative anaerobe
,,,,,2711768088,
,,,,,GCA_000648615,
14404,SL153,"DSM 21990, JCM 14637, KCTC 5376",1,Sporolactobacillus vineae,1123284.3,facultative anaerobe
,,,,,2518645619,
,,,,,2551306548,
,,,,,GCA_000246965,
,,,,,GCA_000377985,
14677,"6 VT, 6-4","DSM 23656, CCUG 59809",1,Staphylococcus agnetis,985762.14,facultative anaerobe
,,,,,GCA_002901865,
14487,533 R4,"DSM 20231, ATCC 12600, CCM 885, NCDO 949, NCTC 8532, CCUG 1800, IAM 12544, JCM 20624, ATCC 12600-U, CIP 65.8, HAMBI 66, NBRC 100910, NCAIM B.01065, NCCB 72047, NCIMB 13062, UCCCB115, GIFU 9120",1,Staphylococcus aureus,1223492.3,facultative anaerobe
,,,,,1241616.3,
,,,,,1241616.6,
,,,,,1241616.8,
,,,,,1280.21617,
,,,,,1280.4849,
,,,,,2541047520,
,,,,,2654587978,
,,,,,2667527535,
,,,,,2675903531,
14444,MVF-7,"DSM 20714, ATCC 35844, CIP 103780, CCUG 37246, CCM 3823, MVF 7, GIFU 10707",0,Staphylococcus aureus,2917488298,facultative anaerobe
,,,,,72759.14,
,,,,,GCA_002902425,
14445,"209 P, 209P","CCUG 1828, CCM 2022, DSM 346, ATCC 6538P, CIP 53.156, NCTC 7447, WDCM 00033, JCM 2151, BCRC 10451, CECT 240, CGMCC 1.2910, FDA 209P, IAM 1011, IAM 12082, IFO 12732, IID 671, KCTC 1927, LMG 8195, NBRC 12732, NCFB 1963, NCIMB 8625, NRIC 1136, NRRL B-313, RIMD 3109007, IMET 10904, NCDO 1963, NRRL : B-313, IFO 3061, WDCM 00195",0,Staphylococcus aureus,1280.18033,facultative anaerobe
,,,,,1295139.3,
,,,,,2728369715,
,,,,,GCA_001312225,
,,,,,GCA_900457305,
14446,Oxford H,"DSM 683, ATCC 9144, CCM 2107, NCIB 6571, NRRL B-314, WDCM 00035, CCUG 1431, NCTC 6571, CIP 53.154, NRRL : B-314, NCIMB 6571, LMG 10640, CECT 59",0,Staphylococcus aureus,1280.1806,facultative anaerobe
,,,,,GCA_023634625,
,,,,,GCA_900457695,
14447,209,"CCUG 10778, IFO 13276, CCM 4516, DSM 799, ATCC 6538, CIP 4.83, NCIMB 9518, NCTC 10788, WDCM 00032, IMET 10761, CCTM 2103, CCUG 1623, LMG 8064, NBRC 13276, CECT 239, CMCC (B)26003",0,Staphylococcus aureus,1280.18032,facultative anaerobe
,,,,,2630968918,
,,,,,46170.135,
,,,,,46170.304,
,,,,,46170.415,
,,,,,46170.458,
,,,,,GCA_000877975,
,,,,,GCA_002025145,
,,,,,GCA_002288945,
,,,,,GCA_900457295,
14448,Seattle 1945,"DSM 1104, ATCC 25923, WDCM 00034, CCUG 17621, JCM 2413, CCM 3953, CCUG 7738, CECT 435, CIP 76.25, IFO 14462, LMG 8224, NBRC 14462, NCIMB 12702, NCTC 12981, VTT E-94530",0,Staphylococcus aureus,1236977.3,facultative anaerobe
,,,,,1280.11673,
,,,,,1280.12905,
,,,,,1280.12906,
,,,,,1280.15094,
,,,,,1280.15095,
,,,,,1280.17722,
,,,,,1280.21147,
,,,,,2597490282,
,,,,,2728369662,
14449,Wichita,"CCUG 15915, DSM 2569, ATCC 29213, WDCM 00131, JCM 2874, CCM 4223, CECT 794, CIP 103429, IFO 15035, LMG 10147, NBIMCC 3999, NBRC 15035, NCTC 12973",0,Staphylococcus aureus,1280.1811,facultative anaerobe
,,,,,1280.26265,
,,,,,1280.26266,
,,,,,2648501387,
,,,,,46170.151,
,,,,,46170.287,
,,,,,GCA_001267715,
,,,,,GCA_001879295,
,,,,,GCA_022832775,
,,,,,GCA_022870465,
14451,SA113,"CCUG 41582, DSM 4910, ATCC 35556, NCTC 8325, CIP 107700",0,Staphylococcus aureus,46170.125,facultative anaerobe
,,,,,637000279,
,,,,,93061.132,
,,,,,93061.5,
,,,,,GCA_000013425,
,,,,,GCA_024454545,
,,,,,GCA_900475245,
14486,S11,"DSM 20372, ATCC 12598, CCM 2352, NCTC 8530, CIP 65.6, NCDO 1552, NCIMB 11787",0,Staphylococcus aureus,1280.18061,facultative anaerobe
,,,,,1280.4807,
,,,,,GCA_015694125,
,,,,,GCA_900457715,
14490,"Wood 46, Wood","DSM 20491, ATCC 10832, CCM 2351, NCTC 7121, CIP 52.1",0,Staphylococcus aureus,1280.19114,facultative anaerobe
,,,,,GCA_001953735,
,,,,,GCA_900635285,
134792,MS 174,"CIP 65.10, ATCC 12601, NCTC 6131, CCUG 1801",0,Staphylococcus aureus,1280.19122,facultative anaerobe
,,,,,GCA_900636395,
134793,MS 69,"CIP 65.12, ATCC 12603, NCTC 6134",0,Staphylococcus aureus,1280.1808,facultative anaerobe
,,,,,GCA_900457925,
136954,BM3318,CIP 108540,0,Staphylococcus aureus,1280.17978,facultative anaerobe
,,,,,GCA_003546055,
138348,,"CIP 106415, ATCC 700698, CCUG 45316, Mu 3",0,Staphylococcus aureus,1280.4823,facultative anaerobe
138353,,"CIP 106414, ATCC 700699, MU 50",0,Staphylococcus aureus,1280.4808,facultative anaerobe
,,,,,2852001951,
138499,MS 150,"CIP 65.14, ATCC 12605, NCTC 6136",0,Staphylococcus aureus,1280.16914,facultative anaerobe
,,,,,GCA_900474715,
138501,,"CIP 65.17, ATCC 12608, NCTC 8723",0,Staphylococcus aureus,1280.18125,facultative anaerobe
,,,,,GCA_900458445,
138914,MS 39,"CIP 65.11, ATCC 12602, NCTC 6133",0,Staphylococcus aureus,1280.18079,facultative anaerobe
,,,,,GCA_900457915,
138917,,"CIP 65.19, ATCC 12610, NCTC 8726",0,Staphylococcus aureus,1280.16909,facultative anaerobe
,,,,,GCA_900474565,
14602,,"CCUG 35142, DSM 6717, ATCC 49326, MAW 8436, CIP 104192, MAW 8434",1,Staphylococcus capitis subsp. urealyticus,2917448220,facultative anaerobe
,,,,,74703.3,
,,,,,GCA_002901925,
14516,361,"DSM 20501, ATCC 51365, CCUG 15605, CIP 103274, GIFU 10766",1,Staphylococcus carnosus,1281.24,facultative anaerobe
,,,,,147448.2,
14634,"SK 11, SK 11T","DSM 11676, JCM 6067, CCUG 39903, CIP 105758, NCIMB 13560, NCTC 13826",1,Staphylococcus carnosus,1281.26,facultative anaerobe
,,,,,147449.14,
,,,,,147449.15,
,,,,,2917453476,
,,,,,GCA_002902605,
,,,,,GCA_900458365,
14635,SK 09,"DSM 11677, JCM 6065, CIP 105759",0,Staphylococcus carnosus,1281.25,facultative anaerobe
14655,SB72,"DSM 15096, CIP 107658, CCUG 47674, CCM 7194",1,Staphylococcus casei,201828.3,facultative anaerobe
,,,,,2917474615,
,,,,,GCA_002902445,
14517,1462,"CCUG 4319, CIP 81.59, NRRL B-14759, DSM 20454, ATCC 43764, CCM 3387, NCTC 10530",1,Staphylococcus chromogenes,46126.119,facultative anaerobe
,,,,,46126.177,
,,,,,46126.206,
,,,,,46126.27,
,,,,,GCA_002901945,
,,,,,GCA_014635745,
,,,,,GCA_017775145,
,,,,,GCA_900458195,
14601,"GA211, GA 211","DSM 6628, ATCC 49545, CIP 104370, JCM 7470, CCUG 37248, CCM 4313, DSMZ 6628, GTC 510, LMG 22205",1,Staphylococcus coagulans,2917424509,facultative anaerobe
,,,,,74706.5,
,,,,,GCA_002901995,
14518,"GH 137, GH137","DSM 20260, ATCC 29974, CCM 2736, JCM 2417, BCRC 12155, CCUG 35144, CCUG 6463, CCUG 7322, CIP 81.54, NBRC 109713, NCIMB 13637, NCTC 11041, NRRL B-14756",1,Staphylococcus cohnii,29382.25,facultative anaerobe
,,,,,29382.51,
,,,,,74704.14,
,,,,,74704.9,
,,,,,GCA_002902365,
,,,,,GCA_007992675,
,,,,,GCA_900240165,
,,,,,GCA_900458255,
14632,F-2,"DSM 11674, JCM 6074, CCUG 39902, CCM 4753, CIP 105760, NCIMB 13559, NCTC 13827",1,Staphylococcus condimenti,2645727505,facultative anaerobe
,,,,,2687453551,
,,,,,2917450786,
,,,,,70255.1,
,,,,,70255.13,
,,,,,70255.17,
,,,,,70255.18,
,,,,,70255.23,
,,,,,GCA_001014685,
,,,,,GCA_001618885,
14521,Heidy,"CCUG 30107, CCM 4115, DSM 20771, ATCC 49171, CIP 103732, NCIMB 13206",1,Staphylococcus delphini,2917461297,facultative anaerobe
,,,,,53344.2,
,,,,,GCA_003585325,
14676,"KS-SP60, KS-SP 60","DSM 25293, CCUG 58238, LMG 25332, CCM 7896, CIP 110234",1,Staphylococcus devriesei,2917466835,facultative anaerobe
,,,,,586733.6,
,,,,,GCA_002902625,
14529,Fussel,"DSM 20044, ATCC 14990, CCM 2124, WDCM 00132, JCM 2414, CCUG 18000, CCUG 39508, CECT 232, CIP 81.55, IAM 12013, LMG 10474, NBRC 100865, NBRC 100911, NCIMB 12721, NCTC 11047",1,Staphylococcus epidermidis,1236978.3,facultative anaerobe
,,,,,1282.221,
,,,,,1282.2319,
,,,,,1282.2421,
,,,,,1282.2825,
,,,,,1282.3288,
,,,,,1282.3359,
,,,,,2728369663,
,,,,,GCA_001310935,
,,,,,GCA_002087975,
14522,,"DSM 1798, ATCC 12228, WDCM 00036, CCUG 21989, PCI 1200, JCM 20345, IAM 12012, IFO 12993, NBRC 12993, NCIMB 8853, CIP 68.21, LMG 10273, CCM 4418, CECT 231, NCTC 13360, WHO 12",0,Staphylococcus epidermidis,1282.2149,facultative anaerobe
,,,,,1282.2244,
,,,,,1282.2324,
,,,,,1282.2325,
,,,,,1282.2326,
,,,,,1282.2327,
,,,,,1282.2328,
,,,,,1282.365,
,,,,,1282.4261,
,,,,,1449752.3,
24584,"RP62a, BM 3577","DSM 28319, ATCC 35984, CECT 4184, CCUG 31568, CIP 105777, BCRC 17069",0,Staphylococcus epidermidis,176279.51,facultative anaerobe
,,,,,176279.9,
,,,,,637000282,
,,,,,GCA_000011925,
14544,SM 131,"DSM 20263, ATCC 29970, CCM 2737, CCUG 7323, NCTC 11042, JCM 2416, BCRC 12923, CECT 4900, CIP 81.56, KCTC 3341, LMG 13349, NBRC 109768, NCIMB 14489, NRRL B-14755, VTT E-97770, GIFU 9124",1,Staphylococcus haemolyticus,1283.594,facultative anaerobe
,,,,,1283.646,
,,,,,1283.682,
,,,,,1283.729,
,,,,,GCA_002901805,
,,,,,GCA_006094395,
,,,,,GCA_007992795,
,,,,,GCA_900458595,
14636,DM 122,"DSM 20328, ATCC 27844, JCM 31912, CCUG 35516, BCRC 12156, CCM 3474, CECT 234, CIP 81.57, JCM 2419, KCTC 3343, LMG 13348, MTCC 6150, NBRC 110726, NCIMB 14488, NCTC 11320, NRRL B-14737, CCUG 6468, GIFU 9125",1,Staphylococcus hominis subsp. hominis,1290.133,facultative anaerobe
,,,,,145391.8,
,,,,,GCA_002901845,
,,,,,GCA_900458635,
14657,R22,"DSM 15614, ATCC 700236, CCUG 42399, CIP 105719",1,Staphylococcus hominis subsp. novobiosepticus,145393.3,facultative anaerobe
,,,,,GCA_002902465,
14555,"H11, H11/68","DSM 20373, ATCC 29663, CCM 5739, NCTC 11048, JCM 2422, BCRC 12157, CCUG 27191, CCUG 6520, CECT 7205, CIP 81.60, CNCTC M16/75, KCTC 3344, LMG 13351, MTCC 6152, NRRL B-14754, GIFU 8781",1,Staphylococcus intermedius,1141106.1,facultative anaerobe
,,,,,1141106.7,
,,,,,1141106.9,
,,,,,2548876980,
,,,,,2917445263,
,,,,,2917485323,
,,,,,GCA_000308095,
,,,,,GCA_002902385,
,,,,,GCA_900458545,
14614,M340/94,"DSM 10244, CCUG 38494, CIP 105399, CCM 4681, ATCC 700373",1,Staphylococcus lutrae,155085.7,facultative anaerobe
,,,,,2917434650,
,,,,,GCA_002902165,
14605,MB4,"DSM 7068, ATCC 49910, CCM 4175, CCUG 36972, CIP 103641",1,Staphylococcus muscae,1294.7,facultative anaerobe
,,,,,1294.8,
,,,,,1294.9,
,,,,,2917496769,
,,,,,GCA_002901905,
,,,,,GCA_003019275,
,,,,,GCA_014634965,
14617,"BM9357, BM 9357","DSM 10656, ATCC 51129, CCM 4389, CCUG 32420, CIP 103540",1,Staphylococcus pasteuri,2928989275,facultative anaerobe
,,,,,33028.26,
,,,,,45972.57,
,,,,,GCA_003970495,
24597,SEQ110,"DSM 26618, CCM 8494, CCUG 62657, LMG 26879",1,Staphylococcus petrasii,1077965.3,facultative anaerobe
,,,,,1077965.5,
,,,,,GCA_002902105,
,,,,,GCA_004745855,
14671,B3117,"DSM 19554, CCUG 51270, CIP 107711, CCM 7495",1,Staphylococcus pettenkoferi,170573.3,facultative anaerobe
,,,,,170573.8,
,,,,,2917437079,
,,,,,GCA_002902685,
14606,"SK03, SK 03","CCUG 35133, TISTR 824, NRIC 1817, DSM 7373, ATCC 51136, JCM 6057, NCIMB 13277, CCM 4345, CIP 103958, LMG 22178, NBRC 109625, NCTC 13836",1,Staphylococcus piscifermentans,2772190616,facultative anaerobe
,,,,,70258.6,
,,,,,70258.7,
,,,,,70258.8,
,,,,,GCA_003970555,
,,,,,GCA_007992655,
,,,,,GCA_900186985,
166184,S04009,"DSM 107950, CCUG 72763, NCTC 14184",1,Staphylococcus pseudoxylosus,GCA_003697915,facultative anaerobe
14674,,"DSM 21968, CCUG 57266, ARI 262",1,Staphylococcus rostri,2917432201,facultative anaerobe
,,,,,522262.5,
,,,,,GCA_002902145,
14567,S1,"DSM 20359, ATCC 14953, JCM 1768, CCUG 24040, CCUG 9989, CIP 103275, NCTC 11807, NRRL B-14778, VPI 5661",1,Staphylococcus saccharolyticus,33028.1,facultative anaerobe
,,,,,33028.25,
,,,,,33028.9,
,,,,,GCA_003968885,
,,,,,GCA_900458815,
14669,"KV 12, KV 12T","DSM 18669, CCM 4410, CCUG 36975, CCUG 38042, CIP 105260",1,Staphylococcus saprophyticus,147453.4,facultative anaerobe
,,,,,GCA_002902545,
14625,S-41,"DSM 20229, ATCC 15305, CCM 883, NCIB 8711, NCTC 7292, WDCM 00159, CCUG 3706, ATCC 19701, JCM 2427, BCRC 10786, CCUG 3006, CECT 235, CIP 76.125, IAM 12452, LMG 13350, MTCC 6155, NBIMCC 3348, NBRC 102446, NCAIM B.01067, NCCB 73011, NCFB 948, NCIMB 8711, NRRL B-14751, NCDO 948",1,Staphylococcus saprophyticus subsp. saprophyticus,147452.8,facultative anaerobe
,,,,,29385.233,
,,,,,342451.11,
,,,,,342451.3,
,,,,,342451.32,
,,,,,342451.33,
,,,,,342451.37,
,,,,,637000284,
,,,,,GCA_000010125,
,,,,,GCA_001997165,
14568,"N850274, N 850274","DSM 4807, ATCC 43808, CCUG 25351, NCTC 12218, CCM 4070, CIP 103643",1,Staphylococcus schleiferi subsp. schleiferi,1295.64,facultative anaerobe
,,,,,1295.8,
,,,,,74707.3,
,,,,,GCA_003968865,
,,,,,GCA_011137195,
,,,,,GCA_900458895,
137308,BM 12486,"CIP 105824, ATCC 29059",0,Staphylococcus sciuri,147467.15,facultative anaerobe
,,,,,GCA_900117375,
14572,"MK 148, MK148","DSM 20322, ATCC 27848, CCM 2705, CCUG 7327 A, NCTC 11046, JCM 2424, BCRC 12928, CCUG 7327, CECT 4538, CIP 81.64, HAMBI 2058, NBRC 109714, NRRL B-14753, VTT E-97784, GIFU 9127",1,Staphylococcus simulans,1286.118,facultative anaerobe
,,,,,1286.76,
,,,,,1286.8,
,,,,,GCA_002902285,
,,,,,GCA_900240105,
,,,,,GCA_900474685,
14603,"CK27, CK 27","DSM 6718, ATCC 49330, CCUG 35143, CIP 104024",1,Staphylococcus ureilyticus,2917477538,facultative anaerobe
,,,,,94138.7,
,,,,,GCA_002902235,
14587,AW 25,"DSM 20316, ATCC 27836, CCM 2730, CCUG 7325, NCTC 11044, JCM 2415, BCRC 12929, CECT 236, CIP 81.65, KCTC 3340, LMG 13354, NBRC 109769, NRRL B-14736, VTT E-97785, GIFU 9128",1,Staphylococcus warneri,1292.103,facultative anaerobe
,,,,,1292.58,
,,,,,596319.3,
,,,,,GCA_002901765,
,,,,,GCA_900636385,
14599,"KL 162, KL62","CCUG 7324, NCTC 11043, DSM 20266, ATCC 29971, CCM 2738, JCM 2418, BCRC 12930, CECT 237, CIP 81.66, HAMBI 2057, KCTC 3342, LMG 20217, MTCC 6149, NBRC 109770, NCAIM B.02008, NRRL B-14776, VTT E-97787",1,Staphylococcus xylosus,1288.12,facultative anaerobe
,,,,,1288.129,
,,,,,1288.13,
,,,,,1288.169,
,,,,,1288.19,
,,,,,GCA_002732165,
,,,,,GCA_002901985,
,,,,,GCA_007992815,
,,,,,GCA_900240095,
,,,,,GCA_900458755,
166347,TPQG1-4,"CFCC 15341, LMG 31208",1,Stenotrophomonas cyclobalanopsidis,GCA_008710035,facultative anaerobe
14711,,"DSM 20622, ATCC 51725, CCUG 27296, LMG 17755, NCDO 2025, LMG 17296, CIP 82.4",1,Streptococcus acidominimus,GCA_001921825,facultative anaerobe
14712,"G 19, G19","CCUG 4208, CIP 103227, JCM 5671, DSM 2134, ATCC 13813, NCTC 8181, BCRC 10787, BIOTECH 10527, CECT 183, LMG 14694, NCAIM B.01882, NCFB 1348, NCIMB 701348, VTT E-97858, NCDO 1348",1,Streptococcus agalactiae,1311.2442,facultative anaerobe
,,,,,2537561940,
,,,,,2917287493,
,,,,,888745.3,
,,,,,GCA_000186445,
,,,,,GCA_900458965,
14713,,"DSM 6784, ATCC 27956, CCUG 34230, NADC 44, CIP 105451",0,Streptococcus agalactiae,1154862.3,facultative anaerobe
,,,,,2548876895,
,,,,,GCA_000323085,
14714,ND 2-22,"DSM 16828, ATCC 51487, CIP 103768, LMG 15977, JCM 32209",0,Streptococcus difficilis,1261567.3,facultative anaerobe
135178,D136 C,"CIP 82.45, ATCC 12403, CCUG 29782, CNCTC 4/70",0,Streptococcus agalactiae,1105256.3,facultative anaerobe
,,,,,2706794500,
,,,,,GCA_000310485,
14717,"Havill III. (R. Lancefield F68A), Havill III, F68A","DSM 20563, ATCC 12395, ATCC 33397, NCTC 10713, CCUG 27298, LMG 14502, JCM 12993, CCUG 35776, CIP 102921, HAMBI 1525, NCFB 2496, NCDO 2496",1,Streptococcus anginosus subsp. anginosus,1000570.3,facultative anaerobe
,,,,,1000570.31,
,,,,,1000570.8,
,,,,,1000570.9,
,,,,,1328.317,
,,,,,1328.337,
,,,,,1328.82,
,,,,,1671923.4,
,,,,,1671923.5,
,,,,,2515154090,
14816,AI-1,"CCUG 45919, CIP 107167, DSM 15627, ATCC 700641, NCTC 13166",1,Streptococcus australis,113107.3,facultative anaerobe
,,,,,2808606731,
,,,,,649990003,
,,,,,888833.12,
,,,,,888833.3,
,,,,,GCA_000186465,
,,,,,GCA_000222745,
,,,,,GCA_900476055,
14840,151T,"DSM 19004, ATCC BAA-1485, CCUG 55775",1,Streptococcus caballi,1123298.3,facultative anaerobe
,,,,,2515154033,
,,,,,GCA_000379985,
14720,STR-T1,"DSM 20715, ATCC 43496, CCUG 27661, CIP 103223, CNCTC 18/89, NCTC 12191",1,Streptococcus canis,1329.38,facultative anaerobe
,,,,,482234.3,
,,,,,GCA_900636575,
14827,M605815/03/2,"DSM 17536, CCUG 48115, CIP 108205",1,Streptococcus castoreus,1123299.3,facultative anaerobe
,,,,,2523533613,
,,,,,GCA_000425025,
158498,Z15,"DSM 106182, CGMCC 1.16529",1,Streptococcus chenjunshii,GCA_003086355,facultative anaerobe
14723,"HS6, HS-6","CCUG 27300, CCM 6069, DSM 20562, ATCC 19642, JCM 31114, CECT 4037, CIP 102510, CNCTC 6720, HAMBI 1517, KCTC 3640, LMG 14508, NCFB 2720, NCIMB 702720, NCTC 12277, NCDO 2720",1,Streptococcus criceti,1333.3,facultative anaerobe
,,,,,GCA_900459215,
14795,CR311,"DSM 8249, ATCC 51100, NCTC 12479, CCUG 33481, LMG 16320, JCM 31122, CIP 105954",1,Streptococcus cristatus,649990004,facultative anaerobe
,,,,,889201.11,
,,,,,889201.2,
,,,,,889201.21,
,,,,,889201.3,
,,,,,GCA_000187855,
,,,,,GCA_000222765,
,,,,,GCA_011612585,
,,,,,GCA_900475445,
14814,94-11374-1,"DSM 15616, ATCC 700828, CCUG 45419, WADDL 94-11374-1, CIP 106980",1,Streptococcus didelphis,1123301.3,facultative anaerobe
,,,,,2515154028,
,,,,,GCA_000380005,
14793,MFe28,"DSM 5635, ATCC 33748, NCTC 11391, CCUG 24890, JCM 31115, BCRC 14752, CIP 103222, CNCTC 6691, KCTC 3634, LMG 14514",1,Streptococcus downei,764290.3,facultative anaerobe
,,,,,GCA_900459175,
138212,,"CIP 105452, ATCC 27957, JCM 5673, NADC Z-8",0,Streptococcus dysgalactiae,2545824515,facultative anaerobe
,,,,,663952.3,
,,,,,GCA_000188315,
139680,"C2, Austin","CIP 55.119, NCTC 8546",0,Streptococcus dysgalactiae,119602.291,facultative anaerobe
,,,,,GCA_901542365,
14799,"0134, 134","DSM 20662, ATCC 43078, NCDO 2023, CCUG 27301, LMG 16023, LMG 15885, CIP 102914",1,Streptococcus dysgalactiae subsp. dysgalactiae,1334.232,facultative anaerobe
14801,,"DSM 23147, CCUG 36637, CCUG 36913, CIP 105120, LMG 16026, NCIMB 701356 (formerly NCFB 1356), NCFB 1356, NCTC 4540",1,Streptococcus dysgalactiae subsp. equisimilis,1000589.3,facultative anaerobe
,,,,,1334.23,
,,,,,2926464969,
14800,"LRA 06 11 76, LRA 006 11 76","CCUG 4211, LMG 15819, CIP 103684, DSM 6176, ATCC 35666, NCTC 8543",0,Streptococcus dysgalactiae subsp. equisimilis,119602.195,facultative anaerobe
,,,,,1334.229,
,,,,,GCA_900460145,
14809,,"DSM 14446, CCUG 44616, CECT 5353, CIP 107435, LMG 21848, JCM 12180",1,Streptococcus entericus,1123302.3,facultative anaerobe
,,,,,2515154023,
,,,,,GCA_000380025,
14724,"C 15, C15","DSM 20561, ATCC 33398, NCDO 2493, NCTC 9682, CCUG 23255, LMG 15886, CIP 102910",1,Streptococcus equi subsp. equi,1336.4,facultative anaerobe
,,,,,1336.5,
,,,,,148942.55,
,,,,,2681812816,
,,,,,2684622844,
,,,,,GCA_900110405,
,,,,,GCA_900156215,
,,,,,GCA_900637675,
14824,Mt 167,"DSM 17037, CCUG 47520, CECT 5772, CIP 108587",1,Streptococcus equi subsp. ruminatorum,1051981.3,facultative anaerobe
,,,,,2590828658,
,,,,,GCA_000706805,
14725,"S 34, S34","CCUG 23256, NCTC 4676, CIP 103228, DSM 20727, ATCC 43079, NCDO 1358, NCTC 7023, NBIMCC 2033",1,Streptococcus equi subsp. zooepidemicus,40041.6,facultative anaerobe
,,,,,40041.61,
,,,,,GCA_900459475,
,,,,,GCA_900460185,
14727,"Hl2B, H12B","DSM 20558, ATCC 9812, NCDO 1037, CCUG 27302, IFO 12553, JCM 7879, BCRC 12578, CECT 973, CGMCC 1.2506, CIP 102504, HAMBI 1572, LMG 14897, NBRC 12553, NCIMB 701037, NCTC 12969",1,Streptococcus equinus,1335.79,facultative anaerobe
,,,,,525379.3,
,,,,,649990006,
,,,,,GCA_000187265,
,,,,,GCA_900459295,
14719,Pearl 11,"DSM 20480, ATCC 33317, NCDO 597, NCTC 8177, WDCM 00133, JCM 5802, ACM 3539, CCUG 17828, CCUG 34832, CECT 213, CECT 974, CGMCC 1.2502, CIP 102302, JCM 7877, LMG 8518, NCIMB 700597",0,Streptococcus equinus,1210006.5,facultative anaerobe
,,,,,2600255054,
,,,,,GCA_000747195,
137757,TR5,"CIP 82.5, NCDO 2491, NCTC 10386, CCUG 4213",0,Streptococcus equinus,1335.8,facultative anaerobe
,,,,,GCA_900459945,
14729,8S1,"DSM 20646, ATCC 33477, CIP 103225, NCDO 2721, LMG 16520",1,Streptococcus ferus,1123303.3,facultative anaerobe
,,,,,2515154024,
,,,,,GCA_000372425,
14811,"SVSJ 13156, SVS J 13156","DSM 15349, CCUG 42692, CIP 10787, CIP 107087, LMG 21849, JCM 12181, KCTC 3876",1,Streptococcus gallinaceus,2928547191,facultative anaerobe
136355,2.3,"CIP 104887, ACM 3969, JCM 31120, ATCC 700065, LMG 15572",0,Streptococcus gallolyticus,2599185152,facultative anaerobe
,,,,,2606217751,
,,,,,315405.15,
,,,,,315405.16,
,,,,,GCA_900112565,
,,,,,GCA_900116655,
14821,,"DSM 16831, ACM 3611, CCUG 35224, CIP 105428, JCM 10005, LMG 16802, CIP 105425, NCTC 13773",1,Streptococcus gallolyticus subsp. gallolyticus,1258574.3,facultative anaerobe
,,,,,2917282946,
,,,,,315405.22,
,,,,,GCA_002000985,
,,,,,GCA_900475715,
14819,ACA-DC-206,"CCUG 39970, ACA-DC 206, LMG LAB 617, CIP 105683, ATCC BAA-249, DSM 15879, JCM 11119, LMG 18488, NCTC 13767",1,Streptococcus gallolyticus subsp. macedonicus,2901051635,facultative anaerobe
,,,,,315405.11,
,,,,,315405.31,
,,,,,GCA_900459545,
14790,"SK3, SK 3","DSM 6777, ATCC 10558, CIP 105258, NCTC 7865, JCM 12995, CCUG 25608, CCUG 33482, CCUG 35801, LMG 14518",1,Streptococcus gordonii,1302.168,facultative anaerobe
,,,,,1302.19,
,,,,,1302.2,
,,,,,1302.425,
,,,,,2728369123,
,,,,,2823469221,
,,,,,GCA_001469295,
,,,,,GCA_001553855,
,,,,,GCA_900475015,
14791,SK 51,"DSM 20568, ATCC 33399, NCTC 3165, CCUG 18374, LMG 14516, LMG 14648, CIP 103221",0,Streptococcus gordonii,1302.169,facultative anaerobe
,,,,,1302.426,
,,,,,2909141109,
,,,,,GCA_900475385,
14823,,"DSM 17028, CCUG 48324, CIP 108195, SAC M512/02/01",1,Streptococcus halichoeri subsp. halichoeri,254785.38,facultative anaerobe
,,,,,GCA_009870755,
133156,HTS9,"DSM 101996, CGMCC 1.15532",1,Streptococcus halotolerans,2675903323,facultative anaerobe
,,,,,GCA_001598035,
14842,126T,"DSM 19005, ATCC BAA-1484, CCUG 55776",1,Streptococcus henryi,1123304.3,facultative anaerobe
,,,,,2518645609,
,,,,,GCA_000376985,
133338,HTS2,"DSM 101997, CGMCC 1.15533",1,Streptococcus himalayensis,1888195.14,facultative anaerobe
,,,,,2767802294,
,,,,,GCA_001708305,
,,,,,GCA_014643475,
14802,"SHV515, SHV 515","DSM 12219, LMG 14710, CCUG 37866, CIP 105517",1,Streptococcus hyovaginalis,1123305.3,facultative anaerobe
,,,,,2524614633,
,,,,,GCA_000420785,
145455,,"CCUG 28590, CIP 105142, NCTC 11291",0,Streptococcus hyovaginalis,1326.7,facultative anaerobe
,,,,,2767802297,
,,,,,GCA_900187245,
14836,"S02-1108, 707-05, SO2-1108","DSM 21677, ATCC BAA-1300, CCUG 52536, CIP 109618",1,Streptococcus ictaluri,2512047073,facultative anaerobe
,,,,,764299.3,
,,,,,GCA_000188015,
137714,MPRL 2404,"CIP 106106, NCTC 8133, CCUG 4214, BR 7, HDP 98246",0,Streptococcus infantarius,53354.15,facultative anaerobe
,,,,,GCA_901543475,
14833,,"DSM 22957, CCUG 47831, CCUG 48464, NCIMB 700964 (formerly NCDO 964), NCIMB 700964, JCM 7889, CIP 108103, HDP 90246, NCDO 964, UQM 3559",1,Streptococcus infantarius subsp. coli,150055.112,facultative anaerobe
,,,,,2928254298,
14806,O-122,"DSM 12492, ATCC 700779, JCM 10157, CCUG 39817, LMG 18720, GTC 849, CCM 7373, CIP 105949",1,Streptococcus infantis,2534682079,facultative anaerobe
,,,,,649990007,
,,,,,889204.3,
,,,,,889204.5,
,,,,,GCA_000187465,
,,,,,GCA_000260755,
14732,1877,"DSM 20573, ATCC 27335, CIP 103248, CCUG 32759, NCTC 11324, CCUG 17827, JCM 12996, VPI 3372A, CECT 803, LMG 14510, LMG 17840, NCFB 2227, VPI 3372-A, NCDO 2227",1,Streptococcus intermedius,1316583.3,facultative anaerobe
,,,,,1338.42,
,,,,,2537561861,
,,,,,2541047048,
,,,,,GCA_000258445,
,,,,,GCA_000413475,
,,,,,GCA_900475975,
14812,"D56, S182","CCUG 46149, DSM 15350, CIP 106849, NEM 782, KCTC 3877",1,Streptococcus lutetiensis,150055.113,facultative anaerobe
14733,25-1,"CCUG 27653, DSM 20724, ATCC 35911, NCTC 11558, CIP 102912",1,Streptococcus macacae,2512047074,facultative anaerobe
,,,,,2917313891,
,,,,,764298.3,
,,,,,764298.7,
,,,,,GCA_000187995,
,,,,,GCA_900459485,
14835,M54/01/1,"DSM 18627, CCUG 48494, CIP 108309, SAC M54/01/1",1,Streptococcus marimammalium,1123306.3,facultative anaerobe
,,,,,2515154020,
,,,,,GCA_000380045,
133203,HTS5,"DSM 101995, CGMCC 1.15534",1,Streptococcus marmotae,2687453179,facultative anaerobe
,,,,,GCA_001623565,
14830,4401825,"DSM 18628, CCUG 49690, CIP 108498",1,Streptococcus massiliensis,1123307.3,facultative anaerobe
,,,,,1194208.3,
,,,,,2515154013,
,,,,,2551306662,
,,,,,GCA_000341525,
,,,,,GCA_000380065,
14844,WUE3771,"DSM 19192, CCUG 54871",1,Streptococcus merionis,1123308.3,facultative anaerobe
,,,,,2515154010,
,,,,,GCA_000380085,
14825,ON59,"DSM 17118, CCUG 47487, LMG 21734, CIP 108314",1,Streptococcus minor,1123309.3,facultative anaerobe
,,,,,2519103182,
,,,,,GCA_000377005,
14734,"NS 51, SK142, SK 142, NS51","DSM 12643, ATCC 49456, JCM 12971, KCTC 13047, NCTC 12261, CCM 7411, CCUG 31611, CCUG 35790, CIP 103335, KCTC 3556, LMG 14557, NBRC 106071, NCIMB 13770, CCUG 27308",1,Streptococcus mitis,246201.6,facultative anaerobe
,,,,,28037.1427,
,,,,,28037.26,
,,,,,28037.464,
,,,,,648276735,
,,,,,GCA_000148585,
,,,,,GCA_002014755,
,,,,,GCA_019929505,
,,,,,GCA_900459425,
14736,EML 1738,"DSM 20523, ATCC 25175, IFO 13955, NBRC 13955, NCDO 2062, NCTC 10449, JCM 5705, BCRC 10793, BIOTECH 10528, CCM 6067, CCUG 11877, CCUG 17824, CCUG 6519, CECT 479, CIP 103220, HAMBI 1519, KCTC 3065, LMG 13654, LMG 14558, NCIMB 702062, VTT E-011803, PCM 2502",1,Streptococcus mutans,1123310.3,facultative anaerobe
,,,,,1257041.3,
,,,,,1309.126,
,,,,,1309.175,
,,,,,1309.467,
,,,,,2515154132,
,,,,,2534682100,
,,,,,GCA_000347875,
,,,,,GCA_000375505,
,,,,,GCA_006739205,
14735,"LRA 28 02 81, LRA 028 02 81","DSM 6178, ATCC 35668, CCUG 35176, CIP 103694",0,Streptococcus mutans,1309.468,facultative anaerobe
136742,SK2,"CIP 103216, ATCC 10557, NCDO 2061, NCTC 7864, CCUG 24892, CCUG 25609, LMG 14533, LMG 14649",0,Streptococcus oralis,1891914.162,facultative anaerobe
,,,,,2534682077,
,,,,,GCA_013488065,
24610,"7747, Str. 7747","CCUG 66492, DSM 27088, CECT 8312, NBRC 113013",1,Streptococcus oralis subsp. dentisani,1303.919,facultative anaerobe
,,,,,GCA_000382825,
14740,"LVG/l, PB182, PB 182","DSM 20627, ATCC 35037, KCTC 13048, NCTC 11427, NBRC 113011, JCM 12997, CCUG 13229, CCUG 24891, CCUG 25610, CECT 907, CIP 102922, LMG 14532, KCTC 3285, NCDO 2680",1,Streptococcus oralis subsp. oralis,1303.137,facultative anaerobe
,,,,,1303.89,
,,,,,1303.92,
,,,,,2744054846,
,,,,,2872627392,
,,,,,647000325,
,,,,,648276739,
,,,,,655813.19,
,,,,,655813.3,
,,,,,655813.4,
140138,M8,"CCUG 70868, DSM 100101, JCM 30719",1,Streptococcus oricebi,1547447.3,facultative anaerobe
,,,,,GCA_017883985,
14815,A63,"DSM 15617, ATCC 700640, CCUG 43577, CIP 106965",1,Streptococcus orisratti,1123311.3,facultative anaerobe
,,,,,2515154108,
,,,,,GCA_000380105,
14820,S369-98-1,"DSM 16829, CCUG 39485, CIP 107097, LMG 19174",1,Streptococcus ovis,1123312.3,facultative anaerobe
,,,,,2515154025,
,,,,,GCA_000380125,
157127,,"CCUG 69612, CECT 9179",1,Streptococcus ovuberis,1936207.3,facultative anaerobe
,,,,,GCA_012396585,
158794,,"CECT 8596, DSM 26545, CAIM 1838, CIP 111643",1,Streptococcus penaeicida,1765960.3,facultative anaerobe
,,,,,GCA_002887775,
14807,O-66,"CCUG 39814, GTC 848, DSM 12493, ATCC 700780, JCM 10158, CCM 7374, CIP 105950, LMG 18719",1,Streptococcus peroris,649990011,facultative anaerobe
,,,,,888746.3,
,,,,,GCA_000187585,
14817,"8399H1, 8399H1T","DSM 15635, ATCC 51973, CCUG 35103, LMG 16735, NCTC 12719, SVL 8399 H1, CIP 104665",1,Streptococcus phocae subsp. phocae,119224.3,facultative anaerobe
,,,,,2645727566,
,,,,,GCA_001302265,
14843,1956-02,"CCUG 55064, DSM 22810, CCUG 52972, CECT 7308",1,Streptococcus plurextorum,1123314.3,facultative anaerobe
,,,,,2522572191,
,,,,,GCA_000423745,
14749,"SV 1, SV1","DSM 20566, ATCC 33400, NCTC 7465, CCUG 28588, LMG 14545, CIP 102911",1,Streptococcus pneumoniae,1313.6914,facultative anaerobe
,,,,,1313.9967,
,,,,,1313.9968,
,,,,,2663763358,
,,,,,GCA_001457635,
,,,,,GCA_001679515,
,,,,,GCA_001679535,
14747,,"DSM 14377, ATCC 6303, CCUG 33062, CIP 104225",0,Streptococcus pneumoniae,1313.13854,facultative anaerobe
14750,"Jorgensen 262, 262","DSM 24048, ATCC 49619, CCM 4501, CCUG 33638, DSM 11967, LMG 15155, CIP 104340, NCTC 12977",0,Streptococcus pneumoniae,1313.16298,facultative anaerobe
,,,,,GCA_003966485,
136390,D 39,"CIP 105179, NCTC 7466",0,Streptococcus pneumoniae,1313.159,facultative anaerobe
,,,,,2860972970,
,,,,,GCA_900475305,
14845,2923-03,"DSM 23759, CCUG 55896, CECT 7374",1,Streptococcus porci,1123315.3,facultative anaerobe
,,,,,2523533542,
,,,,,GCA_000423765,
14752,176,"DSM 20725, ATCC 43138, NCTC 10999, CIP 103218, CCM 6043, CCUG 27628",1,Streptococcus porcinus,1340.4,facultative anaerobe
,,,,,2808606634,
,,,,,GCA_900475415,
14831,"O 108, 0108","DSM 18670, ATCC BAA-960, CCUG 49455, CIP 108659, CDC SS-1757",1,Streptococcus pseudopneumoniae,2531839346,facultative anaerobe
,,,,,889205.9,
,,,,,GCA_000257825,
,,,,,GCA_002087075,
14758,"SF 130, T1, SF 130/13, TI","DSM 20565, ATCC 12344, NCTC 8198, JCM 5674, BCRC 14758, CCUG 12701, CCUG 4207, CECT 985, CGMCC 1.8868, CIP 56.41, NCDO 2381, NCDO 2726, NCIMB 11841, IMET 3002",1,Streptococcus pyogenes,1123316.3,facultative anaerobe
,,,,,1314.2404,
,,,,,1314.433,
,,,,,1314.47,
,,,,,1314.951,
,,,,,2523533626,
,,,,,GCA_000421785,
,,,,,GCA_001982785,
,,,,,GCA_002055535,
,,,,,GCA_004028355,
14757,Bruno,"DSM 11728, ATCC 19615, CIP 104226, CCUG 33061, CCM 7418",0,Streptococcus pyogenes,1314.168,facultative anaerobe
,,,,,1314.2457,
,,,,,1314.432,
,,,,,GCA_000743015,
,,,,,GCA_001982765,
,,,,,GCA_008868255,
134409,T5 B,"CIP 56.46, ATCC 12347, IMET 3021, NCTC 8193",0,Streptococcus pyogenes,1314.2389,facultative anaerobe
,,,,,GCA_901472475,
134724,63T,"CIP 56.59, ATCC 10403, IMET 3067, NCTC 8330",0,Streptococcus pyogenes,1314.821,facultative anaerobe
,,,,,GCA_900461655,
135305,S 43/78,"CIP 56.47, IMET 3024, NCTC 8302, CCUG 12706",0,Streptococcus pyogenes,1314.898,facultative anaerobe
,,,,,GCA_900636725,
135319,Symons,"CIP 56.50, ATCC 12350, NCTC 8316, CCUG 37686",0,Streptococcus pyogenes,1314.733,facultative anaerobe
,,,,,GCA_900474945,
135366,3722/17,"CIP 56.52, NCTC 8300",0,Streptococcus pyogenes,1314.722,facultative anaerobe
,,,,,GCA_900474815,
137465,J 17 C,"CIP 56.57, ATCC 12357, IMET 3060, NCTC 8320, CCUG 12718",0,Streptococcus pyogenes,1314.753,facultative anaerobe
,,,,,2925803923,
,,,,,GCA_900475485,
14763,"FA1, FA-1","DSM 20564, ATCC 19645, CIP 102509, CCM 6068, CCUG 27642, IMET 3280, NCDO 2723, NCTC 10920",1,Streptococcus ratti,699248.3,facultative anaerobe
,,,,,699248.4,
,,,,,GCA_000286075,
,,,,,GCA_000347915,
158414,HTS25,"DSM 101998, CGMCC 1.15531",1,Streptococcus respiraculi,2825541525,facultative anaerobe
,,,,,GCA_003595525,
24609,beta 112/2b,"DSM 26920, LMG 27207, CCUG 66516",1,Streptococcus rubneri,1234680.3,facultative anaerobe
,,,,,1234680.7,
,,,,,GCA_004785935,
,,,,,GCA_016642415,
14765,275,"DSM 20560, ATCC 7073, NCTC 8618, JCM 5707, BCRC 17388, CCM 4046, CCUG 11878, CCUG 17825, CCUG 50207, CECT 805, CIP 102503, HAMBI 1716, LMG 11489, NCFB 1779, NCIMB 701779, IMET 3163, NCDO 1779",1,Streptococcus salivarius,1304.1712,facultative anaerobe
,,,,,1304.172,
,,,,,1304.173,
,,,,,1304.1737,
,,,,,1304.1759,
,,,,,1304.213,
,,,,,1304.426,
,,,,,2684623183,
,,,,,2687453658,
,,,,,GCA_000785515,
14767,,"DSM 20567, ATCC 10556, JCM 5708, CCUG 17826, CECT 480, CIP 55.128, KCTC 3284, LMG 14702, NCFB 2064, NCIMB 702064, NCTC 7863, NCDO 2064",1,Streptococcus sanguinis,1305.147,facultative anaerobe
,,,,,888807.3,
,,,,,888807.6,
,,,,,GCA_000194945,
,,,,,GCA_001593525,
,,,,,GCA_900475505,
14810,"HKU4, HKU 4","DSM 14990, LMG 21517, CIP 107480",1,Streptococcus sinensis,176090.4,facultative anaerobe
,,,,,2636415646,
,,,,,GCA_000767835,
14769,SL1,"DSM 20742, ATCC 33478, CCM 6070, CCUG 25735, CAPM 6070, CIP 103230, NCDO 2724",1,Streptococcus sobrinus,1123317.3,facultative anaerobe
,,,,,1123317.4,
,,,,,1123317.5,
,,,,,2526164737,
,,,,,2534682312,
,,,,,2563366731,
,,,,,GCA_000347935,
,,,,,GCA_000439045,
,,,,,GCA_000686605,
,,,,,GCA_003172995,
14796,S735,"DSM 9682, ATCC 43765, CCUG 7984, NCTC 10234, CIP 103217, Henrichsen S735",1,Streptococcus suis,1184252.3,facultative anaerobe
,,,,,1307.2047,
,,,,,2917285515,
,,,,,GCA_000294495,
,,,,,GCA_900475585,
14786,"(B of R), B of R","CCUG 21957, LMG 6896, CCTM 3104, DSM 20617, ATCC 19258, NCDO 573, NCIB 8510, WDCM 00134, JCM 17834, BCRC 13869, CECT 986, CIP 102303, GIFU 8593, KCTC 3658, LMG 13102, NCIMB 8510, NRIC 0256, VTT E-96665, NCTC 12958",1,Streptococcus thermophilus,1308.1093,facultative anaerobe
,,,,,1308.1519,
,,,,,1308.1537,
,,,,,1308.1561,
,,,,,1308.1597,
,,,,,1308.965,
,,,,,GCA_004354505,
,,,,,GCA_010120595,
,,,,,GCA_019972875,
14804,S69,"DSM 12221, LMG 13593, CIP 105518",1,Streptococcus thoraltensis,1123318.3,facultative anaerobe
,,,,,2515154195,
,,,,,GCA_000380145,
14787,,"DSM 20569, ATCC 19436, CCUG 17930, JCM 5709, NCDO 2038, NCTC 3858, BCRC 12579, CCUG 27579, CECT 994, CIP 103219, LMG 9465, NCIMB 702038",1,Streptococcus uberis,1349.243,facultative anaerobe
,,,,,2870424623,
,,,,,GCA_900475595,
14847,,"DSM 22768, JCM 16316, CCUG 70863, NUM 1615, KCTC 15134",1,Streptococcus ursoris,648567.3,facultative anaerobe
,,,,,GCA_012843165,
14794,MM1,"CCUG 24893, CIP 103363, LMG 13516, CCM 7438, BCRC 14734, KCTC 3650, DSM 5636, ATCC 49124, NCTC 12166",1,Streptococcus vestibularis,649990016,facultative anaerobe
,,,,,889206.3,
,,,,,GCA_000188295,
1569,H96B60,"DSM 22440, CGMCC 1.7733",1,Streptohalobacillus salinus,2770939513,facultative anaerobe
,,,,,621096.3,
,,,,,GCA_003201605,
14933,"27-A, 5268","DSM 40268, ATCC 23873, ATCC 25184, CBS 612.68, IFO 12833, ISP 5268, JCM 4342, NBRC 12833, RIA 1189, BCRC 12072, CGMCC 4.1655, CIP 104425, IMET 43518, KCTC 9686, LMG 8597, MTCC 6920, NCIMB 10975, NRRL B-12172, VKM Ac-724, HACC 222",1,Streptomyces albofaciens,1306175.5,facultative anaerobe
,,,,,1306175.6,
,,,,,2734481983,
,,,,,GCA_001315345,
,,,,,GCA_008634025,
14936,7-A,"DSM 40003, ATCC 23875, CBS 614.68, ETH 16834, IFO 12834, ISP 5003, JCM 4004, JCM 4616, NBRC 12834, NRRL B-1305, RIA 1101, BCRC 12230, CGMCC 4.0565, CIP 104424, CIP 104428, HUT 6045, IFO 3413, IFO 3709, KCTC 9675, MTCC 2524, NBRC 3413, NBRC 3709, NCIMB 9604, VKM Ac-1200, VTT E-01260, KCC S-0004",1,Streptomyces albogriseolus,1887.1,facultative anaerobe
,,,,,GCA_014650475,
16011,MA-4297,"DSM 46488, FERM P-2209, IFO 14057, IMET 43729, JCM 4925, KCC S-0925, NBRC 14057, NCIB 11928, NRRL 8057, ATCC 35852, BCRC 13439, CECT 3278, CIP 106797, KCTC 1468, KCTC 1946, NCIMB 11928, CCRC 13439",0,Streptomyces cattleya,1003195.11,facultative anaerobe
,,,,,1003195.29,
,,,,,1003195.37,
,,,,,1003195.38,
,,,,,2504756050,
,,,,,2511231200,
,,,,,2872914712,
,,,,,GCA_000237305,
,,,,,GCA_000240165,
6152,skB26,"DSM 22764, NBRC 105220",1,Sulfuricella denitrificans,1163617.8,facultative anaerobe
,,,,,2531839478,
,,,,,GCA_000297055,
24101,GD1,"DSM 19862, JCM 16533",1,Sulfurimonas gotlandica,2811995045,facultative anaerobe
,,,,,929558.5,
,,,,,929558.9,
,,,,,GCA_000242915,
6115,GO25,"DSM 17229, JCM 13212",1,Sulfurimonas paralvinellae,GCA_014905135,facultative anaerobe
140281,J1A,"DSM 103923, NBRC 112474",1,Sulfuritortus calidifontis,1914471.4,facultative anaerobe
,,,,,2784746784,
,,,,,2836985240,
,,,,,GCA_003967275,
,,,,,GCA_004346085,
140422,JG42,"DSM 104776, NBRC 112696",1,Sulfurivermis fontis,2837194640,facultative anaerobe
,,,,,GCA_004001245,
2232,Phe91,"DSM 18149, JCM 13918, NBRC 109482",1,Sulfurospirillum cavolei,1349788.5,facultative anaerobe
,,,,,2645727932,
,,,,,GCA_000813325,
1145,"PN 118, JP 170","DSM 8723, ATCC 700165, JCM 12302, CGMCC 1.3595, CIP 105303, LMG 17950, NRRL B-23347",1,Sutcliffiella halmapala,79882.3,facultative anaerobe
,,,,,GCA_002019665,
17827,,"DSM 14016, ATCC 51579, CIP 104799, KCTC 15691, CCUG 42229, WAL 9799, JCM 32440",1,Sutterella wadsworthensis,2770939567,facultative anaerobe
,,,,,40545.127,
,,,,,40545.5,
,,,,,GCA_003315195,
2238,B6/99/2,"CCUG 47400, DSM 18249, CCUG 49457, CIP 108998, NCTC 13337",1,Suttonella ornithocola,279832.3,facultative anaerobe
,,,,,279832.4,
,,,,,2831467990,
,,,,,2831884335,
,,,,,GCA_001889065,
,,,,,GCA_900460265,
13845,,"DSM 17270, LMG 23018, SAM 4",1,Tateyamaria pelophila,328415.5,facultative anaerobe
,,,,,GCA_019966495,
5177,"BD 875, FERM-P 5449","DSM 13699, ATCC 31623, CCUG 30156, CIP 105599, FERM P-5449, JCM 8882, LMG 22049, SHS 2003, CCM 4319, KCTC 12451, KCTC 2805, NCPPB 3826",1,Tatumella citrea,2757320934,facultative anaerobe
,,,,,53336.1,
,,,,,53336.11,
,,,,,53336.7,
,,,,,GCA_002163585,
5180,"BD878, CMC6","DSM 23827, LMG 23360, NCPPB 4036",1,Tatumella morbirosei,2636416092,facultative anaerobe
,,,,,642227.3,
,,,,,642227.5,
,,,,,GCA_000757425,
366,61717/77,"DSM 10668, ATCC 35865, CIP 7909, NCTC 11184, CCUG 10786, LMG 6222, CIP 79.7",1,Taylorella equigenitalis,2517093031,facultative anaerobe
,,,,,743973.3,
,,,,,743973.6,
,,,,,743973.8,
,,,,,GCA_000276685,
,,,,,GCA_900637125,
24302,B1,"DSM 28717, CGMCC 1.5148, JCM 16806",1,Tepidibacter mesophilus,2832628248,facultative anaerobe
,,,,,655607.3,
,,,,,GCA_002724055,
140911,NK26-11,"LMG 27803, TISTR 2241, PCU 335",1,Terrilactibacillus laevilacticus,2886528837,facultative anaerobe
,,,,,GCA_006517395,
12666,SST-39,"DSM 18582, KCTC 19196, JCM 16025, CGMCC 1.10436",1,Tessaracoccus flavescens,399497.3,facultative anaerobe
,,,,,399497.5,
,,,,,CP019607,
132480,RP1,"DSM 100159, KCTC 39686, MCC 2769",1,Tessaracoccus flavus,1610493.4,facultative anaerobe
,,,,,GCA_001997295,
,,,,,GCA_900107385,
12668,SL014B-20A1,"DSM 22955, CGMCC 1.9159",1,Tessaracoccus oleiagri,2617270936,facultative anaerobe
,,,,,686624.3,
,,,,,GCA_900103275,
132379,,"DSM 27597, CCTCC AB 2013217, YIM 101269, JCM 33580, DSM 27579",1,Tessaracoccus rhinocerotis,1689449.3,facultative anaerobe
,,,,,GCA_007197885,
5255,T11,"DSM 20339, ATCC 33315, IAM 1676, LMG 11490, NCDO 1635, CCUG 32204, CCM 3458, TC 1, JCM 5888, BCRC 12550, CECT 4792, CIP 102263, IAM 12284, NBRC 100498, NCFB 1635, NCIMB 12011",1,Tetragenococcus halophilus subsp. halophilus,1123358.5,facultative anaerobe
,,,,,2574179712,
,,,,,2835202559,
,,,,,GCA_003841405,
5258,"Jenil, JS","CCUG 52901, DSM 16501, KCTC 3924, LMG 22864, JCM 18085, CIP 108884, NBRC 106072",1,Tetragenococcus koreensis,2836819050,facultative anaerobe
,,,,,290335.3,
,,,,,290335.5,
,,,,,GCA_003795145,
,,,,,GCA_007991535,
5257,X-1,"DSM 15685, JCM 10006, CCUG 41880, CIP 105747, LMG 18498, KCTC 21008, NBRC 100499",1,Tetragenococcus muriaticus,1123359.3,facultative anaerobe
,,,,,2524614634,
,,,,,64642.7,
,,,,,GCA_000423785,
5256,"885/78, 885-78","CCUG 29293, LMG 12890, CIP 103330, JCM 8736, DSM 5634, ATCC 49428, NCTC 12193, CCM 4217, CDC 885-78, KCTC 3553, KCTC 3923, NBRC 100494, NCIMB 12902",1,Tetragenococcus solitarius,1223494.3,facultative anaerobe
,,,,,2731957563,
,,,,,GCA_001544195,
14021,CL-GR58,"DSM 18839, KCCM 42674",1,Thalassobaculum litoreum,1123362.3,facultative anaerobe
,,,,,2599185271,
,,,,,GCA_900102465,
13802,XSM19,"DSM 16398, CCUG 49438, CECT 5383, CIP 108400",1,Thalassobius mediterraneus,2681813506,facultative anaerobe
,,,,,2713896964,
,,,,,340021.11,
,,,,,GCA_001458435,
,,,,,GCA_900156595,
133272,PB8B,"MCCC 1A01103, LMG 29620",1,Thalassospira indica,1891279.4,facultative anaerobe
,,,,,2840662270,
13968,1-1B,"DSM 18888, JCM 14578",1,Thalassospira tepidiphila,2829832560,facultative anaerobe
,,,,,393657.3,
,,,,,GCA_011927685,
13909,AR-1,DSM 11528,0,Thauera aromatica,GCA_023093675,facultative anaerobe
130655,SgZ-1,"DSM 100429, CCTCC M 2011497, KACC 16524",1,Thauera humireducens,2775507244,facultative anaerobe
,,,,,GCA_001051995,
166272,D20,"MCCC 1H00305, KCTC 62586",1,Pseudothauera lacus,GCA_003034845,facultative anaerobe
13916,TL1,"CCUG 48884, CIP 106978, ATCC 700857, DSM 12266",1,Thauera mechernichensis,GCA_029588855,facultative anaerobe
158596,KNDSS-Mac4,"KCTC 52820, VTCC B-910017",1,Thauera propionica,2791355018,facultative anaerobe
,,,,,GCA_002245655,
140665,JAD2,"JCM 19131, CCTCC AB 2014030",1,Thermoflexus hugenholtzii,2140918011,facultative anaerobe
,,,,,GCA_900187885,
16974,,"DSM 43927, ATCC 49502, IFO 14346, IMET 9746, INA 2309, JCM 6837, NBRC 14346, VKM Ac-1086, CIP 105485, IMSNU 22165, KCTC 9343, NRRL B-16244",1,Thermomonospora umbrina,111806.3,facultative anaerobe
,,,,,2778260945,
,,,,,GCA_003386555,
16717,HB8,"DSM 579, ATCC 27634, JCM 10941, CGMCC 1.6492, NBRC 101084, NCIMB 11244, CIP 110185",1,Thermus thermophilus,274.5,facultative anaerobe
,,,,,274.57,
,,,,,274.69,
,,,,,274.76,
,,,,,300852.37,
,,,,,300852.38,
,,,,,300852.39,
,,,,,300852.4,
,,,,,300852.9,
,,,,,637000323,
6151,D24TN,"DSM 19892, JCM 15047",1,Thiobacillus thiophilus,2765235835,facultative anaerobe
17897,HL19,"DSM 15699, UNIQEM U223",1,Thiohalorhabdus denitrificans,2596583511,facultative anaerobe
,,,,,381306.7,
5235,,"DSM 18579, CCUG 49520, CIP 108754",1,Thorsellia anophelis,1123402.3,facultative anaerobe
,,,,,2599185261,
,,,,,GCA_900111395,
295,,"DSM 22975, ATCC BAA-1908, OCF 7",1,Tolumonas osonensis,2861511751,facultative anaerobe
,,,,,675874.3,
,,,,,GCA_014202415,
5181,370-85,"DSM 16940, ATCC 49490, CIP 103637, JCM 21227, CDC 0370-85, IAM 14444, NBRC 103172",1,Trabulsiella guamensis,1005994.3,facultative anaerobe
,,,,,2588253800,
,,,,,GCA_000734965,
158379,B5,"DSM 104692, KCTC 33885",1,Trichococcus alkaliphilus,2791354986,facultative anaerobe
,,,,,GCA_003008695,
158378,B7-2,"DSM 104691, KCTC 33886",1,Trichococcus paludicola,2791354984,facultative anaerobe
,,,,,GCA_003052295,
2282,Z-7189,"DSM 9172, CIP 105359",1,Trichococcus palustris,140314.8,facultative anaerobe
,,,,,2619618822,
,,,,,GCA_900114465,
2280,KoTa2,"DSM 2381, ATCC 35945, CCUG 37395, CIP 104580",1,Trichococcus pasteurii,2619618823,facultative anaerobe
,,,,,43064.15,
,,,,,GCA_900112935,
13785,,"DSM 23402, KCCM 42378, NBRC 102038, HTCC 2662, CIP 109709",0,Tritonibacter mobilis,2816332506,facultative anaerobe
,,,,,379347.144,
,,,,,GCA_001681735,
216,"1W3/01, W3/01","DSM 17162, CIP 109229, NCTC 13354, CCUG 59862",1,Trueperella bialowiezensis,2867050372,facultative anaerobe
,,,,,312285.3,
,,,,,GCA_900637955,
217,"2W106/04, W106/04","CCUG 59861, DSM 17163, CIP 109232, NCTC 13355",1,Trueperella bonasi,2923644855,facultative anaerobe
10505,1258/02,"CIP 108700, DSM 17474, CCUG 47806, CECT 5685",1,Uruburuella suis,252130.3,facultative anaerobe
,,,,,2795385457,
,,,,,GCA_004341385,
,,,,,GCA_022870845,
133628,AC-1,"KCTC 13418, LMG 24798",1,Vagococcus acidifermentans,2894066835,facultative anaerobe
,,,,,564710.3,
,,,,,GCA_003987655,
5265,M2661/98/1,"DSM 15697, ATCC BAA-289, CCUG 41755, CIP 106499, CCM 8413",1,Vagococcus fessus,120370.3,facultative anaerobe
,,,,,2894104560,
,,,,,GCA_003987565,
5262,M-29c,"DSM 5731, ATCC 49515, NCDO 2497, CCUG 32704, CIP 102976, LMG 9464",1,Vagococcus fluvialis,2738.3,facultative anaerobe
,,,,,2770939496,
,,,,,GCA_003337315,
,,,,,GCA_003987575,
5266,M1134/97/1,"DSM 15741, ATCC 70083, CCM 4937, CCUG 39187, CIP 106118, ATCC 700839",1,Vagococcus lutrae,81947.4,facultative anaerobe
,,,,,GCA_003987555,
140716,D7T301,"KCTC 21069, JCM 31178",1,Vagococcus martis,GCA_002026305,facultative anaerobe
133543,"CD276, CD 276","LMG 24833, CIP 109914, CCM 8416",1,Vagococcus penaei,2894095031,facultative anaerobe
,,,,,633807.3,
,,,,,633807.5,
,,,,,GCA_001998885,
,,,,,GCA_003987515,
5261,OS1-68,"DSM 6633, ATCC 51200, NCFB 2777, CCUG 33394, LMG 11491, CCM 4305, CIP 104684, NCIMB 13133",1,Vagococcus salmoninarum,2739.3,facultative anaerobe
,,,,,2894100150,
,,,,,GCA_003987495,
132624,,"DSM 101688, JCM 31027, TC 8",1,Varunaivibrio sulfuroxidans,1773489.15,facultative anaerobe
,,,,,2784746782,
,,,,,GCA_004341725,
17181,lac18,"DSM 19857, CCUG 55454, CIP 109767, JCM 15053",1,Veillonella magna,1123489.3,facultative anaerobe
,,,,,2523231015,
,,,,,GCA_000428745,
17291,FG1,"DSM 14438, ATCC 700797, CCRC 17041, KCTC 12701, CCUG 43576, CAIM 906, BCRC (formerly BCRC) 17041, LMG 19650, CIP 108258",1,Vibrio aerogenes,GCA_024346755,facultative anaerobe
166140,E4404,"MCCC 1H00197, KCTC 52890",1,Vibrio albus,GCA_003144035,facultative anaerobe
17369,S277,"DSM 24595, CAIM 1831",1,Vibrio alfacsensis,1074311.9,facultative anaerobe
,,,,,2860786685,
,,,,,GCA_003544875,
17256,"118, XII-53","DSM 2171, ATCC 17749, CCM 2578, CIP 103336, CCUG 13445, NCTC 12160, NCIMB 1903",1,Vibrio alginolyticus,1219076.12,facultative anaerobe
,,,,,1219076.4,
,,,,,2563366623,
,,,,,2667527764,
,,,,,663.83,
,,,,,GCA_000354175,
,,,,,GCA_000467145,
132596,SA2,"DSM 29824, NBRC 111146",1,Vibrio algivorus,1667024.3,facultative anaerobe
,,,,,GCA_002218005,
164332,,"JCM 32691, KCTC 62617, MCCC 1K03516, BEI 207",1,Vibrio aquaticus,GCA_003970385,facultative anaerobe
,,,,,RXZH01000000,
170904,THAF100,"DSM 109633, LMG 31434, CIP 111709",0,Vibrio aquimaris,CP045350,facultative anaerobe
,,,,,CP045351,
,,,,,CP045352,
,,,,,CP045353,
,,,,,GCA_009363415,
17355,,"DSM 25292, CGMCC 1.8461, LMG 24781, HHS 02",1,Vibrio atypicus,558271.3,facultative anaerobe
,,,,,558271.4,
,,,,,GCA_009811315,
17305,NN4/l-abH/1.3,"DSM 17184, CAIM 495, CIP 108395, KCTC 1212, LMG 20546, CCUG 48644",1,Vibrio brasiliensis,649990028,facultative anaerobe
,,,,,945543.3,
,,,,,GCA_000189255,
17319,,"DSM 19270, ATCC 25920, CCM 2582, CCUG 4979, CECT 523, CIP 75.1, LMG 11216, NBRC 15631, NCIMB 1894, NCTC 11317, JCM 1054, BCRC 12909, CAIM 315, CAIM 519, IFO 15631, KCTC 2716, NCCB 73002, NCIMB 1994",1,Vibrio campbellii,1224742.1,facultative anaerobe
,,,,,1224742.13,
,,,,,1224742.3,
,,,,,1224742.7,
,,,,,2537561638,
,,,,,2579778813,
,,,,,2875345634,
,,,,,GCA_000017705,
,,,,,GCA_000334195,
,,,,,GCA_000400345,
17353,"WS 4539, TF11-505","DSM 22364, LMG 25240, CIP 110169",1,Vibrio casei,2860767601,facultative anaerobe
,,,,,673372.5,
,,,,,GCA_002218025,
130763,"strain 3, J4308, 3","CCUG 9118 A, DSM 100200, ATCC 14035, CCUG 9118, CIP 62.13, NCTC 8021, CECT 514",1,Vibrio cholerae,1408478.3,facultative anaerobe
,,,,,2556921658,
,,,,,666.5088,
,,,,,GCA_000621645,
,,,,,GCA_013155105,
,,,,,GCA_028120825,
135777,,"CIP 69.41, ATCC 14547, NCIMB 41, CCUG 48664, LMG 4406, KCTC 12321",0,Vibrio cholerae,140100.3,facultative anaerobe
,,,,,1408477.3,
,,,,,2545555863,
,,,,,2690315698,
,,,,,GCA_000518145,
17320,,"DSM 19608, ATCC 35912, CCUG 19115B, NCTC 12012, CIP 104173, CCUG 19115, LMG 7891",1,Vibrio cincinnatiensis,1123491.3,facultative anaerobe
,,,,,2568526007,
,,,,,675.6,
,,,,,GCA_900167345,
,,,,,GCA_900460255,
17341,GHG2-1,"DSM 19668, LMG 23416, NBRC 102076, CCUG 56972, CIP 109637",1,Vibrio comitans,1219078.3,facultative anaerobe
,,,,,GCA_006538565,
,,,,,GCA_024346835,
17308,,"DSM 17220, CIP 108327, LMG 22240, CCUG 56778, Le Roux LGP 7, LGP 7",1,Vibrio crassostreae,GCA_024347415,facultative anaerobe
130762,P-2P44,"DSM 14264, ATCC 700982, CIP 106644, CCUG 56965, LMG 21359, KCTC 12925, NCIMB 13790",1,Vibrio cyclitrophicus,GCA_024347435,facultative anaerobe
17257,"NSl, NS1","DSM 2604, ATCC 33466, IAM 14402, CCUG 19114, JCM 21185, CIP 103191, LMG 7893, NBRC 103148, NCIMB 2169",1,Vibrio diazotrophicus,1348635.3,facultative anaerobe
,,,,,2609460176,
,,,,,GCA_000740015,
159312,"NFH.MBO10, NFH.MB010","DSM 107264, LMG 30656",1,Vibrio echinoideorum,GCA_004764665,facultative anaerobe
,,,,,GCA_024347455,
17311,HDS1-1,"DSM 17533, IAM 15061, LMG 19970, CCUG 56779, NBRC 102218, JCM 21522, CIP 108520",1,Vibrio ezurae,1219080.4,facultative anaerobe
,,,,,2600255071,
,,,,,GCA_000467185,
,,,,,GCA_003568985,
17321,"VL 5125, 5125","DSM 19283, ATCC 33809, CCM 3689, CCTM La 3552, CCUG 13622, CDC 9555-78, IAM 14403, JCM 3752, LMG 7894, NCIMB 2249, NCTC 11327, WDCM 00137, JCM 1281, BCRC 12830, CAIM 593, CCUG 15268, CCUG 20252, CDC 9555-18, CECT 4217, CGMCC 1.1608, CIP 103355, KCTC 2473, NBRC 103150, NRIC 0818",1,Vibrio fluvialis,1219074.3,facultative anaerobe
,,,,,2681812983,
,,,,,2718218390,
,,,,,676.24,
,,,,,676.29,
,,,,,676.75,
,,,,,GCA_001558415,
,,,,,GCA_001598835,
,,,,,GCA_001890655,
,,,,,GCA_900460245,
17337,,"DSM 19133, CAIM 629, CIP 108196, LMG 21557, CCUG 56780",1,Vibrio fortis,GCA_024347475,facultative anaerobe
158354,FJ201301,"DSM 104687, CGMCC 1.16099",1,Vibrio fujianensis,GCA_002749895,facultative anaerobe
17288,"91 19-82, B3215","NCTC 13120, CIP 102972, KCTC 2731, DSM 19622, ATCC 35016, CCUG 37301, CDC B3215, LMG 7910, CCUG 15269",1,Vibrio furnissii,29494.1,facultative anaerobe
,,,,,29494.12,
,,,,,647000337,
,,,,,675811.4,
,,,,,GCA_000176175,
,,,,,GCA_900460225,
132360,S2757,"DSM 100497, LMG 28895",1,Vibrio galatheae,2791355472,facultative anaerobe
,,,,,GCA_000967545,
139784,SZDIS-1,"DSM 104291, CGMCC 1.15236",1,Vibrio gangliei,2077090.3,facultative anaerobe
,,,,,2882410081,
,,,,,GCA_002934045,
17322,PB1,"DSM 21264, ATCC 29988, CIP 103173, JCM 21187, NBRC 103151, CCUG 57114, IAM 14404, NCIMB 2250, CCUG 20307",1,Vibrio gazogenes,1123492.4,facultative anaerobe
,,,,,2582581274,
,,,,,GCA_023920225,
,,,,,GCA_024346915,
,,,,,GCA_900129185,
,,,,,GCA_900163915,
17313,,"DSM 18531, CIP 108656, LMG 22741, CCUG 56969, LGP 13",1,Vibrio gigantis,GCA_024347515,facultative anaerobe
17263,,"DSM 19623, ATCC 14126, CCUG 28584, CECT 525, LMG 4044, NBRC 15634, NCMB 1280, JCM 33361, CIP 103192, IFO 15634, NCCB 80033, NCIMB 1280, NCTC 12970",1,Vibrio harveyi,1219071.3,facultative anaerobe
,,,,,1219071.9,
,,,,,2571042430,
,,,,,2636415586,
,,,,,2667527887,
,,,,,2731957638,
,,,,,669.166,
,,,,,669.47,
,,,,,GCA_000400305,
,,,,,GCA_001263135,
17338,1P,"CCUG 56970, DSM 19134, CAIM 693, CIP 108391, LMG 20362",1,Vibrio hepatarius,171383.3,facultative anaerobe
,,,,,2648501158,
,,,,,GCA_001274785,
17343,RW14,"DSM 19661, LMG 23434, NBRC 102082, CCUG 56971, CIP 109635",1,Vibrio inusitatus,1219070.3,facultative anaerobe
,,,,,GCA_006538525,
,,,,,GCA_024346935,
23341,,"DSM 27061, JCM 16453, LMG 25398, TCFB 0772",1,Vibrio jasicida,1229494.3,facultative anaerobe
,,,,,GCA_000400365,
17302,,"DSM 17181, CAIM 485, CIP 108275, LMG 20539, CCUG 56968",1,Vibrio kanaloae,1207396.3,facultative anaerobe
,,,,,1207404.3,
,,,,,1207422.3,
,,,,,170673.15,
,,,,,GCA_008801285,
,,,,,GCA_024347535,
17312,"MANO22D, Mano22 deep","DSM 17657, CAIM 315, CIP 109585, KCTC 12520",1,Vibrio litoralis,1123493.3,facultative anaerobe
,,,,,2524614821,
,,,,,GCA_000426765,
17286,AK1,"DSM 13774, ATCC BAA-91, CIP 107136, LMG 19703",0,Vibrio mediterranei,GCA_000181535,facultative anaerobe
17323,M 34,"CCUG 7490, NCTC 262, ATCC 700040, CIP 69.14, JCM 21189, DSM 19132, CAIM 317, ICPB 3551, LMG 11664, NCTC 8443, GIFU 3198, IAM 14406, NBRC 103153",1,Vibrio metschnikovii,28172.6,facultative anaerobe
,,,,,647000339,
,,,,,675813.3,
,,,,,GCA_000176155,
,,,,,GCA_900460295,
134812,,"CIP 69.15, NCTC 8563",0,Vibrio metschnikovii,2806310676,facultative anaerobe
,,,,,28172.7,
,,,,,GCA_900460305,
17324,1721-77,"DSM 19130, ATCC 33653, CCM 4552, CCUG 13624, CDC 1721-77, LMG 7896, NCTC 11435, CIP 101888",1,Vibrio mimicus,2916739052,facultative anaerobe
,,,,,674.53,
,,,,,GCA_900460385,
136567,"161, 269-80","CIP 106921, ATCC 33654",0,Vibrio mimicus,2718218203,facultative anaerobe
,,,,,674.46,
,,,,,674.62,
,,,,,GCA_008464965,
17331,165,"NCIMB 13275, DSM 19137, ATCC 51288, CAIM 528, CCUG 38424, CECT 632, LMG 19157, CIP 103929",1,Vibrio mytili,2630968428,facultative anaerobe
,,,,,50718.3,
,,,,,GCA_000830505,
17309,"HDD 3-1, HDD3-1","DSM 17531, IAM 15060, LMG 19973, JCM 21521, CIP 108521",1,Vibrio neonatus,GCA_024346975,facultative anaerobe
17306,,"DSM 17183, CAIM 532, CIP 108274, KCTC 12702, LMG 20536, KCTC 12123, INCO 17",1,Vibrio neptunius,170651.32,facultative anaerobe
,,,,,GCA_019339365,
17325,,"DSM 19584, ATCC 25917, CCUG 28585, CECT 595, CIP 75.05, LMG 3895, NCMB 1897, CIP 103194, JCM 21190, BCRC 12914, CAIM 322, IAM 14407, IFO 15637, JCM 1141, KCTC 12677, KCTC 2722, NBRC 15637, NCCB 73020, NCIMB 1897",1,Beneckea nereis,1219068.3,facultative anaerobe
,,,,,2675903410,
,,,,,2740892531,
,,,,,693.5,
,,,,,GCA_001274805,
,,,,,GCA_001591105,
17328,717,"DSM 19136, ATCC 33934, CAIM 332, LMG 7897, CCUG 16389, CIP 102891, NCIMB 2195, KCTC 12680",1,Vibrio orientalis,675816.3,facultative anaerobe
,,,,,675816.5,
,,,,,GCA_000176235,
,,,,,GCA_000222645,
164331,,"JCM 32690, KCTC 62616, MCCC 1K03515, BEI 176",1,Vibrio ouci,GCA_004551525,facultative anaerobe
,,,,,SATR01000000,
17339,STD3 1057,"DSM 19139, CAIM 530, CIP 108197, LMG 19999",1,Vibrio pacinii,1123494.3,facultative anaerobe
,,,,,2565956518,
,,,,,GCA_000711795,
140734,EAod9,"CECT 9027, LMG 29724",1,Vibrio palustris,1918946.4,facultative anaerobe
,,,,,2791355474,
,,,,,GCA_024346995,
,,,,,GCA_900162645,
17267,"113, EB 101","DSM 10027, ATCC 17802, CIP 75.2, NCMB 1902, NCTC 10903, WDCM 00037, JCM 32818, BCRC 10806, CAIM 320, CCUG 14474, CCUG 15657, CCUG 4224, CECT 511, CECT 589, IFO 12711, LMG 2850, NBRC 12711, NCCB 77010, NCCB 77018, NCIMB 1902, NRRL B-4167, CCTM 2011",1,Vibrio parahaemolyticus,1219066.3,facultative anaerobe
,,,,,2636415491,
,,,,,2648501435,
,,,,,2721755783,
,,,,,2916730169,
,,,,,670.1066,
,,,,,670.1462,
,,,,,670.1655,
,,,,,670.428,
,,,,,670.5,
17290,KH-1,"DSM 14398, IFO 15640, JCM 9123, NBRC 15640, ATCC 51841, CAIM 285, CIP 104417, LMG 19663, LMG 19518",1,Vibrio penaeicida,104609.11,facultative anaerobe
,,,,,104609.16,
,,,,,104609.21,
,,,,,104609.26,
,,,,,104609.6,
,,,,,GCA_003970425,
,,,,,GCA_019977755,
17301,,"DSM 17180, CAIM 578, CIP 108273, LMG 20537",1,Vibrio pomeroyi,GCA_024347595,facultative anaerobe
17295,369,"DSM 16217, CECT 5869, CCUG 50742, CIP 108539",1,Vibrio ponticus,265668.17,facultative anaerobe
,,,,,GCA_009938225,
17275,,"DSM 30189, ATCC 15338, CIP 73.06, IFO 13287, NBRC 13287, NCMB 1326, CCUG 20302, LMG 3772, CIP 710, JCM 21193, CCEB 710, CGMCC 1.8871, IAM 14410, NCIMB 1326, CIP 102892",1,Vibrio proteolyticus,1219065.4,facultative anaerobe
,,,,,2600255074,
,,,,,GCA_000467125,
17342,RW22,"DSM 19662, LMG 23674, NBRC 102084, CIP 109638",1,Vibrio rarus,GCA_024347075,facultative anaerobe
17314,MSSRF3,"DSM 18581, LMG 23790",1,Vibrio rhizosphaerae,1123497.3,facultative anaerobe
,,,,,2565956521,
,,,,,GCA_000711805,
,,,,,GCA_024347095,
17307,"R-14939, RFT 16","DSM 17186, CAIM 577, LMG 21460, CIP 107930, KCTC 12125",1,Vibrio rotiferianus,1224743.12,facultative anaerobe
,,,,,1224743.3,
,,,,,2579778863,
,,,,,GCA_000400405,
,,,,,GCA_002741985,
17293,VR1,"DSM 16370, CCRC 17186, JCM 11486, BCRC 17186, CIP 107960",1,Vibrio ruber,1123498.5,facultative anaerobe
,,,,,2574179726,
,,,,,2916703105,
,,,,,GCA_900163965,
140735,SMJ21,"CECT 9026, LMG 29723",1,Vibrio spartinae,1918945.3,facultative anaerobe
,,,,,2791355470,
,,,,,GCA_024347135,
,,,,,GCA_900149295,
17329,,"DSM 19640, ATCC 33125, CECT 528, LMG 4042, NCCB 53037, NCIMB 1, CIP 102893, KCTC 12679",1,Vibrio splendidus,2916752974,facultative anaerobe
,,,,,29497.15,
,,,,,29497.3,
,,,,,GCA_001558015,
,,,,,GCA_002737025,
24663,AlyHP32,"DSM 26178, CECT 8714, KCTC 32085",0,Vibrio splendidus,1220705.6,facultative anaerobe
,,,,,2767802216,
,,,,,GCA_900089845,
17297,G3-29,"DSM 16383, IAM 15009, LMG 21323, CCUG 48665, JCM 21480, CIP 108261, NBRC 103154",1,Vibrio superstes,1219062.3,facultative anaerobe
,,,,,2916707383,
,,,,,GCA_003569005,
,,,,,GCA_007990955,
17332,B1090,"DSM 21475, ATCC 700075, CECT 4600, CIP 104856, LMG 19706",1,Vibrio tapetis,1671868.3,facultative anaerobe
,,,,,2850901066,
,,,,,52443.5,
,,,,,GCA_900233005,
17330,,"DSM 19142, ATCC 19109, CAIM 313, CCUG 19118, CECT 4196, CIP 102760, LMG 10936, NBRC 15644, NCIMB 1340, CCUG 38428",1,Vibrio tubiashii,1051646.2,facultative anaerobe
,,,,,1051646.21,
,,,,,1051646.22,
,,,,,1051646.23,
,,,,,1051646.3,
,,,,,1051646.9,
,,,,,2512047081,
,,,,,2627854020,
,,,,,GCA_000222665,
,,,,,GCA_000772105,
17276,324,"DSM 10143, ATCC 27562, WDCM 00139, JCM 3725, BCRC 12905, CAIM 610, CCUG 13448, CCUG 16394, CDC 9107-79, CECT 529, CGMCC 1.3751, CIP 75.4, IFO 15645, KCTC 2959, LMG 13545, LMG 7898, NBRC 15645, NCIMB 2046, NRIC 0817, NCTC 13647",1,Vibrio vulnificus,1219061.25,facultative anaerobe
,,,,,1219061.29,
,,,,,1219061.3,
,,,,,2547132173,
,,,,,2675903639,
,,,,,2897848256,
,,,,,GCA_000299635,
,,,,,GCA_001591065,
,,,,,GCA_002224265,
136180,,"CIP 103196, ATCC 33147, NCIMB 2136",0,Vibrio vulnificus,2651869775,facultative anaerobe
,,,,,672.93,
,,,,,GCA_000764895,
17304,"STD3-1071, R-15052, R129","DSM 17185, CAIM 467, CIP 108271, KCTC 12703, LMG 21346, KCTC 12122",1,Vibrio xuii,170661.3,facultative anaerobe
,,,,,2740892532,
,,,,,GCA_001274855,
1496,IDS-20,"DSM 25790, CCUG 59308, KCTC 13727",1,Virgibacillus alimentarius,2913450449,facultative anaerobe
,,,,,744463.3,
,,,,,GCA_017874635,
1474,"B 21, 3028","DSM 26, ATCC 14576, CCM 2049, LMG 7129, NCIB 8775, NCTC 8162, CCUG 7424, CIP 51.24, IAM 11061, CN 3028, NRS B21, JCM 20334, BCRC 14681, CCEB 635, CECT 42, NBRC 102447, NCAIM B.01092, NCFB 1765, NCIMB 8775, NRRL NRS-1321, OUT 8418, PCM 454, VKM B-1244, VKM B-507, NCDO 1765, NRRL: NRS-1321",1,Virgibacillus pantothenticus,GCA_001189575,facultative anaerobe
,,,,,GCA_900156795,
8035,Yu-655-43,"DSM 44793, CCUG 46558, CIP 107213, IFO 16418, JCM 11001, KCTC 13915, NBRC 16418, BCRC 16330, CGMCC 4.5561, ATCC BAA-484",1,Virgisporangium ochraceum,65505.3,facultative anaerobe
,,,,,GCA_016863655,
11749,Gerl.236/81,"DSM 15534, CCUG 47536, Him 698-7/8, CIP 108407",1,Volucribacter psittacicida,203482.3,facultative anaerobe
,,,,,2802428817,
,,,,,GCA_004339025,
6857,II-I-59,"DSM 15878, CCUG 41967, LMG 17699, CIP 107376, KCTC 3807, JCM 12495, NBRC 106073, KCTC 3817",1,Weissella cibaria,137591.149,facultative anaerobe
,,,,,GCA_005405525,
6844,548-D,"DSM 20196, ATCC 10881, NCDO 1586, NCIB 9311, CCUG 30113, JCM 1093, BCRC 14002, CECT 4707, CIP 103172, LMG 9497, NBRC 106469, NCIMB 9311, NRIC 0207, NRRL B-1064, VTT E-90393",1,Weissella confusa,1583.181,facultative anaerobe
,,,,,1583.2,
,,,,,1583.306,
,,,,,2660238305,
,,,,,GCA_001436895,
,,,,,GCA_007991875,
138177,R-915-5,"CIP 105139, ATCC 14434, JCM 1562, LMG 11983, NCFB 1969",0,Weissella confusa,1583.301,facultative anaerobe
,,,,,GCA_016466635,
,,,,,GCA_025908495,
24151,ORY33,"DSM 27940, JCM 18559, KACC 16890",1,Weissella diestrammenae,1162633.3,facultative anaerobe
,,,,,1162633.4,
,,,,,2896402965,
,,,,,2901190185,
,,,,,GCA_014397255,
6845,G1,"CCUG 33457, LMG 9469, DSM 20190, ATCC 35410, JCM 1114, BCRC 14050, CECT 573, CGMCC 1.2440, CIP 103005, NCIMB 702781, NRIC 1627, VTT E-98965",1,Weissella halotolerans,1123500.3,facultative anaerobe
,,,,,1123500.6,
,,,,,2522572202,
,,,,,2690315969,
,,,,,GCA_000420365,
,,,,,GCA_001436865,
6852,LV346,"DSM 7378, ATCC 51523, NCFB 2973, CCUG 33494, LMG 15125, JCM 10103, CECT 7033, CIP 109879, IFO 15553, KCTC 3668, NBRC 15553, NCIMB 702973",1,Weissella hellenica,46256.12,facultative anaerobe
,,,,,46256.14,
,,,,,46256.17,
,,,,,GCA_005405545,
,,,,,GCA_006540065,
,,,,,GCA_012396435,
6846,"L250, L 250","DSM 20593, ATCC 51149, NCFB 2753, CCUG 32237, JCM 5817, BCRC 14624, CECT 4307, CGMCC 1.2474, CIP 102809, LMG 14471, LMG 18979, LMG 9481, NCIMB 702753, NRIC 1628, NCDO 2753",1,Weissella kandleri,1616.3,facultative anaerobe
,,,,,2700989265,
,,,,,GCA_001438705,
6854,S-5623,"DSM 15830, CCUG 47134, CIP 107634, JCM 11263, KCCM 41516, KCTC 3621",1,Weissella koreensis,1123721.3,facultative anaerobe
,,,,,GCA_000277645,
6847,3,"CCUG 30668, DSM 20014, ATCC 35412, JCM 1168, BCRC 14049, CECT 572, CIP 102978, KCTC 3604, LMG 9847, NCFB 1973, NCIMB 702780, NRIC 1625, NCDO 1973",1,Weissella minor,1620.3,facultative anaerobe
,,,,,2671181108,
,,,,,GCA_001437425,
6851,"R 80, R80","DSM 20288, ATCC 33313, NCDO 803, CCUG 30068, NRRL B-3471, JCM 9890, BCRC 14006, CECT 4268, CECT 4787, CIP 102421, JCM 6126, KACC 10213, KCTC 3531, LMG 9852, NBRC 109620, NCIMB 13092, NRIC 1542, NRRL B-1186, VTT E-98967, IMET 10704",1,Weissella paramesenteroides,585506.3,facultative anaerobe
,,,,,645058793,
,,,,,GCA_000160575,
6853,"Mi268, Mi 268","DSM 14420, LMG 20113, CCUG 46608, JCM 12536, KCTC 3789, NBRC 106074, CIP 107584",1,Weissella soli,155866.8,facultative anaerobe
,,,,,155866.9,
,,,,,GCA_007991555,
,,,,,GCA_012396465,
6855,FS61-1,"DSM 15832, HSCC 1412, JCM 10695, NRIC 0298, TISTR 1384, CCUG 46557, CIP 106751, KCTC 3751, PCU 210, NBRC 109621",1,Weissella thailandensis,2849979616,facultative anaerobe
,,,,,89061.3,
,,,,,89061.4,
,,,,,89061.5,
,,,,,89061.6,
,,,,,GCA_003363255,
,,,,,GCA_005405465,
,,,,,GCA_007992575,
,,,,,GCA_012396385,
6849,"S38A, S 38A","DSM 20410, ATCC 12706, CCM 56, NCDO 1655, NCIB 8965, WDCM 00105, JCM 1174, BCRC 11650, CCUG 21533, CCUG 30502, CECT 283, CIP 102810, IAM 13546, KCTC 3504, LMG 3507, NCCB 71015, NCFB 1655, NCIMB 8965, NCTC 13645, NCTC 13770, NRIC 1536, NRRL B-1951, VKM B-1528, VTT E-98966",1,Weissella viridescens,1629.13,facultative anaerobe
,,,,,1629.5,
,,,,,2690315949,
,,,,,2713896977,
,,,,,2808606721,
,,,,,GCA_001437355,
,,,,,GCA_001460875,
,,,,,GCA_900460455,
133229,XDB06,"KCTC 52041, MCCC 1K02285",1,Wenzhouxiangella sediminis,2832870718,facultative anaerobe
,,,,,GCA_003410055,
167,97/90,"CCUG 32252, DSM 8576, ATCC 51847, CIP 104015",1,Winkia neuii subsp. neuii,1120945.3,facultative anaerobe
,,,,,2524023166,
,,,,,GCA_000420405,
141145,XK5,"ATCC BAA-2615, CICC 10905",1,Woeseia oceani,2751185661,facultative anaerobe
,,,,,GCA_001677435,
158559,34C10-3-10,"CFCC 12747, KCTC 52796",1,Wohlfahrtiimonas populi,2791354929,facultative anaerobe
,,,,,GCA_002006795,
5187,"Q 58, Q58","DSM 4764, ATCC 49542, CCM 7079, UQM 2871, CIP 109145",1,Xenorhabdus beddingii,2897667629,facultative anaerobe
,,,,,40578.4,
,,,,,GCA_002127545,
5193,Bic,"DSM 16342, CIP 108891, NCIMB 14016",1,Xenorhabdus budapestensis,2895349264,facultative anaerobe
,,,,,290110.6,
,,,,,GCA_002632465,
5201,USTX62,"DSM 17905, CIP 109066",1,Xenorhabdus cabanillasii,2778260932,facultative anaerobe
,,,,,351673.4,
,,,,,GCA_003386665,
5204,FRM16,"DSM 17909, CIP 109074",1,Xenorhabdus doucetiae,2599185204,facultative anaerobe
,,,,,2630968576,
,,,,,351671.5,
,,,,,351671.8,
,,,,,GCA_000968195,
,,,,,GCA_008124675,
5191,Ser,"DSM 16337, CIP 108893, NCIMB 14018",1,Xenorhabdus ehlersii,2772190835,facultative anaerobe
,,,,,290111.5,
,,,,,290111.6,
,,,,,GCA_002632445,
,,,,,GCA_003610465,
5206,ID10,"DSM 17911, CIP 109073",1,Xenorhabdus griffiniae,GCA_028598495,facultative anaerobe
5199,KE01,"DSM 17903, CIP 109072",1,Xenorhabdus hominickii,351679.6,facultative anaerobe
,,,,,GCA_002632725,
5194,28,"DSM 17382, CIP 108830, CCM 7375",1,Xenorhabdus indica,333964.4,facultative anaerobe
,,,,,GCA_014467235,
5192,Sca,"DSM 16336, CIP 108894, NCIMB 14017, NCIMB 14018",1,Xenorhabdus innexi,2895319678,facultative anaerobe
,,,,,290109.8,
,,,,,GCA_002632485,
23011,GDh7,"DSM 22670, CGMCC 1.9166",1,Xenorhabdus ishibashii,1034471.3,facultative anaerobe
,,,,,2839585306,
,,,,,GCA_002632755,
5189,SK-1,"DSM 16522, CIP 108997, IAM 14265",1,Xenorhabdus japonica,2684622846,facultative anaerobe
,,,,,53341.3,
,,,,,GCA_900115195,
5202,SaV,"DSM 17907, CIP 109068",1,Xenorhabdus kozodoii,351676.4,facultative anaerobe
,,,,,GCA_002632875,
5203,VC01,"DSM 17908, CIP 109075",1,Xenorhabdus mauleonii,2684622849,facultative anaerobe
,,,,,351675.6,
,,,,,351675.7,
,,,,,GCA_002632685,
,,,,,GCA_900113945,
5185,,"DSM 3370, ATCC 19061, CCM 7081, CCUG 14189, CIP 108994, LMG 1036, CUETM 8319",1,Xenorhabdus nematophila,406817.27,facultative anaerobe
,,,,,406817.32,
,,,,,649633108,
,,,,,GCA_000252955,
5200,TH01,"DSM 17904, CIP 109067",1,Xenorhabdus stockiae,2897671627,facultative anaerobe
,,,,,351614.4,
,,,,,GCA_002632825,
5208,VN01,"DSM 22392, CIP 109945",1,Xenorhabdus vietnamensis,2895364164,facultative anaerobe
,,,,,351656.5,
,,,,,GCA_002127535,
12611,XIL07,"DSM 15894, CECT 5975, LMG 20990, JCM 12276, KCTC 9989, NBRC 107835, CIP 108193",1,Xylanimonas cellulosilytica,446471.16,facultative anaerobe
,,,,,446471.6,
,,,,,646311968,
,,,,,GCA_000024965,
166325,FW10M-9,"KACC 19331, NBRC 113053",1,Xylanimonas protaetiae,GCA_004135385,facultative anaerobe
5221,,"DSM 18303, ATCC 35236, CCUG 18770, CDC 669-83, CNY 6005, JCM 5892, CECT 4314, CIP 103162",1,Yersinia aldovae,527002.3,facultative anaerobe
,,,,,645058792,
,,,,,GCA_000173735,
5218,"Y159, H254-36/86, Y 159","DSM 14987, CIP 109000, LMG 22254, CCUG 52872, WA 758, WA 120",1,Yersinia aleksiciae,263819.4,facultative anaerobe
5210,33114,"DSM 4780, ATCC 9610, CIP 80.27, NCTC 12982, WDCM 00038, JCM 7577, BCRC 13999, CCM 7204, CCUG 11291, CCUG 12369, CECT 4315, ICMP 15678, LMG 7899, NBRC 105693, NRIC 0819, VTT E-97838, CNY 161",1,Yersinia enterocolitica subsp. enterocolitica,1218100.3,facultative anaerobe
,,,,,150052.14,
,,,,,2731957712,
,,,,,630.33,
,,,,,GCA_000755055,
,,,,,GCA_001598735,
,,,,,GCA_901472495,
5217,Y11,"DSM 13030, CCUG 52867, CECT 9144, CIP 106945, WDCM 00216",1,Yersinia enterocolitica subsp. palearctica,930944.24,facultative anaerobe
,,,,,930944.6,
,,,,,GCA_000253175,
5229,"SpK, MH96","DSM 22339, ATCC BAA-1678, CIP 110202, CCUG 59867",1,Yersinia entomophaga,2795385501,facultative anaerobe
,,,,,GCA_001656035,
5222,,"DSM 18490, ATCC 33641, CCUG 11293, CIP 80.29, NCTC 11470, CIP 8029, CNY 6175",1,Yersinia frederiksenii,2617271017,facultative anaerobe
,,,,,29484.45,
,,,,,349966.5,
,,,,,349966.8,
,,,,,638341239,
,,,,,GCA_000168015,
,,,,,GCA_000754805,
,,,,,GCA_900460425,
5227,,"DSM 18543, ATCC 33638, CCUG 11294, CIP 80.30, NCTC 11471, JCM 7576, CCUG 8241, CDC 1458-81, CNY 105",1,Yersinia kristensenii subsp. kristensenii,28152.3,facultative anaerobe
,,,,,527012.3,
,,,,,645058790,
,,,,,GCA_000173715,
,,,,,GCA_900460525,
5228,50640,"DSM 21859, CCUG 53443, CIP 109351",1,Yersinia massiliensis,1205683.4,facultative anaerobe
,,,,,2551306129,
,,,,,419257.13,
,,,,,GCA_000312485,
,,,,,GCA_902170765,
136990,,"CIP 109352, CCUG 53444",0,Yersinia massiliensis,419257.11,facultative anaerobe
,,,,,GCA_902170715,
5230,APN3a-c,"CCUG 60891, DSM 22296, CIP 110231, LMG 25213",1,Yersinia nurmii,2667528026,facultative anaerobe
,,,,,GCA_001112925,
5216,14,"DSM 8992, ATCC 29833, CIP 55.85, NCTC 10275, CCUG 5855, JCM 1676, NBRC 105692",1,Yersinia pseudotuberculosis,1218101.3,facultative anaerobe
,,,,,2563367111,
,,,,,2844429765,
,,,,,633.147,
,,,,,GCA_000511675,
,,,,,GCA_900637475,
11743,"71, A82, I, CNP 14","DSM 22972, ATCC 49635, CCUG 27188, CIP 103823, NCTC 10547, CIP 27188, Jayaraman strain I",0,Yersinia pseudotuberculosis,633.13,facultative anaerobe
,,,,,GCA_900454385,
5219,Y228,"DSM 18211, CCUG 52882, LMG 23763, CIP 109846",1,Yersinia similis,2706794595,facultative anaerobe
,,,,,367190.12,
,,,,,GCA_001053095,
137687,"DC-1, 725-83","CIP 105435, ATCC 49455, CCRC 12225, JCM 2403, BCRC 12225, IAM 14241, NBRC 102600, NCTC 11966",1,Yokenella regensburgei,158877.8,facultative anaerobe
,,,,,2588253791,
,,,,,2839734502,
,,,,,911023.3,
,,,,,GCA_000735455,
,,,,,GCA_900460805,
159728,X9-2-2,"MCCC 1K03307, JCM 32107",1,Zhengella mangrovi,2831836058,facultative anaerobe
,,,,,GCA_002727065,
24207,H85-3,"DSM 26152, NBRC 109021",1,Zhihengliuella flava,1285193.3,facultative anaerobe
,,,,,2880502868,
,,,,,GCA_015751895,
296,ZD1,"DSM 19707, BCRC 17493, JCM 13380",1,Zobellella denitrificans,2832339615,facultative anaerobe
,,,,,GCA_002237365,
159782,102-Py4,"KCTC 62272, JCM 32359, DSM 106043",1,Zobellella maritima,2832309219,facultative anaerobe
,,,,,GCA_003075035,
134181,ZT1,"BCRC 17494, JCM 13381",1,Zobellella taiwanensis,2833752874,facultative anaerobe
,,,,,347535.3,
,,,,,GCA_003012795,