ID,designation_header,strain_number_header,is_type_strain_header,species,Genome seq. accession number,Temperature
2853,EBR-02E-0045,"DSM 19732, NBRC 101661, EBR 45",1,Acetivibrio clariflavus,2507262051,45-65
,,,,,720554.3,55
,,,,,GCA_000237085,55-60
,,,,,,57.5
157972,N2K1,"DSM 107956, CECT 9704",1,Acetivibrio mesophilus,2487273.3,30-50
,,,,,2880951795,
,,,,,GCA_004102745,
132679,GGR1,"DSM 101079, CECT 9155",1,Acetivibrio saccincola,1677857.3,45-65
,,,,,2775506833,55
,,,,,GCA_002844395,60
164132,,"JCM 31827, DSM 104321",0,Acetivibrio saccincola,1677857.4,55
,,,,,GCA_002969215,
2827,CSK1,"DSM 16021, IAM 15070, JCM 21531, NBRC 103399",1,Acetivibrio straminisolvens,1294263.3,50
,,,,,2772190653,50.0-55.0
,,,,,GCA_000521465,>65.0
2729,,"DSM 1237, ATCC 27405, JCM 9322, NCIMB 10682, CECT 593, IAM 13660, LMG 10435, NBRC 103400, NRRL B-4536, VPI 7372",1,Acetivibrio thermocellus,203119.11,55
,,,,,640069309,60
,,,,,GCA_000015865,
2728,LQ8,DSM 1313,0,Acetivibrio thermocellus,1515.11,60
,,,,,2825454334,
,,,,,637887.3,
,,,,,650377924,
,,,,,GCA_000184925,
2730,LQR1,"DSM 2360, JCM 9323, ATCC 35609",0,Acetivibrio thermocellus,572545.3,60
,,,,,572545.4,
,,,,,645058753,
,,,,,GCA_001692755,
2731,JW 20,"DSM 4150, ATCC 31549",0,Acetivibrio thermocellus,492476.4,60
22965,YS,DSM 25991,0,Acetivibrio thermocellus,GCA_000255575,60
22966,AD2,DSM 25992,0,Acetivibrio thermocellus,GCA_000255615,60
,,,,,GCA_002564085,
1580,P,"DSM 20664, ATCC 43122",1,Acetomicrobium flavidum,2695420966,55
,,,,,49896.3,
17777,NGA,"DSM 13181, ATCC BAA-54, JCM 12221",1,Acetomicrobium mobile,2509601011,35-65
,,,,,891968.3,55
,,,,,GCA_000266925,55-60
17778,RWcit2,"DSM 13490, ACM 5076",1,Acetomicrobium thermoterrenum,1120987.3,28-60
,,,,,2544872.3,50
,,,,,2599185146,55
,,,,,GCA_900107215,
16643,,"DSM 3772, JCM 9191, LEI 10",1,Acidianus ambivalens,GCA_009428885,80
,,,,,GCA_009729015,
16640,,"DSM 1651, IFO 15269, NBRC 15269",1,Acidianus brierleyi,41673.4,70
,,,,,GCA_003201835,
16642,So4a,"DSM 3191, NBRC 106462, JCM 8955, IFO 15270, NBRC 15270",1,Acidianus infernus,GCA_009729545,85
,,,,,,88
131324,RZ1,"DSM 29099, JCM 30227",0,Acidianus sp.,GCA_013133895,65
16644,JP7,"DSM 18786, JCM 13667",1,Acidianus sulfidivorans,619593.4,70
,,,,,GCA_003201765,
17800,345-15,"DSM 16705, JCM 18335, VKM B-2471",1,Acidilobus saccharovorans,648028003,80
,,,,,666510.18,
,,,,,GCA_000144915,
106,ICP,"DSM 10331, NBRC 103882, JCM 15462",1,Acidimicrobium ferrooxidans,525909.11,45.0-50.0
,,,,,525909.36,
,,,,,525909.37,
,,,,,525909.38,
,,,,,525909.39,
,,,,,525909.4,
,,,,,525909.41,
,,,,,525909.42,
,,,,,644736322,
,,,,,GCA_000023265,
5460,BH2,"DSM 16651, JCM 13668",1,Acidiplasma cupricumulans,1295373.3,55
,,,,,2654587522,
,,,,,2681813016,
,,,,,GCA_001316225,
,,,,,GCA_001402935,
17890,IC-180,"DSM 45281, JCM 15389",1,Aciditerrimonas ferrireducens,1294026.5,50
,,,,,2728369701,
,,,,,GCA_001311945,
133033,PMMR2,"DSM 27394, LMG 28340",1,Acidobacterium ailaaui,2558860986,15.0-55.0
,,,,,GCA_000688455,
23434,T469,DSM 19572,1,Aciduliprofundum boonei,439481.1,70
,,,,,439481.9,
,,,,,646564501,
,,,,,GCA_000025665,
,,,,,GCA_000151085,
16968,,"DSM 44433, IFO 14480, IMET 9742, INMI 187, JCM 3398, JCM 7346, ATCC 33925, BCRC 13638, KCTC 9185, NBRC 100039, NBRC 14480",1,Actinomadura viridilutea,2728369515,50
,,,,,58112.4,
,,,,,GCA_003001795,
16970,2991,"DSM 43750, ATCC 49883, IFO 15178, IMET 9705, JCM 7345, NBRC 15178, BCRC 16817, CIP 105486, IFO 15275, IMSNU 22192, INMI 2991, KCTC 9493, NBRC 15275, VKM Ac-1470",0,Actinomadura viridilutea,1220567.3,37-55
,,,,,2731957576,50
,,,,,GCA_001552235,55
23522,B71,"DSM 27982, CGMCC 1.5030, JCM 13352, CIP 109388, CGMCC 15030",1,Actinomyces ruminicola,2651870319,46
,,,,,332524.1,
,,,,,GCA_900103885,
140287,VUL7,"DSM 103437, CGMCC 4.7366",1,Actinomyces vulturis,2791355098,Apr-55
,,,,,GCA_001687305,
133106,EBR-4-2,"KCTC 33604, JCM 30447",1,Actinotalea caeni,1348467.3,Oct-55
,,,,,2890385099,
,,,,,GCA_009733795,
158560,N.8,"KCTC 33824, JCM 31580",1,Aeribacillus composti,1868734.3,50-65
,,,,,2802428823,55
,,,,,GCA_007827555,60
1766,T6,"DSM 22365, LMG 21773, NCIMB 13939, JCM 15959",1,Aeriscardovia aeriphila,218139.3,30-46
,,,,,218139.4,
,,,,,2788500099,
,,,,,2824784629,
,,,,,GCA_002259595,
,,,,,GCA_013408435,
286,A2-67,"DSM 24094, CECT 7402, LMG 24682, CIP 110203",1,Aeromonas sanarellii,2639763092,50
,,,,,633415.3,
,,,,,GCA_000820085,
4196,SY1,"DSM 16960, ATCC BAA-758, JCM 12091",1,Aeropyrum camini,1198449.12,70-97
,,,,,1198449.6,85
,,,,,2554235461,
,,,,,2675903482,
,,,,,GCA_000591035,
,,,,,GCA_001316065,
4195,K1,"DSM 11879, JCM 9820, ATCC 700893, NBRC 100138",1,Aeropyrum pernix,272557.25,102
,,,,,2923402010,68
,,,,,GCA_000011125,70-100
,,,,,,90
,,,,,,90-95
159185,Dysh456,"DSM 105662, NBRC 112897",1,Aerosticca soli,GCA_003967035,13-48
13650,FRR-10,"DSM 12048, ATCC BAA-387",1,Albidovulum inexpectatum,196587.4,50
,,,,,2593339279,
,,,,,GCA_002927635,
167490,XY-J91,"MCCC 1K03612, KCTC 72216",1,Algoriphagus kandeliae,GCA_004571135,15-50
,,,,,SPSB00000000,55
414,TA-67,"DSM 14558, IAM 14935, NRIC 0496, JCM 21417, CIP 107723, NBRC 100859, NRIC 6496",1,Alicyclobacillus acidiphilus,1255277.3,20-55
,,,,,2731957568,50
,,,,,GCA_001544355,
416,"104-IA, 104-1A","CCUG 28521, NRRL B-14509, DSM 446, ATCC 27009, CIP 106131, IFO 15652, JCM 5260, NBRC 15652, NCIB 11725, BCRC 14685, CECT 4328, KCTC 1825, NCIMB 11725, IMET 11356",1,Alicyclobacillus acidocaldarius subsp. acidocaldarius,521098.3,45-55
,,,,,521098.31,55
,,,,,521098.32,56
,,,,,521098.5,60
,,,,,644736325,
,,,,,GCA_000024285,
400,GD3B,"DSM 3922, ATCC 49025, CIP 106132",1,Alicyclobacillus acidoterrestris,1356854.4,25-55
,,,,,2558860250,50
,,,,,GCA_000444055,
,,,,,GCA_022674245,
158167,Sueoka,"DSM 107339, JCM 18487, KCTC 33007",1,Alicyclobacillus cellulosilyticus,1003997.3,55
,,,,,GCA_014647315,
,,,,,GCA_020521335,
429,3-A191,"DSM 17975, IAM 15224, JCM 21678, NBRC 103102",1,Alicyclobacillus contaminans,1120971.3,35-60
,,,,,2524023143,50
,,,,,GCA_000429525,50-55
,,,,,,55
413,CP-1,"DSM 13609, IAM 14883, NRIC 0477, JCM 21376, NBRC 100860",1,Alicyclobacillus herbarius,1120972.3,55
,,,,,2523533552,
,,,,,GCA_000430585,
411,FR-11,"DSM 12489, CIP 107290",1,Alicyclobacillus hesperidum subsp. hesperidum,2634166329,37-55
,,,,,89784.3,50
,,,,,GCA_900107035,55
431,5-A83J,"DSM 17979, IAM 15227, JCM 21681, NBRC 103104",1,Alicyclobacillus kakegawensis,1220571.3,40-60
,,,,,2731957595,50
,,,,,GCA_001552655,50-55
,,,,,,55
432,5A-239-2O-A,"DSM 17980, IAM 15370, JCM 21814",1,Alicyclobacillus macrosporangiidus,2675903231,35-60
,,,,,392015.5,50
,,,,,GCA_900116805,50-55
158721,USBA-GBX-503,"CMPUJ UGB U503, CBMAI 1927",1,Alicyclobacillus montanus,GCA_900142255,25-55
424,"3A, 3AT","DSM 14955, IAM 14988, JCM 21459, CIP 108162, NBRC 100861",1,Alicyclobacillus pomorum,1111479.4,37-55
,,,,,2513237116,
,,,,,GCA_000472905,
428,RB-718,"DSM 17974, IAM 15230, JCM 21684, NBRC 103105",1,Alicyclobacillus sacchari,2756170229,30-55
,,,,,392010.3,45-50
,,,,,GCA_004366795,50
427,NTAP-1,"DSM 17614, ATCC BAA-609, JCM 11817, KCTC 3843, NBRC 100866",1,Alicyclobacillus sendaiensis,1220572.3,50
,,,,,2731957596,55
,,,,,GCA_001552675,
433,4A-336,"DSM 17981, IAM 15226, JCM 21680, NBRC 103103",1,Alicyclobacillus shizuokensis,1220573.3,35-60
,,,,,2731957577,45-50
,,,,,GCA_001552255,50
130150,ACK006,"DSM 25924, KCTC 33022",1,Alicyclobacillus tengchongensis,2926538093,50
425,CsHg2,DSM 16176,1,Alicyclobacillus vulcanalis,252246.3,35-65
,,,,,2681813550,55
,,,,,GCA_900156755,
158477,BM62,"DSM 101851, CGMCC 1.15790",1,Aliibacillus thermotolerans,GCA_027853235,50
549,ISL-17,"DSM 23520, CCUG 56753, KCTC 13258, ISL -17",1,Alkalibacillus flavidus,2928986558,Oct-55
535,WN 13,"DSM 5271, ATCC 700606, JCM 12303, CIP 106702, IAM 14937, LMG 17943, NBRC 103110",1,Alkalibacillus haloalkaliphilus,94136.4,55
,,,,,GCA_007991275,
2246,T143-1-1,"DSM 19183, NBRC 103242, NRIC 0719",1,Alkalibacterium pelagium,2619619008,10-47.5
,,,,,426702.5,
,,,,,426702.6,
,,,,,GCA_007991315,
,,,,,GCA_900109325,
1235,6AG,"DSM 15402, ATCC BAA-957",1,Alkalicoccus saliphilus,2889707501,Apr-50
,,,,,GCA_003044065,Oct-50
572,1,"DSM 485, ATCC 27647, JCM 5262, NCIB 10436, NCIB 8772, NCTC 4553, CCUG 28516, NRRL B-14309, BCRC 15419, CECT 1, CGMCC 1.3604, CIP 103410, IAM 12461, IFO 15653, KCTC 1824, KCTC 3884, LMG 17938, LMG 7120, NBRC 15653, NCIMB 10436, NCIMB 8772, NRRL NRS-1548, VTT E-87298",1,Alkalihalobacillus alcalophilus,1218173.3,46
,,,,,1218173.9,55
,,,,,2519899572,
,,,,,GCA_000292245,
,,,,,GCA_004802515,
1109,"C 324, PN 3","DSM 8715, ATCC 700159, NCIB 10283, CIP 105299, NCIMB 10283",1,Alkalihalophilus pseudofirmus,GCA_029094545,55
166505,34079,"KCTC 62428, MCCC 1K03493",1,Alkalilacustris brevis,GCA_003350345,Oct-50
160006,"GLDI 4/2, GLDI4/2","DSM 106019, JCM 32430",1,Alloscardovia theropitheci,2867453920,0-46
,,,,,GCA_004332295,
133062,,"DSM 42178, CGMCC 4.7247, YIM DR4008",1,Allostreptomyces psammosilenae,1892865.3,Oct-50
,,,,,2823648918,
,,,,,GCA_013407765,
133228,100921-2,"CFCC 14287, KCTC 42844",1,Tsuneonella aeria,2915148944,Apr-50
,,,,,GCA_009827495,
158616,S35,"KCTC 52449, CGMCC 1.16029",1,Alteromonas oceani,2855655360,50
,,,,,GCA_003731635,
17782,ILE-2,"DSM 16581, JCM 14039",1,Aminiphilus circumscriptus,1304874.3,25-55
,,,,,2541046957,
,,,,,GCA_000526375,
16789,KC4,DSM 10501,1,Ammonifex degensii,429009.21,70
,,,,,429009.3,
,,,,,646311904,
,,,,,GCA_000024605,
16790,SR,"DSM 19636, VKM B-2461",1,Ammonifex thiophilus,2831524987,60-82
,,,,,GCA_003368535,70
,,,,,,75
11378,RAOx-1,"DSM 11538, ATCC 700649, HAMBI 2283, CIP 105538",1,Ammoniphilus oxalaticus,2831905167,55
,,,,,66863.3,
,,,,,GCA_003609605,
1408,JW/BP-GSL-QD,"DSM 23721, ATCC BAA-2118, NBRC 11149",1,Amphibacillus cookii,2901114716,14.5-47.0
,,,,,767787.3,>49.0
,,,,,GCA_016908375,
1407,Y1,"DSM 24783, CGMCC 1.5123, JCM 16149",1,Amphibacillus jilinensis,2547132169,50
,,,,,562743.4,
,,,,,GCA_000306965,
23742,J1,"DSM 27991, CGMCC 1.10434, JCM 17099",1,Amphibacillus marinus,2617270769,Jul-55
,,,,,872970.3,
,,,,,GCA_900110345,
1406,Shu-P-Ggiii25-2,"DSM 21624, IAM 15428, JCM 23213, KCTC 13120, MBIC 08269, NBRC 103570",1,Amphibacillus sediminis,1220586.4,17.0-55.0
,,,,,2731957578,60
,,,,,GCA_001552275,
1403,Ep01,"DSM 6626, ATCC 51415, IFO 15112, JCM 7361, NBRC 15112, LMG 17667",1,Amphibacillus xylanus,2524023219,50
,,,,,698758.3,
,,,,,GCA_000307165,
140072,GU51,"DSM 105738, CGMCC 1.12710, JCM 19779",1,Amphiplicatus metriothermophilus,1519374.3,50
,,,,,1519374.5,
,,,,,2737472027,
,,,,,2828471905,
,,,,,GCA_014199495,
,,,,,GCA_900199215,
133703,GY307,"NCIMB 14709, NRRL B-24844, DSM 45669",1,Amycolatopsis granulosa,185684.3,20-50
,,,,,2821246215,
,,,,,GCA_011758745,
13267,Ms392A,"DSM 45569, CGMCC 4.3568, NBRC 104263, JCM 16121",1,Amycolatopsis marina,2667527405,Oct-55
,,,,,490629.6,
,,,,,GCA_900111885,
13276,GY088,"DSM 45805, NCIMB 14699, NRRL B-24836",1,Amycolatopsis thermophila,2926647115,Oct-50
13269,ABO,"DSM 45259, BCCM 24814, LMG 24814, JCM 17017",1,Amycolatopsis tucumanensis,GCA_021654135,15-55
13277,GY 115,"DSM 45668, NCIMB 14700, NRRL B-24837",0,Amycolatopsis viridis,185678.3,Oct-50
,,,,,2821236178,
,,,,,GCA_011758765,
17964,PAOHA-1,"DSM 14826, UNIQEM 227",1,Anaerobranca californiensis,1120989.3,45-70
,,,,,2585428191,58
,,,,,GCA_900142275,60
17963,LBS3,DSM 13577,1,Anaerobranca gottschalkii,1120990.3,50
,,,,,2602042032,
,,,,,GCA_900111575,
502,IMO-1,"DSM 16554, JCM 12577",1,Anaerolinea thermolimosa,229919.9,50
,,,,,GCA_001050195,55
501,UNI-1,"DSM 14523, JCM 11388",1,Anaerolinea thermophila,649633005,55
,,,,,926569.3,60
,,,,,GCA_000199675,
17810,Fru22,"DSM 12881, OCM 798",1,Anaerophaga thermohalophila,2515154051,50
,,,,,886379.4,
,,,,,GCA_000191885,
6340,35-7,"DSM 22094, JCM 17466, LMG 24724",1,Anaerostipes butyraticus,645466.3,35-47
,,,,,GCA_016586355,
11380,Murayama,"DSM 5562, ATCC 12856, CIP 104007, IAM 1077, IFO 15521, JCM 9024, NBRC 15521, NRS 1589, LMG 15531, LMG 16001, NRRL NRS-1589",1,Bacillus aneurinilyticus,2563366762,30-55
,,,,,649747.3,
,,,,,GCA_000466385,
11401,"R-12870, B-1599","DSM 18919, CIP 108308, KCTC 13001, LMG 22483, Logan B-1599",1,Aneurinibacillus terranovensis,1121002.4,20-55
,,,,,2524614808,55
,,,,,GCA_000430625,
11398,"L 420-91, L420-91","DSM 10154, CIP 104816, LMG 17165",1,Aneurinibacillus thermoaerophilus,143495.3,45-55
,,,,,2634166356,55
6140,,"DSM 4255, ATCC 43788",1,Annwoodia aquaesulis,2765235834,30-55
560,MR3C,"DSM 15939, ATCC BAA-872, CIP 108338, CIP 108305",1,Anoxybacteroides amylolyticum,2690315950,37-55
,,,,,2802428824,60
,,,,,294699.3,
,,,,,294699.5,
,,,,,294699.6,
,,,,,GCA_001634285,
555,"R-35652, SF03","DSM 15730, ATCC BAA-818, LMG 26209",1,Anoxybacillus caldiproteolyticus,247480.4,55
,,,,,2861199460,
,,,,,GCA_013761245,
23586,C161ab,"DSM 25220, NCIMB 14851",1,Anoxybacillus calidus,2861223213,55
,,,,,575178.3,
,,,,,GCA_013760845,
565,E-112,"DSM 23212, CCTCC AB 209236, KCTC 13720",1,Anoxybacillus eryuanensis,2861220268,35-70
,,,,,,50
,,,,,,55
550,d.y.,"DSM 2641, BCRC 17265, LMG 18397, NBRC 15317, CCUG 56041, IFO 15317",1,Anoxybacillus flavithermus subsp. flavithermus,643348508,56
,,,,,,60
,,,,,,60-65
,,,,,,72
551,"BF, WK1",DSM 21510,0,Anoxybacillus flavithermus subsp. flavithermus,2816332606,55
,,,,,491915.6,
,,,,,GCA_000019045,
140522,GSsed3,"CCOS 808, ATCC BAA-2555",1,Anoxybacteroides geothermale,2639762962,40-65
,,,,,,60
553,JW/VK-KG4,"DSM 14988, ATCC BAA-549",1,Anoxybacillus kamchatkensis,196180.5,55
,,,,,2861196614,
,,,,,GCA_013761015,
169703,K1,"DSM 106524, KCTC 15807",1,Anoxybacillus karvacharensis,GCA_001996285,55
561,T4,"DSM 19169, VKM 2407, VKM B-2407",1,Anoxybacillus mongoliensis,2861210538,50
,,,,,452565.7,
,,,,,GCA_014201515,
552,K1,"DSM 12423, ATCC 700785, VKM B-2193",1,Anoxybacillus pushchinoensis,2654588147,60
,,,,,GCA_900111795,
562,R270,"DSM 17127, NBIMCC 8387",1,Anoxybacteroides rupiense,2829828734,55
,,,,,311460.3,
,,,,,GCA_014196195,
,,,,,GCA_029077325,
567,A343,"DSM 22626, NCIMB 14579",1,Anoxybacillus gonensis,GCA_024464675,60
130160,JS1,"DSM 27374, JCM 19211, LMG 27616",0,Anoxybacillus sp.,1325335.3,50
,,,,,2615840616,
,,,,,GCA_001418025,
,,,,,GCA_001517225,
160595,DT3-1,DSM 28778,0,Anoxybacillus sp.,690871.3,55
160596,SK3-4,DSM 28779,0,Anoxybacillus sp.,654421.3,55
566,"T-11, T11","DSM 23211, CCTCC AB 209237, KCTC 13721",1,Anoxybacillus tengchongensis,2861217274,30-75
,,,,,576944.3,50
,,,,,GCA_014201585,
556,"GS5-97, R-35643","DSM 16325, ATCC BAA-942",1,Anoxybacteroides tepidamans,265948.4,55
,,,,,2861206899,
,,,,,GCA_014201465,
564,AF/04,"DSM 17141, ATCC BAA-1156",1,Anoxybacillus thermarum,2648501677,55
,,,,,404937.3,
,,,,,GCA_000836725,
133999,3nP4,"CGMCC 1.8979, JCM 16594",1,Paranoxybacillus vitaminiphilus,2718217676,38-66
,,,,,581036.3,55
,,,,,GCA_003259935,58.5
557,TH 13,"DSM 17075, JCM 12111, NCIMB 13956",1,Anoxybacteroides voinovskiense,230470.4,30-64
,,,,,230470.5,50
,,,,,2829825107,54
,,,,,GCA_014196205,
,,,,,GCA_014646615,
130818,DY22613,"DSM 28033, JCM 19466, MCCC 1A06456",1,Anoxybacter fermentans,2837169743,60
,,,,,GCA_003991135,
17443,,"DSM 16957, JCM 12896, MTCC 6713, GPTSA 20, CIP 108872",1,Aquimonas voraii,2622736515,55
,,,,,265719.9,
,,,,,GCA_900101825,
1547,SH4s,"DSM 18090, CCM 7366, CECT 7149",1,Aquisalibacillus elongatus,2786546167,20-55
,,,,,485577.3,
,,,,,GCA_003843875,
4301,,"DSM 18102, CCM 7368, CECT 7151, CGMCC 1.6291, CG 12, CIP 109713",1,Aquisalimonas asiatica,2617270766,20-50
,,,,,406100.9,
,,,,,GCA_900110585,
18096,VC-16,"DSM 4304, ATCC 49558, JCM 9628, NBRC 100126",1,Archaeoglobus fulgidus,224325.1,80
,,,,,638154502,85
,,,,,GCA_000008665,
132693,7324,DSM 8774,0,Archaeoglobus fulgidus,1344584.3,80
,,,,,2528311132,
,,,,,2588253768,
,,,,,GCA_000734035,
167621,SE56,"DSM 110954, VKM B-3474",1,Archaeoglobus neptunius,GCA_016757965,80
18097,AV18,"DSM 5631, JCM 9629, NBRC 100127",1,Archaeoglobus profundus,572546.12,80
,,,,,572546.16,85
,,,,,646311906,
,,,,,GCA_000025285,
18100,PM70-1,"DSM 19444, JCM 14716",1,Archaeoglobus sulfaticallidus,2522125074,60
,,,,,387631.5,75
,,,,,GCA_000385565,80
18098,SNP6,DSM 11195,1,Archaeoglobus veneficus,2504136002,75
,,,,,693661.9,
,,,,,GCA_000194625,
24797,110S,"DSM 23922, ATCC BAA-2145, JCM 17282, KCTC 23289, NBRC 107679",1,Ardenticatena maritima,2651869644,30-75
,,,,,2671180960,62.5
,,,,,872965.11,65
,,,,,GCA_001293545,
,,,,,GCA_001306175,
132416,NAS-01,"DSM 28954, JCM 19762",1,Athalassotoga saccharophila,1441386.9,30-60
,,,,,2883451585,55
,,,,,GCA_009936215,
167820,,"KCTC 62259, CFH 70021, CCTCC AB 2018121",1,Azospirillum thermophilum,CP029352,15.0-50.0
,,,,,CP029353,50
,,,,,CP029354,
,,,,,CP029355,
,,,,,GCA_003130795,
1260,TM1,"DSM 19092, CIP 108784, JCM 12523, KCTC 10634",1,Bacillus alveayuensis,2926480455,40-65
,,,,,,55
598,F,"DSM 7, ATCC 23350, CCUG 28519, NRRL B-14393, Fukumoto strain F, CIP 103265, LMG 9814, NRRL : B-14393",1,Bacillus amyloliquefaciens,GCA_000196735,55
,,,,,,>50
166186,,"KCTC 33954, CGMCC 1.13871, SYSU K30001",1,Ectobacillus antri,GCA_003852715,28-55
1077,,"DSM 7264, ATCC 49337, NRRL NRS-213, CCUG 28524, JCM 9070, CIP 107159, IFO 15539, KCTC 3701, LMG 16797, NBRC 15539, NCIMB 12899",1,Bacillus atrophaeus,1220587.3,50-55
,,,,,2731957673,55
,,,,,GCA_001584335,
,,,,,GCA_001591925,
1074,"1221A, NRS-1221 A","DSM 675, ATCC 9372, CIP 77.18, IFO 13721, NBRC 13721, NCDO 738, NCIB 8058, NRS 1221A, NCIMB 8058",0,Bacillus atrophaeus,2547132205,55
,,,,,2547132227,
,,,,,720555.4,
,,,,,720556.3,
,,,,,720557.3,
,,,,,720558.3,
,,,,,723892.3,
,,,,,876283.3,
,,,,,903520.3,
,,,,,GCA_000204705,
602,"663, Henry 110, 110, NRS-663","DSM 23, ATCC 14574, CCM 2113, NCIB 9364, NCTC 10333, CCUG 7412, CIP 58.52, IAM 11059, NRS 663, JCM 12228, BCRC 11699, CECT 17, HAMBI 1885, IFO 15713, KCTC 3739, LMG 7122, MTCC 1458, NBIMCC 2210, NBRC 15713, NCFB 1760, NCIMB 9364, NRRL NRS-663, VKM B-496, NCDO 1760",1,Bacillus badius,1348627.3,55
,,,,,1455.5,
,,,,,2636415587,
,,,,,2731957658,
,,,,,GCA_000829535,
,,,,,GCA_001591605,
1069,B1,"DSM 5391, ATCC 49005, CCM 3364, LMD 79.7, NCIB 12555, CIP 103477, LMG 9582, NCIMB 12555",1,Bacillus benzoevorans,1456.3,55
,,,,,2861430565,
,,,,,GCA_014207535,
158610,7578-1,"CGMCC 1.15374, KCTC 33845",1,Heyndrickxia camelliae,GCA_002844575,20-55
624,"13, 971, Ford 13, Gibson 971","DSM 31, ATCC 14579, CCM 2010, LMG 6923, NCIB 9373, NCTC 2599, CCUG 7414, JCM 2152, BCRC 10603, BCRC 11026, CECT 148, CECT 5050, CGMCC 1.3760, CIP 66.24, HAMBI 1887, IAM 12605, IAM 14174, IFO 15305, KCTC 3624, NBRC 15305, NCAIM B.02078, NCCB 75008, NCFB 1771, NCIMB 9373, NRRL B-3711, VKM B-504, VTT E-93143",1,Bacillus cereus,1396.2169,55
,,,,,1396.725,
,,,,,226900.113,
,,,,,226900.8,
,,,,,226900.82,
,,,,,637000017,
,,,,,GCA_000007825,
,,,,,GCA_006094295,
,,,,,GCA_900445355,
622,F 4433/73,"DSM 4313, NCTC 11145, CCUG 6514, CIP 106508, ATCC 49064",0,Bacillus cereus,1396.2855,55
,,,,,GCA_018221725,
1154,"K 13, K13","DSM 12751, JCM 9943, ATCC 700778, CGMCC 1.3650, CIP 105746, KCTC 3838, LMG 18497",1,Bacillus horti,2926514369,50
,,,,,,55
158629,Ma50-5,"KCTC 33881, CCTCC AB 2017020",1,Bacillus kexueae,GCA_022809095,40-60
,,,,,,50
689,"Gibson 46, 46, 1264","DSM 13, ATCC 14580, CCM 2145, IFO 12200, NBRC 12200, NCIB 9375, NCTC 10341, WDCM 00068, CCUG 7422, JCM 2505, BCRC 11702, CECT 20, CGMCC 1.3649, CIP 52.71, IAM 13417, KCTC 1753, KCTC 1918, LMG 6933, NCFB 1772, NCIMB 9375, NRRL NRS-1264, VKM B-511, LMG 12363, NCDO 1772",1,Bacillus licheniformis,1402.266,22-55
,,,,,1402.297,
,,,,,279010.12,
,,,,,279010.13,
,,,,,GCA_000008425,
,,,,,GCA_000011645,
,,,,,GCA_006094335,
,,,,,GCA_900637645,
697,"1.1B, 1.1.B","DSM 12369, CIP 108208",0,Bacillus licheniformis,1648923.82,22-55
,,,,,GCA_007831315,
134785,,"CIP A156, NCTC 6816",0,Bacillus licheniformis,1402.351,55
,,,,,GCA_007832035,
1093,RO-H-1,"DSM 9205, ATCC 51516, NRRL B-14698, JCM 12230, BCRC 17124, CIP 104095, IFO 15718, KCTC 3706, LMG 17797, NBRC 15718, NCIMB 13391, VTT E-011771",1,Bacillus mojavensis,1051501.3,50-55
,,,,,1051501.5,
,,,,,2545555827,
,,,,,2579778565,
,,,,,GCA_000245335,
,,,,,GCA_000507105,
,,,,,GCA_014499005,
1153,WS 2480,"DSM 11821, CCM 4872, CCUG 58725, LMG 18989, CIP 105772, KCTC 3975, WSBC 10204, WDCM 00222",0,Bacillus mycoides,1220585.4,55
,,,,,86662.17,
,,,,,GCA_000513155,
1103,"PN 137, DP44","DSM 8725, ATCC 700166, CIP 105304",1,Alkalihalobacillus pseudalcaliphilus,2630968651,55
,,,,,79884.3,
,,,,,GCA_001038565,
1151,,"DSM 12442, NRRL B-617, JCM 12231, CIP 105700, LMG 18993, KCTC 3862, NBRC 101232, BCRC 17606, BCRC 17107",1,Bacillus pseudomycoides,527000.3,55
,,,,,643886172,
,,,,,GCA_000161455,
1264,FO-36b,"DSM 19292, ATCC BAA-1126, LMG 26769, NBRC 100820, CIP 109412",1,Bacillus safensis subsp. safensis,1178541.1,50
,,,,,1178541.5,
,,,,,2576861488,
,,,,,GCA_000691165,
,,,,,GCA_003097715,
166417,,"LMG 30124, CECT 9344, BC 09",1,Bacillus safensis subsp. osmophilus,2163013.3,May-55
,,,,,GCA_003254445,
1302,PD-A10,"DSM 25261, BCC 22614, KACC 16244, KCTC 13613, CIP 110217",1,Bacillus siamensis,1177185.3,Apr-55
,,,,,2548877022,
,,,,,GCA_000262045,
815,NRS-173,"DSM 4216, IFO 15311, NBRC 15311, NRRL NRS-173, CCUG 27413, LMG 12526, JCM 9076, CGMCC 1.3752, CIP 103790",1,Bacillus smithii,1220590.3,55
,,,,,1479.5,56
,,,,,1479.9,
,,,,,2654588021,
,,,,,2681812984,
,,,,,GCA_001050115,
,,,,,GCA_001591985,
1201,"L87-10, TG8-8","DSM 13779, NRRL B-23154, JCM 12232, CIP 107271, KCTC 13918, NBRC 101234",1,Bacillus sonorensis,1220591.4,22-55
,,,,,1220591.6,55
,,,,,2571042128,
,,,,,2731957676,
,,,,,GCA_000507125,
,,,,,GCA_001592005,
1193,TU-B-10,"DSM 15029, NRRL B-23049, JCM 12233, CIP 106094, LMG 19156, NBRC 101239",1,Bacillus spizizenii,2511231064,55
,,,,,96241.37,
,,,,,GCA_000227465,
,,,,,GCA_007989785,
1187,"231, NRS-231","DSM 347, ATCC 6633, CCM 1999, IAM 1069, NCIB 8054, NCTC 10400, WDCM 00003, CCUG 10779, JCM 20035, AHU 1038, BCRC 10447, BUCSAV 425, CECT 356, CIP 52.62, IFO 3134, IID 506, IMET 10880, JCM 2499, KCTC 2189, LMG 8197, NBRC 3134, NCIMB 8054, NRIC 1022, NRIC 1521, NRRL B-209, NRRL B-354, OUT 8351, PCI 219, RIMD 0225013, VTT E-85231, NCDO 1733, CMCC (B) 63501",0,Bacillus spizizenii,1300158.3,55
,,,,,1423.767,
,,,,,2734481915,
,,,,,647000211,
,,,,,703612.22,
,,,,,703612.3,
,,,,,96241.1,
,,,,,GCA_000177595,
,,,,,GCA_001312785,
,,,,,GCA_006094475,
1172,"Marburg, 744","DSM 10, ATCC 6051, CCM 2216, IAM 12118, IFO 13719, JCM 1465, LMG 7135, NBRC 13719, NCIB 3610, NCTC 3610, NRS 744, CCUG 163 B, BCRC 10255, CECT 39, CIP 52.65, IFO 16412, IMET 10758, KCTC 3135, NBRC 16412, NCFB 1769, NCIMB 3610, NRRL B-4219, NRRL NRS-744, VKM B-501, VKM B-758, VKM B-919, VTT E-97009, UCCCB117, NCDO 1769",1,Bacillus subtilis,135461.13,22-55
,,,,,135461.32,
,,,,,1423.1861,
,,,,,1423.1862,
,,,,,1423.1863,
,,,,,1423.1864,
,,,,,1423.1865,
,,,,,1423.1866,
,,,,,1423.1867,
,,,,,1423.1868,
967,,"DSM 2109, ATCC 11774, NCTC 8236, CCUG 50054, NCIMB 8739, ICI 2/4, CIP 1.83",0,Bacillus subtilis,1423.741,55
,,,,,2925634727,
,,,,,GCA_004101945,
166386,,"KCTC 43131, CGMCC 1.17491, SYSU G01002",1,Peribacillus tepidiphilus,GCA_009466385,25-55
134164,10b,"ATCC BAA-819, NCTC 13306, CIP 109396, NRRL B-41771, KCTC 13622",1,Bacillus tequilensis,227866.8,25-50
,,,,,GCA_900445435,40-50
133927,SgZ-7,"CCTCC AB 2012030, KACC 16700",1,Neobacillus thermocopriae,GCA_010975035,40-60
,,,,,,50
133977,SgZ-8,"CCTCC AB 2012108, KACC 16706",1,Bacillus thermotolerans,1221996.3,20-65
,,,,,GCA_000812025,50
,,,,,GCA_011751085,
1150,"DV1-F-3, DV-1-F3","DSM 11031, NRRL B-14890, JCM 12234, ATCC 700092, BCRC 17183, CIP 104792, KCTC 3707, LMG 18725, NBRC 101236",1,Bacillus vallismortis,1051502.3,50
,,,,,2547132131,55
,,,,,2880152234,
,,,,,72361.11,
,,,,,GCA_000245315,
,,,,,GCA_004116955,
140354,FJAT-27215,"DSM 100757, CCTCC AB 2015266",1,Bacillus wudalianchiensis,GCA_001685015,Oct-60
158509,,"DSM 108226, CGMCC 4.7547, KCTC 49229, YIM 75507",1,Bailinhaonella thermotolerans,2339229.3,15-55
,,,,,2861773553,
,,,,,GCA_003594875,
17640,17S,"DSM 16304, ATCC BAA-736, JCM 11970",1,Balnearium lithotrophicum,223788.3,35-65
,,,,,2724679708,55
,,,,,GCA_900182585,70
133009,KHALHBd91,"DSM 28579, JCM 19909",1,Balneicella halophila,1537566.3,20.0-50.0
,,,,,2756170310,
,,,,,GCA_003096835,
505,GOMI-1,"DSM 17877, JCM 13669",1,Bellilinea caldifistulae,360411.1,45-65
,,,,,360411.11,55
,,,,,GCA_001050215,
,,,,,GCA_001306055,
12011,DSE10,"DSM 22132, JCM 14375, LMG 24411",1,Bhargavaea cecembensis,1235279.3,15-55
,,,,,2537561877,
,,,,,GCA_000348905,
23197,ZMA-19,"DSM 26128, CCM 8429, LMG 27071, ZMA 19, CIP 110542",1,Bhargavaea ullalensis,2928332132,15-50
140310,RP115,"DSM 100238, CCM 8605, LMG 28779",1,Bifidobacterium apri,1769423.3,Oct-49
,,,,,GCA_009299485,
132454,LMM_E3,"DSM 100216, JCM 30801",1,Bifidobacterium eulemuris,1765219.3,47
,,,,,1765219.7,
,,,,,2791355248,
,,,,,GCA_002259685,
,,,,,GCA_014898155,
159320,,"DSM 103362, JCM 31788, MRM 9.3",1,Bifidobacterium jacchi,GCA_009078285,22-48
132345,MRM_5.9,"DSM 100196, JCM 30796, MRM 5.9, KCTC 15589",1,Bifidobacterium myosotis,1630166.3,25-46
,,,,,2791355235,
,,,,,GCA_002259745,
160296,,"DSM 106029, SMA 15, BCRC 81224, NBRC 114051",1,Bifidobacterium platyrrhinorum,GCA_010667645,25-46
,,,,,WHZV00000000,
160002,,"DSM 106020, SMA 1, BCRC 81223, NBRC 114049",1,Bifidobacterium saimiriisciurei,GCA_010667655,25-46
,,,,,WHZU00000000,
164467,SK-G1,"JCM 33158, CCAM 530, KCTC 15783",1,Biomaibacter acetigenes,GCA_003691585,35-65
,,,,,,55
1770,2017-12,"DSM 11294, CCUG 39178, HKI 88, JCM 11479, ATCC 700413, CIP 105404, NBRC 106158, HKI 0088",1,Bogoriella caseilytica,2781126043,50
,,,,,56055.3,
,,,,,GCA_003752405,
166437,,"KCTC 52794, NBRC 112957, SYSU D60016",1,Botryobacter ruber,2171629.3,15-50
,,,,,GCA_003347595,
11416,"13, NRS-1219","DSM 6348, ATCC 51663, CCUG 31345, NRRL NRS-1219, LMG 15103, NRS 1219, JCM 9067, CCM 4535, CGMCC 1.3103, CIP 104002, IFO 15538, KCTC 3573, LMG 15598, NBRC 15538",1,Brevibacillus agri,2841283598,30-55
,,,,,51101.7,
,,,,,51101.8,
,,,,,GCA_003710885,
,,,,,GCA_004117055,
,,,,,GCA_006540025,
11441,PDF25,"DSM 24395, LMG 26289",1,Brevibacillus aydinogluensis,2928297429,35-65
,,,,,,50
,,,,,,55
11421,"B4, NRS-818","DSM 6347, ATCC 51668, CIP 104545, IFO 15714, JCM 9022, NBRC 15714, CCUG 51058, NRRL NRS-818, LMG 16009, NRS 818, CGMCC 1.3102",1,Brevibacillus borstelensis,45462.11,55
,,,,,GCA_003710865,
,,,,,GCA_006540165,
11402,"27B, 604","DSM 30, ATCC 8246, CCM 2050, JCM 2503, LMG 16703, NCIB 9372, NCTC 2611, CCUG 7413, NRS 604, BCRC 14682, CECT 5, CGMCC 1.3098, CIP 52.86, IFO 15304, KCTC 3743, LMG 7123, NBRC 15304, NCIMB 9372, NRRL B-14602, NRRL NRS-604, NRRL NRS-819, VKM B-503, NCDO 1770",1,Brevibacillus brevis,1393.21,55
,,,,,1393.23,
,,,,,2843783720,
,,,,,GCA_003012835,
,,,,,GCA_003385915,
,,,,,GCA_006539845,
,,,,,GCA_900637055,
11425,"NRRL-NRS 664, NRS-664","DSM 8445, ATCC 51661, CCUG 31347, NRRL NRS-664, NRS 664, JCM 9071, CGMCC 1.3104, CIP 104003, IFO 15540, KCTC 3863, KCTC 3887, LMG 15106, LMG 15603, NBRC 15540",1,Brevibacillus centrosporus,54910.5,55
,,,,,GCA_003710815,
,,,,,GCA_006540045,
11423,"HPD 52, HPD52","DSM 8552, ATCC 51359, CIP 103838, IFO 15518, JCM 8505, NBRC 15518, CCUG 51061, NRRL B-23247, LMG 15968, CGMCC 1.3099, KCTC 3836, NCIMB 13345",1,Brevibacillus choshinensis,54911.3,55
,,,,,GCA_001420695,
132387,PDF4,"DSM 100115, NCCB 100559",1,Brevibacillus gelatini,1655277.4,20-50
,,,,,2839026242,
,,,,,GCA_003710935,
11436,"B2156, C3774, B2156T","DSM 16423, CIP 106911, LMG 18962, NCIMB 13772, JCM 12215",1,Brevibacillus invocatus,173959.4,55
,,,,,2851194356,
,,,,,GCA_003710915,
160514,SYP-B805,DSM 29172,0,Brevibacillus sp.,1578199.4,50
,,,,,2898907183,
,,,,,GCA_011059135,
160340,PM1,DSM 26550,0,Brevibacillus thermoruber,1382302.3,55
,,,,,2571042366,
,,,,,GCA_000744635,
2320,BIO-TAS2-2,"DSM 23858, CCUG 57609, KCTC 22631",1,Brevundimonas naejangsanensis,1121125.3,Apr-50
,,,,,2524614659,
,,,,,GCA_000421705,
23331,Kam1851,"DSM 22653, VKM B-2685",1,Brockia lithotrophica,2757320359,46-78
,,,,,933949.26,62.5
,,,,,GCA_003633725,65
132575,B157,"DSM 101100, NBRC 111400",1,Caenibacillus caldisaponilyticus,2786546902,40-65
,,,,,GCA_002003465,50-60
,,,,,,55
134179,HA6,"CGMCC 1.4242, JCM 13486",1,Caldalkalibacillus thermarum,296745.3,45-65
,,,,,GCA_014644735,60
1498,JW/WZ-YB58,"DSM 17740, ATCC BAA-1258",1,Caldalkalibacillus uzonensis,2926604688,42-64
,,,,,,50
,,,,,,51
16794,7858,"DSM 13054, CNCM I-2383",1,Caldanaerobacter subterraneus,2802428857,65
,,,,,911092.6,
,,,,,GCA_004345675,
16796,MB4,"DSM 15242, CGMCC AS 1.2430, JCM 11007, CGMCC 1.2430, NBRC 100824",1,Caldanaerobacter subterraneus subsp. tengcongensis,GCA_000007085,75
,,,,,GCA_024807135,
16793,KB-1,"DSM 13777, KFCC 11116",1,Caldanaerobacter subterraneus subsp. yonseiensis,1388761.3,75
,,,,,GCA_000473865,
16851,JW/YJL-F3,"DSM 17918, ATCC BAA-1278",1,Caldanaerobius fijiensis,1121256.4,40-67
,,,,,2582581265,60
,,,,,GCA_900129075,61.5
24650,KMTHCJ,DSM 13641,1,Caldanaerobius polysaccharolyticus,2510065085,65
,,,,,935948.5,
,,,,,GCA_000427425,
16902,"JW-Sb4, JW/SA-NV4","DSM 18802, ATCC BAA-1454",1,Caldanaerovirga acetigignens,2599185231,44-74
,,,,,447595.3,61
,,,,,GCA_900142995,62
24651,KKC1,"DSM 26464, NBRC 109353",1,Calderihabitans maritimus,2788499958,55-68
,,,,,GCA_002207765,65
1324,Tf,DSM 16016,1,Caldibacillus debilis,1121917.3,50-70
,,,,,2515154121,55
,,,,,GCA_000383875,
132132,GB1,DSM 29516,0,Caldibacillus debilis,1339248.3,55
,,,,,2506783043,
,,,,,GCA_003627895,
162484,,"JCM 19325, KCTC 33163",1,Caldibacillus kokeshiiformis,GCA_025660375,50
160016,P1,DSM 107529,1,Caldibacillus pasinlerensis,GCA_009996845,55
1311,"B3188, MB2765, R-6488","DSM 23332, LMG 25569",1,Caldibacillus thermolactis,GCA_025660415,55
18023,X6B,"DSM 7040, ATCC BAA-1149",1,Caldicellulosiruptor acetigenus,1121259.3,70
,,,,,2524614853,
,,,,,GCA_000421725,
18024,6A,DSM 9545,0,Caldicellulosiruptor acetigenus,2506485007,70
,,,,,GCA_000193435,
18026,I77R1B,"DSM 12137, ATCC 700853",0,Caldicellulosiruptor acetigenus,649633023,70
18022,Z-1320,"DSM 6725, ATCC BAA-1888, KCTC 15123, KCTC 4509, KCTC 4512",1,Caldicellulosiruptor bescii,521460.28,42-90
,,,,,521460.29,75
,,,,,521460.8,78-80
,,,,,643692002,
,,,,,GCA_000022325,
130816,CBS-Z,"DSM 26941, CGMCC 1.5180",1,Caldicellulosiruptor changbaiensis,1222016.3,75
,,,,,2814123041,
,,,,,GCA_003999255,
166863,YA01,"JCM 34253, DSM 112098",1,Caldicellulosiruptor diazotrophicus,GCA_017347585,70
18028,108,"DSM 18901, VKM B-2411",1,Caldicellulosiruptor hydrothermalis,632292.3,50-80
,,,,,649633022,65
,,,,,GCA_000166355,
18029,2002,"DSM 18902, VKM B-2412",1,Caldicellulosiruptor kronotskyensis,632348.3,45-82
,,,,,649633024,70
,,,,,GCA_000166775,
140656,OB47,"ATCC BAA-2073, JCM 16842",1,Caldicellulosiruptor obsidiansis,608506.3,55-85
,,,,,648028013,75
,,,,,GCA_000145215,78
18027,OL,"DSM 13100, ATCC 700167",1,Caldicellulosiruptor owensensis,632518.3,50-80
,,,,,649633025,70
,,,,,GCA_000166335,75
18025,Tp 8T.6.3.3.1.,"DSM 8903, ATCC 43494",1,Caldicellulosiruptor saccharolyticus,351627.8,65
,,,,,640427106,
,,,,,GCA_000016545,
18030,Wai35.B1,DSM 8977,0,Caldicellulosiruptor sp.,1387557.3,65
,,,,,2558860987,
18031,Rt8.B8,"DSM 8990, KCTC 25803",0,Caldicellulosiruptor sp.,1387555.3,65
,,,,,2558860144,
,,,,,GCA_026810225,
164869,No.7,"JCM 39101, DSM 110881",1,Caldichromatium japonicum,GCA_011290485,50
17804,TH7C1,"DSM 22661, JCM 16184",1,Caldicoprobacter algeriensis,GCA_023838525,70
1579,St. T,"DSM 20678, JCM 30420",1,Caldicoprobacter faecalis,2693429901,70
,,,,,937334.3,
,,,,,GCA_900115765,
23443,D2C22,"DSM 24605, JCM 17646",1,Caldicoprobacter guelmensis,1170224.4,45-85
,,,,,2901129015,65
,,,,,GCA_016908415,70
17803,JW/HY-331,"DSM 21659, ATCC BAA-1711",1,Caldicoprobacter faecalis,1304880.3,44-77
,,,,,2540341239,70
17632,STL-6-01,"DSM 14535, JCM 11387, NBRC 104270",1,Caldilinea aerophila,2513020048,55
,,,,,2540341085,
,,,,,926550.5,
,,,,,GCA_000281175,
132490,TF1,"DSM 29380, NBRC 110713",1,Caldimicrobium thiodismutans,2751185666,40-77
,,,,,GCA_001548275,75
130252,"L21-TYG-TH, L21-TH-D2","DSM 26826, JCM 18664",1,Caldisalinibacter kiritimatiensis,GCA_000387765,55
17798,AZM16c01,"DSM 21853, NBRC 104410",1,Caldisericum exile,2513237181,55-70
,,,,,511051.3,65
,,,,,GCA_000284335,
2090,IC-154,"DSM 15908, ANMR 0165, JCM 11604, MCC-UPLB 1331",1,Caldisphaera lagunensis,1056495.6,70-78
,,,,,2510065009,75
,,,,,GCA_000317795,80
,,,,,,82
1562,YMO81,"DSM 45223, ATCC BAA-1462, JCM 14719, FERM P-18598",1,Calditerricola satsumensis,1294024.6,56-83
,,,,,2728369700,78
,,,,,373054.3,
,,,,,GCA_001311905,
,,,,,GCA_014646935,
3846,Yu37-1,"DSM 19672, NBRC 101217",1,Calditerrivibrio nitroreducens,649633026,30-65
,,,,,768670.24,55
,,,,,768670.3,
,,,,,GCA_000183405,
18090,LF13,"DSM 13497, VKM B-2286",1,Caldithrix abyssi,2561511127,60
,,,,,2643221409,
,,,,,2718218154,
,,,,,880073.11,
,,,,,880073.23,
,,,,,880073.4,
,,,,,GCA_000241815,
,,,,,GCA_001886815,
,,,,,GCA_945865405,
17023,"MCC-UPLP 1200, IC-167","DSM 13496, ANMR 0178, ATCC 700844, JCM 10307, MCC-UPLB 1200",1,Caldivirga maquilingensis,397948.1,83
,,,,,641228483,85
,,,,,GCA_000018305,
158567,,"KCTC 52714, CGMCC 1.16330, YIM 72346",1,Caldovatus sediminis,2041189.3,37-50
,,,,,GCA_014644455,
159996,P2,DSM 107530,1,Calidifontibacillus erzurumensis,GCA_013303125,55
16704,ALT-8,DSM 9957,1,Calidithermus chliarophilus,2510065032,50
,,,,,926560.3,
,,,,,GCA_000430045,
132336,,"DSM 29972, KCTC 42495, NBRC 110900, YIM 71031, JCM 30647",1,Calidithermus roseus,1644118.3,50
,,,,,2887030614,
,,,,,GCA_003574095,
24638,,"DSM 26712, CCTCC AB 2012942, YIM 77755",1,Calidithermus terrae,1408545.3,50
,,,,,GCA_003574345,
16707,SPS-243,"DSM 17022, CIP 108604, LMG 22897, NBRC 103207",1,Calidithermus timidus,1122223.3,50
,,,,,2515154081,
,,,,,GCA_000373205,
2523,RC3,"DSM 22476, JCM 15081, KCTC 5601",1,Caloramator australicus,2524023184,45-70
,,,,,857293.11,60
,,,,,GCA_000297115,
2518,Rt4-B1,"DSM 5463, ATCC 43204, KCTC 15126",1,Clostridium fervidum,2599185232,65
,,,,,29344.3,
,,,,,GCA_900108045,
2524,VF08,"DSM 25793, JCM 15828, KCTC 5735",1,Caloramator mitchellensis,2833544911,37-60
,,,,,GCA_001440545,50
,,,,,,55
2519,U,DSM 10124,1,Caloramator proteoclasticus,1121262.4,55
,,,,,2582581267,
,,,,,GCA_900129265,
22962,,"DSM 22093, CMPUJ U833, USBA A",1,Caloramator quimbayensis,2671180028,37-55
,,,,,,50
,,,,,,55
2526,MV1087,"DSM 13643, CNCM I-2543",1,Caloranaerobacter azorensis,1121264.4,65
,,,,,2585428077,
,,,,,GCA_900129995,
131350,"DY22619, MCCC1A06455","DSM 27799, JCM 19467, MCCC 1A06455",1,Caloranaerobacter ferrireducens,2791354916,60
,,,,,GCA_001730685,
10428,TB-2,"DSM 16658, JCM 12641",1,Caminibacter mediatlanticus,391592.5,45-70
,,,,,640963039,55
,,,,,GCA_000170735,
,,,,,GCA_005843985,
130468,"EPR-TB6, TB-6","DSM 27783, JCM 19563",1,Caminibacter pacificus,1424653.31,55
,,,,,2788499860,
,,,,,GCA_003752135,
2527,AM 1114,"DSM 14501, CIP 107141",1,Caminicella sporogenes,1121266.3,60
,,,,,166485.4,
,,,,,2585428193,
,,,,,2831514688,
,,,,,GCA_003609595,
,,,,,GCA_900142285,
160301,UUS1-1,"DSM 111537, JCM 33882",1,Capillibacterium thermochitinicola,GCA_013664685,55
,,,,,,60
16791,JM,"DSM 12653, ATCC BAA-271",1,Carboxydibrachium pacificum,391606.3,70
,,,,,647533123,
,,,,,GCA_000156275,
17980,Kar,"DSM 16521, VKM B-2358",1,Carboxydocella sporoproducens,1121270.4,50-70
,,,,,2568526009,60
,,,,,GCA_900167165,
16807,JW/AS-Y7,"DSM 11255, VKM B-2392",1,Carboxydothermus ferrireducens,1119529.5,65
,,,,,1119529.9,
,,,,,2510065088,
,,,,,2844895905,
,,,,,GCA_000427565,
,,,,,GCA_013409775,
16806,Z-2901,"DSM 6008, ATCC BAA-161",1,Carboxydothermus hydrogenoformans,246194.6,65
,,,,,637000060,
,,,,,GCA_000012865,
16810,Ug1,"DSM 23698, NBRC 107576",1,Carboxydothermus pertinax,2832181228,50-73
,,,,,GCA_001950255,65
24724,RQ-33,"DSM 21411, LMG 24596",1,Cecembia calidifontis,1187080.3,20-50
,,,,,2814123038,
,,,,,GCA_004216715,
17835,S-G2-2,"DSM 18577, ATCC BAA-1368",1,Celerinatantimonas diazotrophica,2802428811,17-49
,,,,,412034.4,
,,,,,GCA_004339545,
1325,BLxT,"DSM 15825, IAM 15044, JCM 21507, KCTC 3815",1,Cerasibacillus quisquiliarum,227865.7,30-55
,,,,,2861570626,50
,,,,,GCA_014202495,
133085,PC-2,"DSM 101465, CGMCC 1.15283",1,Chelatococcus composti,1743235.3,20-60
,,,,,1743235.4,
,,,,,1743235.5,
,,,,,2861150374,
,,,,,2928726300,
,,,,,GCA_014201415,
,,,,,GCA_014641535,
,,,,,GCA_018398355,
1653,HT4,"DSM 18167, JCM 14988",1,Chelatococcus sambhunathii,2615840613,50
,,,,,363953.4,
,,,,,GCA_001418005,
,,,,,GCA_001517345,
163735,,"JCM 30199, ATCC BAA-2647",1,Chloracidobacterium thermophilum,GCA_000226295,50
2395,TLS,"DSM 12025, ATCC 49652",1,Chlorobaculum tepidum,637000073,47
,,,,,GCA_000006985,
2421,MD-66,"DSM 9485, JCM 39377",1,Chloroflexus aggregans,326427.4,50
,,,,,643348527,55
,,,,,GCA_000021945,60
2417,J-10-fl,"DSM 635, ATCC 29366",1,Chloroflexus aurantiacus,324602.8,49
,,,,,641228485,
,,,,,GCA_000018865,
2419,Y-400-fl,"DSM 637, ATCC 29364",0,Chloroflexus aurantiacus,480224.3,48
,,,,,643692015,
133098,isl-2,"DSM 29225, JCM 30533, VKM B-2978",1,Chloroflexus islandicus,2775507287,46-59
,,,,,GCA_001650695,55
17843,T49,"DSM 23976, ICMP 18418",1,Chthonomonas calidirosea,1303518.3,50-73
,,,,,2524614646,65
,,,,,GCA_000427095,68
,,,,,,76
133060,97/79,"DSM 103031, CIP 106467",1,Citrobacter europaeus,1914243.13,50
,,,,,1914243.15,
,,,,,1914243.18,
,,,,,1914243.21,
,,,,,2906139326,
,,,,,GCA_900079995,
140426,A60,"DSM 104542, CECT 9236, CIP 111602",1,Citrobacter portucalensis,2874289006,50
,,,,,GCA_002042885,
17783,158,"DSM 19522, JCM 14828",1,Cloacibacillus evryensis,2510065052,20-50
,,,,,866499.3,
,,,,,GCA_000585335,
2869,37HS60,"DSM 22131, CCUG 53849, JCM 14354",1,Clostridiisalibacter paucivorans,1121289.3,20-50
,,,,,2556921093,
,,,,,GCA_000620125,
2855,BL-28,"DSM 21758, KCTC 15122, NRRL B-51352",1,Clostridium cavendishii,1121302.3,15-46
,,,,,2585428089,
,,,,,GCA_900141845,
132050,DG5,DSM 29189,0,Clostridium cellulosi,2639762740,55
132388,BEY10,"DSM 100320, ACCC 00785",1,Clostridium liquoris,1289519.3,22-47
,,,,,2791355327,
,,,,,GCA_002995785,
2831,R1,"DSM 17049, CCUG 50446",1,Clostridium lundense,1410653.3,25-47
,,,,,2558860132,
,,,,,GCA_000619945,
2770,JW-YL-7,"DSM 7308, ATCC 51510, CIP 105527",1,Alkalithermobacter paradoxus,1121328.12,55
,,,,,1121328.3,
,,,,,2599185174,
,,,,,2690315891,
,,,,,GCA_001584565,
,,,,,GCA_900142555,
169899,PYR-10,"CGMCC 1.5286, CCAM 531, JCM 33161",1,Clostridium prolinivorans,GCA_004011155,30-55
,,,,,RJWG00000000,
2845,,"DSM 19306, VKM B-2459, SG 508",1,Clostridium tepidiprofundi,1121338.3,22-60
,,,,,2684622633,50
,,,,,GCA_001594005,
160635,,"DSM 100530, YIM A18, KCTC 15658, SYSU GA15002",1,Clostridium thermarum,CP040924,28-50
,,,,,GCA_006351925,
2774,JW/YL23-2,"DSM 7309, ATCC 51508, CIP 105528",1,Alkalithermobacter thermoalcaliphilus,2711768657,50
,,,,,2833455180,
,,,,,29349.3,
,,,,,GCA_002029295,
2739,JW 171K,"DSM 4928, ATCC 49875",1,Clostridium thermobutyricum,1121339.3,55
,,,,,2916599234,
,,,,,GCA_002050515,
2763,BVP,"DSM 5974, ATCC 51427",1,Clostridium thermopalmarium,1121340.3,55
,,,,,1121340.4,
,,,,,2599185222,
,,,,,GCA_002995795,
,,,,,GCA_003097175,
2749,IC,DSM 5807,1,Clostridium thermosuccinogenes,2795385491,60
,,,,,84032.3,
,,,,,GCA_002896855,
2750,ID,DSM 5808,0,Clostridium thermosuccinogenes,2795385490,60
,,,,,84032.4,
,,,,,GCA_002896955,
2751,IE,DSM 5809,0,Clostridium thermosuccinogenes,2778261583,60
,,,,,84032.5,
,,,,,GCA_002896995,
2752,IA,DSM 5806,0,Clostridium thermosuccinogenes,2778261582,60
,,,,,84032.6,
,,,,,GCA_002897015,
158570,Pch-40,"KACC 19279, JCM 32033",1,Cohnella algarum,GCA_016937515,20-50
11448,RI-39,"DSM 21336, CCUG 52217, KCCM 10653P, KCTC 3987",1,Cohnella laeviribosi,1121346.3,30-60
,,,,,2519899681,50
,,,,,GCA_000378425,
133071,KSS-154-50,"DSM 103658, CCM 8707, LMG 29763, CIP 111180",1,Cohnella lubricantis,2163172.3,50
,,,,,2163172.4,
,,,,,2913573228,
,,,,,GCA_014212015,
,,,,,GCA_017874835,
11452,S1-3,"DSM 25241, KCTC 22296, PCU 306, TISTR 1890",1,Cohnella thailandensis,2913440105,20-50
,,,,,557557.3,
,,,,,557557.4,
,,,,,GCA_014212135,
,,,,,GCA_017874075,
11442,,"DSM 17683, CCUG 47242, CIP 108492",1,Cohnella thermotolerans,1121347.4,25-55
,,,,,2524023169,30-55
,,,,,GCA_000429825,
11453,MX15-2,"DSM 25239, KCTC 22294, PCU 309, TISTR 1891",1,Cohnella xylanilytica,557555.3,20-50
,,,,,GCA_014212175,
3037,KV-962,"DSM 23288, NBRC 106558",1,Conexibacter arvalis,2828580265,May-46
,,,,,912552.3,
,,,,,GCA_014199525,
158879,NAS-02,"DSM 105898, JCM 31663",1,Conexivisphaera calida,GCA_013340765,65
,,,,,,70
16901,3R,DSM 11748,1,Coprothermobacter platensis,1259795.3,55
,,,,,2522572051,
,,,,,GCA_000378005,
16899,BT,"DSM 5265, ATCC 35245, OCM 4",1,Coprothermobacter proteolyticus,309798.4,60
,,,,,643348530,
,,,,,GCA_000020945,
166191,200CH,"CCM 8831, LMG 30628, CCUG 72166",1,Corynebacterium choanae,1862358.3,50
,,,,,GCA_003813965,
3195,"AJ-12310, YS-314","DSM 44549, JCM 11189, FERM 9246, AJ 12310, CCM 7123, CCUG 47130, CCUG 48037, CIP 107632, NBRC 100395",1,Corynebacterium efficiens,196164.1,47
,,,,,196164.21,
,,,,,196164.22,
,,,,,196164.6,
,,,,,644736345,
,,,,,645951842,
,,,,,GCA_000011305,
,,,,,GCA_000160795,
166189,W8,"CCM 8833, LMG 30629, CCUG 72165",1,Corynebacterium gerontici,2079234.3,50
,,,,,GCA_003813985,
166190,812CH,"CCM 8832, LMG 30627, CCUG 72167",1,Corynebacterium pseudopelargi,2080757.3,50
,,,,,2862063619,
,,,,,GCA_003814005,
141068,,"JCM 19657, KACC 17825, YIM 78023",1,Crenalkalicoccus roseus,1485588.3,20-60
,,,,,2840042175,40-50
,,,,,GCA_004761865,
141129,S5,"JCM 30642, VKM B-2941",1,Cuniculiplasma divulgatum,2773858060,Oct-48
,,,,,GCA_900083515,
675,"613, original","DSM 12, ATCC 14575, CCM 2213, JCM 2512, NCIB 9366, NCTC 10335, CCUG 7418, NRS 613, BCRC 11730, CECT 14, CIP 52.70, IAM 12464, IAM 14179, IFO 15306, KCTC 3626, LMG 7125, NBRC 15306, NCIMB 9366, NRRL B-14307, NRRL NRS-613, VKM B-498, VTT E-97061, NCDO 1762",1,Cytobacillus firmus,1314753.7,55
,,,,,1399.16,
,,,,,2731957652,
,,,,,2814123191,
,,,,,GCA_001591465,
,,,,,GCA_900445365,
1297,1P01SC,"DSM 23495, MTCC 9535, NRRL B-59162, CIP 110062",1,Cytobacillus horneckiae,GCA_002835735,Apr-49
3845,SL50,"DSM 21529, VKPM B-10097",1,Deferribacter autotrophicus,GCA_008362905,25-75
,,,,,,60
3841,SSM1,"DSM 14783, JCM 11476, NBRC 101012",1,Deferribacter desulfuricans,639282.12,40.0-70.0
,,,,,639282.3,60.0-65.0
,,,,,646564525,62
,,,,,GCA_000010985,
18151,S3R1,"DSM 24185, VKM B-2672",1,Deferrisoma camini,1125863.3,36-62
,,,,,2517093047,50
,,,,,GCA_000526155,
163810,,"JCM 30481, CGMCC 1.5199",1,Defluviitalea phaphyphila,GCA_001466305,55
140265,A6,"DSM 28090, ACCC 19951",1,Defluviitalea raffinosedens,1450156.4,40-65
,,,,,2901198348,50
,,,,,GCA_016908775,
130829,L3,DSM 29926,0,Defluviitoga tunisiensis,2648501800,55
,,,,,GCA_000953715,
3855,AG-3a,"DSM 11300, CIP 105573",1,Deinococcus geothermalis,319795.16,30-55
,,,,,319795.25,47
,,,,,319795.26,
,,,,,641228488,
,,,,,GCA_000196275,
3858,ALT-1b,"DSM 11303, CCUG 50777, CIP 105574",1,Deinococcus murrayi,1121383.4,30-52.5
,,,,,2527291725,45-50
,,,,,GCA_000482805,47
23887,R12,"DSM 28115, CGMCC 1.8884, CIP 110212, NBRC 105665",1,Deinococcus wulumuqiensis,1288484.1,Oct-55
,,,,,1288484.11,
,,,,,1288484.12,
,,,,,1288484.13,
,,,,,1288484.14,
,,,,,1288484.15,
,,,,,1288484.16,
,,,,,1288484.17,
,,,,,1288484.18,
,,,,,1288484.19,
23888,R13,"DSM 28106, CGMCC 1.8885, NBRC 105666, CIP 110211",0,Deinococcus wulumuqiensis,980427.7,Oct-55
,,,,,GCA_000478785,
,,,,,GCA_014645595,
158572,KJ1-10-99,"LMG 29918, KCTC 33878",1,Desertibacillus haloalkaliphilus,GCA_019039105,20-55
16786,,"DSM 45169, CCUG 55916, IMMIB L-1269",1,Desmospora activa,1121389.3,30-50
,,,,,2737471615,
,,,,,2784132155,
,,,,,GCA_003046315,
16673,MT-96,DSM 13146,1,Desulfacinum hydrothermale,1121390.3,60
,,,,,2585428172,
,,,,,GCA_900176285,
16672,BalphaG1,"DSM 9756, ACM 3991",1,Desulfacinum infernum,1121391.4,60
,,,,,2582580750,
,,,,,GCA_900129305,
11817,MLF,"DSM 6562, NBRC 112758",1,Desulfallas thermosapovorans,1121431.3,50
,,,,,2599185175,
,,,,,GCA_008124625,
140353,NAW-5,"DSM 102911, NBRC 112242",1,Desulfocucumis palustris,2788500037,18-48
,,,,,GCA_002933875,
4069,VNs36,"DSM 17965, JCM 14038, AS As36, AS 36",1,Desulfocurvus vexinensis,1121406.3,20-50
,,,,,2541046937,
,,,,,GCA_000519125,
11822,S1,"DSM 12257, ATCC 700784, VKM B-2192",1,Desulfofalx alkaliphila,1121423.4,50
,,,,,2565956519,
,,,,,GCA_000711975,
11821,AB33,"DSM 11792, ACM 3917, KCTC 15817, JCM 34022",1,Desulfofundulus australicus,1121425.3,65
,,,,,2582580749,
,,,,,GCA_900129285,
11804,17,"DSM 6115, VKM B-1805",1,Desulfofundulus kuznetsovii,2515154209,60
,,,,,760568.4,
,,,,,GCA_000214705,
11824,SLT,"DSM 12396, SMCC W644",1,Desulfofundulus luciae,2926666083,55
11826,TPO,DSM 14055,1,Desulfofundulus thermobenzoicus subsp. thermosyntrophicus,29376.3,55
,,,,,GCA_009428905,
11818,ST90,"DSM 10259, NBRC 112757",1,Desulfofundulus thermocisternus,1121430.3,60
,,,,,2563366724,
,,,,,GCA_000686645,
11830,RL50JIII,"DSM 16057, JCM 13837",1,Desulfofundulus thermosubterraneus,1121432.3,60
,,,,,2585428086,
,,,,,GCA_900142025,
4043,"HR100, HR<SUB>100</SUB>","DSM 5692, JCM 16813, ATCC 49708",1,Desulfohalobium retbaense,485915.1,45-52
,,,,,485915.5,
,,,,,644736349,
,,,,,GCA_000024325,
4159,RT2,"DSM 16529, JCM 12612",1,Desulfohalovibrio alkalitolerans,1121439.3,16-47
,,,,,2571042912,
,,,,,2619619068,
,,,,,GCA_000422245,
24301,SR45,"DSM 26801, NBRC 109411",1,Desulfolucanica intricata,1285191.3,28-58
,,,,,2713896921,
,,,,,GCA_001592105,
130524,TGB60-1,"DSM 29799, JCM 18733, KCTC 4534",1,Desulforadius tongensis,1216062.3,50
,,,,,2898010342,
,,,,,GCA_016907915,
11832,,"DSM 18033, JCM 13992, LAM Lam5, LAM 5",1,Desulforamulus hydrothermalis,1121428.3,40-60
,,,,,1121428.6,55
,,,,,GCA_000315365,
,,,,,GCA_900129895,
132677,Bs107,"DSM 24093, JCM 31387",1,Desulforamulus profundi,GCA_002607855,30-60
,,,,,,60
11823,TH-11,"DSM 12395, SMCC W459, CCUG 55205, ATCC 700427, OCM 459",1,Desulforamulus putei,1121429.4,55
,,,,,2582580748,55-64
,,,,,GCA_900129195,
11790,BSD,"DSM 3669, NBRC 112753",1,Desulfoscipio geothermicus,2602042027,50
,,,,,39060.4,
,,,,,GCA_900115975,
16679,USBA-053,"DSM 22027, KCTC 5670, USBA 53",1,Desulfosoma caldarium,2788499819,50-62
,,,,,610254.3,55
,,,,,GCA_003751385,57
4041,TFISO9,"DSM 17375, JCM 13304",1,Desulfothermus okinawensis,1293588.5,35-60
,,,,,2728369691,50
,,,,,GCA_001311565,55
140524,GSS09,"KCTC 15523, MCCC 1K01254",1,Desulforamulus ferrireducens,1833852.3,30-55
,,,,,GCA_002005145,50
,,,,,,50-55
11792,,"DSM 574, ATCC 19858, ATCC 19998, CIP 111238, NCIMB 8395, WDCM 00081, Delft 74",1,Desulfotomaculum nigrificans,2507262026,55
,,,,,696369.3,
,,,,,GCA_000189755,
11828,CO-1-SRB,"DSM 14880, VKM B-2319",0,Desulfotomaculum nigrificans,2505679104,30-68
,,,,,GCA_000214435,55
11831,RE35E1,"DSM 16058, JCM 14019",1,Desulfotruncus alcoholivorax,1121422.3,33-51
,,,,,2524023147,50
,,,,,GCA_000430885,
11829,15,"DSM 17038, JCM 12923",1,Desulfotruncus arcticus,1121424.3,26-46.5
,,,,,2599185230,
,,,,,GCA_900113335,
4167,"JS, JS1","DSM 19430, JCM 14597, KCTC 5573",1,Desulfovibrio psychrotolerans,415242.3,Oct-50
,,,,,GCA_013340305,
16849,RL80JIV,"DSM 16036, JCM 13928",1,Desulfovirgula thermocuniculi,1121468.4,61-80
,,,,,2524023160,69-72
,,,,,GCA_000429345,70
4179,A63,"DSM 5264, ATCC 51451",1,Desulfurella acetivorans,2512564091,55
,,,,,694431.14,
,,,,,694431.3,
132457,TR1,"DSM 29984, JCM 30680",1,Desulfurella amilsii,GCA_002119425,20-52
,,,,,,50
4180,RH-8,DSM 8415,1,Desulfurella multipotens,2599185176,55
,,,,,79269.3,
,,,,,GCA_900101285,
11840,RA50E1,"DSM 16022, JCM 14018",1,Desulfurispora thermophila,1121472.3,40-67
,,,,,2515154092,50
,,,,,GCA_000376385,60
17643,SL22,"DSM 15668, JCM 12129",1,Desulfurobacterium atlanticum,240169.3,70
,,,,,2724679920,
,,,,,GCA_900188395,
140298,K6013,"DSM 101677, MCCC 1A01868",1,Desulfurobacterium indicum,2832468384,40-75
,,,,,GCA_001968985,65
17644,SL17,"DSM 15522, JCM 12127",1,Desulfurobacterium pacificum,2724679812,75
17641,BSA,DSM 11699,1,Desulfurobacterium thermolithotrophum,649633039,70
,,,,,868864.3,
,,,,,GCA_000191045,
160479,HR11,DSM 100454,0,Desulfurobacterium thermolithotrophum,2890528774,70
,,,,,GCA_010588305,
132728,,"DSM 3822, JCM 9188",1,Desulfurococcus amylolyticus,2516143104,90
4199,Z-1312,"DSM 16532, JCM 13383, VKM V-2316",0,Desulfurococcus amylolyticus,2513020047,63-89
,,,,,768672.7,80
,,,,,GCA_000231015,82
4200,1221n,"DSM 18924, JCM 16383, VKM B-2413",0,Desulfurococcus amylolyticus,GCA_000020905,65-87
,,,,,,82
,,,,,,85
4198,O7/1,"DSM 2162, ATCC 35584, JCM 9187",1,Desulfurococcus mucosus,649633040,85
,,,,,765177.25,
,,,,,GCA_000186365,
4197,Hvv 3/9,"DSM 2161, ATCC 35582, JCM 9186",0,Desulfurococcus mucosus,2513237118,85
,,,,,675631.5,
,,,,,GCA_001006085,
4239,H-6-12,"DSM 3960, ATCC 35947",1,Dictyoglomus thermophilum,309799.4,51
,,,,,643348542,70
,,,,,GCA_000020965,73-78
,,,,,,80
4240,Z-1310,DSM 6724,1,Dictyoglomus turgidum,515635.4,72
,,,,,643348543,75
,,,,,GCA_000021645,80
23455,S69,"DSM 25762, VKM B-2760",1,Dissulfuribacter thermophilus,1156395.6,28-70
,,,,,2724679641,60
,,,,,GCA_001687335,61
140917,Sh68,"JCM 19990, VKM B-2854",1,Dissulfurimicrobium hydrothermale,GCA_022026155,30-65
,,,,,,50
,,,,,,50-52
132569,SH388,"DSM 100025, VKM B-2960",1,Dissulfurirhabdus thermomarina,1765737.4,25-58
,,,,,GCA_010499435,50
,,,,,GCA_012979235,
140501,JL3085,"NBRC 111782, CGMCC 1.15407",1,Echinicola rosea,1807691.4,Apr-50
,,,,,2836705604,
,,,,,GCA_005281475,
,,,,,GCA_014642715,
434,MP4,"DSM 22757, CIP 109385, NCIMB 14276",1,Effusibacillus pohliae,1120973.4,42-60
,,,,,2518645625,55
,,,,,GCA_000376225,
17879,"DQ417339, TU-7","DSM 17972, CIP 109115",1,Elioraea tepidiphila,1121861.3,45-50
,,,,,2519899683,47.5
,,,,,GCA_000378465,50
167902,,"KCTC 62323, YIM 72297, CCTCC AB 2017169",1,Elioraea thermophila,2185104.3,45-60
,,,,,GCA_003336755,55
,,,,,QMDI00000000,
166451,"GDMCC1.1427, 90028","CCTCC AB 2018173, CNCTC 7649",1,Enterobacter chuandaensis,GCA_003594915,45-50
166452,"GDMCC1.1426, 90008","CCTCC AB 2018174, CNCTC 7648",1,Enterobacter huaxiensis,GCA_003594935,42-50
4384,R18-2,"DSM 26271, CGMCC 1.10322, LMG 25706",1,Enterobacter mori,2547132296,50-70
,,,,,980518.3,65
,,,,,GCA_000211415,
170910,E13,"DSM 110788, LMG 31764",1,Enterobacter vonholyi,GCA_008364555,Aug-46
,,,,,VTUC00000000,
23549,PB3-7B,"DSM 25520, NCAIM B 02512",1,Eoetvoesiella caeni,2770939557,35-70
,,,,,645616.3,55
,,,,,645616.4,
,,,,,GCA_003315175,
,,,,,GCA_013416545,
,,,,,GCA_022688825,
5393,ALC-2,"DSM 12079, CIP 108282, ATCC BAA-386",1,Erythrobacter cryptus,1122970.3,50
,,,,,2523231068,55
,,,,,GCA_000422985,
1132,"PN 102, VP 395","DSM 8720, ATCC 700162, CIP 105301",1,Evansella clarkii,2898074128,55
,,,,,79879.3,
,,,,,GCA_002019695,
1111,"JaH, Ja H","DSM 9768, ATCC 700130, CIP 105292",1,Evansella vedderi,2926552592,55
18119,10c,"DSM 17289, CCUG 50949, CNCM I-2962",1,Exiguobacterium profundum,GCA_025234635,Dec-49
131261,S4,"DSM 100911, CGMCC 1.10977, JCM 17803",1,Extensimonas vulgaris,1031594.3,15-50
,,,,,1031594.4,48
,,,,,2596583579,
,,,,,2770939495,
,,,,,GCA_003337425,
,,,,,GCA_007830535,
,,,,,GCA_007996985,
141117,A4,"KCTC 42507, CGMCC 1.15111",1,Roseivirga thermotolerans,1758176.3,25-50
,,,,,GCA_014653175,
167635,,"KCTC 52109, YIM 102668, CCTCC AB 2016016",1,Faecalibacter macacae,2479857.3,Oct-50
,,,,,GCA_003687725,
,,,,,RDOJ00000000,
109,Y005,"DSM 19514, ATCC BAA-1645",1,Ferrithrix thermotolerans,1121881.1,50
,,,,,1121881.11,
,,,,,1121881.12,
,,,,,1121881.13,
,,,,,1121881.14,
,,,,,1121881.15,
,,,,,1121881.16,
,,,,,1121881.17,
,,,,,1121881.18,
,,,,,1121881.19,
18101,AEDII12DO,DSM 10642,1,Ferroglobus placidus,589924.11,85
,,,,,646564534,
,,,,,GCA_000025505,
23861,AeB,"DSM 25808, JCM 15555, KCTC 5667",1,Fervidicella metallireducens,1403537.3,37-55
,,,,,2588253772,50
,,,,,GCA_000601455,
17820,Kam940,"DSM 19380, JCM 18336, VKM B-2539",1,Fervidicoccus fontis,1163730.6,55-85
,,,,,2513237177,65-70
,,,,,GCA_000258425,80
16698,Y170,"DSM 21121, JCM 15106, KCTC 5610",1,Fervidicola ferrireducens,GCA_001562425,55-80
,,,,,,70
17038,CBS-1,"DSM 17883, JCM 13353",1,Fervidobacterium changbaicum,2619619036,55-90
,,,,,2848342349,75
,,,,,310769.5,75-80
,,,,,GCA_004117075,
,,,,,GCA_900100515,
17036,AB39,"DSM 13020, ACM 5017",1,Fervidobacterium gondwanense,1121883.3,65
,,,,,2582580731,
,,,,,GCA_900143265,
17033,Rt17-B1,"DSM 5306, ATCC 35602",1,Fervidobacterium nodosum,381764.8,47
,,,,,640753026,70
,,,,,GCA_000017545,85
17035,Ven5,DSM 9078,1,Fervidobacterium pennivorans,2507149014,65
,,,,,771875.3,
,,,,,GCA_000235405,
133268,FC2004,"JCM 18757, ATCC BAA-2483, ATCC AA-2483",1,Fervidobacterium thailandense,1008305.3,60.0-88.0
,,,,,2881251750,80
,,,,,GCA_001719065,
1205,"V2-BIII-A2, V<SUB>2</SUB>-BIII-A<SUB>2</SUB>","DSM 14730, CCM 4982, CIP 108015",1,Fictibacillus barbaricus,182136.3,55
,,,,,182136.4,
,,,,,GCA_014635025,
,,,,,GCA_017052555,
1218,R-13853,"DSM 15865, LMG 21880",1,Fictibacillus gelatini,1121091.3,50
,,,,,2523533616,
,,,,,GCA_000430745,
1285,YC1,"DSM 25243, CGMCC 1.6854, KCTC 13181, JCM 14863, BCRC 80435",1,Fictibacillus solisalsi,2619618871,15-53
,,,,,459525.17,
,,,,,GCA_900103485,
1326,SH 714,"DSM 13259, ATCC 700960, JCM 12288, CIP 107088",1,Filobacillus milosensis,2887134966,55
,,,,,GCA_004402015,
140383,JM-222,"DSM 100397, CCM 8610, LMG 28821, CIP 111493, CIP 110906",1,Flavobacterium gossypii,1646119.3,50
,,,,,2830104207,
,,,,,GCA_014138495,
24019,G-21,"DSM 19814, BKM 1325, CCM 3496, CCUG 22402, NCTC 11526, VKM 1325",1,Flavobacterium thermophilum,1414643.3,42-56
,,,,,2831987924,
,,,,,GCA_900450595,
22969,BELH25,"DSM 24455, JCM 17559",1,Fonticella tunisiensis,1096341.3,45-70
,,,,,2784746797,55
,,,,,GCA_004364155,
23456,HA-01,"DSM 23609, CCUG 59713",1,Fontimonas thermophila,1076937.3,37-60
,,,,,2622736503,47.5
,,,,,GCA_900113085,50
,,,,,,56
140267,AT2,"DSM 100451, CSUR P2014",1,Allofournierella massiliensis,1650663.6,55
,,,,,2788499850,
,,,,,GCA_004345265,
141095,DL503,"LMG 29914, CGMCC 1.15944",1,Franconibacter daqui,2047724.3,Oct-50
,,,,,GCA_014644275,
140312,RP51,"DSM 100235, CCM 8606, LMG 28778",1,Galliscardovia ingluviei,1769422.3,15-49
,,,,,GCA_014635685,
166227,SL3-2-4,"UICC B-83, NRRL B-67478, InaCC A981",1,Gandjariella thermophila,2886563295,30-55
,,,,,GCA_005405885,
5451,,"DSM 15102, CIP 107615, MET 79",1,Garciella nitratireducens,1121911.3,55
,,,,,2568526006,
,,,,,GCA_900167305,
130339,Red1,"DSM 29995, DSM 23483, JCM 15104, JCM 30610, DSM 28483, KCTC 5626",1,Geoalkalibacter subterraneus,2593339207,30-50
,,,,,483547.12,
,,,,,GCA_000827125,
130203,G1w1,"DSM 28325, VKM B-2853",1,Geobacillus icigianus,2751185842,55
,,,,,GCA_000750005,
1437,"BD 53, T 281, NRS-81","DSM 7263, ATCC 8005, NCIMB 8547, NRRL NRS-81, CCUG 28890, CIP 106929, LMG 9819, NCCB 30003, JCM 20319, BCRC 11223, IAM 11001, NBRC 102445",1,Geobacillus kaustophilus,1220595.3,37.0-75.0
,,,,,1220595.8,45-55
,,,,,2600255052,55
,,,,,2843255297,55.0-65.0
,,,,,GCA_000739955,56
,,,,,GCA_005160065,
161281,,JCM 12893,0,Geobacillus kaustophilus,GCA_000009785,60
1450,N-3,DSM 15325,1,Geobacillus lituanicus,2758568037,55
,,,,,GCA_002243605,55
,,,,,,55.0-60.0
,,,,,,70
137035,TD1,"CIP 110046, DSM 22570",0,Aeribacillus pallidus,33936.2,55
,,,,,GCA_004210355,
166233,1017,"VKM B-3132, KCTC 33986",1,Geobacillus proteiniphilus,2858576625,40-68
,,,,,GCA_001908025,60-65
131725,"12 AMOR 1, 12AMOR1","DSM 100439, JCM 30829",0,Geobacillus sp.,1629723.3,55
,,,,,1629723.9,60
,,,,,2627853986,
,,,,,GCA_001028085,
162571,,"JCM 19604, NBRC 109937",0,Geobacillus sp.,GCA_000445995,50
1419,"R-35646, 26","DSM 22, ATCC 12980, CCM 2062, CCUG 26241, IAM 11062, LMG 6939, NBRC 12550, NCIMB 8923, NCTC 10339, VKM B-2231, IFO 12550, NCA 26, JCM 2501, BCRC 11092, CIP 66.23, KCTC 1665, KCTC 1752, NCFB 1768, NRRL B-1172, VKM B-510, VTT E-81128, UCCCB118, NCDO 1768",1,Geobacillus stearothermophilus,1366047.4,40.0-60.0
,,,,,2654587565,45-55
,,,,,GCA_001277805,55
,,,,,,55-65
,,,,,,60
,,,,,,60.0-70.0
,,,,,,75
1413,"R-32765, S 65-67",DSM 458,0,Geobacillus stearothermophilus,1422.37,55
,,,,,2842059332,
,,,,,GCA_002300135,
1420,"N.R. Smith T17, 1518","DSM 5934, ATCC 7953, NCA 1518, NCIB 8157, NCTC 10007, JCM 9488, BCRC 10285, CCUG 621, CIP 52.81, IAM 11002, IFO 13737, LMG 13578, NBRC 13737, NCFB 733, NCIMB 8157, NCIMB 8925, VKM B-715, NCDO 733",0,Geobacillus stearothermophilus,2609459972,45-55
,,,,,937593.4,55
,,,,,GCA_000705495,
1444,10,"DSM 13240, CIP 106956",0,Geobacillus stearothermophilus,272567.18,45-55
,,,,,272567.8,55
164256,,JCM 32406,0,Geobacillus thermodenitrificans,GCA_003061505,60
1458,F84b,"DSM 22629, NCIMB 14582",1,Geobacillus thermodenitrificans subsp. calidus,2829860437,60
1424,"L 2-65, R-35647","DSM 465, ATCC 29492, BGSC 94A1, LMG 17532",1,Geobacillus thermodenitrificans subsp. thermodenitrificans,1413215.3,60
,,,,,2554235472,
,,,,,GCA_000496575,
159838,AYN2,"MTCC 12749, KCTC 33950, JCM 32596, MTCC 12769",1,Parageobacillus yumthangensis,2791355095,40-70
,,,,,GCA_002494375,60
,,,,,,80
1454,T1,"DSM 18318, NBRC 101842",1,Geobacillus zalihae,1220596.5,55
,,,,,2731957561,
,,,,,GCA_001544135,
18102,SBH6,"DSM 21716, VKM B-2522",1,Geoglobus acetivorans,2634166507,80
,,,,,565033.4,
,,,,,GCA_015163485,
24779,234,"DSM 27542, ATCC BAA-425",1,Geoglobus ahangari,2808606696,85
,,,,,GCA_001006045,
2867,VNs68,"DSM 17957, JCM 14037, CIP 109751",1,Geosporobacter subterraneus,1121919.3,22-55
,,,,,2585428170,
,,,,,GCA_900142145,
5790,SSO15,"DSM 15274, ATCC BAA-635, JCM 12418",1,Geothermobacter ehrlichii,2784746791,50
,,,,,,55
133133,HKU50,"CCOS 955, CIP 111027, NBRC 111234, NCCP 16210, JCM 31934, NCTC 13704",1,Gordonia hongkongensis,GCA_023078355,20-48
1256,B1761,"DSM 18845, CIP 107105, JCM 12212, KCTC 3846, LMG 18422",1,Gottfriedia luciferensis,178774.9,55
,,,,,2916864039,
,,,,,GCA_002156865,
1459,DD1,"DSM 11125, NCFB 3027, CIP 105095",1,Gracilibacillus dipsosauri,GCA_003176895,55
1463,YIM-C55.5,"DSM 17856, CGMCC 1.6303",1,Gracilibacillus halophilus,1308866.3,28.0-60.0
,,,,,2545824697,45.0-50.0
,,,,,GCA_000359605,
1460,NN,"DSM 11805, JCM 10718, ATCC 700849",1,Gracilibacillus halotolerans,2829726240,47
,,,,,74386.3,6.0-50.0
,,,,,GCA_014206945,
1468,K170,"DSM 23178, CGMCC 1.10681",1,Gracilibacillus kekensis,1027249.3,4.0-50.0
,,,,,2667528169,
,,,,,GCA_900143085,
1464,BH312,"DSM 19029, KCTC 13129",1,Gracilibacillus lacisalsi,1121929.3,15.0-50.0
,,,,,2519103189,
,,,,,GCA_000377765,
1466,TP2-8,"DSM 23862, JCM 15569, PCU 304, TISTR 1881, CGMCC 1.10450",1,Gracilibacillus thailandensis,GCA_009659515,15.0-55.0
,,,,,GCA_010994055,
14324,H1,"DSM 7334, ATCC 51460",1,Gracilinema caldarium,2505679006,48-52
,,,,,744872.3,50
,,,,,GCA_000219725,60
5972,D43,"DSM 19505, JCM 15962, KCTC 4055",1,Haladaptatus cibarius,1455608.3,15-50
,,,,,2582580505,
,,,,,GCA_000710615,
133566,ROI-28,"CGMCC 1.7737, JCM 15771",1,Haladaptatus litoreus,2681812914,25-55
,,,,,553468.4,
,,,,,GCA_900156425,
163852,AArc-Sl,"JCM 30664, UNIQEM U999",1,Halalkaliarchaeum desulfuricum,GCA_002952775,50
1252,AM31D,"DSM 18225, IAM 15000, JCM 11691, NCIMB 13904, CIP 108137, NBRC 102362",1,Halalkalibacter krulwichiae,1220588.3,55
,,,,,2731957674,
,,,,,2773857802,
,,,,,GCA_001591945,
,,,,,GCA_002109385,
132157,SW109,"DSM 100579, CGMCC 1.12347",1,Halalkalibacter oceani,2926558313,Apr-50
1112,"PN 80, B-3881","DSM 497, ATCC 27557, NRRL B-3881, CIP 105296",1,Halalkalibacterium halodurans,86665.8,22-55
,,,,,GCA_004376175,
1199,"No. 44, 44","DSM 13666, CIP 107631, JCM 10945, GTC 854, KCTC 3795",0,Halalkalibacterium halodurans,136160.3,22-55
,,,,,2648501690,
,,,,,GCA_001274915,
140834,HSR2,"JCM 30661, UNIQEM U935",1,Halanaeroarchaeum sulfurireducens,GCA_001011115,46
5982,CEJFG43,"DSM 23230, JCM 16696",1,Halanaerobacter jeridensis,2901107112,20-60
,,,,,706427.3,
,,,,,GCA_016908315,
134070,MH1-136-2,"JCM 16331, CECT 7573",1,Halarchaeum nitratireducens,489913.3,18-55
,,,,,GCA_014647155,
24088,MH1-16-3,"DSM 22443, CECT 7535, JCM 16108",1,Halarchaeum rubridurum,2913406730,20-50
,,,,,489911.3,
,,,,,GCA_014647115,
,,,,,GCA_017873775,
24086,RS94,"DSM 26612, VKPM B-11282",1,Halarchaeum solikamskense,2913477690,35-50
,,,,,GCA_017874695,
133728,EB21,"IBRC-M 10013, KCTC 4048",1,Haloarchaeobius iranensis,996166.4,25-50
,,,,,GCA_900103505,
162366,SWO25,"JCM 19018, CIP 110583",1,Haloarcula sebkhae,932660.3,25-55
,,,,,GCA_014647415,
1355,FP5,"DSM 18525, ATCC BAA-1361",1,Halobacillus alkaliphilus,2654587900,50
,,,,,GCA_900113125,
130201,NEAU-ST10-40,"DSM 25866, CGMCC 1.12153",1,Halobacillus andaensis,1176239.3,4.0-60.0
,,,,,1176239.4,
,,,,,2913453739,
,,,,,GCA_014636475,
,,,,,GCA_017874135,
1348,D-8,"DSM 18199, CGMCC 1.3704, JCM 12772, CIP 109012",1,Halobacillus dabanensis,240302.16,15.0-50.0
,,,,,2617270759,
,,,,,GCA_900114165,
1344,"X78, MA-2, MA-2T","DSM 14948, CIP 108359, LMG 21515",1,Halobacillus karajensis,195088.4,10.0-49.0
,,,,,2651870103,
,,,,,GCA_900108515,
1349,"JS-Hb7, IS-Hb7","DSM 18393, JCM 14155, CIP 109650",1,Halobacillus kuroshimensis,1121938.3,9.0-48.0
,,,,,2523533634,
,,,,,GCA_000425705,
1343,SL-4,"DSM 10405, CIP 104798",1,Halobacillus litoralis,GCA_009856445,55
1351,"HSL-3, SL-3","DSM 18897, CIP 108052, JCM 11546, KCCM 41590, CGMCC 1.3705, KCTC 3842",1,Halobacillus salinus,2894530364,>46.0
,,,,,GCA_004684905,
1342,SL-5,"DSM 10404, CIP 104797",1,Halobacillus trueperi,156205.9,55
1346,MSS-402,"DSM 17110, KCTC 3957, JCM 12929",1,Halobacillus yeomjeoni,2755037.3,48
,,,,,GCA_015905325,49
141038,ZS-54-S2,"CGMCC 1.12562, JCM 30038",1,Halobacterium litoreum,GCA_021233415,20-50
133787,MGY-184,"JCM 17821, KCTC 4100, NBRC 109044",1,Halobaculum magnesiiphilum,1017351.3,25-55
,,,,,1017351.4,
,,,,,1017351.5,
,,,,,GCA_019823105,
133385,D90,"CGMCC 1.15501, JCM 31273",1,Halobaculum roseum,2175149.3,25-50
,,,,,2175149.4,
,,,,,2175149.5,
,,,,,GCA_019880245,
166103,ZY21,"CGMCC 1.16343, NBRC 113439",1,Halobellus captivus,GCA_007655485,20-55
134047,YC20,"CGMCC 1.12120, JCM 18361",1,Halobellus inordinatus,GCA_024464655,20-50
133720,TBN53,"CGMCC 1.10331, JCM 16811",1,Halobellus limi,2619618869,25-55
,,,,,2914819717,
,,,,,699433.4,
,,,,,699433.8,
,,,,,GCA_004799685,
,,,,,GCA_900108165,
164159,HArcel1,"JCM 31941, UNIQEM U975",1,Halococcoides cellulosivorans,GCA_003058365,25-50
24077,ZJ206,"DSM 27190, CGMCC 1.5347, JCM 13917",1,Haloferax larsenii,1227460.3,25-55
,,,,,2554235500,
,,,,,GCA_000336955,
24081,PA12,"DSM 27191, ATCC BAA-1512, JCM 14792, UNSW 104200, CGMCC 1.8488",1,Haloferax mucosum,2508501020,23-55
,,,,,2529293244,47.5
,,,,,GCA_000337815,
133594,RO1-6,"CGMCC 1.8711, JCM 16054",1,Halogeometricum limi,2617270895,20-50
,,,,,555875.3,
,,,,,GCA_900115785,
133607,RO1-4,"CGMCC 1.7736, JCM 15770",1,Halogeometricum rufum,2617270920,25-55
,,,,,553469.3,
,,,,,GCA_900112175,
133561,RO2-11,"CGMCC 1.7738, JCM 15772",1,Halogranum rubrum,2619618990,20-50
,,,,,553466.4,
,,,,,GCA_900114455,
133995,BNERC31,"JCM 17820, CECT 7537",1,Haloarcula pellucida,1427151.3,25-55
,,,,,GCA_014647235,
,,,,,GCA_019599515,
5875,AL-5,"DSM 19301, CECT 7257",1,Halomicrobium mukohataei,1069082.6,35-50
,,,,,2516653073,
,,,,,GCA_000379085,
133717,TBN51,"CGMCC 1.10457, JCM 17095",1,Halomicrobium zhouii,2667527389,20-55
,,,,,767519.3,
,,,,,GCA_900114435,
167389,"H22, NRRC 113 231","CGMCC 1.16291, NBRC 113231",1,Halomicrococcus hydrotolerans,GCA_003298465,20-55
,,,,,QNGA00000000,
6058,,"DSM 23549, CGMCC 1.6494, JCM 14607, LMG 23978, AJ 282, CIP 109669",1,Halomonas arcis,2617270787,4.0-48
,,,,,416873.6,
,,,,,GCA_900103865,
6069,,"DSM 23509, CGMCC 1.6773, JCM 14802, AJ 261",1,Halomonas caseinilytica,2617270935,Apr-48
,,,,,2773858001,
,,,,,438744.6,
,,,,,GCA_001662305,
,,,,,GCA_900109905,
134359,DQD2-30,"CGMCC 1.6443, LMG 23896",1,Halomonas desiderata,2617270887,Oct-50
,,,,,419596.3,
,,,,,GCA_900108215,
6049,M29,"DSM 18045, CIP 109894, KCTC 12665",1,Halomonas denitrificans,370769.4,May-50
,,,,,GCA_003056305,
6057,,"DSM 23548, CGMCC 1.6493, JCM 14606, LMG 23976, AJ 275, CIP 109670",1,Halomonas saccharevitans,2617270933,4.0-48
,,,,,416872.17,
,,,,,GCA_900116405,
158650,LCB169,"CGMCC 1.15818, KCTC 52618",1,Halomonas saliphila,2844988376,Oct-52
,,,,,GCA_002930105,
166135,,"MTCC 12313, LMG 30344, SBS 10",1,Halomonas sambharensis,GCA_003973725,15-60
6059,ZG16,"DSM 23550, CGMCC 1.6495, JCM 14608, LMG 23977, CIP 109673",1,Halomonas subterranea,2617270764,4.0-48
,,,,,416874.6,
,,,,,GCA_900111305,
6042,Al12,"DSM 15911, CECT 5797, CIP 108433",1,Halomonas ventosae,229007.12,15-50
,,,,,2770939578,
,,,,,GCA_004363555,
166473,F13-13,"CECT 9386, IBRC-M 11204",1,Halonotius aquaticus,GCA_003605575,28-50
140835,,"CGMCC 1.14998, JCM 30891, Dys DYS4",1,Haloparvum sedimenti,GCA_001462205,25-50
133592,RO5-2,"CGMCC 1.7739, JCM 15773",1,Halopelagius inordinatus,2617270917,20-50
,,,,,553467.4,
,,,,,GCA_900113245,
134022,BC12-B1,"CGMCC 1.12397, JCM 18758",1,Halopelagius longus,1236180.3,20-55
,,,,,2671180169,48
,,,,,GCA_003351065,
,,,,,GCA_900100875,
133781,DC30,"IBRC 10041, KCTC 4046",1,Halopenitus persicus,1048396.9,25-50
,,,,,2654587885,
,,,,,GCA_900107205,
5974,"56, 98-618","DSM 13151, JCM 11628",1,Halopiger aswanensis,148449.3,40-55
,,,,,2636416066,
,,,,,GCA_003610195,
131570,IIH3,"DSM 27562, CSUR P3036",1,Halopiger goleimassiliensis,GCA_000455345,50
24085,KCY07-B2,"DSM 26231, CGMCC 1.12284, JCM 18547",1,Natrinema salifodinae,1202768.6,25-50
,,,,,2645727804,
,,,,,2671180170,
,,,,,GCA_000784335,
,,,,,GCA_900110455,
5876,RE-101,"DSM 17983, JCM 14081, CGMCC 1.8972",1,Haloplanus natans,2517287030,37-52
,,,,,926690.3,
,,,,,GCA_000427685,
159759,MBLA0036,"KCTC 4239, JCM 31425",1,Haloplanus salinarum,GCA_009762275,15-55
163805,CBA1112,"JCM 30475, KCCM 43224",1,Haloplanus rubicundus,CP031147,25-50
,,,,,CP031148,
,,,,,CP031149,
,,,,,GCA_003342675,
158747,SP28,"JCM 31424, KCCM 43210",1,Haloplanus salinarum,GCA_024498175,25-50
133591,RO5-8,"CGMCC 1.8712, JCM 16055",1,Haloplanus vescus,2617270898,30-50
,,,,,555874.3,
,,,,,GCA_900107665,
5882,SARL4B,"DSM 18392, JCM 14471",1,Halorhabdus tiamatea,1033806.12,15-55
,,,,,1033806.93,
,,,,,2562617191,
,,,,,2654588040,
,,,,,GCA_000215915,
166246,F13-25,"CECT 9384, IBRC-M 11176",1,Halorientalis pallida,GCA_004118325,30-50
158600,SAH-A6,"KCCM 43215, JCM 31519",1,Halorubrum aethiopicum,2684622567,30-55
,,,,,GCA_001542905,
5952,31-hong,"DSM 23496, CGMCC 1.2670, JCM 13560, KCTC 4073",1,Halorubrum aidingense,1230454.4,25-52
,,,,,2554235475,
,,,,,GCA_000336995,
5947,"5'1, 5.1","DSM 17463, CECT 7099",1,Halorubrum ezzemoulense,1121945.3,22-50
,,,,,1121945.5,
,,,,,2524614679,
,,,,,GCA_000421805,
,,,,,GCA_002114285,
23052,BG-1,"DSM 19804, JCM 14978, CECT 7322, CGMCC 1.7018, KCTC 4068",1,Halorubrum kocurii,1230456.3,25-55
,,,,,2554235489,
,,,,,GCA_000337355,
5951,3-Sep,"DSM 21995, CGMCC 1.5332, JCM 13559, KCTC 4069",1,Halorubrum lipolyticum,1227482.3,25-58
,,,,,2534682115,45-48
,,,,,GCA_000337375,
5969,XH-48,"DSM 17691, CECT 7116, CGMCC 1.5338, JCM 13463",1,Halostagnicola larsenii,2510065051,25-50
,,,,,797299.3,
,,,,,797299.6,
,,,,,797299.7,
,,,,,797299.8,
,,,,,797299.9,
,,,,,CP007055,
,,,,,GCA_000517625,
163855,LT12,"JCM 30667, CGMCC 1.14941",1,Halostella limicola,GCA_003675875,30-55
141067,CBA1114,"JCM 30111, KCTC 4206",1,Halostella salina,GCA_003675855,20-50
133550,JX313,"CGMCC 1.8909, NBRC 105739, JCM 18238",1,Natronorubrum daqingense,2681812915,20-50
,,,,,2740891999,
,,,,,588898.4,
,,,,,GCA_001971705,
,,,,,GCA_900156445,
134201,AX-7,"CGMCC 1.5333, JCM 13563",1,Natrinema limicola,1230457.4,30-61
,,,,,2554235498,45-50
,,,,,GCA_000337475,
,,,,,GCA_020105915,
134202,ABH32,"CGMCC 1.5334, JCM 13562",1,Natrinema longum,GCA_017352095,30-56
140566,H13,"BCRC 910151, NBRC 111885",1,Natrinema mahii,2853959580,45-55
,,,,,GCA_000690595,
5887,XH-65,"DSM 18196, CGMCC 1.6203, JCM 13891",1,Haloterrigena salina,1227488.3,25-50
,,,,,2554235505,
,,,,,GCA_000337495,
131395,T3/55,"DSM 29228, CECT 8801",1,Herbinix hemicellulosilytica,1564487.6,55
,,,,,2770939568,
,,,,,GCA_003315275,
132646,SD1D,"DSM 100831, CECT 8959",1,Herbinix luporum,2757320858,40-65
,,,,,GCA_900070325,55
654,"609, NRS-609","DSM 1, CCM 2013, NCIB 9365, NCTC 10334, WDCM 00002, CCUG 7417, ATCC 7050, IAM 1115, NRS 609, JCM 2257, BCRC 10606, CECT 12, CFBP 4225, CIP 66.25, CN 2202, HAMBI 1931, IAM 12463, IFO 12583, IMET 10993, KCTC 3625, LMG 6326, NBRC 12583, NCCB 77025, NCFB 1761, NCIMB 9365, NRIC 1005, NRRL NRS-609, VKM B-497, VTT E-98150, NCDO 1761",1,Heyndrickxia coagulans,1121088.1,22-55
,,,,,1121088.13,30-55
,,,,,1121088.3,60
,,,,,1121088.9,
,,,,,2524614861,
,,,,,2630968645,
,,,,,GCA_000290615,
,,,,,GCA_000420205,
,,,,,GCA_000832905,
,,,,,GCA_900128875,
650,M-39,"DSM 2314, ATCC 23498, NCIB 10276, JCM 20478, IAM 12320, NCIMB 10276",0,Heyndrickxia coagulans,1398.125,55
,,,,,GCA_006716385,
1102,RT 10,"DSM 9356, CIP 104972, LMG 17952",1,Heyndrickxia oleronia,38875.15,30-50
,,,,,38875.25,55
,,,,,38875.4,
,,,,,38875.5,
,,,,,GCA_002009555,
,,,,,GCA_017809215,
,,,,,GCA_025263665,
1257,B1724,"DSM 18868, CIP 107762, KCTC 13003, LMG 18435",1,Heyndrickxia shackletonii,157838.12,15-55
,,,,,157838.3,55
,,,,,GCA_001420715,
,,,,,GCA_011008805,
1149,"M 215, MB581, MB 581","DSM 10599, LMG 17668, CIP 104910, LMG 17894",1,Heyndrickxia sporothermodurans,46224.121,20-55
,,,,,46224.122,55
,,,,,46224.123,
,,,,,46224.124,
,,,,,46224.125,
,,,,,46224.126,
,,,,,46224.127,
,,,,,46224.128,
,,,,,46224.129,
,,,,,46224.13,
4188,EP5-r,"DSM 24586, OCM 986",1,Hippea alviniae,2523231012,45-75
,,,,,944480.3,60
,,,,,GCA_000420385,65
4187,Mar08-272r,"DSM 24585, OCM 985",1,Hippea jasoniae,2582581238,40-72
,,,,,GCA_000744435,62.5
,,,,,,65
4184,"MH2, MH<SUB>2</SUB>","DSM 10411, ATCC 700847",1,Hippea maritima,2504136000,55
,,,,,760142.3,
,,,,,GCA_000194135,
140043,KM1,DSM 24587,0,Hippea sp.,944481.3,65
,,,,,GCA_000526195,
17886,,"DSM 45258, CIP 109864, NBRC 109631, OFN S31, JCM 18112",1,Hoyosella altamirensis,2824239402,60
,,,,,2832161093,
,,,,,616997.4,
,,,,,616997.7,
,,,,,GCA_001653095,
,,,,,GCA_014191505,
8593,DQS3-9A1,"DSM 45089, CGMCC 4.3532, JCM 17490, NBRC 109087",1,Hoyosella subflava,443218.12,60
,,,,,443218.13,
,,,,,650716009,
,,,,,GCA_000214175,
782,MA-48,"DSM 2000, ATCC 43741, CCUG 26017, CIP 106933, LMG 7133",1,Hydrogenibacillus schlegelii,1484.13,38-79
,,,,,1484.14,55
,,,,,2675903597,65
,,,,,GCA_001543875,72.5
161196,,"JCM 11971, ATCC BAA-737",1,Hydrogenimonas thermophila,GCA_900115615,55
162622,SSM-sur55,"JCM 19825, KCTC 15926, DSM 111344",1,Hydrogenimonas urashimensis,GCA_016593255,55
509,ISBSK3,"DSM 16510, ATCC BAA-821, JCM 12173",1,Hydrogenivirga caldilitoris,246264.3,55-77
,,,,,2681812961,75
,,,,,GCA_003664005,
511,Z-829,"DSM 2913, INMI Z-829, JCM 8158, ATCC BAA-479",1,Hydrogenobacter hydrogenophilus,2728369262,72-76
,,,,,35835.3,75
,,,,,GCA_900215655,
512,TK-6,"DSM 6534, IAM 12695, JCM 7687, NBRC 102181",1,Hydrogenobacter thermophilus,608538.3,70
,,,,,646311936,70-75
,,,,,650377953,80
,,,,,GCA_000010785,
,,,,,GCA_000164905,
12954,TH-1,"DSM 6765, IFO 14978, NBRC 14978, CIP 106958",0,Hydrogenophilus thermoluteolus,2833634935,50
,,,,,297.17,
,,,,,GCA_003574215,
514,VM1,"DSM 12046, JCM 10974, ATCC BAA-483",1,Hydrogenothermus marinus,133270.3,65
,,,,,2734482257,
,,,,,GCA_003688665,
17765,AF-51,"DSM 23241, LMG 25526",1,Hydrotalea sandarakina,1004304.4,25-52.5
,,,,,2593339290,
,,,,,GCA_003254115,
13524,PLM1-5,"DSM 5456, JCM 9403",1,Hyperthermus butylicus,415426.13,95
,,,,,640069314,99
,,,,,GCA_000015145,
140127,IR-2,"DSM 100055, JCM 30901",1,Hypnocyclicus thermotrophus,1627895.3,48
,,,,,2802429728,
,,,,,GCA_004365575,
133925,SW104,"CGMCC 1.10824, JCM 18138",1,Idiomarina indica,1159017.3,Dec-50
,,,,,2596583643,
,,,,,GCA_900104245,
17819,Mat9-16,"DSM 19864, NBRC 101810, JCM 16511",1,Ignavibacterium album,2513237218,30-55
,,,,,945713.3,
,,,,,GCA_000258405,
4191,"KIN4/1, KIN4/I","DSM 18386, JCM 14125",1,Ignicoccus hospitalis,453591.15,73-98
,,,,,640753029,90
,,,,,GCA_000017945,
4189,,"DSM 13165, ATCC 700957, Kol 8",1,Ignicoccus islandicus,GCA_001481685,70-98
,,,,,,90
4190,LPC 33,"DSM 13166, ATCC 700958",1,Ignicoccus pacificus,GCA_025340205,75-98
,,,,,,90
4192,"AQ1.S1, TG 866","DSM 17230, JCM 13409",1,Ignisphaera aggregans,583356.9,85-98
,,,,,648028035,92
,,,,,GCA_000145985,92-95
132414,S2479,"DSM 100275, VKM B-2962",1,Inmirania thermothiophila,1750597.3,35-68
,,,,,2788499858,65
,,,,,GCA_003751635,
10529,BIO-TAS4-2,"DSM 24253, CCUG 57610, KCTC 22633",1,Jeongeupia naejangsanensis,613195.3,Oct-50
,,,,,GCA_016865585,
1511,YKJ-13,"DSM 18867, CIP 107405, JCM 10872, KCCM 80002, CCM 7134, KCTC 13914",1,Jeotgalibacillus alimentarius,135826.4,45.0-50.0
,,,,,2630968752,50
,,,,,GCA_000829445,55
1512,SF-57,"DSM 18983, CIP 108511, JCM 11810, KCCM 41644",1,Jeotgalibacillus campisalis,220754.4,55
,,,,,GCA_000829515,
1499,581,"DSM 1297, ATCC 29841, CCUG 28884, CIP 103308, LMG 6930, NRRL B-14558, NCIMB 2140",1,Jeotgalibacillus marinus,2651869825,55
,,,,,86667.3,
24804,JKG1,"DSM 26889, JCM 19132",1,Kallotenue papyrolyticum,2540341237,45-65
,,,,,GCA_000526415,55
22970,KD-1,"DSM 26752, JCM 18769",1,Keratinibaculum paraultunense,1278232.3,55
,,,,,2784746792,
,,,,,GCA_004343355,
,,,,,GCA_016767175,
164870,,JCM 39120,1,Koleobacter methoxysyntrophicus,GCA_017301615,55
17072,S304,"DSM 22549, JCM 15790, NBRC 109616",1,Kosmotoga arenicorallina,1453497.3,55
,,,,,2811995046,
,,,,,GCA_001636545,
131351,SLHLJ1,"DSM 26965, JCM 19180, MCCC 1A00641, UBOCC 3254",1,Kosmotoga pacifica,1330330.3,70
,,,,,2645727976,
,,,,,GCA_001027025,
134014,"GD02, GD 02","CGMCC 1.12404, KCTC 29149, DSM 117317",1,Kroppenstedtia guangzhouensis,1274356.3,30-60
,,,,,2784132153,50
,,,,,GCA_014637345,
158437,EA-1,"DSM 106492, CCOS 1194",1,Kyrpidia spormannii,2775506848,45-65
,,,,,GCA_002804065,55
,,,,,,70
159656,FAVT 5,DSM 109470,0,Kyrpidia spormannii,2055160.8,50
159657,COOX1,DSM 109471,0,Kyrpidia spormannii,2055160.9,50
,,,,,GCA_018802245,
,,,,,GCA_902829275,
436,T2,"DSM 2912, IFO 15312, NBRC 15312",1,Kyrpidia tusciae,562970.4,50
,,,,,646564511,
,,,,,GCA_000092905,
16746,Sea 37,"DSM 44608, ATCC 49853, CUB 927, JCM 8091, KCTC 3666, NCIMB 12324, VKM Ac-1431, CCUG 54950",1,Laceyella putida,2784132170,50
16741,A 978,"DSM 43356, ATCC 27375, CBS 701.70, CUB 618, IFO 13920, KCTC 9790, NBRC 13920, NCIB 10486, NCTC 10721, CCUG 7967, CBS 7001.70, JCM 3137, BCRC 13341, CCM 3274, CECT 5332, IMET 9713, JCM 3214, KACC 20089, LMG 21518, LMG 21673, MTCC 955, NCIMB 10486, NRRL B-16981, PCM 2375, VKM Ac-1360, VTT E-011981, PCM 237",1,Laceyella sacchari,2784132157,50
,,,,,2784746774,55
,,,,,37482.3,65
,,,,,GCA_004343255,
16748,RHA1,"DSM 45263, CCTCC AA 208058",1,Laceyella sediminis,2728369511,28-65
,,,,,2784132168,55
,,,,,GCA_003003125,
140689,,"CCTC AB 2015040, NBRC 110772, YIM 79486, DSM 46882, JCM 30657, BCRC 16987, CCTCC AB 2015040",1,Laceyella thermophila,2784132171,37-65
,,,,,,50
16747,,"DSM 45262, CCTCC AA 208050, YIM 10002",1,Laceyella tengchongensis,2724679819,55
,,,,,2784132169,
132456,CT6,"DSM 100029, KCTC 42939, MCC 2711",1,Lampropedia cohaerens,GCA_001005215,20-55
158301,HS1857,"DSM 104102, NBRC 112478",1,Lebetimonas natsushimae,2788500348,55
,,,,,GCA_002335445,
1212,MB800,"DSM 15595, LMG 17892, CIP 108417",1,Lederbergia galactosidilytica,217031.9,50
,,,,,2913365302,55
,,,,,GCA_017873565,
683,"670, Gibson 165, 883, 165","DSM 9, ATCC 10840, CCM 2214, NCIB 8773, NCTC 4824, CCUG 1816, NRS 670, JCM 2511, BCRC 11735, CECT 18, CIP 52.74, HAMBI 1918, IAM 12466, IAM 14178, IFO 15655, IFO 16413, IFO 16444, LMG 12355, LMG 16798, LMG 9579, NBRC 15655, NBRC 16413, NBRC 16444, NCCB 48017, NCFB 1127, NCIMB 8713, NCIMB 8773, NRRL B-396, NRRL NRS-883, VKM B-500, NCDO 1127, CIP 52.73",1,Lederbergia lenta,1348624.3,55
,,,,,1467.3,
,,,,,2731957655,
,,,,,2808606624,
,,,,,GCA_001591545,
,,,,,GCA_900478165,
158809,PFL01,"KCCM 43247, JCM 31901",1,Lelliottia jeotgali,2757320903,50
,,,,,GCA_002271215,
134103,IS40-3,"JCM 12147, PCU 229, TISTR 1535, DSM 16577, CGMCC 1.6153, CIP 108664",1,Lentibacillus juripiscarius,1293599.7,55
,,,,,2728369697,
,,,,,GCA_001311805,
164308,SSKP1-9,"JCM 32625, TISTR 2597",1,Lentibacillus lipolyticus,2510307.3,20-50
,,,,,GCA_004145795,
166345,G56,,1,Lentibacillus panjinensis,GCA_013387165,Oct-50
1368,Amb31,"DSM 22530, CCM 7683, CECT 7524, LMG 25304",1,Lentibacillus persicus,2651870107,15.0-50.0
,,,,,640948.4,
,,,,,GCA_900112705,
133029,WD4L-1,"DSM 101738, CGMCC 1.15454",1,Lentibacillus populi,1827502.3,15.0-50.0
503,YMTK-2,"DSM 16556, JCM 12579",1,Leptolinea tardivitalis,229920.7,50
,,,,,229920.8,
,,,,,GCA_001050275,
,,,,,GCA_001306095,
504,KIBI-1,"DSM 16555, JCM 12578",1,Levilinea saccharolytica,229921.15,50
,,,,,229921.16,
,,,,,2740892510,
,,,,,GCA_001050255,
,,,,,GCA_001306035,
24646,,"DSM 46701, CCTCC AA 2011024, JCM 18059, YIM 77831",1,Lihuaxuella thermophila,1173111.3,50
,,,,,2675903160,
,,,,,GCA_900110165,
24534,Ia16,"DSM 25584, IBRC-M 10018",1,Limimonas halophila,1082479.3,30-50
,,,,,2654587884,
,,,,,GCA_900100655,
131331,NGM72.4,"DSM 27329, ICMP 20182",1,Limisphaera ngatamarikiensis,2563366519,60
,,,,,GCA_011044775,
23349,,"DSM 25763, ATCC BAA-2444, PRI 4131",1,Litorilinea aerophila,1204385.4,40-65
,,,,,,55
140500,WDS2C18,"KCTC 52045, MCCC 1H00132",1,Longibacter salinarum,1850348.3,20-50
,,,,,2788499893,
,,,,,GCA_002554795,
2870,,"DSM 19022, NBRC 102133, EBR 46",1,Lutispora thermophila,1122184.3,40-60
,,,,,2585428153,55
,,,,,GCA_900142105,56.5
1538,10a,"DSM 17140, ATCC BAA-1146, IAM 15262, JCM 21713, CIP 109652, NBRC 103108",1,Lysinibacillus boronitolerans,1294264.5,>50.0
,,,,,1294264.6,
,,,,,1294264.9,
,,,,,2627853777,
,,,,,2728369705,
,,,,,GCA_000772935,
,,,,,GCA_001312025,
,,,,,GCA_002200915,
1537,34hs-1,"DSM 18869, ATCC PTA-4993, CIP 108263, KCTC 3961, NBRC 100172, NRRL B-30641",1,Lysinibacillus odysseyi,1220589.3,55
,,,,,1220589.4,
,,,,,1220589.5,
,,,,,2627854238,
,,,,,2731957675,
,,,,,GCA_000773015,
,,,,,GCA_001591965,
,,,,,GCA_002200835,
1532,"Gibson 1013, 1013","DSM 28, ATCC 14577, CCM 2120, JCM 2502, NCIB 9370, NCTC 10338, CCUG 7428, LMG 7134, BCRC 12825, CECT 33, CIP 65.30, IAM 13420, IFO 15095, KCTC 3346, NBRC 15095, NCCB 75018, NCIMB 9370, NRRL B-23268, VKM B-509, NCDO 1767",1,Lysinibacillus sphaericus,1354027.3,55
,,,,,1421.65,
,,,,,1421.85,
,,,,,2554235285,
,,,,,2855314903,
,,,,,GCA_000427235,
,,,,,GCA_002982115,
,,,,,GCA_005217555,
,,,,,GCA_006539805,
,,,,,GCA_900445465,
140558,S5H2222,"MCC 3065, KACC 18714, LMG 29294",1,Lysinibacillus telephonicus,GCA_003966145,Oct-55
17993,50-1 BON,"DSM 15567, CIP 107919",1,Mahella australiensis,2503508009,30-60
,,,,,,50
167419,Y2-1-60,"MCCC 1K04285, KCTC 72884",1,Maribellus sediminis,GCA_011799805,50
4147,SRL 4225,"DSM 16055, ATCC BAA-903",1,Maridesulfovibrio bastinii,1121441.3,20-50
,,,,,2524023158,
,,,,,GCA_000429985,
11263,,"DSM 45154, CCTCC AA 208041, JCM 16903, SCSIO 00652, NBRC 110046",1,Marinactinospora thermotolerans,1122192.6,Oct-55
,,,,,2524614583,
,,,,,GCA_900167435,
2278,LT20,"DSM 16108, JCM 12337, CIP 108666",1,Marinilactibacillus piezotolerans,258723.5,Apr-50
,,,,,2636415975,
,,,,,GCA_900114235,
16699,T1,"DSM 14884, JCM 11576",1,Marinithermus hydrothermalis,2504643006,70
,,,,,869210.3,
,,,,,GCA_000195335,
17042,AT1271,"DSM 16785, JCM 12826",1,Marinitoga hydrogenitolerans,1122195.4,35-65
,,,,,2585428042,60
,,,,,GCA_900129175,
159051,LG1,"DSM 106824, JCM 32613",1,Marinitoga lauensis,2891158330,55
,,,,,GCA_004135675,
17044,MC3,"DSM 21709, JCM 15581, KCTC 15136, NBRC 109657",1,Marinitoga litoralis,2901074514,45-70
,,,,,570855.5,60
,,,,,GCA_016908145,
17041,KA3,"DSM 14283, JCM 11233",1,Marinitoga piezophila,2508501120,65
,,,,,443254.13,
,,,,,443254.7,
,,,,,CP003257,
,,,,,GCA_000255135,
134311,HS225,"CGMCC 1.6775, JCM 14804",1,Marinobacter pelagius,2619618995,Apr-48
,,,,,379482.7,
,,,,,GCA_900114925,
11277,v1c_Sn-red,"DSM 18438, LMG 24610, VKM 2416, VKM B-2416",1,Marinospirillum celere,1122252.3,13-55
,,,,,2600254929,
,,,,,GCA_900112235,
140776,ZC80,"CGMCC 1.15697, NBRC 112461",1,Marivibrio halodurans,2039722.4,Oct-50
,,,,,GCA_017963645,
11324,,"DSM 17462, CCTCC AA 204003, KCTC 12194, YIM 31775, CCUG 50882, CIP 108793",1,Massilia alkalitolerans,1111733.3,Apr-55
,,,,,2513237112,
,,,,,GCA_000427785,
158428,AJH120,"DSM 106750, CCUG 71842",1,Megasphaera stantonii,2841202678,30-50
,,,,,GCA_003030445,
,,,,,GCA_003367905,
13652,YBY-7,"DSM 24422, CGMCC 1.10789, LMG 26247, MCCC 1A06317",1,Meinhardsimonia xiamenensis,2593339294,54
,,,,,2663762716,55
,,,,,990712.3,
,,,,,990712.6,
,,,,,GCA_003001835,
,,,,,GCA_900102905,
133487,,"CGMCC 1.6990, JCM 15151, LY 1",1,Meiothermus cateniformans,482825.3,55
,,,,,GCA_003574045,55-67
,,,,,,57.5
16701,GY-1,DSM 11376,1,Meiothermus cerbereus,1122221.3,50
,,,,,2556921013,
,,,,,GCA_000620065,
16711,AZM34c11,"DSM 23238, NBRC 106114",1,Meiothermus hypogaeus,1227553.3,35-57
,,,,,2891683568,50
,,,,,884155.3,
,,,,,GCA_003574035,
,,,,,GCA_007990975,
140693,,"KCTC 52599, CCTCC AB 2017100, YIM 72257",1,Meiothermus luteus,2026184.3,50-65
,,,,,2891664624,60
,,,,,GCA_003574085,
16700,21,"DSM 1279, ATCC 35948, BKM B-1258, VKM B-1258",1,Meiothermus ruber,2554235408,50
,,,,,504728.6,
,,,,,504728.9,
,,,,,646564545,
,,,,,GCA_000024425,
,,,,,GCA_000376665,
16708,CAL-4,"DSM 22234, LMG 24878",1,Meiothermus rufus,2522572180,55
,,,,,604331.3,
,,,,,GCA_000423425,
16703,VI-R2,DSM 9946,1,Allomeiothermus silvanus,526227.14,50
,,,,,526227.15,
,,,,,526227.6,
,,,,,646564546,
,,,,,GCA_000092125,
16705,WR-30,"DSM 14542, ATCC BAA-399, CCRC 17170",1,Meiothermus taiwanensis,1122222.3,55
,,,,,2528768209,
16706,WR-220,"DSM 14543, ATCC BAA-400, CCRC 17171",0,Meiothermus taiwanensis,1339250.5,55
,,,,,GCA_003568585,
158578,KBB12,"KCTC 32230, JCM 18740",1,Melaminivora jejuensis,1267217.3,>50
,,,,,GCA_017811175,
130213,Nari2A,"DSM 25894, CCUG 62543",1,Melghiribacillus thermohalophilus,1324956.3,55
,,,,,2784746804,56
,,,,,GCA_004342905,
16788,"EX, NariEX","DSM 45474, CCUG 59620",1,Melghirimyces algeriensis,2724679802,37-60
,,,,,910412.3,55
,,,,,GCA_900182565,56
23327,,"DSM 45787, CCTCC AA 2012007, NBRC 109068, SCSIO 11153",1,Melghirimyces profundicolus,1242148.3,37-65
,,,,,2734482286,52.5
,,,,,GCA_003054245,
24645,"11A, Nari11A","DSM 45514, CCUG 60050",1,Melghirimyces thermohalophilus,1236220.3,43-60
,,,,,2615840705,55
,,,,,GCA_900102685,56
24801,P3M-2,"DSM 23840, JCM 17771, VKM B-2668",1,Melioribacter roseus,1191523.3,35-60
,,,,,GCA_000279145,47
,,,,,,52-55
,,,,,,55
24785,cd-1655R,"DSM 25116, OCM 1212",1,Mesoaciditoga lauensis,1150474.3,45-65
,,,,,2579779163,58.5
,,,,,GCA_000745455,60
1268,CV53,"DSM 19613, CIP 108889, LMG 23174, UCCCB11",1,Mesobacillus foraminis,GCA_004340465,55
,,,,,GCA_013618915,
1250,YKJ-10,"DSM 18226, CIP 107104, JCM 10885, KCCM 41040, BCRC 20126, CCM 7133, CGMCC 1.3651, KCTC 3839",1,Mesobacillus jeotgali,129985.4,50
,,,,,2908928733,55
,,,,,GCA_002874535,
140266,JJ-247,"DSM 103964, CCM 8726, LMG 29876",1,Mesobacillus zeae,1917180.7,50
,,,,,2913584337,
,,,,,GCA_003570705,
,,,,,GCA_013618945,
24816,"meso xx, VNs100","DSM 25546, JCM 18154",1,Mesotoga infera,2590828825,30-50
1233,Sd/3,"DSM 15820, CIP 108689, LMG 22858, MTCC 4374, JCM 12168, KCTC 3968",1,Metabacillus indicus,1458122.18,55
,,,,,2619619114,
,,,,,GCA_000708755,
1223,JG-30,"DSM 16189, KCTC 3880, BCRC 80033, CIP 108730",0,Metabacillus indicus,2619619115,Apr-50
,,,,,265729.29,55
,,,,,GCA_000709935,
140408,S36,"DSM 104297, CGMCC 1.16030, KCTC 33864",1,Metabacillus iocasae,2291674.3,16-50
,,,,,2901267961,
,,,,,GCA_016909075,
1228,SW-211,"DSM 16303, KCTC 3898, CIP 108971",1,Metabacillus litoralis,GCA_007994985,Apr-46
161630,,"JCM 15769, CGMCC 1.7082",1,Metallosphaera cuprina,GCA_000204925,65
16646,HO1-1,"DSM 7519, JCM 8857, ATCC 51241, IAM 14250",1,Metallosphaera hakonensis,1293036.3,65
,,,,,2681813025,70
,,,,,79601.6,
,,,,,GCA_001315825,
,,,,,GCA_003201675,
16647,,"DSM 10039, Ron 12/II",1,Metallosphaera prunae,47304.5,75
16645,TH2,"DSM 5348, ATCC 51363",1,Metallosphaera sedula,399549.15,65
,,,,,640427120,
6949,MK4,"DSM 19849, VKM B-2440",1,Methanobacterium veterum,2582580744,Oct-46
,,,,,GCA_000745485,
,,,,,GCA_027110455,
130394,JH146,"DSM 27223, KACC 18232",1,Methanocaldococcus bathoardescens,GCA_000739065,80
6984,AG86,"DSM 4213, JCM 15782",1,Methanocaldococcus fervens,573064.11,85
,,,,,573064.13,
,,,,,644736385,
,,,,,GCA_000023985,
6982,ME,"DSM 11812, JCM 15783",1,Methanocaldococcus infernus,573063.7,85
,,,,,646564547,
,,,,,GCA_000092305,
6981,JAL-1,"DSM 2661, ATCC 43067, JCM 10045, CIP 104961, NBRC 100440",1,Methanocaldococcus jannaschii,243232.2,80
,,,,,243232.25,
,,,,,243232.26,
,,,,,638154505,
,,,,,GCA_000091665,
6986,KIN24-T80,"DSM 22612, JCM 16315",1,Methanocaldococcus villosus,1069083.4,80
,,,,,1069083.5,
,,,,,2517093008,
,,,,,2554235511,
,,,,,GCA_000363885,
,,,,,GCA_000371805,
6983,M7,DSM 12094,1,Methanocaldococcus vulcanius,579137.1,80
,,,,,646311944,
,,,,,GCA_000024625,
17668,MRE50,"DSM 22066, NBRC 105507",1,Methanocella arvoryzae,2505679073,37-55
,,,,,351160.9,
,,,,,GCA_000063445,
7001,Nankai-3,"DSM 17508, OCM 812",1,Methanococcus aeolicus,419665.15,20-55
,,,,,640753034,40-50
,,,,,GCA_000017185,
7022,CR-1,"DSM 2373, ATCC 33837, OCM 174, VKM B-1841",1,Methanoculleus thermophilus,2200.3,55
,,,,,2200.7,
,,,,,2634166298,
,,,,,2684622606,
,,,,,GCA_001571405,
,,,,,GCA_900101055,
158497,HHB,"DSM 105918, JCM 32161",1,Methanofervidicoccus abyssi,GCA_004310395,60-80
,,,,,,70
7062,Z-7303,"DSM 3721, NBRC 107634, OCM 161",1,Methanohalobium evestigatum,644295.1,50
,,,,,644295.12,
,,,,,648028039,
,,,,,GCA_000196655,
17853,NOBi-1,"DSM 16494, JCM 12467, NBRC 102358., NBRC 102358",1,Methanolinea tarda,882090.7,35-55
,,,,,,50
158342,AMET1,"DSM 28684, NBRC 110805, UNIQEM U982",1,Methanonatronarchaeum thermophilum,2786546529,30-60
,,,,,GCA_002153915,50
7044,AV19,"DSM 6324, JCM 9639, NBRC 100938",1,Methanopyrus kandleri,190192.8,95
,,,,,638154507,98
,,,,,GCA_000007185,
132429,E03.2,"DSM 100822, JCM 30921",1,Methanosarcina flavescens,2651869834,20-55
,,,,,GCA_001304615,
7118,Ms 97,DSM 11855,0,Methanosarcina sp.,1520800.3,50
,,,,,2595698250,
,,,,,GCA_900116525,
7121,TM-1,"DSM 1825, ATCC 43570, OCM 12, VKM B-1830",1,Methanosarcina thermophila,2636415612,50
,,,,,523844.2,
,,,,,GCA_000969885,
7123,CHTI-55,"DSM 2906, ATCC 43170, OCM 90",0,Methanosarcina thermophila,1434121.4,55
,,,,,2627854140,
,,,,,GCA_000969925,
6896,ADZ,"DSM 7466, ATCC 51443, VKM B-1962",1,Methanothermobacter defluvii,2757320366,60
,,,,,49339.3,
,,,,,GCA_003385755,
6898,Marburg,"DSM 2133, NBRC 100331, OCM 82, JCM 14651",1,Methanothermobacter marburgensis,648028041,65
,,,,,79929.14,
,,,,,79929.8,
,,,,,GCA_000145295,
,,,,,GCA_027555065,
6887,AC60,"DSM 3267, ATCC 43169",0,Methanothermobacter thermautotrophicus,2861686208,60
23082,RMAS,"DSM 23052, JCM 16532, NBRC 106236",1,Methanothermobacter tenebrarum,GCA_023167465,45-80
,,,,,,65
,,,,,,70
6882,"Delta H, DeltaH","DSM 1053, ATCC 29096, JCM 10044, NBRC 100330, OCM 143, VKM B-1908",1,Methanothermobacter thermautotrophicus,187420.15,65
,,,,,638154510,
,,,,,GCA_000008645,
,,,,,GCA_027554905,
6888,Z-245,DSM 3720,0,Methanothermobacter thermautotrophicus,GCA_027555045,55
6894,,"DSM 2970, ATCC 43096, NBRC 100332, VKM B-1829, JCM 14652, OCM 154",1,Methanothermobacter wolfei,GCA_025397995,60
7003,IH1,"DSM 14208, JCM 11175",1,Methanothermococcus okinawensis,647113.11,60
,,,,,647113.14,65
,,,,,650716055,
,,,,,GCA_000179575,
7002,SN-1,"DSM 2095, ATCC 35097, JCM 10549, OCM 138",1,Methanothermococcus thermolithotrophicus,2519103186,65
,,,,,523845.5,
,,,,,GCA_000376965,
,,,,,GCA_946463545,
7137,V24 S,"DSM 2088, ATCC 43054, JCM 10308",1,Methanothermus fervidus,523846.9,80
,,,,,649633067,83
,,,,,GCA_000166095,
7050,PT,"DSM 6194, JCM 14653, NBRC 101360",0,Methanothrix thermoacetophila,349307.15,55
,,,,,639633038,
,,,,,GCA_000014945,
6988,Mc-S-70,"DSM 16983, ATCC BAA-687, JCM 11930",1,Methanotorris formicicus,2506520039,70
,,,,,647171.129,
,,,,,GCA_000243455,
6987,,"DSM 5666, JCM 11834, Kol 5",1,Methanotorris igneus,650716056,85
17657,ZC-1,"DSM 18856, CGMCC 1.5056",1,Methermicoccus shengliensis,1122233.4,65
,,,,,2565956510,
,,,,,GCA_000711905,
1557,,"DSM 22679, JCM 16213, Nad S1",1,Microaerobacter geothermalis,GCA_021608135,50
,,,,,,55
7467,YLB-01,"DSM 23767, CCTCC AB 2010363, JCM 19554, MCCC 1A06153",1,Microbacterium sediminis,2765235862,Apr-50
,,,,,2847293147,
,,,,,2877021139,
,,,,,904291.4,
,,,,,GCA_001689915,
,,,,,GCA_002741995,
,,,,,GCA_004564075,
16530,211020,"DSM 45428, CGMCC 4.5595, JCM 19666",1,Microbispora hainanensis,568844.3,20-50
,,,,,GCA_006874475,
23320,,"DSM 45498, BCC 14407, NBRC 104113, JCM 17237",1,Microbispora siamensis,564413.3,25-50
,,,,,GCA_016863095,
466,,"DSM 19189, JCM 14709, JAMB A94",1,Microbulbifer thermotolerans,252514.11,40-49
,,,,,2599185213,46
,,,,,GCA_900112305,
132342,S3Af-1,"DSM 100019, CGMCC 4.7306, JCM 31774",1,Microlunatus endophyticus,1716077.3,50
,,,,,GCA_014646195,
13414,P101,"DSM 43017, ATCC 15386, CBS 484.63, DSM 43018, DSM 43754, IFO 12207, KCC A-0036, NBRC 12207, NCIB 9602, NRRL B-3044, CCUG 5913, JCM 3036, BCRC 13426, CGMCC 4.1089, CGMCC 4.1324, CGMCC 4.1483, IFM 1235, IMET 9550, KACC 20054, KCTC 9115, KCTC 9150, KCTC 9480, MTCC 320, NBIMCC 3641, NCIMB 9602, VKM Ac-681, VTT E-073030",1,Saccharomonospora viridis,471857.5,50
,,,,,644736404,
,,,,,GCA_000023865,
166372,3D203,"CGMCC 1.17691, KCTC 72653",1,Microvirga arsenatis,GCA_009910705,28-50
159812,SY3-15,"MCCC 1K03467, KCTC 62335",1,Minwuia thermotolerans,GCA_002924445,20-50
16817,AMP,DSM 21394,1,Moorella caeni,1525.12,60
,,,,,2703719211,
,,,,,GCA_001875325,
16820,JW/AS-Y6,DSM 11254,1,Moorella glycerini,55779.5,60
,,,,,GCA_009735625,
16822,"64-FGQ, 64_FGQ","DSM 23265, VKM B-2603",1,Moorella humiferrea,2894696004,46-70
,,,,,676965.3,65
,,,,,GCA_002995755,
16821,1,"DSM 14980, ATCC BAA-608",1,Moorella mulderi,1122241.3,62
,,,,,2651869945,
,,,,,GCA_001594015,
24648,E3-O,"DSM 26217, CGMCC 1.5181",1,Moorella stamsii,2791355013,60
,,,,,GCA_002995805,
16811,Fontaine,"DSM 521, ATCC 35608, VPI 12954, JCM 9319, KCTC 5000, VPI 12984, CIP 108294",1,Moorella thermoacetica,1525.21,55
,,,,,1525.3,60
,,,,,2596583675,
,,,,,2627853541,
,,,,,2834890540,
,,,,,GCA_001267405,
,,,,,GCA_008121885,
16812,Fontaine,"DSM 2955, ATCC 35608",1,Moorella thermoacetica,1525.4,55
,,,,,2627853542,
,,,,,2834887756,
,,,,,GCA_001267435,
16813,G-20,"DSM 6867, ATCC 49707",0,Moorella thermoacetica,1525.11,60
,,,,,1525.23,
,,,,,2703719209,
,,,,,2837637149,
,,,,,GCA_001875285,
,,,,,GCA_008121905,
16814,6,DSM 11768,0,Moorella thermoacetica,1525.6,60
,,,,,2703719213,
,,,,,GCA_001874065,
16815,ET-5a,DSM 12797,0,Moorella thermoacetica,1525.7,55
,,,,,2703719210,
,,,,,GCA_001874085,
16816,PT-1,DSM 12993,0,Moorella thermoacetica,1525.9,55
,,,,,2596583676,
,,,,,2703719212,
,,,,,GCA_001875245,
16819,Inf1,DSM 7417,0,Moorella thermoacetica,1525.1,60
,,,,,2838801710,
,,,,,GCA_001875265,
166021,,"JCM 9320, ATCC 39073",0,Moorella thermoacetica,1525.18,55
,,,,,1525.24,
,,,,,2596583698,
,,,,,264732.11,
,,,,,637000167,
136947,,"CIP 108447, DSM 1974, ATCC 33924, AIP 98-04",1,Moorella thermoacetica,1525.22,55
,,,,,GCA_008121895,
133488,CC-HSB-11,"BCRC 17850, KCTC 22339",1,Flagellimonas lutaonensis,2630968620,25-55
,,,,,516051.11,
,,,,,GCA_000963865,
12588,XLG910.2,"DSM 15700, CGMCC 1.3458, JCM 14112, NBRC 106321",1,Myceligenerans xiligouense,253184.3,4.0-50
,,,,,2784132080,
,,,,,GCA_003814695,
8463,3849,"DSM 44199, CCUG 37519, CIP 105218, JCM 12690",1,Mycobacterium hassiacum,1122247.3,37-55
,,,,,1122247.4,
,,,,,1122247.5,
,,,,,2515154012,
,,,,,2531839488,
,,,,,2856852935,
,,,,,GCA_000300375,
,,,,,GCA_000379865,
,,,,,GCA_027886095,
,,,,,GCA_900603025,
169549,MJ1,"DSM 111728, JCM 33616",1,Nanobdella aerobiophila,GCA_023169545,65
17654,JW/NM-WN-LF,"DSM 18059, ATCC BAA-1301",1,Natranaerobius thermophilus,457570.14,50
,,,,,457570.2,
,,,,,457570.21,
,,,,,642555142,
,,,,,GCA_000020005,
17655,JW/NM-WN-LU,"DSM 18760, ATCC BAA-1443",1,Natranaerobius trueperi,2889473178,26-55
,,,,,759412.3,50
,,,,,GCA_002216005,52
132586,JW/NM-HA 15,DSM 23470,1,Natrarchaeobaculum aegyptiacum,GCA_002156705,30-56
,,,,,,52
,,,,,,55
163851,,"JCM 30663, UNIQEM U932, AArc 1",1,Natrarchaeobaculum sulfurireducens,GCA_003430825,48
134340,HIS40-3,"BCC 24370, JCM 14663, PCU 303",1,Natrinema gari,1230459.4,20-60
,,,,,2554235484,
,,,,,GCA_000337175,
131258,294-194-5,"DSM 27208, CECT 7630, JCM 16593",1,Natronoarchaeum philippinense,2728369221,20-50
,,,,,558529.3,
,,,,,GCA_900215575,
134191,3-Jul,"CGMCC 1.4299, JCM 13488",1,Natronorubrum aibiense,GCA_009392895,20-50
133563,CG-6,"CECT 7487, CGMCC 1.8981, JCM 15982",1,Natronorubrum sediminis,2617270925,25-50
,,,,,640943.3,
,,,,,GCA_900108095,
134219,AD2,"CGMCC 1.6307, JCM 14089",1,Natronorubrum sulfidifaciens,1230460.4,20-55
,,,,,2554235497,44-47
,,,,,GCA_000337735,
10430,AmH,"DSM 18972, ATCC BAA-1463",1,Nautilia profundicola,598659.3,30-55
,,,,,GCA_000021725,
1214,"IDA 1115, R-16315","DSM 15601, CIP 108807, LMG 21833, JCM 21706, IAM 15255",1,Neobacillus bataviensis,1117379.3,50-55
,,,,,2537561923,55
,,,,,GCA_000307875,
1213,"IDA 1937, R-16337","DSM 15600, CIP 108808, LMG 21831, JCM 21707, IAM 15256, NBRC 102427",1,Neobacillus drentensis,1314752.3,50-55
,,,,,2731957651,55
,,,,,GCA_001591445,
1251,B1801T,"DSM 18237, LMG 17489, NCIMB 13771, Rcp Sm1, JCM 21708, CIP 106910, IAM 15257, KCTC 13885, KCTC 3851, LMG 19448, NBRC 102428",1,Neobacillus fumarioli,1314754.3,50
,,,,,2731957653,52
,,,,,GCA_001591485,55
1216,"IDA 3307, R-15439","DSM 15603, CIP 108805, LMG 21837, JCM 21709, IAM 15258, NBRC 102450",1,Neobacillus novalis,1349756.3,50-55
,,,,,2681812999,55
,,,,,GCA_001591805,
164404,YLB-04,"JCM 32872, MCCC 1A12711",1,Neobacillus piezotolerans,GCA_003362805,15-50
1217,"IDA 0086, R-16300, ISA0086","DSM 15604, CIP 108804, LMG 21838, JCM 21710, IAM 15259, KCTC 13572, NBRC 102451",1,Neobacillus soli,1348630.3,55
,,,,,220688.4,
,,,,,2731957661,
,,,,,GCA_001591665,
,,,,,GCA_002335815,
1215,"IDA 3632, R-15447","DSM 15602, CIP 108806, LMG 21834, JCM 21711, IAM 15260, KCTC 13573, NBRC 102452",1,Neobacillus vireti,1131730.3,55
,,,,,220686.9,
,,,,,2558860475,
,,,,,2645728032,
,,,,,GCA_000508325,
,,,,,GCA_001026695,
7771,,"DSM 19423, CCTCC AB 207011, JCM 16549, CAAS 252, NBRC 107629",1,Nesterenkonia alba,1122602.4,20-50
,,,,,2524023226,
,,,,,GCA_000421745,
140586,10C,"LMG 29100, KCTC 39636, CGMCC 1.15388",1,Nesterenkonia cremea,1882340.4,Oct-55
,,,,,GCA_014642675,
642,"Ford 26, 26, 726","DSM 11, ATCC 4513, CCM 2048, JCM 2504, LMG 13261, NCIB 9374, NCTC 2610, CCUG 7416, ATCC 9140, ATCC 24, BCRC 10605, CECT 10, CIP 52.75, HAMBI 1911, IAM 12462, IAM 14175, IFO 13626, KCTC 3347, LMG 6926, NBRC 13626, NCCB 75011, NCFB 1775, NCIMB 9374, NRRL B-378, NRRL B-380, VKM B-1242, VTT E-95570, NCDO 1775, NRRL NRS726",1,Niallia circulans,1348626.3,22-55
,,,,,1397.16,
,,,,,2731957657,
,,,,,2814123177,
,,,,,GCA_001591585,
,,,,,GCA_900445325,
1209,Fo-92,"DSM 15077, ATCC BAA-519, CIP 108262",1,Niallia nealsonii,GCA_002835805,25-60
,,,,,,55
10424,MI55-1,"DSM 16512, JCM 12459",1,Nitratiruptor tergarcus,1069081.3,40-57
,,,,,2516493030,55
,,,,,GCA_027946175,
,,,,,GCA_900176045,
164409,,"JCM 32893, KCTC 15925",1,Nitrosophilus alvini,GCA_015100395,60
160832,HRV44,"DSM 111345, JCM 34002",1,Nitratiruptor labii,GCA_014466985,55
11222,,"DSM 44844, CCTCC AA 2040015, CIP 109297, KCTC 19008, NBRC 104398, YIM 90109, JCM 15311",1,Nocardiopsis chromatogenes,1246475.3,20-60
,,,,,2551306678,
,,,,,GCA_000341185,
11220,,"DSM 44845, CCTCC AA 2040016, CIP 109298, KCTC 19009, NBRC 104399, YIM 90130, JCM 15310",0,Nocardiopsis halophila,1236902.3,20-50
,,,,,2551306672,
,,,,,GCA_000341205,
158573,L54-1-50,"KCTC 52312, MCCC 1A05150",1,Oceanibaculum nanhaiense,2791354911,50
,,,,,GCA_002148795,
13866,PRQ-67,"DSM 22673, LMG 25334",1,Oceanicella actignis,1189325.5,50
,,,,,2593339287,
,,,,,GCA_008124525,
24525,CLW,"DSM 24423, CGMCC 1.10808, LMG 26245, MCCC 1A06272",0,Oceanicella actignis,1234555.3,28-65
,,,,,1234555.4,54
,,,,,2615840710,55
,,,,,2663762749,
,,,,,GCA_900111545,
,,,,,GCA_900143155,
16713,St55B,"DSM 15757, NBRC 100063",1,Oceanithermus desulfurans,1227550.3,60
,,,,,227924.3,
,,,,,2861248673,
,,,,,GCA_007991015,
,,,,,GCA_014201675,
16712,506,DSM 14977,1,Oceanithermus profundus,649633077,60
,,,,,670487.13,
,,,,,670487.3,
,,,,,GCA_000183745,
166101,,"CGMCC 1.17002, KCTC 43140, YIM 98839",1,Oceanobacillus halotolerans,2663380.3,Oct-50
,,,,,2894978065,
,,,,,GCA_010993955,
23737,A21,"DSM 28042, JCM 17251, NCIMB 14685, BCRC 80660",1,Oceanobacillus indicireducens,1004261.3,18-48
,,,,,GCA_014647195,
164402,YLB-02,"JCM 32870, MCCC 1A12699",1,Oceanobacillus piezotolerans,GCA_003665065,15-50
133964,SA9,"JCM 17252, NCIMB 14684, DSM 107338, BCRC 80661",1,Oceanobacillus polygoni,1235259.4,May-48
,,,,,2894984523,
,,,,,2913595076,
,,,,,GCA_008304605,
,,,,,GCA_017874935,
18136,OCT74,"DSM 24906, JCM 15580, LMG 24865",1,Oceanotoga teriensis,2756170248,25-70
,,,,,515440.3,56.5
,,,,,GCA_003148465,
170127,LCB8,"KCTC 72031, CGMCC 1.13984",1,Ochrobactrum teleogrylli,GCA_006376685,50
,,,,,VEWL00000000,
23712,8-4-E12,"DSM 23947, LMG 27601",1,Oikeobacillus pervagus,2926534574,20-50
506,P3M-1,"DSM 23815, VKM B-2669",1,Ornatilinea apprima,1134406.9,20-50
,,,,,GCA_001306115,
166377,L9,"KCTC 43176, CGMCC 1.17659",1,Ornithinibacillus caprae,GCA_009728145,Oct-50
1383,,"DSM 22953, CCUG 53201",1,Ornithinibacillus contaminans,2645727623,50
,,,,,694055.4,
,,,,,GCA_001038425,
140618,L14,"CGMCC 1.15420, JCM 31170",1,Paenibacillus aceti,1820010.4,15-50
,,,,,2882253857,55
,,,,,GCA_003614185,
,,,,,GCA_014642755,
134087,20CM,"LMG 22078, CECT 5836, CIP 108571",1,Paenibacillus antarcticus,253703.3,55
,,,,,2744054795,
,,,,,GCA_001637225,
11504,P3 L-5,"DSM 5976, ATCC 35681, LMG 14658, CIP 104586",1,Paenibacillus azotofixans,1333534.3,55
,,,,,1333534.5,
,,,,,2619619294,
,,,,,GCA_000520635,
,,,,,GCA_000993825,
11585,BP-23,"DSM 15478, CECT 7022, CIP 108718",1,Paenibacillus barcinonensis,198119.4,55
,,,,,2770939580,
,,,,,GCA_003217495,
11612,SAFN-016,"DSM 22255, ATCC BAA-1209, CIP 109354, NBRC 101215",1,Paenibacillus barengoltzii,1220556.3,Oct-50
,,,,,GCA_004000745,
11545,B-142,"DSM 11731, IFO 15958, JCM 9905, NBRC 15958, NRRL B-142, HSCC 442, PCI 221, ATCC 9966, ATCC BAA-725, CCM 1084, CECT 375, CIP 105254, IAM 1112, IFO 3329, KCTC 3758, LMG 14457, NBRC 3329, NCIMB 8144",1,Paenibacillus chibensis,2925295060,55
,,,,,59846.3,
,,,,,GCA_004001045,
11514,EAG-3,"DSM 11030, IFO 15660, NBRC 15660, JCM 12162, CCM 4527, CIP 104914, KCCM 41400, KCTC 3791, LMG 18047, NRRL B-23119, EAG 3",1,Paenibacillus chitinolyticus,1220558.3,55
,,,,,2600255075,
,,,,,2848028059,
,,,,,79263.3,
,,,,,GCA_000739915,
,,,,,GCA_004117095,
132589,LC2-13A,"DSM 101873, NRRL B-65368, UICC B-42",1,Paenibacillus cisolokensis,1658519.3,37-55
,,,,,GCA_018403665,45-50
11509,Yk9,"DSM 10247, IFO 15724, NBRC 15724, JCM 12163, ATCC 51898, CCM 4536, CIP 104575, HSCC 491, KCTC 3759, LMG 18050, NRRL B-23243",1,Paenibacillus curdlanolyticus,648276707,55
,,,,,717606.6,
,,,,,GCA_000179615,
11503,,"DSM 1735, ATCC 27763, LMG 15707, VPI 6563-1, CIP 105291",1,Paenibacillus durus,44251.11,55
,,,,,44251.7,
,,,,,GCA_000756615,
11513,"EAG-5, EGA 5","DSM 11029, IFO 15659, NBRC 15659, JCM 12161, CCM 4526, CIP 104913, KCTC 3748, LMG 18048, NRRL B-23118",1,Paenibacillus ehimensis,1220562.3,55
,,,,,GCA_004000785,
11607,"LGC-32714SD17, SD17","DSM 22254, CIP 108552, KCTC 10016BP, NBRC 100335, CIP 108599",1,Paenibacillus elgii,1349776.3,22-55
,,,,,2839866320,
,,,,,GCA_004000865,
132397,SH7,"DSM 29760, CECT 8558",1,Paenibacillus etheri,GCA_001012825,May-50
11588,GMP01,"DSM 17253, CECT 5760, LMG 20987, CIP 108371",1,Paenibacillus favisporus,2928311319,55
166418,DXL2,"KCTC 33976, CCTCC AB 2018054",1,Paenibacillus flagellatus,2211139.3,15-49
,,,,,2882543331,
,,,,,GCA_003217775,
11495,"S93, B-14679","DSM 5162, ATCC 49278, IFO 15330, NBRC 15330, NCIB 12809, CCUG 28523, NRRL B-14679, CIP 106935, LMG 12239, NCIMB 12809",1,Paenibacillus glucanolyticus,1349777.4,55
,,,,,2687453498,
,,,,,59843.4,
,,,,,GCA_001632305,
,,,,,GCA_004000885,
11590,DS-1,"DSM 17608, CIP 107742, JCM 11221, KCTC 3808, NRRL B-23455, IFO 16618, NBRC 16618",1,Paenibacillus glycanilyticus,1220565.3,55
,,,,,GCA_004000805,
11559,"RSA 19, RSA19","DSM 15220, ATCC BAA-95, LMG 19080, CIP 107688",1,Paenibacillus graminis,189425.5,55
,,,,,2630968473,
,,,,,GCA_000758705,
11549,"14, NRS-1356","DSM 11733, IFO 15959, JCM 9907, NBRC 15959, NCIMB 13573, NRRL NRS-1356, CCUG 50778, CIP 105253, LMG 18051, HSCC 309, KCTC 3760",1,Paenibacillus illinoisensis,1349779.3,55
,,,,,GCA_004000925,
11511,YK205,"DSM 10249, IFO 15729, NBRC 15729, JCM 12164, ATCC 51900, CCM 4537, CIP 104576, HSCC 488, LMG 18049, NRRL B-23246",1,Paenibacillus kobensis,1220566.3,55
,,,,,GCA_004000825,
24279,AM49,"DSM 27933, JCM 11465, KCTC 0766BP, BCRC 17343, CIP 108253",1,Paenibacillus kribbensis,2773857839,55
,,,,,GCA_002240415,
11563,"MB 1871, R-7191","DSM 15596, CIP 108827, LMG 21940",1,Paenibacillus lactis,228574.6,22-55
,,,,,2913370050,
,,,,,GCA_017873605,
11592,"Med-540, 846","CCUG 28515, CIP 104618, DSM 7030, ATCC 9545, LMG 9820, NRRL B-2605",1,Paenibacillus larvae,147375.4,55
,,,,,147375.5,
,,,,,2814123210,
,,,,,GCA_002003265,
11591,"670, NRS-1508","DSM 3615, ATCC 49843, LMG 6911, NCIMB 11201, NRRL B-3685, CCUG 52235, ATCC 13537, LMG 15974, NRRL B-3670, CIP 104990, NRS 1508",0,Paenibacillus larvae,1477.13,55
,,,,,1477.16,
,,,,,1477.17,
,,,,,2814123212,
,,,,,GCA_002007765,
11475,"888, NRS-888","DSM 24, ATCC 8244, CCM 2012, CIP 66.19, IAM 12467, LMG 13281, NCIB 9368, NCTC 6355, CCUG 7423, LMG 6324, IAM 1227, NRS 888, JCM 2500, BCRC 14680, CECT 19, IFO 15307, KCTC 1822, NBRC 15307, NCFB 1764, NCIMB 9368, NRRL B-172, NRRL B-394, NRRL B-4267, VKM B-506, VTT E-81138, NCDO 1764",1,Paenibacillus macerans,1349781.5,22-55
,,,,,2904127458,
,,,,,44252.8,
,,,,,GCA_000746875,
,,,,,GCA_004000965,
,,,,,GCA_900454495,
11477,,"DSM 2, ATCC 23464, CIP 103269, LMG 6935, NCTC 10419, CCUG 37394, NCIMB 9934",1,Paenibacillus macquariensis subsp. macquariensis,2681812895,55
,,,,,948756.3,
,,,,,948756.4,
,,,,,GCA_900156375,
11579,2301065,"KCTC 3991, DSM 16942, CCUG 48215, CIP 107939",1,Paenibacillus massiliensis subsp. massiliensis,1122921.3,30-50
,,,,,2517572189,
,,,,,GCA_000377505,
11560,TOD45,"DSM 15391, ATCC BAA-93, LMG 19079, JCM 21743, IAM 15293, CIP 107685",1,Paenibacillus odorifer,189426.6,55
,,,,,2630968887,
,,,,,GCA_000758725,
11589,,"DSM 17399, CECT 5862, LMG 22192, PALXIL 04, CIP 108717",1,Paenibacillus phyllosphaerae,274593.3,22-55
,,,,,2824364704,
,,,,,2928318167,
,,,,,GCA_014192105,
11487,,"DSM 36, ATCC 842, BUCSAV 162, CCM 1459, JCM 2507, LMG 13294, NCIB 8158, NCTC 10343, CCUG 7426, BCRC 11168, CECT 155, CFBP 4258, CIP 66.22, HAMBI 1897, HAMBI 635, IAM 13419, IFO 15309, KCTC 3627, KCTC 3858, LMG 6319, NBRC 15309, NCFB 1774, NCIMB 8158, NRRL B-4317, VKM B-514, VTT E-97008, NCDO 1774",1,Paenibacillus polymyxa,1036171.11,55
,,,,,1036171.3,
,,,,,1406.162,
,,,,,2547132099,
,,,,,2907128583,
,,,,,GCA_000217775,
,,,,,GCA_022811565,
,,,,,GCA_900454525,
,,,,,GCA_903797665,
11508,,"DSM 22700, ATCC 14706, CCUG 28881, CIP 106066, NCCB 75017, NRRL B-2309, KCTC 3806",1,Paenibacillus popilliae,1212764.3,55
,,,,,2537561634,
,,,,,GCA_000315235,
11578,2301083,"DSM 16941, CCUG 48214, CIP 107938, KCTC 3993",1,Paenibacillus sanguinis,1122925.3,55
,,,,,2517572150,
,,,,,GCA_000374825,
11660,"GT-H3, GTH-3","DSM 23491, CIP 110613, LMG 25635",1,Paenibacillus sediminis,2913409695,Apr-55
,,,,,664909.3,
,,,,,GCA_017873765,
133090,DB 13031,"DSM 28013, CGMCC 1.12770",1,Paenibacillus silvae,1325358.4,Oct-53
,,,,,GCA_014639235,
11656,S27,"DSM 23020, CGMCC 1.10238, CIP 110614",1,Paenibacillus sophorae,1333845.3,15-50
,,,,,1333845.6,
,,,,,2579778832,
,,,,,2617270876,
,,,,,682957.3,
,,,,,GCA_018966525,
,,,,,GCA_900110315,
24287,TC22-2b,"DSM 26310, JCM 18657",1,Paenibacillus thermoaerophilus,1215385.3,25-58
,,,,,GCA_005938195,50
,,,,,,52.5
11502,1393,"DSM 7262, JCM 8360, NRRL B-4156, CCUG 28880, NCTC 12999, LMG 17412, CIP 104430, AHU 1393, AHU 1392, IFO 15656, KCTC 3764, LMG 17404, NBRC 15656, NCIMB 13158, NRRL: B-4156",1,Paenibacillus thiaminolyticus,1349794.4,55
,,,,,GCA_002161855,
,,,,,GCA_004001005,
,,,,,GCA_007066085,
11580,2301032,"DSM 16943, CCUG 48216, CIP 108005, KCTC 3995",1,Paenibacillus timonensis,GCA_022427145,30-50
,,,,,,55
11601,"R-16776, B2517","DSM 18334, CIP 108306, LMG 22176, KCTC 3997",1,Paenibacillus wynnii,2617271335,55
,,,,,268407.5,
,,,,,GCA_000757885,
16852,DMJ,"DSM 13482, JCM 10417, ATCC BAA-128",1,Palaeococcus ferrophilus,2501025505,80
,,,,,588319.9,
,,,,,GCA_000966265,
23332,DY20341,"DSM 24777, JCM 17873",1,Palaeococcus pacificus,1343739.3,50-90
,,,,,2588253738,80
,,,,,GCA_000725425,
132033,SMBg3,"DSM 102817, CCUG 68698",1,Paludifilum halophilum,1642702.3,30.0-55.0
,,,,,2784132154,
,,,,,2802429553,
,,,,,GCA_002245355,
159698,Q4.6,"CGMCC 1.15703, KCTC 52466",1,Pannonibacter carbonis,2833391513,Apr-55
,,,,,GCA_003012935,
140807,GHD-30,"KCTC 52214, NBRC 111993",1,Paracoccus aestuariivivens,1820333.3,50
,,,,,GCA_009711225,
166511,M1-83,"LMG 30633, CIP 111624, CCM 8857",1,Paracoccus haematequi,2885094732,50
,,,,,GCA_900631945,
166193,I-41R45,"CCM 8875, CIP 111632",1,Paracoccus nototheniae,GCA_004335005,50
13728,,"DSM 18447, CCTCC AB 206074, KCTC 22163, YIM 90738",1,Paracoccus saliphilus,2681813562,Oct-55
,,,,,405559.3,
,,,,,GCA_028553805,
133615,Zy-3,"ACCC 05413, HAMBI 3106",1,Paracoccus sphaerophysae,2713897090,Apr-60
,,,,,690417.3,
,,,,,GCA_000763805,
1440,S1812,"DSM 12041, ATCC 700356, NBRC 107762",1,Parageobacillus caldoxylosilyticus,1220594.3,50.0-65.0
,,,,,2576861490,55
,,,,,2829795795,70
,,,,,81408.17,
,,,,,GCA_000632715,
,,,,,GCA_014196025,
1456,CF1B,"DSM 18751, ATCC BAA-1450",1,Parageobacillus galactosidasius,883812.5,60
,,,,,GCA_002217735,
1438,"M1, R-35644","DSM 9572, LMG 23032",1,Bacillus thermantarcticus,2654588109,55
,,,,,GCA_900111865,60
,,,,,,80
1430,"KP 1006, R-35637, NRS-81","DSM 2542, ATCC 43742, NCIB 11955, CCUG 28887, NRRL B-14233, CIP 106930, NRRL B-14516, NCIMB 11955",1,Parageobacillus thermoglucosidasius,1426.1,45-55
,,,,,1426.99,50
,,,,,2627853848,55
,,,,,2687453436,56
,,,,,GCA_000966225,60
,,,,,GCA_001295365,<60.0
1431,"KP 1022, R-32629",DSM 2543,0,Parageobacillus thermoglucosidasius,1426.116,55
,,,,,GCA_014218625,
1432,PB94A,DSM 21625,0,Parageobacillus thermoglucosidasius,1426.118,55
,,,,,GCA_014218665,
1443,,"DSM 6285, ATCC 67824, BR 219",0,Parageobacillus thermoglucosidasius,1426.117,55
,,,,,GCA_014218645,
1449,"R-35642, SK-1","DSM 14590, KCTC 0306BP, LMG 23037, CIP 108270",1,Parageobacillus toebii,1223503.6,37-55
,,,,,1223503.9,45.0-70.0
,,,,,2773858069,55
,,,,,2829804122,60
,,,,,GCA_003688615,80
,,,,,GCA_014196095,
1385,YIM-C158,"DSM 17857, CGMCC 1.6333",1,Paraliobacillus quinghaiensis,2832713448,4.0-50.0
,,,,,470815.5,
,,,,,GCA_003426025,
,,,,,GCA_014645115,
1384,O15-7,"DSM 15140, JCM 21472, CIP 108014, IAM 15001, NBRC 100001, NRIC 0520, NBRC 10001",1,Paraliobacillus ryukyuensis,200904.4,55
,,,,,2770939501,
,,,,,GCA_003315295,
133452,CC-MMS-1,"BCRC 17814, KCTC 22245",1,Parvularcula lutaonensis,491923.4,25-50
,,,,,GCA_014651915,
6397,"FAIR-E-180, FAIR-E 180","DSM 18001, CCUG 51290, LMG 23082, CIP 109142, JCM 30772, BCRC 17601, NCIMB 14315, BFE 1652",1,Pediococcus stilesii,2667527983,35-48
,,,,,331679.3,
,,,,,GCA_001437075,
158524,S5,"KCTC 33632, CGMCC 1.15177",1,Pelagirhabdus alkalitolerans,2671180221,20-55
,,,,,GCA_900096905,
166113,SM250,"KCTC 62861, VKM B-3274",1,Pelomicrobium methylotrophicum,GCA_008014345,30-63
,,,,,,50
11833,SI,"DSM 13744, JCM 10971",1,Pelotomaculum thermopropionicum,370438.4,55
,,,,,640427128,
,,,,,GCA_000010565,
139988,MA001,"DSM 105779, JCM 12112, NCIMB 13969, CIP 108638, FERM BP-4493",1,Peribacillus asahii,GCA_003570725,55
1279,BT080,"DSM 17871, KCTC 13934, BCRC 80031",1,Peribacillus kribbensis,1121092.3,13-47
,,,,,2524023229,
,,,,,GCA_000430765,
748,"T25B, B-3394","DSM 6, ATCC 23296, DSM 13778, LMG 9580, NCIMB 11729, CIP 106932, CCUG 28882",1,Peribacillus psychrosaccharolyticus,1174504.3,55
,,,,,2547132175,
,,,,,GCA_000305495,
790,NRS-960,"DSM 1321, ATCC 49097, NRS 960, JCM 12307, BCRC 15909, CCM 7148, CCUG 28889, CGMCC 1.3471, CIP 106934, IFO 15720, KCTC 3450, LMG 11160, NBRC 15720, NRRL NRS-960, VTT E-97781",1,Peribacillus simplex,1349754.4,55
,,,,,1349754.5,
,,,,,1349754.9,
,,,,,2731957667,
,,,,,2823415468,
,,,,,GCA_001591785,
,,,,,GCA_002243645,
,,,,,GCA_007679575,
164712,MO1340,"JCM 34026, UBOCG M-3359, UBOCC M-3359",1,Persephonella atlantica,GCA_016617615,45-80
,,,,,JAACYA000000000,70
517,29W,"DSM 15103, JCM 11663",1,Persephonella hydrogeniphila,198703.3,70
,,,,,2728369220,
,,,,,GCA_900215515,
132467,ING2-E5A,"DSM 28695, CECT 8611",1,Petrimonas mucosa,2751185676,20-50
,,,,,GCA_900095795,
158360,SK-Y3,"DSM 103557, ACCC 19952",1,Petroclostridium xylanilyticum,2831404242,35-60
,,,,,GCA_002252565,50
17051,MET-B,"DSM 16923, CCUG 50214",1,Petrotoga halophila,1122953.3,35-65
,,,,,2556793017,55
,,,,,GCA_002924615,56
,,,,,,60
17048,,"DSM 14811, CIP 107371, MET met12, MET 12",1,Petrotoga mexicana,1122954.3,25-65
,,,,,GCA_002895565,55
17047,42-6,"DSM 10691, ATCC 51224",1,Petrotoga miotherma,1434326.3,55
,,,,,GCA_002895605,
17045,SJ95,DSM 10674,1,Petrotoga mobilis,403833.7,55
,,,,,641228500,
,,,,,GCA_000018605,
17049,SL24,"DSM 13574, JCM 11234",1,Petrotoga olearia,1122955.3,55
,,,,,156203.3,
,,,,,2757320361,
,,,,,GCA_002895525,
,,,,,GCA_003688505,
17050,SL25,"DSM 13575, JCM 11235",1,Petrotoga sibirica,1122956.3,55
,,,,,156202.3,
,,,,,2756170166,
,,,,,GCA_002924625,
,,,,,GCA_004366085,
17648,"EPRHB-8, HB-8","DSM 24425, JCM 17384",1,Phorcysia thermohydrogeniphila,2728369737,65-80
,,,,,936138.7,75
,,,,,GCA_004339575,
140486,P03D4,"KCTC 52365, MCCC 1K03200, CGMCC 1.15764, JCM 31445",1,Photobacterium alginatilyticum,2905545480,Oct-50
,,,,,GCA_009910675,
169324,S29,"DSM 27342, KACC 17598",1,Phytobacter palmae,FONB00000000.1,50
,,,,,GCA_900112785,
11900,,"DSM 9789, JCM 10054, KAW 2/2, ATCC 700036",1,Picrophilus oshimae,1122961.3,55
,,,,,2579779151,
,,,,,GCA_900176435,
11901,,"DSM 9790, JCM 10055, KAW 2/3, NBRC 100828",0,Picrophilus oshimae,263820.9,55
,,,,,638154512,
,,,,,GCA_000008265,
1544,RBU1-1,"DSM 21622, JCM 13188, PCU 270, TISTR 1571, CIP 109653",1,Piscibacillus salipiscarius,1294022.5,15-48
,,,,,2675903365,
,,,,,GCA_001311865,
134050,"P8, IMER 00624","KACC 16581, NBRC 108858, DSM 111729",1,Planifilum composti,2784132152,50-75
,,,,,,55
,,,,,,60
16752,H0165,"DSM 44946, ATCC BAA-969, JCM 12507, BCRC 16827",1,Planifilum fimeticola,201975.3,50-65
,,,,,2728369512,55
,,,,,GCA_003001905,59
,,,,,,60
16751,500275,"DSM 44945, ATCC BAA-970, JCM 12508, BCRC 16828",1,Planifilum fulgidum,201973.5,50-67
,,,,,2615840724,60
,,,,,GCA_900113175,62.5
134218,LA5,"CCTCC AA 206002, KCTC 13052, DSM 45664",1,Planifilum yunnanense,2784132149,50-75
,,,,,,65
133878,JIR-001,"JCM 18147, CECT 8074, BCC 72032, NBRC 109429",1,Polycladomyces abyssicola,1125966.3,55
,,,,,GCA_018326425,55-73
,,,,,,57.5
158465,,"DSM 45973, YIM 121212, CCTCC AA 2013011",1,Prauserella flavalba,1477506.3,20-55
,,,,,2865225150,
,,,,,GCA_003202235,
,,,,,MASU00000000,
1244,7.101,"DSM 16467, KCTC 3914, BR 030, CIP 110015",1,Priestia koreensis,2648501744,15-48
,,,,,284581.3,
,,,,,GCA_001274935,
17150,"KS, KS-SP4I6","DSM 15287, ATCC BAA-665",1,Propionispora hippei,1123003.3,20-50
,,,,,2585428088,
,,,,,GCA_900141835,
18078,GW,"DSM 21650, CGMCC 1.5055, JCM 14574",1,Proteiniborus ethanoligenes,2599185206,20-48
,,,,,415015.4,
,,,,,GCA_900107485,
2872,D3RC-2,"DSM 24773, CGMCC 1.5058, JCM 14817, KCTC 15188",1,Proteiniclasticum ruminis,1410668.3,24-46
,,,,,2561511080,
,,,,,2675903137,
,,,,,398199.5,
,,,,,GCA_000701905,
,,,,,GCA_900099635,
1208,mcha2343,"DSM 14890, CIP 108363, LMG 19507",1,Pseudalkalibacillus decolorationis,GCA_024609785,55
1226,SW-72,"DSM 16206, JCM 11807, KCCM 41641, CIP 108441, LMG 24749",1,Pseudalkalibacillus hwajinpoensis,GCA_029277305,55
7480,,"DSM 23821, CCUG 58142, KCTC 22691, CAU 59",1,Pseudoclavibacter chungangensis,2857404025,Apr-50
,,,,,587635.3,
,,,,,587635.4,
,,,,,GCA_008831135,
,,,,,GCA_013410545,
132433,,"DSM 29943, CGMCC 1.15081, KCTC 39112, EGI 60007, JCM 30633",1,Pseudoclavibacter endophyticus,1778590.4,Oct-60
,,,,,GCA_008831085,
,,,,,GCA_014640595,
12800,,"DSM 50071, ATCC 10145, ICPB 2523, NCIB 8295, NCTC 10332, NRRL B-771, WDCM 00024, JCM 5962, BCRC 10944, CCEB 481, CCM 1960, CCUG 28447, CCUG 551, CECT 110, CGMCC 1.1785, CIP 100720, IAM 1514, IFO 12689, IFO 3756, KCTC 1750, LMG 1242, NBRC 12689, NBRC 3756, NCDO 1369, NCIMB 8295, NCPPB 1965, IMET 10403, CCM 481, VKM B588, CIP 63.52",1,Pseudomonas aeruginosa,1123015.3,47
,,,,,1123015.5,
,,,,,1236528.3,
,,,,,2568526011,
,,,,,2636415941,
,,,,,2667527464,
,,,,,2667527847,
,,,,,287.10003,
,,,,,287.11067,
,,,,,287.1725,
133985,CC-CY503,"BCRC 80437, JCM 18415",1,Halopseudomonas formosensis,1002526.5,20-50
,,,,,2663762775,
,,,,,GCA_900115905,
13075,CM3,"CCUG 54623, DSM 14292, KCTC 12117, LMG 21284, CIP 107795",1,Pseudomonas thermotolerans,1123021.3,25-55
,,,,,2521172647,50
,,,,,GCA_000364625,
13359,,"DSM 43832, ATCC 19285, CBS 277.66, IAM 14290, JCM 3095, NCIB 10079, BCRC 12539, CGMCC 4.1303, IFO 15559, KCTC 9151, NBRC 15559, NCIMB 10079, NRRL B-1978, VKM Ac-896",1,Pseudonocardia thermophila,1848.4,50
,,,,,2700988696,
,,,,,GCA_900142365,
134212,SW-255,"KCTC 12737, JCM 13603, DSM 110540, CECT 7680, CGMCC 1.7689, CIP 109548",1,Pseudoruegeria aquimaris,2890612611,15-49
,,,,,393663.4,
,,,,,GCA_900172235,
17065,,"DSM 9442, ATCC 51869, NBRC 107921, NCIMB 13424, SEBR 6459",1,Pseudothermotoga elfii,1123383.3,65
,,,,,1219083.7,
,,,,,2558309103,
,,,,,2558309118,
,,,,,GCA_000504085,
,,,,,GCA_000621345,
17067,,"DSM 11164, NBRC 106472, SEBR 7054",1,Pseudothermotoga hypogea,1123384.3,70
,,,,,1123384.7,
,,,,,1219084.8,
,,,,,2558309119,
,,,,,2565956526,
,,,,,GCA_000504105,
,,,,,GCA_000711815,
,,,,,GCA_000816145,
17070,TMO,"DSM 14385, ATCC BAA-301, NBRC 107922",1,Pseudothermotoga lettingae,641228511,65
,,,,,GCA_000017865,
17063,LA3,"DSM 5069, NBRC 107925",1,Pseudothermotoga thermarum,2503508007,70
,,,,,688269.3,
,,,,,GCA_000217815,
17510,CB-226,"DSM 22914, ATCC BAA-404, BCRC 17172, CCUG 48041, CIP 108059, CCRC 17172",1,Pseudoxanthomonas taiwanensis,176598.4,50
,,,,,2574179701,
,,,,,GCA_010093135,
23028,,"DSM 19858, JCM 11733, KCTC 22016, KMM 3531, CECT 7618",1,Pseudozobellia thermophila,192903.4,Apr-49
,,,,,2622736519,
,,,,,GCA_900141855,
1566,"68E3, 68000","DSM 11713, ATCC BAA-796, CIP 107791, NCIMB 13837",1,Psychrobacillus psychrodurans,126157.3,55
,,,,,2675903167,
,,,,,GCA_027563345,
,,,,,GCA_900114885,
1568,3H1,"DSM 11706, CIP 107792, NCIMB 13838",1,Psychrobacillus psychrotolerans,126156.3,55
,,,,,2687453787,
,,,,,GCA_900115805,
168046,I-STPP5b,"LMG 30301, CIP 111410, CCM 8799, CCM 8799T, LMG 30301T",1,Psychrobacter pygoscelis,GCA_004335015,50
,,,,,RQRU00000000,
159736,T8,"CGMCC 1.15924, KCTC 333888",1,Pueribacillus theae,2831647163,20-60
,,,,,GCA_003097615,
133210,7578-24,"CGMCC 1.15371, JCM 31236",1,Pullulanibacillus camelliae,1707096.3,20-50
,,,,,GCA_014642655,
24774,K22,"DSM 25857, ICMP 18710",1,Pyrinomonas methylaliphatogenes,2545824503,60
,,,,,2645727641,
,,,,,454194.3,
,,,,,GCA_000820845,
17026,IM2,"DSM 7523, JCM 9630, ATCC 51768, NBRC 100827",1,Pyrobaculum aerophilum,178306.9,95
,,,,,638154513,98
,,,,,GCA_000007225,
17028,PZ6*,"DSM 13514, JCM 11321, ATCC 700994",1,Pyrobaculum arsenaticum,340102.8,95
,,,,,640427135,
,,,,,GCA_000016385,
17029,VA1,"DSM 21063, JCM 11548",1,Pyrobaculum calidifontis,410359.14,90
,,,,,640069326,
,,,,,GCA_000015805,
130743,1860,"DSM 28942, VKM B-2856",1,Pyrobaculum ferrireducens,2511231117,90
,,,,,GCA_000234805,
17024,GEO3,"DSM 4184, JCM 9189",1,Pyrobaculum islandicum,384616.1,95
,,,,,639633053,
,,,,,GCA_000015205,
17030,V24Sta,"DSM 2338, JCM 9278, NBRC 100436",1,Pyrobaculum neutrophilum,444157.8,80
,,,,,641522657,85
,,,,,GCA_000019805,
17027,TE7,"DSM 13380, JCM 10595",1,Pyrobaculum oguniense,2512047039,90
,,,,,698757.19,
,,,,,698757.2,
,,,,,GCA_000247545,
162185,,JCM 18155,1,Pyrococcus abyssi,GCA_000195935,95
16859,GE5,"DSM 25543, CNCM I-1302",0,Pyrococcus abyssi,272844.11,90
,,,,,272844.15,
,,,,,638154514,
16854,Vc 1,"DSM 3638, ATCC 43587, JCM 8422, CGMCC 1.2516",1,Pyrococcus furiosus,186497.12,95
,,,,,186497.32,97
,,,,,638154515,
,,,,,GCA_000007305,
,,,,,GCA_008245085,
16857,OT-3,"DSM 12428, JCM 9974, NBRC 100139",1,Pyrococcus horikoshii,GCA_000011105,95
132578,Souchothèque de Bretagne BG1337,"DSM 101590, NCB 100",1,Pyrococcus kukulkanii,1609559.3,100
,,,,,2687453501,105
,,,,,GCA_001577775,70-112
139929,St04,DSM 27235,0,Pyrococcus sp.,1183377.7,95
,,,,,2521172719,
,,,,,GCA_000263735,
161812,,JCM 16557,1,Pyrococcus yayanosii,GCA_000215995,98
132610,Su06,"DSM 28599, ATCC BAA-2559",1,Pyrodictium delaneyi,2773858058,82-97
,,,,,GCA_001412615,90
,,,,,,90-92
13526,PL-19,"DSM 2709, JCM 9393, NBRC 100438",1,Pyrodictium occultum,2309.8,95
,,,,,GCA_001462395,97
13523,1A,"DSM 11204, JCM 17356",1,Pyrolobus fumarii,2505679005,103
,,,,,694429.7,
,,,,,GCA_000223395,
158700,SPSPC-11,"CECT 9012, LMG 29233",1,Raineya orbicola,2786546755,35-60
,,,,,GCA_002843425,50
24684,,"DSM 25897, CCTCC AB 2012062, YIM 77974",1,Rehaibacterium terrae,1341696.3,30-55
,,,,,2861651007,
,,,,,GCA_014202935,
140034,"E407-8, E407.8","DSM 22401, CCTCC AB 209089, KACC 14030, CCTCC AB 20908",1,Rheinheimera nanhaiensis,2531839457,Oct-48
,,,,,562729.3,
,,,,,GCA_000296695,
168385,,"KCTC 72354, CGMCC 1.16876, SYSU G03088",1,Tabrizicola flagellata,GCA_008271465,28-50
,,,,,VMDU00000000,
133122,JZ3C29,"MCCC 1H00131, KCTC 52046, JCM 31413",1,Rhodohalobacter halophilus,2751185588,20-50
,,,,,GCA_001715195,
1825,TUT3520,"DSM 9987, ATCC 49414, NBRC 104267",1,Rhodoplanes tepidamans,2926575101,25-46
,,,,,GCA_028550555,
133803,JA575,"NBRC 108862, KCTC 15143",1,Rhodopseudomonas pentothenatexigens,GCA_003385925,25-50
,,,,,GCA_900218015,
133804,JA576,"NBRC 108863, KCTC 15144",1,Rhodopseudomonas thermotolerans,2740891859,25-60
,,,,,999700.3,
,,,,,GCA_003387125,
17792,R-10,"DSM 4252, ATCC 43812",1,Rhodothermus marinus,518766.26,65
,,,,,518766.7,
,,,,,646311949,
,,,,,GCA_000024845,
17794,OKD7,"DSM 12399, JCM 9785, CGMCC 1.3047",0,Rhodothermus marinus,1295135.3,70
,,,,,2728369716,
,,,,,GCA_001312245,
164442,,JCM 33045,0,Rhodothermus marinus,GCA_009936255,65
164443,,JCM 33046,0,Rhodothermus marinus,GCA_009936275,65
17795,2037 Souchothèque de Bretagne,"DSM 22212, JCM 15944, PRI 2902",1,Rhodothermus profundi,2622736637,55-80
,,,,,633813.3,70
,,,,,GCA_900142415,
23713,8-4-E13,"DSM 23948, LMG 27602",1,Anoxybacillus andreesenii,2926493430,20-50
1194,171544,"DSM 13140, CIP 106295, NCIMB 13601, JCM 12213",1,Robertmurraya siralis,77777.5,55
,,,,,GCA_005502275,
2416,HLO8,"DSM 13941, JCM 11240, NBRC 100045",1,Roseiflexus castenholzii,383372.6,45.0-55.0
,,,,,640753047,48
,,,,,GCA_000017805,50
,,,,,,50
164246,,"JCM 32374, KCCM 43267, MEBiC 09517",1,Roseithermus sacchariphilus,2026787.5,35-59
,,,,,GCA_003285105,55
158669,N53,"MCCC 1H00200, KCTC 52886",1,Roseovarius salinarum,2837136897,50
,,,,,GCA_002834145,55
1225,TF-12,"DSM 16205, JCM 11545, KCCM 41589, CIP 108136",1,Rossellomorea aquimaris,GCA_001648555,55
1224,TF-11,"DSM 16204, JCM 11544, KCCM 41588, CIP 108135",1,Rossellomorea marisflavi,189381.12,Oct-47
,,,,,2645727550,55
,,,,,GCA_001274775,>48
1258,15-1,"DSM 18898, CIP 108672, HSCC 1663, JCM 11124, NRIC 0531, NRRL B-23890, BCRC 80102, LMG 24742, NBRC 101237",1,Rossellomorea vietnamensis,1349757.3,55
,,,,,2731957668,
,,,,,GCA_001591825,
132581,140917-MRSA-09,"DSM 102816, CCM 8669, LMG 29446, JCM 31759, CIP 111029",1,Rothia aerolata,1812262.3,50
,,,,,GCA_014635585,
13774,"C-lvkR2A-2, C-lvk-R2A-2","DSM 16684, CCUG 51817, HAMBI 2421, CIP 109278",1,Rubellimicrobium thermophilum,1123069.3,45-52
,,,,,2521172529,
,,,,,GCA_000442315,
62,H-8,"DSM 14296, ATCC BAA-385",1,Rubritepida flocculans,1123072.3,50
,,,,,2524614851,
,,,,,GCA_000425365,
14035,P-1,"DSM 5868, ATCC 51242, DSM 46359, IAM 12072, JCM 2153, BCRC 17324, CIP 106991, IFO 14777, IMET 11468, NBRC 14777, NCIMB 12766, VKM Ac-1989",1,Rubrobacter radiotolerans,2505679031,45-50
,,,,,643560.4,
,,,,,GCA_900175965,
14036,PRD-1,"DSM 9941, IFO 16129, NBRC 16129, JCM 11954, CIP 105412, NBRC 100952",1,Rubrobacter xylanophilus,266117.1,40-70
,,,,,266117.34,45-55
,,,,,637000248,50
,,,,,GCA_000014185,60
,,,,,GCA_019448335,
24505,CC-GIMAT-2,"DSM 23285, CCM 7758, CCUG 59209, DSM 104504, DSM 29341, LMG 25539",1,Ruegeria intermedia,2695420938,15-55
,,,,,996115.4,
,,,,,GCA_900129345,
158547,ZGT118,"JCM 19519, ACCC 19862",1,Ruegeria marisrubri,1685379.3,20-50
,,,,,2724679120,
,,,,,GCA_001507595,
2760,H10,"DSM 5812, ATCC 35319, JCM 6584",1,Ruminiclostridium cellulolyticum,394503.7,50
,,,,,643348528,
,,,,,GCA_000022065,
18131,1446,"DSM 15030, JCM 11075, NBRC 101231, NRRL NRS-1691, CIP 107434, DSM 7260, KCTC 13923",1,Rummeliibacillus pycnus,101070.3,55
,,,,,2890201742,
,,,,,GCA_002884495,
1390,657,"DSM 4749, ATCC 43125, CCM 3586",1,Saccharococcus thermophilus,2824486690,50
,,,,,29396.3,
,,,,,GCA_011761475,
158656,HS-3,"JCM 32116, InaCC Ar80",1,Saccharolobus caldissimus,1702097.3,65-93
,,,,,GCA_020886315,85
16654,B12,"DSM 5389, ATCC 51178, JCM 8931, IFO 15437, NBRC 15437",1,Saccharolobus shibatae,523848.4,75
,,,,,GCA_019175345,
16650,P1,"DSM 1616, ATCC 35091, JCM 8930, IFO 15158, IFO 15331, NBRC 15158, NBRC 15331",1,Saccharolobus solfataricus,GCA_900079115,70
,,,,,,80
16651,P2,"DSM 1617, JCM 11322, ATCC 35092",0,Saccharolobus solfataricus,638154518,70
,,,,,GCA_000007005,
163905,,JCM 30930,0,Saccharolobus solfataricus,GCA_000968435,80
13416,,"DSM 43671, ATCC 33517, IFO 15919, IMET 9677, INMI 632, JCM 3315, KCC A-0315, NBRC 15919, VKM A-802, CGMCC 4.1335, KACC 20067, KCTC 9156, VKM Ac-802",0,Saccharomonospora viridis,1852.3,50
,,,,,1852.4,
,,,,,2606217201,
,,,,,2636415513,
,,,,,GCA_000787535,
,,,,,GCA_900115515,
13441,,"DSM 43747, ATCC 33515, BKM A-810, INMI 683, KCC A-0057, VKM A-810, VKM Ac-810, JCM 3057, CGMCC 4.1362, IFM 0101, IFM 10562, IFM 1130, IFO 12464, IMSNU 20125, KACC 20055, KCTC 9487, MTCC 1547, NBRC 12464, NCIMB 12296, NRRL B-16280",1,Saccharopolyspora rectivirgula,1283279.3,50
,,,,,2579778685,55
,,,,,GCA_000497205,
13437,A 94,"DSM 43113, ATCC 15347, CBS 100.63, CUB 134, ETH 31520, JCM 3099, KCC A-0099, NCIB 9984, BCRC 13418, CCM 3263, CCUG 15939, CCUG 4911, CECT 3218, CECT 3223, CMI 104402, IFO 12991, IMET 9545, MTCC 266, NBIMCC 1473, NBRC 12991, NCIMB 9984, NRRL B-8014, PCM 2250, VTT E-81130",0,Saccharopolyspora rectivirgula,2609460237,55
,,,,,28042.5,
,,,,,GCA_000710755,
132513,T3,"DSM 46801, CGMCC 4.7206, JCM 33044",1,Saccharopolyspora subtropica,1530170.3,25-60
,,,,,GCA_014646075,37-50
24542,YIM-Y25,"DSM 19800, KCTC 22169, CCTCC AA 207033, UCCCB26",1,Saccharospirillum salsuginis,418750.3,15-50
,,,,,GCA_014651855,50
140592,JZ3C34,"KCTC 52047, MCCC 1K02288",1,Salibacter halophilus,1803916.3,20-50
,,,,,2614160.3,
,,,,,2886991845,
,,,,,GCA_008806325,
1830,SL014B-41A4,"DSM 22962, CGMCC 1.9161",1,Salinarimonas ramus,690164.3,Apr-50
,,,,,GCA_014645695,
134051,J4,"CGMCC 1.12331, JCM 18732",1,Salinibacillus xinjiangensis,GCA_009649735,25-50
140643,YJ-50-S2,"JCM 30033, CGMCC 1.12572",1,Salinigranum salinum,GCA_009176545,25-50
5734,BH206,"DSM 19287, KCTC 12883",1,Salinimicrobium xinjiangense,1123235.4,Oct-48
,,,,,2524023136,
,,,,,GCA_000423585,
158814,ZS-35-S2,"CGMCC 1.12551, JCM 30036",1,Salinirubellus salinus,GCA_025231485,25-50
17246,ND1-1,"DSM 26187, JCM 14472, PCU 301, TISTR 1810",1,Salinivibrio siamensis,2791354968,Oct-47
,,,,,GCA_001996005,
1120,"PN 105, AC 13","DSM 8721, ATCC 700163, CIP 105302",1,Salipaludibacillus agaradhaerens,2890278133,55
,,,,,76935.4,
,,,,,GCA_002019735,
141051,,"KCTC 4228T, CGMCC 1.15824, DSM 101065, KCTC 4228, YIM 93745, JCM 17436",1,Saliphagus infecundisoli,GCA_020177375,25-50
1546,CVS-14,"DSM 19612, CIP 108577, LMG 22839",1,Salirhabdus euzebyi,2861401915,15-50
,,,,,394506.4,
,,,,,GCA_014207435,
17797,S4-4,"DSM 21114, CECT 7354",1,Salisaeta longa,1089550.3,25-50
,,,,,2517093009,37-46
,,,,,GCA_000419585,
1571,halo-2,"DSM 26530, CGMCC 1.7654, NBRC 104935",1,Salisediminibacterium halotolerans,2684623023,18-50
,,,,,2786546144,
,,,,,517425.3,
,,,,,517425.4,
,,,,,517425.5,
,,,,,GCA_003814815,
,,,,,GCA_007988985,
,,,,,GCA_007993825,
1548,CH9d,"DSM 18087, CCM 7365, CECT 7154, CGMCC 1.6287",1,Salsuginibacillus kocurii,1123239.3,20-50
,,,,,2517572235,
,,,,,GCA_000377705,
599,"1, BAI","CCUG 28517, NRRL B-14310, DSM 1046, ATCC 29788, CCM 2849, CIP R925, JCM 12210, BCRC 15923, BCRC 16018, CIP 77.28, HAMBI 1884, IFO 15712, KCTC 3447, LMG 9581, NBRC 15712, NCCB 93150, NCIMB 11859, NRRL B-14522",1,Schinkia azotoformans,1131731.3,42-46
,,,,,2524023181,
,,,,,GCA_000307855,
2995,"R-16654, K14","DSM 15344, LMG 21644, CCUG 50333",1,Caldimonas thermodepolymerans,215580.3,50
,,,,,215580.4,
,,,,,215580.7,
,,,,,2770939503,
,,,,,2832556195,
,,,,,GCA_002933415,
,,,,,GCA_003349825,
,,,,,GCA_015476235,
2994,N2-680,"DSM 15264, LMG 21760",0,Caldimonas thermodepolymerans,215580.6,50
,,,,,2795385458,
,,,,,GCA_004342465,
,,,,,GCA_026057715,
133011,ZQ18-1,"DSM 28236, CICC 10824",1,Scopulibacillus daqui,1469162.3,20-60
,,,,,2901206664,50
,,,,,GCA_016908855,55
1555,EN8d,"DSM 18088, CCM 7364, CECT 7148, CGMCC 1.6199",1,Sediminibacillus halophilus,2675902964,15-55
,,,,,482461.3,
,,,,,GCA_900103695,
140907,F23,"JCM 19771, CGMCC 1.12785, MCCC 1A09945",1,Sediminivirga luteola,1774748.3,Apr-55
,,,,,GCA_014639315,
,,,,,GCA_021729215,
17166,WG,"DSM 23594, CGMCC 1.5073, JCM 15470, KCTC 15154",1,Selenomonas bovis,1123250.4,27-46
,,,,,2518645620,
,,,,,GCA_000381005,
132393,,"DSM 103502, BR 72, KCTC 15479, JCM 30749",1,Sellimonas intestinalis,GCA_001280875,50
1127,"PN 23, C 360","DSM 8716, ATCC 700160, CIP 104718, NCIB 10309, CCUG 47262, NCIMB 10309, LMG 17945",1,Shouchella clausii,2811995369,55
,,,,,79880.14,
,,,,,GCA_002250115,
1259,K11,"DSM 18940, CIP 108751, JCM 12663, NCIMB 14023",1,Shouchella oshimensis,290588.4,55
,,,,,GCA_002019765,
1234,,"DSM 16117, ATCC BAA-965, CIP 108678, PAT 05",1,Shouchella patagoniensis,228576.3,55
,,,,,2916853388,
,,,,,GCA_002019705,
1220,R-6540,"DSM 16013, CIP 108820, LMG 22081",1,Siminovitchia farraginis,254757.3,22-55
,,,,,GCA_001439965,
1221,R-7190,"DSM 16014, CIP 108821, LMG 22080",1,Siminovitchia fordii,1121090.3,55
,,,,,2517572148,
,,,,,GCA_000374565,
1219,R-6514,"DSM 16012, CIP 108822, LMG 22079",1,Siminovitchia fortis,254758.3,22-55
,,,,,2916908848,
,,,,,GCA_003605365,
133982,SgZ-10,"CCTCC AB 2012110, KACC 16873, DSM 105453",1,Siminovitchia thermophila,1245522.3,25-70
,,,,,2901283257,50
,,,,,GCA_016909185,
18124,HR3-23,"DSM 12223, MTCC 10789, ATCC BAA-269, CIP 106059",1,Solibacillus silvestris,2684623075,55
,,,,,76853.3,
14090,S 6022,"DSM 20745, ATCC 49802",1,Sphaerobacter thermophilus,479434.6,40-65
,,,,,646311953,55
,,,,,GCA_000024985,
14323,Z-1203,"DSM 6578, ATCC 700085",1,Spirochaeta thermophila,2506381022,65
,,,,,869211.3,
,,,,,GCA_000184345,
14322,RI 19.B1,"DSM 6192, ATCC 49972",0,Spirochaeta thermophila,648028053,65
,,,,,665571.4,
,,,,,GCA_000147075,
133204,GD201205,"CICC 23867, KCTC 15488",1,Sporolactobacillus pectinivorans,2791354945,45-50
,,,,,GCA_002802965,
17205,AeG,"DSM 23256, JCM 15556, KCTC 5668",1,Sporolituus thermophilus,1123285.3,45-60
,,,,,2599185233,50
,,,,,GCA_900102435,55
2873,SOL3f37,"DSM 21485, JCM 15487, KCTC 15135",1,Sporosalibacterium faouarense,GCA_016765695,20-48
158479,,"DSM 106793, CGMCC 1.15879, SCSIO 07575",1,Staphylospora marina,GCA_003856495,37-60
,,,,,,55
,,,,,,55-60
4203,P8,"DSM 12710, JCM 10830",1,Staphylothermus hellenicus,591019.7,70-90
,,,,,646564573,85
,,,,,GCA_000092465,
4201,F1,"DSM 3639, JCM 9404, ATCC 43588",1,Staphylothermus marinus,399550.11,88
,,,,,640069332,90
,,,,,GCA_000015945,
24259,12A09,"DSM 45927, CCTCC AB 2013140, KCTC 29145",1,Streptomonospora nanhaiensis,1323731.3,Oct-50
,,,,,2856464816,
,,,,,GCA_013410565,
,,,,,GCA_026642255,
140641,RC1832,"JCM 30611, KCTC 29696), KCTC 29696",1,Streptomyces chitinivorans,GCA_029846675,50
132826,G25,"DSM 101878, LMG 29545, NCCB 100603",1,Streptomyces jeddahensis,2744054525,50
,,,,,GCA_001642995,
16434,R97,"DSM 41901, CGMCC 4.3519, JCM 15480",1,Streptomyces radiopugnans,2663762755,20-50
,,,,,403935.4,
,,,,,GCA_900110735,
157895,,"DSM 106196, NCCB 100637, MBT 76",1,Streptomyces roseifaciens,GCA_001445655,20-50
130979,H1,DSM 100164,0,Streptomyces thermoautotrophicus,2663763332,55
16049,R-77,"DSM 40443, ATCC 19283, CBS 278.66, CBS 688.72, IFO 13387, ISP 5443, NBRC 13387, RIA 1348, JCM 4337, BCRC 12493, BCRC 12639, CGMCC 4.1471, HAMBI 1006, HUT 6604, IFO 13905, IMET 43353, JCM 4843, LMG 14943, LMG 19359, NBRC 13905, NCIMB 10076, NRRL B-12374, VKM Ac-1857, VTT E-991428",1,Streptomyces thermoviolaceus subsp. thermoviolaceus,66860.3,50
,,,,,66860.4,
,,,,,GCA_012034235,
,,,,,GCA_014650975,
16051,R 10,"DSM 40444, ATCC 19284, CBS 276.66, CBS 643.69, IFO 13089, IFO 16607, ISP 5444, KCC S-0240, KCC S-0520, NBRC 13089, NBRC 16607, RIA 1281, JCM 4338, ATCC 25501, BCRC 12488, BCRC 12638, CGMCC 4.1455, HUT 6605, IFO 16615, JCM 4520, KACC 20092, KCTC 19949, LMG 19342, MTCC 1822, NBRC 16615, NCIMB 10078, NRRL B-12375, VKM Ac-1745",1,Streptomyces thermovulgaris,GCA_002155915,50
140496,CPB1-1,"JCM 18519, PCU 343, TISTR 2344, DSM 111120",1,Streptomyces verrucosisporus,GCA_017114865,50
16648,FC6,"DSM 6296, JCM 9021",1,Stygiolobus azoricus,GCA_009729035,80
18034,AT-1 (=1A),"DSM 9293, VKM B-1269",1,Sulfobacillus thermosulfidooxidans,2506210005,50
,,,,,929705.9,
,,,,,GCA_900176145,
18037,Kr1,"DSM 17362, VKM B-2339",1,Sulfobacillus thermotolerans,GCA_002951815,20-60
140590,HS-1,"InaCC Ar79, JCM 31740",1,Sulfodiicoccus acidiphilus,1670455.11,50-70
,,,,,1670455.8,65-70
,,,,,2788499800,68
,,,,,GCA_003967175,
,,,,,GCA_014648235,
16649,98-3,"DSM 639, ATCC 33909, NCIMB 11770, JCM 8929, IFO 15157, NBRC 15157",1,Sulfolobus acidocaldarius,330779.12,70
,,,,,638154517,
,,,,,GCA_000012285,
,,,,,GCA_028472365,
165989,,"JCM 9063, IFO 15159, NBRC 15159",0,Sulfolobus acidocaldarius,GCA_000340315,75
16655,,"DSM 6482, Kra 23, JCM 9184, NBRC 15436, IFO 15436",1,Sulfuracidifex metallicus,2681813032,65
,,,,,523847.5,
,,,,,GCA_001316045,
,,,,,GCA_009729515,
159028,IC-006,"DSM 104736, JCM 16833",1,Sulfuracidifex tepidarius,1294262.3,60
,,,,,1294262.8,65
,,,,,2681813019,
,,,,,GCA_001316085,
,,,,,GCA_008326425,
161876,,JCM 16834,0,Sulfuracidifex tepidarius,2173830.3,60
,,,,,GCA_008326385,
519,AZ-Fu1,"DSM 15241, OCM 825",1,Sulfurihydrogenibium azorense,204536.4,50-73
,,,,,643692050,68
,,,,,GCA_000021545,70
518,,"DSM 15120, ATCC BAA-562, JCM 11477, HGMK 1",1,Sulfurihydrogenibium subterraneum,1123325.3,60
,,,,,2558860995,62
,,,,,GCA_000619805,
161262,,"JCM 12773, OCM 840",1,Sulfurihydrogenibium yellowstonense,GCA_000173615,70
16639,TA-1,"DSM 12421, IFO 15161, JCM 9065, NBRC 15161",1,Sulfurisphaera ohwakuensis,2861352127,75
,,,,,GCA_009729055,
,,,,,GCA_014202105,
16656,7,"DSM 16993, JCM 10545, NBRC 100140, BCRC AR10039",1,Sulfurisphaera tokodaii,638154519,75
,,,,,GCA_000011205,
140281,J1A,"DSM 103923, NBRC 112474",1,Sulfuritortus calidifontis,1914471.4,15-48
,,,,,2784746784,
,,,,,2836985240,
,,,,,GCA_003967275,
,,,,,GCA_004346085,
140422,JG42,"DSM 104776, NBRC 112696",1,Sulfurivermis fontis,2837194640,25-50
,,,,,GCA_004001245,42-48
11909,MM1,"DSM 17737, JCM 13439",1,Sulfurivirga caldicuralii,2695421043,30-60
,,,,,364032.3,50-55
,,,,,GCA_900141795,55
1081,RSH,"DSM 6307, ATCC 51227, CCM 4369, IFO 15565, NBRC 15565, JCM 12300, CGMCC 1.3671, CIP 104587, HAMBI 2098, KCTC 3572, LMG 16678, VTT E-011772",1,Sutcliffiella cohnii,1314751.3,47
,,,,,2731957650,55
,,,,,2773857892,
,,,,,33932.3,
,,,,,GCA_001591425,
,,,,,GCA_002250055,
1145,"PN 118, JP 170","DSM 8723, ATCC 700165, JCM 12302, CGMCC 1.3595, CIP 105303, LMG 17950, NRRL B-23347",1,Sutcliffiella halmapala,79882.3,55
,,,,,GCA_002019665,
1142,"PN 121, JP 277","DSM 8719, ATCC 700161, CIP 105300",1,Sutcliffiella horikoshii,1076414.5,55
,,,,,2731957965,
,,,,,GCA_001648575,
130834,KA13,"DSM 27138, JCM 15997, KCTC 4569",1,Symbiobacterium terraclitae,2913498752,55
,,,,,557451.3,
,,,,,GCA_017874315,
18012,T,"DSM 24528, IAM 14863, JCM 14929",1,Symbiobacterium thermophilum,292459.5,60
,,,,,637000306,
,,,,,GCA_000009905,
16688,MPA,"DSM 18709, JCM 14374, NBRC 102128",1,Syntrophomonas palmitatica,1294023.3,30-50
,,,,,2728369699,
,,,,,GCA_001311885,
16695,TGB-C1,DSM 12680,1,Syntrophothermus lipocalidus,643648.3,55
,,,,,646564577,
,,,,,GCA_000092405,
161997,RCRI19,"JCM 17277, KCTC 23724, LMG 25773, UCCCB39, BCCM/LMG 25773",1,Tabrizicola aquatica,2831671779,55
,,,,,GCA_002900975,
159905,"38H-Str., 38H-str","DSM 100343, VKM B-2964",1,Tenuifilum thalassicum,CP041345,20-65
,,,,,GCA_013265555,50
13877,CB-27A,"DSM 19345, LMG 24113",1,Tepidamorphus gemmatus,2784746801,50
,,,,,747076.3,
,,,,,GCA_004346195,
16798,JL,"DSM 15584, JCM 12098, NBRC 100060",1,Tepidanaerobacter syntrophicus,224999.3,25-60
,,,,,2814123063,45-50
,,,,,GCA_001485475,
132643,Z9,"DSM 103037, ATCC BAA-2644, JCM 31418",1,Tepidibacillus decaturensis,2675903671,20.0-60.0
,,,,,GCA_001561915,
23768,STGH,"DSM 23802, VKM B-2671",1,Tepidibacillus fermentans,1281767.3,50
,,,,,2784746787,
,,,,,GCA_004342885,
11851,DV 1184,"DSM 15518, CIP 107893",1,Tepidibacter formicigenes,1123349.3,35-55
,,,,,2585428175,
,,,,,GCA_900142235,
11850,,"DSM 15285, UNIQEM 215, SC 562",1,Tepidibacter thalassicus,1123350.4,50
,,,,,2585428065,
,,,,,GCA_900129915,
3021,TU-16,"DSM 19605, CIP 108724, LMG 23030",1,Tepidicella xavieri,2770939514,25-55
,,,,,360241.4,
,,,,,GCA_004363315,
2515,PML14,"DSM 23310, CGMCC 1.5080, JCM 15035",1,Tepidimicrobium xylanilyticum,1123352.3,25-67
,,,,,2599185171,60
,,,,,GCA_900106765,
17944,CLN-1,"DSM 14833, CCUG 48750, ATCC BAA-469",1,Tepidimonas aquatica,GCA_007556585,50
133882,AT-A2,"LMG 26746, KCTC 23862, BCRC 80391",1,Tepidimonas fonticaldi,GCA_007556755,35-60
,,,,,,55
17942,SPS-1037,DSM 12034,1,Tepidimonas ignava,114249.3,55
,,,,,2784746798,
,,,,,GCA_004342625,
,,,,,GCA_007556615,
166324,B18-69,"CGMCC 1.13573, KCTC 62782",1,Tepidiphilus baoligensis,GCA_012911495,35-60
,,,,,,55
6139,N2-214,"DSM 15129, LMG 21637",1,Tepidiphilus margaritifer,1123354.4,50
,,,,,2524023151,
,,,,,GCA_000425565,
6138,4BON,"DSM 15512, CIP 107790",1,Tepidiphilus succinatimandens,224436.3,35-60
,,,,,GCA_006503695,55
24103,JHK 30,"DSM 27220, JCM 19170, LMG 27587",1,Tepidiphilus thermophilus,2615840611,55
,,,,,876478.7,
,,,,,876478.8,
,,,,,GCA_001418245,
,,,,,GCA_001517365,
23755,YI7-61,"DSM 28352, CGMCC 1.8913, NBRC 105790",1,Terribacillus aidingensis,2681812962,Apr-48
,,,,,586416.5,
,,,,,GCA_900215625,
23112,1P05MA,"DSM 30849, JCM 31985, NRRL B-59547",1,Tersicoccus phoenicis,2788500076,Oct-65
,,,,,554083.4,
,,,,,GCA_001968835,
133304,36A,"KCTC 33776, CGMCC 1.15480",1,Tersicoccus solisilvae,1882339.3,16-55
,,,,,GCA_014643255,
12668,SL014B-20A1,"DSM 22955, CGMCC 1.9159",1,Tessaracoccus oleiagri,2617270936,Apr-50
,,,,,686624.3,
,,,,,GCA_900103275,
159755,GD-2,"NBRC 112472, CGMCC 1.15527",1,Pseudothauera hydrothermalis,2841165597,37-55
,,,,,GCA_003345255,45-50
23328,PB,"DSM 26808, DSM 12270",1,Thermacetogenium phaeum,1089553.3,55
,,,,,1089553.7,
,,,,,2516653087,
,,,,,2521172702,
,,,,,2546826730,
,,,,,GCA_000305935,
,,,,,GCA_000519285,
161614,,"JCM 15650, ATCC BAA-1731",1,Thermaerobacter composti,1294259.8,70
,,,,,2728369702,
,,,,,GCA_001311965,
18040,7p75a,"DSM 12885, JCM 10246, ATCC 700841",1,Thermaerobacter marianensis,644966.3,50-80
,,,,,649633101,70
,,,,,GCA_000184705,75
18041,C21,"DSM 13965, ATCC BAA-137",1,Thermaerobacter subterraneus,2509601029,50
,,,,,867903.3,
,,,,,GCA_000183545,
16802,ToBE,"DSM 14490, JCM 11376, NBRC 101528",1,Thermanaeromonas toyohensis,2503538017,70
,,,,,GCA_900176005,
158955,DRI-13,"DSM 100382, ATCC TSD-12",1,Thermanaerosceptrum fracticalcis,GCA_000746025,55
131287,GNS-1,"DSM 23592, JCM 16980",1,Thermanaerothrix daxensis,2645727612,60
,,,,,869279.7,
,,,,,GCA_001306145,
17780,Su883,"DSM 6589, ATCC 49978",1,Thermanaerovibrio acidaminovorans,525903.6,55
,,,,,646311961,
,,,,,GCA_000024905,
17781,Z-9701,DSM 12556,1,Thermanaerovibrio velox,2508501068,60
,,,,,926567.3,
,,,,,GCA_000237825,
11163,I3,"DSM 22891, JCM 16421",1,Thermasporomyces composti,2778260933,35-62
,,,,,696763.3,50
,,,,,GCA_003386795,52.5
160363,LA,"DSM 106522, JCM 31826",1,Thermaurantimonas aggregans,2882211637,25-60
,,,,,BHZE00000000,50
,,,,,GCA_003851885,
18123,ET-5b,DSM 12793,1,Thermicanus aegyptius,1089548.3,55
,,,,,2516493021,
,,,,,GCA_000510645,
11788,Z-0001,"DSM 14005, VKM B-2307",1,Thermincola ferriacetica,2547132462,60
,,,,,2648501491,
,,,,,GCA_001263415,
16777,T-323,"DSM 43846, ATCC 33205, DSM 44011, IFO 14230, JCM 3312, KCC A-0312, NBRC 14230, KCTC 3665, KCTC 9646, NRRL B-16979, VKM Ac-1427",1,Thermoactinomyces intermedius,2024.5,50
,,,,,2784132173,
,,,,,GCA_016055025,
159902,AMNI-1,"DSM 110094, LMG 31503",1,Thermoactinomyces mirandus,GCA_013868055,50
16755,MVD,"DSM 43016, ATCC 43649, CBS 505.77, CUB 250, IFO 13606, JCM 3162, KCC A-0162, NBRC 13606, BCRC 12466, CCM 3266, CECT 3317, IFM 10563, IMET 9711, KCTC 9076, MTCC 938, NCIMB 11364, PCM 2376, VKM Ac-1195, VTT E-81131",1,Thermoactinomyces vulgaris,2026.9,50
,,,,,2616644978,55
,,,,,GCA_003688725,
16833,AKo-1,DSM 3389,1,Thermoanaerobacter brockii subsp. finnii,509193.4,65
,,,,,649633102,
,,,,,GCA_000175295,
16832,JW200,"DSM 2246, ATCC 31550, VKM B-1835",1,Thermoanaerobacter ethanolicus,509192.5,65
16837,Ab9,"DSM 9252, JCM 16815",1,Thermoanaerobacter italicus,580331.4,65
,,,,,646564579,
,,,,,GCA_000025645,
16823,LKT-1,"DSM 2030, ATCC 33488",1,Thermoanaerobacter kivui,2325.3,60
,,,,,2576861811,
,,,,,2627853919,
,,,,,GCA_000763575,
16842,A3,"DSM 11426, CIP 108742, CCUG 53645, AIP 130.05",1,Thermoanaerobacter mathranii subsp. mathranii,583358.4,70
,,,,,646564580,
,,,,,GCA_000092965,
23330,DTU01,"DSM 25963, CECT 8142, KCTC 4529, VKM B-2752",1,Thermoanaerobacter pentosaceus,2926563151,50-80
,,,,,,70
16848,39E,"DSM 2355, ATCC 33223",1,Thermoanaerobacter pseudethanolicus,340099.6,65
,,,,,641522655,
,,,,,GCA_000019085,
16844,SR4,DSM 12299,1,Thermoanaerobacter siderophilus,2509276025,70
,,,,,880478.3,
,,,,,GCA_000262445,
165540,,"JCM 7501, ATCC 51646, IAM 13577",1,Thermoanaerobacter thermocopriae,1291048.5,60
,,,,,1291048.6,
,,,,,2546825535,
,,,,,2728369665,
,,,,,GCA_000518565,
,,,,,GCA_001310975,
16826,L 77-66,DSM 569,0,Thermoanaerobacter thermohydrosulfuricus,1516.5,65
,,,,,2597490338,
,,,,,GCA_900102395,
16829,Sol1,DSM 7021,0,Thermoanaerobacter thermohydrosulfuricus,1516.6,65
,,,,,2597490336,
,,,,,GCA_900112905,
23329,WC1,DSM 26960,0,Thermoanaerobacter thermohydrosulfuricus,1198630.3,60
,,,,,2517572224,
,,,,,GCA_000353265,
16847,JW/IW-010,"DSM 18761, ATCC BAA-1464",1,Thermoanaerobacter uzonensis,1123369.3,32.5-69
,,,,,2582581276,60
,,,,,GCA_900129115,61
16841,Rt8.B1,DSM 10319,1,Thermoanaerobacter wiegelii,2504756058,65
,,,,,697303.4,
,,,,,GCA_000147695,
140089,USBA-19,"DSM 101588, CMPUJ U-019",1,Thermoanaerobacterium butyriciformans,1702242.3,55
,,,,,2913561130,
,,,,,GCA_017874545,
18053,JW/SL-YS 485,DSM 8691,0,Thermoanaerobacterium saccharolyticum,1094508.2,60
,,,,,2519103102,
18044,"McClung 2032, 2032","DSM 571, ATCC 7956, NCA 3814, NCIMB 9385, WDCM 00135",1,Thermoanaerobacterium thermosaccharolyticum,580327.4,60
,,,,,648028060,
,,,,,GCA_000145615,
18049,4B,"DSM 2229, ATCC 33743",1,Clostridium thermosulfurigenes,2861644854,60
18051,LX-11,DSM 7097,1,Thermoanaerobacterium xylanolyticum,650716095,45-70
,,,,,858215.3,60
,,,,,GCA_000189775,
24773,MP-01,"DSM 24856, JCM 18256",1,Thermoanaerobaculum aquaticum,2579778550,50-65
,,,,,GCA_000687145,60
11666,KWC4,"DSM 18247, JCM 13945",1,Thermobacillus composti,2508501069,32-61
,,,,,717605.9,50
,,,,,GCA_000227705,
11256,"190 Th, T-322, 190Th, A-0263","DSM 43792, ATCC 27730, CUB 1000, IFO 14071, JCM 3263, NBRC 14071, NCIB 11185, BCRC 12532, CECT 3320, CIP 105594, HAMBI 1548, HAMBI 483, IMSNU 22189, KCTC 9052, MTCC 1754, NCIMB 11185, NRRL B-8184, VKM Ac-1952, CCRC 12532",1,Thermobifida fusca,1223522.4,50
,,,,,1223522.5,55
,,,,,2681813022,60
,,,,,2731957678,
,,,,,GCA_001313945,
,,,,,GCA_001592045,
13495,R51,"DSM 43833, ATCC 19993, CBS 139.67, IFO 14880, NBRC 14880, JCM 10125, IMSNU 21333, KCTC 9307",1,Thermobispora bispora,469371.5,50
,,,,,646564581,
,,,,,GCA_000092645,
2516,JW/YL-NZ35,DSM 8682,1,Thermobrachium celere,2519899721,55
,,,,,941824.4,
,,,,,GCA_000430995,
16632,,"DSM 45615, CCTCC AA 2011013, YIM 77521, JCM 17698",1,Thermocatellispora tengchongensis,1073253.3,28-58
,,,,,2861438687,47.5
,,,,,GCA_014202315,
23848,,"DSM 3771, ATCC 43061",1,Thermochromatium tepidum,316276.3,48
,,,,,GCA_009664085,
160866,IC-125,"JCM 10088, DSM 115703",1,Thermocladium modestius,1293040.5,75
,,,,,2681812991,
,,,,,62609.5,
,,,,,GCA_001315925,
,,,,,GCA_014646535,
2854,,"DSM 19027, NBRC 102590, EBR 596",1,Thermoclostridium caenicola,2700988698,50-70
,,,,,659425.3,55
,,,,,GCA_900142095,60
2777,C-17-70,"DSM 9219, ATCC 51338, IAM 13499, LMG 14474, JCM 9762",1,Thermoclostridium stercorarium subsp. leptospartum,1346611.4,60
,,,,,GCA_001697285,
2773,,"DSM 8532, ATCC 35414, NCIMB 11754",1,Thermoclostridium stercorarium subsp. stercorarium,1121335.11,60
,,,,,1121335.3,
,,,,,2522125167,
,,,,,2540341047,
,,,,,GCA_000331995,
,,,,,GCA_000349885,
2733,TX41,"DSM 2910, ATCC 43739",1,Thermoclostridium stercorarium subsp. thermolacticum,1121336.3,60
,,,,,GCA_001697245,
2734,,"DSM 2911, TC 21, JCM 9324, ATCC 43738",0,Thermoclostridium stercorarium subsp. thermolacticum,1291049.3,60
,,,,,2728369666,
,,,,,GCA_001310995,
16874,TY,"DSM 12819, DSM 10597, JCM 10137",1,Thermococcus aggregans,GCA_024022995,85
16867,AEDII12,DSM 10322,1,Thermococcus alcaliphilus,GCA_024054535,85
16869,MP,DSM 11836,1,Thermococcus barophilus,391623.17,85
,,,,,391623.23,
,,,,,650716096,
,,,,,GCA_000151105,
16887,SHCK-94,"DSM 17882, ATCC BAA-1085, JCM 12858, DSM 9535",1,Thermococcus barossii,2758568026,80
,,,,,GCA_002214465,82
16860,Vu 13,"DSM 2476, JCM 8558, ATCC 35543",1,Thermococcus celer,1293037.3,85
,,,,,2681813024,88
,,,,,GCA_001315845,
,,,,,GCA_002214365,
16888,TS2,"DSM 17994, JCM 13640, NBRC 101555",1,Thermococcus celericrescens,227598.4,80
,,,,,2684622662,
,,,,,GCA_001484195,
16866,GC 74,DSM 10152,1,Thermococcus chitonophagus,2711768646,85
24652,CL1,"DSM 27260, KACC 17922",1,Thermococcus cleftensis,2518645553,80
,,,,,GCA_000265525,
163749,,"JCM 30233, CGMCC 7834",1,Thermococcus eurythermalis,1505907.13,85
,,,,,CP008887,
16885,EJ3,"DSM 15229, JCM 11827",1,Thermococcus gammatolerans,593117.1,85
,,,,,644736411,88
,,,,,GCA_000022365,
16872,W-12,"DSM 10395, ATCC 700654, JCM 10552",1,Thermococcus gorgonarius,2758568023,85
,,,,,GCA_002214385,
16875,TYS,"DSM 11113, JCM 10136",1,Thermococcus guaymasensis,1432656.3,85
,,,,,2681812990,
,,,,,GCA_000816105,
164867,,"JCM 39077, KCTC 15844",1,Thermococcus indicus,GCA_006274605,80
161223,,"JCM 12380, ATCC BAA-918",1,Thermococcus kodakarensis,GCA_000009965,85
16862,NS-C,"DSM 5473, ATCC 51850, JCM 8560",1,Thermococcus litoralis,2513237398,83
,,,,,523849.5,85
,,,,,GCA_000246985,
160706,30-1,"DSM 112553, JCM 19601, CNCM 4275",1,Thermococcus nautili,GCA_000585495,85
161372,,"JCM 13517, KCTC 10859",1,Thermococcus onnurineus,GCA_000018365,80
16871,P-4,"DSM 10394, ATCC 700653, JCM 10553",1,Thermococcus pacificus,2758568025,85
,,,,,GCA_002214485,
24653,ES1,"DSM 27261, KACC 17923",1,Thermococcus paralvinellae,2558860254,80
,,,,,GCA_000517445,
16868,OG-1,"DSM 10343, JCM 9653, ATCC 700098, CIP 104782",1,Thermococcus peptonophilus,2681813028,85
,,,,,2687453162,
,,,,,523851.4,
,,,,,GCA_001315905,
,,,,,GCA_001592435,
16865,DT5432,"DSM 9503, ATCC 51592, JCM 9378, CIP 105121",1,Thermococcus profundus,GCA_002214585,80
16884,EJ2,"DSM 15228, JCM 11826",1,Thermococcus radiotolerans,2758568021,85
,,,,,GCA_002214565,88
16880,"MM 739, B-2774",DSM 12597,1,Thermococcus sibiricus,604354.9,78
,,,,,644736412,
,,,,,GCA_000022545,
16873,RG-20,"DSM 12349, ATCC BAA-270",1,Thermococcus siculi,2758568024,85
,,,,,GCA_002214505,
16861,"BK17S-3-a9, P6",DSM 12593,0,Thermococcus sp.,2758568029,85
,,,,,GCA_002214525,
161191,,JCM 11816,0,Thermococcus sp.,1295125.3,85
,,,,,2681813014,
,,,,,GCA_001316165,
164130,,JCM 31817,0,Thermococcus sp.,GCA_002197185,85
16864,"8315-5, K-3","DSM 5262, JCM 8559",1,Thermococcus stetteri,2913342618,75
,,,,,GCA_017873335,
16881,OGL-20P,"DSM 14981, ATCC BAA-394, JCM 12859",1,Thermococcus thioreducens,2681813416,82
,,,,,2773858064,84
,,,,,277988.4,
,,,,,GCA_001418715,
,,,,,GCA_002214545,
,,,,,GCA_900109425,
16878,AN1,"DSM 2770, JCM 10554, ATCC 700529",1,Thermococcus zilligii,1151117.4,75
,,,,,2547132157,
,,,,,GCA_000258515,
524,HI 11/12,"DSM 14484, JCM 11386",1,Thermocrinis albus,638303.3,70
,,,,,646564582,80
,,,,,GCA_000025605,
132294,,"DSM 27162, JCM 19133, GBS 1",1,Thermocrinis jamiesonii,GCA_000702425,80
525,CR11,"DSM 19557, ATCC BAA-1533",1,Thermocrinis minervae,2698536703,65-85
,,,,,381751.3,75
,,,,,GCA_900142435,
523,"OC 14/7/2, OC 1/4",DSM 23557,1,Thermocrinis ruber,2512875013,80
,,,,,75906.12,
,,,,,GCA_000512735,
13496,CHB-77,"DSM 44070, ATCC 51797, IFO 15805, NBRC 15805, NCIMB 13402, JCM 9705, IMSNU 21252",1,Thermocrispum agreste,1111738.3,50
,,,,,2513237122,
,,,,,GCA_000427905,
16890,"AT1325, T1","DSM 21156, JCM 15391",1,Thermodesulfatator atlanticus,1123371.3,55-75
,,,,,2523533580,67.5
,,,,,GCA_000421585,70
132647,S606,"DSM 101864, MCCC 1A01871",1,Thermodesulfatator autotrophicus,2744054635,50.0-80.0
,,,,,GCA_001642325,65
,,,,,,65.0-70.0
16889,CIR 29812,"DSM 15286, JCM 11887",1,Thermodesulfatator indicus,2505119042,55-80
,,,,,667014.3,70
,,,,,GCA_000217795,
133068,SF97,"DSM 102936, VKM B-2961",1,Thermodesulfitimonas autotrophica,1894989.3,45.0-72.0
,,,,,2786546166,65
,,,,,GCA_003815015,
16891,YSRA-1,"DSM 2178, ATCC 33708, VKM B-1767",1,Thermodesulfobacterium commune,2574179772,70
,,,,,2588253728,
,,,,,289377.4,
,,,,,289377.5,
,,,,,GCA_000734015,
,,,,,GCA_000746435,
16893,JSP,DSM 12571,1,Thermodesulfobacterium hveragerdense,1123372.3,65
,,,,,2524023142,
,,,,,GCA_000423845,
16894,SL6,"DSM 14290, JCM 11239",1,Thermodesulfobacterium hydrogeniphilum,161156.3,70
,,,,,2579779159,
,,,,,GCA_000746255,
16895,7,"DSM 1276, VKM B-1128",1,Thermodesulfobacterium thermophilum,1123373.3,65
,,,,,2523533618,
,,,,,GCA_000421605,
140262,3127-1,"DSM 102892, VKM B-3043",1,Thermodesulfobium acidiphilum,1794699.3,37-65
,,,,,GCA_003057965,54
16898,Na82,"DSM 14796, JCM 11510, NBRC 100082",1,Thermodesulfobium narugense,2504756006,50
,,,,,747365.3,
,,,,,GCA_000212395,
4062,P6-2,"DSM 16697, CCUG 49732",1,Thermodesulfomicrobium thermophilum,2571042920,42-56
,,,,,,55
16677,A8444,DSM 9990,1,Thermodesulforhabdus norvegica,2599185149,60
,,,,,39841.4,
,,,,,GCA_900114975,
10540,TGE-P1,"DSM 17283, JCM 13213",1,Thermodesulfovibrio aggregans,1295128.3,45-70
,,,,,2728369708,55
,,,,,86166.4,60
,,,,,GCA_001312085,
,,,,,GCA_001514535,
10539,HBr5,"DSM 18151, JCM 13991",1,Thermodesulfovibrio hydrogeniphilus,2574179746,65
10538,R1Ha3,DSM 12570,1,Thermodesulfovibrio islandicus,1123375.3,65
,,,,,2529292556,
,,,,,GCA_000482825,
10541,TDV,"DSM 17215, JCM 13216",1,Thermodesulfovibrio thiophilus,1123376.3,45-60
,,,,,2523533630,55
,,,,,GCA_000423865,
10537,YP87,"DSM 11347, ATCC 51303",1,Thermodesulfovibrio yellowstonii,289376.4,60
,,,,,643348581,
,,,,,GCA_000020985,
162619,,JCM 19809,0,Thermofilum adornatum,GCA_000446015,85
16903,Hrk 5,DSM 2475,1,Thermofilum pendens,639633064,88
,,,,,GCA_000015225,
132972,1807-2,"DSM 28062, JCM 19810",1,Infirmifilum uzonense,2639762927,85
24743,P373,"DSM 27268, ICMP 20041",1,Thermoflavifilum aggregans,2728369217,60
,,,,,454188.3,
,,,,,GCA_002797735,
23393,STH-1-Y1,"DSM 14807, JCM 11541",1,Thermoflavifilum thermophilum,1393122.3,55
,,,,,2600255258,
,,,,,GCA_900116565,
166208,FBKL4.011,"KCTC 43036, CICC 24504",1,Thermoflavimicrobium daqui,GCA_003313465,45-65
140665,JAD2,"JCM 19131, CCTCC AB 2014030",1,Thermoflexus hugenholtzii,2140918011,67.5-75
,,,,,GCA_900187885,72.5-75
,,,,,,75
166502,A1-2,"NBRC 113123, CGMCC 1.13886",1,Thermogemmatispora aurantia,2045279.3,45-69
,,,,,2890165298,60-65
,,,,,GCA_008974285,
24745,PM5,"DSM 45816, ATCC BAA-2534",1,Thermogemmatispora carboxidivorans,2561511072,40-65
,,,,,GCA_000702505,55
140666,"ONI-1, ON1-1","KCTC 19768, JCM 16817, NBRC 111776",1,Thermogemmatispora onikobensis,2832587005,50-74
,,,,,732234.3,60
,,,,,GCA_001748285,60-65
132428,1633,"DSM 22663, VKM B-2946",1,Thermogladius calderae,2521172705,80-95
,,,,,GCA_000264495,84
,,,,,,85
131320,R1,"DSM 26237, VKM B-2805",1,Thermogutta terrifontis,2757320777,55-65
,,,,,GCA_002277955,
18138,IC-189,"DSM 18835, JCM 13583",1,Thermogymnomonas acidicola,1295120.7,60
,,,,,2681813015,
,,,,,399579.5,
,,,,,GCA_001316105,
,,,,,GCA_014646795,
16691,ZE-7,DSM 11055,1,Thermohydrogenium kirishiense,2795386141,60
,,,,,937254.3,
23770,E265,"DSM 24979, NCIMB 14850",1,Thermolongibacillus altinsuensis,2788499848,40-70
,,,,,575256.3,55
,,,,,GCA_004341205,
16905,P-2,"DSM 5159, ATCC 27502",1,Thermomicrobium roseum,309801.17,70
,,,,,309801.4,
,,,,,643348582,
,,,,,GCA_000021685,
17577,SGM-6,"DSM 14834, ATCC BAA-470, CIP 108356",1,Thermomonas hydrothermalis,213588.7,50
,,,,,2582581272,55
,,,,,GCA_900129205,
157686,3/22/03,"DSM 46802, CGMCC 4.7155, ATCC BAA-2627",1,Thermomonospora catenispora,2887403198,37-65
,,,,,GCA_006363815,45-60
16921,"B9, B<SUB>9</SUB>, A-0096","DSM 43183, ATCC 19995, CBS 141.67, IAM 14296, IMET 9551, JCM 3096, KCC A-0096, NCIMB 10081, CECT 3319, CIP 105592, HAMBI 1549, IFO 15933, IMSNU 22171, KACC 20052, KCTC 9072, NBIMCC 3643, NBRC 15933",1,Thermomonospora curvata,471852.6,50
,,,,,646311963,
,,,,,GCA_000024385,
5465,23/9,"DSM 5718, ATCC 43542",1,Thermonema lapsum,28195.3,60
,,,,,2827979017,
,,,,,GCA_011761635,
5469,NR-27,DSM 10300,1,Thermonema rossianum,1313301.3,50
,,,,,2523533595,
,,,,,GCA_000426825,
17817,HS1,"DSM 19012, CGMCCC 1.5071",1,Thermophagus xiamenensis,2515154052,35-55
,,,,,2693429893,50
,,,,,385682.7,55
,,,,,GCA_000220155,
,,,,,GCA_900112795,
17017,122-1B2,"DSM 1728, ATCC 25905, AMRC C165, JCM 9062, IFO 15155, NBRC 15155",1,Thermoplasma acidophilum,273075.1,55
,,,,,638154521,
,,,,,GCA_000195915,
17018,"GSS 1, GSS1","DSM 4299, ATCC 51530, JCM 9571, IFO 15438, NBRC 15438",1,Thermoplasma volcanium,273116.8,60
,,,,,638154522,
,,,,,GCA_000011185,
17031,,"DSM 2078, ATCC 35583, JCM 9277, Kra 1, NBRC 100435",1,Thermoproteus tenax,GCA_000253055,85
131131,KI4,"DSM 27169, ATCC BAA-2536",1,Thermorudis peleae,GCA_000744775,65
18014,JW/YJL-1230-7/2,"DSM 16647, ATCC BAA-1035",1,Thermosediminibacter litoriperuensis,2599185220,64
,,,,,291989.3,
,,,,,GCA_008124715,
18013,JW/IW-1228P,"DSM 16646, ATCC BAA-1034",1,Thermosediminibacter oceani,555079.3,68
,,,,,648028061,
,,,,,GCA_000144645,
17167,Nor1,"DSM 14886, VKM B-2281",1,Thermosinus carboxydivorans,2565957142,40-68
,,,,,401526.7,60
,,,,,GCA_000169155,
17059,ik275mar,"DSM 23112, VKM B-2574",1,Thermosipho affectus,GCA_001990485,70
17052,Ob7,DSM 5309,1,Thermosipho africanus,2517572017,75
,,,,,344616.4,
,,,,,GCA_003351105,
132828,TCF52B,DSM 24758,0,Thermosipho africanus,484019.4,75
,,,,,643348583,
,,,,,GCA_000021285,
17057,DV1140,"DSM 15807, CIP 108053",1,Thermosipho atlanticus,1123380.4,45-80
,,,,,2585428073,60
,,,,,GCA_900129985,65
17058,MN14,"DSM 19918, JCM 15059, NBRC 109617",1,Thermosipho globiformans,2894286821,65
,,,,,380685.3,
,,,,,GCA_003990895,
17056,IHB1,"DSM 13481, JCM 10495",1,Thermosipho japonicus,2861242185,70
,,,,,90323.3,
,,,,,GCA_014201655,
17055,BI429,"DSM 12029, CIP 104789",1,Thermosipho melanesiensis,391009.9,70
,,,,,640753057,
,,,,,GCA_000016905,
4205,M11TL,DSM 11486,1,Thermosphaera aggregans,633148.11,67-90
,,,,,646564583,85
,,,,,GCA_000092185,
133585,SK20-1,"JCM 16142, ATCC BAA-1881, NBRC 105916",1,Thermosporothrix hazakensis,644383.5,31-58
,,,,,GCA_003253565,50
,,,,,GCA_005402645,
16920,no. 577,"DSM 43794, ATCC 43196, CUB 580, IFO 12465, IMRU N 2900, JCM 6244, NBRC 12465, NCIB 10212, IFO 16096, IMET 9529, IMSNU 22188, INMI 577, KACC 20094, KCTC 9242, NBRC 16096, NCIMB 10212, NRRL B-16983",1,Thermostaphylospora chromogena,2634166206,50
,,,,,35622.5,
,,,,,GCA_900099985,
18094,ABI70S6,"DSM 17441, JCM 13301, NBRC 103674",1,Thermosulfidibacter takaii,1298851.4,55-78
,,,,,GCA_001547735,70
16897,S95,"DSM 24515, VKM B-2683",1,Thermosulfurimonas dismutans,2724679642,50-92
,,,,,GCA_001652585,74
159186,SU872,"DSM 104922, VKM B-3177",1,Thermosulfurimonas marina,GCA_012317585,70
140413,ST65,"DSM 102941, VKM B-2855",1,Thermosulfuriphilus ammonigenes,1936021.7,65
,,,,,2861160354,
,,,,,GCA_011207455,
,,,,,GCA_013761125,
16694,JW/VS-265,"DSM 11003, ATCC 700317",1,Thermosyntropha lipolytica,1123382.5,60
,,,,,2585428064,
,,,,,GCA_900129805,
133444,B2-1,"KCTC 5625, JCM 15105, DSM 21119",1,Thermotalea metallivorans,GCA_001562415,30-55
,,,,,,55
24656,AZM44c09,"DSM 23272, NBRC 106116",1,Thermotoga caldifontis,1408159.3,70
,,,,,2791355055,
,,,,,GCA_000828655,
17060,MSB8,"DSM 3109, JCM 10099, ATCC 43589, NBRC 100826",1,Thermotoga maritima,243274.17,80
,,,,,243274.18,
,,,,,243274.19,
,,,,,243274.5,
,,,,,2519899531,
,,,,,2554235387,
,,,,,2687453609,
,,,,,637000321,
,,,,,GCA_000008545,
,,,,,GCA_000230655,
17069,RKU-10,"DSM 13996, JCM 10882, ATCC BAA-489",1,Thermotoga petrophila,590168.4,80
,,,,,GCA_000025105,
17061,NS-E,"DSM 4359, ATCC 49049, NBRC 107923",1,Thermotoga neapolitana,309803.4,85
,,,,,643348584,
,,,,,GCA_000018945,
17068,RKU-1,"DSM 13995, JCM 10881, ATCC BAA-488",1,Thermotoga petrophila,390874.12,46
,,,,,640427150,47-88
,,,,,GCA_000016785,80
,,,,,,89
24655,AZM34c06,"DSM 23275, NBRC 106115",1,Thermotoga profunda,1408160.3,60
,,,,,2791355052,
,,,,,GCA_000828675,
18093,AC55,"DSM 24660, JCM 17643, NBRC 107904",1,Thermotomaculum hydrothermale,GCA_016592575,55
18064,R270,"DSM 21133, KCTC 5616",1,Thermovenabulum gondwanense,GCA_001601575,50-70
,,,,,,65
17646,HB-1,"DSM 15698, JCM 12110",1,Thermovibrio ammonificans,648996.25,60-80
,,,,,648996.5,75
,,,,,649633104,
,,,,,GCA_000185805,
17647,SL19,"DSM 15521, JCM 12128",1,Thermovibrio guaymasensis,240167.3,75
,,,,,2756170387,
,,,,,GCA_003633715,
17776,Cas60314,"DSM 17291, ATCC BAA-1197",1,Thermovirga lienii,2505119043,37-68
,,,,,580340.17,55
,,,,,580340.6,58
,,,,,GCA_000233775,
18079,70B,"DSM 21563, JCM 15541",1,Thermovorax subterraneus,GCA_021608145,70
131403,,"DSM 25898, KCTC 32024, YIM 77409",1,Thermus amyloliquefaciens,1449080.3,65
,,,,,2579778517,
,,,,,GCA_000744885,
16730,HN3-7,"DSM 12462, JCM 19900, ATCC 700961, BCRC 17422",1,Thermus antranikianii,1123386.3,70
,,,,,2522572193,
,,,,,GCA_000423905,
,,,,,GCA_028472205,
16714,YT-1,"DSM 625, ATCC 25104, JCM 10724, LMG 8924, NBRC 103206, NCIMB 11243",1,Thermus aquaticus,2648501156,70
,,,,,271.14,
,,,,,GCA_001280255,
133484,TH92,"CGMCC 1.6992, JCM 15153",1,Thermus arciformis,2617270932,40-77
,,,,,482827.4,70
,,,,,GCA_022556335,
,,,,,GCA_900102145,
132856,GE-1,DSM 104090,0,Thermus brockianus,2772190657,70
,,,,,GCA_001880325,
140694,,"NBRC 112415, CCTCC AB 2016305, YIM 73026",1,Thermus caldifontis,1930763.4,50-70
,,,,,2758568001,60
,,,,,GCA_003336745,
24641,,"DSM 25901, CCTCC 2012061, YIM 77925",1,Thermus caliditerrae,GCA_021462525,65
16733,K-39,"DSM 21686, JCM 19902, NCAIM B 02340",1,Thermus composti,532059.3,40-80
,,,,,GCA_014647535,67.5
,,,,,,70
16723,Wai 33 A1,"DSM 4687, ATCC 43280, JCM 11600, BCRC 17263, CCM 4200, NCIMB 12588",1,Thermus filiformis,2639763100,60
,,,,,276.5,70
,,,,,GCA_000771745,
16727,RF-4,"DSM 12459, JCM 19899, ATCC 700962, BCRC 17264",1,Thermus igniterrae,1123388.3,70
,,,,,2515154172,
,,,,,GCA_000376265,
16732,,"DSM 21543, JCM 19901, PRI 3838, ATCC BAA-1677",1,Thermus islandicus,1123389.3,45-79
,,,,,2524614852,65
,,,,,GCA_000421625,
16731,KW11,"DSM 16200, JCM 12314",1,Thermus kawarayensis,1293587.3,68
,,,,,2728369690,70
,,,,,GCA_001311545,
16726,SPS-17,"DSM 12092, JCM 11603, ATCC 700435, BCRC 17423, NCIMB 13400",1,Thermus oshimai,1123390.3,65
,,,,,2515154080,70
,,,,,GCA_000373145,
139853,JL-2,DSM 103965,0,Thermus oshimai,2508501045,75
,,,,,751945.13,
,,,,,751945.14,
,,,,,751945.3,
,,,,,GCA_000309885,
16724,SE-1,"DSM 8553, ATCC 51532, NCIMB 13336, JCM 11601, BCRC 17424, CCM 4465, NBRC 110748",1,Thermus scotoductus,1123391.3,65
,,,,,2518645614,
,,,,,GCA_000381045,
24639,KI2,DSM 26573,0,Thermus scotoductus,1382313.3,65
,,,,,2574179778,
,,,,,GCA_000744155,
164604,,"JCM 33570, CGMCC 1.13590",1,Thermus sediminis,GCA_003426945,65
162069,,JCM 17653,0,Thermus sp.,1293589.3,70
,,,,,2675903331,
,,,,,GCA_001311585,
24640,,"DSM 25900, CCTCC AB 2012063, KCTC 32025, YIM 77924",1,Thermus tengchongensis,GCA_021462405,65
163768,,"JCM 30350, KCTC 4677, YIM 76954",1,Thermus tenuipuniceus,2078690.3,60
,,,,,2896171935,
,,,,,GCA_002964845,
168303,,"CFH 72773, KCTC 43129, CCTCC AB 2018244",1,Thermus thermamylovorans,GCA_004307015,37-75
,,,,,SIJL00000000,
16717,HB8,"DSM 579, ATCC 27634, JCM 10941, CGMCC 1.6492, NBRC 101084, NCIMB 11244, CIP 110185",1,Thermus thermophilus,274.5,60
,,,,,274.57,75
,,,,,274.69,
,,,,,274.76,
,,,,,300852.37,
,,,,,300852.38,
,,,,,300852.39,
,,,,,300852.4,
,,,,,300852.9,
,,,,,637000323,
16718,AT-62,"DSM 674, ATCC 33923",0,Thermus thermophilus,1316935.3,75
,,,,,2554235155,
,,,,,GCA_000401495,
16719,HB27,"DSM 7039, ATCC BAA-163",0,Thermus thermophilus,262724.21,70
,,,,,262724.6,
,,,,,637000322,
,,,,,GCA_000008125,
161018,,JCM 10668,0,Thermus thermophilus,274.14,75
,,,,,274.18,
,,,,,274.51,
,,,,,274.58,
,,,,,274.7,
,,,,,274.77,
164444,,JCM 33047,0,Thermus thermophilus,GCA_007165645,65
164445,,JCM 33048,0,Thermus thermophilus,GCA_007165405,65
164706,,JCM 33999,0,Thermus thermophilus,GCA_007182855,70
13804,TL 2,"DSM 10166, UNIQEM 229",1,Thioclava pacifica,1353537.7,15-47
,,,,,2585427686,
,,,,,GCA_000714535,
140280,,"DSM 101684, KCTC 42873, YIM 73013",1,Tibeticola sediminis,1917811.4,30-55
,,,,,2786546139,
,,,,,GCA_003843835,
13840,A34,"DSM 19547, JCM 14836",1,Tranquillimonas alkanivorans,2622736594,Oct-50
,,,,,441119.6,
,,,,,GCA_900115595,
13841,B51,"DSM 19548, JCM 14837",1,Tropicimonas isoalkanivorans,2615840715,Oct-46
,,,,,441112.6,
,,,,,GCA_900112335,
17085,RQ-24,"DSM 17093, CIP 108686, LMG 22925",1,Truepera radiovictrix,646564586,55
,,,,,649638.3,
,,,,,GCA_000092425,
14406,607,"DSM 17572, JCM 13397, CIP 109487",1,Tuberibacillus calidus,1123405.3,50
,,,,,2524614856,
,,,,,GCA_000430685,
23756,4400831,"DSM 27596, CCUG 49529, CIP 108446, KCTC 13178",1,Ureibacillus massiliensis,1211035.3,55
,,,,,1211035.4,
,,,,,2627853741,
,,,,,GCA_000772965,
,,,,,GCA_002200855,
1394,"p-11, HAMBI:1900","DSM 10633, HAMBI 1900, CIP 104857, KCTC 13004",1,Ureibacillus thermosphaericus,2861563776,30-55
,,,,,51173.6,37.0-60.0
,,,,,51173.7,55
,,,,,GCA_012396605,65
,,,,,GCA_014202525,
132082,"CP B.2, CP.B2","DSM 18763, JCM 14244",1,Venenivibrio stagnispumantis,2724679818,45-75
,,,,,GCA_026108055,70
139784,SZDIS-1,"DSM 104291, CGMCC 1.15236",1,Vibrio gangliei,2077090.3,Oct-50
,,,,,2882410081,
,,,,,GCA_002934045,
134251,NTU-101,"BCRC 17637, CGMCC 1.6496",1,Virgibacillus chiguensis,2675903063,15-50
,,,,,411959.4,
,,,,,GCA_900129865,
1481,mccs2660,"DSM 14866, JCM 16509, LMG 19488, KCTC 3820, CIP 108265",1,Virgibacillus necropolis,163877.4,55
,,,,,GCA_002224365,
1474,"B 21, 3028","DSM 26, ATCC 14576, CCM 2049, LMG 7129, NCIB 8775, NCTC 8162, CCUG 7424, CIP 51.24, IAM 11061, CN 3028, NRS B21, JCM 20334, BCRC 14681, CCEB 635, CECT 42, NBRC 102447, NCAIM B.01092, NCFB 1765, NCIMB 8775, NRRL NRS-1321, OUT 8418, PCM 454, VKM B-1244, VKM B-507, NCDO 1765, NRRL: NRS-1321",1,Virgibacillus pantothenticus,GCA_001189575,15.0-50.0
,,,,,GCA_900156795,
1476,C-20Mo,"DSM 11483, ATCC 700290, CCM 4646, JCM 30552, CCUG 52350, CIP 105608, KACC 10867, KACC 14582, KCTC 3704, KCTC 3844, LMG 21520",1,Virgibacillus salexigens,1462526.12,50
,,,,,61016.3,55
,,,,,61016.4,
,,,,,61016.5,
,,,,,GCA_014905415,
1493,H57B72,"DSM 22441, CGMCC 1.7734",1,Virgibacillus subterraneus,2671180086,Oct-50
,,,,,621109.3,
,,,,,GCA_900110695,
1402,BR,"DSM 14931, JCM 12998",1,Vulcanibacillus modesticaldus,GCA_001730235,37.0-60.0
,,,,,,55
24685,,"DSM 25896, CCTCC AB 2012064, KCTC 32020, YIM 77875",1,Vulcaniibacterium thermophilum,1169913.3,50
,,,,,1169913.4,
,,,,,GCA_007923255,
,,,,,GCA_014656335,
17021,IC-017,"DSM 14429, JCM 11212, NBRC 100878",1,Vulcanisaeta distributa,572478.1,90
,,,,,648028062,
,,,,,GCA_000148385,
161134,,JCM 11213,0,Vulcanisaeta distributa,1295123.3,90
,,,,,2681813009,
,,,,,GCA_001316125,
161136,,"JCM 11215, NBRC 100880",0,Vulcanisaeta distributa,1295124.3,90
,,,,,2681813010,
,,,,,GCA_001316145,
161137,,"JCM 11216, NBRC 100881",0,Vulcanisaeta distributa,1293043.3,85
,,,,,2681813011,
,,,,,GCA_001315985,
161138,,"JCM 11217, NBRC 100882",0,Vulcanisaeta distributa,1293044.3,90
,,,,,2681813012,
,,,,,GCA_001316005,
17022,IC-059,"DSM 14430, JCM 11219, NBRC 100879",1,Vulcanisaeta souniana,1293586.5,85
,,,,,1293586.8,
,,,,,2681813013,
,,,,,GCA_001316025,
,,,,,GCA_014646555,
161491,,JCM 14467,0,Vulcanisaeta sp.,1295370.3,85
,,,,,2681813042,
,,,,,GCA_001316245,
161735,,JCM 16159,0,Vulcanisaeta sp.,1295371.3,85
,,,,,2681813017,
,,,,,GCA_001316265,
161736,,JCM 16161,0,Actinomadura glauciflava,1295372.3,85
,,,,,2681813043,
,,,,,GCA_001316285,
161984,,"JCM 17228, ATCC BAA-2415",1,Vulcanisaeta thermophila,GCA_001748385,85
166530,IMT-291,"LMG 30636, CIP 111625, CCM 8858, IMT 291",1,Xinfangfangia humi,2483812.3,50
,,,,,2831640453,
,,,,,GCA_900609055,
158389,K13,"DSM 29793, NCAIM B.02605",1,Xylanibacillus composti,1572762.3,30-50
,,,,,GCA_018403685,
160794,NZ3,"DSM 107634, OCM 1213, JCM 32895",1,Zestosphaera tikiterensis,GCA_003056265,80
159491,K32,"DSM 107278, CCAM 584, CGMCC 1.5297",1,Zhaonella formicivorans,GCA_004353525,55