ID,designation_header,strain_number_header,is_type_strain_header,species,Genome seq. accession number,Oxygen tolerance
219,,"DSM 9849, ATCC 49176, CIP 103242, SC 10, CCUG 27639",1,Abiotrophia defectiva,2562617177,anaerobe
,,,,,46125.34,
,,,,,592010.4,
,,,,,GCA_000160075,
164352,YH-panp20,"JCM 32769, KCTC 15747, KCTC 1574",1,Absicoccus porci,GCA_003725415,anaerobe
,,,,,RJQC00000000,
18089,CT-m2,"DSM 23669, ATCC BAA-2170",1,Acetatifactor muris,GCA_024623325,anaerobe
6338,"12185, 139 B","DSM 5522, ATCC 43876",1,Acetitomaculum ruminis,1120918.3,anaerobe
,,,,,2651870361,
,,,,,GCA_900112085,
2838,Z-7026,"DSM 17461, VKM B-2349",1,Acetivibrio alkalicellulosi,2509887034,anaerobe
,,,,,320502.3,
,,,,,GCA_008125075,
17674,CD2,"DSM 1870, ATCC 33288, NRC 2248",1,Acetivibrio cellulolyticus,2510461053,anaerobe
,,,,,509191.4,
,,,,,GCA_000179595,
2853,EBR-02E-0045,"DSM 19732, NBRC 101661, EBR 45",1,Acetivibrio clariflavus,2507262051,anaerobe
,,,,,720554.3,
,,,,,GCA_000237085,
157972,N2K1,"DSM 107956, CECT 9704",1,Acetivibrio mesophilus,2487273.3,anaerobe
,,,,,2880951795,
,,,,,GCA_004102745,
132679,GGR1,"DSM 101079, CECT 9155",1,Acetivibrio saccincola,1677857.3,anaerobe
,,,,,2775506833,
,,,,,GCA_002844395,
2827,CSK1,"DSM 16021, IAM 15070, JCM 21531, NBRC 103399",1,Acetivibrio straminisolvens,1294263.3,anaerobe
,,,,,2772190653,
,,,,,GCA_000521465,
2729,,"DSM 1237, ATCC 27405, JCM 9322, NCIMB 10682, CECT 593, IAM 13660, LMG 10435, NBRC 103400, NRRL B-4536, VPI 7372",1,Acetivibrio thermocellus,203119.11,anaerobe
,,,,,640069309,
,,,,,GCA_000015865,
2728,LQ8,DSM 1313,0,Acetivibrio thermocellus,1515.11,anaerobe
,,,,,2825454334,
,,,,,637887.3,
,,,,,650377924,
,,,,,GCA_000184925,
2730,LQR1,"DSM 2360, JCM 9323, ATCC 35609",0,Acetivibrio thermocellus,572545.3,anaerobe
,,,,,572545.4,
,,,,,645058753,
,,,,,GCA_001692755,
2731,JW 20,"DSM 4150, ATCC 31549",0,Acetivibrio thermocellus,492476.4,anaerobe
22965,YS,DSM 25991,0,Acetivibrio thermocellus,GCA_000255575,anaerobe
22966,AD2,DSM 25992,0,Acetivibrio thermocellus,GCA_000255615,anaerobe
,,,,,GCA_002564085,
131392,ST07-YE,"DSM 27512, JCM 19400",1,Acetoanaerobium pronyense,1482736.4,anaerobe
,,,,,2913505501,
,,,,,GCA_017874355,
2717,HF,"DSM 519, ATCC 12662, CCUG 9281, JCM 1433, NCIMB 10654, BCRC 14485",1,Acetoanaerobium sticklandii,499177.3,anaerobe
,,,,,649633033,
,,,,,GCA_000196455,
5409,"Z-4391, Z-S11",DSM 8239,1,Acetobacterium bakii,2654587740,anaerobe
,,,,,52689.1,
,,,,,52689.11,
,,,,,GCA_001263355,
,,,,,GCA_008086625,
5410,MC,DSM 11527,0,Acetobacterium dehalogenans,1068975.11,anaerobe
,,,,,2513237154,
,,,,,GCA_000472665,
5407,"Z-4092, Z-B12",DSM 8237,1,Acetobacterium paludosum,52693.4,anaerobe
,,,,,GCA_008086595,
5401,C,"DSM 1911, ATCC 43740, JCM 2380",1,Acetobacterium wieringae,2690315663,anaerobe
,,,,,52694.3,
,,,,,GCA_001766835,
5402,,"DSM 1030, ATCC 29683, JCM 2381, WB 1",1,Acetobacterium woodii,2512047040,anaerobe
,,,,,931626.3,
,,,,,GCA_000247605,
5978,Z-7288,"DSM 5501, ATCC 49924",1,Acetohalobium arabaticum,574087.3,anaerobe
,,,,,648028002,
,,,,,GCA_000144695,
1580,P,"DSM 20664, ATCC 43122",1,Acetomicrobium flavidum,2695420966,anaerobe
,,,,,49896.3,
17777,NGA,"DSM 13181, ATCC BAA-54, JCM 12221",1,Acetomicrobium mobile,2509601011,anaerobe
,,,,,891968.3,
,,,,,GCA_000266925,
17778,RWcit2,"DSM 13490, ACM 5076",1,Acetomicrobium thermoterrenum,1120987.3,anaerobe
,,,,,2544872.3,
,,,,,2599185146,
,,,,,GCA_900107215,
17111,APO-1,"DSM 6540, ATCC 51454",1,Acetonema longum,1009370.3,anaerobe
,,,,,651324002,
,,,,,GCA_000219125,
168915,,"LMG 30378, CCUG 71558",1,Achromobacter veterisilvae,2069367.3,anaerobe
,,,,,GCA_900496975,
,,,,,UFQC01000000,
17960,,"DSM 2784, Glu 65, CIP 106102",1,Acidaminobacter hydrogenoformans,1120920.3,anaerobe
,,,,,2599185234,
,,,,,GCA_900103005,
98,VR4,"CCUG 9996, CIP 106432, DSM 20731, ATCC 25085",1,Acidaminococcus fermentans,591001.17,anaerobe
,,,,,591001.18,
,,,,,591001.3,
,,,,,646311901,
,,,,,GCA_000025305,
,,,,,GCA_020735645,
99,,"DSM 21505, CCUG 50930, CIP 108586, KCTC 15229, ADV 255.99, AIP 283.01",1,Acidaminococcus intestini,1120921.3,anaerobe
,,,,,2524614855,
,,,,,GCA_000425045,
16643,,"DSM 3772, JCM 9191, LEI 10",1,Acidianus ambivalens,GCA_009428885,anaerobe
,,,,,GCA_009729015,
16642,So4a,"DSM 3191, NBRC 106462, JCM 8955, IFO 15270, NBRC 15270",1,Acidianus infernus,GCA_009729545,anaerobe
17800,345-15,"DSM 16705, JCM 18335, VKM B-2471",1,Acidilobus saccharovorans,648028003,anaerobe
,,,,,666510.18,
,,,,,GCA_000144915,
12633,"14X, 0179","DSM 4900, ATCC 25562, VPI 0399, CIP 103025, NCIMB 11858",1,Acidipropionibacterium acidipropionici,1111734.3,anaerobe
,,,,,2513237117,
,,,,,GCA_000427845,
12651,29,"CCUG 48883, CIP 103028, NCIMB 8071, DSM 20535, ATCC 4868, NCDO 850, NCIB 8071",1,Acidipropionibacterium jensenii,1122997.3,anaerobe
,,,,,2523533551,
,,,,,GCA_000425285,
12654,15,"DSM 20276, ATCC 4874, CCM 1865, CCUG 28149, HAMBI 247, JCM 6437, LMG 16455, NCDO 568, NCIB 5966, CGMCC 1.2228, CIP 103029, LMG 16731, NCIMB 5966, VPI 0412, VTT E-79095",1,Acidipropionibacterium thoenii,1122998.3,anaerobe
,,,,,2523231069,
,,,,,GCA_000423445,
158421,JS278,"DSM 106790, VTT E-113202",1,Acidipropionibacterium virtanenii,2834914592,anaerobe
,,,,,GCA_003325455,
23434,T469,DSM 19572,1,Aciduliprofundum boonei,439481.1,anaerobe
,,,,,439481.9,
,,,,,646564501,
,,,,,GCA_000025665,
,,,,,GCA_000151085,
132079,"FC1, FC3","DSM 100580, CSUR P1982",1,Actinobaculum massiliense,2811995073,anaerobe
,,,,,GCA_001457435,
144,,"DSM 20639, ATCC 33144, CCUG 19206, CIP 105361, LMG 18291, Soltys 50052",1,Actinobaculum suis,1657.8,anaerobe
,,,,,2675903157,
,,,,,GCA_900102025,
189,R18165,"DSM 19115, CCUG 48064, CIP 108337, KCTC 15232",1,Actinomyces dentalis,1120941.3,anaerobe
,,,,,2523533597,
,,,,,GCA_000429225,
149,Sh8/4303,"DSM 20671, ATCC 43322, NCTC 11490, CCUG 32758, CIP 103126",1,Actinomyces denticolens,2808606642,anaerobe
,,,,,52767.4,
,,,,,52767.5,
,,,,,52767.7,
,,,,,GCA_001995055,
,,,,,GCA_002072185,
,,,,,GCA_900445045,
159,2-606-032,"DSM 6844, ATCC 23860, CDC W838, CIP 105418, JCM 12963, VPI 12594, CCUG 32936, CCUG 34703",1,Actinomyces gerencseriae,1120943.3,anaerobe
,,,,,2524023137,
,,,,,GCA_000429265,
147057,,"CCUG 32757, ATCC 43323, NCTC 11636",1,Actinomyces howellii,2867030179,anaerobe
,,,,,52771.3,
,,,,,GCA_900637165,
151,Jr 277 (CDC W855),"DSM 43320, ATCC 12102, JCM 12964, CCUG 18307, IMET 10792, CCUG 2271, NIH 277, WVU 46, CIP 103259, KCTC 15377, NCTC 12972",1,Actinomyces israelii,1120944.3,anaerobe
,,,,,1659.4,
,,,,,2565956542,
,,,,,2843235134,
,,,,,GCA_000711965,
,,,,,GCA_900637225,
150,,"CCUG 34702, DSM 43011, ATCC 10048, NHI 1829",0,Actinomyces israelii,GCA_026891875,anaerobe
190,"genospecies WVA 963, genospecies(serotype) WVA 963","DSM 23038, ATCC 49338, CCUG 34287, KCTC 15157, VPI D135D-26, JCM 16129",1,Actinomyces johnsonii,544581.4,anaerobe
,,,,,GCA_006546835,
,,,,,GCA_008693165,
192,4401292,"DSM 23047, CCUG 53522, KCTC 15158, CSUR P18, JCM 16130, CIP 109360",1,Actinomyces massiliensis,1167628.4,anaerobe
,,,,,2548876973,
,,,,,GCA_000269805,
154,,"DSM 43013, ATCC 12104, CCUG 2238, NCTC 10301, CDC W826, JCM 8349, NIH 279, WVU 45, CCUG 18310, CIP 103128",1,Actinomyces naeslundii,1655.49,anaerobe
,,,,,2531839542,
,,,,,GCA_001956585,
187,R5292,"KCTC 15234, DSM 17234, CCUG 46090, CIP 107639, Hall R5292, JCM 17565",1,Actinomyces oricola,2867461147,anaerobe
,,,,,GCA_004104015,
193,7400942,"KCTC 15137, DSM 23838, CCUG 55928, CSUR P35",1,Actinomyces timonensis,2548877015,anaerobe
,,,,,521393.3,
,,,,,GCA_000295095,
157,,"DSM 43327, ATCC 15987, CCUG 14476, NCTC 10951, WVU 745, NIH T-6, JCM 8353, CCUG 35450, CECT 488, CIP 103147, KCTC 15382, NBIMCC 71",1,Actinomyces viscosus,1656.7,anaerobe
,,,,,1656.9,
,,,,,2868063378,
,,,,,2868359304,
,,,,,GCA_004525795,
,,,,,GCA_900637975,
196,"2298, 2298/06","DSM 24894, CCM 7951, CCUG 61299, CIP 110333, LMG 26472",1,Actinomyces weissii,675090.3,anaerobe
,,,,,GCA_016598775,
130140,IMMIBL-2199,"DSM 26039, CCUG 64068",1,Actinotignum sanguinis,1445614.3,anaerobe
,,,,,2866239221,
,,,,,GCA_003957255,
145,B 5329,"DSM 15541, CCUG 27420, CIP 105739, LMG 18293, CCM 4738",1,Actinotignum schaalii,1120932.3,anaerobe
,,,,,2524614731,
,,,,,2585427650,
,,,,,59505.5,
,,,,,GCA_000429205,
,,,,,GCA_000724605,
146,R9242,"KCTC 15231, DSM 15805, CCUG 46093, CIP 107424",1,Actinotignum urinale,1120933.3,anaerobe
,,,,,2524614758,
,,,,,GCA_000420445,
131515,KB18,"DSM 26090, KCTC 15540",1,Acutalibacter muris,1796620.3,anaerobe
,,,,,2757320831,
,,,,,GCA_002201475,
,,,,,GCA_016697365,
22982,NR06,"DSM 22242, CCUG 57646, KCTC 15365",1,Adlercreutzia caecicola,2824484654,anaerobe
,,,,,2831651148,
,,,,,747645.17,
,,,,,747645.3,
,,,,,GCA_003725335,
,,,,,GCA_014192485,
,,,,,GCA_024623225,
3077,B7,"DSM 21839, CCUG 56815",1,Adlercreutzia caecimuris,GCA_000403355,anaerobe
,,,,,GCA_024623275,
3072,do03,"DSM 18785, JCM 14811, AHU 1763, KCTC 15587",1,Adlercreutzia equolifaciens subsp. celata,1121021.16,anaerobe
,,,,,1121021.3,
,,,,,2574179708,
,,,,,394340.5,
,,,,,GCA_003428485,
,,,,,GCA_003726015,
,,,,,GCA_016865385,
,,,,,GCA_024171685,
3073,FJC-B9,"DSM 19450, CCUG 54925, JCM 14793, KCTC 15235",1,Adlercreutzia equolifaciens subsp. equolifaciens,1384484.3,anaerobe
,,,,,2597489914,
,,,,,446660.3,
,,,,,GCA_000478885,
,,,,,GCA_003428235,
3076,Mt1B8,"DSM 19490, CCUG 54980",1,Adlercreutzia mucosicola,1121866.8,anaerobe
,,,,,2524023091,
,,,,,GCA_000422625,
,,,,,GCA_024623255,
131531,WCA-131-CoC-2,"DSM 29508, KCTC 15543",1,Adlercreutzia muris,1796610.1,anaerobe
,,,,,2889625949,
,,,,,GCA_008831045,
,,,,,GCA_024623245,
1766,T6,"DSM 22365, LMG 21773, NCIMB 13939, JCM 15959",1,Aeriscardovia aeriphila,218139.3,anaerobe
,,,,,218139.4,
,,,,,2788500099,
,,,,,2824784629,
,,,,,GCA_002259595,
,,,,,GCA_013408435,
226,"UW06, UW 06","DSM 15819, CCM 4911, CCUG 28831, CIP 106115, JCM 18985, ATCC 48849, LMG 19525",1,Aerococcus christensenii,2687453475,anaerobe
,,,,,2728369595,
,,,,,525247.5,
,,,,,87541.3,
,,,,,GCA_001466745,
,,,,,GCA_001543105,
13874,BN 126,"DSM 2698, ATCC 35675, CIP 104405, NBRC 100434, NCIMB 2201",1,Afifella marina,1120955.3,anaerobe
,,,,,1120955.6,
,,,,,2595699009,
,,,,,GCA_003258905,
,,,,,GCA_016584015,
,,,,,GCA_900102695,
5441,A1-86,"DSM 17629, NCIMB 14373",0,Agathobacter rectalis,650377936,anaerobe
,,,,,657318.12,
,,,,,657318.4,
,,,,,GCA_000209935,
132618,SR79,"DSM 100391, KCTC 15532, JCM 30795",1,Agathobaculum butyriciproducens,1628085.3,anaerobe
,,,,,2756170243,
6668,,"DSM 18527, JCM 14202, NRIC 0689, CIP 109571",1,Agrilactobacillus composti,1236950.3,anaerobe
,,,,,1423734.3,
,,,,,2576861770,
,,,,,2700989152,
,,,,,GCA_000583695,
,,,,,GCA_001436375,
132956,Pyt,"DSM 100705, CIP 110913",1,Akkermansia glycaniphila,2846452581,anaerobe
,,,,,GCA_001683795,
17849,"Muc, MucT","DSM 22959, ATCC BAA-835, CIP 107961, CCUG 64013, JCM 33894, BCRC 81048",1,Akkermansia muciniphila,239935.2131,anaerobe
,,,,,GCA_000020225,
,,,,,GCA_008000975,
131145,YL44,DSM 26127,0,Akkermansia muciniphila,2721755767,anaerobe
,,,,,2833038095,
,,,,,GCA_001688765,
,,,,,GCA_002201495,
,,,,,GCA_016697425,
133329,S61,"DSM 102044, CCTCC AB 2015446",1,Algoriphagus iocasae,1836499.3,anaerobe
,,,,,2828441503,
,,,,,GCA_014206875,
498,AAM1,"DSM 23064, BCRC 17888, JCM 15522, JCM 31907",1,Aliagarivorans marinus,1120969.3,anaerobe
,,,,,2523533543,
,,,,,GCA_000429485,
499,AAT1,"DSM 22990, BCRC 17889, JCM 15537",1,Aliagarivorans taiwanensis,1120970.3,anaerobe
,,,,,2524614757,
,,,,,GCA_000429505,
2907,BC,"DSM 18852, JCM 14587",0,Alicycliphilus denitrificans,596153.11,anaerobe
,,,,,596153.12,
,,,,,596153.4,
,,,,,649633004,
,,,,,GCA_000179015,
159608,5CBH24,"DSM 108979, JCM 32850",1,Alistipes communis,2585118.3,anaerobe
,,,,,GCA_006542665,
14030,,"DSM 17242, CCUG 46020, CIP 107999, KCTC 15236, AHN 2437, JCM 16770, VTT E-093113T",1,Alistipes finegoldii,2509601035,anaerobe
,,,,,GCA_000265365,
14033,,"DSM 22520, JCM 16068, YIT 12060",1,Alistipes indistinctus,2513237277,anaerobe
,,,,,742725.163,
,,,,,742725.3,
,,,,,GCA_000231275,
,,,,,GCA_025144995,
14031,,"KCTC 15237, DSM 19147, ATCC BAA-1178, CCUG 48946, WAL 8169, JCM 16771",1,Alistipes onderdonkii subsp. onderdonkii,1120974.3,anaerobe
,,,,,2517572213,
,,,,,328813.144,
,,,,,GCA_000374505,
,,,,,GCA_025145285,
14029,"Carlier 10203, strain 1 Ando, 10203, 1 And","DSM 17216, CCUG 45780, CIP 104286, ATCC 29800, VPI 3293, JCM 16772",1,Alistipes putredinis,445970.5,anaerobe
,,,,,641736205,
,,,,,GCA_000154465,
130658,JC50,"DSM 25460, CSUR P150, JCM 32779, CSUR P156",0,Alistipes senegalensis,1033732.3,anaerobe
,,,,,1033732.5,
,,,,,1288121.42,
,,,,,1288121.43,
,,,,,2547132124,
,,,,,GCA_000312145,
,,,,,GCA_025145645,
14032,,"DSM 19121, ATCC BAA-1179, CCUG 48947, KCTC 15238, WAL 8301, JCM 16773",1,Alistipes shahii,717959.3,anaerobe
,,,,,717959.412,
,,,,,GCA_000210575,
24536,JC136,"DSM 25383, CSUR P148, JCM 32780",1,Alistipes timonensis,1033731.11,anaerobe
,,,,,2547132133,
,,,,,2693429854,
,,,,,GCA_000285455,
,,,,,GCA_900107675,
131513,CC-5826-WT-bac,DSM 27924,0,Alistipes timonensis,GCA_024623305,anaerobe
5412,Z-79820,"DSM 14828, Uniqem U-218, VKM B-2308",1,Alkalibacter saccharofermentans,1120975.4,anaerobe
,,,,,2582581275,
,,,,,GCA_900128885,
5453,CP11,"CCUG 57164, DSM 22112, ATCC BAA-1772, KCTC 15124",1,Alkalibaculum bacchi,2770939553,anaerobe
,,,,,645887.4,
,,,,,GCA_003317055,
17805,Z-7010,"DSM 15055, VKM B-2311",1,Alkaliflexus imshenetskii,2509276023,anaerobe
,,,,,927658.4,
,,,,,GCA_000517065,
1229,JMM-4,"DSM 16346, CIP 108766, JCM 12340",1,Alkalihalobacillus macyae,157733.5,anaerobe
,,,,,2630968384,
,,,,,GCA_001039475,
2865,E2R,"DSM 24577, CGMCC 1.5124, JCM 16124",1,Alkaliphilus halophilus,2901126171,anaerobe
,,,,,522397.3,
2863,OhILAs,"DSM 21761, ATCC BAA-1360, ATCC BAA1360",1,Alkaliphilus oremlandii,350688.5,anaerobe
,,,,,641228475,
,,,,,GCA_000018325,
2864,Z-7036,"DSM 18978, VKM B-2502",1,Alkaliphilus peptidifermentans,1120976.3,anaerobe
,,,,,2599185223,
,,,,,GCA_900101495,
160373,LacV,"DSM 100017, JCM 30644",1,Alkaliphilus pronyensis,1482732.3,anaerobe
,,,,,GCA_009017275,
,,,,,WBZC00000000,
160178,LacT,"DSM 100337, JCM 30643",1,Alkaliphilus serpentinus,1482731.3,anaerobe
,,,,,GCA_009017255,
,,,,,WBZB00000000,
130251,SAGM1,"DSM 29504, ATCC 700919, CGMCC 1.2940, JCM 10712, CIP 107133",1,Alkaliphilus transvaalensis,1408422.3,anaerobe
,,,,,2558309003,
,,,,,GCA_000621485,
133913,JC133,"KCTC 15220, NBRC 109056",1,Alkalispirochaeta sphaeroplastigenens,2791354917,anaerobe
,,,,,GCA_002916695,
17816,SC/BZ-SP2,"DSM 24412, ATCC BAA-2172",1,Alkalitalea saponilacus,2595698211,anaerobe
,,,,,889453.3,
,,,,,GCA_002201795,
,,,,,GCA_900168165,
17113,MR2,"DSM 15230, ATCC BAA-610, CCUG 48567, CIP 108260",1,Allisonella histaminiformans,209880.28,anaerobe
,,,,,2595698240,
,,,,,GCA_900103425,
5364,2CLOS2,"DSM 13633, CCUG 45212",1,Allobaculum stercoricanis,1050201.52,anaerobe
,,,,,2516493028,
,,,,,GCA_000384195,
131413,"AX1YC10, AX1YPE","DSM 21881, KCTC 15448",1,Allochromatium humboldtianum,2914811602,anaerobe
,,,,,504901.4,
,,,,,GCA_013385175,
23845,BH-2,DSM 15591,0,Allochromatium palmeri,231048.4,anaerobe
,,,,,2890683868,
,,,,,GCA_009720725,
2424,"D, Roelofsoen D","DSM 180, ATCC 17899",1,Allochromatium vinosum,572477.21,anaerobe
,,,,,572477.22,
,,,,,572477.4,
,,,,,646564502,
,,,,,GCA_000025485,
2436,,"DSM 173, ATCC 14959",1,Allochromatium warmingii,2675903030,anaerobe
,,,,,61595.4,
,,,,,GCA_900107145,
2248,01-570-1,"DSM 15817, CCUG 45438, CIP 107425",1,Allofustis seminis,1120978.3,anaerobe
,,,,,2518285549,
,,,,,GCA_000374325,
23199,81/4 12,"DSM 22548, CCUG 58091, KCTC 15416",1,Alloprevotella rava,2827976805,anaerobe
,,,,,671218.7,
,,,,,GCA_014195585,
137052,,"CIP 104476, ATCC 51259, JCM 13994, CCUG 34292, JCM 16135, NCTC 13073, VPI N14B-15",1,Alloprevotella tannerae,626522.3,anaerobe
,,,,,645951840,
,,,,,GCA_000159995,
1758,OMB105,"DSM 17774, JCM 13493, LMG 24385",1,Alloscardovia criceti,1122228.3,anaerobe
,,,,,2519103191,
,,,,,GCA_000376885,
23792,M8,"DSM 24762, CCM 7944",1,Alloscardovia macacae,1160091.5,anaerobe
,,,,,2788500374,
,,,,,GCA_002259705,
1767,,"DSM 21503, CCUG 31649, LMG 23792, CIP 109610",1,Alloscardovia omnicolens,1120979.4,anaerobe
,,,,,2523533599,
,,,,,GCA_000420505,
5424,,"DSM 3991, ATCC 29143, VPI C9-20, JCM 10413",1,Amedibacillus dolichus,428127.7,anaerobe
,,,,,641380446,
,,,,,GCA_000154285,
130325,WN037,"DSM 28287, JCM 19863",1,Aminicella lysinilytica,2795385453,anaerobe
,,,,,433323.3,
,,,,,GCA_004362975,
17782,ILE-2,"DSM 16581, JCM 14039",1,Aminiphilus circumscriptus,1304874.3,anaerobe
,,,,,2541046957,
,,,,,GCA_000526375,
24744,4F6E,"DSM 25964, JCM 18417",1,Aminivibrio pyruvatiphilus,1005740.3,anaerobe
,,,,,2756170234,
,,,,,GCA_004366815,
17767,ALA-1,DSM 12261,1,Aminobacterium colombiense,572547.3,anaerobe
,,,,,646564503,
,,,,,GCA_000025885,
17768,ILE-3,"DSM 12262, ATCC BAA-7",1,Aminobacterium mobile,1304875.3,anaerobe
,,,,,2541046969,
,,,,,GCA_000526395,
17769,GLU-3,"DSM 12260, ATCC BAA-6",1,Aminomonas paucivorans,2502790015,anaerobe
,,,,,584708.3,
,,,,,GCA_000165795,
16789,KC4,DSM 10501,1,Ammonifex degensii,429009.21,anaerobe
,,,,,429009.3,
,,,,,646311904,
,,,,,GCA_000024605,
16790,SR,"DSM 19636, VKM B-2461",1,Ammonifex thiophilus,2831524987,anaerobe
,,,,,GCA_003368535,
17114,"B4B0, B<SUB>4</SUB>B<SUB>0</SUB>, B4Bo","DSM 6283, ATCC 51455, CIP 105409",1,Anaeroarcus burkinensis,1120985.4,anaerobe
,,,,,2524614635,
,,,,,GCA_000430605,
1559,MS 6,"DSM 22531, NCCB 100213, UNIQEM U377",1,Anaerobacillus alkalidiazotrophicus,2698536991,anaerobe
,,,,,2839700685,
,,,,,472963.4,
,,,,,GCA_001866055,
131178,Z-0521,"DSM 18345, DSMZ 18345, VKM B-2403",1,Anaerobacillus alkalilacustris,2698536992,anaerobe
,,,,,393763.5,
,,,,,GCA_001866005,
1558,E1H,"DSM 15340, ATCC 700614, KCTC 5192",1,Anaerobacillus arseniciselenatis,2698536990,anaerobe
,,,,,85682.4,
,,,,,GCA_001865995,
130804,T-1-35,"DSM 27016, NBRC 109520",1,Anaerobacterium chartisolvens,1297424.3,anaerobe
,,,,,2770939622,
,,,,,GCA_003337415,
16633,S411,"DSM 6400, ATCC 29305",1,Anaerobiospirillum succiniciproducens,1120988.3,anaerobe
,,,,,2528768184,
,,,,,GCA_000482845,
16634,A 273/88,"DSM 11806, NCTC 12467, CCUG 46380, ATCC 700432",1,Anaerobiospirillum thomasii,179995.4,anaerobe
,,,,,2808606510,
,,,,,GCA_900445255,
131449,GluBS11,"DSM 29698, KCTC 15450, LMG 28619",1,Anaerobium acetethylicum,1619234.6,anaerobe
,,,,,2675903067,
,,,,,GCA_900096945,
17964,PAOHA-1,"DSM 14826, UNIQEM 227",1,Anaerobranca californiensis,1120989.3,anaerobe
,,,,,2585428191,
,,,,,GCA_900142275,
17963,LBS3,DSM 13577,1,Anaerobranca gottschalkii,1120990.3,anaerobe
,,,,,2602042032,
,,,,,GCA_900111575,
5428,,"DSM 3353, ATCC 27751, JCM 7789, VPI B4-27",1,Anaerobutyricum hallii,411469.11,anaerobe
,,,,,411469.3,
,,,,,643886203,
,,,,,GCA_000173975,
17970,,"DSM 7454, ATCC 49630, JCM 7635, GIFU 7662, CIP 107325",1,Anaerococcus hydrogenalis,561177.4,anaerobe
,,,,,642979323,
,,,,,GCA_000173355,
155856,,CCUG 59477,0,Anaerococcus hydrogenalis,879306.3,anaerobe
17971,,"DSM 7456, ATCC 51172, JCM 8140, CCUG 31351, CIP 103725, GIFU 8586",1,Anaerococcus lactolyticus,525254.4,anaerobe
,,,,,643886145,
,,,,,GCA_000156575,
17976,,"DSM 21462, ATCC BAA-1385, CCUG 53340, WAL 17230, JCM 15630, KCTC 5949",1,Anaerococcus murdochii,2928365402,anaerobe
,,,,,411577.3,
17975,Davey 1(Hare group VIII),"DSM 11663, KCTC 5964, NCTC 9810",1,Anaerococcus octavius,2512047049,anaerobe
,,,,,2808606682,
,,,,,54007.13,
,,,,,GCA_900445265,
17967,"PC 1, 10107","DSM 20548, ATCC 9321, JCM 6508, CCUG 41932, CIP 105881, NCTC 11806",1,Anaerococcus prevotii,2808606805,anaerobe
,,,,,33034.3,
,,,,,644736326,
,,,,,GCA_000024105,
,,,,,GCA_900445285,
130835,9402080,"DSM 26345, CSUR P121",1,Anaerococcus provencensis,2600255036,anaerobe
,,,,,GCA_000312365,
17977,JC48,"DSM 25366, CSUR P156",1,Anaerococcus senegalensis,1033733.3,anaerobe
,,,,,2547132134,
17969,,"DSM 2951, ATCC 35098, CCM 3634, JCM 1964, GIFU 7672, CCUG 17637, CIP 103927, LMG 14264",1,Anaerococcus tetradius,525255.3,anaerobe
,,,,,643886055,
,,,,,GCA_000159095,
17972,,"CCUG 31349, CIP 103621, KCTC 15028, DSM 7457, ATCC 51170, JCM 8138, GIFU 12669, GIFU 7732",1,Anaerococcus vaginalis,33037.9,anaerobe
,,,,,645058761,
,,,,,655811.4,
,,,,,GCA_000163295,
17973,ph9,DSM 25446,0,Anaerococcus vaginalis,1287640.3,anaerobe
,,,,,2547132149,
,,,,,GCA_000307225,
2542,10017,"DSM 1283, ATCC 13725, JCM 11016, NCIB 10631, NCIMB 10631, JCM 1421, BCRC 14474, CIP 104304",1,Anaerocolumna aminovalerica,1527.7,anaerobe
,,,,,2634166351,
,,,,,GCA_900115365,
2829,HY-35-12,"DSM 15929, IMSNU 40003, KCTC 5026",1,Anaerocolumna jejuensis,1121322.3,anaerobe
,,,,,2585428173,
,,,,,GCA_900142215,
2797,HESP1,"DSM 12503, JCM 31057",1,Anaerocolumna xylanovorans,1121345.3,anaerobe
,,,,,2582580727,
,,,,,433286.4,
,,,,,GCA_900143645,
5413,,"DSM 17244, ATCC BAA-858, CCUG 47767, CIP 108481, WAL 14563, KCTC 15239",1,Anaerofustis stercorihominis,445971.6,anaerobe
,,,,,641736193,
,,,,,GCA_000154825,
131107,WHC-424-CC-1,DSM 28733,0,Anaerofustis stercorihominis,GCA_024623185,anaerobe
159440,ST-NAGAB-D1,"DSM 103484, JCM 31926, KCTC 15600",1,Anaerohalosphaera lusitana,1936003.3,anaerobe
,,,,,GCA_002007645,
502,IMO-1,"DSM 16554, JCM 12577",1,Anaerolinea thermolimosa,229919.9,anaerobe
,,,,,GCA_001050195,
501,UNI-1,"DSM 14523, JCM 11388",1,Anaerolinea thermophila,649633005,anaerobe
,,,,,926569.3,
,,,,,GCA_000199675,
140570,DY2726D,"JCM 30224, MCCC 1A00776",1,Anaeromicrobium sediminis,GCA_002270055,anaerobe
2761,743A,"DSM 5832, ATCC 35295, OCM 2",1,Anaeromicropila populeti,2599185221,anaerobe
,,,,,37658.4,
17115,"DK glu 16, DKglu16","DSM 3853, ATCC 43704",1,Anaeromusa acidaminophila,1120992.3,anaerobe
,,,,,2518285615,
,,,,,GCA_000374545,
3755,2CP-1,"DSM 21875, ATCC BAA-258",1,Anaeromyxobacter dehalogenans,455488.5,anaerobe
,,,,,643348507,
,,,,,GCA_000022145,
3757,2CP-C,"DSM 21877, ATCC BAA-259",0,Anaeromyxobacter dehalogenans,290397.18,anaerobe
,,,,,637000007,
,,,,,GCA_000013385,
17810,Fru22,"DSM 12881, OCM 798",1,Anaerophaga thermohalophila,2515154051,anaerobe
,,,,,886379.4,
,,,,,GCA_000191885,
166544,MCWD5,"KCTC 15595, DSM 105757",1,Anaerosacchariphilus polymeriproducens,GCA_003363435,anaerobe
131344,mAs-G9K2R3-TGB-98,DSM 29482,0,Anaerosalibacter massiliensis,GCA_024623155,anaerobe
132208,IRF19,"DSM 103526, JCM 19988, KCTC 15396",1,Anaerosolibacter carboniphilus,1417629.3,anaerobe
,,,,,2861187593,
,,,,,GCA_014205875,
11852,WN036,"DSM 21120, JCM 15094, KCTC 15145",1,Anaerosphaera aminiphila,1120995.4,anaerobe
,,,,,2585428066,
,,,,,GCA_900129925,
23337,HKU 15,"DSM 15969, LMG 22014, NBRC 110945",1,Anaerospora hongkongensis,244830.3,anaerobe
,,,,,2799112278,
,,,,,GCA_004339805,
2868,HY-37-4,"DSM 15930, IMSNU 40011, KCTC 5027",1,Anaerosporobacter mobilis,1120996.3,anaerobe
,,,,,2588253509,
,,,,,GCA_900142955,
132639,"FRC-RU4, RU4","DSM 29728, ATCC BAA-2723",1,Anaerosporomusa subterranea,2724679194,anaerobe
,,,,,GCA_001611555,
6340,35-7,"DSM 22094, JCM 17466, LMG 24724",1,Anaerostipes butyraticus,645466.3,anaerobe
,,,,,GCA_016586355,
6339,L1-92,"DSM 14662, CIP 108612, NCIMB 13811, CCUG 47493, JCM 13470, KCTC 15019, AIP 10223",1,Anaerostipes caccae,105841.35,anaerobe
,,,,,105841.45,
,,,,,411490.34,
,,,,,411490.43,
,,,,,411490.6,
,,,,,641736227,
,,,,,GCA_000154305,
,,,,,GCA_014131675,
,,,,,GCA_014467075,
,,,,,GCA_025146005,
5427,VP 82-52,"DSM 3319, ATCC 29173, KCTC 15606, VPI 82-52, JCM 9980, KCTC 15009",1,Anaerostipes hadrus,2534681714,anaerobe
,,,,,649757.3,
,,,,,GCA_000332875,
158907,KGMB03357,"DSM 107953, KCTC 15736",1,Anaerotignum faecicola,2358141.3,anaerobe
,,,,,2843100240,
,,,,,GCA_003865035,
2806,G17,"DSM 14214, LMG 20954",1,Anaerotignum lactatifermentans,1121323.3,anaerobe
,,,,,2585428190,
,,,,,GCA_900142265,
2765,X4,"DSM 3847, KCTC 15564",1,Anaerotignum neopropionicum,2651869904,anaerobe
,,,,,2728369180,
2646,X2,"DSM 1682, ATCC 25522, NCIMB 10656, CCUG 9280, JCM 1430, VPI 5303",1,Anaerotignum propionicum,2582581271,anaerobe
,,,,,2808606817,
,,,,,991789.25,
,,,,,991789.4,
,,,,,GCA_001561955,
,,,,,GCA_900129165,
17679,277,"DSM 17241, CCUG 45055, CIP 107754, WAL 14565, JCM 15631, VTT E-062942",1,Anaerotruncus colihominis,169435.95,anaerobe
,,,,,445972.6,
,,,,,641736271,
,,,,,GCA_000154565,
,,,,,GCA_025146135,
131106,JM4-15,DSM 28734,0,Anaerotruncus colihominis,GCA_010206195,anaerobe
,,,,,GCA_024623195,
17117,"5S, 7553","DSM 3074, ATCC 33276, CIP 105407, VPI 7553",1,Anaerovibrio lipolyticus,1120997.3,anaerobe
,,,,,2585428091,
,,,,,2630968883,
,,,,,82374.4,
,,,,,GCA_000803025,
,,,,,GCA_900141865,
18065,SCA,"DSM 17722, ATCC BAA-1084, JCM 12857",1,Anaerovirgula multivorans,2706794911,anaerobe
,,,,,GCA_900188145,
17978,NorPut1,"DSM 5092, ATCC BAA-160",1,Anaerovorax odorimutans,1120998.3,anaerobe
,,,,,2524614531,
,,,,,GCA_000426305,
5416,MK-1,"DSM 1989, ATCC 43737",1,Andreesenia angusta,2775507286,anaerobe
,,,,,39480.3,
,,,,,39480.4,
,,,,,GCA_001855385,
6140,,"DSM 4255, ATCC 43788",1,Annwoodia aquaesulis,2765235834,anaerobe
552,K1,"DSM 12423, ATCC 700785, VKM B-2193",1,Anoxybacillus pushchinoensis,2654588147,anaerobe
,,,,,GCA_900111795,
130818,DY22613,"DSM 28033, JCM 19466, MCCC 1A06456",1,Anoxybacter fermentans,2837169743,anaerobe
,,,,,GCA_003991135,
158563,Su22,"VKM B-2510, CECT 8731, DSM 21847",1,Anoxynatronum buryatiense,2706794923,anaerobe
132969,R-53146,"DSM 100903, LMG 28357",1,Apibacter mensalis,2615840617,anaerobe
,,,,,GCA_001418685,
,,,,,GCA_900018365,
130368,Fhon13N,"DSM 26257, CCUG 63287, JCM 30765",1,Apilactobacillus apinorum,GCA_001281175,anaerobe
12653,699,"DSM 43307, ATCC 14157, CIP 110010, CCUG 4939, LMG 16729, ATCC 13682, JCM 5830, CIP 101941, IFO 14587, IMET 10974, LMG 19873, NBRC 14587, NCTC 12967, PCM 2431, VKM Ac-1449, VPI 0026, NBRC 4587",1,Arachnia propionica,1218109.3,anaerobe
,,,,,1750.7,
,,,,,2731957689,
,,,,,GCA_001592325,
,,,,,GCA_900637725,
204,P6775,"DSM 25104, CCM 7958, CCUG 61573, CIP 110339",1,Arcanobacterium canis,GCA_029625435,anaerobe
197,11018,"DSM 20595, ATCC 9345, CCM 5947, NCTC 8452",1,Arcanobacterium haemolyticum,2808606785,anaerobe
,,,,,28264.12,
,,,,,644284.3,
,,,,,646564505,
,,,,,GCA_000092365,
,,,,,GCA_900475915,
203,"M401624/00/2, 001127, M 601624/00/2","DSM 15539, CCUG 44697, CIP 106850",1,Arcanobacterium hippocoleae,2919380674,anaerobe
22902,2698,"DSM 26142, CCM 8430, LMG 27073, CIP 110543",1,Arcanobacterium phocisimile,1302235.3,anaerobe
,,,,,GCA_016904675,
18096,VC-16,"DSM 4304, ATCC 49558, JCM 9628, NBRC 100126",1,Archaeoglobus fulgidus,224325.1,anaerobe
,,,,,638154502,
,,,,,GCA_000008665,
18097,AV18,"DSM 5631, JCM 9629, NBRC 100127",1,Archaeoglobus profundus,572546.12,anaerobe
,,,,,572546.16,
,,,,,646311906,
,,,,,GCA_000025285,
18100,PM70-1,"DSM 19444, JCM 14716",1,Archaeoglobus sulfaticallidus,2522125074,anaerobe
,,,,,387631.5,
,,,,,GCA_000385565,
18098,SNP6,DSM 11195,1,Archaeoglobus veneficus,2504136002,anaerobe
,,,,,693661.9,
,,,,,GCA_000194625,
23819,JC84,"DSM 24636, KCTC 15071, MTCC 10956, CECT 9783",1,Arcobacter anaerophilus,2871084118,anaerobe
,,,,,877500.16,
,,,,,877500.17,
,,,,,GCA_004116345,
,,,,,GCA_006459125,
158655,F138-33,"CECT 8984, LMG 29148, CIP 111615",1,Arcobacter canalis,1912871.9,anaerobe
,,,,,2888026065,
,,,,,GCA_002723485,
,,,,,GCA_008000835,
13883,LuFRes1,"DSM 12081, LMG 30943",1,Aromatoleum anaerobium,GCA_012910705,anaerobe
13886,U120,"DSM 14744, LMG 26916, CIP 110165",1,Aromatoleum buckelii,2887686508,anaerobe
,,,,,GCA_012910785,
13887,Td21,"DSM 15124, ATCC 700604",1,Aromatoleum toluvorans,GCA_012910905,anaerobe
6239,,"DSM 15745, CCUG 47306, JCM 13385, IAM 15342, NBRC 105202, CIP 108315",1,Arsenicicoccus bolidensis,1121017.3,anaerobe
,,,,,2524614535,
,,,,,GCA_000426385,
2605,6VI,"DSM 2635, ATCC 25756, BCRC 14528, JCM 1425, NCIMB 11830, VPI 4428",1,Clostridium irregulare,1121321.3,anaerobe
,,,,,2634166349,
,,,,,GCA_900129815,
132416,NAS-01,"DSM 28954, JCM 19762",1,Athalassotoga saccharophila,1441386.9,anaerobe
,,,,,2883451585,
,,,,,GCA_009936215,
3039,,"DSM 20586, ATCC 33267, CCUG 31167, LMG 9439, CIP 109876, JCM 1118, VPI 9428, NBRC 107787, NCFB 2751",1,Atopobium minutum,1381.3,anaerobe
,,,,,1381.4,
,,,,,2634166360,
,,,,,2667527893,
,,,,,GCA_001437015,
,,,,,GCA_900105895,
2251,PPC79,"DSM 15692, NRRL 23929",1,Atopostipes suicloacalis,1121025.4,anaerobe
,,,,,2582581273,
,,,,,GCA_900129085,
533,5715S-12,"DSM 18598, CIP 109815, KACC 11607",1,Aureimonas ureilytica,1121028.3,anaerobe
,,,,,1121028.4,
,,,,,2515154138,
,,,,,2834202456,
,,,,,GCA_000382705,
,,,,,GCA_001463945,
13881,T,"DSM 9506, DSM 19020, LMG 30751",0,Aromatoleum toluolicum,GCA_012911005,anaerobe
13891,PS,"DSM 13638, ATCC BAA-33",0,Azospira oryzae,2508501046,anaerobe
,,,,,GCA_000236665,
1606,A40,"DSM 15896, JCM 10556, CCUG 51929, BCRC 81230",1,Bacteroides acidifaciens,1235814.4,anaerobe
,,,,,2565956591,
,,,,,GCA_000613385,
,,,,,GCA_024623065,
131098,JJM0207_2,DSM 100502,0,Bacteroides acidifaciens,GCA_024623115,anaerobe
1617,3452A,"DSM 19024, ATCC 43185, CCUG 38735, CIP 104201, JCM 9498, NCTC 13051, VPI 3452A",1,Bacteroides caccae,2806310690,anaerobe
,,,,,2806310790,
,,,,,411901.7,
,,,,,47678.1024,
,,,,,47678.1222,
,,,,,47678.18,
,,,,,47678.99,
,,,,,640963023,
,,,,,818.184,
,,,,,GCA_000169015,
131518,I48,"DSM 26085, KCTC 15547",1,Bacteroides caecimuris,2718217776,anaerobe
,,,,,2773857902,
,,,,,GCA_001688725,
,,,,,GCA_002221665,
,,,,,GCA_016697125,
,,,,,GCA_023277905,
1623,CRE21,"DSM 14838, CCUG 44979, JCM 15632",1,Bacteroides cellulosilyticus,537012.5,anaerobe
,,,,,643886111,
,,,,,GCA_000158035,
,,,,,GCA_028539415,
1628,A 20,"DSM 22519, JCM 16067, CCUG 60911, YIT 12056, KCTC 15128",1,Bacteroides clarus,2695420967,anaerobe
,,,,,651324010,
,,,,,762984.1,
,,,,,762984.3,
,,,,,GCA_000195615,
,,,,,GCA_900129655,
1613,PC 139,"DSM 18011, CCUG 50528, JCM 13475, NRRL B-41113",1,Bacteroides coprosuis,2503982039,anaerobe
,,,,,679937.3,
,,,,,GCA_000212915,
1583,10128,"DSM 20697, ATCC 27754, NCTC 11155, CCUG 9559, CIP 104285, JCM 12986, VPI T5-42B-1",1,Bacteroides eggerthii,28111.2,anaerobe
,,,,,28111.542,
,,,,,2811995250,
,,,,,483216.6,
,,,,,642979334,
,,,,,GCA_000155815,
,,,,,GCA_025146565,
,,,,,GCA_900445565,
158883,KGMB02408,"DSM 107828, KCTC 15687, JCM 34008",1,Bacteroides faecalis,2447885.3,anaerobe
,,,,,2916288202,
,,,,,GCA_003865075,
22936,ST37,"DSM 26883, CCUG 60873, JCM 17102, KCTC 15666",1,Bacteroides faecichinchillae,1236513.3,anaerobe
,,,,,2585427860,
,,,,,2695420934,
,,,,,871325.5,
,,,,,GCA_000614145,
,,,,,GCA_900129065,
1631,MAJ27,"CCUG 60914, DSM 24798, JCM 16478, KCTC 5823",1,Bacteroides faecis,1077285.3,anaerobe
,,,,,1077285.5,
,,,,,2548876788,
,,,,,2693429916,
,,,,,GCA_000226135,
,,,,,GCA_900106755,
1610,199,"DSM 17565, JCM 13345, CCUG 53890",1,Bacteroides finegoldii,2562617142,anaerobe
,,,,,483215.6,
,,,,,GCA_000156195,
1629,,"CCUG 60912, DSM 22534, JCM 16101, YIT 12057, KCTC 15129",1,Bacteroides fluxus,651324011,anaerobe
,,,,,763034.3,
,,,,,GCA_000195635,
1585,"EN-2, Onslow","DSM 2151, ATCC 25285, JCM 11019, NCTC 9343, CCUG 4856, CCM 4712, VPI 2553, CIP 77.16, KCTC 3688, KCTC 5013, LMG 10263, LMG 11261, NCDO 2217",1,Bacteroides fragilis,272559.17,anaerobe
,,,,,272559.41,
,,,,,272559.47,
,,,,,2916283602,
,,,,,637000024,
,,,,,817.168,
,,,,,817.1884,
,,,,,817.1893,
,,,,,817.1923,
,,,,,817.196,
134478,HSP 40,"CIP 104785, ATCC 51477, JCM 11017",0,Bacteroides fragilis,1235816.3,anaerobe
,,,,,2585427861,
,,,,,GCA_000613425,
1590,N6,"DSM 3978, ATCC 43244, CCUG 54927",1,Bacteroides galacturonicus,2757320519,anaerobe
,,,,,384639.4,
1616,C35,"DSM 18171, JCM 13658, CCUG 55423",1,Bacteroides gallinarum,1121096.3,anaerobe
,,,,,1236491.3,
,,,,,2519899680,
,,,,,2585427862,
,,,,,GCA_000374365,
,,,,,GCA_000613665,
1624,XDT-1,"CCUG 60910, DSM 19988, JCM 15093, KCTC 15146",1,Bacteroides graminisolvens,1121097.3,anaerobe
,,,,,1236499.3,
,,,,,2524614553,
,,,,,2585427863,
,,,,,GCA_000428125,
,,,,,GCA_000613825,
1591,P 36-108,"DSM 20613, ATCC 35417, CCUG 15421, JCM 6297",1,Bacteroides helcogenes,649633012,anaerobe
,,,,,693979.3,
,,,,,GCA_000186225,
1609,341,"CCUG 53889, DSM 17393, JCM 13265",1,Bacteroides intestinalis,471870.8,anaerobe
,,,,,642791621,
,,,,,GCA_000172175,
158670,YS-aM39,"KCTC 15520, JCM 31393",1,Bacteroides koreensis,1912896.5,anaerobe
,,,,,GCA_007341375,
158671,R2F3-3-3,"KCTC 15460, JCM 31391",1,Bacteroides kribbi,1912894.3,anaerobe
,,,,,GCA_007341395,
23776,UasXn-3,"DSM 26991, JCM 19020",1,Bacteroides luti,1297750.4,anaerobe
,,,,,2695420932,
,,,,,GCA_900128905,
139989,,"DSM 18764, ATCC BAA-998, CCUG 48943, JCM 12987, WAL 11050",1,Bacteroides nordii,1235818.3,anaerobe
,,,,,2585427864,
,,,,,291645.8,
,,,,,291645.81,
,,,,,291645.82,
,,,,,291645.83,
,,,,,GCA_000613465,
1630,,"DSM 22535, JCM 16102, CCUG 60913, YIT 12058, KCTC 15130",1,Bacteroides oleiciplenus,2534681837,anaerobe
,,,,,742727.4,
,,,,,GCA_000315485,
1592,LRA 044 07 88,"DSM 1896, ATCC 8483, NCTC 11153, CCUG 4943, CIP 103756, JCM 5824, KCTC 5011, BCRC 10623",1,Bacteroides ovatus,2684623200,anaerobe
,,,,,2693429857,
,,,,,28116.125,
,,,,,28116.16,
,,,,,28116.1884,
,,,,,28116.197,
,,,,,28116.7,
,,,,,411476.11,
,,,,,641380449,
,,,,,GCA_000154125,
1621,SV434,"DSM 19291, JCM 14649, CCUG 60909",1,Bacteroides propionicifaciens,1121099.3,anaerobe
,,,,,1236495.3,
,,,,,2517093002,
,,,,,2585427866,
,,,,,GCA_000375405,
,,,,,GCA_000613745,
1594,P39-88,"DSM 20611, ATCC 35418, CCUG 15419, JCM 6294",1,Bacteroides pyogenes,1121100.7,anaerobe
,,,,,1235810.3,
,,,,,2524614554,
,,,,,2574180081,
,,,,,GCA_000428105,
,,,,,GCA_000511755,
1593,160,"DSM 19673, ATCC 43331, CCUG 25929, JCM 10003, NCTC 11853, VPB 160",0,Bacteroides pyogenes,1235813.3,anaerobe
,,,,,2600255083,
,,,,,2814123406,
,,,,,2829847570,
,,,,,310300.28,
,,,,,310300.9,
,,,,,GCA_000511775,
,,,,,GCA_014196225,
,,,,,GCA_900445575,
1595,P 38024,"CCUG 15420, CCM 3725, DSM 20612, ATCC 35419, JCM 6292",0,Bacteroides pyogenes,1235809.3,anaerobe
,,,,,2576861690,
,,,,,GCA_000511735,
133840,Rs-03,"JCM 10512, CCUG 62153, DSM 105720",1,Bacteroides reticulotermitis,1133319.4,anaerobe
,,,,,1445607.3,
,,,,,2609459943,
,,,,,2830041218,
,,,,,GCA_000517545,
,,,,,GCA_014196955,
22935,ST28,"DSM 26882, CCUG 59334, JCM 16469, JCM 16496",1,Bacteroides rodentium,1236512.3,anaerobe
,,,,,2565956595,
,,,,,GCA_000614125,
1619,,"DSM 18765, ATCC BAA-997, CCUG 48945, JCM 12988, WAL 10018",1,Bacteroides salyersiae,1121101.3,anaerobe
,,,,,1121101.41,
,,,,,1121101.7,
,,,,,2531839250,
,,,,,2585427949,
,,,,,2916278816,
,,,,,GCA_000381365,
,,,,,GCA_000613685,
,,,,,GCA_900624765,
155796,,"CCUG 59335, JCM 16497",0,Phocaeicola sartorii,1236538.3,anaerobe
,,,,,2565956596,
,,,,,GCA_000615645,
131249,ST161,"DSM 26884, CCUG 60872, JCM 17103",1,Bacteroides stercorirosoris,1236514.3,anaerobe
,,,,,2585427867,
,,,,,2700988705,
,,,,,871324.4,
,,,,,GCA_000614165,
,,,,,GCA_900142015,
1618,B5-21,"DSM 19555, ATCC 43183, CIP 104203, JCM 9496, CCUG 38733, VPI B5-21, NCTC 13053",1,Bacteroides stercoris,2693429855,anaerobe
,,,,,2916293514,
,,,,,449673.49,
,,,,,449673.5,
,,,,,449673.7,
,,,,,449673.71,
,,,,,46506.1562,
,,,,,641736196,
,,,,,GCA_000154525,
,,,,,GCA_025147325,
1599,"E50 (VPI 5482), VPI-5482","DSM 2079, ATCC 29148, NCTC 10582, CCUG 10774, CIP 104206, VPI 5482, JCM 5827, CGMCC 1.5132",1,Bacteroides thetaiotaomicron,226186.12,anaerobe
,,,,,226186.66,
,,,,,226186.7,
,,,,,637000026,
,,,,,818.1357,
,,,,,818.1393,
,,,,,818.19,
,,,,,GCA_000011065,
,,,,,GCA_002959695,
,,,,,GCA_014131755,
1600,,"DSM 2255, ATCC 29741, WAL 2926, CIP 104207, CCUG 34778, NCTC 13706",0,Bacteroides thetaiotaomicron,818.1394,anaerobe
,,,,,818.972,
,,,,,GCA_004349615,
130975,AP1,"DSM 26083, CSUR P194",1,Bacteroides timonensis,2600255085,anaerobe
,,,,,GCA_000513195,
1604,,"CCUG 4942, JCM 5828, CIP 103695, KCTC 5204, DSM 6597, ATCC 8492, VPI 0061, CGMCC 1.5133, NCTC 13054",1,Bacteroides uniformis,2693429911,anaerobe
,,,,,2904834026,
,,,,,2916274279,
,,,,,411479.1,
,,,,,411479.31,
,,,,,411479.32,
,,,,,641380447,
,,,,,820.37,
,,,,,820.508,
,,,,,820.5953,
1626,XB1A,"DSM 18836, CCUG 53782, JCM 15633",1,Bacteroides xylanisolvens,650377911,anaerobe
,,,,,657309.4,
,,,,,GCA_000210075,
159486,RF-744-FAT-WT-3,"DSM 106896, JCM 34418",1,Baileyella intestinalis,2606709.3,anaerobe
,,,,,GCA_009695865,
,,,,,VUNB00000000,
17640,17S,"DSM 16304, ATCC BAA-736, JCM 11970",1,Balnearium lithotrophicum,223788.3,anaerobe
,,,,,2724679708,
,,,,,GCA_900182585,
133009,KHALHBd91,"DSM 28579, JCM 19909",1,Balneicella halophila,1537566.3,anaerobe
,,,,,2756170310,
,,,,,GCA_003096835,
12519,,"DSM 21032, JCM 15079, YIT 11860",1,Barnesiella intestinihominis,2529292932,anaerobe
,,,,,742726.3,
,,,,,GCA_000296465,
12518,C46,"CCUG 55593, DSM 18177, JCM 13660",1,Barnesiella viscericola,2509276067,anaerobe
,,,,,880074.29,
,,,,,GCA_000512915,
5363,,"DSM 19936, CCUG 55508, WCC 4188",1,Bavariicoccus seileri,1121105.4,anaerobe
,,,,,2523533538,
,,,,,GCA_000421665,
505,GOMI-1,"DSM 17877, JCM 13669",1,Bellilinea caldifistulae,360411.1,anaerobe
,,,,,360411.11,
,,,,,GCA_001050215,
,,,,,GCA_001306055,
1749,LISLUCIII-P2,"DSM 22766, CCM 7728, JCM 18048, KCTC 15183",1,Bifidobacterium actinocoloniiforme,1437605.3,anaerobe
,,,,,1437605.6,
,,,,,1437605.7,
,,,,,2600254971,
,,,,,2645727657,
,,,,,GCA_000741095,
,,,,,GCA_000771585,
,,,,,GCA_001263395,
1682,"E194a (Variant a), E194a","DSM 20083, ATCC 15703, CCUG 18363, NCTC 11814, JCM 1275, BCRC 14606, CCM 4987, CCUG 17359, CCUG 45213, CECT 5781, CGMCC 1.2190, CIP 64.59, KCTC 3216, LMG 10502, VTT E-981074, NCDO 2204",1,Bifidobacterium adolescentis,1680.108,anaerobe
,,,,,367928.6,
,,,,,639633010,
,,,,,GCA_000010425,
,,,,,GCA_028743295,
,,,,,GCA_900445615,
1683,E 298 b (Variant c),"DSM 20086, ATCC 15705, CCUG 24603, JCM 7046, BCRC 14608, CIP 64.60, LMG 10733",0,Bifidobacterium adolescentis,1680.44,anaerobe
,,,,,GCA_002108135,
1684,RU 424 (Mannitol fermenter),"DSM 20087, JCM 1251, KCTC 3459, LMG 11579",0,Bifidobacterium adolescentis,1410644.3,anaerobe
,,,,,1680.45,
,,,,,2561511099,
,,,,,GCA_000702865,
,,,,,GCA_002108155,
1748,Eg1,"DSM 24849, JCM 15918, KCTC 5756, BCRC 80257",0,Bifidobacterium adolescentis,1437612.3,anaerobe
,,,,,2597490242,
,,,,,2671180988,
,,,,,592977.3,
,,,,,GCA_000741415,
,,,,,GCA_000771705,
138910,,"CIP 64.58, ATCC 15704, NCDO 2229, CCUG 45214, JCM 7042, BCRC 14607, CCUG 24604, LMG 10734",0,Bifidobacterium adolescentis,1680.38,anaerobe
,,,,,GCA_002107995,
23790,,"DSM 26737, JCM 18761, KCTC 15610, MRM 3/1",1,Bifidobacterium aesculapii,1329411.4,anaerobe
,,,,,2706794564,
,,,,,GCA_001417815,
1685,B677,"DSM 20098, ATCC 27535, JCM 7096, BCRC 14665, CCUG 24039, CGMCC 1.2265, CIP 104167, JCM 1221, KCTC 3236, LMG 11039, NCFB 2236",1,Bifidobacterium angulatum,1683.3,anaerobe
,,,,,2562617143,
,,,,,2600254972,
,,,,,2700989373,
,,,,,518635.16,
,,,,,518635.17,
,,,,,518635.7,
,,,,,GCA_000156635,
,,,,,GCA_000741065,
,,,,,GCA_000771205,
1687,P23,"DSM 20105, ATCC 27536, JCM 1253, KCTC 3126, LMG 18905",0,Bifidobacterium animalis,1365953.3,anaerobe
,,,,,2651869807,
,,,,,GCA_001263975,
131034,"S-cc-6089-ARE-19, SJ-19, SJ19",DSM 28736,0,Bifidobacterium animalis,GCA_024623015,anaerobe
1736,R101-8,"DSM 20104, ATCC 25527, CIP 105419, JCM 1190, BCRC 14668, CCUG 24606, CGMCC 1.2268, KCTC 3125, LMG 10508, NCFB 2242, VTT E-96663, ISL 120",1,Bifidobacterium animalis subsp. animalis,2513237236,anaerobe
,,,,,2597490250,
,,,,,302912.4,
,,,,,703613.4,
,,,,,GCA_000260715,
,,,,,GCA_000741485,
1733,UR1,"CCUG 37979, DSM 10140, CIP 105265, JCM 10602, BCRC 17394, CGMCC 1.2226, LMG 18314, NRRL B-41405, VTT E-97847, WDCM 00223",1,Bifidobacterium animalis subsp. lactis,555970.3,anaerobe
,,,,,644736330,
,,,,,GCA_000022965,
157229,,"CCUG 70960, LMG 30189, JCM 32705",1,Bifidobacterium anseris,GCA_002860345,anaerobe
140310,RP115,"DSM 100238, CCM 8605, LMG 28779",1,Bifidobacterium apri,1769423.3,anaerobe
,,,,,GCA_009299485,
140884,R 54638,"LMG 28769, CCUG 67145",1,Bifidobacterium aquikefiri,1653207.3,anaerobe
,,,,,2791355241,
,,,,,GCA_002259795,
1688,C51,"DSM 20089, ATCC 25910, JCM 8230, CCUG 24607, BCRC 14659, CGMCC 1.2266, KCTC 3271, LMG 10735",1,Bifidobacterium asteroides,1437594.3,anaerobe
,,,,,1437594.4,
,,,,,1684.12,
,,,,,2513237174,
,,,,,2671180601,
,,,,,GCA_000771125,
,,,,,GCA_002715865,
1756,AFB23-4,"DSM 23969, JCM 17299, KCTC 15319",1,Bifidobacterium biavatii,1437608.3,anaerobe
,,,,,1437608.4,
,,,,,2597490240,
,,,,,2657245625,
,,,,,GCA_000741165,
,,,,,GCA_000771645,
1693,"Ti, Tissier","DSM 20456, ATCC 29521, JCM 1255, BCRC 11845, BCRC 14615, CCUG 18364, CCUG 45217, CECT 870, CGMCC 1.2212, CIP 56.7, HAMBI 1380, IFO 14252, KCTC 3202, KCTC 3281, LMG 11041, LMG 8810, NBRC 100015, NBRC 14252, NCAIM B.02021, NCFB 2715, NCIMB 702715, NCTC 13001, VTT E-97795, NCDO 2715",1,Bifidobacterium bifidum,1681.149,anaerobe
,,,,,1681.23,
,,,,,2541047090,
,,,,,2597490229,
,,,,,2700989374,
,,,,,2848061456,
,,,,,500634.12,
,,,,,500634.3,
,,,,,500634.4,
,,,,,500634.6,
1691,"E319f (Variant a), 319f","DSM 20082, JCM 1254, BCRC 11844, CIP 64.64, KCTC 3440, CCUG 45218",0,Bifidobacterium bifidum,2675903332,anaerobe
,,,,,398514.4,
,,,,,GCA_001311705,
,,,,,GCA_024341745,
137143,S28a,"CIP 64.65, ATCC 15696, NCDO 2203, CCUG 45219, JCM 7004, BCRC 14614, CCUG 17358, KCTC 3418, LMG 10644",0,Bifidobacterium bifidum,1207542.9,anaerobe
,,,,,2859461767,
,,,,,GCA_003573955,
1750,JEMLUCVIII-4,"DSM 22767, CCM 7729, JCM 18049, KCTC 15184",1,Bifidobacterium bohemicum,1437606.3,anaerobe
,,,,,1437606.5,
,,,,,2597490239,
,,,,,2657244953,
,,,,,GCA_000741525,
,,,,,GCA_000771605,
1739,BluCI/TP,"DSM 19703, ATCC BAA-1567, KCTC 15159",1,Bifidobacterium bombi,1341695.3,anaerobe
,,,,,1341695.4,
,,,,,2600255079,
,,,,,2663763384,
,,,,,GCA_000737845,
,,,,,GCA_000771085,
1694,RU917,"DSM 20432, ATCC 27917, JCM 1211, BCRC 14677, CCUG 24608, CGMCC 1.2272, KCTC 3227, LMG 10736",1,Bifidobacterium boum,1410645.3,anaerobe
,,,,,1410645.4,
,,,,,2558860116,
,,,,,2600254979,
,,,,,2681813198,
,,,,,78343.3,
,,,,,GCA_000687615,
,,,,,GCA_000741535,
,,,,,GCA_000771385,
1695,S1,"DSM 20213, ATCC 15700, NCTC 11815, JCM 1192, BCRC 11846, CCUG 18365, CCUG 30511, CECT 4839, CGMCC 1.2213, CIP 64.69, KCTC 3220, LMG 10501, LMG 11042, NCFB 2257, NCDO 2257, WDCM 00224",1,Bifidobacterium breve,1685.2,anaerobe
,,,,,2667527587,
,,,,,2728369679,
,,,,,2859463870,
,,,,,518634.19,
,,,,,518634.2,
,,,,,518634.21,
,,,,,518634.7,
,,,,,643886102,
,,,,,AP012324,
1696,"S50 (Variant a), S50","DSM 20091, ATCC 15698, JCM 1273, CCUG 24611, CIP 64.66, KCTC 3461, LMG 10737, NCFB 2258, NCDO 2258, CCUG 45220",0,Bifidobacterium breve,1385941.3,anaerobe
,,,,,1685.7,
,,,,,2565956583,
,,,,,GCA_000569035,
141735,,"CCUG 5862, NCTC 10471",0,Bifidobacterium breve,1681.109,anaerobe
,,,,,GCA_900445665,
1754,AFB22-5,"DSM 23973, JCM 17296, KCTC 15334",1,Bifidobacterium callitrichos,1437609.3,anaerobe
,,,,,1437609.4,
,,,,,2597490241,
,,,,,2700989375,
,,,,,GCA_000741175,
,,,,,GCA_000771665,
1697,B669,"DSM 16992, ATCC 27539, CECT 7362, CIP 104175, DSM 20103, CCUG 18366, JCM 1194, BCRC 14667, CCM 4989, CGMCC 1.2197, HAMBI 560, KCTC 3221, LMG 11043, NCAIM B.02017, NCFB 2246, NCIMB 702246, VTT E-011764",1,Bifidobacterium catenulatum subsp. catenulatum,2597490243,anaerobe
,,,,,2660237904,
,,,,,566552.16,
,,,,,566552.17,
,,,,,566552.18,
,,,,,566552.4,
,,,,,642979312,
,,,,,GCA_000173455,
,,,,,GCA_000741565,
,,,,,GCA_000771025,
1751,HM2-2,"DSM 21854, JCM 15439, KCTC 15185",1,Bifidobacterium catenulatum subsp. kashiwanohense,1150460.12,anaerobe
,,,,,1150460.13,
,,,,,1150460.3,
,,,,,1150460.6,
,,,,,1150460.7,
,,,,,1682.71,
,,,,,2597490256,
,,,,,2675903275,
,,,,,GCA_000741605,
,,,,,GCA_000771545,
1699,SU806,"DSM 20434, ATCC 27686, CCUG 24609, JCM 1212, CGMCC 1.2276, CIP 103378, KCTC 3275, LMG 10510",1,Bifidobacterium choerinum,1121107.3,anaerobe
,,,,,1121107.4,
,,,,,2529292584,
,,,,,2597490261,
,,,,,2660238656,
,,,,,35760.3,
,,,,,GCA_000484675,
,,,,,GCA_000741135,
,,,,,GCA_000771425,
131372,H23-83,"DSM 28792, LMG 28292",1,Bifidobacterium commune,1505727.12,anaerobe
,,,,,2824199081,
,,,,,GCA_014191315,
157231,,"LMG 30188, CCUG 70962, JCM 32704",1,Bifidobacterium criceti,GCA_002286935,anaerobe
1701,"RA93, RA 93","DSM 20435, ATCC 27916, CCUG 24610, JCM 1213, BCRC 14672, CGMCC 1.2239, CIP 103379, KCTC 3276, LMG 10738",1,Bifidobacterium cuniculi,1437601.3,anaerobe
,,,,,1688.3,
,,,,,2597490228,
,,,,,2671180748,
,,,,,GCA_000741575,
,,,,,GCA_000771465,
1704,B764,"DSM 20436, ATCC 27534, BCRC 14662, CCUG 17378, CCUG 18367, CECT 687, CGMCC 1.2188, CIP 104176, KCTC 3222, LMG 10506, NCFB 2243, NCTC 11816",1,Bifidobacterium dentium,1689.18,anaerobe
,,,,,2634166294,
,,,,,2816332288,
,,,,,GCA_000771725,
,,,,,GCA_001042595,
,,,,,GCA_900105745,
,,,,,GCA_900637175,
1732,P6,"DSM 20093, ATCC 49850, JCM 8224, CCUG 34979, CGMCC 1.2274, CIP 103417, KCTC 3277, LMG 11596",1,Bifidobacterium gallicum,2562617144,anaerobe
,,,,,2597490252,
,,,,,2671180475,
,,,,,561180.13,
,,,,,561180.15,
,,,,,561180.4,
,,,,,GCA_000173375,
,,,,,GCA_000741205,
,,,,,GCA_000771165,
1705,Ch 206-5,"DSM 20670, ATCC 33777, CCUG 34990, JCM 6291, BCRC 14679, CGMCC 1.2283, KCTC 3235, LMG 11586",1,Bifidobacterium gallinarum subsp. gallinarum,1437602.3,anaerobe
,,,,,2597490217,
,,,,,2690316009,
,,,,,78344.3,
,,,,,GCA_000741215,
,,,,,GCA_000771505,
1729,RA161,"DSM 6531, ATCC 49392, JCM 8223, CCUG 34977, CGMCC 1.2278, KCTC 3427, LMG 14934",1,Bifidobacterium gallinarum subsp. saeculare,1437611.3,anaerobe
,,,,,1437611.4,
,,,,,2600254983,
,,,,,2660238131,
,,,,,GCA_000741375,
,,,,,GCA_000770965,
1706,RU224,"DSM 20092, ATCC 25865, JCM 5820, BCRC 14663, CCUG 34978, CCUG 39904, CGMCC 1.2203, KCTC 3234, LMG 10509, LMG 11569, NCFB 2245",1,Bifidobacterium globosum,1410605.3,anaerobe
,,,,,1410605.4,
,,,,,1410605.6,
,,,,,1690.4,
,,,,,2558860115,
,,,,,2597490251,
,,,,,2690316232,
,,,,,2823497638,
,,,,,GCA_000687595,
,,,,,GCA_000741295,
157230,,"LMG 30297, CCUG 70961, JCM 32708",1,Bifidobacterium imperatoris,2020965.6,anaerobe
,,,,,GCA_002860405,
,,,,,GCA_017357045,
1707,C 410,"DSM 20214, ATCC 25912, CCUG 34985, JCM 1302, BCRC 14674, CGMCC 1.2275, KCTC 3230, LMG 11587",1,Bifidobacterium indicum,1341694.3,anaerobe
,,,,,1341694.4,
,,,,,2660238275,
,,,,,2802429577,
,,,,,GCA_000706765,
,,,,,GCA_000771325,
1700,C-215,"CCUG 34986, LMG 18911, DSM 20216, ATCC 25911, JCM 5819, BCRC 14675, CGMCC 1.2279, KCTC 3233, LMG 11584",0,Bifidobacterium indicum,1437599.3,anaerobe
,,,,,1687.3,
,,,,,2597490194,
,,,,,2693429521,
,,,,,GCA_000737865,
,,,,,GCA_000771345,
157232,,"CCUG 70963, LMG 30187, JCM 32703",1,Bifidobacterium italicum,GCA_002286915,anaerobe
130215,,"DSM 28807, JCM 30168, LMC 13, KCTC 15888",1,Bifidobacterium lemurum,1603886.1,anaerobe
,,,,,1603886.3,
,,,,,1603886.6,
,,,,,2791355242,
,,,,,2791355249,
,,,,,GCA_001895165,
,,,,,GCA_002259665,
,,,,,GCA_014898175,
1743,S12,"DSM 20088, ATCC 15697, NCTC 11817, JCM 1222, BCRC 14602, BCRC 15416, CCM 4990, CCUG 18368, CECT 4551, CGMCC 1.1853, CGMCC 1.2202, CIP 64.67, KCTC 3249, KCTC 3270, LMG 8811, NCFB 2205, NCDO 2205",1,Bifidobacterium longum subsp. infantis,1682.48,anaerobe
,,,,,2657245662,
,,,,,391904.2,
,,,,,391904.5,
,,,,,391904.8,
,,,,,643348516,
,,,,,651053007,
,,,,,GCA_000020425,
,,,,,GCA_000269965,
,,,,,GCA_000771105,
154129,,CCUG 52486,0,Bifidobacterium longum subsp. infantis,537937.5,anaerobe
,,,,,643886216,
,,,,,GCA_000155415,
1709,"E194b (Variant a), E194b","DSM 20219, ATCC 15707, NCTC 11818, CCUG 28903, LMG 13197, JCM 1217, LMG 10497, BCRC 11847, CECT 4503, CIP 64.62, KCTC 3128, KCTC 3215, NCFB 2259, VTT E-96664, NCDO 2259, WDCM 00225",1,Bifidobacterium longum subsp. longum,1679.291,anaerobe
,,,,,1679.6,
,,,,,216816.128,
,,,,,216816.359,
,,,,,2600254982,
,,,,,2634166334,
,,,,,565042.3,
,,,,,649633019,
,,,,,GCA_000196555,
,,,,,GCA_000741245,
131387,Su 851,"DSM 28597, JCM 19995, KCTC 15605",1,Bifidobacterium longum subsp. suillum,1931217.6,anaerobe
,,,,,1931217.7,
,,,,,1931217.8,
,,,,,216816.236,
,,,,,GCA_015931225,
,,,,,GCA_017132755,
,,,,,GCA_019297795,
1746,"SU859, SU 859","DSM 20211, ATCC 27533, JCM 1269, CCUG 35234, BCRC 14671, CGMCC 1.2184, CIP 103377, HAMBI 1381, KCTC 3229, LMG 11598, LMG 21814, NRRL B-41407, VTT E-021921",1,Bifidobacterium longum subsp. suis,1437597.3,anaerobe
,,,,,1695.3,
,,,,,216816.127,
,,,,,2600254974,
,,,,,2636416037,
,,,,,2690315693,
,,,,,GCA_000741625,
,,,,,GCA_000771285,
,,,,,GCA_900103055,
1711,RA3,"DSM 20222, ATCC 27540, CCUG 34987, JCM 1218, BCRC 14676, CGMCC 1.2189, HAMBI 569, KCTC 3228, LMG 11591",1,Bifidobacterium magnum,1121108.3,anaerobe
,,,,,1121108.4,
,,,,,1692.3,
,,,,,2524023203,
,,,,,2597490218,
,,,,,2695420660,
,,,,,GCA_000420565,
,,,,,GCA_000741255,
,,,,,GCA_000771365,
157228,,"LMG 30296, CCUG 70959, JCM 32707",1,Bifidobacterium margollesii,GCA_002860355,anaerobe
1726,Ru915B,"DSM 6492, ATCC 49391, CCUG 34976, JCM 8219, CGMCC 1.2273, KCTC 3369, KCTC 3423, LMG 11341",1,Bifidobacterium merycicum,1410646.3,anaerobe
,,,,,1410646.5,
,,,,,2563366502,
,,,,,2600254980,
,,,,,2660238375,
,,,,,78345.3,
,,,,,GCA_000741615,
,,,,,GCA_000770945,
,,,,,GCA_900129045,
1712,F392,"CCUG 34982, DSM 20102, ATCC 27538, JCM 5821, BCRC 14666, CGMCC 1.2233, KCTC 3273, LMG 11592",1,Bifidobacterium minimum,1121109.3,anaerobe
,,,,,1121109.4,
,,,,,1693.3,
,,,,,2524023146,
,,,,,2597490263,
,,,,,2690316073,
,,,,,GCA_000421685,
,,,,,GCA_000741645,
,,,,,GCA_000771245,
1747,,"DSM 21395, JCM 15461, YIT 10443, KCTC 5848",1,Bifidobacterium mongoliense,1437603.3,anaerobe
,,,,,1437603.4,
,,,,,2597489915,
,,,,,2695420510,
,,,,,GCA_000741285,
,,,,,GCA_000771525,
132345,MRM_5.9,"DSM 100196, JCM 30796, MRM 5.9, KCTC 15589",1,Bifidobacterium myosotis,1630166.3,anaerobe
,,,,,2791355235,
,,,,,GCA_002259745,
157233,,"CCUG 70964, LMG 30295, JCM 32706",1,Bifidobacterium parmae,GCA_002860365,anaerobe
1737,P3-14,"DSM 17755, AS 1.3009, LMG 21689, JCM 16945, CGMCC 1.3009",1,Bifidobacterium porcinum,1435463.3,anaerobe
,,,,,212365.3,
,,,,,2600254978,
,,,,,2663763372,
,,,,,GCA_000741445,
,,,,,GCA_000771045,
1713,B1279,"DSM 20438, ATCC 27919, CCUG 34989, JCM 1200, BCRC 15476, CCM 7094, CECT 5776, CGMCC 1.2277, CIP 104168, HAMBI 562, KCTC 3223, LMG 10505, NCAIM B.02022, VTT E-991439",1,Bifidobacterium pseudocatenulatum,2562617145,anaerobe
,,,,,2597490216,
,,,,,2695420736,
,,,,,547043.16,
,,,,,547043.19,
,,,,,547043.2,
,,,,,547043.6,
,,,,,GCA_000173435,
,,,,,GCA_000741685,
,,,,,GCA_000771445,
1717,"PNC-2-9G (Biotype a), PNC-2-9G","DSM 20099, ATCC 25526, CCUG 34981, CCM 7207, JCM 1205, BCRC 14673, CGMCC 1.2185, CIP 105352, KCTC 3224, LMG 11571, NCFB 2244",1,Bifidobacterium pseudolongum,1437595.3,anaerobe
,,,,,2597490262,
,,,,,2663763404,
,,,,,31954.3,
,,,,,GCA_000741325,
,,,,,GCA_000771225,
,,,,,GCA_022691205,
1738,T16,"DSM 22366, LMG 21775, NCIMB 13940, JCM 15958",1,Bifidobacterium psychraerophilum,1435464.3,anaerobe
,,,,,1435464.5,
,,,,,218140.3,
,,,,,2597490219,
,,,,,2627853606,
,,,,,GCA_000741705,
,,,,,GCA_000771565,
,,,,,GCA_002813205,
1718,1145,"CCUG 35235, CIP 107006, DSM 20433, ATCC 27685, JCM 1214, BCRC 14678, CGMCC 1.2240, KCTC 3274, LMG 11572, LMG 21816, NCFB 2260, CUETM 89/17",1,Bifidobacterium pullorum subsp. pullorum,1437600.3,anaerobe
,,,,,2600254973,
,,,,,2660238454,
,,,,,78448.1,
,,,,,78448.3,
,,,,,GCA_000741335,
,,,,,GCA_000771405,
,,,,,GCA_014634885,
1753,AFB22-1,"DSM 23975, JCM 17295, KCTC 15318",1,Bifidobacterium reuteri,1437610.3,anaerobe
,,,,,1437610.4,
,,,,,2600254975,
,,,,,2675903550,
,,,,,GCA_000741695,
,,,,,GCA_000771685,
1723,Ru687,"DSM 6489, ATCC 49390, CCUG 34975, JCM 8222, CGMCC 1.2241, KCTC 3425, LMG 12588, LMG 21811",1,Bifidobacterium ruminantium,1410647.3,anaerobe
,,,,,1410647.4,
,,,,,2558860117,
,,,,,2597490258,
,,,,,2657244954,
,,,,,78346.3,
,,,,,GCA_000687635,
,,,,,GCA_000741365,
,,,,,GCA_000770925,
1752,AFB23-1,"DSM 23967, JCM 17297, KCTC 15335",1,Bifidobacterium saguini,1437607.3,anaerobe
,,,,,1437607.4,
,,,,,2597490226,
,,,,,2663763274,
,,,,,762210.5,
,,,,,GCA_000741715,
,,,,,GCA_000771625,
1734,,"DSM 13734, CCUG 13008 A, ATCC BAA-773, JCM 12489, CCM 7209, KCTC 5849",1,Bifidobacterium scardovii,1150461.3,anaerobe
,,,,,1150461.4,
,,,,,1150461.5,
,,,,,2651869654,
,,,,,2700989372,
,,,,,GCA_000741405,
,,,,,GCA_000770985,
,,,,,GCA_001005065,
,,,,,GCA_001042635,
1755,AFB23-3,"DSM 23968, JCM 17298, KCTC 15336",1,Bifidobacterium stellenboschense,2597489947,anaerobe
,,,,,762211.3,
,,,,,GCA_000741785,
1719,F395,"DSM 20096, ATCC 27537, CCUG 34980",1,Bifidobacterium subtile,1121110.3,anaerobe
,,,,,1121110.4,
,,,,,2524614804,
,,,,,2663763018,
,,,,,GCA_000426405,
,,,,,GCA_000771185,
1735,36,"DSM 15837, CGMCC AS 1.2282, JCM 11165, CGMCC 1.2282, KCTC 5850, LMG 21395, NBRC 106100, VTT E-052869",1,Bifidobacterium thermacidophilum,1121111.3,anaerobe
,,,,,1121111.4,
,,,,,2524614678,
,,,,,2600254984,
,,,,,2675903354,
,,,,,79262.3,
,,,,,GCA_000426425,
,,,,,GCA_000741455,
,,,,,GCA_000771005,
1721,P2-91,"DSM 20210, ATCC 25525, CIP 105420, CCUG 34983, JCM 1207, BCRC 14669, CGMCC 1.2235, HAMBI 111, KCTC 3225, LMG 11573, LMG 21813, NCFB 2253, NCIMB 702253, ISL 118",1,Bifidobacterium thermophilum,1437596.3,anaerobe
,,,,,2600254976,
,,,,,2671180426,
,,,,,33905.21,
,,,,,GCA_000741495,
,,,,,GCA_000771265,
1720,C3/12,DSM 20209,0,Bifidobacterium thermophilum,GCA_028539275,anaerobe
1722,RU 326,"DSM 20212, ATCC 25866, JCM 1268, KCTC 3471",0,Bifidobacterium thermophilum,1410648.3,anaerobe
,,,,,2558860129,
,,,,,GCA_000687575,
132348,MRM_5.18,"DSM 100201, JCM 30798, MRM 5.18, KCTC 15590",1,Bifidobacterium tissieri,1630162.3,anaerobe
,,,,,2791355236,
,,,,,GCA_002259645,
1740,OMB 115,"DSM 17777, JCM 13495",1,Bifidobacterium tsurumiense,1121112.3,anaerobe
,,,,,1121112.4,
,,,,,2524023141,
,,,,,2597490257,
,,,,,2663763500,
,,,,,356829.3,
,,,,,GCA_000429745,
,,,,,GCA_000741765,
,,,,,GCA_000771065,
146880,,"CCUG 32349, ATCC 49260",1,Bilophila wadsworthia,1408428.3,anaerobe
,,,,,2561511128,
,,,,,GCA_000701705,
164467,SK-G1,"JCM 33158, CCAM 530, KCTC 15783",1,Biomaibacter acetigenes,GCA_003691585,anaerobe
6158,P1,DSM 729,1,Blastochloris sulfoviridis,50712.4,anaerobe
,,,,,GCA_008630065,
6160,"Drews F, F","DSM 133, ATCC 19567",1,Blastochloris viridis,1079.13,anaerobe
,,,,,1079.14,
,,,,,1079.15,
,,,,,2516653000,
,,,,,2671180457,
,,,,,2687453285,
,,,,,2811994989,
,,,,,GCA_001402875,
,,,,,GCA_001548155,
131530,"S-cc-6089-ARE-18, SJ-18, SJ18","DSM 29492, KCTC 15541, JCM 34498",1,Blautia caecimuris,2928543200,anaerobe
,,,,,GCA_024622975,
18067,CLC-1,"DSM 935, ATCC 29236, NCTC 11035, JCM 1395, BCRC 14467, CCM 6064",1,Blautia coccoides,1532.16,anaerobe
,,,,,1532.9,
,,,,,2799112274,
,,,,,2808606725,
,,,,,GCA_004340925,
,,,,,GCA_900461125,
130918,PG-424-CC-9,DSM 29138,0,Blautia coccoides,GCA_024623045,anaerobe
159580,KGMB01111,"DSM 107827, KCTC 15706, JCM 34499",1,Blautia faecicola,2885218630,anaerobe
,,,,,GCA_004123145,
24769,M25,"DSM 27629, JCM 17205, KCTC 5980",1,Blautia faecis,2901179768,anaerobe
,,,,,871665.33,
18071,,"DSM 20583, ATCC 27752, VPI C7-24, JCM 14655, CIP 104219",1,Blautia hansenii,2562617096,anaerobe
,,,,,2773857866,
,,,,,537007.17,
,,,,,537007.56,
,,,,,537007.6,
,,,,,GCA_000156675,
,,,,,GCA_002222595,
,,,,,GCA_025147655,
158642,KB1,"KCTC 15618, JCM 32276",1,Blautia hominis,GCA_002270465,anaerobe
18073,S5a33,"DSM 10507, JCM 14656",1,Blautia hydrogenotrophica,476272.21,anaerobe
,,,,,643886199,
,,,,,GCA_000157975,
18074,BInIX,"DSM 14534, CCUG 45635, JCM 17040, KCTC 5974, CIP 107222#, JCM 14658#, CIP 107222, KCTC 15704",1,Blautia luti,649762.4,anaerobe
,,,,,GCA_009707925,
17684,,"DSM 25238, ATCC 29174, KCTC 15206, VPI B3-21",1,Blautia obeum,411459.4,anaerobe
,,,,,411459.7,
,,,,,640963024,
,,,,,GCA_000153905,
,,,,,GCA_025147765,
18068,2396,"DSM 2950, ATCC 27340, CCUG 10976, CCUG 9990, JCM 1471, KCTC 15607, VPI 4299, NCTC 11829, KCTC 3242, KCTC 3695",1,Blautia producta,1121114.32,anaerobe
,,,,,1121114.4,
,,,,,1121114.7,
,,,,,2515154176,
,,,,,2524023161,
,,,,,33035.113,
,,,,,GCA_000373885,
,,,,,GCA_000439125,
,,,,,GCA_010669205,
,,,,,GCA_014131715,
18069,U-1,"DSM 3507, ATCC 35244",0,Blautia producta,2852254035,anaerobe
,,,,,33035.17,
,,,,,GCA_002915535,
130919,YL58,DSM 26115,1,Blautia pseudococcoides,2758568009,anaerobe
,,,,,GCA_001689125,
,,,,,GCA_002221555,
,,,,,GCA_016696745,
130917,"32_34, A-C6-2",DSM 28737,0,Blautia pseudococcoides,GCA_024623005,anaerobe
18072,B,"DSM 10518, JCM 14657, CCUG 53897, CIP 105464, KCTC 5953",1,Blautia schinkii,1410649.3,anaerobe
,,,,,2561511230,
,,,,,GCA_000702025,
,,,,,GCA_028539195,
18075,Walcc: 14507,"DSM 19850, ATCC BAA-1564, JCM 17041, KCTC 5965, WAL 14507",1,Blautia wexlerae,1121115.14,anaerobe
,,,,,1121115.4,
,,,,,2528768167,
,,,,,GCA_000484655,
,,,,,GCA_025148125,
130371,Bin4,"DSM 26316, CCUG 65819",0,Bombilactobacillus mellifer,2630968413,anaerobe
,,,,,GCA_000970795,
130372,Hon2N,"DSM 26255, CCUG 63289, JCM 30769",1,Bombilactobacillus mellis,GCA_000967245,anaerobe
1768,BLAPIII-AGV,"DSM 22924, ATCC BAA-1568",1,Bombiscardovia coagulans,2788500098,anaerobe
,,,,,686666.4,
,,,,,GCA_002259585,
382,Se-1111R,"DSM 12804, CCUG 43448, CIP 107267, ATCC BAA-461, CCM 7166",1,Bordetella petrii,340100.3,anaerobe
,,,,,641228479,
,,,,,GCA_000067205,
188,R2014,"DSM 19116, CCUG 46092, CIP 107668",1,Bowdeniella nasicola,208480.4,anaerobe
,,,,,2855319728,
,,,,,GCA_001907295,
3916,JB,"DSM 18832, CGMCC 1.6508, LMG 23926, JCM 15471",1,Brachybacterium zhongshanense,1305859.3,anaerobe
,,,,,2681813033,
,,,,,GCA_001314085,
152395,B78,"CCUG 46668, ATCC 27164, NCTC 13041, DSM 105803",1,Brachyspira hyodysenteriae,1266923.19,anaerobe
,,,,,1266923.3,
,,,,,1266923.7,
,,,,,2519899693,
,,,,,2711768145,
,,,,,GCA_000383255,
,,,,,GCA_001013005,
,,,,,GCA_001676785,
137701,PWS/A,"CIP 105833, ATCC 51140",1,Brachyspira intermedia,1045858.9,anaerobe
17852,56-150,"DSM 12563, ATCC 51284, CIP 105832",1,Brachyspira murdochii,526224.6,anaerobe
,,,,,646564514,
,,,,,GCA_000092845,
22967,BM,"DSM 24659, JCM 16868",1,Brassicibacter mesophilus,2861672352,anaerobe
2320,BIO-TAS2-2,"DSM 23858, CCUG 57609, KCTC 22631",1,Brevundimonas naejangsanensis,1121125.3,anaerobe
,,,,,2524614659,
,,,,,GCA_000421705,
3772,XM3,"DSM 6779, ATCC 51429, KCTC 15201",1,Breznakibacter xylanolyticus,2593339275,anaerobe
,,,,,990.3,
,,,,,GCA_003254275,
23331,Kam1851,"DSM 22653, VKM B-2685",1,Brockia lithotrophica,2757320359,anaerobe
,,,,,933949.26,
,,,,,GCA_003633725,
12669,BL-34,"DSM 19609, LMG 23248, NRRL B-41418, CCUG 55599, JCM 14918, NBRC 106143",1,Brooklawnia cerclae,2820979626,anaerobe
,,,,,349934.3,
,,,,,GCA_011758645,
160,,"DSM 20732, ATCC 35275, CIP 103149, CCUG 32937, CIP 103127, UCD 81-332-9, UCD 332-981",1,Buchananella hordeovulneris,2857276557,anaerobe
,,,,,52770.4,
,,,,,GCA_001907235,
5365,W1219,"DSM 13220, ATCC BAA-170, CIP 108362",1,Bulleidia extructa,647000218,anaerobe
,,,,,679192.3,
,,,,,GCA_000177375,
159029,NM-380-WT-3C1,"DSM 105750, JCM 34393",1,Bullifex porci,2606638.3,anaerobe
,,,,,GCA_009695635,
,,,,,VUNN00000000,
24842,Marburg,"DSM 3468, ATCC 33266",0,Butyribacterium methylotrophicum,1487.3,anaerobe
,,,,,2651869906,
,,,,,GCA_001753695,
2871,25-3,"DSM 23266, CCUG 55265, LMG 24109",1,Butyricicoccus pullicaecorum,1121128.3,anaerobe
,,,,,2585428076,
,,,,,GCA_900167005,
133154,180-3,"DSM 105721, CCUG 65562, JCM 18676",1,Butyricimonas faecihominis,1472416.6,anaerobe
,,,,,1472416.74,
,,,,,1472416.75,
,,,,,2830045573,
,,,,,GCA_008830385,
,,,,,GCA_014196975,
,,,,,GCA_014647335,
140074,214-4,"DSM 105722, CCUG 65563, JCM 18677",1,Butyricimonas paravirosa,1472417.6,anaerobe
,,,,,1472417.7,
,,,,,2830049664,
,,,,,GCA_011927845,
,,,,,GCA_014647355,
12522,MT01,"DSM 23225, CCUG 56610, JCM 15148, KCTC 15147",1,Butyricimonas synergistica,1121129.3,anaerobe
,,,,,2515154026,
,,,,,GCA_000379665,
12523,MT12,"DSM 23226, CCUG 56611, JCM 15149, KCTC 15148",1,Butyricimonas virosa,1121130.3,anaerobe
,,,,,2540341191,
,,,,,544645.229,
,,,,,GCA_000519105,
,,,,,GCA_025148635,
6341,T9-40A,"DSM 2876, ATCC 29175",1,Eshraghiella crossota,45851.818,anaerobe
,,,,,511680.4,
,,,,,645951834,
,,,,,GCA_000156015,
,,,,,GCA_025148445,
6342,D1,"DSM 3071, ATCC 19171, CCUG 35459, JCM 6563, NCIMB 702221",1,Butyrivibrio fibrisolvens,1121131.4,anaerobe
,,,,,2585428068,
,,,,,GCA_900129945,
6351,JK 615,"DSM 14810, ATCC BAA-456",1,Butyrivibrio hungatei,1121132.3,anaerobe
,,,,,2582580726,
,,,,,GCA_900143205,
6349,A38,"DSM 10294, ATCC 27208, NCFB 2222",0,Butyrivibrio sp.,GCA_028539135,anaerobe
133975,,"CCUG 63059, LMG 22934",1,Caballeronia humi,2724679456,anaerobe
,,,,,326474.3,
,,,,,GCA_001544475,
133976,,"CCUG 63060, LMG 22936",1,Caballeronia telluris,2724679458,anaerobe
,,,,,326475.3,
,,,,,GCA_001544495,
133974,,"CCUG 63062, LMG 22937",1,Caballeronia terrestris,1226301.3,anaerobe
,,,,,2724679465,
,,,,,GCA_001544515,
16794,7858,"DSM 13054, CNCM I-2383",1,Caldanaerobacter subterraneus,2802428857,anaerobe
,,,,,911092.6,
,,,,,GCA_004345675,
16796,MB4,"DSM 15242, CGMCC AS 1.2430, JCM 11007, CGMCC 1.2430, NBRC 100824",1,Caldanaerobacter subterraneus subsp. tengcongensis,GCA_000007085,anaerobe
,,,,,GCA_024807135,
16793,KB-1,"DSM 13777, KFCC 11116",1,Caldanaerobacter subterraneus subsp. yonseiensis,1388761.3,anaerobe
,,,,,GCA_000473865,
16851,JW/YJL-F3,"DSM 17918, ATCC BAA-1278",1,Caldanaerobius fijiensis,1121256.4,anaerobe
,,,,,2582581265,
,,,,,GCA_900129075,
24650,KMTHCJ,DSM 13641,1,Caldanaerobius polysaccharolyticus,2510065085,anaerobe
,,,,,935948.5,
,,,,,GCA_000427425,
16902,"JW-Sb4, JW/SA-NV4","DSM 18802, ATCC BAA-1454",1,Caldanaerovirga acetigignens,2599185231,anaerobe
,,,,,447595.3,
,,,,,GCA_900142995,
24651,KKC1,"DSM 26464, NBRC 109353",1,Calderihabitans maritimus,2788499958,anaerobe
,,,,,GCA_002207765,
18023,X6B,"DSM 7040, ATCC BAA-1149",1,Caldicellulosiruptor acetigenus,1121259.3,anaerobe
,,,,,2524614853,
,,,,,GCA_000421725,
18024,6A,DSM 9545,0,Caldicellulosiruptor acetigenus,2506485007,anaerobe
,,,,,GCA_000193435,
18026,I77R1B,"DSM 12137, ATCC 700853",0,Caldicellulosiruptor acetigenus,649633023,anaerobe
18022,Z-1320,"DSM 6725, ATCC BAA-1888, KCTC 15123, KCTC 4509, KCTC 4512",1,Caldicellulosiruptor bescii,521460.28,anaerobe
,,,,,521460.29,
,,,,,521460.8,
,,,,,643692002,
,,,,,GCA_000022325,
130816,CBS-Z,"DSM 26941, CGMCC 1.5180",1,Caldicellulosiruptor changbaiensis,1222016.3,anaerobe
,,,,,2814123041,
,,,,,GCA_003999255,
18028,108,"DSM 18901, VKM B-2411",1,Caldicellulosiruptor hydrothermalis,632292.3,anaerobe
,,,,,649633022,
,,,,,GCA_000166355,
18029,2002,"DSM 18902, VKM B-2412",1,Caldicellulosiruptor kronotskyensis,632348.3,anaerobe
,,,,,649633024,
,,,,,GCA_000166775,
18027,OL,"DSM 13100, ATCC 700167",1,Caldicellulosiruptor owensensis,632518.3,anaerobe
,,,,,649633025,
,,,,,GCA_000166335,
18025,Tp 8T.6.3.3.1.,"DSM 8903, ATCC 43494",1,Caldicellulosiruptor saccharolyticus,351627.8,anaerobe
,,,,,640427106,
,,,,,GCA_000016545,
18030,Wai35.B1,DSM 8977,0,Caldicellulosiruptor sp.,1387557.3,anaerobe
,,,,,2558860987,
18031,Rt8.B8,"DSM 8990, KCTC 25803",0,Caldicellulosiruptor sp.,1387555.3,anaerobe
,,,,,2558860144,
,,,,,GCA_026810225,
17804,TH7C1,"DSM 22661, JCM 16184",1,Caldicoprobacter algeriensis,GCA_023838525,anaerobe
1579,St. T,"DSM 20678, JCM 30420",1,Caldicoprobacter faecalis,2693429901,anaerobe
,,,,,937334.3,
,,,,,GCA_900115765,
23443,D2C22,"DSM 24605, JCM 17646",1,Caldicoprobacter guelmensis,1170224.4,anaerobe
,,,,,2901129015,
,,,,,GCA_016908415,
17803,JW/HY-331,"DSM 21659, ATCC BAA-1711",1,Caldicoprobacter faecalis,1304880.3,anaerobe
,,,,,2540341239,
17632,STL-6-01,"DSM 14535, JCM 11387, NBRC 104270",1,Caldilinea aerophila,2513020048,anaerobe
,,,,,2540341085,
,,,,,926550.5,
,,,,,GCA_000281175,
132490,TF1,"DSM 29380, NBRC 110713",1,Caldimicrobium thiodismutans,2751185666,anaerobe
,,,,,GCA_001548275,
130252,"L21-TYG-TH, L21-TH-D2","DSM 26826, JCM 18664",1,Caldisalinibacter kiritimatiensis,GCA_000387765,anaerobe
17798,AZM16c01,"DSM 21853, NBRC 104410",1,Caldisericum exile,2513237181,anaerobe
,,,,,511051.3,
,,,,,GCA_000284335,
2090,IC-154,"DSM 15908, ANMR 0165, JCM 11604, MCC-UPLB 1331",1,Caldisphaera lagunensis,1056495.6,anaerobe
,,,,,2510065009,
,,,,,GCA_000317795,
3846,Yu37-1,"DSM 19672, NBRC 101217",1,Calditerrivibrio nitroreducens,649633026,anaerobe
,,,,,768670.24,
,,,,,768670.3,
,,,,,GCA_000183405,
18090,LF13,"DSM 13497, VKM B-2286",1,Caldithrix abyssi,2561511127,anaerobe
,,,,,2643221409,
,,,,,2718218154,
,,,,,880073.11,
,,,,,880073.23,
,,,,,880073.4,
,,,,,GCA_000241815,
,,,,,GCA_001886815,
,,,,,GCA_945865405,
17023,"MCC-UPLP 1200, IC-167","DSM 13496, ANMR 0178, ATCC 700844, JCM 10307, MCC-UPLB 1200",1,Caldivirga maquilingensis,397948.1,anaerobe
,,,,,641228483,
,,,,,GCA_000018305,
2523,RC3,"DSM 22476, JCM 15081, KCTC 5601",1,Caloramator australicus,2524023184,anaerobe
,,,,,857293.11,
,,,,,GCA_000297115,
2518,Rt4-B1,"DSM 5463, ATCC 43204, KCTC 15126",1,Clostridium fervidum,2599185232,anaerobe
,,,,,29344.3,
,,,,,GCA_900108045,
2524,VF08,"DSM 25793, JCM 15828, KCTC 5735",1,Caloramator mitchellensis,2833544911,anaerobe
,,,,,GCA_001440545,
2519,U,DSM 10124,1,Caloramator proteoclasticus,1121262.4,anaerobe
,,,,,2582581267,
,,,,,GCA_900129265,
22962,,"DSM 22093, CMPUJ U833, USBA A",1,Caloramator quimbayensis,2671180028,anaerobe
2526,MV1087,"DSM 13643, CNCM I-2543",1,Caloranaerobacter azorensis,1121264.4,anaerobe
,,,,,2585428077,
,,,,,GCA_900129995,
131350,"DY22619, MCCC1A06455","DSM 27799, JCM 19467, MCCC 1A06455",1,Caloranaerobacter ferrireducens,2791354916,anaerobe
,,,,,GCA_001730685,
10428,TB-2,"DSM 16658, JCM 12641",1,Caminibacter mediatlanticus,391592.5,anaerobe
,,,,,640963039,
,,,,,GCA_000170735,
,,,,,GCA_005843985,
130468,"EPR-TB6, TB-6","DSM 27783, JCM 19563",1,Caminibacter pacificus,1424653.31,anaerobe
,,,,,2788499860,
,,,,,GCA_003752135,
2527,AM 1114,"DSM 14501, CIP 107141",1,Caminicella sporogenes,1121266.3,anaerobe
,,,,,166485.4,
,,,,,2585428193,
,,,,,2831514688,
,,,,,GCA_003609595,
,,,,,GCA_900142285,
2139,L266,"DSM 22948, CCUG 54429, LMG 24001, LMG 54429, KCTC 15211",1,Campylobacter canadensis,449520.3,anaerobe
,,,,,GCA_013177655,
2119,,"DSM 9716, ATCC 33237, CCUG 13144, DSM 5360, FDC 484, LMG 7788, NCTC 11485, LMG 6441, CIP 103757",1,Campylobacter concisus,199.248,anaerobe
,,,,,2684623198,
,,,,,GCA_001298465,
140073,,"DSM 105763, CCUG 64942, LMG 27932, CIT 045",0,Campylobacter corcagiensis,1448857.8,anaerobe
,,,,,GCA_013201645,
2128,,"CCUG 13146, NCTC 11649, LMG 7609, DSM 6644, ATCC 35224, DSM 7255, VPI 9584, CIP 103747",1,Campylobacter curvus,1121268.3,anaerobe
,,,,,200.17,
,,,,,200.22,
,,,,,200.23,
,,,,,200.7,
,,,,,2517572248,
,,,,,GCA_000376325,
,,,,,GCA_012978875,
,,,,,GCA_013372125,
140238,RC20,"DSM 102159, LMG 29375",1,Campylobacter geochelonis,1780362.3,anaerobe
,,,,,2740892344,
,,,,,GCA_013201685,
,,,,,GCA_900063025,
2133,,"DSM 19528, ATCC 33236, JCM 8538, CCUG 27720, NCTC 12738, FDC 1084, KCTC 15224",1,Campylobacter gracilis,2645727670,anaerobe
,,,,,2808606742,
,,,,,553220.3,
,,,,,645951857,
,,,,,824.193,
,,,,,824.194,
,,,,,824.36,
,,,,,824.5,
,,,,,GCA_001190745,
,,,,,GCA_900446335,
2138,CH001A,"DSM 21671, CCUG 45161, CIP 107682, LMG 19568, NCTC 13146",1,Campylobacter hominis,2808606638,anaerobe
,,,,,76517.4,
,,,,,76517.51,
,,,,,76517.52,
,,,,,76517.53,
,,,,,76517.54,
,,,,,GCA_900446395,
2137,80-4577-4,"DSM 19053, ATCC 35217, CCUG 14169, CIP 103750, LMG 7817, NCTC 11608, LMG 6445, CIP 103746",1,Campylobacter hyointestinalis subsp. hyointestinalis,198.16,anaerobe
,,,,,198.4,
,,,,,2687453784,
,,,,,2811995282,
,,,,,2821825124,
,,,,,91352.23,
,,,,,91352.4,
,,,,,GCA_000705275,
,,,,,GCA_013372145,
,,,,,GCA_900116585,
2135,"FS253/72, 253/72","DSM 21682, ATCC 43264, CCUG 6822, CIP 103750, NCTC 11000, LMG 6448, LMG 6449",1,Campylobacter mucosalis,202.14,anaerobe
,,,,,202.15,
,,,,,202.4,
,,,,,2609460082,
,,,,,GCA_000705255,
,,,,,GCA_012978755,
,,,,,GCA_013372205,
2127,,"DSM 3260, ATCC 33238, CCUG 20446 B, NCTC 11489, FDC 371, JCM 6301, CCUG 20446, CIP 103748, LMG 7613",1,Campylobacter rectus,203.1,anaerobe
,,,,,203.118,
,,,,,203.119,
,,,,,553218.4,
,,,,,643886009,
,,,,,GCA_000174175,
,,,,,GCA_004803795,
2136,SU A4,"DSM 19458, ATCC 51146, CCUG 30254, JCM 12989, CIP 103970, KCTC 15202, LMG 12635",1,Campylobacter showae,204.182,anaerobe
,,,,,553219.3,
,,,,,GCA_000175655,
,,,,,GCA_004803815,
2130,S-17,"LMG 7795, LMG 6450, KCTC 15215, DSM 10535, ATCC 35980, CCUG 9728, CIP 103749, NCTC 11528, KCTC 2682, VPI S-17",1,Campylobacter sputorum subsp. sputorum,32024.6,anaerobe
,,,,,32024.7,
,,,,,GCA_008245005,
,,,,,GCA_008802035,
2102,EDMH-1,"DSM 20703, ATCC 33387, CCUG 7319, LMG 6451, NCTC 10941",1,Campylobacter ureolyticus,1121102.3,anaerobe
,,,,,2517572240,
,,,,,2823244376,
,,,,,827.1,
,,,,,827.23,
,,,,,827.97,
,,,,,GCA_000374605,
,,,,,GCA_013372225,
,,,,,GCA_900460885,
143334,,CCUG 18470,0,Campylobacter ureolyticus,GCA_024723555,anaerobe
5487,"27, 927-3","DSM 3290, ATCC 33624, CCUG 9715, NCTC 12372, LMG 11514, CIP 102945, JCM 12953, CCM 3710",1,Capnocytophaga gingivalis,553178.3,anaerobe
,,,,,643886113,
,,,,,GCA_000174755,
5492,B0611,"DSM 11449, ATCC 51502, JCM 8566, CCUG 32991, CIP 104128, LMG 16022, NCTC 12948, KCTC 5785",1,Capnocytophaga granulosa,2541046980,anaerobe
,,,,,2693429885,
,,,,,2808606723,
,,,,,45242.154,
,,,,,45242.4,
,,,,,641143.3,
,,,,,GCA_000411115,
,,,,,GCA_900106575,
,,,,,GCA_900446675,
5495,,"DSM 22902, CCUG 51857, NCTC 13375, AHN 8855",1,Capnocytophaga leadbetteri,2734482253,anaerobe
,,,,,327575.4,
,,,,,GCA_003054025,
5488,SS31,"CCUG 9716, NCTC 12371, CIP 103448, DSM 7271, ATCC 27872, JCM 12966, VPI 2845, KCTC 5787",1,Capnocytophaga ochracea,1018.112,anaerobe
,,,,,1018.113,
,,,,,1018.114,
,,,,,1018.116,
,,,,,521097.5,
,,,,,644736338,
,,,,,GCA_000023285,
5489,25,"DSM 7272, ATCC 33596, CCUG 15407, LMG 11546",0,Capnocytophaga ochracea,1018.115,anaerobe
,,,,,1018.117,
5490,4,"CCUG 9714, NCTC 11653, LMG 11518, CIP 104301, DSM 7273, ATCC 33612, CIP 110086, DSM 3292, JCM 12967, VPI 12913",1,Capnocytophaga sputigena,1019.49,anaerobe
,,,,,2814123397,
,,,,,553177.6,
,,,,,642979305,
,,,,,GCA_000173675,
,,,,,GCA_900446695,
16791,JM,"DSM 12653, ATCC BAA-271",1,Carboxydibrachium pacificum,391606.3,anaerobe
,,,,,647533123,
,,,,,GCA_000156275,
17980,Kar,"DSM 16521, VKM B-2358",1,Carboxydocella sporoproducens,1121270.4,anaerobe
,,,,,2568526009,
,,,,,GCA_900167165,
16807,JW/AS-Y7,"DSM 11255, VKM B-2392",1,Carboxydothermus ferrireducens,1119529.5,anaerobe
,,,,,1119529.9,
,,,,,2510065088,
,,,,,2844895905,
,,,,,GCA_000427565,
,,,,,GCA_013409775,
16806,Z-2901,"DSM 6008, ATCC BAA-161",1,Carboxydothermus hydrogenoformans,246194.6,anaerobe
,,,,,637000060,
,,,,,GCA_000012865,
16810,Ug1,"DSM 23698, NBRC 107576",1,Carboxydothermus pertinax,2832181228,anaerobe
,,,,,GCA_001950255,
2270,"FTR 1, FTR1","DSM 17715, ATCC BAA-754, CIP 108033, JCM 12174",1,Carnobacterium pleistocenium,GCA_000744285,anaerobe
139755,CG19-1,"DSM 106146, CCUG 71490, JCM 33534",1,Catenibacillus scindens,2861335840,anaerobe
,,,,,673271.3,
,,,,,GCA_014202115,
5366,RCA14-39,"DSM 15897, CIP 106738, JCM 10609",1,Catenibacterium mitsuokai,100886.347,anaerobe
,,,,,451640.67,
,,,,,643886110,
,,,,,GCA_000173795,
,,,,,GCA_025148785,
132488,,"DSM 101949, CCUG 39713",1,Caviibacter abscessus,1766719.4,anaerobe
,,,,,2788499922,
,,,,,GCA_001517835,
23239,L-6,"DSM 27375, CCUG 60799, KCTC 23497",1,Celeribacter baekdonensis,2616644820,anaerobe
,,,,,875171.3,
,,,,,GCA_900102315,
2359,PSU-16S,"DSM 14368, ATCC 25174, CCUG 35596, NRRL B-3752, JCM 11945, CIP 104614, NCIMB 10802, PCM 2416",1,Cellulomonas humilata,144055.3,anaerobe
,,,,,GCA_013359775,
6375,RHM5,"DSM 5427, ATCC 49066, KCTC 15127, NCIMB 11756, NCIB 11756",1,Cellulosilyticum lentocellum,642492.3,anaerobe
,,,,,650716026,
,,,,,GCA_000178835,
133558,H1,"CGMCC 1.5065, JCM 14822, DSM 23859",1,Cellulosilyticum ruminicola,1294025.4,anaerobe
,,,,,2667527401,
,,,,,GCA_001311925,
130906,CD1-BL204R1,DSM 29131,0,Cellulosimicrobium cellulans,GCA_024622945,anaerobe
17118,LL 2383,"DSM 2778, ATCC 35019, CIP 105322, CCUG 44586",1,Centipeda periodontii,651324021,anaerobe
,,,,,888060.3,
,,,,,GCA_000213975,
13656,JA139,"DSM 18774, CCUG 53722, JCM 14338, BCRC 80280, KCTC 5728",1,Cereibacter changlensis,1188249.3,anaerobe
,,,,,2593339283,
,,,,,402884.4,
,,,,,GCA_003034985,
,,,,,GCA_003254335,
13812,,"DSM 158, ATCC 17023, IAM 14237, NCIB 8253, CCUG 31486, ATCC 11167, LMG 2827, ATCC 14690, CIP 60.6, ATH 2.4.1, JCM 6121, BCRC 16407, CECT 300, CGMCC 1.1737, CGMCC 1.3368, IFO 12203, KCTC 1434, NBRC 12203, NCIMB 8253, NCIMB 8287",1,Cereibacter sphaeroides,1063.83,anaerobe
,,,,,1063.96,
,,,,,651717148,
,,,,,GCA_007991035,
,,,,,GCA_009797605,
130839,ACht1,"DSM 24538, UNIQEM U887",1,Chitinivibrio alkaliphilus,2565956826,anaerobe
,,,,,GCA_000474745,
2396,4930,DSM 1677,1,Chlorobaculum limnaeum,2501846309,anaerobe
,,,,,274537.5,
,,,,,GCA_001747405,
2397,,DSM 263,1,Chlorobaculum parvum,642555120,anaerobe
2395,TLS,"DSM 12025, ATCC 49652",1,Chlorobaculum tepidum,637000073,anaerobe
,,,,,GCA_000006985,
2398,6230,"DSM 249, VKM B-3634, NBRC 106566",1,Chlorobaculum thiosulfatiphilum,1092.5,anaerobe
,,,,,115852.5,
,,,,,GCA_006265165,
2403,6330,"DSM 245, NBRC 103803",1,Chlorobium limicola,290315.5,anaerobe
,,,,,642555121,
,,,,,GCA_000020465,
2406,"2530, my 2610","DSM 273, CIP 108454",1,Chlorobium luteolum,319225.5,anaerobe
,,,,,637000205,
,,,,,GCA_000012485,
2409,1930,DSM 265,0,Chlorobium phaeovibrioides,290318.6,anaerobe
,,,,,640427130,
2421,MD-66,"DSM 9485, JCM 39377",1,Chloroflexus aggregans,326427.4,anaerobe
,,,,,643348527,
,,,,,GCA_000021945,
2417,J-10-fl,"DSM 635, ATCC 29366",1,Chloroflexus aurantiacus,324602.8,anaerobe
,,,,,641228485,
,,,,,GCA_000018865,
2419,Y-400-fl,"DSM 637, ATCC 29364",0,Chloroflexus aurantiacus,480224.3,anaerobe
,,,,,643692015,
133098,isl-2,"DSM 29225, JCM 30533, VKM B-2978",1,Chloroflexus islandicus,2775507287,anaerobe
,,,,,GCA_001650695,
24768,"HKU 16, HKU16","DSM 18959, CCUG 54229, JCM 17853, KCTC 15500",1,Christensenella hongkongensis,270498.28,anaerobe
,,,,,2795385462,
,,,,,GCA_000981035,
,,,,,GCA_004342745,
24747,,"DSM 22607, JCM 16072, YIT 12065, KCTC 15498",1,Christensenella minuta,2728369339,anaerobe
,,,,,2832262383,
,,,,,2836893620,
,,,,,626937.26,
,,,,,626937.29,
,,,,,626937.3,
,,,,,626937.8,
,,,,,GCA_001571425,
,,,,,GCA_001652705,
,,,,,GCA_001678855,
2495,BAL-1,"DSM 11915, ATCC 700172",1,Chrysiogenes arsenatis,118005.9,anaerobe
,,,,,2579778963,
,,,,,GCA_000469585,
17783,158,"DSM 19522, JCM 14828",1,Cloacibacillus evryensis,2510065052,anaerobe
,,,,,866499.3,
,,,,,GCA_000585335,
23440,CL-84,"DSM 25858, CCUG 62631, KCTC 15364",1,Cloacibacillus porcorum,1197717.12,anaerobe
,,,,,2718217834,
,,,,,GCA_001701045,
2869,37HS60,"DSM 22131, CCUG 53849, JCM 14354",1,Clostridiisalibacter paucivorans,1121289.3,anaerobe
,,,,,2556921093,
,,,,,GCA_000620125,
2582,"1780, McClung 1780, 90556-M6S, 10008","DSM 1296, ATCC 9689, NCIB 10666, NCTC 11209, CCUG 4938, USDA 90556-M6S, JCM 1296, BCRC 10642, CECT 531, CIP 104282, LMG 15861, LMG 21717, NCIMB 10666",1,Clostridioides difficile,1121308.3,anaerobe
,,,,,1121308.5,
,,,,,1121308.8,
,,,,,1121308.9,
,,,,,1496.16102,
,,,,,1496.16124,
,,,,,1496.6388,
,,,,,2515154168,
,,,,,2526164710,
,,,,,2703719004,
22963,R20291,"DSM 27147, NCTC 13366",0,Clostridioides difficile,1496.3367,anaerobe
,,,,,645463.57,
,,,,,646311915,
,,,,,GCA_000027105,
,,,,,GCA_015732555,
,,,,,GCA_027625435,
23853,630,"DSM 27543, ATCC BAA-1382, NCTC 13307",0,Clostridioides difficile,1496.877,anaerobe
,,,,,2588253713,
,,,,,2634166508,
,,,,,2663762959,
,,,,,272563.12,
,,,,,272563.206,
,,,,,640069308,
,,,,,GCA_000009205,
,,,,,GCA_000932055,
23854,1470,"DSM 27544, ATCC 43598, NCTC 13569, CCUG 37782",0,Clostridioides difficile,1496.4858,anaerobe
,,,,,GCA_008868185,
,,,,,GCA_900243225,
23855,630 Delta erm,DSM 28645,0,Clostridioides difficile,1496.2021,anaerobe
,,,,,1496.2352,
134676,CD196,CIP 107932,0,Clostridioides difficile,2541047488,anaerobe
,,,,,499176.4,
,,,,,642791606,
,,,,,646311914,
,,,,,GCA_000085225,
,,,,,GCA_000155045,
,,,,,GCA_000449605,
,,,,,GCA_021378415,
137139,,"CIP 109240, ATCC 43255, CCUG 19126, VPI 10463",0,Clostridioides difficile,1496.1555,anaerobe
,,,,,2512047057,
,,,,,499175.4,
,,,,,GCA_000155025,
,,,,,GCA_001995155,
,,,,,GCA_015238635,
149461,,"CCUG 37785, ATCC 43601",0,Clostridioides difficile,1496.6057,anaerobe
,,,,,GCA_019067085,
2618,A33N,"DSM 1289, ATCC 25761, JCM 1428, NCIMB 10639, VPI 4622, BCRC 14479",1,Metaclostridioides mangenotii,1540.3,anaerobe
,,,,,2913326743,
,,,,,GCA_017873185,
130923,G10-CCK1R4-PYG-100,DSM 29133,0,Metaclostridioides mangenotii,GCA_024622925,anaerobe
2528,,"DSM 1496, ATCC 35044, JCM 15732, BCRC 14468, KCTC 3248, KCTC 5002, LMG 7577",1,Clostridium aceticum,2609459698,anaerobe
,,,,,2630968326,
,,,,,84022.13,
,,,,,84022.5,
,,,,,84022.6,
,,,,,GCA_000949285,
,,,,,GCA_001042715,
2786,30A,DSM 10703,1,Clostridium acetireducens,1121290.3,anaerobe
,,,,,2687453717,
,,,,,GCA_001758365,
2529,"2291, W","DSM 792, ATCC 824, VKM B-1787, CCUG 42182 C, LMG 5710, CECT 508, IFO 13948, JCM 1419, BCRC 10639, CCUG 42182, IAM 19013, KCTC 1790, NBRC 13948, NCIMB 8052, NRRL B-527",1,Clostridium acetobutylicum,272562.61,anaerobe
,,,,,272562.8,
,,,,,290402.41,
,,,,,637000076,
,,,,,640753016,
,,,,,GCA_000008765,
,,,,,GCA_000016965,
2530,"2289, McClung, T, 2289, McClung","DSM 1731, ATCC 4259, NCIMB 619, JCM 7829, IAM 19012, NCTC 619",0,Clostridium acetobutylicum,650716024,anaerobe
,,,,,991791.11,
,,,,,991791.12,
,,,,,991791.3,
,,,,,GCA_000218855,
2531,Weizman,"DSM 1732, NCIMB 2951",0,Clostridium acetobutylicum,1488.2,anaerobe
,,,,,2703719304,
,,,,,GCA_002006425,
2800,CK-74,"DSM 12555, ATCC BAA-167",1,Clostridium acidisoli,1121291.3,anaerobe
,,,,,2585428079,
,,,,,GCA_900176305,
2833,JW/4JL B3,"DSM 17425, ATCC BAA-1220",1,Clostridium aciditolerans,339861.3,anaerobe
,,,,,GCA_016316925,
2846,HY-45-18,"DSM 19521, IMSNU 40129, JCM 13194, KCTC 5147",1,Clostridium aestuarii,GCA_026735135,anaerobe
2799,CK-58,"DSM 12554, ATCC BAA-166",1,Clostridium akagii,1121293.3,anaerobe
,,,,,2563366732,
,,,,,GCA_000686725,
2813,Dainty C,"DSM 15099, NCFB 2931, NCIMB 702931",1,Clostridium algidicarnis,1121295.3,anaerobe
,,,,,2695420939,
,,,,,GCA_002934235,
130248,MB9-7,"DSM 28783, CGMCC 1.5188, KCTC 15507",1,Clostridium algifaecis,1472040.4,anaerobe
,,,,,2913517078,
,,,,,GCA_017874415,
2828,14D1,"DSM 16153, VKM B-2271",1,Clostridium algoriphilum,GCA_020443705,anaerobe
2787,F,"DSM 10710, ATCC 49906, VPI 14602",1,Clostridium aminophilum,1121296.3,anaerobe
,,,,,2565956525,
,,,,,GCA_000711825,
2850,SW408,"DSM 21864, AS 1.5069, CGMCC 1.5069, JCM 14823, KCTC 15216",1,Clostridium amylolyticum,1121298.3,anaerobe
,,,,,2703719061,
,,,,,GCA_900142075,
2857,SL206,"DSM 23575, JCM 14858, KCTC 5449",1,Clostridium arbusti,2551306534,anaerobe
,,,,,545243.4,
,,,,,GCA_000246895,
2781,JA1-1,DSM 10061,0,Clostridium autoethanogenum,1341692.1,anaerobe
,,,,,1341692.11,
,,,,,1341692.4,
,,,,,2554235205,
,,,,,2554235459,
,,,,,2814123208,
,,,,,84023.6,
,,,,,GCA_000427255,
,,,,,GCA_000484505,
,,,,,GCA_001484725,
2545,G (KZ),"DSM 602, ATCC 27639, NCTC 10986, JCM 1382",0,Clostridium baratii,1561.57,anaerobe
,,,,,1561.58,
,,,,,1561.59,
,,,,,1561.6,
,,,,,GCA_900461085,
2548,"E. McCoy A-67, L.S. McClung 1671, 10026","DSM 791, ATCC 25752, NCIMB 9362, CCUG 56442, CIP 104308, NCTC 13035, LMG 5716, JCM 1390, VPI 5481, ATCC 17778, BCRC 14488, NBRC 109359, VTT E-91425",1,Clostridium beijerinckii,1520.3,anaerobe
,,,,,1520.326,
,,,,,1520.584,
,,,,,1520.98,
,,,,,2703719315,
,,,,,GCA_002006445,
,,,,,GCA_007992515,
,,,,,GCA_018223745,
,,,,,GCA_900447025,
2552,"34, Ng 34","DSM 53, ATCC 14949, NCIMB 9503, JCM 6287",0,Clostridium beijerinckii,GCA_002006205,anaerobe
2554,A-21,"DSM 6423, NRRL B-593",0,Clostridium beijerinckii,1520.273,anaerobe
,,,,,2703719306,
,,,,,GCA_900010805,
2819,"88-273, SH1","DSM 15410, ATCC BAA-557, DSM 5431, CIP 107836",0,Clostridium beijerinckii,1316937.3,anaerobe
,,,,,223919.1,
,,,,,223919.11,
,,,,,2554235113,
,,,,,GCA_000409695,
,,,,,GCA_008580445,
,,,,,GCA_008705175,
23860,M2/40,"DSM 25664, CECT 8097, KCTC 15508",1,Clostridium bornimense,2585427665,anaerobe
,,,,,GCA_000577895,
141867,,"CCUG 7970, NCTC 8264",0,Clostridium botulinum,84025.6,anaerobe
,,,,,GCA_017590155,
141868,,"CCUG 7971, NCTC 8265",0,Clostridium botulinum,1443116.3,anaerobe
,,,,,2630968502,
,,,,,2811414.3,
,,,,,GCA_000768655,
,,,,,GCA_017590215,
159739,BXX,"JCM 32382, CGMCC 1.5228",1,Clostridium bovifaecis,2896726320,anaerobe
,,,,,GCA_009738435,
2824,"A-1/C-an/C1, H11","DSM 14206, ATCC BAA-581",1,Clostridium bowmanii,132925.3,anaerobe
,,,,,GCA_018861315,
,,,,,GCA_020176155,
2563,Rowett,"DSM 10702, ATCC 19398, IAM 14194, IFO 13949, JCM 1391, NBRC 13949, NCIMB 7423, NCTC 7423, VPI 3266, BCRC 11665, CCUG 4217, CECT 361, CIP 103309, CIP 109397, HAMBI 482, KCTC 1786, KCTC 1871, LMG 1217, NCFB 1713, VTT E-97426",1,Clostridium butyricum,1316931.3,anaerobe
,,,,,1492.171,
,,,,,1492.174,
,,,,,1492.204,
,,,,,2554235109,
,,,,,GCA_000409755,
,,,,,GCA_006742065,
,,,,,GCA_007992895,
,,,,,GCA_014131795,
2817,P7,"DSM 15243, ATCC BAA-624, KCTC 15178",1,Clostridium carboxidivorans,2654588030,anaerobe
,,,,,536227.13,
,,,,,536227.16,
,,,,,536227.17,
,,,,,536227.3,
,,,,,645058736,
,,,,,647533125,
,,,,,GCA_000163855,
,,,,,GCA_000175595,
,,,,,GCA_001038625,
2565,10038,"DSM 1293, ATCC 25777, CDC KA 84, NCIB 10670, VPI 1635 B, JCM 1393, CDC KA84, CIP 104315, NCIMB 10670, NCTC 13036, VPI 1635B",1,Clostridium carnis,2928353371,anaerobe
2855,BL-28,"DSM 21758, KCTC 15122, NRRL B-51352",1,Clostridium cavendishii,1121302.3,anaerobe
,,,,,2585428089,
,,,,,GCA_900141845,
2566,"GD-1, 10039","DSM 1785, ATCC 27791, VPI 8759-1, JCM 1394, BCRC 14521, NCTC 10947, NCTC 12746, CIP 104316",1,Clostridium celatum,2524023202,anaerobe
,,,,,545697.3,
,,,,,GCA_000320405,
2568,743B,"DSM 3052, ATCC 35296, OCM 3",1,Clostridium cellulovorans,573061.4,anaerobe
,,,,,573061.5,
,,,,,648028016,
,,,,,648276630,
,,,,,GCA_000145275,
,,,,,GCA_000180115,
2769,"2585, 10123","DSM 7528, ATCC 10092, NCIMB 10665, CIP 104317",1,Clostridium chauvoei,2775507063,anaerobe
,,,,,46867.39,
,,,,,46867.4,
,,,,,46867.42,
,,,,,GCA_002327185,
2858,GCAF-1,"DSM 23318, KCTC 5935",1,Clostridium chromiireducens,225345.3,anaerobe
,,,,,2711768655,
,,,,,GCA_002029255,
2572,"1243, McClung, 1243, McClung, 10041","DSM 1285, ATCC 17787, JCM 1396, NCIMB 10633, CCUG 31665, BCRC 14471, CIP 104319, NCTC 13027",1,Clostridium cochlearium,1494.5,anaerobe
,,,,,2773857856,
,,,,,GCA_900187165,
,,,,,LT906477,
2573,998,"DSM 2153, ATCC 17794, NCIMB 10629, JCM 1384, BCRC 14549, NCTC 13028",0,Clostridium cochlearium,1494.16,anaerobe
,,,,,2808606730,
,,,,,GCA_900446995,
2574,446,"DSM 3588, ATCC 19407, NCTC 2909, CCUG 4221",0,Clostridium cochlearium,1494.15,anaerobe
,,,,,2811995238,
,,,,,GCA_900446985,
130920,G7K4R3-PYG-96,DSM 29358,0,Clostridium cochlearium,GCA_024622865,anaerobe
2820,3WC2,"DSM 13634, CCUG 44556, CIP 108095, JCM 12244",1,Clostridium colicanis,1121305.3,anaerobe
,,,,,2651869946,
,,,,,2724679202,
,,,,,GCA_001593985,
2754,72042,"DSM 6011, ATCC 27770, JCM 5831, CCUG 21927, CCM 3932",1,Clostridium colinum,GCA_940677205,anaerobe
2576,,"DSM 3089, ATCC 49001",1,Clostridium collagenovorans,1121306.4,anaerobe
,,,,,2585428078,
,,,,,GCA_900130005,
5421,A13D,"DSM 20696, ATCC 25545, JCM 9988, VPI 0136",1,Clostridium combesii,2916602691,anaerobe
,,,,,39481.3,
,,,,,GCA_002749945,
2577,HC-1,"DSM 605, ATCC 7905, IMG 1641",1,Clostridium cylindrosporum,1121307.3,anaerobe
,,,,,2630968942,
,,,,,GCA_001047375,
23858,FF1,"DSM 27086, CSUR P243",0,Faecalimicrobium dakarense,2619619272,anaerobe
2836,SL1,"DSM 12750, ATCC BAA-623",1,Clostridium drakei,2574180002,anaerobe
,,,,,GCA_000633595,
,,,,,GCA_003096175,
2776,MT1,"DSM 8809, ATCC 51377, NCIMB 12511, CIP 105093",1,Clostridium estertheticum subsp. estertheticum,1552.13,anaerobe
,,,,,1552.14,
,,,,,2721755605,
,,,,,GCA_001877035,
2807,NK1,"DSM 14864, ATCC 51254",1,Clostridium laramiense,205326.4,anaerobe
,,,,,2860493848,
,,,,,GCA_008933175,
2585,Tracol,"DSM 2631, ATCC 19400, NCTC 8380, VPI 5729, CCUG 4853, JCM 1398, BCRC 14512, NCIMB 10634",1,Clostridium fallax,1533.15,anaerobe
,,,,,1533.3,
,,,,,2695420941,
,,,,,2808606672,
,,,,,GCA_900129365,
,,,,,GCA_900461065,
2586,541,"DSM 794, ATCC 17788, NCIMB 10690, JCM 1399, BCRC 14489, KCTC 5072, NRRL B-41126",1,Clostridium felsineum,1121310.4,anaerobe
,,,,,2703719316,
,,,,,GCA_002006355,
2543,"2038, 10022","DSM 793, ATCC 17777, NCIMB 10659, CIP 104305",0,Clostridium felsineum,1551.15,anaerobe
,,,,,2687453701,
,,,,,GCA_002006235,
2655,Wis 42-A,"DSM 6424, NRRL B-575",0,Clostridium felsineum,2703719318,anaerobe
,,,,,84029.8,
,,,,,GCA_002006175,
2656,653,"DSM 7320, ATCC 17797",0,Clostridium felsineum,2687453704,anaerobe
,,,,,84029.9,
,,,,,GCA_002006215,
2788,Z-2189,"DSM 9179, CIP 105360",1,Clostridium fimetarium,2675903166,anaerobe
,,,,,99656.3,
,,,,,GCA_900111235,
2587,A1,"DSM 92, ATCC 27076",1,Clostridium formicaceticum,1497.3,anaerobe
,,,,,2639762535,
,,,,,2718217923,
,,,,,GCA_001854185,
2792,SPL77A,DSM 12271,1,Clostridium frigidicarnis,2634166358,anaerobe
,,,,,84698.3,
,,,,,GCA_900111985,
130245,14F,"DSM 17811, VKM B-2368",0,Clostridium frigoriphilum,2843317.3,anaerobe
,,,,,GCA_018861905,
2822,"D-1/D-an/II, H8","DSM 14204, ATCC BAA-579",1,Clostridium frigoris,205327.3,anaerobe
,,,,,GCA_018861865,
2842,HY-42-06,"DSM 18771, IMSNU 40127, JCM 13193, KCTC 5146",1,Clostridium ganghwense,GCA_026735165,anaerobe
2793,DB1A,DSM 12272,1,Clostridium gasigenes,2634166322,anaerobe
,,,,,94869.18,
,,,,,GCA_900104115,
2775,A-1,"DSM 8605, CIP 105529",1,Clostridium grantii,1121316.4,anaerobe
,,,,,2585428070,
,,,,,GCA_900129965,
2753,LuHBu1,"DSM 5847, ATCC 51426",1,Clostridium homopropionicum,1121318.3,anaerobe
,,,,,2622736521,
,,,,,2645727554,
,,,,,36844.3,
,,,,,GCA_001263795,
,,,,,GCA_900113195,
2856,BL-20,"DSM 21757, NRRL B-51348",1,Clostridium hydrogeniformans,1121319.3,anaerobe
,,,,,2563366730,
,,,,,GCA_000686705,
2811,"TN-271, TN271","CCUG 45367, CIP 106689, DSM 15053, JCM 10539",1,Clostridium hylemonae,553973.19,anaerobe
,,,,,553973.6,
,,,,,642979359,
,,,,,GCA_000156515,
,,,,,GCA_008281175,
131404,AP5,"DSM 26098, CSUR P198",0,Clostridium ihumii,2600255061,anaerobe
,,,,,GCA_000612845,
2603,B-3,"DSM 1286, ATCC 14501, NCIB 10674, JCM 1292, BCRC 14517, CCUG 24036, CCUG 35868, CCUG 36763, KCTC 5183, NCIMB 10674",1,Clostridium innocuum,1522.132,anaerobe
,,,,,1522.172,
,,,,,GCA_012317185,
,,,,,GCA_018458805,
130921,A-C3-1,DSM 29132,0,Clostridium innocuum,GCA_024622965,anaerobe
2755,Catt39,"DSM 6191, ATCC 49213, JCM 7506, VTT E-032440",1,Clostridium intestinale,1121320.3,anaerobe
,,,,,2585428084,
,,,,,GCA_900130055,
2812,"Wv6, Vv6","DSM 15098, NCFB 3071, NCIMB 703071, CIP 107118",1,Clostridium isatidis,182773.3,anaerobe
,,,,,2877451605,
,,,,,GCA_002285495,
131500,JCD,"DSM 27834, CSUR P693",1,Faecalispora jeddahensis,2619619242,anaerobe
,,,,,GCA_000577335,
2606,K1,"DSM 555, ATCC 12489, ATCC 8527, NCIMB 10680",1,Clostridium kluyveri,431943.2,anaerobe
,,,,,431943.8,
,,,,,583346.15,
,,,,,583346.6,
,,,,,640753020,
,,,,,GCA_000016505,
2823,"C/C-an/B1, H10","DSM 14205, ATCC BAA-580",1,Clostridium lacusfryxellense,205328.3,anaerobe
,,,,,GCA_018861735,
2612,,"DSM 753, ATCC 29065, VPI T7-24-1",1,Clostridium leptum,2835065648,anaerobe
,,,,,428125.17,
,,,,,428125.8,
,,,,,641380427,
,,,,,GCA_000154345,
,,,,,GCA_002556665,
2802,PETC,"DSM 13528, ATCC 55383",1,Clostridium ljungdahlii,1538.8,anaerobe
,,,,,2740892543,
,,,,,648028017,
,,,,,748727.19,
,,,,,GCA_000143685,
,,,,,GCA_001636855,
2831,R1,"DSM 17049, CCUG 50446",1,Clostridium lundense,1410653.3,anaerobe
,,,,,2558860132,
,,,,,GCA_000619945,
131553,FW431,"DSM 29923, CGMCC 1.5201, KCTC 15519",1,Clostridium luticellarii,1691940.4,anaerobe
,,,,,2791355328,
,,,,,GCA_002995845,
2615,WoBdP1,"DSM 2767, ATCC 49199, KCTC 15177",1,Clostridium magnum,1121326.3,anaerobe
,,,,,1121326.7,
,,,,,2585428069,
,,,,,2639762517,
,,,,,2744054832,
,,,,,GCA_001623875,
,,,,,GCA_900129955,
2743,R2,"DSM 5476, ATCC 43829",1,Clostridium methylpentosum,537013.3,anaerobe
,,,,,643886206,
,,,,,GCA_000158655,
5434,2055,"DSM 3984, ATCC 25546, CCUG 28088, JCM 9990, VPI 0142B",1,Clostridium moniliforme,2913335541,anaerobe
,,,,,39489.3,
,,,,,GCA_017873235,
130930,PG-426-IM-1,"DSM 100503, JCM 35244",0,Clostridium mucosae,GCA_024622765,anaerobe
2619,,"DSM 1787, ATCC 27757, JCM 31500, VPI C48-37, BCRC 14523, VTT E-021854",1,Clostridium nexile,500632.7,anaerobe
,,,,,642979369,
,,,,,GCA_000156035,
2746,,"DSM 5566, ATCC 27606, VPI 8099",0,Clostridium novyi,1443123.12,anaerobe
,,,,,1443123.13,
,,,,,1443123.3,
,,,,,2823502015,
,,,,,GCA_000724245,
130250,KC3,"DSM 28571, NBRC 110163",1,Clostridium oryzae,1450648.3,anaerobe
,,,,,2711768656,
,,,,,GCA_002029235,
2770,JW-YL-7,"DSM 7308, ATCC 51510, CIP 105527",1,Alkalithermobacter paradoxus,1121328.12,anaerobe
,,,,,1121328.3,
,,,,,2599185174,
,,,,,2690315891,
,,,,,GCA_001584565,
,,,,,GCA_900142555,
2624,,"DSM 2630, ATCC 25780, NCIB 10671, CCUG 32755, NCTC 11833, VPI 1584, JCM 1293, BCRC 14550, NCIMB 10671",1,Clostridium paraputrificum,29363.2,anaerobe
,,,,,GCA_900447045,
2783,"Cm19, Cm 19","DSM 10365, CIP 105172, JCM 11012",1,Clostridium pascui,2901044109,anaerobe
,,,,,46609.3,
,,,,,GCA_016908015,
2626,"McClung 2300, 5","DSM 525, ATCC 6013, IMG 1584b, NCIMB 9486, VKM B-1774, CCUG 31328, JCM 1408, BCRC 10942, CECT 377, KCTC 1674, LMG 3285, LMG 5709, NCFB 1845",1,Clostridium pasteurianum,1262449.1,anaerobe
,,,,,1262449.3,
,,,,,1262449.5,
,,,,,1262449.7,
,,,,,1262449.8,
,,,,,1501.9,
,,,,,2531839097,
,,,,,2600254951,
,,,,,2627853721,
,,,,,2627854235,
2631,S107,"DSM 756, ATCC 13124, ATCC 19408, NCIB 6125, NCTC 6125, NCTC 8237, WDCM 00007, CCUG 1795, CIP 103409, JCM 1290, BCRC 10913, CCM 4435, CECT 376, KCTC 3269, LMG 11264, NCIMB 6125",1,Clostridium perfringens,1502.1789,anaerobe
,,,,,195103.1,
,,,,,637000077,
,,,,,GCA_000013285,
2630,SM19b,DSM 628,0,Clostridium perfringens,1502.1787,anaerobe
2632,"McClung 1988, BP6K","CCUG 35750, CIP 104612, BCRC 10648, NCIMB 8875, CECT 4647, DSM 798, ATCC 10543, NCIB 8875, WDCM 00174",0,Clostridium perfringens,1502.1788,anaerobe
2636,C12,DSM 11780,0,Clostridium perfringens,GCA_016236135,anaerobe
2643,ES-MS 22,DSM 30770,0,Clostridium perfringens,1502.179,anaerobe
130924,MJJ0609-4-1,DSM 29991,0,Clostridium perfringens,1502.1786,anaerobe
,,,,,GCA_024622845,
130925,D10,"DSM 100947, NCTC 13170, WDCM 00201, CIP 111239, CCUG 67301",0,Clostridium perfringens,1502.467,anaerobe
,,,,,2875113875,
,,,,,GCA_900475545,
135929,167/51,"CIP 106515, ATCC 12919, NCTC 8678, CCUG 33957, LMG 12224",0,Clostridium perfringens,1502.1073,anaerobe
,,,,,GCA_901523095,
138119,,"CIP 104880, ATCC 12917, NCTC 8239, CCUG 18370",0,Clostridium perfringens,451757.16,anaerobe
,,,,,451757.17,
,,,,,451757.18,
,,,,,451757.19,
,,,,,451757.5,
,,,,,451757.9,
,,,,,641736152,
,,,,,GCA_000171215,
,,,,,GCA_900461415,
,,,,,GCA_902459515,
139291,,"CIP 106157, NCTC 8798, AIP 10201",0,Clostridium perfringens,1502.485,anaerobe
,,,,,GCA_900447105,
141460,,"CCUG 2037, NCTC 8346, CECT 821",0,Clostridium perfringens,GCA_029392955,anaerobe
141763,,"CCUG 6513, NCTC 11144",0,Clostridium perfringens,1502.487,anaerobe
,,,,,GCA_900447135,
2841,ISDg,"DSM 18823, ATCC 700394",1,Clostridium phytofermentans,357809.8,anaerobe
2499,PS-1,"DSM 5272, JCM 30710, VKM B-1724",1,Clostridium polyendosporum,69208.3,anaerobe
,,,,,GCA_018332455,
131494,MS1,"DSM 27072, CSUR P630",1,Clostridium polynesiense,2654587701,anaerobe
,,,,,GCA_000820705,
2645,B,"DSM 1801, ATCC 33142",1,Clostridium polysaccharolyticum,2606217760,anaerobe
,,,,,29364.8,
,,,,,GCA_900111595,
2825,"A-1/C-an/I, H12","DSM 14207, ATCC BAA-582",1,Clostridium psychrophilum,132926.3,anaerobe
,,,,,GCA_018861705,
131554,BLPYG-8,"DSM 28650, CCUG 64195, MCC 2737, MCM B-514",1,Clostridium punense,1054297.3,anaerobe
,,,,,2913512619,
,,,,,GCA_017874425,
2649,BL 70/20,"DSM 2619, ATCC 43978, NCIMB 11596",1,Clostridium puniceum,29367.3,anaerobe
,,,,,GCA_002006345,
2652,,"DSM 1291, ATCC 25786, NCTC 9836, CCUG 30534, VPI 5395, JCM 1431, BCRC 14480, NCIMB 11406",1,Clostridium putrefaciens,2808606539,anaerobe
,,,,,99675.3,
,,,,,GCA_900461105,
2713,"2318, Prévot, 2318, Prévot, Prévot 2318","DSM 1734, ATCC 25784, NCIB 10677, Prevot 2318, VPI 4440-1, CCUG 15942, JCM 1410, BCRC 14514, CIP 60.54, NCIMB 10677, NCTC 13037, VPI 4440",1,Clostridium putrificum,1491.1062,anaerobe
,,,,,1509.218,
,,,,,1509.227,
,,,,,1509.235,
2818,P11,DSM 15248,0,Clostridium ragsdalei,1353534.3,anaerobe
,,,,,2503707003,
,,,,,2651869908,
,,,,,GCA_001675165,
2805,BAS/B3/CSC,"DSM 13864, ATCC BAA-117, NCP 262",1,Clostridium saccharobutylicum,1345695.1,anaerobe
,,,,,1345695.3,
,,,,,2534682367,
,,,,,2916594526,
,,,,,GCA_000473995,
,,,,,GCA_001657435,
2659,N1-4(HMT),"DSM 14923, ATCC 27021, NCIMB 12606",1,Clostridium saccharoperbutylacetonicum,2551306649,anaerobe
,,,,,2608642274,
,,,,,931276.25,
,,,,,931276.4,
,,,,,931276.5,
,,,,,GCA_000334435,
,,,,,GCA_000340885,
2658,N1-504,"DSM 2152, ATCC 27022",0,Clostridium saccharoperbutylacetonicum,2703719182,anaerobe
,,,,,GCA_002003305,
2662,,"DSM 2632, ATCC 33455, VPI 2971",1,Clostridium sardiniense,2901040167,anaerobe
,,,,,29369.9,
,,,,,GCA_016907995,
2660,"HA 7103 (KZ), 10015, HA 7103","DSM 599, ATCC 27555, NCTC 10984, JCM 1381, ATCC 33571, BCRC 14510, CIP 104302",0,Clostridium sardiniense,2928349458,anaerobe
,,,,,29369.1,
,,,,,GCA_019753795,
131499,JCC,"DSM 27835, CSUR P697",1,Clostridium saudiense,2619619241,anaerobe
,,,,,GCA_000577815,
2665,,"DSM 757, ATCC 25775, NCIMB 8855, VPI 5393, JCM 1414, BCRC 14540, CCUG 9283, NCTC 12992",1,Clostridium scatologenes,1548.3,anaerobe
,,,,,2579778644,
,,,,,2627854033,
,,,,,GCA_000632785,
,,,,,GCA_000968375,
2748,19,"CCUG 45363, JCM 6567, CIP 106687, DSM 5676, ATCC 35704, VPI 13733, BCRC 14551, CCRC 14551",1,Clostridium scindens,411468.41,anaerobe
,,,,,411468.9,
,,,,,641736197,
,,,,,GCA_000154505,
,,,,,GCA_004295125,
2859,"JC 122, JC122","DSM 25507, CSUR P152",1,Clostridium senegalense,2597489894,anaerobe
2772,Pasteur III,"DSM 7534, ATCC 12464, CIP 61.10, NCIMB 547, NCTC 547, CCUG 4855, JCM 8144, BCRC 14552, CCM 5743, CECT 965, CN 3790, NCCB 47070",1,Clostridium septicum,1504.35,anaerobe
,,,,,1504.5,
,,,,,1504.51,
,,,,,2851764253,
,,,,,GCA_003606265,
2629,C1,DSM 12136,0,Clostridium sp.,1155388.3,anaerobe
,,,,,GCA_018223625,
2669,,"DSM 1786, ATCC 25772, VPI 2461",0,Clostridium sp.,1676991.3,anaerobe
,,,,,2724679582,
,,,,,GCA_001573875,
2672,"BAFF C3, S5",DSM 1985,0,Clostridium sp.,GCA_023845625,anaerobe
2674,,"DSM 2634, ATCC 13726",0,Clostridium sp.,33953.3,anaerobe
,,,,,GCA_017255415,
2678,4,"DSM 5906, BKM B-1364, VKM B-1364",0,Clostridium sp.,2593339124,anaerobe
2684,FS41,DSM 6877,0,Clostridium sp.,1609975.3,anaerobe
,,,,,2603880195,
,,,,,GCA_000954015,
2686,B6405,"DSM 8431, ATCC 49440",0,Clostridium sp.,1761781.3,anaerobe
,,,,,2623621014,
,,,,,GCA_900116755,
2692,C8,"DSM 11329, IAM 19232, JCM 7847",0,Clostridium sp.,1667357.4,anaerobe
,,,,,2630968386,
,,,,,GCA_001010885,
2710,"McClung 2004, 388","DSM 795, ATCC 3584, IFO 13950, NBRC 13950, NCIB 10696, JCM 1416, BCRC 11259, CCUG 15941, CECT 892, CIP 106155, LMG 8421, NCIMB 10696, NCTC 13020, AIP 10088",1,Clostridium sporogenes,1509.1,anaerobe
,,,,,1509.28,
,,,,,1509.39,
,,,,,1509.5,
,,,,,1509.66,
,,,,,2562617037,
,,,,,2627853631,
,,,,,2636415665,
,,,,,GCA_000685115,
,,,,,GCA_000973705,
2709,"McClung 2003, 3679, Cameron's putrefactive anaerobe","DSM 767, ATCC 7955, NCA 3679, NCIB 8053, NCTC 8594, JCM 7850, CCUG 24143, CECT 553, CIP 104607, IAM 19235, IFO 16411, NBRC 16411, NCIMB 8053",0,Clostridium sporogenes,1509.217,anaerobe
,,,,,1509.226,
,,,,,1509.234,
,,,,,1509.31,
,,,,,1509.32,
,,,,,1509.33,
,,,,,1509.38,
,,,,,1509.73,
2711,"McClung 2006, 2006","DSM 1446, ATCC 11437, KCTC 15509, CCUG 31316, JCM 11010, CIP 100651, IFO 14293, NBRC 14293, NCIMB 12343, CMCC (B) 64941, CIP 79.03",0,Clostridium sporogenes,1509.208,anaerobe
,,,,,1509.216,
,,,,,1509.225,
,,,,,1509.233,
2712,"SR 5, SR5","DSM 1664, ATCC 19404, CIP 79.3, NCIB 532, NCTC 532, WDCM 00008, NCIMB 532, LMG 10143, CCM 4409, CECT 485, CMCC (B) 64941",0,Clostridium sporogenes,1509.155,anaerobe
,,,,,1509.207,
,,,,,1509.215,
,,,,,1509.224,
,,,,,1509.232,
,,,,,1509.4,
,,,,,2724679562,
,,,,,GCA_001573855,
,,,,,GCA_011019475,
2715,15Rga,"DSM 46279, IMET 10863",0,Clostridium sporogenes,1509.206,anaerobe
,,,,,1509.214,
,,,,,1509.223,
,,,,,1509.231,
130932,2PG-426-CC-2,DSM 29422,0,Clostridium sporogenes,GCA_024622885,anaerobe
2716,,"DSM 1294, ATCC 25781, NCIB 10672, VPI 4527, NCIMB 10672",1,Faecalispora sporosphaeroides,1121334.3,anaerobe
,,,,,2519899647,
,,,,,GCA_000383295,
130249,S11-3-10,"DSM 27788, CICC 10730, JCM 19606",1,Clostridium swellfunianum,GCA_023656515,anaerobe
2721,2,"DSM 934, ATCC 14940, LSU (M. Sebald), JCM 1297, BCRC 14487, CCM 6065, NCTC 13233, VTT E-981051",1,Clostridium symbiosum,1512.13,anaerobe
,,,,,2597490298,
,,,,,2814123396,
,,,,,411472.5,
,,,,,GCA_000466485,
,,,,,GCA_900461275,
130933,SRB539-5-G-R,DSM 29356,0,Clostridium symbiosum,GCA_024622705,anaerobe
2851,A121,"DSM 17763, KCTC 15160, VKM B-2369",1,Clostridium tagluense,GCA_003865095,anaerobe
5445,87,"DSM 3997, ATCC 29255",1,Clostridium tarantellae,2868229309,anaerobe
,,,,,39493.3,
,,,,,GCA_009295725,
2845,,"DSM 19306, VKM B-2459, SG 508",1,Clostridium tepidiprofundi,1121338.3,anaerobe
,,,,,2684622633,
,,,,,GCA_001594005,
130929,PE,DSM 18688,0,Clostridium tepidum,1924269.3,anaerobe
,,,,,2882825624,
,,,,,GCA_002008265,
130931,B-CC-163-3B,DSM 29420,0,Clostridium tepidum,GCA_024622825,anaerobe
2724,795,"DSM 2485, ATCC 14573, IAM 14196, NCIB 10697, JCM 6289, CCUG 4219, NBRC 103192, NCIMB 10697, NCIMB 541",1,Clostridium tertium,1559.8,anaerobe
,,,,,2913329792,
,,,,,GCA_017873245,
141639,,"CCUG 4220, ATCC 19406, NCTC 279",1,Clostridium tetani,1513.25,anaerobe
,,,,,1513.39,
,,,,,2585428146,
,,,,,2617271309,
,,,,,GCA_000762305,
,,,,,GCA_900167265,
2727,259 E.III.,"DSM 4474, ATCC 49273, NCTC 543",1,Clostridium tetanomorphum,1553.15,anaerobe
,,,,,2913338184,
,,,,,GCA_017873215,
2726,297 VII,"DSM 665, NCTC 288",0,Clostridium tetanomorphum,1230342.3,anaerobe
,,,,,2667527745,
,,,,,GCA_000647895,
2774,JW/YL23-2,"DSM 7309, ATCC 51508, CIP 105528",1,Alkalithermobacter thermoalcaliphilus,2711768657,anaerobe
,,,,,2833455180,
,,,,,29349.3,
,,,,,GCA_002029295,
2739,JW 171K,"DSM 4928, ATCC 49875",1,Clostridium thermobutyricum,1121339.3,anaerobe
,,,,,2916599234,
,,,,,GCA_002050515,
2763,BVP,"DSM 5974, ATCC 51427",1,Clostridium thermopalmarium,1121340.3,anaerobe
,,,,,1121340.4,
,,,,,2599185222,
,,,,,GCA_002995795,
,,,,,GCA_003097175,
2749,IC,DSM 5807,1,Clostridium thermosuccinogenes,2795385491,anaerobe
,,,,,84032.3,
,,,,,GCA_002896855,
2750,ID,DSM 5808,0,Clostridium thermosuccinogenes,2795385490,anaerobe
,,,,,84032.4,
,,,,,GCA_002896955,
2751,IE,DSM 5809,0,Clostridium thermosuccinogenes,2778261583,anaerobe
,,,,,84032.5,
,,,,,GCA_002896995,
2752,IA,DSM 5806,0,Clostridium thermosuccinogenes,2778261582,anaerobe
,,,,,84032.6,
,,,,,GCA_002897015,
2738,,"DSM 2637, ATCC 25755, NCIMB 10635, CCUG 48315, CIP 105092, JCM 11008, VPI 5392, BCRC 14535, CECT 4011, LMG 1285",1,Clostridium tyrobutyricum,1121342.1,anaerobe
,,,,,1121342.3,
,,,,,1121342.4,
,,,,,1121342.5,
,,,,,2523533604,
,,,,,2554235038,
,,,,,2554235112,
,,,,,2740892193,
,,,,,GCA_000359585,
,,,,,GCA_000392375,
2735,G33R,DSM 663,0,Clostridium tyrobutyricum,1519.82,anaerobe
,,,,,GCA_019144145,
2796,CK55,"DSM 12992, ATCC BAA-53",1,Clostridium uliginosum,119641.3,anaerobe
,,,,,2675903229,
,,,,,GCA_900112485,
2789,lac-1,DSM 10228,1,Clostridium vincentii,2916606478,anaerobe
,,,,,52704.3,
,,,,,GCA_002995745,
2780,T2-7,"DSM 6836, ATCC 43977",1,Clostridium viride,1121344.3,anaerobe
,,,,,2558309036,
,,,,,GCA_000620945,
3044,,"CCUG 28087, JCM 10188, DSM 3979, ATCC 25986, VPI 1003, KCTC 3647, NCTC 11838",1,Collinsella aerofaciens,2814123380,anaerobe
,,,,,411903.3,
,,,,,411903.6,
,,,,,640612206,
,,,,,74426.133,
,,,,,GCA_000169035,
,,,,,GCA_010509075,
,,,,,GCA_900461335,
3047,RCA56-68,"CCUG 45296, CIP 106914, DSM 13280, JCM 10643, RCA 56-68",1,Collinsella intestinalis,2562617146,anaerobe
,,,,,521003.7,
,,,,,GCA_000156175,
130264,GD3,"DSM 26110, CSUR P902",1,Collinsella massiliensis,2551306475,anaerobe
3046,RCA55-54,"DSM 13279, JCM 10641, CCUG 45295, CIP 106913, RCA 55-54",1,Collinsella stercoris,147206.16,anaerobe
,,,,,445975.13,
,,,,,445975.14,
,,,,,445975.6,
,,,,,642979321,
,,,,,GCA_000156215,
,,,,,GCA_020735465,
,,,,,GCA_025149625,
3050,,"DSM 22478, JCM 16071, YIT 12063, KCTC 15132",1,Collinsella tanakaei,2513237344,anaerobe
,,,,,742742.3,
,,,,,GCA_000225705,
2877,SMK-10,"DSM 17314, KCTC 12480, SMK 10",1,Colwellia aestuarii,329993.3,anaerobe
,,,,,GCA_002000025,
133405,MTCD1,"ATCC TSD-5, JCM 30270",1,Colwellia marinimaniae,2791355059,anaerobe
,,,,,GCA_002207865,
6410,"R 13, R13","DSM 20249, ATCC 29643, CCUG 30672, JCM 1095, BCRC 12932, CECT 570, CIP 102986, KACC 12425, KCTC 3593, LMG 9187, NBRC 106464, NCFB 2329, NCIMB 11994, NRIC 1640, NCDO 2329",1,Companilactobacillus alimentarius,1423720.3,anaerobe
,,,,,1423720.4,
,,,,,1602.4,
,,,,,2700989133,
,,,,,2802429297,
,,,,,GCA_001434745,
,,,,,GCA_002849895,
,,,,,GCA_007991795,
6579,"203, Lb 203","DSM 19674, CECT 7310, JCM 16180, CIP 109926, KACC 16343, LMG 25239, NBRC 107149",1,Companilactobacillus bobalius,1423788.3,anaerobe
,,,,,2695420442,
,,,,,83526.11,
,,,,,83526.4,
,,,,,GCA_001434855,
,,,,,GCA_002179915,
,,,,,GCA_007991895,
,,,,,GCA_009764355,
6578,MT-1077,"CCUG 45370, ATCC BAA-131, CIP 107019, DSM 13961, JCM 10707, KCTC 8903P, KACC 12383, NBRC 106466, NRIC 0493",1,Companilactobacillus kimchii,1423765.3,anaerobe
,,,,,1423765.4,
,,,,,2700989131,
,,,,,2728369670,
,,,,,83526.1,
,,,,,83526.14,
,,,,,83526.5,
,,,,,GCA_001311095,
,,,,,GCA_001435445,
,,,,,GCA_002191155,
6592,,"DSM 14500, CCUG 48642, LMG 21932, TMW 1.80, JCM 12532, CIP 107874, LMG 21508, NBRC 107162",1,Companilactobacillus mindensis,1423770.3,anaerobe
,,,,,167481.3,
,,,,,2660238628,
,,,,,GCA_001434275,
,,,,,GCA_007992055,
6628,LP33,"DSM 16982, CIP 108546, TMW 1.1265, JCM 16171, LMG 23510, NBRC 107153, NCIMB 14360",1,Companilactobacillus nantensis,1423774.3,anaerobe
,,,,,2660238488,
,,,,,305793.3,
,,,,,GCA_001435815,
,,,,,GCA_007991935,
6674,"IZ4B, iz4b-1","DSM 19682, CIP 109958, JCM 14932, NBRC 107160",1,Companilactobacillus nodensis,1236953.3,anaerobe
,,,,,1423775.4,
,,,,,1423775.5,
,,,,,2585427881,
,,,,,2681812987,
,,,,,2690315703,
,,,,,GCA_000615905,
,,,,,GCA_001435555,
,,,,,GCA_001592065,
6577,TB 1,"DSM 13238, JCM 10415, CCUG 43349, LMG 19152, CIP 106794, NBRC 107152, NCIMB 13723",1,Companilactobacillus paralimentarius,1122151.3,anaerobe
,,,,,1122151.5,
,,,,,2700989141,
,,,,,83526.13,
,,,,,GCA_000615725,
,,,,,GCA_001434985,
,,,,,GCA_009764345,
23017,RCA1-24,"CCUG 45368, CIP 106690, DSM 15921, JCM 10604",1,Coprobacillus cateniformis,100884.13,anaerobe
,,,,,1297794.4,
,,,,,2734481901,
,,,,,GCA_001312445,
,,,,,GCA_009767585,
24338,"123, NSB1","DSM 26242, VKM B-2743, JCM 33896",1,Coprobacter fastidiosus,1349822.3,anaerobe
,,,,,1349822.6,
,,,,,2574180217,
,,,,,2698536694,
,,,,,GCA_000473955,
,,,,,GCA_003634345,
16901,3R,DSM 11748,1,Coprothermobacter platensis,1259795.3,anaerobe
,,,,,2522572051,
,,,,,GCA_000378005,
16899,BT,"DSM 5265, ATCC 35245, OCM 4",1,Coprothermobacter proteolyticus,309798.4,anaerobe
,,,,,643348530,
,,,,,GCA_000020945,
3051,PW2,"DSM 20642, ATCC 49209, JCM 10262, CCUG 39905",1,Coriobacterium glomerans,2503538010,anaerobe
,,,,,700015.3,
,,,,,GCA_000195315,
131684,JZ16,"DSM 100882, CCUG 69192, LMG 29813",1,Corynebacterium crudilactis,1652495.5,anaerobe
,,,,,1652495.6,
,,,,,2718217777,
,,,,,GCA_001643015,
3231,"1045, 1045T","DSM 45254, CCUG 56874, CIP 110017",1,Corynebacterium freiburgense,1121360.3,anaerobe
,,,,,2524614613,
,,,,,GCA_000428805,
145059,Furness 162-C2,"CCUG 27540, ATCC 33039, NCTC 11860, DSM 113154, CCM 9177",1,Corynebacterium pseudogenitalium,GCA_024453815,anaerobe
3053,3-Dec,"DSM 15641, ATCC 700683, CCUG 55773",1,Cryptobacterium curtum,469378.5,anaerobe
,,,,,644736346,
,,,,,GCA_000023845,
131527,BARN-424-CC-10,"DSM 29486, KCTC 15539",1,Cuneatibacter caecimuris,1796618.3,anaerobe
,,,,,2802428826,
,,,,,GCA_004216775,
4104,,"DSM 1925, ATCC 33405, NCIMB 9442, VKM B-1766, Monticello 2",1,Nitratidesulfovibrio oxamicus,32016.3,anaerobe
,,,,,GCA_015731765,
4115,HI1,"DSM 5308, ATCC 49858, VKM B-1765",1,Nitratidesulfovibrio termitidis,GCA_000504305,anaerobe
12637,,"DSM 16379, KPA 171202",0,Cutibacterium acnes,267747.46,anaerobe
12636,,"LMG 16711, DSM 1897, ATCC 6919, CCUG 1794, JCM 6425, KCTC 3314, NCTC 737, BCRC 10723, CECT 5684, CGMCC 1.5003, CIP 53.117, KCTC 5008, LMG 3591, NBRC 107605, NRRL B-4224, VKM Ac-1450, VPI 0389",1,Cutibacterium acnes subsp. acnes,1122995.3,anaerobe
,,,,,1122995.5,
,,,,,1734925.62,
,,,,,1747.234,
,,,,,1747.45,
,,,,,1747.866,
,,,,,2515154214,
,,,,,2518285594,
,,,,,2619619216,
,,,,,2888212034,
133242,,"ATCC 11828, JCM 6473, CCUG 6369, BCRC 16146, KCTC 3320, VPI 0391",1,Cutibacterium acnes subsp. defendens,1091045.3,anaerobe
,,,,,2511231219,
,,,,,GCA_000231215,
12641,1689B,"DSM 4901, ATCC 25577, CCUG 36754, VPI 0179, CIP 103261, NCDO 2585, NCTC 11864, PCM 2467, NBRC 15671",1,Cutibacterium avidum,2513237389,anaerobe
,,,,,2518285596,
,,,,,997355.3,
,,,,,GCA_000227295,
12645,,"DSM 20700, ATCC 25564, CIP 110009, JCM 6498, LMG 16726, NCTC 11865, CCUG 32987, VPI 0507, BCRC 17368, CIP 103262, GIFU 7612, IFO 15672, NBRC 15672, NCFB 2586, NCIMB 702586, NCDO 2586, VPI 050",1,Cutibacterium granulosum,1160719.4,anaerobe
,,,,,1160719.7,
,,,,,2512047045,
,,,,,2518285595,
,,,,,2602041680,
,,,,,2814123075,
,,,,,33011.21,
,,,,,GCA_000463665,
,,,,,GCA_001700755,
,,,,,GCA_900186975,
132605,,"DSM 29427, CCUG 66358, NTS 31307302",1,Cutibacterium namnetense,1574624.3,anaerobe
13894,CKB,"DSM 13637, ATCC 700666",1,Dechloromonas agitata,2506520023,anaerobe
,,,,,GCA_028864255,
13896,MA-1,"DSM 15637, ATCC BAA-776",1,Dechloromonas hortensis,337779.3,anaerobe
,,,,,GCA_009469765,
130650,A34,DSM 23276,0,Dechloromonas sp.,GCA_026261605,anaerobe
3845,SL50,"DSM 21529, VKPM B-10097",1,Deferribacter autotrophicus,GCA_008362905,anaerobe
3841,SSM1,"DSM 14783, JCM 11476, NBRC 101012",1,Deferribacter desulfuricans,639282.12,anaerobe
,,,,,639282.3,
,,,,,646564525,
,,,,,GCA_000010985,
18151,S3R1,"DSM 24185, VKM B-2672",1,Deferrisoma camini,1125863.3,anaerobe
,,,,,2517093047,
,,,,,GCA_000526155,
140265,A6,"DSM 28090, ACCC 19951",1,Defluviitalea raffinosedens,1450156.4,anaerobe
,,,,,2901198348,
,,,,,GCA_016908775,
130829,L3,DSM 29926,0,Defluviitoga tunisiensis,2648501800,anaerobe
,,,,,GCA_000953715,
11761,PER-K23,DSM 9455,1,Dehalobacter restrictus,2510065016,anaerobe
,,,,,871738.5,
,,,,,GCA_000512895,
133751,195,"ATCC BAA-2266, KCTC 15142",1,Dehalococcoides mccartyi,637000089,anaerobe
,,,,,GCA_000011905,
133898,IP3-3,"JCM 17062, NRRL B-59545",1,Dehalogenimonas alkenigignens,2802429288,anaerobe
,,,,,GCA_001466665,
140462,NSZ-14,"HAMBI 3672, JCM 19277, VKM B-3058",1,Dehalogenimonas formicexedens,2773857847,anaerobe
,,,,,GCA_001953175,
133531,BL-DC-9,"ATCC BAA-1523, JCM 15061",1,Dehalogenimonas lykanthroporepellens,552811.9,anaerobe
,,,,,648028022,
,,,,,GCA_000143165,
6598,M6A9,"DSM 15638, JCM 10491, NCIMB 13914, ATCC BAA-482, CCM 7143, CCUG 44587, CCUG 45366, CGMCC 1.3701, CIP 106688, LMG 19872",1,Dellaglioa algida,1423719.4,anaerobe
,,,,,2663763513,
,,,,,GCA_001434695,
17840,HR08-7,"DSM 24865, NBRC 105854",1,Demequina flava,1095025.3,anaerobe
,,,,,2667527640,
,,,,,GCA_000975035,
17841,HR08-43,"DSM 24867, NBRC 105855",0,Demequina sediminicola,1095026.3,anaerobe
,,,,,2690315958,
,,,,,GCA_000975055,
17120,,"DSM 1736, ATCC 25974",1,Dendrosporobacter quercicolus,1121386.4,anaerobe
,,,,,146817.6,
,,,,,2622736508,
,,,,,GCA_013303165,
,,,,,GCA_900104455,
3070,NPOH1,"DSM 21843, ATCC 700546, CCUG 56741",1,Denitrobacterium detoxificans,2593339223,anaerobe
,,,,,2687453125,
,,,,,79604.2,
,,,,,79604.4,
,,,,,GCA_001643775,
,,,,,GCA_900110565,
3838,N2460,"DSM 12809, NBRC 114555",1,Denitrovibrio acetiphilus,522772.6,anaerobe
,,,,,646564527,
,,,,,GCA_000025725,
132563,32,"DSM 101003, NCCP 16133",1,Dermabacter jinjuensis,1667168.4,anaerobe
,,,,,1667168.5,
,,,,,2846849301,
16673,MT-96,DSM 13146,1,Desulfacinum hydrothermale,1121390.3,anaerobe
,,,,,2585428172,
,,,,,GCA_900176285,
16672,BalphaG1,"DSM 9756, ACM 3991",1,Desulfacinum infernum,1121391.4,anaerobe
,,,,,2582580750,
,,,,,GCA_900129305,
11817,MLF,"DSM 6562, NBRC 112758",1,Desulfallas thermosapovorans,1121431.3,anaerobe
,,,,,2599185175,
,,,,,GCA_008124625,
17627,"Konstanz, 2st14","DSM 2075, ATCC 33931, VKM B-1802",1,Desulfarculus baarsii,644282.4,anaerobe
,,,,,648028023,
,,,,,GCA_000143965,
3946,CV2803,"DSM 15576, ATCC BAA-743",1,Desulfatibacillum aliphaticivorans,1121392.3,anaerobe
,,,,,2522572160,
,,,,,GCA_000429905,
3947,PF2803,"DSM 16219, ATCC BAA-924",1,Desulfatibacillum alkenivorans,1121393.3,anaerobe
,,,,,2585428156,
,,,,,GCA_900142135,
3969,,"DSM 4660, ATCC 49792, Ani 1",1,Desulfatiglans anilini,1121399.3,anaerobe
,,,,,2526164742,
,,,,,GCA_000422285,
3996,HB1,"DSM 18734, JCM 14470",1,Desulfatirhabdium butyrativorans,1121394.3,anaerobe
,,,,,2524023145,
,,,,,GCA_000429925,
22990,S28bF,"DSM 23472, NBRC 107166",1,Desulfatitalea tepidiphila,2690315754,anaerobe
,,,,,GCA_001293685,
11839,sk.kt5,"DSM 16504, JCM 12761",1,Desulfitibacter alkalitolerans,1304884.3,anaerobe
,,,,,2556921039,
,,,,,GCA_000620305,
11841,,"DSM 22410, UNIQEM U794, AHT 17",1,Desulfitispora alkaliphila,2829729602,anaerobe
11770,Co23,"DSM 11544, ATCC 700175",1,Desulfitobacterium chlororespirans,1121395.3,anaerobe
,,,,,2582580732,
,,,,,GCA_900143285,
11762,JW/IU-DC1,"DSM 9161, ATCC 51507",1,Desulfitobacterium dehalogenans,2507262031,anaerobe
,,,,,756499.4,
,,,,,GCA_000243155,
11765,DCB-2,DSM 10664,1,Desulfitobacterium hafniense,272564.6,anaerobe
,,,,,643348537,
,,,,,GCA_000021925,
11764,PCE-S,DSM 14645,0,Desulfitobacterium hafniense,GCA_000944695,anaerobe
11767,DP7,DSM 13498,0,Desulfitobacterium hafniense,2522572064,anaerobe
,,,,,537010.4,
,,,,,GCA_000238035,
11768,TCP-A,DSM 13557,0,Desulfitobacterium hafniense,2516653041,anaerobe
,,,,,872024.4,
,,,,,GCA_000378805,
11771,853-15A,"DSM 15288, ATCC BAA-636",1,Desulfitobacterium metallireducens,2507149024,anaerobe
,,,,,871968.4,
,,,,,GCA_000231405,
11763,,"DSM 10344, PCE 1",0,Desulfitobacterium sp.,2512875014,anaerobe
16665,ASRB2,DSM 11109,1,Desulfobacca acetoxidans,2504136006,anaerobe
,,,,,880072.3,
,,,,,GCA_000195295,
3954,AcRM3,"DSM 3379, ATCC 43919",1,Desulfobacter curvatus,1121396.3,anaerobe
,,,,,2515154174,
,,,,,GCA_000373985,
3955,AcRS1,"DSM 3380, ATCC 43915",1,Desulfobacter hydrogenophilus,2291.4,anaerobe
,,,,,2291.7,
,,,,,2890690344,
,,,,,GCA_003261095,
,,,,,GCA_004319545,
,,,,,GCA_010499545,
3956,AcRS2,"DSM 3381, ATCC 43918",1,Desulfobacter latus,GCA_013389365,anaerobe
3963,B54,DSM 8776,1,Desulfobacter vibrioformis,1121398.3,anaerobe
,,,,,2571042011,
,,,,,GCA_000745975,
3978,PhO1,"DSM 3384, ATCC 43956",1,Desulfobacula phenolica,2616644807,anaerobe
,,,,,90732.5,
,,,,,GCA_900105645,
4136,CVL,"DSM 8436, JCM 16814",1,Desulfobaculum senezii,2574179788,anaerobe
4178,P1,"DSM 24233, CGMCC 1.5166",1,Desulfobaculum xiamenense,2829737207,anaerobe
,,,,,995050.3,
,,,,,GCA_011927665,
4000,ASO4-4,"DSM 22078, UNIQEM U759",1,Desulfobotulus alkaliphilus,2596583602,anaerobe
,,,,,GCA_007830435,
3999,,"DSM 2055, ATCC 33892, VKM B-1803, Lindhorst (1pa3)",1,Desulfobotulus sapovorans,2574180434,anaerobe
130283,APS1,"DSM 24258, UNIQEM U900",1,Desulfobulbus alkaliphilus,869814.3,anaerobe
,,,,,GCA_016918545,
4002,FP,"DSM 2908, ATCC 43118",1,Desulfobulbus elongatus,1121402.3,anaerobe
,,,,,2556921601,
,,,,,GCA_000621145,
4004,,"DSM 2032, ATCC 33891, Lindhorst (1pr3)",1,Desulfobulbus propionicus,577650.3,anaerobe
,,,,,649633036,
,,,,,GCA_000186885,
4013,M16,"DSM 8777, ATCC 700652",1,Desulfobulbus rhabdoformis,34032.3,anaerobe
,,,,,GCA_016919065,
4019,SB164P1,DSM 10523,1,Desulfocapsa sulfexigens,1167006.13,anaerobe
,,,,,1167006.5,
,,,,,2561511172,
,,,,,GCA_000341395,
4018,Bra2,DSM 7269,1,Desulfocapsa thiozymogenes,2514885009,anaerobe
24791,SCBM,"DSM 28127, JCM 19826",1,Desulfocarbo indianensis,2654587567,anaerobe
,,,,,GCA_001184205,
3968,IbRM,"DSM 3385, JCM 12295",1,Desulfocicer vacuolatum,1121400.3,anaerobe
,,,,,1121400.7,
,,,,,2681813565,
,,,,,GCA_900176365,
,,,,,GCA_945870015,
3982,KMRActS,DSM 5651,1,Desulfococcus biacutus,2512047085,anaerobe
3981,Göttingen (1be1),"DSM 2059, ATCC 33890",1,Desulfococcus multivorans,1121405.12,anaerobe
,,,,,1121405.3,
,,,,,2568526001,
,,,,,2619619091,
,,,,,897.4,
,,,,,897.5,
,,,,,GCA_000422185,
,,,,,GCA_001854245,
,,,,,GCA_002009335,
,,,,,GCA_900167235,
4071,Benghazi,"DSM 2603, ATCC 19996, NCIMB 8401, VKM B-1757",1,Desulfocurvibacter africanus subsp. africanus,1121435.3,anaerobe
,,,,,2526164711,
,,,,,GCA_000422545,
4069,VNs36,"DSM 17965, JCM 14038, AS As36, AS 36",1,Desulfocurvus vexinensis,1121406.3,anaerobe
,,,,,2541046937,
,,,,,GCA_000519125,
3985,P1,"DSM 12642, ATCC 700811",1,Desulfofaba hansenii,157842.3,anaerobe
,,,,,2740891818,
11822,S1,"DSM 12257, ATCC 700784, VKM B-2192",1,Desulfofalx alkaliphila,1121423.4,anaerobe
,,,,,2565956519,
,,,,,GCA_000711975,
11789,5575,"DSM 771, ATCC 49208, VKM B-1644",1,Desulfofarcimen acetoxidans,485916.5,anaerobe
,,,,,644736351,
,,,,,GCA_000024205,
11821,AB33,"DSM 11792, ACM 3917, KCTC 15817, JCM 34022",1,Desulfofundulus australicus,1121425.3,anaerobe
,,,,,2582580749,
,,,,,GCA_900129285,
11804,17,"DSM 6115, VKM B-1805",1,Desulfofundulus kuznetsovii,2515154209,anaerobe
,,,,,760568.4,
,,,,,GCA_000214705,
11824,SLT,"DSM 12396, SMCC W644",1,Desulfofundulus luciae,2926666083,anaerobe
11826,TPO,DSM 14055,1,Desulfofundulus thermobenzoicus subsp. thermosyntrophicus,29376.3,anaerobe
,,,,,GCA_009428905,
11818,ST90,"DSM 10259, NBRC 112757",1,Desulfofundulus thermocisternus,1121430.3,anaerobe
,,,,,2563366724,
,,,,,GCA_000686645,
11830,RL50JIII,"DSM 16057, JCM 13837",1,Desulfofundulus thermosubterraneus,1121432.3,anaerobe
,,,,,2585428086,
,,,,,GCA_900142025,
4020,PerGlyS,DSM 9705,1,Desulfofustis glycolicus,1121409.3,anaerobe
,,,,,2585428080,
,,,,,GCA_900130015,
16678,ALDC,"DSM 18185, ATCC BAA-1302, JCM 13588",1,Desulfoglaeba alkanexedens,2636416042,anaerobe
,,,,,980445.7,
,,,,,GCA_005377625,
4015,Pro1,"DSM 18378, JCM 14043",1,Desulfogranum japonicum,1121403.3,anaerobe
,,,,,2524614762,
,,,,,GCA_000429945,
4017,3pr10,"DSM 2058, JCM 13489",1,Desulfogranum marinum,453220.3,anaerobe
,,,,,GCA_016918565,
4014,86FS1,"DSM 13871, JCM 15784",1,Desulfogranum mediterraneum,1121404.3,anaerobe
,,,,,2523533605,
,,,,,GCA_000429965,
4043,"HR100, HR<SUB>100</SUB>","DSM 5692, JCM 16813, ATCC 49708",1,Desulfohalobium retbaense,485915.1,anaerobe
,,,,,485915.5,
,,,,,644736349,
,,,,,GCA_000024325,
4159,RT2,"DSM 16529, JCM 12612",1,Desulfohalovibrio alkalitolerans,1121439.3,anaerobe
,,,,,2571042912,
,,,,,2619619068,
,,,,,GCA_000422245,
24301,SR45,"DSM 26801, NBRC 109411",1,Desulfolucanica intricata,1285191.3,anaerobe
,,,,,2713896921,
,,,,,GCA_001592105,
3997,AA1,"DSM 17682, ATCC BAA-1256",1,Desulfoluna spongiiphila,2654587882,anaerobe
,,,,,GCA_900101345,
4103,ThAcO1,"DSM 3696, ATCC 43913, VKM B-1764",1,Desulfolutivibrio sulfodismutans,1121464.3,anaerobe
,,,,,2901954164,
,,,,,63561.4,
,,,,,GCA_010499425,
,,,,,GCA_013376455,
4053,1105,"DSM 5918, VKM B-1804",1,Desulfomicrobium apsheronum,2622736590,anaerobe
,,,,,52560.3,
,,,,,GCA_900114115,
4051,X,"DSM 4028, VKM B-1378, CCUG 34229",1,Desulfomicrobium baculatum,525897.5,anaerobe
,,,,,644736350,
,,,,,GCA_000023225,
4057,,"DSM 10707, ATCC 51164, ESC 1",1,Desulfomicrobium escambiense,1121411.3,anaerobe
,,,,,2524023157,
,,,,,GCA_000428825,
4052,M-9,"DSM 4194, VKM B-1598",1,Desulfomicrobium macestii,2875778839,anaerobe
,,,,,90731.3,
,,,,,GCA_014873765,
4058,,"DSM 1741, NCIMB 8310, Norway 4",1,Desulfomicrobium norvegicum,2675903163,anaerobe
,,,,,52561.3,
,,,,,GCA_900114595,
4059,NY678,"DSM 12838, JCM 17150",1,Desulfomicrobium orale,2684623057,anaerobe
,,,,,888061.5,
,,,,,GCA_001553625,
16666,DCB-1,"DSM 6799, ATCC 49306",1,Desulfomonile tiedjei,2509601019,anaerobe
,,,,,706587.4,
,,,,,706587.9,
,,,,,GCA_000266945,
4047,ASO3-1,"DSM 19093, UNIQEM U234",1,Desulfonatronospira thiodismutans,555779.3,anaerobe
,,,,,643886196,
,,,,,GCA_000174435,
4034,Z-7935,DSM 9292,1,Desulfonatronovibrio hydrogenovorans,1121413.3,anaerobe
,,,,,2563366506,
,,,,,GCA_000686525,
4063,Z-7951,DSM 10312,1,Desulfonatronum lacustre,2516143004,anaerobe
,,,,,935942.4,
,,,,,GCA_000519265,
4066,ASO4-1,"DSM 21337, UNIQEM U756",1,Desulfonatronum thioautotrophicum,2593339128,anaerobe
,,,,,GCA_000934745,
4067,ASO4-2,"DSM 21338, UNIQEM U757",1,Desulfonatronum thiosulfatophilum,2596583601,anaerobe
,,,,,GCA_900104215,
4039,6N,"DSM 15269, CIP 107713",1,Desulfonauticus submarinus,206665.4,anaerobe
,,,,,2619619038,
,,,,,GCA_900104045,
11773,GKNTAU,"DSM 11270, ATCC 700533",1,Desulfonispora thiosulfatigenes,2501915963,anaerobe
,,,,,656914.3,
,,,,,GCA_900176035,
4031,,"DSM 18488, JCM 14042, MSL 86",1,Desulfopila aestuarii,1121416.3,anaerobe
,,,,,1121416.5,
,,,,,2582581262,
,,,,,GCA_900143695,
,,,,,GCA_945863875,
4032,JS_SRB250Lac,"DSM 19738, NBRC 103921",1,Desulfopila inferna,468528.3,anaerobe
,,,,,GCA_016919005,
131347,Pf12B,"DSM 28890, NBRC 110391",1,Desulfoplanes formicivorans,2786546903,anaerobe
,,,,,GCA_001748225,
130284,KoBa311,"DSM 28570, KCTC 15441",1,Desulfoprunum benzoelyticum,1506996.3,anaerobe
,,,,,1506996.4,
,,,,,2861203348,
,,,,,GCA_014201505,
,,,,,GCA_016918515,
130524,TGB60-1,"DSM 29799, JCM 18733, KCTC 4534",1,Desulforadius tongensis,1216062.3,anaerobe
,,,,,2898010342,
,,,,,GCA_016907915,
11819,9,"DSM 10349, NBRC 112752",1,Desulforamulus aeronauticus,1121421.3,anaerobe
,,,,,2585428189,
,,,,,GCA_900142375,
132676,Bs105,"DSM 24088, JCM 31386",1,Desulforamulus aquiferis,GCA_004143605,anaerobe
11832,,"DSM 18033, JCM 13992, LAM Lam5, LAM 5",1,Desulforamulus hydrothermalis,1121428.3,anaerobe
,,,,,1121428.6,
,,,,,GCA_000315365,
,,,,,GCA_900129895,
132677,Bs107,"DSM 24093, JCM 31387",1,Desulforamulus profundi,GCA_002607855,anaerobe
11823,TH-11,"DSM 12395, SMCC W459, CCUG 55205, ATCC 700427, OCM 459",1,Desulforamulus putei,1121429.4,anaerobe
,,,,,2582580748,
,,,,,GCA_900129195,
11800,DL,"DSM 2154, ATCC 23193, NCIMB 8452",1,Desulforamulus ruminis,650716033,anaerobe
,,,,,696281.4,
,,,,,GCA_000215085,
3965,HRM2,"DSM 3382, ATCC 43914",1,Desulforapulum autotrophicum,177437.21,anaerobe
,,,,,177437.4,
,,,,,643692021,
,,,,,GCA_000020365,
3992,Mb1Pa,"DSM 13527, ATCC BAA-134",1,Desulforegula conservatrix,1304885.3,anaerobe
,,,,,2523231059,
,,,,,GCA_000426225,
4028,S'pore T1,DSM 12130,1,Desulforhopalus singaporensis,2596583525,anaerobe
,,,,,91360.5,
,,,,,GCA_900104445,
4021,ltk 10,DSM 9700,1,Desulforhopalus vacuolatus,40414.3,anaerobe
,,,,,GCA_016918505,
4001,PropA,"DSM 17721, VKM B-2385",1,Desulfosalsimonas propionicica,2861192947,anaerobe
,,,,,332175.3,
,,,,,GCA_013761005,
140361,PL12,"DSM 103901, JCM 31728",1,Desulfosarcina alkanivorans,571177.3,anaerobe
,,,,,GCA_009688945,
3994,480,"DSM 7267, JCM 12296, VKM B-1975",1,Desulfosarcina cetonica,1294021.26,anaerobe
,,,,,2703718901,
,,,,,GCA_001311845,
3995,oXyS1,"DSM 13228, JCM 12297",1,Desulfosarcina ovata,GCA_009689005,anaerobe
140360,PP31,"DSM 103921, JCM 31729",1,Desulfosarcina widdelii,2883713342,anaerobe
,,,,,947919.4,
,,,,,GCA_009688965,
11790,BSD,"DSM 3669, NBRC 112753",1,Desulfoscipio geothermicus,2602042027,anaerobe
,,,,,39060.4,
,,,,,GCA_900115975,
11825,Groll,"DSM 7213, NBRC 112754",1,Desulfoscipio gibsoniae,2508501002,anaerobe
,,,,,767817.3,
,,,,,GCA_000233715,
16679,USBA-053,"DSM 22027, KCTC 5670, USBA 53",1,Desulfosoma caldarium,2788499819,anaerobe
,,,,,610254.3,
,,,,,GCA_003751385,
3949,B331,DSM 10085,1,Desulfospira joergensenii,1265505.3,anaerobe
,,,,,2523231085,
,,,,,GCA_000420085,
130523,M1,"DSM 27692, JCM 19471",1,Desulfosporosinus acididurans,2651869844,anaerobe
,,,,,GCA_001029285,
11781,SJ4,"DSM 22704, JCM 16185",1,Desulfosporosinus acidiphilus,2506783061,anaerobe
,,,,,646529.13,
,,,,,646529.14,
,,,,,646529.3,
,,,,,GCA_000255115,
140297,63.6F,"DSM 101609, JCM 31106",1,Desulfosporosinus fructosivorans,GCA_004766045,anaerobe
11780,343,"DSM 8344, VKM B-2003",1,Desulfosporosinus hippei,1121419.3,anaerobe
,,,,,2675903225,
,,,,,GCA_900100785,
11779,STP12,"DSM 15449, JCM 12239",1,Desulfosporosinus lacus,1121420.3,anaerobe
,,,,,2585428067,
,,,,,GCA_900129935,
11776,S10,"DSM 13257, ATCC BAA-275, KCTC 12902, NCIMB 13706",1,Desulfosporosinus meridiei,2510065044,anaerobe
,,,,,768704.3,
,,,,,GCA_000231385,
11774,,"DSM 765, ATCC 19365, NCIMB 8382, VKM B-1628, Singapore I",1,Desulfosporosinus orientis,2508501136,anaerobe
,,,,,768706.3,
,,,,,GCA_000235605,
11778,JW/YJL-B18,"DSM 17734, ATCC BAA-1261",1,Desulfosporosinus youngiae,2508501001,anaerobe
,,,,,768710.3,
,,,,,GCA_000244895,
3970,Hxd3,"DSM 6200, JCM 39069",1,Desulfosudis oleivorans,96561.5,anaerobe
,,,,,GCA_000018405,
4030,LSv54,DSM 12343,1,Desulfotalea psychrophila,177439.6,anaerobe
,,,,,637000094,
,,,,,GCA_000025945,
4041,TFISO9,"DSM 17375, JCM 13304",1,Desulfothermus okinawensis,1293588.5,anaerobe
,,,,,2728369691,
,,,,,GCA_001311565,
3950,SAX,DSM 7044,1,Desulfotignum balticum,1304886.3,anaerobe
,,,,,2526164528,
,,,,,GCA_000421285,
3952,FiPS-3,"DSM 13687, OCM 818",1,Desulfotignum phosphitoxidans,1286635.3,anaerobe
,,,,,2515154007,
,,,,,2523231053,
,,,,,GCA_000350545,
140524,GSS09,"KCTC 15523, MCCC 1K01254",1,Desulforamulus ferrireducens,1833852.3,anaerobe
,,,,,GCA_002005145,
11792,,"DSM 574, ATCC 19858, ATCC 19998, CIP 111238, NCIMB 8395, WDCM 00081, Delft 74",1,Desulfotomaculum nigrificans,2507262026,anaerobe
,,,,,696369.3,
,,,,,GCA_000189755,
11828,CO-1-SRB,"DSM 14880, VKM B-2319",0,Desulfotomaculum nigrificans,2505679104,anaerobe
,,,,,GCA_000214435,
11831,RE35E1,"DSM 16058, JCM 14019",1,Desulfotruncus alcoholivorax,1121422.3,anaerobe
,,,,,2524023147,
,,,,,GCA_000430885,
11829,15,"DSM 17038, JCM 12923",1,Desulfotruncus arcticus,1121424.3,anaerobe
,,,,,2599185230,
,,,,,GCA_900113335,
4045,6-Nov,"DSM 18834, VKM B-2364",1,Desulfovermiculus halophilus,1121433.3,anaerobe
,,,,,2556921618,
,,,,,GCA_000620765,
4135,ALA-3,DSM 12254,1,Desulfovibrio aminophilus,1121440.3,anaerobe
,,,,,2524023062,
,,,,,GCA_000422565,
,,,,,GCA_023660105,
4146,LVform1,"DSM 15816, JCM 12178",1,Salidesulfovibrio brasiliensis,1294020.3,anaerobe
,,,,,2728369698,
,,,,,GCA_001311825,
4130,,"DSM 11391, STL 1",1,Desulfovibrio cuneatus,1121443.3,anaerobe
,,,,,2523231026,
,,,,,GCA_000430005,
4073,Essex 6,"DSM 642, ATCC 29577, NCIMB 8307, VKM B-1799, CCUG 34226, CIP 107039",1,Desulfovibrio desulfuricans,1121445.4,anaerobe
,,,,,2524614548,
,,,,,GCA_000420465,
4077,MB,"DSM 6949, ATCC 27774",0,Desulfovibrio desulfuricans,525146.4,anaerobe
,,,,,643348538,
4079,IC1,DSM 12129,0,Desulfovibrio desulfuricans,2848597346,anaerobe
,,,,,876.28,
,,,,,GCA_004801255,
4144,IS5,DSM 15579,0,Desulfovibrio ferrophilus,2823931327,anaerobe
,,,,,GCA_003966735,
4134,,"DSM 10711, HHQ 20",1,Desulfovibrio inopinatus,1121453.3,anaerobe
,,,,,2524614631,
,,,,,GCA_000429305,
4128,KMS2,DSM 11275,1,Desulfovibrio intestinalis,2861449170,anaerobe
,,,,,58621.3,
,,,,,GCA_014202345,
4132,,"DSM 11393, STL 6",1,Desulfovibrio litoralis,1121455.3,anaerobe
,,,,,2582580730,
,,,,,GCA_900143255,
4133,P1B,DSM 11498,1,Desulfovibrio oxyclinae,1121459.3,anaerobe
,,,,,2515154157,
,,,,,GCA_000375485,
4070,,"DSM 749, ATCC 29098, JCM 12224, VPI 11112, VPI C3-23",1,Desulfovibrio piger,411464.8,anaerobe
,,,,,642979316,
,,,,,GCA_000156375,
4167,"JS, JS1","DSM 19430, JCM 14597, KCTC 5573",1,Desulfovibrio psychrotolerans,415242.3,anaerobe
,,,,,GCA_013340305,
4092,G11,"DSM 7057, OCM 18",0,Desulfovibrio sp.,2593339148,anaerobe
,,,,,2700988708,
,,,,,876.9,
,,,,,GCA_002334685,
,,,,,GCA_900119095,
4105,Hildenborough,"DSM 644, ATCC 29579, NCIMB 8303, VKM B-1760, CCUG 34227, CIP 107040",1,Nitratidesulfovibrio vulgaris,882.34,anaerobe
,,,,,882.44,
,,,,,882.5,
,,,,,GCA_000195755,
,,,,,GCA_902167245,
4163,Miyazaki F,"DSM 19637, JCM 14930",0,Nitratidesulfovibrio vulgaris,643348539,anaerobe
4139,lac,DSM 11974,1,Desulfovibrio zosterae,1121467.3,anaerobe
,,,,,2523533628,
,,,,,GCA_000425265,
16849,RL80JIV,"DSM 16036, JCM 13928",1,Desulfovirgula thermocuniculi,1121468.4,anaerobe
,,,,,2524023160,
,,,,,GCA_000429345,
4179,A63,"DSM 5264, ATCC 51451",1,Desulfurella acetivorans,2512564091,anaerobe
,,,,,694431.14,
,,,,,694431.3,
4180,RH-8,DSM 8415,1,Desulfurella multipotens,2599185176,anaerobe
,,,,,79269.3,
,,,,,GCA_900101285,
2498,,"DSM 22071, UNIQEM U758, AHT 11",1,Desulfurispira natronophila,2861683924,anaerobe
,,,,,682562.3,
,,,,,GCA_014203025,
2497,S5,"DSM 22839, ATCC BAA-1389",1,Desulfurispirillum indicum,649633038,anaerobe
,,,,,653733.4,
,,,,,GCA_000177635,
11840,RA50E1,"DSM 16022, JCM 14018",1,Desulfurispora thermophila,1121472.3,anaerobe
,,,,,2515154092,
,,,,,GCA_000376385,
4033,,"DSM 19089, UNIQEM U267, AHT 2",1,Desulfurivibrio alkaliphilus,589865.4,anaerobe
17643,SL22,"DSM 15668, JCM 12129",1,Desulfurobacterium atlanticum,240169.3,anaerobe
,,,,,2724679920,
,,,,,GCA_900188395,
140298,K6013,"DSM 101677, MCCC 1A01868",1,Desulfurobacterium indicum,2832468384,anaerobe
,,,,,GCA_001968985,
17644,SL17,"DSM 15522, JCM 12127",1,Desulfurobacterium pacificum,2724679812,anaerobe
17641,BSA,DSM 11699,1,Desulfurobacterium thermolithotrophum,649633039,anaerobe
,,,,,868864.3,
,,,,,GCA_000191045,
4199,Z-1312,"DSM 16532, JCM 13383, VKM V-2316",0,Desulfurococcus amylolyticus,2513020047,anaerobe
,,,,,768672.7,
,,,,,GCA_000231015,
4200,1221n,"DSM 18924, JCM 16383, VKM B-2413",0,Desulfurococcus amylolyticus,GCA_000020905,anaerobe
4198,O7/1,"DSM 2162, ATCC 35584, JCM 9187",1,Desulfurococcus mucosus,649633040,anaerobe
,,,,,765177.25,
,,,,,GCA_000186365,
4197,Hvv 3/9,"DSM 2161, ATCC 35582, JCM 9186",0,Desulfurococcus mucosus,2513237118,anaerobe
,,,,,675631.5,
,,,,,GCA_001006085,
4229,2873,"DSM 1397, ATCC 51529",1,Desulfuromonas acetexigens,2740891996,anaerobe
,,,,,38815.3,
,,,,,38815.4,
,,,,,38815.5,
,,,,,GCA_007051125,
,,,,,GCA_900111775,
4226,"11070, South Orkney Island",DSM 684,1,Desulfuromonas acetoxidans,281689.4,anaerobe
,,,,,638341078,
,,,,,GCA_000167355,
4227,5071,DSM 1675,0,Desulfuromonas acetoxidans,891.6,anaerobe
,,,,,GCA_013371615,
4228,9972,DSM 1676,0,Desulfuromonas acetoxidans,891.5,anaerobe
,,,,,GCA_013371475,
4234,NZ27,DSM 8987,1,Desulfuromonas thiophila,2602042025,anaerobe
,,,,,57664.3,
,,,,,GCA_900101955,
4206,Kysw2,DSM 7343,1,Desulfuromusa kysingii,2599185196,anaerobe
,,,,,37625.16,
,,,,,GCA_900107645,
16697,,"DSM 19026, UNIQEM U266, AHT 1",1,Dethiobacter alkaliphilus,555088.4,anaerobe
17983,C/G2,"DSM 17477, JCM 13356, NBRC 101112",1,Dethiosulfatibacter aminovorans,1121476.3,anaerobe
,,,,,2585428150,
,,,,,GCA_900142005,
17774,SR15,"DSM 12590, JCM 15823",1,Dethiosulfovibrio acidaminovorans,GCA_021568805,anaerobe
17771,WS 100,"DSM 12537, JCM 15824",1,Dethiosulfovibrio marinus,GCA_021568875,anaerobe
17770,,"DSM 11002, JCM 15826, SEBR 4207",1,Dethiosulfovibrio peptidovorans,2501533205,anaerobe
,,,,,469381.1,
,,,,,GCA_000172975,
17773,SR12,"DSM 12538, JCM 15825",1,Dethiosulfovibrio russensis,GCA_021568855,anaerobe
158927,5BBH33,"DSM 109768, JCM 33369",1,Dialister hominis,2582419.3,anaerobe
,,,,,2883940520,
,,,,,AP019697,
,,,,,GCA_007164725,
17122,E7.25,"CIP 108215, DSM 15470, CCUG 47026, JCM 17566",1,Dialister invisus,592028.3,anaerobe
,,,,,645951833,
,,,,,GCA_000160055,
17123,,"DSM 19965, CCUG 48837, CIP 108278, ADV 04.01, AIP 25.04, JCM 17567, ADV 04-01, AIP 25-04",1,Dialister micraerophilus,651324025,anaerobe
,,,,,888062.3,
,,,,,GCA_000194985,
155873,,CCUG 59494,0,Dialister micraerophilus,1009464.3,anaerobe
17124,,"DSM 21274, JCM 15077, YIT 11850",1,Dialister succinatiphilus,2513237349,anaerobe
,,,,,742743.3,
,,,,,GCA_000242435,
2236,11342,"DSM 23057, ATCC 25549, CCUG 27824, CIP 107042, VPI 2340, KCTC 15031",1,Dichelobacter nodosus,2654587739,anaerobe
,,,,,870.8,
,,,,,GCA_001263335,
4239,H-6-12,"DSM 3960, ATCC 35947",1,Dictyoglomus thermophilum,309799.4,anaerobe
,,,,,643348542,
,,,,,GCA_000020965,
4240,Z-1310,DSM 6724,1,Dictyoglomus turgidum,515635.4,anaerobe
,,,,,643348543,
,,,,,GCA_000021645,
24006,JC13,"DSM 26099, CSUR P149",1,Dielma fastidiosa,2770939561,anaerobe
,,,,,GCA_000313565,
23455,S69,"DSM 25762, VKM B-2760",1,Dissulfuribacter thermophilus,1156395.6,anaerobe
,,,,,2724679641,
,,,,,GCA_001687335,
140917,Sh68,"JCM 19990, VKM B-2854",1,Dissulfurimicrobium hydrothermale,GCA_022026155,anaerobe
132569,SH388,"DSM 100025, VKM B-2960",1,Dissulfurirhabdus thermomarina,1765737.4,anaerobe
,,,,,GCA_010499435,
,,,,,GCA_012979235,
135725,"R-91/1468, R91/1468","CIP 104051, ATCC 51524, IFO 15550, NCFB 2975, LMG 19521, KCTC 15002, CCUG 33392, LMG 15126, NBRC 15550, NCIMB 702975",1,Dolosigranulum pigrum,2513237341,anaerobe
,,,,,883103.3,
,,,,,GCA_000245815,
6354,,"DSM 3992, ATCC 27755, JCM 10342, KCTC 15690, VPI C8-13",1,Dorea formicigenerans,39486.544,anaerobe
,,,,,411461.2,
,,,,,411461.4,
,,,,,641736133,
,,,,,GCA_000169235,
,,,,,GCA_025150245,
6355,111-35,"DSM 13814, CCUG 45247, JCM 11232",1,Dorea longicatena,411462.6,anaerobe
,,,,,640963046,
,,,,,88431.1235,
,,,,,GCA_000154065,
,,,,,GCA_025150085,
140270,NYU-BL-A4,"DSM 103457, ATCC TSD-64",1,Dubosiella newyorkensis,2788499991,anaerobe
,,,,,GCA_001945605,
12516,,"DSM 22835, CCUG 17996, CIP 107043, LMG 11519, JCM 16697, CDC F9047",1,Dysgonomonas capnocytophagoides,1121485.3,anaerobe
,,,,,2526164513,
,,,,,GCA_000426485,
12515,,"DSM 22811, ATCC BAA-286, CCUG 42882, CIP 106420, JCM 16698",1,Dysgonomonas gadei,GCA_000213555,anaerobe
132892,MX 1040,"DSM 104969, CCM 7606, CCUG 54731, JCM 17038",1,Dysgonomonas hofstadii,1298597.3,anaerobe
,,,,,2734481905,
,,,,,2830022421,
,,,,,637886.6,
,,,,,GCA_001312525,
,,,,,GCA_014196915,
130541,Dys-CH1,"DSM 27370, JCM 19375, KCTC 15501",1,Dysgonomonas macrotermitis,1346286.3,anaerobe
,,,,,1346286.4,
,,,,,2651869758,
,,,,,2695420931,
,,,,,GCA_001047035,
,,,,,GCA_900128985,
12517,,"DSM 22836, CCUG 43457, CDC F9489, CIP 107079, JCM 16699",1,Dysgonomonas mossii,2515154085,anaerobe
,,,,,651324027,
,,,,,742767.3,
,,,,,742767.5,
,,,,,GCA_000213575,
,,,,,GCA_000376405,
4278,BA 1010,DSM 241,1,Ectothiorhodospira marina,1396821.4,anaerobe
,,,,,2675903016,
,,,,,GCA_900109495,
4270,8112,DSM 237,1,Ectothiorhodospira mobilis,195064.8,anaerobe
,,,,,GCA_016584115,
4275,EG-1,DSM 4180,0,Ectothiorhodospira mobilis,195064.5,anaerobe
,,,,,2671180234,
,,,,,GCA_900114895,
4276,,"DSM 243, KMMGU N1",1,Ectothiorhodospira shaposhnikovii,1054.16,anaerobe
,,,,,GCA_016584105,
3054,1899 B,"CCUG 17323 A, DSM 2243, ATCC 25559, VPI 0255, JCM 9979, CCUG 17323, CIP 106637, KCTC 3265, NCTC 11813, VTT E-001735",1,Eggerthella lenta,479437.5,anaerobe
,,,,,644736358,
,,,,,84112.12,
,,,,,84112.13,
,,,,,84112.19,
,,,,,GCA_000024265,
,,,,,GCA_003339975,
,,,,,GCA_003340105,
3055,MSMC 77-67,"DSM 15644, ATCC 43055, CCUG 34779, CIP 104211, CCM 4714",0,Eggerthella lenta,84112.14,anaerobe
,,,,,GCA_003340005,
3056,HKU14,"CCUG 55421, JCM 14551, DSM 16107, LMG 22123",1,Eggerthella sinensis,242230.3,anaerobe
,,,,,242230.4,
,,,,,2866206833,
,,,,,2866341438,
,,,,,GCA_003339815,
,,,,,GCA_003725965,
3057,,"DSM 11767, Muc MuC3, Muc 3",0,Eggerthella sp.,84112.16,anaerobe
,,,,,GCA_003340045,
3058,AL61,DSM 11863,0,Eggerthella sp.,84112.15,anaerobe
,,,,,GCA_003340015,
5377,1871,"LMG 9915, CECT 4140, DSM 20559, ATCC 25536, CCUG 48174, CIP 104817, JCM 1121, VPI 2933, BCRC 14626, NRIC 1720",1,Eggerthia catenaformis,2522572066,anaerobe
,,,,,999415.14,
,,,,,999415.3,
,,,,,GCA_000340375,
,,,,,GCA_000422605,
24120,B086562,"DSM 26961, ATCC BAA-2558, LMG 27400, CCUG 64075",1,Eisenbergiella tayi,1432052.14,anaerobe
,,,,,2837317116,
,,,,,GCA_001881565,
4384,R18-2,"DSM 26271, CGMCC 1.10322, LMG 25706",1,Enterobacter mori,2547132296,anaerobe
,,,,,980518.3,
,,,,,GCA_000211415,
2839,N6,"DSM 15981, CCUG 48471",1,Enterocloster asparagiformis,518636.5,anaerobe
,,,,,518636.99,
,,,,,643886112,
,,,,,GCA_000158075,
,,,,,GCA_025149125,
2821,,"JCM 12243, DSM 15670, ATCC BAA-613, CCUG 46953, WAL 16351, CIP 109439, VTT E-052776, AIP 10225",1,Enterocloster bolteae,GCA_000154365,anaerobe
131093,MT10-315-CC-8.2,DSM 29485,0,Enterocloster bolteae,GCA_024622735,anaerobe
2843,,"DSM 19261, CCUG 52203, RMA 16102, ATCC BAA-1317",1,Enterocloster citroniae,2928404274,anaerobe
2569,T90,"DSM 933, ATCC 25537, CCUG 16791, NCTC 11224, CIP 104318, JCM 1291, NCIMB 11018, VPI 0316, BCRC 14545, CCM 6066, VTT E-052777",1,Enterocloster clostridioformis,1531.116,anaerobe
,,,,,1531.2,
,,,,,2593339147,
,,,,,2858553787,
,,,,,GCA_900113155,
,,,,,GCA_900447015,
130916,YL32,DSM 26114,0,Enterocloster clostridioformis,1531.13,anaerobe
,,,,,GCA_002221545,
,,,,,GCA_010206185,
,,,,,GCA_016696785,
2849,CCRI-9842,"DSM 19851, CCUG 54291, JCM 14986, NML 03-A-015, CIP 109511, KCTC 15153",1,Enterocloster lavalensis,460384.7,anaerobe
,,,,,GCA_003024655,
5351,"SS-1777, SS 1777, 2215-02","DSM 19114, ATCC BAA-1240, CCUG 51564, CCM 7399, CIP 109321",1,Enterococcus caccae,317735.3,anaerobe
,,,,,GCA_001885825,
5343,,"DSM 17029, CCUG 46666, CIP 108093, LMG 12316, NBRC 100695",1,Enterococcus canis,1349765.3,anaerobe
,,,,,214095.3,
,,,,,2681813000,
,,,,,GCA_001544375,
,,,,,GCA_001885805,
24004,ORL-24,"DSM 29072, JCM 18359, KACC 16708",1,Enterococcus diestrammenae,1155073.5,anaerobe
,,,,,2901213754,
130942,BLGJ-x-F-MMA-1-1,DSM 29488,0,Enterococcus faecalis,GCA_024622725,anaerobe
155857,,CCUG 59478,0,Eremococcus coleocola,908337.3,anaerobe
17689,YUAN-3,"DSM 18485, CGMCC 1.5033, JCM 12961",1,Ethanoligenens harbinense,649633043,anaerobe
,,,,,663278.4,
,,,,,GCA_000178115,
,,,,,GCA_003020045,
5449,SR12,"DSM 12183, KCTC 5834",1,Eubacterium aggregans,2642422588,anaerobe
,,,,,GCA_900107815,
5414,,"DSM 1223, ATCC 25849, NCIB 10623, VKM B-1775, VPI 5359, JCM 1389, BCRC 14473, BCRC 17243, CGMCC 1.5084, NCIMB 10623",1,Eubacterium barkeri,1528.7,anaerobe
,,,,,2642422543,
,,,,,GCA_900107125,
5418,D6B-23,"DSM 3990, ATCC 33089, CIP 104210, JCM 11020",1,Eubacterium brachy,1321814.3,anaerobe
,,,,,2558860285,
,,,,,GCA_000488855,
5420,FD,"DSM 3662, ATCC 49165, JCM 10284",1,Eubacterium callanderi,2642422560,anaerobe
,,,,,GCA_900142645,
140667,6,ATCC 43171,1,Eubacterium cellulosolvens,2509276007,anaerobe
,,,,,633697.3,
152301,,"CCUG 46381, NCTC 12940",1,Eubacterium infirmum,2835063808,anaerobe
,,,,,56774.5,
,,,,,GCA_900450455,
5432,,"DSM 20543, ATCC 8486, NCIB 9763, CCUG 16793, JCM 6421, BCRC 14401, CIP 104169, JCM 9978, KCTC 3266, NCIMB 9763",1,Eubacterium limosum,1736.3,anaerobe
,,,,,2814123220,
,,,,,GCA_000807675,
5450,M-6,"DSM 18759, ATCC 700079, CIP 104795, KCTC 15027",1,Eubacterium minutum,2833857752,anaerobe
,,,,,888721.3,
,,,,,GCA_003433295,
5435,06A,"DSM 20694, ATCC 25552, CCUG 27817, JCM 6484, VPI 4154",1,Eubacterium multiforme,2926549205,anaerobe
5437,D6A-5,"DSM 3993, ATCC 33099, CCUG 15996, JCM 14550, VPI D6 A-5, CIP 104213, JCM 9977, VPI D6A-5",1,Eubacterium nodatum,1161902.3,anaerobe
,,,,,2558860175,
,,,,,GCA_000510425,
5438,G41,DSM 3217,1,Eubacterium oxidoreducens,1732.3,anaerobe
,,,,,2593339221,
,,,,,GCA_900104415,
5439,,"DSM 15684, ATCC 29099, DSM 3995, KCTC 5972, VPI C6-27",1,Eubacterium ramulus,1256908.3,anaerobe
,,,,,1256908.6,
,,,,,2597490300,
,,,,,GCA_000469345,
5442,,"DSM 15702, ATCC 29066, DSM 3996, VPI T9-50-2",1,Eubacterium siraeum,2519899684,anaerobe
,,,,,39492.622,
,,,,,428128.14,
,,,,,428128.18,
,,,,,428128.19,
,,,,,428128.7,
,,,,,641736184,
,,,,,GCA_000154325,
,,,,,GCA_000382085,
,,,,,GCA_025150425,
143604,,"CCUG 20560, ATCC 35585, KCTC 15025, VPI D45A.29A",1,Eubacterium sulci,2558860286,anaerobe
,,,,,2687453170,
,,,,,888727.21,
,,,,,888727.3,
,,,,,GCA_000526055,
,,,,,GCA_001189495,
5448,,"DSM 3988, ATCC 27560, VPI 1013B",1,Eubacterium ventriosum,39496.427,anaerobe
,,,,,411463.15,
,,,,,411463.4,
,,,,,640963022,
,,,,,GCA_000153885,
,,,,,GCA_025150745,
131520,"40ccB-5824-ARE, JM-40","DSM 28560, KCTC 15546",1,Extibacter muris,1775269.3,anaerobe
,,,,,2887369388,
,,,,,GCA_004345005,
131521,SJ-24,DSM 28561,0,Extibacter muris,GCA_025447655,anaerobe
1582,EUH 581-73,"DSM 20705, ATCC 29798, JCM 12528, CCUG 10974, CCUG 48292, KCTC 5205, LMG 8206",1,Ezakiella coagulans,2756170280,anaerobe
,,,,,46507.4,
,,,,,GCA_003096635,
130819,M6.X2,"DSM 27367, CCUG 64571, NBRC 109957",1,Ezakiella peruensis,2791354893,anaerobe
,,,,,GCA_900215725,
17680,A2-165,"DSM 17677, JCM 31915",1,Faecalibacterium duncaniae,411483.3,anaerobe
,,,,,645951831,
,,,,,853.7536,
,,,,,GCA_000162015,
,,,,,GCA_010509575,
132424,,"DSM 103405, JCM 30274, KCTC 15484, ALO 17",1,Faecalibaculum rodentium,GCA_001564455,anaerobe
2621,,"DSM 1287, ATCC 13619, ATCC 25750, JCM 1429, NCIB 10650, BCRC 14529, LMG 3286, NCCB 73016, NCIMB 10650, VPI 0565",1,Faecalicatena orotica,2928587524,anaerobe
14741,60B,"DSM 20574, ATCC 29734, LMG 17756, NCTC 11087, CCUG 11733, EBF 61/608, JCM 10414, CECT 992, KCTC 3656, NCFB 2494, NCIMB 702494",1,Faecalicoccus pleomorphus,1123313.3,anaerobe
,,,,,1323.3,
,,,,,2524614880,
,,,,,2831517236,
,,,,,GCA_000420345,
,,,,,GCA_900459315,
5423,,"DSM 3983, ATCC 27803, JCM 10261, VPI 3654, Virginia Polytechnic Institute 3654",1,Faecalitalea cylindroides,2558860279,anaerobe
,,,,,649755.3,
,,,,,649755.5,
,,,,,GCA_000469305,
3043,,"DSM 15829, ATCC BAA-55, CCUG 38953, CIP 106431, KCTC 15240",1,Fannyhessea vaginae,2562617091,anaerobe
,,,,,525256.4,
,,,,,525256.5,
,,,,,648276620,
,,,,,82135.84,
,,,,,GCA_000159235,
,,,,,GCA_000178335,
154797,,CCUG 55227,0,Fannyhessea vaginae,866774.4,anaerobe
17690,Karld BL3524N/03,"DSM 18896, CCUG 47711, CIP 108292",1,Fastidiosipila sanguinis,236753.3,anaerobe
,,,,,2788500238,
,,,,,GCA_002998295,
18101,AEDII12DO,DSM 10642,1,Ferroglobus placidus,589924.11,anaerobe
,,,,,646564534,
,,,,,GCA_000025505,
23861,AeB,"DSM 25808, JCM 15555, KCTC 5667",1,Fervidicella metallireducens,1403537.3,anaerobe
,,,,,2588253772,
,,,,,GCA_000601455,
17820,Kam940,"DSM 19380, JCM 18336, VKM B-2539",1,Fervidicoccus fontis,1163730.6,anaerobe
,,,,,2513237177,
,,,,,GCA_000258425,
16698,Y170,"DSM 21121, JCM 15106, KCTC 5610",1,Fervidicola ferrireducens,GCA_001562425,anaerobe
17038,CBS-1,"DSM 17883, JCM 13353",1,Fervidobacterium changbaicum,2619619036,anaerobe
,,,,,2848342349,
,,,,,310769.5,
,,,,,GCA_004117075,
,,,,,GCA_900100515,
17036,AB39,"DSM 13020, ACM 5017",1,Fervidobacterium gondwanense,1121883.3,anaerobe
,,,,,2582580731,
,,,,,GCA_900143265,
17033,Rt17-B1,"DSM 5306, ATCC 35602",1,Fervidobacterium nodosum,381764.8,anaerobe
,,,,,640753026,
,,,,,GCA_000017545,
17035,Ven5,DSM 9078,1,Fervidobacterium pennivorans,2507149014,anaerobe
,,,,,771875.3,
,,,,,GCA_000235405,
152856,,"CCUG 47790, ATCC 35896",1,Filifactor alocis,2511231077,anaerobe
,,,,,546269.5,
,,,,,GCA_000163895,
17986,2974,"DSM 20470, ATCC 15794, CCUG 17636, NCTC 11804, KCTC 15020, JCM 1766, ATCC 14904, GIFU 7629, KCTC 5154, LMG 22735",1,Finegoldia magna,1260.23,anaerobe
,,,,,1891242.1,
,,,,,1891242.11,
,,,,,1891242.9,
,,,,,2770939564,
,,,,,GCA_003182075,
,,,,,GCA_910589735,
17985,4008/2,DSM 20369,0,Finegoldia magna,1260.192,anaerobe
,,,,,1260.197,
17987,,"CCUG 12548, DSM 20472, ATCC 29328, WAL 2508, CIP 103666",0,Finegoldia magna,1260.191,anaerobe
,,,,,1260.196,
,,,,,334413.15,
,,,,,334413.6,
,,,,,641522627,
,,,,,GCA_000010185,
154671,,CCUG 54800,0,Finegoldia magna,1260.9,anaerobe
,,,,,GCA_002243095,
155874,,CCUG 59495,0,Finegoldia magna,768713.4,anaerobe
155877,,CCUG 59508,0,Finegoldia magna,866773.4,anaerobe
18081,S1,"DSM 4000, ATCC 29863, CCUG 28093, KCTC 5970, VPI 0310, JCM 32125, Prevot S1",1,Flavonifractor plautii,2513237287,anaerobe
,,,,,292800.508,
,,,,,411475.3,
,,,,,GCA_000239295,
,,,,,GCA_010508875,
18082,265,"DSM 6740, ATCC 49531",0,Flavonifractor plautii,2795385455,anaerobe
,,,,,649753.4,
,,,,,GCA_004345805,
130909,WHC-424-CC-2,DSM 29136,0,Flavonifractor plautii,GCA_024622615,anaerobe
130910,mOs-SRB-10A-2011,DSM 29137,0,Flavonifractor plautii,GCA_024622525,anaerobe
130911,YL31,DSM 26117,0,Flavonifractor plautii,2728369350,anaerobe
,,,,,2814123221,
,,,,,GCA_001688625,
,,,,,GCA_002221645,
,,,,,GCA_016696805,
,,,,,GCA_023277885,
3839,,"DSM 4947, MAS 10",1,Flexistipes sinusarabici,2505679008,anaerobe
,,,,,717231.3,
,,,,,GCA_000218625,
22969,BELH25,"DSM 24455, JCM 17559",1,Fonticella tunisiensis,1096341.3,anaerobe
,,,,,2784746797,
,,,,,GCA_004364155,
10459,CreCit1,"DSM 6150, ATCC 49791",1,Formivibrio citricus,2599185172,anaerobe
,,,,,83765.3,
,,,,,GCA_900115065,
140267,AT2,"DSM 100451, CSUR P2014",1,Allofournierella massiliensis,1650663.6,anaerobe
,,,,,2788499850,
,,,,,GCA_004345265,
23457,SGP1,"DSM 25557, JCM 16858",1,Fretibacterium fastidiosum,650377983,anaerobe
,,,,,GCA_000210715,
132158,PEB0191,"DSM 104328, ATCC BAA-2450, NCIMB 14821",1,Frischella perrara,1267021.3,anaerobe
,,,,,1267021.8,
,,,,,2515154034,
,,,,,2630968947,
,,,,,2756170266,
,,,,,GCA_000807275,
,,,,,GCA_003182045,
131519,PG-426-CC-1,"DSM 28559, KCTC 15538",1,Frisingicoccus caecimuris,1796636.8,anaerobe
,,,,,2795385452,
,,,,,GCA_004340975,
,,,,,GCA_024622585,
6461,,"CCUG 32260, NCIMB 8039, JCM 1117, IFO 13954, DSM 20203, ATCC 8288, NCIB 8039, BCRC 14623, CECT 4785, CIP 103042, KCTC 3543, LMG 9201, NBRC 13954, NCFB 2167, NRIC 0973, NRRL B-1841, VTT E-91473, NCDO 2167",1,Fructilactobacillus fructivorans,2660238229,anaerobe
,,,,,2901599293,
,,,,,651324061,
,,,,,941770.3,
,,,,,941770.4,
,,,,,941770.5,
,,,,,GCA_000185465,
,,,,,GCA_001434095,
,,,,,GCA_003368395,
6474,H42,"CCUG 32247, LMG 9478, IAM H42, CIP 103141, LMG 11720, DSM 20571, ATCC 15434, JCM 1199, BCRC 12938, CECT 4136, IFO 15887, JCM 7793, KCTC 3534, NBRC 15887, NCFB 2719, NCIMB 702719, NRIC 0974, NCDO 2719",0,Fructilactobacillus fructivorans,2657245150,anaerobe
,,,,,33961.3,
,,,,,GCA_001436985,
6519,L-12,"DSM 20451, ATCC 27651, NRRL B-3934, CCUG 30143, LMG 7946, JCM 5668, BCRC 14063, CIP 103252, KCTC 3205, LMG 16002, LMG 17498, NRIC 1548, NRRL: B-3934",1,Fructilactobacillus sanfranciscensis,1423800.3,anaerobe
,,,,,1423800.4,
,,,,,1625.37,
,,,,,2667527754,
,,,,,GCA_001436035,
,,,,,GCA_002907365,
,,,,,GCA_003369815,
5993,"Z-7100, Z7100","DSM 24880, VKM B-2667",1,Fuchsiella alkaliacetigena,GCA_023227765,anaerobe
4148,B7-43,"DSM 16056, ATCC BAA-905",1,Fundidesulfovibrio putealis,1121462.3,anaerobe
,,,,,2523231030,
,,,,,GCA_000429325,
6601,CS1,"CCUG 52239, ATCC BAA-822, DSM 15814, CIP 109910, JCM 16176, LMG 22972, VTT E-052790",1,Furfurilactobacillus rossiae,1114972.3,anaerobe
,,,,,1114972.5,
,,,,,1114972.6,
,,,,,2524023155,
,,,,,2548876843,
,,,,,2667528057,
,,,,,GCA_000277855,
,,,,,GCA_000428925,
,,,,,GCA_001435135,
6662,"M1-212, MI-212","DSM 22696, CIP 109367, KCTC 3985, NBRC 101315, JCM 16155, NCIMB 14361",1,Furfurilactobacillus siliginis,2667528109,anaerobe
,,,,,348151.3,
,,,,,348151.5,
,,,,,GCA_001437435,
,,,,,GCA_007989765,
18032,,"DSM 12116, SEBR 4211, ATCC 700852",1,Fusibacter paucivorans,76009.3,anaerobe
,,,,,GCA_018390735,
18033,BELH1,"DSM 24436, JCM 17481",1,Fusibacter tunisiensis,1008308.3,anaerobe
,,,,,2901118534,
,,,,,GCA_016908355,
5766,,"DSM 15542, ATCC BAA-689, CCUG 49733, RMA 1036, JCM 17464, KCTC 5838",1,Fusobacterium canifelinum,285729.7,anaerobe
5767,,"DSM 15543, ATCC BAA-690, RMA 12701",0,Fusobacterium canifelinum,285729.6,anaerobe
5769,3554A,"DSM 19810, ATCC 25563, CCUG 16790, VPI 0482A",1,Fusobacterium gonidiaformans,2806310888,anaerobe
,,,,,469615.12,
,,,,,469615.3,
,,,,,645951804,
,,,,,GCA_000158835,
,,,,,GCA_003019695,
2654,,"DSM 1295, ATCC 25751, NCIB 10651, VPI 2488, JCM 1412, BCRC 14525, NCIMB 10651",0,Fusobacterium mortiferum,2928356456,anaerobe
153526,,"CCUG 50052, ATCC 25832, NCTC 13121",1,Fusobacterium naviforme,2588253511,anaerobe
,,,,,2859142826,
,,,,,77917.1,
,,,,,77917.3,
,,,,,77917.4,
,,,,,GCA_003014445,
,,,,,GCA_008801825,
,,,,,GCA_900450945,
141696,,"CCUG 4949, ATCC 25556, NCTC 10723",1,Fusobacterium necrogenes,2869315825,anaerobe
,,,,,858.4,
,,,,,GCA_900450765,
5776,"Fn524, Fn 524, 6161","DSM 19678, ATCC 51357, CCUG 42162, CIP 104859, JCM 3724, VPI 6161",1,Fusobacterium necrophorum,1095747.3,anaerobe
,,,,,143387.88,
,,,,,2537561963,
,,,,,GCA_000262225,
,,,,,GCA_008801775,
5760,"Fievez 2358, Moore VPI 2891, 2358, 10145","CCUG 4948, DSM 21784, ATCC 25286, CCUG 9994, CIP 104559, DSM 19788, JCM 3718, VPI 2891, BCRC 10679, NCTC 13726",1,Fusobacterium necrophorum subsp. necrophorum,143388.5,anaerobe
,,,,,143388.7,
,,,,,2597490366,
,,,,,2847466697,
,,,,,2859123070,
,,,,,859.47,
,,,,,GCA_004006635,
,,,,,GCA_900104395,
,,,,,GCA_900451075,
5762,LH 37,"CCUG 32879, DSM 19679, ATCC 51191, CIP 104879, JCM 11025, NCTC 12276",1,Fusobacterium animalis,2540341044,anaerobe
,,,,,997347.4,
,,,,,GCA_000220825,
5765,1612A,"DSM 15643, ATCC 25586, CCUG 32989, CIP 101130, JCM 8532, LMG 13131, VPI 4355, BCRC 10681, CCUG 33059, KCTC 2640",1,Fusobacterium nucleatum subsp. nucleatum,190304.8,anaerobe
,,,,,637000117,
,,,,,GCA_000007325,
5761,555A,"DSM 20482, ATCC 10953, NCTC 10562, CCUG 9126, JCM 12990",1,Fusobacterium nucleatum subsp. polymorphum,2657245671,anaerobe
,,,,,393480.13,
,,,,,393480.8,
,,,,,641736256,
,,,,,76857.86,
,,,,,76857.9,
,,,,,GCA_000153625,
,,,,,GCA_001457555,
5775,EM48,"DSM 19507, ATCC 49256, CIP 104988, JCM 11023, CCUG 37843",1,Fusobacterium vincentii,209882.4,anaerobe
,,,,,638341097,
,,,,,GCA_000182945,
5763,"SOR, OR","DSM 19508, ATCC 51190, CCUG 32880, CIP 104878, JCM 11024, NCTC 11326",0,Fusobacterium vincentii,1196653.3,anaerobe
,,,,,155615.7,
,,,,,2519899747,
,,,,,2856191474,
,,,,,GCA_000279975,
,,,,,GCA_900450795,
5771,EK1-15,"DSM 19545, ATCC 33693, CCUG 14345, JCM 12991, KCTC 15383",1,Fusobacterium periodonticum,546275.3,anaerobe
,,,,,645951848,
,,,,,GCA_000160475,
5772,7511 R2-13,"DSM 19848, ATCC 33568, CCM 3660, CCUG 16798, JCM 17465, KCTC 5548",1,Fusobacterium simiae,GCA_026089295,anaerobe
5773,,"DSM 19847, ATCC 49185, CCUG 50053, NCTC 12111",1,Fusobacterium ulcerans,2562617154,anaerobe
,,,,,2806310933,
,,,,,2841649680,
,,,,,469617.11,
,,,,,469617.3,
,,,,,861.4,
,,,,,GCA_000158315,
,,,,,GCA_003019675,
,,,,,GCA_900683735,
5774,,"DSM 19868, ATCC 8501, CCUG 4858, NCTC 10560, JCM 6320, BCRC 17682",1,Fusobacterium varium,2847458331,anaerobe
,,,,,856.21,
,,,,,GCA_900637705,
140312,RP51,"DSM 100235, CCM 8606, LMG 28778",1,Galliscardovia ingluviei,1769422.3,anaerobe
,,,,,GCA_014635685,
5451,,"DSM 15102, CIP 107615, MET 79",1,Garciella nitratireducens,1121911.3,anaerobe
,,,,,2568526006,
,,,,,GCA_900167305,
1757,594,"DSM 4944, ATCC 14018, CCUG 3717, NCTC 10915, NCTC 10287, LMG 7832, JCM 11026, BCRC 17040, CIP 70.74, KCTC 5096, LMG 14323",1,Gardnerella vaginalis,2630968301,anaerobe
,,,,,2702.105,
,,,,,2702.194,
,,,,,2841333980,
,,,,,2854645441,
,,,,,585528.11,
,,,,,585528.15,
,,,,,585528.19,
,,,,,585528.6,
,,,,,648276678,
18122,M60449/99/1,"DSM 15828, CCUG 42726, CIP 106481, ATCC BAA-287",1,Gemella cuniculi,1121914.3,anaerobe
,,,,,2523533578,
,,,,,GCA_000425665,
138670,Neisseria haemolysans,"CIP 101126, ATCC 10379, NCTC 12968, CCUG 37985, DSM 107751, LMG 18984",1,Gemella haemolysans,1379.125,anaerobe
,,,,,1379.126,
,,,,,1379.127,
,,,,,1379.128,
,,,,,546270.5,
,,,,,645058834,
,,,,,GCA_000173915,
18121,2917 B,"DSM 20572, ATCC 27824, JCM 12968, VPI 5424, CCUG 15561, CCUG 18164, CECT 991, CIP 81.10, LMG 18985, NCDO 2228, NCIMB 702228, NCTC 11323",1,Gemella morbillorum,2808606651,anaerobe
,,,,,29391.35,
,,,,,29391.36,
,,,,,29391.37,
,,,,,29391.38,
,,,,,29391.4,
,,,,,GCA_900476045,
5808,Z-0531,"DSM 17813, VKM B-2401",1,Geoalkalibacter ferrihydriticus,1121915.3,anaerobe
,,,,,2593339172,
,,,,,2599185148,
,,,,,392333.6,
,,,,,GCA_000820505,
,,,,,GCA_900103065,
130339,Red1,"DSM 29995, DSM 23483, JCM 15104, JCM 30610, DSM 28483, KCTC 5626",1,Geoalkalibacter subterraneus,2593339207,anaerobe
,,,,,483547.12,
,,,,,GCA_000827125,
5798,TACP-2,DSM 13689,1,Geobacter grbiciae,155042.3,anaerobe
,,,,,GCA_018531165,
5800,H-2,DSM 13691,1,Geobacter hydrogenophilus,40983.3,anaerobe
,,,,,GCA_018501225,
5791,GS-15,"DSM 7210, ATCC 53774",1,Geobacter metallireducens,269799.19,anaerobe
,,,,,269799.8,
,,,,,637000119,
,,,,,GCA_000012925,
5802,Dfr2,"DSM 12255, OCM 797",1,Geoanaerobacter pelophilus,2841898008,anaerobe
,,,,,60036.17,
,,,,,GCA_002117975,
,,,,,GCA_018476885,
5804,G13,"DSM 17153, ATCC BAA-1140, JCM 13000",1,Geobacter pickeringii,2608642258,anaerobe
,,,,,2630968939,
,,,,,345632.6,
,,,,,GCA_000817955,
5793,RE1,DSM 2909,0,Geobacter sp.,2135459.3,anaerobe
,,,,,2754412939,
5794,Ra 6,DSM 9736,0,Geobacter sp.,1277350.3,anaerobe
,,,,,2728369264,
,,,,,GCA_900187405,
5792,PCA,"DSM 12127, ATCC 51573",1,Geobacter sulfurreducens subsp. sulfurreducens,243231.5,anaerobe
,,,,,637000120,
,,,,,GCA_000007985,
18102,SBH6,"DSM 21716, VKM B-2522",1,Geoglobus acetivorans,2634166507,anaerobe
,,,,,565033.4,
,,,,,GCA_015163485,
24779,234,"DSM 27542, ATCC BAA-425",1,Geoglobus ahangari,2808606696,anaerobe
,,,,,GCA_001006045,
23031,OSK6,"DSM 24905, JCM 17780",1,Geomobilimonas luticola,1114878.3,anaerobe
,,,,,GCA_018476905,
5803,Bem,"DSM 16622, ATCC BAA-1014, JCM 12645",1,Geomonas bemidjiensis,642555129,anaerobe
5789,A1,"DSM 16401, ATCC BAA-880, JCM 12469",1,Geopsychrobacter electrodiphilus,1121918.7,anaerobe
,,,,,2522572047,
,,,,,GCA_000384395,
2867,VNs68,"DSM 17957, JCM 14037, CIP 109751",1,Geosporobacter subterraneus,1121919.3,anaerobe
,,,,,2585428170,
,,,,,GCA_900142145,
5807,FRC-32,"DSM 22248, JCM 15807",1,Geotalea daltonii,GCA_000022265,anaerobe
5806,TMJ1,"DSM 19350, JCM 15764",1,Geotalea toluenoxydans,1294260.3,anaerobe
,,,,,2728369703,
,,,,,GCA_001311985,
5790,SSO15,"DSM 15274, ATCC BAA-635, JCM 12418",1,Geothermobacter ehrlichii,2784746791,anaerobe
17672,H-5,"DSM 14018, ATCC 700665",1,Geothrix fermentans,1121920.7,anaerobe
,,,,,2523231062,
,,,,,GCA_000428885,
3840,AAFu3,"DSM 11263, ATCC BAA-311",1,Geovibrio thiophilus,139438.5,anaerobe
,,,,,2836696539,
,,,,,GCA_004087915,
157587,NO3,"DSM 105629, LMG 30293",1,Gilliamella apis,2834098943,anaerobe
,,,,,GCA_002142155,
23521,V2561,DSM 26657,0,Gleimia europaea,2923563042,anaerobe
3075,7-10-1-b,"DSM 19378, CCUG 55131, KCTC 15161, JCM 16334",1,Gordonibacter pamelaeae,650377943,anaerobe
,,,,,657308.3,
,,,,,GCA_000210055,
24792,,"DSM 27213, CCUG 64261, KCTC 15440, CEBAS 1/15P, CEBAS 1/15",1,Gordonibacter urolithinfaciens,1335613.12,anaerobe
,,,,,1335613.4,
,,,,,GCA_003788975,
2537,9a,"DSM 604, ATCC 7906, IMG 1642, KCTC 5404",1,Gottschalkia acidurici,1128398.8,anaerobe
,,,,,2517487003,
,,,,,GCA_000299355,
2650,,"DSM 1384, ATCC 33906, WA 1",1,Clostridium purinilyticum,1503.6,anaerobe
,,,,,2645727973,
,,,,,GCA_001190785,
14324,H1,"DSM 7334, ATCC 51460",1,Gracilinema caldarium,2505679006,anaerobe
,,,,,744872.3,
,,,,,GCA_000219725,
2274,GaD,"DSM 9848, ATCC 49175, CIP 103243, CCUG 27637 A, CCUG 27809",1,Granulicatella adiacens,46124.66,anaerobe
,,,,,46124.67,
,,,,,46124.71,
,,,,,46124.72,
,,,,,638301.3,
,,,,,638301.55,
,,,,,645951817,
,,,,,GCA_000160675,
,,,,,GCA_025150565,
2276,M1975/96/1,"DSM 15827, ATCC 700813, CCUG 37380, CIP 105938",1,Granulicatella balaenopterae,137733.3,anaerobe
,,,,,2684622850,
,,,,,GCA_900111135,
2275,"B1333, B-1333","DSM 11693, CCUG 38949, CCM 4945, CIP 105513",1,Granulicatella elegans,137732.26,anaerobe
,,,,,137732.27,
155670,,CCUG 58848,0,Haemophilus parainfluenzae,729.35,anaerobe
,,,,,GCA_001679405,
5982,CEJFG43,"DSM 23230, JCM 16696",1,Halanaerobacter jeridensis,2901107112,anaerobe
,,,,,706427.3,
,,,,,GCA_016908315,
5859,,"DSM 11287, SEBR 4224",1,Halanaerobium congolense,2740892605,anaerobe
,,,,,54121.23,
5861,GSL,"DSM 2228, ATCC 33744",1,Halanaerobium praevalens,572479.3,anaerobe
,,,,,650377948,
,,,,,GCA_000165465,
5864,Z-7787,DSM 6643,1,Haloincola saccharolyticus subsp. saccharolyticus,1293054.3,anaerobe
,,,,,2600255242,
,,,,,GCA_000350165,
5977,MH1-52-1,"DSM 22442, CECT 7534, JCM 16109",1,Halarchaeum acidiphilum,1261545.1,anaerobe
,,,,,1261545.11,
,,,,,2648501790,
,,,,,2648501819,
,,,,,GCA_000400975,
,,,,,GCA_000474235,
12544,"94067913, W3326","JCM 51224, DSM 17361, CCUG 51224, JCM 13869",1,Prevotella bergensis,585502.3,anaerobe
,,,,,645951825,
,,,,,GCA_000160535,
132987,A1336,"DSM 100333, CCOS 902, CCUG 67421, KCTC 15694",1,Prevotella colorans,1703337.3,anaerobe
,,,,,2756170230,
,,,,,GCA_003096815,
12543,PPPA20,"DSM 17128, JCM 12954, CCUG 58057, KCTC 15700",1,Prevotella multisaccharivorax,2503754046,anaerobe
,,,,,688246.3,
,,,,,688246.6,
,,,,,688246.7,
,,,,,688246.8,
,,,,,688246.9,
,,,,,GCA_000218235,
,,,,,GCA_019973315,
24344,,"DSM 28061, ATCC 51272, CCUG 33639, CIP 107046, VPI D238B-15",1,Hallella seregens,1336250.3,anaerobe
,,,,,2545555854,
,,,,,GCA_000518545,
2440,"SL 3201, 6410","DSM 11080, ATCC 700202",1,Halochromatium glycolicum,85075.5,anaerobe
,,,,,GCA_016584085,
2441,JA134,"DSM 18859, ATCC BAA-1363, JCM 14151, CIP 109733",1,Halochromatium roseum,391920.5,anaerobe
,,,,,GCA_016653315,
2439,6310,"DSM 4395, SG 3201",1,Halochromatium salexigens,49447.5,anaerobe
,,,,,GCA_016653295,
4161,,"DSM 17919, ATCC 29578, NCIMB 9335, Sylt 3",1,Halodesulfovibrio aestuarii,1121444.3,anaerobe
,,,,,2518645586,
,,,,,2585428154,
,,,,,876.1,
,,,,,GCA_000384815,
,,,,,GCA_900142115,
4126,W218,DSM 10141,0,Halodesulfovibrio aestuarii,1121434.3,anaerobe
,,,,,2524614816,
,,,,,GCA_000422525,
4153,"NMRC 101113, C/L 2","DSM 17456, JCM 14577, NBRC 101113",1,Halodesulfovibrio marinisediminis,1121457.4,anaerobe
,,,,,2585428071,
,,,,,GCA_900129975,
133061,JC271,"DSM 100016, KCTC 15474",1,Halodesulfovibrio spirochaetisodalis,2751185719,anaerobe
,,,,,GCA_001672295,
5986,Z-7986,"DSM 13868, UNIQUEM 211",1,Halonatronum saccharophilum,2509887032,anaerobe
,,,,,926692.3,
,,,,,GCA_000517025,
17673,SSD-17B,"DSM 18853, JCM 14575",1,Haloplasma contractile,1033810.11,anaerobe
,,,,,2562617192,
,,,,,GCA_000215935,
5882,SARL4B,"DSM 18392, JCM 14471",1,Halorhabdus tiamatea,1033806.12,anaerobe
,,,,,1033806.93,
,,,,,2562617191,
,,,,,2654588040,
,,,,,GCA_000215915,
4281,BN9840,"DSM 2110, ATCC 35917, JCM 39379",1,Halorhodospira abdelmalekii,421629.5,anaerobe
,,,,,GCA_016583625,
4282,A,"DSM 1059, JCM 39378",1,Halorhodospira halochloris,1052.12,anaerobe
,,,,,1052.8,
,,,,,1354791.3,
,,,,,2571042483,
,,,,,GCA_002356555,
,,,,,GCA_016583605,
4285,,"DSM 15116, SG 3301, JCM 17835",1,Halorhodospira neutriphila,168379.4,anaerobe
,,,,,GCA_016584055,
132644,V20-281a,"DSM 100433, CECT 8892",1,Harryflintia acetispora,1849041.17,anaerobe
,,,,,2788499847,
2601,"Weinberg, LRA 050 07 85","DSM 2158, ATCC 19401, BCRC 10644, CCUG 4854, CIP 103713, CN 1693, JCM 1403, NCIMB 503, NCTC 503, CECT 4109, KCTC 5010",1,Hathewaya histolytica,1498.4,anaerobe
,,,,,GCA_901482605,
2613,A 46,"DSM 1400, ATCC 25620, ATCC 25760, NCIB 10638, CCUG 24037, VPI 2700, JCM 1427, BCRC 14513, CECT 4329, NCIMB 10638",1,Hathewaya limosa,2928998743,anaerobe
2648,CG,"DSM 3090, ATCC 49002",1,Hathewaya proteolytica,1121331.3,anaerobe
,,,,,2585428174,
,,,,,GCA_900142225,
17992,,"DSM 17243, CCUG 47334, CIP 108183",1,Helcococcus sueciensis,1121947.8,anaerobe
,,,,,2524614727,
,,,,,GCA_000423145,
6109,HS1,"DSM 19735, LMG 23995",1,Helicobacter suis,104628.53,anaerobe
,,,,,649989954,
,,,,,710393.3,
,,,,,GCA_000187625,
,,,,,GCA_017979375,
6118,Romero/Guest 6,"DSM 6151, ATCC 43427",1,Heliobacterium mobile,28064.3,anaerobe
,,,,,GCA_009720735,
6121,Gest/Favinger,"DSM 3682, ATCC 35205",1,Heliobacterium chlorum,2698.4,anaerobe
,,,,,GCA_014502795,
6123,Chainat,"DSM 11169, ATCC 43375",1,Heliomicrobium gestii,2699.5,anaerobe
,,,,,2699.6,
,,,,,2901048070,
,,,,,GCA_009877435,
,,,,,GCA_016908025,
6124,BG29,DSM 13378,1,Heliomicrobium undosum,121734.5,anaerobe
,,,,,GCA_009877425,
6119,Tanzania,"DSM 11170, ATCC 51790",1,Heliophilum fasciatum,2795386140,anaerobe
,,,,,35700.3,
,,,,,GCA_004341395,
131395,T3/55,"DSM 29228, CECT 8801",1,Herbinix hemicellulosilytica,1564487.6,anaerobe
,,,,,2770939568,
,,,,,GCA_003315275,
132646,SD1D,"DSM 100831, CECT 8959",1,Herbinix luporum,2757320858,anaerobe
,,,,,GCA_900070325,
6356,PC18,"DSM 15480, ATCC BAA-677, CCUG 46279, NRRL B-23456, CIP 108344",1,Hespellia stercorisuis,1121950.3,anaerobe
,,,,,2585428171,
,,,,,GCA_900142165,
654,"609, NRS-609","DSM 1, CCM 2013, NCIB 9365, NCTC 10334, WDCM 00002, CCUG 7417, ATCC 7050, IAM 1115, NRS 609, JCM 2257, BCRC 10606, CECT 12, CFBP 4225, CIP 66.25, CN 2202, HAMBI 1931, IAM 12463, IFO 12583, IMET 10993, KCTC 3625, LMG 6326, NBRC 12583, NCCB 77025, NCFB 1761, NCIMB 9365, NRIC 1005, NRRL NRS-609, VKM B-497, VTT E-98150, NCDO 1761",1,Heyndrickxia coagulans,1121088.1,anaerobe
,,,,,1121088.13,
,,,,,1121088.3,
,,,,,1121088.9,
,,,,,2524614861,
,,,,,2630968645,
,,,,,GCA_000290615,
,,,,,GCA_000420205,
,,,,,GCA_000832905,
,,,,,GCA_900128875,
4188,EP5-r,"DSM 24586, OCM 986",1,Hippea alviniae,2523231012,anaerobe
,,,,,944480.3,
,,,,,GCA_000420385,
4187,Mar08-272r,"DSM 24585, OCM 985",1,Hippea jasoniae,2582581238,anaerobe
,,,,,GCA_000744435,
4184,"MH2, MH<SUB>2</SUB>","DSM 10411, ATCC 700847",1,Hippea maritima,2504136000,anaerobe
,,,,,760142.3,
,,,,,GCA_000194135,
5417,,"DSM 3989, ATCC 27806, KCTC 5969, CCUG 28091, VPI C17-5, JCM 10412",1,Holdemanella biformis,518637.5,anaerobe
,,,,,642979360,
,,,,,GCA_000156655,
5373,,"DSM 12042, ATCC 51649, CCUG 39501, VPI J1-31B-1",1,Holdemania filiformis,545696.5,anaerobe
,,,,,643886103,
,,,,,GCA_000157995,
17671,TMBS4,"DSM 6591, JCM 39407",1,Holophaga foetida,2509601028,anaerobe
,,,,,903818.3,
,,,,,GCA_000242615,
12528,HS4,"CCUG 15557, NCTC 13064, JCM 12246, DSM 20616, ATCC 35310, NCDO 2354",1,Prevotella buccalis,647000293,anaerobe
,,,,,679190.26,
,,,,,679190.3,
,,,,,GCA_000177075,
,,,,,GCA_025151385,
12553,,"DSM 19665, ATCC 15930, JCM 12249, NCTC 11321, CCUG 5914, Loesche strain 8B, JCM 8530, BCRC 10621, VPI 9085",1,Prevotella loescheii,1122985.3,anaerobe
,,,,,1122985.6,
,,,,,1122985.7,
,,,,,2518645604,
,,,,,GCA_000378085,
,,,,,GCA_000613485,
,,,,,GCA_000698925,
12542,E 934,"JCM 13450, DSM 16973, CCUG 50419",1,Prevotella marshii,1236489.4,anaerobe
,,,,,2585427902,
,,,,,648276716,
,,,,,862515.4,
,,,,,GCA_000146675,
,,,,,GCA_000613625,
12555,,"DSM 19126, CCUG 54409, CIP 108993, JCM 15639, LBN 293, AIP 261.03, KCTC 15075, AIP 261-03",1,Prevotella nanceiensis,1122988.3,anaerobe
,,,,,1236507.3,
,,,,,2514885007,
,,,,,2585427904,
,,,,,GCA_000379965,
,,,,,GCA_000613985,
12532,,"CCUG 15408, JCM 12251, DSM 20702, ATCC 33269, NCTC 11459, VPI D27B-24",1,Prevotella oralis,2695421016,anaerobe
,,,,,28134.3,
,,,,,649989988,
,,,,,873533.3,
,,,,,GCA_000185145,
,,,,,GCA_900129435,
12566,D033B-12-2,"DSM 22473, CCUG 57944, JCM 17484",1,Prevotella saccharolytica,1236516.4,anaerobe
,,,,,2585427907,
,,,,,GCA_000614205,
12539,EHS11,"DSM 15611, JCM 12083, CCUG 51933, KCTC 15078",1,Prevotella shahii,1122991.5,anaerobe
,,,,,1235817.5,
,,,,,2585427597,
,,,,,2585427909,
,,,,,GCA_000613445,
,,,,,GCA_003201715,
12556,4401737,"JCM 50105, DSM 22865, CCUG 50105, CIP 108522, JCM 15640, KCTC 15080",1,Prevotella timonensis,1122992.3,anaerobe
,,,,,1122992.4,
,,,,,1122992.6,
,,,,,2523533627,
,,,,,2585427924,
,,,,,2600255039,
,,,,,GCA_000430565,
,,,,,GCA_000455445,
,,,,,GCA_000614005,
4168,,"DSM 15450, JCM 14124, CY 1",1,Humidesulfovibrio idahonensis,2574180452,anaerobe
4141,,"DSM 13116, JCM 15822, Lup 1",1,Humidesulfovibrio mexicanus,147047.3,anaerobe
,,,,,2622736540,
,,,,,GCA_900188225,
23864,UB-B.2,"DSM 24995, MTCC 11101",1,Hungatella effluvii,1096246.3,anaerobe
,,,,,2770939556,
,,,,,GCA_003201875,
2808,1313,"DSM 13479, CCUG 43506, CIP 109440, MTCC 10951, AIP 10224",1,Hungatella hathewayi,154046.361,anaerobe
,,,,,566550.8,
,,,,,645951835,
,,,,,GCA_000160095,
,,,,,GCA_025149285,
1603,X5-1,"DSM 3808, CCUG 48289",1,Lacrimispora xylanisolvens,2739367553,anaerobe
,,,,,384636.4,
,,,,,GCA_002934545,
24818,LX-B,"DSM 25471, CGMCC 1.5175, JCM 18117",1,Hydrogenispora ethanolica,1082276.3,anaerobe
,,,,,2788499852,
,,,,,GCA_004340685,
509,ISBSK3,"DSM 16510, ATCC BAA-821, JCM 12173",1,Hydrogenivirga caldilitoris,246264.3,anaerobe
,,,,,2681812961,
,,,,,GCA_003664005,
17692,SW512,"DSM 24774, CGMCC 1.5070, JCM 14861",1,Hydrogenoanaerobacterium saccharovorans,2667527384,anaerobe
,,,,,2786546165,
,,,,,474960.3,
,,,,,474960.5,
,,,,,GCA_003814745,
,,,,,GCA_900110045,
13524,PLM1-5,"DSM 5456, JCM 9403",1,Hyperthermus butylicus,415426.13,anaerobe
,,,,,640069314,
,,,,,GCA_000015145,
17819,Mat9-16,"DSM 19864, NBRC 101810, JCM 16511",1,Ignavibacterium album,2513237218,anaerobe
,,,,,945713.3,
,,,,,GCA_000258405,
4191,"KIN4/1, KIN4/I","DSM 18386, JCM 14125",1,Ignicoccus hospitalis,453591.15,anaerobe
,,,,,640753029,
,,,,,GCA_000017945,
4189,,"DSM 13165, ATCC 700957, Kol 8",1,Ignicoccus islandicus,GCA_001481685,anaerobe
4190,LPC 33,"DSM 13166, ATCC 700958",1,Ignicoccus pacificus,GCA_025340205,anaerobe
4192,"AQ1.S1, TG 866","DSM 17230, JCM 13409",1,Ignisphaera aggregans,583356.9,anaerobe
,,,,,648028035,
,,,,,GCA_000145985,
140269,NYU-BL-A3,"DSM 103668, ATCC TSD-63",1,Ileibacterium valens,2788500240,anaerobe
,,,,,GCA_001945525,
5777,,"DSM 2926, CuHbu CuHBu1, CuHbu 1",1,Ilyobacter polytropus,572544.11,anaerobe
,,,,,572544.12,
,,,,,572544.3,
,,,,,649633056,
,,,,,GCA_000165505,
2830,,"DSM 16795, ATCC BAA-827, CCUG 48940, WAL 16138",1,Intestinibacter bartlettii,2585428074,anaerobe
,,,,,261299.117,
,,,,,445973.14,
,,,,,641736113,
,,,,,GCA_000154445,
,,,,,GCA_025148965,
,,,,,GCA_900167285,
24772,SRB-521-5-l,"DSM 26588, CCUG 63529, KCTC 15744, JCM 32124",1,Intestinimonas butyriciproducens,1297617.27,anaerobe
,,,,,1297617.82,
,,,,,2756170247,
,,,,,GCA_003096335,
,,,,,GCA_024622565,
6314,55134,"DSM 20603, ATCC 14870, CIP 55134, NCTC 10816, CCUG 15532, CIP 55.134, JCM 11481, BCRC 15368, CCM 4048, CECT 918, IFM 10529, IFO 15587, IMSNU 21281, NBRC 15587",1,Jonesia denitrificans,2808606808,anaerobe
,,,,,43674.4,
,,,,,43674.5,
,,,,,471856.5,
,,,,,644736376,
,,,,,GCA_000024065,
,,,,,GCA_900475835,
17784,,"DSM 22815, CCUG 53819, CIP 109408, ADV 126, AIP 136.05",1,Jonquetella anthropi,2508501103,anaerobe
,,,,,885272.3,
,,,,,GCA_000237805,
5378,"RL 2, T 185","DSM 20405, ATCC 27783, CCUG 32236, JCM 1143, JCM 8228, LMG 18931, CIP 103154, NRRL B-14854, BCRC 14621, KCTC 3578, LMG 17754, LMG 18316, LMG 9474, NCFB 2030, NCIMB 702030, NCDO 2030",1,Kandleria vitulina,1410657.3,anaerobe
,,,,,1410657.5,
,,,,,2561511092,
,,,,,2660237909,
,,,,,GCA_000702065,
,,,,,GCA_001436965,
397,SW-154,"DSM 16071, KCTC 12183, JCM 12318",1,Kangiella aquimarina,1122134.4,anaerobe
,,,,,2515154212,
,,,,,GCA_000374105,
396,SW-125,"DSM 16069, KCTC 12182, JCM 12317",1,Kangiella koreensis,523791.5,anaerobe
,,,,,644736377,
,,,,,GCA_000024085,
133836,BB-Mw22,"KCTC 23892, CCUG 62217",1,Kangiella sediminilitoris,1144748.3,anaerobe
,,,,,2751185718,
,,,,,GCA_001708405,
22970,KD-1,"DSM 26752, JCM 18769",1,Keratinibaculum paraultunense,1278232.3,anaerobe
,,,,,2784746792,
,,,,,GCA_004343355,
,,,,,GCA_016767175,
17072,S304,"DSM 22549, JCM 15790, NBRC 109616",1,Kosmotoga arenicorallina,1453497.3,anaerobe
,,,,,2811995046,
,,,,,GCA_001636545,
131351,SLHLJ1,"DSM 26965, JCM 19180, MCCC 1A00641, UBOCC 3254",1,Kosmotoga pacifica,1330330.3,anaerobe
,,,,,2645727976,
,,,,,GCA_001027025,
6378,N1,"DSM 24553, CCUG 60305",1,Lachnoanaerobaculum orale,979627.3,anaerobe
,,,,,GCA_003862485,
6376,T2,"DSM 3986, ATCC 33271, CCUG 28089, CIP 105341, JCM 11021, VPI 11763, AIP 10202",1,Lachnoanaerobaculum saburreum,649989950,anaerobe
,,,,,887325.3,
,,,,,GCA_000185385,
6377,"CD3:22, CD3 : 22","DSM 23576, CCUG 58757",1,Lachnoanaerobaculum umeaense,2754412935,anaerobe
,,,,,2832953387,
,,,,,617123.3,
,,,,,617123.56,
,,,,,GCA_003254255,
,,,,,GCA_003589745,
6358,YZ 87,"DSM 14045, ATCC BAA-151, LRC 5382",1,Lachnobacterium bovis,1122142.3,anaerobe
,,,,,2593339158,
,,,,,GCA_900107245,
5425,C15-B4,"DSM 3376, ATCC 27750",1,Lachnospira eligens,515620.21,anaerobe
,,,,,515620.33,
,,,,,515620.34,
,,,,,515620.4,
,,,,,644736366,
,,,,,GCA_000146185,
6359,D32,"DSM 3073, ATCC 19207",1,Lachnospira multipara,1282887.3,anaerobe
,,,,,2524614802,
,,,,,GCA_000424105,
2742,X8A62,"DSM 5434, ATCC 43524, CCUG 55584, JCM 15733",1,Lacrimispora aerotolerans,1410651.3,anaerobe
,,,,,2558860131,
,,,,,GCA_000687555,
2602,7,"CCUG 55582, JCM 1380, NCTC 11811, KCTC 5151, BCRC 11667, DSM 755, ATCC 25771, NCIB 9731, NCIMB 9731, VPI 4520, VTT E-042445",1,Lacrimispora indolis,1304881.3,anaerobe
,,,,,2524614838,
,,,,,69825.3,
,,,,,GCA_000526995,
,,,,,GCA_900618075,
2657,WM1,"DSM 2544, ATCC 35040, NRC 2533",1,Lacrimispora saccharolytica,648028018,anaerobe
2704,"Thorlby, Tholby, 10086","DSM 632, ATCC 19403, NCIB 10627, NCTC 507, JCM 1415, BCRC 14515, CECT 796, CIP 104283, LMG 10390, NCIMB 10627",1,Lacrimispora sphenoides,1297793.5,anaerobe
,,,,,1297793.6,
,,,,,2675902961,
,,,,,2728369722,
,,,,,2808606748,
,,,,,29370.3,
,,,,,GCA_001312385,
,,,,,GCA_900105615,
,,,,,GCA_900461315,
11791,50,"DSM 4024, VKM B-1591",0,Lacrimispora sphenoides,1298920.3,anaerobe
,,,,,2687453780,
,,,,,58134.4,
,,,,,GCA_900105215,
6607,A24-2-1,"DSM 15945, AS 1.2826, LMG 21017, JCM 12539, CGMCC 1.2826, CIP 107744, NBRC 106106",1,Lacticaseibacillus pantheris,1423783.3,anaerobe
,,,,,1423783.4,
,,,,,1423783.5,
,,,,,2663763308,
,,,,,2728369673,
,,,,,2731957670,
,,,,,GCA_001311175,
,,,,,GCA_001435155,
,,,,,GCA_001591865,
6548,RO94,"DSM 5622, ATCC 25302, NCDO 151, CCUG 32212, LMG 13087, JCM 8130, CIP 103918, NBRC 15889, AS 1.2826, BCRC 12248, CECT 4022, IFO 15889, KCTC 3510, NCFB 151, NRIC 0950",1,Lacticaseibacillus paracasei subsp. paracasei,1226298.1,anaerobe
,,,,,1226298.3,
,,,,,1226298.9,
,,,,,1423829.3,
,,,,,2667528038,
,,,,,2912347755,
,,,,,47714.15,
,,,,,47714.17,
,,,,,525337.3,
,,,,,643886051,
6427,,"DSM 20021, ATCC 7469, CCM 1825, NCDO 243, NCIB 6375, WDCM 00101, CCUG 21452, NCTC 6375, JCM 1136, BCC 49729, BCRC 10940, CECT 278, CIP A157, IAM 1118, IFO 3425, KCTC 1046, LMG 6400, NBRC 3425, NCAIM B.01147, NCCB 46033, NCFB 243, NCIMB 6375, NCTC 12953, NRIC 1043, NRRL B-176, NRRL B-442, VKM B-574, IMET 10691, NCIMB 8010",1,Lacticaseibacillus rhamnosus,1236940.3,anaerobe
,,,,,1423797.16,
,,,,,1423797.7,
,,,,,2585427882,
,,,,,2690315983,
,,,,,GCA_000615245,
,,,,,GCA_001435405,
,,,,,GCA_002849515,
,,,,,GCA_007990855,
6522,71,"DSM 20505, ATCC 49974, JCM 1186, NCDO 2590, NCIB 11720, CCUG 39466, NCIMB 11720, KCTC 3803, BCRC 11662, CIP 101266, KCTC 5051, LMG 9214, NCFB 2590, NRIC 1641, NRRL B-14855",1,Lacticaseibacillus sharpeae,1291052.4,anaerobe
,,,,,1291052.5,
,,,,,2667527799,
,,,,,2681813031,
,,,,,GCA_001311055,
,,,,,GCA_001436225,
2287,MIC1-18,"DSM 19658, NBRC 101988",1,Lacticigenium naphthae,1122143.3,anaerobe
,,,,,2524023191,
,,,,,GCA_000425865,
6626,,"DSM 16365, CIP 108320, CCUG 50787, DKO 22, JCM 16169, BCRC 17638, NBRC 106468, NRIC 0653",1,Lactiplantibacillus argentoratensis,1423831.3,anaerobe
,,,,,2700989149,
,,,,,271881.5,
,,,,,271881.7,
,,,,,2902495512,
,,,,,GCA_001435215,
,,,,,GCA_003641165,
,,,,,GCA_007991855,
131552,TCF032-E4,"DSM 100358, CCTCC AB 2015090",1,Lactiplantibacillus herbarum,2630968393,anaerobe
,,,,,GCA_001039045,
6569,,"DSM 10667, CIP 104668, CNRZ 1885, CCUG 35983, CST 10961, JCM 12533, ATCC 700211, BCRC 17178, CCM 4613, LMG 16673, NBRC 107151, NCIMB 13579, NRRL B-23115, VTT E-093128",1,Lactiplantibacillus paraplantarum,1423789.3,anaerobe
,,,,,2663762986,
,,,,,2896850075,
,,,,,60520.2,
,,,,,60520.22,
,,,,,GCA_001435655,
,,,,,GCA_003641145,
,,,,,GCA_007991915,
6498,,"DSM 13273, ATCC BAA-171, NRRL B-14768, CCUG 45396, CIP 106786, JCM 11125, NCIMB 14068",0,Lactiplantibacillus plantarum,1590.166,anaerobe
,,,,,2663763241,
,,,,,GCA_001436855,
6402,,"DSM 20749, ATCC 43578, JCM 3825, CCUG 32229, LMG 10751, CIP 103180, NCIMB 12799, NBI 3014, CECT 4019, NCFB 2798",1,Lactobacillus acetotolerans,1423714.3,anaerobe
,,,,,1423714.4,
,,,,,1423714.7,
,,,,,2681813023,
,,,,,2700989123,
,,,,,GCA_001311725,
,,,,,GCA_001436775,
,,,,,GCA_014648715,
6404,"L917, Scav","DSM 20079, ATCC 4356, NCDO 1748, NCIB 8690, WDCM 00098, CCUG 5917, IFO 13951, CCM 4833, JCM 1132, BCRC 10695, CECT 903, CGMCC 1.1878, CIP 76.13, HAMBI 84, KCTC 3111, KCTC 3164, LMG 13550, LMG 9433, NBRC 13951, NCCB 98067, NCFB 1748, NCIMB 8690, NCTC 12980, NRIC 1547, NRRL B-23431, NRRL B-4239, NRRL B-4495, VKM B-1660, VPI 6032, VTT E-96276, IID 893, IMET 10710, PCM 249",1,Lactobacillus acidophilus,1226675.3,anaerobe
,,,,,1236547.3,
,,,,,1423717.3,
,,,,,1423717.5,
,,,,,1579.22,
,,,,,1579.223,
,,,,,2585427872,
,,,,,2602041530,
,,,,,2627854057,
,,,,,2663762958,
6405,,"DSM 20242, JCM 2124",0,Lactobacillus acidophilus,1226679.3,anaerobe
,,,,,2602041538,
,,,,,GCA_000442825,
6571,LA 5,"DSM 11664, CCUG 39901, CIP 107338, JCM 12529, LMG 18796",1,Lactobacillus amylolyticus,2671180773,anaerobe
,,,,,585524.3,
,,,,,585524.9,
,,,,,647000263,
,,,,,83683.14,
,,,,,GCA_000178475,
,,,,,GCA_001435665,
,,,,,GCA_004354545,
6413,B-4540,"DSM 20531, ATCC 33620, NRRL B-4540, CCUG 27201, JCM 1126, BCRC 11648, CCM 4380, CECT 4132, CGMCC 1.3395, CIP 102989, KCTC 3597, LMG 17752, LMG 9496, NCAIM B.01458, NCFB 2657, NCIMB 13276, VTT E-95576, NCDO 2657",1,Lactobacillus amylovorus subsp. amylovorus,1423723.1,anaerobe
,,,,,1423723.12,
,,,,,2681813110,
,,,,,2822017380,
,,,,,GCA_001433985,
,,,,,GCA_002706375,
134046,R4B,"CCM 8403, LMG 26964",1,Lactobacillus apis,2814123166,anaerobe
,,,,,303541.15,
,,,,,303541.6,
,,,,,GCA_002837055,
,,,,,GCA_014635365,
159711,BS-W1,"BCRC 80970, NBRC 112377",1,Levilactobacillus bambusae,GCA_003124125,anaerobe
131378,"H70-3, R-53102","DSM 28793, LMG 28288, CIP 110987",1,Lactobacillus bombicola,1505723.5,anaerobe
,,,,,GCA_002916915,
6442,,"DSM 20584, ATCC 33820, CCUG 30722, JCM 1185, LMG 9479, CIP 102990, VPI 3199, BCRC 14618, CECT 4840, NCFB 2752, NRIC 1717, NCDO 2752",1,Lactobacillus crispatus,1423736.3,anaerobe
,,,,,1423736.4,
,,,,,2690315996,
,,,,,2728369695,
,,,,,47770.576,
,,,,,47770.64,
,,,,,47770.84,
,,,,,GCA_001311685,
,,,,,GCA_001434005,
,,,,,GCA_002088015,
134233,,"CCUG 53174, CIP 109613, LMG 23699, JCM 15951, NBRC 107159",1,Companilactobacillus crustorum,1423737.3,anaerobe
,,,,,2663763277,
,,,,,2695420765,
,,,,,392416.14,
,,,,,392416.3,
,,,,,GCA_001434585,
,,,,,GCA_001438825,
,,,,,GCA_007992035,
6449,"14, Lb.14","DSM 20081, ATCC 11842, NCDO 1489, WDCM 00102, CCUG 41390, CIP 101027, LMG 6901, IMET 10708, JCM 1002, BCRC 10696, CCM 7190, CCUG 21450, CECT 4005, IAM 12472, IFO 13953, KCTC 3635, LMG 13551, NBRC 13953, NCFB 1489, NCIMB 11778, NCTC 12712, NRIC 1688, VKM B-1923, VTT E-96662",1,Lactobacillus delbrueckii subsp. bulgaricus,1585.83,anaerobe
,,,,,2728369678,
,,,,,2916485263,
,,,,,390333.12,
,,,,,390333.13,
,,,,,390333.7,
,,,,,GCA_000056065,
,,,,,GCA_001311275,
,,,,,GCA_001437195,
,,,,,GCA_006539405,
6448,D,DSM 20080,0,Lactobacillus delbrueckii subsp. bulgaricus,1585.24,anaerobe
,,,,,2718217816,
,,,,,GCA_001953135,
155858,,CCUG 59479,0,Lactobacillus delbrueckii subsp. bulgaricus,784613.4,anaerobe
6450,"730, Calvert, Calbert","CCUG 34222, CCM 7191, DSM 20074, ATCC 9649, NCDO 213, NCIB 8130, JCM 1012, BCRC 12195, CECT 286, CGMCC 1.2624, CIP 57.8, IAM 12474, IFO 3202, KCTC 1047, LMG 6412, NBRC 3202, NCIMB 8130, NRIC 1053, NRRL B-763, VKM B-1596, VTT E-98097",1,Lactobacillus delbrueckii subsp. delbrueckii,1236545.3,anaerobe
,,,,,1423823.3,
,,,,,1423823.4,
,,,,,2585427925,
,,,,,2657244991,
,,,,,2721755550,
,,,,,83684.12,
,,,,,GCA_000615095,
,,,,,GCA_001433875,
,,,,,GCA_001908495,
24135,"CHCC13979, ZN7a-9","DSM 26046, LMG 27067, JCM 30917, KCTC 21031",1,Lactobacillus delbrueckii subsp. jakobsenii,1217420.3,anaerobe
,,,,,1217420.5,
,,,,,1217420.6,
,,,,,1537158.4,
,,,,,2541047507,
,,,,,2916473422,
,,,,,GCA_000387565,
,,,,,GCA_001437485,
,,,,,GCA_001888925,
,,,,,GCA_004354615,
6451,L 110,"DSM 20072, ATCC 12315, NCDO 1438, CCUG 31454, IAM 12476, JCM 1248, BCRC 12256, CGMCC 1.2132, CGMCC 1.2625, CIP 101028, KACC 12417, KCTC 3636, LMG 7942, NBIMCC 1012, NBRC 102622, NCFB 1438, NRIC 1683, NRRL B-4525, VTT E-93488",1,Lactobacillus delbrueckii subsp. lactis,2534682072,anaerobe
,,,,,2663763110,
,,,,,2879984508,
,,,,,2916482346,
,,,,,888027.3,
,,,,,888027.6,
,,,,,888027.7,
,,,,,888027.8,
,,,,,GCA_000192165,
,,,,,GCA_001434635,
6452,"14-1, L 889","DSM 20073, ATCC 14933",0,Lactobacillus delbrueckii subsp. lactis,GCA_021134535,anaerobe
6453,"326, F 59","DSM 20076, ATCC 4797, CCM 2344, NCDO 299, NCIB 7854, CCUG 21454, ATCC 7831, JCM 1148, BCRC 10699, CECT 287, CIP 54.3, IAM 1196, IFO 3073, LMG 13136, LMG 6891, NBRC 3073, NCCB 49006, NCFB 299, NCFB 301, NCIMB 7854, NCIMB 8117, NCIMB 8183, NRRL B-1924, NRRL B-735",0,Lactobacillus leichmannii,GCA_021134395,anaerobe
,,,,,GCA_021134495,
,,,,,GCA_024701915,
6454,"313, Ld 5, Ld5","DSM 20355, ATCC 7830, NCDO 8118, NCIB 302, JCM 1557, BCRC 11051, BCRC 80015, CCUG 19776, CECT 282, CIP 53.61, IAM 12066, IFO 3376, KCTC 1058, KCTC 3035, LMG 6401, NBRC 3376, NCDO 302, NCIMB 8118, PCM 2583",0,Lactobacillus delbrueckii subsp. lactis,2718218337,anaerobe
,,,,,29397.16,
,,,,,29397.69,
,,,,,GCA_001888985,
,,,,,GCA_006538625,
,,,,,GCA_021134475,
6693,DI70,"DSM 19284, CIP 110162, JCM 14600, LMG 30910",1,Lactobacillus equicursoris,1211775.3,anaerobe
,,,,,1293597.3,
,,,,,1293597.4,
,,,,,2537562121,
,,,,,2663763010,
,,,,,2675903447,
,,,,,GCA_000312645,
,,,,,GCA_001311765,
,,,,,GCA_001434815,
6565,7 CCr87,"CCUG 30724, JCM 2011, CCM 4383, CIP 103611, DSM 10532, ATCC 33199, NCFB 2235, VPI 1294, BCRC 17266, KCTC 5048, LMG 9435, NCIMB 13223",1,Lactobacillus gallinarum,1236533.3,anaerobe
,,,,,1423748.3,
,,,,,2585427877,
,,,,,2663762633,
,,,,,GCA_000614735,
,,,,,GCA_001434975,
6466,AM 63,"CCUG 31451, DSM 20243, ATCC 33323, NCDO 2233, NCIB 11718, JCM 1131, BCC 49728, BCRC 14619, CCM 7009, CECT 4479, CGMCC 1.3396, CIP 102991, KCTC 3163, LMG 9203, NCFB 2233, NCIMB 11718, NCTC 13722, NRIC 1546, NRRL B-14168, NRRL B-4240, VTT E-991245, PCM 2500",1,Lactobacillus gasseri,1236546.3,anaerobe
,,,,,1596.11,
,,,,,2585427878,
,,,,,324831.13,
,,,,,324831.46,
,,,,,639633030,
,,,,,GCA_000014425,
,,,,,GCA_000615125,
,,,,,GCA_008868295,
,,,,,GCA_029823575,
6536,Ha5F1,"DSM 5661, ATCC 43851, JCM 6256, CCUG 30726, LMG 10754, BCRC 14740, CIP 103365, KCTC 5066, NCFB 2795, NCIMB 702795",1,Lactobacillus hamsteri,1236945.3,anaerobe
,,,,,1423754.3,
,,,,,2585427879,
,,,,,2700989155,
,,,,,GCA_000615445,
,,,,,GCA_001434515,
130378,Bma5N,"DSM 26265, CCUG 63301, JCM 30766",1,Lactobacillus helsingborgensis,GCA_000970855,anaerobe
6471,"12, Lh12","DSM 20075, ATCC 15009, CCUG 30139, IMET 10709, LMG 6413, CCTM 3036, JCM 1120, BCRC 12936, CCM 7193, CECT 4305, CIP 103146, IFO 15019, KCTC 3545, LMG 13555, NBRC 15019, NCFB 2712, NCIMB 11971, NRIC 1545, NRRL B-4526, NCDO 2712",1,Lactobacillus helveticus,1587.663,anaerobe
,,,,,2700989140,
,,,,,585520.12,
,,,,,585520.17,
,,,,,585520.4,
,,,,,645951865,
,,,,,GCA_000160855,
,,,,,GCA_001434945,
,,,,,GCA_015698225,
,,,,,GCA_029823695,
153568,,"CCUG 50205, NCIMB 14005, JCM 30912, BCRC 17499, LMG 22464",0,Lactobacillus helveticus,1587.32,anaerobe
,,,,,2660237987,
,,,,,GCA_001437535,
6580,,"DSM 13335, CCUG 28746, CIP 105923, LMG 18914, NCIMB 13718, CCM 4943, JCM 12513",1,Lactobacillus iners,2663763267,anaerobe
,,,,,525328.13,
,,,,,525328.4,
,,,,,645951832,
,,,,,GCA_000160875,
,,,,,GCA_001435015,
6535,"Th4, Th 4","CCUG 30727, DSM 6629, ATCC 49335, JCM 7548, BCRC 14741, CIP 104793, KCTC 5052, LMG 14196, NCIMB 13719",1,Lactobacillus intestinalis,1423761.3,anaerobe
,,,,,2700989157,
,,,,,GCA_001435325,
,,,,,GCA_024397795,
6475,62G,"DSM 20557, ATCC 25258, JCM 15953, BCRC 12939, CCUG 21961, CCUG 35572, CECT 4306, CIP 69.17, JCM 1146, KCTC 3599, KCTC 5194, LMG 6414, NCFB 2165, NCIMB 13279, NRRL B-4550, NCDO 2165",1,Lactobacillus jensenii,109790.239,anaerobe
,,,,,1423762.3,
,,,,,2657245084,
,,,,,GCA_001436455,
,,,,,GCA_018094625,
6560,,"DSM 10533, ATCC 33200, NCFB 2241, CCUG 30725, JCM 2012, KCTC 3801, VPI 7960, CCM 4384, CGMCC 1.3348, CGMCC 1.3397, CIP 103620, KCTC 5085",1,Lactobacillus johnsonii,2657245008,anaerobe
,,,,,525330.3,
,,,,,525330.7,
,,,,,643886046,
,,,,,GCA_000159355,
,,,,,GCA_001433975,
136238,,"CCUG 44519, IFO 13952, LMG 9437, JCM 8794, CIP 103653, ATCC 11506, NCIMB 8795, NCIMB 8892, JCM 1101, BCRC 14004, BUCSAV 419, CCM 2935, CECT 289, NBRC 13952, VPI 11088",0,Lactobacillus johnsonii,651716998,anaerobe
6615,Kx127A2,"DSM 16043, CCUG 48459, CIP 109909, LMG 22115, JCM 15954",1,Lactobacillus kalixensis,1423763.3,anaerobe
,,,,,2660238416,
,,,,,GCA_001434335,
6622,WT-2B,"CCUG 32248, LMG 9916, CIP 103307, DSM 5016, ATCC 43761, JCM 6985, BCRC 16059, CECT 5954, CGMCC 1.3402, KCTC 5075, LMG 19149, NCFB 2797, NCIMB 702797, NRIC 1718",1,Lactobacillus kefiranofaciens subsp. kefiranofaciens,1236946.3,anaerobe
,,,,,1423827.3,
,,,,,2585427926,
,,,,,2597490363,
,,,,,2667528030,
,,,,,267818.5,
,,,,,GCA_000615685,
,,,,,GCA_001435275,
,,,,,GCA_900103655,
6566,1701,"DSM 10550, JCM 8572, CCUG 49353, ATCC 51647, LMG 19819, CIP 104241, LMG 15132, GCL 1701, CCUG 39467, CECT 5919, CGMCC 1.3398, CGMCC 1.3689, KCTC 5086, LMG 19150, NCIMB 13720",1,Lactobacillus kefiranofaciens subsp. kefirgranum,1423828.3,anaerobe
,,,,,1423828.4,
,,,,,2675903544,
,,,,,2728369681,
,,,,,GCA_001311335,
,,,,,GCA_001434195,
130376,Hma2N,"DSM 26263, CCUG 63633, JCM 30767",1,Lactobacillus kimbladii,GCA_000970755,anaerobe
130380,Biut2N,"DSM 26262, CCUG 63631, JCM 30802",1,Lactobacillus kullabergensis,GCA_000967195,anaerobe
130375,Hma8,"DSM 26312, CCUG 65820",0,Lactobacillus melliventris,2639762991,anaerobe
,,,,,GCA_000970775,
155867,,CCUG 59488,0,Limosilactobacillus oris,908339.3,anaerobe
6465,F 164,"DSM 20077, ATCC 19992, WDCM 00103, CCUG 39972, CIP 103699, JCM 1130, KCTC 3162, VPI 6033, LMG 13047, NCIMB 13081, CECT 8109, NCTC 13643",0,Lactobacillus paragasseri,1596.86,anaerobe
,,,,,GCA_003307255,
6489,1517,"DSM 23907, KCTC 21048, JCM 18989, CRBIP24.76, CRBIP 24.76",1,Lactobacillus pasteurii,1203066.3,anaerobe
,,,,,1423790.3,
,,,,,2563366755,
,,,,,2660238722,
,,,,,2916475386,
,,,,,872327.3,
,,,,,GCA_000297025,
,,,,,GCA_001433915,
,,,,,GCA_004354755,
24141,MYMRS/TLU1,"DSM 24759, CCM 7945, KCTC 21049",1,Lactobacillus rodentium,2916469829,anaerobe
,,,,,947835.3,
,,,,,GCA_003423665,
,,,,,GCA_024622425,
155862,,CCUG 59483,0,Ligilactobacillus salivarius,768728.4,anaerobe
6690,FI RDI 006,"DSM 21401, BCRC 17755, CIP 110030, JCM 18086",1,Lactobacillus taiwanensis,1423809.3,anaerobe
,,,,,2660238553,
,,,,,GCA_001436695,
6619,Kx146C1,"DSM 16047, CCUG 48460, CIP 109908, JCM 16177, LMG 22117",1,Lactobacillus ultunensis,2700989148,anaerobe
,,,,,525365.3,
,,,,,525365.8,
,,,,,643886047,
,,,,,GCA_000159415,
,,,,,GCA_001436305,
6620,Kx293C1,"DSM 16048, CCUG 48461, LMG 22490",0,Lactobacillus ultunensis,227945.7,anaerobe
,,,,,GCA_016647595,
167774,HT111-2,"KCTC 15803, CGMCC 1.13855",1,Lactobacillus xujianguonis,GCA_004009905,anaerobe
,,,,,PRJNA509135,
14686,"0159, O159","DSM 20684, ATCC 43921, JCM 10343, NCDO 2155, CCUG 32208, NCIMB 702155, BCRC 17074, CECT 4531, CIP 102507, HAMBI 1592, JCM 12256, KCTC 3772, LMG 8893, NBRC 100934, NCFB 2155, LMG 9893, ATCC 49156",1,Lactococcus garvieae subsp. garvieae,1223498.3,anaerobe
,,,,,1363.315,
,,,,,1363.6,
,,,,,2600255050,
,,,,,2876473875,
,,,,,2906019534,
,,,,,GCA_000739975,
,,,,,GCA_002441675,
,,,,,GCA_008692985,
14708,HR1A-68,"DSM 6634, CIP 104371, JCM 16647, NCFB 2778, CCUG 32732, LMG 11463, JCM 11055, ATCC 700018, CCM 4494, CECT 4493, KCTC 3639, LMG 23383, NBRC 100935, NCIMB 13196",1,Lactococcus piscium,1364.33,anaerobe
,,,,,2871629740,
,,,,,GCA_002441695,
14707,23.C.5,"CCUG 32209, DSM 20443, ATCC 43920, NCDO 617, JCM 5706, BCRC 14039, CCM 4543, CECT 988, CGMCC 1.1935, CIP 102300, HAMBI 1589, KACC 13441, KCTC 3509, KCTC 3982, LMG 13095, LMG 9463, NBRC 100932, NCIMB 13197, NRIC 1781, VTT E-91453",1,Lactococcus raffinolactis,1348633.3,anaerobe
,,,,,1366.23,
,,,,,1366.7,
,,,,,2731957666,
,,,,,2874262289,
,,,,,GCA_001591765,
,,,,,GCA_002441745,
,,,,,GCA_010669245,
2501,ED-Mt61/PYG-s6,"DSM 17459, CCUG 51487",1,Lactonifactor longoviformis,1122155.4,anaerobe
,,,,,2585428044,
,,,,,2832048584,
,,,,,341220.3,
,,,,,GCA_002915525,
,,,,,GCA_900129135,
3040,1246,"CCUG 32760, CIP 102970, DSM 20469, ATCC 33793, VPI 0546, JCM 10300, KCTC 3663",1,Lancefieldella parvula,521095.16,anaerobe
,,,,,521095.6,
,,,,,644736327,
,,,,,GCA_000024225,
,,,,,GCA_905371835,
3041,D140H-11A,"DSM 7090, ATCC 49626, CCUG 31168, VPI D140H-11A, JCM 10299, CIP 109880, IFO 15546, LMG 11476, NBRC 15546, NCFB 2896",1,Lancefieldella rimae,1383.3,anaerobe
,,,,,2834436906,
,,,,,553184.4,
,,,,,553184.9,
,,,,,643886019,
,,,,,GCA_000174015,
,,,,,GCA_001438885,
,,,,,GCA_905373575,
6444,1,"DSM 20019, ATCC 25601, NCIB 9710, CCUG 30669, LMG 9198, JCM 1096, BCRC 12189, CECT 904, CIP 102992, IFO 15884, KCTC 3767, LMG 13553, NBRC 15884, NCFB 2739, NCIMB 9710, NRIC 1052, NRRL B-4562, VTT E-90391, NCDO 2739",1,Latilactobacillus curvatus,1293592.4,anaerobe
,,,,,1293592.5,
,,,,,1293592.9,
,,,,,2663762934,
,,,,,2728369693,
,,,,,28038.112,
,,,,,2877511904,
,,,,,GCA_001311645,
,,,,,GCA_001435495,
,,,,,GCA_004101845,
6588,B5M10,"DSM 14340, JCM 11249, CCUG 47133, CCM 7144, CIP 107633, KCTC 3797, LMG 21669, NCIMB 14046, CIP 07633",1,Latilactobacillus fuchuensis,1236949.3,anaerobe
,,,,,1423747.3,
,,,,,2585427876,
,,,,,2700989144,
,,,,,GCA_000615805,
,,,,,GCA_001435065,
6468,"G90(1), G90","DSM 20719, ATCC 51150, CIP 105164, NCIB 12808, CCUG 32238, JCM 9503, CECT 4017, KCTC 3542, LMG 9825, NCFB 2806, NCIMB 12808, NRIC 1775, NRRL B-14857",1,Latilactobacillus graminis,1423752.3,anaerobe
,,,,,2671181128,
,,,,,GCA_001436415,
6602,R 14b/a,"DSM 15831, CCUG 31331, CIP 105422, JCM 11031, KCTC 3802, BCRC 17500, CECT 5766, KCTC 5053, LMG 17302, NBRC 107868",1,Lactobacillus sakei subsp. carnosus,214325.5,anaerobe
,,,,,525363.3,
,,,,,GCA_001435715,
,,,,,GCA_007992315,
132579,"CC 2884, CCF-01, X1036","DSM 45743, CCUG 66657",1,Lawsonella clevelandensis,2684622558,anaerobe
,,,,,GCA_001293125,
157758,3BBH22,"DSM 106493, JCM 32166, KCTC 15743",1,Lawsonibacter asaccharolyticus,2831418171,anaerobe
,,,,,GCA_003112755,
13732,TF-218,"DSM 23529, JCM 13606, KCTC 12794, CECT 7309, CIP 109576, LMG 24139",1,Leisingera daeponensis,2521172619,anaerobe
,,,,,999547.5,
,,,,,GCA_000473145,
6477,"AK, A-K","DSM 20587, ATCC 35411, VKM B-2244, CCUG 30673, JCM 5818, BCRC 14011, CGMCC 1.3399, CIP 103006, IFO 15888, KCTC 3611, LMG 9480, NBRC 15888, NCFB 2737, NCIMB 12798, NRIC 1693, VTT E-93520, NCDO 2737, PCM 2501",1,Lentilactobacillus kefiri,1423764.4,anaerobe
,,,,,1423764.5,
,,,,,2663763418,
,,,,,2675903327,
,,,,,33962.8,
,,,,,GCA_001311745,
,,,,,GCA_001436175,
,,,,,GCA_007989105,
6541,6E,"DSM 5707, ATCC 49374, NCDO 2748, NCIB 8838, CCUG 32261, NCIMB 8838, CECT 5740, JCM 12493, BCRC 14743, CIP 103368, KCTC 3503, LMG 11457, NBRC 107865, VTT E-93503",1,Lentilactobacillus parabuchneri,1423784.4,anaerobe
,,,,,1423784.5,
,,,,,2667527643,
,,,,,2731957671,
,,,,,GCA_001435315,
,,,,,GCA_001591885,
,,,,,GCA_029823065,
6567,1731,"CCUG 39468, GCL 1731, ATCC 51648, DSM 10551, IFO 15890, JCM 8573, NBRC 15890, CGMCC 1.3400, CIP 104242, KCTC 5044, KCTC 5087, LMG 15133, NCIMB 13300, JCM 8753",1,Lactobacillus parakefiri,1423787.3,anaerobe
,,,,,152332.3,
,,,,,152332.7,
,,,,,2660238146,
,,,,,2901596593,
,,,,,2916479636,
,,,,,GCA_001434215,
,,,,,GCA_002157585,
,,,,,GCA_004354625,
503,YMTK-2,"DSM 16556, JCM 12579",1,Leptolinea tardivitalis,229920.7,anaerobe
,,,,,229920.8,
,,,,,GCA_001050275,
,,,,,GCA_001306095,
158606,CLM-U50,"CIP 111407, DSM 105752",1,Leptospira venezuelensis,2882300135,anaerobe
,,,,,GCA_002150035,
17861,T1490/99,DSM 16630,0,Leptotrichia amnionii,2777993.3,anaerobe
,,,,,GCA_014892255,
17860,C-1013-b,"DSM 1135, ATCC 14201, JCM 12969, NCTC 10249, CCUG 34316, CIP 105792",1,Leptotrichia buccalis,2500645350,anaerobe
,,,,,523794.5,
,,,,,644736384,
,,,,,GCA_000023905,
17865,"L48, LB 23","DSM 21651, CCUG 47504, CIP 107917, JCM 16775",1,Leptotrichia hofstadii,1122171.3,anaerobe
,,,,,157688.7,
,,,,,2524614766,
,,,,,2914873612,
,,,,,GCA_000428965,
,,,,,GCA_007990525,
17866,LB 37,"DSM 19757, CCUG 47503, CIP 107916, JCM 16776, VPI N06A-34",1,Leptotrichia shahii,1122172.3,anaerobe
,,,,,157691.3,
,,,,,2515154071,
,,,,,GCA_000373045,
,,,,,GCA_008327825,
17863,"""Wee Tee"" 1999","DSM 22070, ATCC 700907",1,Leptotrichia trevisanii,1122173.3,anaerobe
,,,,,2528311094,
,,,,,GCA_000482505,
17867,LB 16,"DSM 19758, CCUG 47505, CIP 107918, JCM 16777",1,Leptotrichia wadei,1122174.3,anaerobe
,,,,,157687.179,
,,,,,2515154120,
,,,,,GCA_000373345,
,,,,,GCA_007990545,
6838,TB1-10,"DSM 15947, CCUG 46042, LMG 18811, JCM 12535, CECT 5767",1,Leuconostoc gasicomitatum,649633064,anaerobe
,,,,,762550.4,
,,,,,GCA_000196855,
6830,SML9,"DSM 5578, ATCC 49366, NCFB 2775, NCIMB 12897, JCM 9697, CCM 4189, CCUG 30198, CCUG 32249, CCUG 32696, CECT 4026, CIP 103318, KCTC 3527, LMG 18297, LMG 9850, NRIC 1778, VTT E-98972",1,Leuconostoc gelidum subsp. gelidum,651324068,anaerobe
,,,,,927691.3,
,,,,,GCA_000166715,
6837,IH003,"DSM 15101, KCTC 3774, JCM 17833, CECT 7026, CIP 108081, LMG 22919, NRIC 0562",1,Leuconostoc inhae,178001.5,anaerobe
,,,,,651324069,
,,,,,927694.4,
,,,,,GCA_000166735,
,,,,,GCA_019656015,
6818,,"CCUG 30064, NRRL B-3468, DSM 20202, ATCC 19256, NCDO 533, JCM 6123, BCRC 12261, CCM 4545, CECT 4173, CGMCC 1.2137, CIP 102422, HAMBI 2346, KCTC 3528, LMG 8894, NBRC 107866, NCIMB 13091, NRIC 1540, VTT E-98974",1,Leuconostoc lactis,2547132286,anaerobe
,,,,,935294.3,
,,,,,935294.6,
,,,,,935294.7,
,,,,,GCA_000185085,
,,,,,GCA_014651235,
,,,,,GCA_019656035,
6814,LL76,"DSM 8581, JCM 11052, CCUG 38887, CECT 5746, CIP 103889, KCTC 3773, LMG 18543",0,Leuconostoc lactis,651324066,anaerobe
,,,,,886872.3,
,,,,,GCA_000179875,
6820,LF2,"DSM 20346, ATCC 19254, CCM 2078, NCDO 543, CCUG 21965, LMG 6909, NCIMB 12008, JCM 16943, CCTM 2731, CIP 103009, IMET 10693, NBRC 107766, NCFB 543, NRRL B-3252, VKM B-1420",1,Leuconostoc mesenteroides subsp. cremoris,33965.25,anaerobe
,,,,,586220.3,
,,,,,643886109,
,,,,,GCA_000160595,
,,,,,GCA_007992255,
,,,,,GCA_029823385,
6825,"37 Y, 37Y","DSM 20343, ATCC 8293, CCM 1803, NCDO 523, NCIB 8023, CCUG 30066, NRRL B-3470, JCM 6124, CIP 102305, IMET 10695, LMG 8205, NCIMB 8023",1,Leuconostoc mesenteroides subsp. mesenteroides,203120.23,anaerobe
,,,,,203120.7,
,,,,,639633034,
,,,,,GCA_000014445,
,,,,,GCA_029823215,
6661,"R-19065, R-16065","CCUG 50162, DSM 19394, CCM 7240, LMG 22200, JCM 15949, BCRC 80774, CIP 108702, NBRC 107156",1,Levilactobacillus acidifarinae,1423715.3,anaerobe
,,,,,267364.3,
,,,,,2700989134,
,,,,,GCA_001434835,
,,,,,GCA_007991975,
6655,"14, Bb14, Bb 14","DSM 20054, ATCC 14869, NCDO 1749, WDCM 00099, CCUG 30670, JCM 1059, BCRC 12187, CCM 3805, CECT 4121, CIP 102806, KCTC 3498, LMG 6906, LMG 7944, NBRC 107147, NCFB 1749, NCIMB 11973, NRIC 1638, NRRL B-4527, VTT E-91458, IMET 10711",1,Levilactobacillus brevis,2597490301,anaerobe
,,,,,2671180997,
,,,,,649758.3,
,,,,,649758.4,
,,,,,GCA_000469365,
,,,,,GCA_001433855,
6624,LP38,"DSM 16381, CIP 108387, TMW 1.1236, CCUG 51325, JCM 16170, BCRC 80779, LMG 23074",1,Levilactobacillus hammesii,1423753.3,anaerobe
,,,,,2700989150,
,,,,,GCA_001434395,
6667,,"DSM 19117, CCUG 52843, CIP 109498, LMG 23583, JCM 15612, BCRC 80773, NBRC 107158",1,Levilactobacillus namurensis,1423773.3,anaerobe
,,,,,2695420716,
,,,,,380393.5,
,,,,,GCA_001434785,
,,,,,GCA_007992015,
6695,1.1424,"DSM 22467, JCM 18045, LMG 25291, TMW 1.1424",1,Levilactobacillus paucivorans,2663762834,anaerobe
,,,,,616990.3,
,,,,,GCA_001437125,
6679,L13,"DSM 21775, NBRC 103853, TISTR 1847, CIP 109886",1,Levilactobacillus senmaizukei,1423803.3,anaerobe
,,,,,1423803.4,
,,,,,2663763016,
,,,,,2731957679,
,,,,,GCA_001436675,
,,,,,GCA_001592085,
6660,R-18615,"DSM 19395, CCM 7241, LMG 22198, CCUG 50163, JCM 15957, BCRC 80776, CIP 108703, NBRC 107157",1,Levilactobacillus zymae,1423817.3,anaerobe
,,,,,2660238323,
,,,,,267363.7,
,,,,,GCA_001434115,
,,,,,GCA_007991995,
504,KIBI-1,"DSM 16555, JCM 12578",1,Levilinea saccharolytica,229921.15,anaerobe
,,,,,229921.16,
,,,,,2740892510,
,,,,,GCA_001050255,
,,,,,GCA_001306035,
12548,CB 35,"CCUG 55595, DSM 18206, JCM 13469, KCTC 15079",1,Prevotella stercorea,1002367.3,anaerobe
,,,,,2513237318,
,,,,,GCA_000235885,
6407,262,"DSM 20509, NCIB 11716, CCUG 31450, JCM 1187, BCRC 12931, CECT 4131, CIP 101264, KCTC 3606, LMG 9186, NCFB 2744, NCIMB 11716, NRIC 1642, NRRL B-14856, NCDO 2744",1,Ligilactobacillus agilis,1423718.3,anaerobe
,,,,,2667527581,
,,,,,GCA_001436215,
6416,"PPI/1535, PP1/1535","DSM 20602, ATCC 35046, NCDO 2425, CCUG 33906, JCM 5670, BCRC 14617, CECT 4060, CGMCC 1.2623, CIP 103152, IAM 13547, IFO 15882, KCTC 3501, LMG 9843, NBRC 15882, NCFB 2425, NCIMB 13278, NRRL B-14176, VTT E-991268",1,Ligilactobacillus animalis,2657245445,anaerobe
,,,,,651324057,
,,,,,930942.11,
,,,,,930942.3,
,,,,,GCA_000183825,
,,,,,GCA_001434535,
6646,"ASB1, ASB-1","DSM 16634, CIP 108913, JCM 16172, NCIMB 14359",1,Ligilactobacillus apodemi,1236952.3,anaerobe
,,,,,1423724.4,
,,,,,2585427873,
,,,,,2675903500,
,,,,,GCA_000615885,
,,,,,GCA_001434405,
6645,ASB7,DSM 16748,0,Ligilactobacillus apodemi,GCA_024622405,anaerobe
6417,ML2,"CCUG 32231, JCM 5667, DSM 20653, ATCC 43235, CIP 103145, LMG 23560, NCFB 2785",1,Ligilactobacillus araffinosus,1423820.4,anaerobe
,,,,,2660238151,
,,,,,GCA_001435375,
6420,75,"DSM 20655, ATCC 43234, CCUG 32230, JCM 5666, BCRC 14048, CIP 103144, KCTC 5063, LMG 10753, NBRC 102162, NCFB 2786, NCIMB 702786",1,Ligilactobacillus aviarius,1423821.4,anaerobe
,,,,,147810.5,
,,,,,2700989116,
,,,,,GCA_001436315,
,,,,,GCA_007989665,
6677,142-2,"DSM 22408, CCUG 53626, CECT 7185, JCM 15609, CIP 109847, KCTC 5852",1,Ligilactobacillus ceti,1122146.3,anaerobe
,,,,,1122146.4,
,,,,,2523231024,
,,,,,2700989270,
,,,,,GCA_000423245,
,,,,,GCA_001438785,
6604,,"DSM 15833, ATCC BAA-261, CCUG 47129, CIP 107382, JCM 10991, KCTC 13921, YIT 0455",1,Ligilactobacillus equi,1236948.3,anaerobe
,,,,,1423740.3,
,,,,,2585427875,
,,,,,2660238440,
,,,,,GCA_000615765,
,,,,,GCA_001435735,
6675,,"DSM 18933, CIP 109885, JCM 14209, CCUG 56036, KBL 13, KCTC 5851",1,Ligilactobacillus hayakitensis,1236951.3,anaerobe
,,,,,1423755.3,
,,,,,2585427880,
,,,,,2681813136,
,,,,,GCA_000615845,
,,,,,GCA_001434455,
6484,313,"DSM 20452, ATCC 35020, CNRZ 220, CCUG 33904, LMG 14189, CIP 104818, JCM 1717, BCRC 14020, CECT 4135, CGMCC 1.2626, IFO 14221, KCTC 3546, LMG 18317, LMG 9475, NBRC 14221, NCFB 2808, NCIMB 702808",1,Ligilactobacillus murinus,1423772.3,anaerobe
,,,,,1423772.4,
,,,,,2663762947,
,,,,,2731957662,
,,,,,GCA_001436015,
,,,,,GCA_001591685,
6510,"RFl, RF 1","DSM 20403, ATCC 27780, CCUG 39465, JCM 1152, LMG 10756, CIP 103153, BCRC 14620, CECT 4061, KCTC 3601, NBRC 102161, NCFB 2029, NCIMB 702029, NRIC 1689, NRRL B-14853, VTT E-97852, NCDO 2029",1,Ligilactobacillus ruminis,1423798.3,anaerobe
,,,,,1423798.4,
,,,,,1423798.5,
,,,,,1623.1,
,,,,,2593339155,
,,,,,2627853909,
,,,,,2667527649,
,,,,,2731957672,
,,,,,GCA_001008755,
,,,,,GCA_001436475,
6612,GDA154,"DSM 16049, CCUG 48462, CIP 109907, LMG 22087, JCM 15955, NBRC 107826",1,Ligilactobacillus saerimneri,1122153.4,anaerobe
,,,,,1122153.5,
,,,,,2524023242,
,,,,,2663763074,
,,,,,GCA_000423265,
,,,,,GCA_001435165,
159054,SM-Chi-D1,"DSM 100118, JCM 31927, KCTC 15601",1,Limihaloglobus sulfuriphilus,GCA_001999965,anaerobe
131397,HC45,"DSM 28787, NBRC 110152",1,Limnochorda pilosa,2687453276,anaerobe
,,,,,GCA_001544015,
6613,Kx146A4,"DSM 16041, CCUG 48456, CIP 109960, LMG 22111, JCM 15950",1,Limosilactobacillus antri,2671180689,anaerobe
,,,,,525309.3,
,,,,,525309.8,
,,,,,645951838,
,,,,,GCA_000160835,
,,,,,GCA_001435475,
140356,MOZM2,"DSM 100239, CCM 8609, LMG 28780",1,Limosilactobacillus caviae,1769424.3,anaerobe
,,,,,2901223847,
,,,,,GCA_014635905,
6458,"28, Bb28","DSM 20052, ATCC 14931, NCDO 1750, CCUG 30138, LMG 6902, JCM 1173, BCRC 12190, CECT 4007, CIP 102980, IFO 15885, KCTC 3112, NBRC 15885, NCIMB 11840, NRIC 1752, NRRL B-4524, VTT E-93489",1,Limosilactobacillus fermentum,1613.432,anaerobe
,,,,,1613.547,
,,,,,525325.3,
,,,,,525325.5,
,,,,,643886061,
,,,,,GCA_000159215,
,,,,,GCA_013394085,
,,,,,GCA_029823225,
,,,,,GCA_905371965,
6576,,"CCUG 56446, CIP 106922, JCM 11122, DSM 13145, LMG 19473, TMW 1.666",1,Limosilactobacillus frumenti,1423746.3,anaerobe
,,,,,2667528021,
,,,,,GCA_001436045,
6617,Kx156A7,"DSM 16045, CCUG 48454, LMG 22113, CIP 109873, JCM 15952",1,Limosilactobacillus gastricus,1423749.3,anaerobe
,,,,,2700989147,
,,,,,GCA_001434365,
6609,KR3,"CIP 107876, KCTC 3800, DSM 15946, CCUG 45722, LMG 20380, JCM 12531",1,Limosilactobacillus ingluviei,1423760.3,anaerobe
,,,,,2667527875,
,,,,,GCA_001435775,
6608,"G35, G 35","DSM 14792, JCM 11425, CCUG 48824, AHU 1736, CIP 109877, CIP 108373, NITE 335",0,Limosilactobacillus ingluviei,148604.4,anaerobe
,,,,,2700989262,
,,,,,GCA_001437235,
6584,S32,"DSM 13345, CCUG 43179, CIP 106485, JCM 12515, KCTC 21011, LMG 19534, NCIMB 13705",1,Limosilactobacillus mucosae,1423771.3,anaerobe
,,,,,2657245411,
,,,,,GCA_001436025,
6486,5A1,"DSM 4864, ATCC 49062, CIP 105162, NCDO 2160, NCIB 8831, CCUG 37396, JCM 11028, CECT 4021, CIP 103255, JCM 7507, KCTC 3670, LMG 9848, NCIMB 8831",1,Limosilactobacillus oris,1423779.3,anaerobe
,,,,,2663763371,
,,,,,GCA_001434465,
6575,1,"DSM 6035, JCM 11053, CCUG 37482, CIP 109875",1,Limosilactobacillus panis,1423782.3,anaerobe
,,,,,1423782.4,
,,,,,2630968969,
,,,,,2700989156,
,,,,,GCA_001027985,
,,,,,GCA_001435935,
6562,,"DSM 8475, ATCC 51518, JCM 11051, LMG 14187, CCUG 33456, LTH 2587, CIP 104232",1,Limosilactobacillus pontis,1423794.3,anaerobe
,,,,,2700989158,
,,,,,GCA_001435345,
6507,F 275,"DSM 20016, ATCC 23272, CIP 109823, CCUG 33624, JCM 1112, BCC 49727, BCRC 14625, CECT 925, CIP 101887, IFO 15892, KCTC 3594, LMG 13557, LMG 9213, NBRC 15892, NCDO 2589, NCIMB 11951, NRRL B-14171, VTT E-92142",1,Limosilactobacillus reuteri,2671180761,anaerobe
,,,,,557433.4,
,,,,,557436.17,
,,,,,557436.4,
,,,,,640427118,
,,,,,642555135,
,,,,,GCA_000010005,
,,,,,GCA_000016825,
,,,,,GCA_001434615,
6558,Lac 19,"DSM 5837, ATCC 49540, NCTC 12197, CCUG 31452, JCM 9505, BCRC 14735, CECT 4089, CIP 105932, KCTC 3515, LMG 12891, NCFB 2810, NCIMB 702810, CSCC 5252",1,Limosilactobacillus vaginalis,1423814.24,anaerobe
,,,,,1423814.6,
,,,,,2667527865,
,,,,,525366.3,
,,,,,643886050,
,,,,,GCA_000159435,
,,,,,GCA_001435915,
,,,,,GCA_905371805,
6680,,"DSM 19910, BCRC 17811, JCM 15044, YIT 11306, LMG 29533, CIP 109977",1,Liquorilactobacillus capillatus,1423731.3,anaerobe
,,,,,2700989136,
,,,,,GCA_001434915,
6657,L489,"DSM 18630, CCUG 53453, CIP 109616, JCM 15611",1,Liquorilactobacillus ghanensis,1423750.3,anaerobe
,,,,,2663762875,
,,,,,GCA_001435235,
6586,"LuE10, LuE<SUB>10</SUB>","DSM 13675, ATCC 700692, CCUG 43575, JCM 12492, KCTC 21009, CIP 107647",1,Liquorilactobacillus nagelii,1122150.23,anaerobe
,,,,,1122150.3,
,,,,,2574179724,
,,,,,2660238052,
,,,,,GCA_001434225,
,,,,,GCA_019444005,
6676,59b,"DSM 19972, CECT 7334, JCM 18036, CIP 110039",1,Liquorilactobacillus oeni,1423777.3,anaerobe
,,,,,2681813159,
,,,,,GCA_001436275,
6621,,"DSM 16230, NRIC 0604, CCUG 52399, JCM 12392, CIP 109882, NCIMB 14549",1,Liquorilactobacillus satsumensis,1423801.3,anaerobe
,,,,,1423801.4,
,,,,,2671180250,
,,,,,2728369706,
,,,,,GCA_001312045,
,,,,,GCA_001435195,
23078,WS 4560,"DSM 24698, LMG 26374",1,Listeria weihenstephanensis,1006155.5,anaerobe
,,,,,1006155.6,
,,,,,1006155.7,
,,,,,1006155.8,
,,,,,GCA_003534205,
6421,N2,"CCUG 32234, DSM 20003, ATCC 35409, JCM 1094, BCRC 12934, CGMCC 1.1876, CIP 102811, KCTC 5061, LMG 9845, NCFB 2736, NCIMB 12863, NCDO 2736",1,Loigolactobacillus bifermentans,1423726.3,anaerobe
,,,,,2657245519,
,,,,,GCA_001434575,
24134,IWT246,"DSM 26942, JCM 18838, KCTC 21046",1,Loigolactobacillus iwatensis,1267156.3,anaerobe
,,,,,2881701018,
,,,,,GCA_003950295,
131528,MT10-315-CC-1.2-2,"DSM 29487, KCTC 15536",1,Longibaculum muris,1796628.13,anaerobe
,,,,,2788499828,
,,,,,GCA_004343035,
,,,,,GCA_024622235,
131525,PG-426-CC-2,"DSM 29481, KCTC 15535, JCM 32781",1,Longicatena caecimuris,1796635.1,anaerobe
,,,,,2791354872,
,,,,,GCA_004341945,
,,,,,GCA_024622185,
131526,MT10P-315-CC-8,DSM 29490,0,Longicatena caecimuris,GCA_025447665,anaerobe
134261,KOME-1,"JCM 13670, KCTC 5380",1,Longilinea arvoryzae,GCA_001050235,anaerobe
2870,,"DSM 19022, NBRC 102133, EBR 46",1,Lutispora thermophila,1122184.3,anaerobe
,,,,,2585428153,
,,,,,GCA_900142105,
12524,LIND7H,"DSM 23697, CCUG 60892, JCM 16313",1,Macellibacteroides fermentans,2849162381,anaerobe
,,,,,879969.3,
,,,,,GCA_013409575,
13945,VDY,"DSM 21662, ATCC BAA-1730",1,Magnetospirillum bellicum,2546825520,anaerobe
13949,2860,"DSM 114, Pfennig 2860",0,Magnetospirillum fulvum,2596583688,anaerobe
13950,10060,"DSM 115, Pfennig 10060",0,Magnetospirillum fulvum,2596583689,anaerobe
13952,P 9 F 2,DSM 117,0,Magnetospirillum fulvum,2596583687,anaerobe
13953,3,DSM 13234,0,Magnetospirillum fulvum,1082.3,anaerobe
,,,,,2597490343,
,,,,,GCA_900108475,
13956,S,"DSM 120, ATCC 14031, KCTC 15609, NTHC 131, LMG 4354",1,Magnetospirillum molischianum,1150626.3,anaerobe
,,,,,2531839420,
,,,,,GCA_000294655,
23250,MV-1,"DSM 18854, ATCC BAA-1436",1,Magnetovibrio blakemorei,2751185681,anaerobe
,,,,,GCA_001746755,
17993,50-1 BON,"DSM 15567, CIP 107919",1,Mahella australiensis,2503508009,anaerobe
2740,M1,"DSM 5387, ATCC 49637",1,Maledivibacter halophilus,2524614863,anaerobe
,,,,,GCA_900167445,
4211,GraMal1,DSM 5091,1,Malonomonas rubra,1122189.3,anaerobe
,,,,,2585428155,
,,,,,GCA_900142125,
2445,"8611, Trüper 8611",DSM 203,1,Marichromatium gracile,1048.21,anaerobe
,,,,,1048.25,
,,,,,2784746771,
,,,,,GCA_004343155,
,,,,,GCA_016583515,
2448,HOL-1,DSM 1712,0,Marichromatium gracile,GCA_021457485,anaerobe
2449,"984, BN 5500",DSM 1591,1,Marichromatium purpuratum,2510065050,anaerobe
,,,,,765910.4,
,,,,,GCA_000224005,
4147,SRL 4225,"DSM 16055, ATCC BAA-903",1,Maridesulfovibrio bastinii,1121441.3,anaerobe
,,,,,2524023158,
,,,,,GCA_000429985,
4158,61,"DSM 16995, JCM 12925",1,Maridesulfovibrio ferrireducens,246191.4,anaerobe
,,,,,2599185335,
,,,,,GCA_900101105,
4157,18,"DSM 17176, JCM 12924",1,Maridesulfovibrio frigidus,1121447.3,anaerobe
,,,,,2565956520,
,,,,,GCA_000711735,
4142,"AM13, AM13cf, H7","DSM 14728, CIP 107303",1,Maridesulfovibrio hydrothermalis,1121451.3,anaerobe
,,,,,1121451.5,
,,,,,1121451.9,
,,,,,2523533539,
,,,,,2648501899,
,,,,,GCA_000331025,
,,,,,GCA_000425245,
4084,,"DSM 2638, ATCC 14822, NCIMB 8403, VKM B-1763",1,Maridesulfovibrio salexigens,526222.3,anaerobe
,,,,,644736353,
,,,,,GCA_000023445,
17042,AT1271,"DSM 16785, JCM 12826",1,Marinitoga hydrogenitolerans,1122195.4,anaerobe
,,,,,2585428042,
,,,,,GCA_900129175,
17044,MC3,"DSM 21709, JCM 15581, KCTC 15136, NBRC 109657",1,Marinitoga litoralis,2901074514,anaerobe
,,,,,570855.5,
,,,,,GCA_016908145,
17041,KA3,"DSM 14283, JCM 11233",1,Marinitoga piezophila,2508501120,anaerobe
,,,,,443254.13,
,,,,,443254.7,
,,,,,CP003257,
,,,,,GCA_000255135,
483,SW-156,"DSM 16072, JCM 12324, KCTC 12184, CIP 108614",1,Marinobacter daepoensis,1122197.3,anaerobe
,,,,,2526164527,
,,,,,GCA_000421165,
481,SW145,"DSM 16070, JCM 12323, CGMCC 1.8487, KCTC 12185, CIP 108615",1,Marinobacter flavimaris,262076.4,anaerobe
,,,,,GCA_003363485,
473,SP. 17,"DSM 8798, ATCC 49840, CIP 103578",1,Marinobacter nauticus,2540341173,anaerobe
,,,,,2743.3,
,,,,,GCA_000284615,
140775,JC444,"KCTC 15554, DSM 103365",1,Marispirochaeta aestuarii,2881371823,anaerobe
,,,,,GCA_002087085,
140776,ZC80,"CGMCC 1.15697, NBRC 112461",1,Marivibrio halodurans,2039722.4,anaerobe
,,,,,GCA_017963645,
6374,I-52,"DSM 14469, CCUG 46960",1,Marvinbryantia formatexigens,168384.3,anaerobe
,,,,,2562617090,
,,,,,2599185228,
,,,,,478749.17,
,,,,,478749.5,
,,,,,GCA_000173815,
,,,,,GCA_025148285,
,,,,,GCA_900102475,
4083,,"DSM 1382, ATCC 19364, NCIMB 9332, VKM B-1759",1,Megalodesulfovibrio gigas,1121448.1,anaerobe
,,,,,1121448.13,
,,,,,1121448.7,
,,,,,2523231027,
,,,,,2561511218,
,,,,,GCA_000429285,
,,,,,GCA_000468495,
4151,SB1,"DSM 16681, JCM 14635",1,Megalodesulfovibrio paquesii,2571042346,anaerobe
17126,YITM815,"DSM 19343, JCM 14723",1,Megamonas funiformis,437897.465,anaerobe
,,,,,GCA_010669225,
17125,,"DSM 1672, ATCC 25560, DSM 20631, NCTC 10570, CCUG 5856, VPI 2366, EBF 61/42",1,Megamonas hypermegale,1122216.3,anaerobe
,,,,,158847.8,
,,,,,2523533610,
,,,,,2773858049,
,,,,,GCA_000423385,
,,,,,GCA_900187035,
17127,FM1025,"DSM 19944, CIP 109788",1,Megamonas rupellensis,1122217.3,anaerobe
,,,,,2519899689,
,,,,,GCA_000378365,
17129,,"DSM 20462, ATCC 43254, PAT 1, JCM 6130, VTT E-79111",1,Megasphaera cerevisiae,1122219.3,anaerobe
,,,,,1122219.5,
,,,,,1122219.6,
,,,,,1122219.7,
,,,,,2518645616,
,,,,,2636415931,
,,,,,GCA_001045675,
,,,,,GCA_900167325,
17130,LC1,"DSM 20460, ATCC 25940, NCIB 8927, CCUG 64197, JCM 1772, CCUG 6199, CECT 390, CGMCC 1.2720, KCTC 5187, NCFB 2263, NCIMB 8927, VTT E-84221, CIP 106852, AIP 10100",1,Megasphaera elsdenii,1064535.9,anaerobe
,,,,,2511231071,
,,,,,2843666722,
,,,,,907.4,
,,,,,GCA_000283495,
,,,,,GCA_003010495,
140555,MH,"KCCM 43214, JCM 31403, KFCC 11466P",1,Megasphaera hexanoica,2841216226,anaerobe
,,,,,GCA_003315775,
17131,,"DSM 16981, VTT E-032341",1,Megasphaera paucivorans,2596583540,anaerobe
,,,,,349095.5,
,,,,,GCA_900103535,
158428,AJH120,"DSM 106750, CCUG 71842",1,Megasphaera stantonii,2841202678,anaerobe
,,,,,GCA_003030445,
,,,,,GCA_003367905,
130322,,"DSM 29964, ATCC 35311, LMG 20360, NCDO 2443, CIP 104052, LMG 19520",1,Melissococcus plutonius,2861600701,anaerobe
,,,,,33970.54,
,,,,,650716050,
,,,,,940190.2,
,,,,,940190.3,
,,,,,GCA_000270185,
,,,,,GCA_014202715,
24785,cd-1655R,"DSM 25116, OCM 1212",1,Mesoaciditoga lauensis,1150474.3,anaerobe
,,,,,2579779163,
,,,,,GCA_000745455,
131447,BoGlc83,"DSM 19598, JCM 30025",1,Mesobacillus stamsii,2926592867,anaerobe
24816,"meso xx, VNs100","DSM 25546, JCM 18154",1,Mesotoga infera,2590828825,anaerobe
17075,MesG1.Ag.4.2,"DSM 24739, ATCC BAA-2239",1,Mesotoga prima,660470.3,anaerobe
,,,,,GCA_000147715,
7057,PA,"DSM 13328, ATCC BAA-276, JCM 31471",1,Methanimicrococcus blatticola,2698536704,anaerobe
,,,,,2756170388,
,,,,,91560.1,
,,,,,GCA_004363215,
,,,,,GCA_020011555,
,,,,,GCA_020685265,
6902,WeN3,"DSM 3459, ATCC 43378, OCM 10",0,Methanobacterium alcaliphilum,GCA_023227715,anaerobe
6950,M2,"DSM 19844, VKM B-2371",1,Methanobacterium arcticum,2574179771,anaerobe
,,,,,GCA_000746075,
6905,M.o.H.,"DSM 863, ATCC 33272, OCM 110",1,Methanobacterium bryantii,2791355014,anaerobe
,,,,,GCA_002287175,
6924,MF,"DSM 1535, ATCC 33274, JCM 10132, OCM 55, NBIMCC 876, NBRC 100475, VKM B-1957",1,Methanobacterium formicicum,1300163.3,anaerobe
,,,,,2162.9,
,,,,,2645727909,
,,,,,2681813006,
,,,,,GCA_001316325,
,,,,,GCA_029848115,
6928,PP1,DSM 3637,0,Methanobacterium formicicum,1204725.3,anaerobe
,,,,,2519899733,
,,,,,GCA_000302455,
6945,FPi,"DSM 11106, NBRC 105229",1,Methanobacterium oryzae,2913351602,anaerobe
24155,SWAN1,"DSM 25820, JCM 18151",1,Methanobacterium paludis,GCA_000214725,anaerobe
6952,Mic5c12,"DSM 22353, NBRC 105198",1,Methanobacterium petrolearium,2913397459,anaerobe
,,,,,GCA_017873625,
6943,A8p,"DSM 11074, ATCC 700657, NBRC 105231",1,Methanobacterium subterraneum,2775506920,anaerobe
,,,,,59277.3,
,,,,,GCA_002813695,
6949,MK4,"DSM 19849, VKM B-2440",1,Methanobacterium veterum,2582580744,anaerobe
,,,,,GCA_000745485,
,,,,,GCA_027110455,
6958,"DH-1, DH1","DSM 1125, ATCC 33747, JCM 13429, OCM 147",1,Methanobrevibacter arboriphilus,1300164.3,anaerobe
,,,,,1300164.4,
,,,,,2684622505,
,,,,,GCA_001316345,
,,,,,GCA_002072215,
6961,SA,"DSM 7056, JCM 9315",0,Methanobrevibacter arboriphilus,1293039.3,anaerobe
,,,,,2681813027,
,,,,,39441.6,
,,,,,GCA_001315885,
,,,,,GCA_019669925,
24156,"JH-1, JH1","DSM 25824, JCM 18376, KCTC 4102",1,Methanobrevibacter boviskoreani,1214066.4,anaerobe
,,,,,2551306657,
,,,,,GCA_000320505,
6970,RFM-2,"DSM 11111, JCM 39452",1,Methanobrevibacter curvatus,2684622742,anaerobe
,,,,,49547.3,
,,,,,GCA_001639295,
6971,RFM-1,"DSM 11139, JCM 39453",1,Methanobrevibacter cuticularis,2684622743,anaerobe
,,,,,47311.3,
,,,,,GCA_001639285,
6972,RFM-3,"DSM 11501, JCM 39454",1,Methanobrevibacter filiformis,2684622740,anaerobe
,,,,,55758.3,
,,,,,GCA_001639265,
6973,HO,"DSM 11977, OCM 813",1,Methanobrevibacter gottschalkii,1122229.3,anaerobe
,,,,,2622736425,
,,,,,2786546169,
,,,,,GCA_003814835,
6968,PG,DSM 11978,0,Methanobrevibacter gottschalkii,190974.3,anaerobe
,,,,,2654588138,
,,,,,GCA_900109595,
6978,ZA-10,"DSM 16643, OCM 820, JCM 39457",1,Methanobrevibacter millerae,230361.8,anaerobe
,,,,,2593339167,
,,,,,GCA_900103415,
6977,1H5-1P,"DSM 16632, OCM 841, JCM 39458",1,Methanobrevibacter olleyae,2593339150,anaerobe
,,,,,294671.4,
,,,,,GCA_900114585,
6969,Milano,"DSM 7256, JCM 30027",1,Methanobrevibacter oralis,2684622741,anaerobe
,,,,,66851.6,
,,,,,GCA_001639275,
6962,M1,"DSM 1093, ATCC 35063, JCM 13430, OCM 146",1,Methanobrevibacter ruminantium,634498.28,anaerobe
,,,,,646311943,
,,,,,GCA_000024185,
6963,PS,"DSM 861, ATCC 35061, JCM 30028, OCM 144",1,Methanobrevibacter smithii,420247.28,anaerobe
,,,,,640427121,
,,,,,GCA_000016525,
,,,,,GCA_028743435,
6964,F1,DSM 2374,0,Methanobrevibacter smithii,521002.11,anaerobe
,,,,,643886215,
,,,,,GCA_000151225,
6965,ALI,DSM 2375,0,Methanobrevibacter smithii,483214.13,anaerobe
,,,,,643886144,
,,,,,GCA_000151245,
6974,CW,"DSM 11995, OCM 817, JCM 39455",1,Methanobrevibacter thaueri,190975.3,anaerobe
,,,,,2622736427,
,,,,,GCA_003111625,
6975,GS,"DSM 11979, OCM 815, JCM 39456",1,Methanobrevibacter woesei,190976.3,anaerobe
,,,,,2622736428,
,,,,,GCA_003111605,
131457,AMF2,"DSM 24457, UNIQEM U859",1,Methanocalculus alkaliphilus,2926682867,anaerobe
,,,,,GCA_024170505,
18144,K1F9705b,"DSM 14539, OCM 772",1,Methanocalculus chunghsingensis,GCA_018132105,anaerobe
18148,P2F9704a,"DSM 14663, CCRC 16182, OCM 671",1,Methanocalculus taiwanensis,GCA_024372745,anaerobe
130394,JH146,"DSM 27223, KACC 18232",1,Methanocaldococcus bathoardescens,GCA_000739065,anaerobe
6984,AG86,"DSM 4213, JCM 15782",1,Methanocaldococcus fervens,573064.11,anaerobe
,,,,,573064.13,
,,,,,644736385,
,,,,,GCA_000023985,
6982,ME,"DSM 11812, JCM 15783",1,Methanocaldococcus infernus,573063.7,anaerobe
,,,,,646564547,
,,,,,GCA_000092305,
6981,JAL-1,"DSM 2661, ATCC 43067, JCM 10045, CIP 104961, NBRC 100440",1,Methanocaldococcus jannaschii,243232.2,anaerobe
,,,,,243232.25,
,,,,,243232.26,
,,,,,638154505,
,,,,,GCA_000091665,
6986,KIN24-T80,"DSM 22612, JCM 16315",1,Methanocaldococcus villosus,1069083.4,anaerobe
,,,,,1069083.5,
,,,,,2517093008,
,,,,,2554235511,
,,,,,GCA_000363885,
,,,,,GCA_000371805,
6983,M7,DSM 12094,1,Methanocaldococcus vulcanius,579137.1,anaerobe
,,,,,646311944,
,,,,,GCA_000024625,
17668,MRE50,"DSM 22066, NBRC 105507",1,Methanocella arvoryzae,2505679073,anaerobe
,,,,,351160.9,
,,,,,GCA_000063445,
17669,HZ254,"DSM 24694, CGMCC 1.5162, JCM 17849",1,Methanocella conradii,1041930.6,anaerobe
,,,,,2512564055,
,,,,,GCA_000251105,
17667,SANAE,"DSM 17711, JCM 13418, NBRC 101707",1,Methanocella paludicola,2505679075,anaerobe
,,,,,304371.9,
,,,,,GCA_000011005,
7061,AK-5,"DSM 17273, NBRC 107632, OCM 775",1,Methanococcoides alaskense,2913378003,anaerobe
,,,,,GCA_027594145,
7060,ACE-M,"DSM 6242, NBRC 107633",1,Methanococcoides burtonii,259564.15,anaerobe
,,,,,637000161,
,,,,,GCA_000013725,
7058,TMA-10,"DSM 2657, ATCC 33938, OCM 158",1,Methanococcoides methylutens,2226.1,anaerobe
,,,,,2226.9,
,,,,,2630968972,
,,,,,GCA_000765475,
,,,,,GCA_900773915,
24161,MM1,DSM 16625,0,Methanococcoides methylutens,1434104.11,anaerobe
,,,,,2639762999,
,,,,,GCA_000970325,
130395,AM1,DSM 26764,0,Methanococcoides sp.,1201011.4,anaerobe
,,,,,GCA_900774055,
24162,,"DSM 26966, JCM 19278, SLH 33",1,Methanococcoides vulcani,GCA_900111645,anaerobe
7001,Nankai-3,"DSM 17508, OCM 812",1,Methanococcus aeolicus,419665.15,anaerobe
,,,,,640753034,
,,,,,GCA_000017185,
6989,JJ,"DSM 2067, ATCC 43000, JCM 10722, NBRC 101831",1,Methanococcus maripaludis,2814123256,anaerobe
,,,,,39152.8,
,,,,,GCA_002945325,
6990,Delta RC,"DSM 2771, ATCC 35294",0,Methanococcus maripaludis,2913333627,anaerobe
,,,,,GCA_017875815,
6991,"LL, S2","DSM 14266, JCM 13030, NBRC 101832",0,Methanococcus maripaludis,2563366543,anaerobe
,,,,,267377.15,
,,,,,GCA_000011585,
6993,SB,"DSM 1224, ATCC 35089, JCM 13029, OCM 148",1,Methanococcus vannielii,406327.12,anaerobe
,,,,,640753036,
,,,,,GCA_000017165,
6994,PS,"DSM 1537, ATCC 33273, OCM 70",1,Methanococcus voltae,2918187917,anaerobe
,,,,,GCA_024807035,
6998,,"DSM 7078, MCM B603",0,Methanococcus voltae,2862991205,anaerobe
,,,,,GCA_014203295,
6999,P2F9701a,"DSM 14649, OCM 745",0,Methanococcus voltae,2917941020,anaerobe
,,,,,GCA_017875395,
7004,SZSXXZ,"DSM 4179, OCM 127",1,Methanocorpusculum bavaricum,1122230.3,anaerobe
,,,,,2524614668,
,,,,,GCA_000430905,
7005,Z,"DSM 4855, ATCC 43576, OCM 1",1,Methanocorpusculum labreanum,410358.15,anaerobe
,,,,,640069317,
,,,,,GCA_000015765,
7016,MS2,"DSM 3045, ATCC 43281, OCM 15",1,Methanoculleus bourgensis,1201294.9,anaerobe
,,,,,2540341105,
7029,MG62,"DSM 13459, JCM 10825, NBRC 101202",1,Methanoculleus chikugoensis,118126.5,anaerobe
,,,,,1293042.3,
,,,,,GCA_001315965,
,,,,,GCA_019669965,
24159,T10,"DSM 21626, JCM 15517",1,Methanoculleus horonobensis,528314.3,anaerobe
,,,,,GCA_001602375,
132893,HC,"DSM 25996, CGMCC 1.5146, JCM 16311",1,Methanoculleus hydrogenitrophicus,2913463320,anaerobe
7020,"JR 1, JR1","DSM 1498, ATCC 35101, OCM 56",1,Methanoculleus marisnigri,368407.15,anaerobe
,,,,,640069318,
,,,,,GCA_000015825,
131352,S3Fa,"DSM 29354, BCRC AR10044",1,Methanoculleus sediminis,1550566.3,anaerobe
,,,,,GCA_001017125,
7030,Nankai-1,"DSM 15122, OCM 780, SMCC 780W",1,Methanoculleus submarinus,GCA_025914035,anaerobe
7022,CR-1,"DSM 2373, ATCC 33837, OCM 174, VKM B-1841",1,Methanoculleus thermophilus,2200.3,anaerobe
,,,,,2200.7,
,,,,,2634166298,
,,,,,2684622606,
,,,,,GCA_001571405,
,,,,,GCA_900101055,
7013,"ML15, N2M9704","DSM 15483, OCM 789",1,Methanofollis formosanus,299308.3,anaerobe
,,,,,GCA_019633745,
7010,,DSM 4140,1,Methanofollis liminatans,2506783068,anaerobe
,,,,,28892.12,
,,,,,GCA_000275865,
7009,,"DSM 2702, OCM 159",1,Methanofollis tationis,2887782944,anaerobe
,,,,,GCA_013377755,
7032,JR1,"DSM 1497, ATCC 35093, JCM 10550, OCM 155",1,Methanogenium cariaci,1293041.6,anaerobe
,,,,,2681813007,
,,,,,GCA_001315945,
7037,Ace-2,"DSM 16458, OCM 469, SMCC 459W",1,Methanogenium frigidum,2739367766,anaerobe
7036,AK-1,"DSM 15558, OCM 752",1,Methanogenium marinum,GCA_028912405,anaerobe
7033,CV,"DSM 3596, OCM 72",1,Methanogenium organophilum,GCA_026684035,anaerobe
7062,Z-7303,"DSM 3721, NBRC 107634, OCM 161",1,Methanohalobium evestigatum,644295.1,anaerobe
,,,,,644295.12,
,,,,,648028039,
,,,,,GCA_000196655,
7075,283,DSM 10369,0,Methanohalophilus euhalobius,2703719298,anaerobe
,,,,,51203.4,
,,,,,51203.6,
,,,,,GCA_002973515,
,,,,,GCA_003722155,
7064,Z-7982,"DSM 3094, NBRC 107635, OCM 160",1,Methanohalophilus halophilus,2177.5,anaerobe
,,,,,2177.7,
,,,,,2642422606,
,,,,,2914862632,
,,,,,GCA_001889405,
,,,,,GCA_003722055,
,,,,,GCA_900106905,
24163,GTA13,"DSM 28452, NBRC 110099",1,Methanohalophilus levihalophilus,2913510308,anaerobe
,,,,,GCA_017874375,
7068,SLP,"DSM 5219, ATCC 35705, OCM 68",1,Methanohalophilus mahii,547558.18,anaerobe
,,,,,646564550,
,,,,,GCA_000025865,
7074,FDF-1,"DSM 7471, OCM 59",1,Methanohalophilus portucalensis,2706794887,anaerobe
,,,,,2806310721,
,,,,,2914860506,
,,,,,523843.5,
,,,,,523843.7,
,,,,,GCA_001888095,
,,,,,GCA_003722115,
,,,,,GCA_900177455,
160492,"SLHTYRO, SLHTYROT","DSM 108854, JCM 32768, UBOCC M-3308",1,Methanohalophilus profundi,GCA_004137855,anaerobe
,,,,,QBKB00000000,
7039,G-2000,"DSM 2545, ATCC 33997, OCM 124",1,Methanolacinia paynteri,230356.3,anaerobe
,,,,,GCA_000784355,
7043,,"DSM 11571, OCM 486, SEBR 4847",1,Methanolacinia petrolearia,648028040,anaerobe
,,,,,679926.6,
,,,,,GCA_000147875,
17854,TNR,"DSM 23604, NBRC 105659",1,Methanolinea mesophila,2913416594,anaerobe
,,,,,GCA_017873855,
17853,NOBi-1,"DSM 16494, JCM 12467, NBRC 102358., NBRC 102358",1,Methanolinea tarda,882090.7,anaerobe
7080,,"DSM 7082, MCM B706, OCM 438",1,Methanolobus bombayensis,2913348608,anaerobe
,,,,,GCA_017873415,
24164,St545Mb,"DSM 19953, BCRC AR10030, JCM 15159",1,Methanolobus chelungpuianus,GCA_024500045,anaerobe
7076,,"DSM 2278, ATCC 35996, OCM 150, Tindari 3",1,Methanolobus tindarius,1090322.3,anaerobe
,,,,,2515075008,
,,,,,GCA_000504205,
7082,SD-1,"DSM 21339, ATCC BAA-1601",1,Methanolobus zinderi,2883920249,anaerobe
,,,,,536044.3,
,,,,,GCA_013388255,
18149,B10,"DSM 25720, CSUR P135, JCM 31472",1,Methanomassiliicoccus luminyensis,1175296.12,anaerobe
,,,,,2518645582,
,,,,,GCA_000308215,
7053,,"DSM 15978, NBRC 107637, DMS 1",1,Methanomethylovorans hollandica,2509601008,anaerobe
,,,,,867904.13,
,,,,,867904.9,
,,,,,GCA_000328665,
7040,"1, BP","DSM 1539, ATCC 35094, JCM 10551",1,Methanomicrobium mobile,2571042922,anaerobe
,,,,,GCA_000711215,
7041,MC1,"DSM 3599, OCM 102",1,Methanoplanus endosymbiosus,GCA_024662215,anaerobe
7042,M3,"DSM 2279, ATCC 35062, OCM 101",1,Methanoplanus limicola,2506381025,anaerobe
,,,,,937775.13,
,,,,,GCA_000243255,
7044,AV19,"DSM 6324, JCM 9639, NBRC 100938",1,Methanopyrus kandleri,190192.8,anaerobe
,,,,,638154507,
,,,,,GCA_000007185,
17856,6A8,"DSM 21154, JCM 14090",1,Methanoregula boonei,456442.19,anaerobe
,,,,,640753014,
,,,,,GCA_000017625,
17857,SMSP,"DSM 22288, NBRC 105244",1,Methanoregula formicica,2508501105,anaerobe
,,,,,593750.7,
,,,,,GCA_000327485,
131458,AME2,"DSM 24634, NBRC 110091",1,Methanosalsum natronophilum,2926421783,anaerobe
,,,,,GCA_024808815,
7055,WeN5,"DSM 4017, NBRC 107636, OCM 62",1,Methanosalsum zhilinae,2502790017,anaerobe
,,,,,679901.8,
,,,,,GCA_000217995,
7086,C2A,"DSM 2834, ATCC 35395, JCM 12185, OCM 95",1,Methanosarcina acetivorans,188937.25,anaerobe
,,,,,638154508,
,,,,,GCA_000007345,
7087,MS,"DSM 800, ATCC 43569, JCM 10043, OCM 38, NBRC 100474, VKM B-1635",1,Methanosarcina barkeri,1298606.3,anaerobe
,,,,,1434108.4,
,,,,,1434108.6,
,,,,,2630968729,
,,,,,2684622504,
,,,,,GCA_000970025,
,,,,,GCA_001316305,
7091,227,"DSM 1538, ATCC 43241, OCM 35",0,Methanosarcina barkeri,1434106.5,anaerobe
,,,,,1434106.7,
,,,,,2630968686,
,,,,,GCA_000970065,
7094,Wiesmoor,"DSM 8687, OCM 89",0,Methanosarcina barkeri,1434109.4,anaerobe
,,,,,1434109.6,
,,,,,2630968669,
,,,,,GCA_000969985,
7131,HB-1,"DSM 21571, JCM 15518, NBRC 102577",1,Methanosarcina horonobensis,1434110.4,anaerobe
,,,,,1434110.5,
,,,,,2627854269,
,,,,,2684622506,
,,,,,GCA_000970285,
,,,,,GCA_001316205,
7129,Z-7289,DSM 10334,0,Methanosarcina lacustris,1434111.4,anaerobe
,,,,,2630968805,
,,,,,GCA_000970265,
7096,S-6,"DSM 2053, ATCC 43572, OCM 26, DSM 108209",1,Methanosarcina mazei,213585.1,anaerobe
,,,,,2627853861,
,,,,,GCA_000970205,
7099,C16,"DSM 3318, ATCC 43340, OCM 98",0,Methanosarcina mazei,1434113.4,anaerobe
,,,,,2636415905,
,,,,,GCA_000970245,
7101,Gö1,"DSM 3647, ATCC BAA-159, JCM 11833, OCM 88",0,Methanosarcina mazei,192952.21,anaerobe
,,,,,GCA_000007065,
7106,TMA,"DSM 9195, JCM 9314, NBRC 101201",0,Methanosarcina mazei,1293038.3,anaerobe
,,,,,1434116.4,
,,,,,2209.222,
,,,,,2681813026,
,,,,,GCA_001315865,
,,,,,GCA_019669945,
,,,,,GCA_025035885,
7107,SarPi,DSM 10132,0,Methanosarcina mazei,1434115.4,anaerobe
,,,,,2648501772,
,,,,,GCA_000970185,
7083,T4/M,"DSM 3028, OCM 156",1,Methanosarcina siciliae,1434120.4,anaerobe
,,,,,2651869866,
,,,,,GCA_000970085,
7084,HI350,"DSM 6564, OCM 210",0,Methanosarcina siciliae,1434119.4,anaerobe
,,,,,2645727536,
,,,,,GCA_000970125,
7085,C2J,"DSM 11916, OCM 653",0,Methanosarcina siciliae,1434118.4,anaerobe
,,,,,2627853753,
,,,,,GCA_000970145,
24170,SMA-21,"DSM 26065, JCM 18468",1,Methanosarcina soligelidi,2576861399,anaerobe
,,,,,GCA_000744315,
7108,WH1,DSM 4659,0,Methanosarcina sp.,1434102.4,anaerobe
,,,,,2627853658,
,,,,,GCA_000970005,
7109,MTP4,DSM 6636,0,Methanosarcina sp.,1434100.4,anaerobe
,,,,,2651869869,
,,,,,GCA_000970045,
7110,Kolksee,"DSM 8688, OCM 94",0,Methanosarcina sp.,1434099.4,anaerobe
,,,,,1434099.6,
,,,,,2627853629,
,,,,,GCA_000969945,
7118,Ms 97,DSM 11855,0,Methanosarcina sp.,1520800.3,anaerobe
,,,,,2595698250,
,,,,,GCA_900116525,
24168,MC-15,"DSM 26047, JCM 18469",1,Methanosarcina spelaei,2791355116,anaerobe
,,,,,GCA_002287235,
7121,TM-1,"DSM 1825, ATCC 43570, OCM 12, VKM B-1830",1,Methanosarcina thermophila,2636415612,anaerobe
,,,,,523844.2,
,,,,,GCA_000969885,
7123,CHTI-55,"DSM 2906, ATCC 43170, OCM 90",0,Methanosarcina thermophila,1434121.4,anaerobe
,,,,,2627854140,
,,,,,GCA_000969925,
7126,Z-761,"DSM 1232, ATCC 35090, OCM 85",1,Methanosarcina vacuolata,1434123.4,anaerobe
,,,,,1434123.6,
,,,,,2648501188,
,,,,,GCA_000969905,
6979,1R-7,"DSM 4103, OCM 183",1,Methanosphaera cuniculi,1077256.4,anaerobe
,,,,,2802429591,
,,,,,GCA_002287195,
,,,,,GCA_003149675,
6980,MCB-3,"DSM 3091, ATCC 43021, JCM 11832, OCM 149",1,Methanosphaera stadtmanae,339860.19,anaerobe
,,,,,637000163,
,,,,,GCA_000012545,
17855,E1-9c,"DSM 19958, ATCC BAA-1556, ATCC BAA-1565",1,Methanosphaerula palustris,521011.8,anaerobe
,,,,,643348525,
,,,,,GCA_000021965,
7132,"JF-1, JF1","DSM 864, ATCC 27890, JCM 10133, OCM 16, NBRC 100397",1,Methanospirillum hungatei,323259.15,anaerobe
,,,,,637000164,
,,,,,GCA_000013445,
7133,GP1,DSM 1101,0,Methanospirillum hungatei,2203.7,anaerobe
,,,,,GCA_019263745,
7136,Ki8-1,"DSM 22751, JCM 16384, NBRC 104920",1,Methanospirillum lacunae,GCA_003173355,anaerobe
24171,"ps, Pt1","DSM 26304, VKM B-2808",1,Methanospirillum stamsii,GCA_003173335,anaerobe
6896,ADZ,"DSM 7466, ATCC 51443, VKM B-1962",1,Methanothermobacter defluvii,2757320366,anaerobe
,,,,,49339.3,
,,,,,GCA_003385755,
6898,Marburg,"DSM 2133, NBRC 100331, OCM 82, JCM 14651",1,Methanothermobacter marburgensis,648028041,anaerobe
,,,,,79929.14,
,,,,,79929.8,
,,,,,GCA_000145295,
,,,,,GCA_027555065,
6887,AC60,"DSM 3267, ATCC 43169",0,Methanothermobacter thermautotrophicus,2861686208,anaerobe
23082,RMAS,"DSM 23052, JCM 16532, NBRC 106236",1,Methanothermobacter tenebrarum,GCA_023167465,anaerobe
6882,"Delta H, DeltaH","DSM 1053, ATCC 29096, JCM 10044, NBRC 100330, OCM 143, VKM B-1908",1,Methanothermobacter thermautotrophicus,187420.15,anaerobe
,,,,,638154510,
,,,,,GCA_000008645,
,,,,,GCA_027554905,
6888,Z-245,DSM 3720,0,Methanothermobacter thermautotrophicus,GCA_027555045,anaerobe
6894,,"DSM 2970, ATCC 43096, NBRC 100332, VKM B-1829, JCM 14652, OCM 154",1,Methanothermobacter wolfei,GCA_025397995,anaerobe
7003,IH1,"DSM 14208, JCM 11175",1,Methanothermococcus okinawensis,647113.11,anaerobe
,,,,,647113.14,
,,,,,650716055,
,,,,,GCA_000179575,
7002,SN-1,"DSM 2095, ATCC 35097, JCM 10549, OCM 138",1,Methanothermococcus thermolithotrophicus,2519103186,anaerobe
,,,,,523845.5,
,,,,,GCA_000376965,
,,,,,GCA_946463545,
7137,V24 S,"DSM 2088, ATCC 43054, JCM 10308",1,Methanothermus fervidus,523846.9,anaerobe
,,,,,649633067,
,,,,,GCA_000166095,
23083,GP6,"DSM 3671, JCM 10134, NBRC 103675, OCM 69, ATCC 35969, NRC 2989",0,Methanothrix soehngenii,GCA_000204415,anaerobe
7050,PT,"DSM 6194, JCM 14653, NBRC 101360",0,Methanothrix thermoacetophila,349307.15,anaerobe
,,,,,639633038,
,,,,,GCA_000014945,
6988,Mc-S-70,"DSM 16983, ATCC BAA-687, JCM 11930",1,Methanotorris formicicus,2506520039,anaerobe
,,,,,647171.129,
,,,,,GCA_000243455,
6987,,"DSM 5666, JCM 11834, Kol 5",1,Methanotorris igneus,650716056,anaerobe
17657,ZC-1,"DSM 18856, CGMCC 1.5056",1,Methermicoccus shengliensis,1122233.4,anaerobe
,,,,,2565956510,
,,,,,GCA_000711905,
158647,MMFC1,"JCM 31821, KCTC 15592",1,Methylomusa anaerophila,2837211827,anaerobe
,,,,,GCA_003966895,
1557,,"DSM 22679, JCM 16213, Nad S1",1,Microaerobacter geothermalis,GCA_021608135,anaerobe
130542,ADRI,"DSM 27471, JCM 19374",1,Microbacter margulisiae,1350067.3,anaerobe
,,,,,2824490045,
,,,,,GCA_014192515,
10522,SGLY2,"DSM 15089, CIP 108159, LMG 18919, JCM 21462, IAM 14991",1,Microvirgula aerodenitrificans,1122240.3,anaerobe
,,,,,2556921007,
,,,,,GCA_000620105,
17135,"M 9, M9T","DSM 13811, ATCC BAA-307, CIP 108358, JCM 12226",1,Mitsuokella jalaludinii,1410665.3,anaerobe
,,,,,2561511231,
,,,,,GCA_000702905,
17134,A 405-1,"DSM 20544, ATCC 27723, NCTC 10934, CCUG 21055, CCM 6003, JCM 2054, CIP 107116",1,Mitsuokella multacida,2562617158,anaerobe
,,,,,500635.8,
,,,,,GCA_000155955,
24121,P3M-3,"DSM 26468, KCTC 15522, VKM B-2804",1,Mobilitalea sibirica,1462919.3,anaerobe
,,,,,GCA_015999265,
208,BV345-16,"DSM 23059, ATCC 35241, CCUG 21018, NCTC 11656",1,Mobiluncus curtisii subsp. curtisii,144177.3,anaerobe
,,,,,2051.55,
,,,,,2835200602,
,,,,,585198.7,
,,,,,648276689,
,,,,,GCA_000146285,
,,,,,GCA_900453315,
209,"BV376-6, Spiegel BV376-6","DSM 21655, ATCC 35242, CCUG 17762, LMG 7786, NCTC 11657",1,Mobiluncus holmesii,144178.3,anaerobe
,,,,,2840375602,
,,,,,649989974,
,,,,,887899.3,
,,,,,GCA_000185445,
,,,,,GCA_900453235,
207,V125,"DSM 2711, ATCC 43063, CCUG 24716",0,Mobiluncus holmesii,2051.56,anaerobe
,,,,,548479.6,
,,,,,648028043,
,,,,,GCA_000196535,
206,"SV 175, SV 17J","DSM 25311, ATCC 35243, CCUG 17763, CCUG 20071, LMG 7787, NCTC 11658",1,Mobiluncus mulieris,2052.9,anaerobe
,,,,,2814123392,
,,,,,585199.3,
,,,,,643886108,
,,,,,GCA_000160615,
,,,,,GCA_900453215,
205,L23-1b,"DSM 2710, ATCC 43064",0,Mobiluncus mulieris,2052.33,anaerobe
,,,,,2868166755,
,,,,,GCA_014204735,
155868,,CCUG 59489,0,Mobiluncus mulieris,866770.3,anaerobe
135033,HM-7,"CIP 107383, JCM 11205, ATCC 700923, CCUG 47132, KCTC 15026",1,Mogibacterium diversum,114527.3,anaerobe
,,,,,2788500273,
,,,,,GCA_002998925,
158306,14,"DSM 104782, JCM 31914",1,Monoglobus pectinilyticus,1981510.4,anaerobe
,,,,,2833582041,
,,,,,GCA_002874775,
16817,AMP,DSM 21394,1,Moorella caeni,1525.12,anaerobe
,,,,,2703719211,
,,,,,GCA_001875325,
16820,JW/AS-Y6,DSM 11254,1,Moorella glycerini,55779.5,anaerobe
,,,,,GCA_009735625,
16822,"64-FGQ, 64_FGQ","DSM 23265, VKM B-2603",1,Moorella humiferrea,2894696004,anaerobe
,,,,,676965.3,
,,,,,GCA_002995755,
16821,1,"DSM 14980, ATCC BAA-608",1,Moorella mulderi,1122241.3,anaerobe
,,,,,2651869945,
,,,,,GCA_001594015,
24648,E3-O,"DSM 26217, CGMCC 1.5181",1,Moorella stamsii,2791355013,anaerobe
,,,,,GCA_002995805,
16811,Fontaine,"DSM 521, ATCC 35608, VPI 12954, JCM 9319, KCTC 5000, VPI 12984, CIP 108294",1,Moorella thermoacetica,1525.21,anaerobe
,,,,,1525.3,
,,,,,2596583675,
,,,,,2627853541,
,,,,,2834890540,
,,,,,GCA_001267405,
,,,,,GCA_008121885,
16812,Fontaine,"DSM 2955, ATCC 35608",1,Moorella thermoacetica,1525.4,anaerobe
,,,,,2627853542,
,,,,,2834887756,
,,,,,GCA_001267435,
16813,G-20,"DSM 6867, ATCC 49707",0,Moorella thermoacetica,1525.11,anaerobe
,,,,,1525.23,
,,,,,2703719209,
,,,,,2837637149,
,,,,,GCA_001875285,
,,,,,GCA_008121905,
16814,6,DSM 11768,0,Moorella thermoacetica,1525.6,anaerobe
,,,,,2703719213,
,,,,,GCA_001874065,
16815,ET-5a,DSM 12797,0,Moorella thermoacetica,1525.7,anaerobe
,,,,,2703719210,
,,,,,GCA_001874085,
16816,PT-1,DSM 12993,0,Moorella thermoacetica,1525.9,anaerobe
,,,,,2596583676,
,,,,,2703719212,
,,,,,GCA_001875245,
16819,Inf1,DSM 7417,0,Moorella thermoacetica,1525.1,anaerobe
,,,,,2838801710,
,,,,,GCA_001875265,
136947,,"CIP 108447, DSM 1974, ATCC 33924, AIP 98-04",1,Moorella thermoacetica,1525.22,anaerobe
,,,,,GCA_008121895,
6373,,"DSM 19659, CCUG 52648, CIP 109174, AIP 220.04",1,Moryella indoligenes,2926471356,anaerobe
159692,"25C, TLL-A4","DSM 108194, KCTC 15770",1,Muribaculum gordoncarteri,2530390.3,anaerobe
,,,,,GCA_004803695,
131536,YL27,"DSM 28989, KCTC 15537",1,Muribaculum intestinale,2718218191,anaerobe
,,,,,2757320696,
,,,,,GCA_001688845,
,,,,,GCA_002201515,
,,,,,GCA_016696845,
131529,2-PG-424-CC-1,"DSM 29489, KCTC 15545",1,Muricomes intestini,1796634.3,anaerobe
,,,,,2784746785,
,,,,,GCA_004346165,
130360,SRB-530-5-H,"DSM 26524, CCUG 63391, SRB 530",1,Murimonas intestini,1337051.3,anaerobe
,,,,,2756170274,
,,,,,GCA_024622195,
130361,SRB-509-4-S-H,"DSM 27577, CCUG 64595",0,Murimonas intestini,GCA_024622165,anaerobe
130362,SRB-524-4-S-H,"DSM 27578, CCUG 64594",0,Murimonas intestini,GCA_024622115,anaerobe
17654,JW/NM-WN-LF,"DSM 18059, ATCC BAA-1301",1,Natranaerobius thermophilus,457570.14,anaerobe
,,,,,457570.2,
,,,,,457570.21,
,,,,,642555142,
,,,,,GCA_000020005,
17655,JW/NM-WN-LU,"DSM 18760, ATCC BAA-1443",1,Natranaerobius trueperi,2889473178,anaerobe
,,,,,759412.3,
,,,,,GCA_002216005,
18087,APP2,"DSM 24176, UNIQEM U806",1,Natranaerovirga hydrolytica,2786546170,anaerobe
,,,,,680378.3,
,,,,,GCA_004339095,
18086,AP3,"DSM 24629, UNIQEM U805",1,Natranaerovirga pectinivora,2784746802,anaerobe
,,,,,682400.3,
,,,,,GCA_004342165,
5987,Z-7937,DSM 9952,1,Natroniella acetigena,GCA_023227745,anaerobe
2503,Z-0511,"DSM 18346, VKM B-2402",1,Natronincola ferrireducens,2599185225,anaerobe
,,,,,393762.4,
,,,,,GCA_900100845,
2504,Z-7031,"DSM 18979, VKM B-2503",1,Natronincola peptidivorans,2599185224,anaerobe
,,,,,426128.6,
,,,,,GCA_900111615,
17814,AP1,"DSM 24179, UNIQEM U807",1,Natronoflexus pectinivorans,2799112272,anaerobe
,,,,,682526.5,
,,,,,GCA_004345615,
10430,AmH,"DSM 18972, ATCC BAA-1463",1,Nautilia profundicola,598659.3,anaerobe
,,,,,GCA_000021725,
17206,,"DSM 21255, CCUG 56017, CIP 109806, ADV 07/08/06-B-1388, AIP 149.07",1,Negativicoccus succinicivorans,2861593547,anaerobe
,,,,,620903.1,
,,,,,GCA_014207605,
166180,"10022, strain 10022","DSM 103441, CGMCC 1.15732",1,Neisseria weixii,1853276.3,anaerobe
,,,,,GCA_002327085,
642,"Ford 26, 26, 726","DSM 11, ATCC 4513, CCM 2048, JCM 2504, LMG 13261, NCIB 9374, NCTC 2610, CCUG 7416, ATCC 9140, ATCC 24, BCRC 10605, CECT 10, CIP 52.75, HAMBI 1911, IAM 12462, IAM 14175, IFO 13626, KCTC 3347, LMG 6926, NBRC 13626, NCCB 75011, NCFB 1775, NCIMB 9374, NRRL B-378, NRRL B-380, VKM B-1242, VTT E-95570, NCDO 1775, NRRL NRS726",1,Niallia circulans,1348626.3,anaerobe
,,,,,1397.16,
,,,,,2731957657,
,,,,,2814123177,
,,,,,GCA_001591585,
,,,,,GCA_900445325,
167622,FSY-9,"BCRC 81052, KCTC 52813, LMG 30054",1,Novosphingobium umbonatum,GCA_004005905,anaerobe
,,,,,SACO00000000,
18137,T3B,DSM 15011,0,Oceanotoga sp.,GCA_025837015,anaerobe
18136,OCT74,"DSM 24906, JCM 15580, LMG 24865",1,Oceanotoga teriensis,2756170248,anaerobe
,,,,,515440.3,
,,,,,GCA_003148465,
12521,,"DSM 22474, JCM 16069, YIT 12061, KCTC 15133",1,Odoribacter laneus,2513237280,anaerobe
,,,,,742817.3,
,,,,,GCA_000243215,
12520,1651/6,"DSM 20712, ATCC 29572, CCUG 21054, CIP 104287, LMG 8202, NCTC 10825, CCUG 21054 A, CCM 6029, JCM 15291",1,Odoribacter splanchnicus,2773857890,anaerobe
,,,,,28118.6,
,,,,,649633078,
,,,,,709991.141,
,,,,,709991.142,
,,,,,709991.3,
,,,,,GCA_000190535,
,,,,,GCA_020736405,
,,,,,GCA_900187175,
4150,AL1,"DSM 16109, NCIMB 13491",1,Oleidesulfovibrio alaskensis,1121436.3,anaerobe
,,,,,2528311093,
,,,,,GCA_000482745,
4122,G20,"DSM 17464, ATCC BAA-1058",0,Oleidesulfovibrio alaskensis,GCA_000012665,anaerobe
4123,G3 100,"DSM 10520, JCM 15785",1,Oleidesulfovibrio vietnamensis,2574179706,anaerobe
23458,8KG-4,"DSM 24202, JCM 17152, CGMCC 1.5160, KCTC 15378",1,Oligosphaera ethanolica,2927555367,anaerobe
3060,D315A-29,"CIP 106885, JCM 14553, DSM 13989, CCUG 45371, KCTC 15029",1,Olsenella profusa,2923489329,anaerobe
3059,D76D-27C,"DSM 7084, ATCC 49627, CIP 109912, CCUG 31166, JCM 12494, VPI D76D-27C, LMG 11480, NCFB 2895, NCIMB 702895",1,Olsenella uli,2846506661,anaerobe
,,,,,633147.4,
,,,,,633147.7,
,,,,,648028047,
,,,,,GCA_000143845,
,,,,,GCA_001437585,
3062,lac31,"DSM 22620, CCUG 58604, JCM 16156, KCTC 15140",1,Olsenella umbonata,2636416177,anaerobe
,,,,,604330.5,
,,,,,GCA_900105025,
3061,A2,"DSM 22619, CCUG 58212, JCM 16157",0,Olsenella umbonata,2606217797,anaerobe
,,,,,604330.4,
,,,,,GCA_900101655,
11301,PB90-1,"DSM 11246, JCM 15787",1,Opitutus terrae,452637.7,anaerobe
,,,,,641522643,
,,,,,GCA_000019965,
24116,"ACB7, HM-482","DSM 24638, ATCC BAA-2639, KCTC 15511",1,Oribacterium asaccharolyticum,2513237306,anaerobe
,,,,,GCA_000238075,
24115,"ACB1, HM-481","DSM 24637, ATCC BAA-2638, KCTC 15512",1,Oribacterium parvum,2562617099,anaerobe
,,,,,GCA_000238055,
6360,,"DSM 17245, CCUG 48084, CIP 107991, AIP 354-02",1,Oribacterium sinus,237576.163,anaerobe
,,,,,2861591105,
,,,,,GCA_014202695,
506,P3M-1,"DSM 23815, VKM B-2669",1,Ornatilinea apprima,1134406.9,anaerobe
,,,,,GCA_001306115,
133851,GH1,"KCTC 15176, NBRC 108824, JCM 18333, DSM 113516",1,Oscillibacter ruminantium,1007096.3,anaerobe
,,,,,2551306563,
,,,,,GCA_000307265,
17691,Sjm 18-20,"DSM 18026, NBRC 101213",1,Oscillibacter valericigenes,693746.1,anaerobe
,,,,,693746.9,
11759,Baika1,"DSM 23800, CCUG 59994",1,Otariodibacter oris,1032623.3,anaerobe
,,,,,2770939614,
,,,,,GCA_003634665,
,,,,,GCA_009684715,
11349,WoOx3,DSM 5502,1,Oxalobacter vibrioformis,GCA_027118995,anaerobe
2505,V5-2,DSM 3222,1,Oxobacter pfennigii,2713896874,anaerobe
,,,,,36849.5,
,,,,,GCA_001317355,
11585,BP-23,"DSM 15478, CECT 7022, CIP 108718",1,Paenibacillus barcinonensis,198119.4,anaerobe
,,,,,2770939580,
,,,,,GCA_003217495,
11503,,"DSM 1735, ATCC 27763, LMG 15707, VPI 6563-1, CIP 105291",1,Paenibacillus durus,44251.11,anaerobe
,,,,,44251.7,
,,,,,GCA_000756615,
134004,PECAE04,"LMG 27297, CECT 8234, CIP 110709",1,Paenibacillus endophyticus,1294268.3,anaerobe
,,,,,2824442830,
,,,,,GCA_014192395,
11620,T27,"DSM 17841, CCBAU 10202, CIP 109632, KCTC 13697",1,Paenibacillus sabinae,1268072.3,anaerobe
,,,,,2576861424,
,,,,,GCA_000612505,
2810,PEV,"DSM 15049, ATCC 25757, JCM 1400, VPI 4897, CCUG 9282, BCRC 14548, NCIMB 10636",1,Paeniclostridium ghonii,2928400839,anaerobe
2666,211,"DSM 2141, ATCC 9714, NCIB 10717, CCUG 9284, LMG 15708, CIP 103658, BCRC 10649, JCM 3814, NCIMB 10717",1,Paeniclostridium sordellii,1292036.3,anaerobe
,,,,,1505.56,
,,,,,1505.66,
,,,,,1505.67,
,,,,,1505.7,
,,,,,1505.8,
,,,,,2563367177,
,,,,,2651869763,
,,,,,GCA_000444075,
,,,,,GCA_000953675,
130928,MJJO609-3-1,DSM 29974,0,Paeniclostridium sordellii,GCA_024622135,anaerobe
16852,DMJ,"DSM 13482, JCM 10417, ATCC BAA-128",1,Palaeococcus ferrophilus,2501025505,anaerobe
,,,,,588319.9,
,,,,,GCA_000966265,
23332,DY20341,"DSM 24777, JCM 17873",1,Palaeococcus pacificus,1343739.3,anaerobe
,,,,,2588253738,
,,,,,GCA_000725425,
12496,,"DSM 17365, JCM 13257, CCUG 53888, WB 4",1,Paludibacter propionicigenes,649633080,anaerobe
,,,,,GCA_000183135,
17681,CIN1,"DSM 12816, ATCC 700879",1,Papillibacter cinnamivorans,1122930.3,anaerobe
,,,,,2588254267,
,,,,,GCA_900176335,
12502,NS31-3,"DSM 24967, JCM 17797",1,Parabacteroides chartae,1037355.4,anaerobe
,,,,,2595698220,
,,,,,GCA_900168155,
24336,ST166,"DSM 29073, CCUG 62154, JCM 17104",1,Parabacteroides chinchillae,2693429876,anaerobe
,,,,,871327.5,
,,,,,GCA_900108035,
12497,10159,"CIP 104284, DSM 20701, ATCC 8503, CCUG 4941, JCM 5825, NCTC 11152",1,Parabacteroides distasonis,2841273300,anaerobe
,,,,,2870967820,
,,,,,435591.13,
,,,,,435591.48,
,,,,,640753039,
,,,,,823.244,
,,,,,823.3764,
,,,,,823.3784,
,,,,,GCA_000012845,
,,,,,GCA_900445525,
130882,SAB-131-CoC-3,DSM 29491,0,Parabacteroides distasonis,GCA_024622105,anaerobe
132203,157,"DSM 102983, CCUG 66681, JCM 18682",1,Parabacteroides faecis,1217282.3,anaerobe
,,,,,1217282.5,
,,,,,2828648469,
,,,,,GCA_014199665,
,,,,,GCA_014647375,
12500,,"DSM 19448, ATCC BAA-1180, CCUG 48944, JCM 13446, KCTC 15612, WAL 12034",1,Parabacteroides goldsteinii,927665.27,anaerobe
,,,,,927665.28,
,,,,,927665.4,
,,,,,GCA_000969835,
,,,,,GCA_900624735,
,,,,,GCA_900624825,
12501,MS-1,"DSM 23371, CCUG 57478, JCM 15724, KCTC 15149",1,Parabacteroides gordonii,1122931.3,anaerobe
,,,,,1203610.3,
,,,,,2524614557,
,,,,,2619619297,
,,,,,GCA_000428565,
,,,,,GCA_000969825,
12498,M-165,"DSM 18315, CIP 109537, JCM 13406, CCUG 54943",1,Parabacteroides johnsonii,537006.36,anaerobe
,,,,,537006.5,
,,,,,642979358,
,,,,,GCA_000156495,
,,,,,GCA_025151045,
12499,T4-1,"DSM 19495, ATCC 43184, CCUG 38734, CIP 104202, JCM 9497, VPI T4-1, NCTC 13052",1,Parabacteroides merdae,2811995281,anaerobe
,,,,,411477.4,
,,,,,411477.87,
,,,,,46503.89,
,,,,,640963016,
,,,,,GCA_000154105,
,,,,,GCA_025151215,
,,,,,GCA_900445495,
140901,JC272,"KCTC 15476, LMG 28745",1,Paraclostridium benzoelyticum,2767802767,anaerobe
,,,,,2832979616,
,,,,,GCA_001006285,
130915,G7K1R3-PYG-90,DSM 29423,0,Paraclostridium bifermentans,GCA_024622085,anaerobe
134757,Tissier,"CIP 60.14, ATCC 19299, CCUG 9279, IAM 19224, JCM 7832",0,Paraclostridium bifermentans,1233170.3,anaerobe
,,,,,2541047517,
,,,,,GCA_000452225,
2559,"76, 10028","DSM 14991, ATCC 638, JCM 1386, CCUG 36626, NCIMB 10716, Hall 76, BCRC 14542, CIP 104309, NCTC 13019, PAGU 2008",1,Paraclostridium bifermentans subsp. bifermentans,1233171.3,anaerobe
,,,,,1490.25,
,,,,,1490.72,
,,,,,1490.75,
,,,,,1490.78,
,,,,,1490.81,
,,,,,2541047518,
,,,,,GCA_000452245,
,,,,,GCA_006802875,
,,,,,GCA_019916025,
158752,GHD-05,"KCTC 52978, NBRC 112902",1,Paracoccus litorisediminis,2006130.3,anaerobe
,,,,,GCA_009711205,
4156,MB3,"DSM 18034, NCIMB 14199",1,Desulfobaculum bizertense,1121442.5,anaerobe
,,,,,2568526004,
,,,,,GCA_900167065,
170899,IOR2,"KCTC 15845, MCCC 1K04559",1,Salidesulfovibrio onnuriiensis,CP040751,anaerobe
,,,,,GCA_008001235,
3074,HKU10,"DSM 16106, CCUG 49250, JCM 14552, LMG 22124",1,Paraeggerthella hongkongensis,230658.4,anaerobe
,,,,,2866345068,
,,,,,GCA_003726035,
6582,,"DSM 13344, ATCC BAA-66, CCUG 43347, CIP 106482, LMG 17710, JCM 19618, NCIMB 13672",1,Paralactobacillus selangorensis,2663763515,anaerobe
,,,,,81857.4,
,,,,,GCA_001436805,
,,,,,GCA_001437205,
2815,DViRD3,"DSM 15212, CIP 107654",1,Paramaledivibacter caminithermalis,1121301.3,anaerobe
,,,,,2585428176,
,,,,,GCA_900142245,
12569,,"DSM 19731, JCM 14859, YIT 11840",1,Paraprevotella clara,2513237390,anaerobe
,,,,,762968.3,
,,,,,GCA_000233955,
12570,,"DSM 19681, JCM 14860, YIT 11841, KCTC 15152",1,Paraprevotella xylaniphila,2836880742,anaerobe
,,,,,651324083,
,,,,,762982.3,
,,,,,762982.68,
,,,,,GCA_000205165,
,,,,,GCA_900683745,
133978,JA318,"KCTC 5960, NBRC 107573",1,Pararhodospirillum oryzae,2887752426,anaerobe
,,,,,478448.3,
,,,,,GCA_007992075,
14004,,"DSM 122, ATCC 49918, NTHC 132",1,Pararhodospirillum photometricum,1150469.3,anaerobe
,,,,,2513237204,
,,,,,GCA_000284415,
1761,B3028,"DSM 10105, JCM 12538, CCUG 35728, CCUG 36886, CGMCC 1.2280, KCTC 5846, LMG 17241, LMG 18312, NCTC 12936, VTT E-991434",1,Parascardovia denticolens,2811994997,anaerobe
,,,,,641144.3,
,,,,,649989980,
,,,,,864564.3,
,,,,,864564.6,
,,,,,GCA_000191785,
,,,,,GCA_001042675,
6361,,"DSM 15970, SYR 1",1,Parasporobacterium paucivorans,1122934.3,anaerobe
,,,,,2585427596,
,,,,,GCA_900141895,
17830,,"CCUG 58418, JCM 15078, DSM 21040, KCTC 15162, YIT 11859, CIP 110024",1,Parasutterella excrementihominis,651324084,anaerobe
,,,,,762966.3,
,,,,,GCA_000205025,
164709,KGMB04489,"JCM 34009, CCUG 72345, KCTC 15699",1,Paratractidigestivibacter faecalis,2292441.3,anaerobe
,,,,,2846504722,
,,,,,GCA_003416765,
18066,"3024A, 3119B","DSM 20468, ATCC 33270, CCUG 46357, CIP 105294, JCM 12970, NCTC 11808, VPI 5464, GIFU 7824",1,Parvimonas micra,33033.18,anaerobe
,,,,,411465.1,
,,,,,641380421,
,,,,,GCA_000154405,
,,,,,GCA_900637905,
11745,"95A1, 95AI","DSM 24204, NCIMB 13593, NCTC 13204, CIP 107586",1,Pasteurella skyensis,2675903214,anaerobe
,,,,,97481.3,
,,,,,GCA_013377295,
,,,,,GCA_900109845,
140540,CHU3,"KCTC 42519, CICC 24092, DSM 109232",1,Roseateles oligotrophus,GCA_025717515,anaerobe
4149,SRL6146,"DSM 16080, ATCC BAA-904",1,Paucidesulfovibrio gracilis,1121449.4,anaerobe
,,,,,2568526008,
,,,,,GCA_900167125,
4121,,"DSM 6739, ATCC 51456, SEBR 2582",1,Paucidesulfovibrio longus,1121456.3,anaerobe
,,,,,2523533522,
,,,,,GCA_000420485,
24132,LOOC260,"DSM 26202, CIP 110792, JCM 18461, KCTC 21044",1,Paucilactobacillus hokkaidonensis,1193095.8,anaerobe
,,,,,1291742.4,
,,,,,1291742.5,
,,,,,1291742.6,
,,,,,2651869714,
,,,,,2660237970,
,,,,,2728369688,
,,,,,GCA_000829395,
,,,,,GCA_001311505,
,,,,,GCA_001437505,
6633,"AMKR18, AV56","DSM 15707, CIP 109911, JCM 16175, LMG 22743, CCUG 52263, CIP 109078",1,Paucilactobacillus oligofermentans,1423778.4,anaerobe
,,,,,1423778.5,
,,,,,2657245682,
,,,,,2901594697,
,,,,,GCA_001434315,
,,,,,GCA_900015005,
6530,"I, WC-t4-15, l","DSM 5007, ATCC 49375, CCUG 32233, JCM 9504, BCRC 14736, CECT 5917, CIP 103411, KCTC 3549, LMG 11408, NCFB 2783, NCIMB 702783, NRIC 1637",1,Paucilactobacillus suebicus,1046595.4,anaerobe
,,,,,1423807.3,
,,,,,2513237369,
,,,,,2700989154,
,,,,,GCA_000260395,
,,,,,GCA_001434475,
6600,X-94,"DSM 20634, ATCC 33310, LMG 9215, NCIMB 11808, NRIC 1075, CCUG 30723, JCM 1716, BCRC 14005, CECT 5925, CIP 102807, KCTC 3608, NCFB 2784, TUA 055B",1,Paucilactobacillus vaccinostercus,1423813.3,anaerobe
,,,,,2660237943,
,,,,,GCA_001436295,
183,HKU8,"DSM 15629, CCUG 48484, CIP 107949, LMG 21939",1,Pauljensenia hongkongensis,2751185834,anaerobe
,,,,,GCA_001746855,
17147,TY,"DSM 24661, JCM 17499",1,Pectinatus brassicae,2861266387,anaerobe
,,,,,862415.3,
,,,,,862415.4,
,,,,,GCA_014201835,
17137,,"DSM 20467, ATCC 29359, CCC B-1022",1,Pectinatus cerevisiiphilus,2784746786,anaerobe
,,,,,86956.3,
,,,,,86956.4,
,,,,,GCA_004341685,
17141,V1,"DSM 6306, ATCC 33332, CCM 6217, VTT E-79100, CCUG 43283",1,Pectinatus frisingensis,865.1,anaerobe
17146,,"DSM 16980, VTT E-88329",1,Pectinatus haikarae,2926546190,anaerobe
17140,KO 1,DSM 20764,0,Pectinatus sp.,349096.3,anaerobe
6381,"B213c, B213 c. Barley","DSM 20284, KCTC 13734, LMG 11384, CCUG 32235, NCIMB 12174, CIP 103408, JCM 8797, CGMCC 1.2696, KCTC 3771, LMG 11348, NBRC 109619, NCFB 2767, NRIC 0115",1,Pediococcus acidilactici,1254.351,anaerobe
,,,,,1254.384,
,,,,,1254.398,
,,,,,649989981,
,,,,,862514.3,
,,,,,GCA_000146325,
,,,,,GCA_012396515,
,,,,,GCA_014651255,
,,,,,GCA_029823335,
6384,"Be1, Be.1","DSM 20331, ATCC 29358, NCDO 1832, WDCM 00022, CCUG 32251, LMG 11484, NCIMB 12010, CIP 102264, CCM 3453, JCM 5886, BCRC 12840, CECT 793, CGMCC 1.2692, KCTC 3770, NBRC 107867, VKM B-1602, VTT E-91459, CCUG 21535",1,Pediococcus damnosus,2675903387,anaerobe
,,,,,51663.5,
,,,,,GCA_001437255,
6385,236b,"CCUG 38496, DSM 20285, ATCC 49902, NCIMB 12564, JCM 12518, BCRC 12841, CCM 3451, CECT 4784, CGMCC 1.6505, CIP 102406, KCTC 3653, LMG 11409, NCFB 2932, VTT E-96661",1,Pediococcus inopinatus,114090.3,anaerobe
,,,,,114090.5,
,,,,,2660238412,
,,,,,2806310833,
,,,,,GCA_001438725,
,,,,,GCA_002982135,
6393,,"DSM 20336, ATCC 33316, NCDO 990, WDCM 00158, CCUG 32205, JCM 5890, BCC 4305, BCRC 12843, CECT 4695, CGMCC 1.2695, CIP 102260, KCTC 3507, LMG 11488, NBRC 107768, NCIMB 12012, NCTC 12956, VTT E-88317, CCM 7796, CCRC 12843, NCFB 990",1,Pediococcus pentosaceus,1255.112,anaerobe
,,,,,1255.124,
,,,,,1255.14,
,,,,,1255.195,
,,,,,2660238327,
,,,,,GCA_001437285,
,,,,,GCA_004354495,
,,,,,GCA_007992275,
,,,,,GCA_029823395,
6397,"FAIR-E-180, FAIR-E 180","DSM 18001, CCUG 51290, LMG 23082, CIP 109142, JCM 30772, BCRC 17601, NCIMB 14315, BFE 1652",1,Pediococcus stilesii,2667527983,anaerobe
,,,,,331679.3,
,,,,,GCA_001437075,
4219,OttBd1,"DSM 2379, NBRC 103807",1,Pelobacter propionicus,338966.17,anaerobe
,,,,,338966.18,
,,,,,338966.9,
,,,,,639633050,
,,,,,GCA_000015045,
4225,KM,"DSM 18267, ATCC BAA-1388, CIP 109818",1,Pelobacter seleniigenes,1122946.3,anaerobe
,,,,,2571042913,
,,,,,GCA_000711225,
24802,"MO-CFX1, MO-CFXI","DSM 23923, JCM 17238, KCTC 5975",1,Pelolinea submarina,2770939606,anaerobe
,,,,,913107.6,
,,,,,GCA_003385075,
,,,,,GCA_003966975,
17204,"R7, 10787","DSM 17108, ATCC BAA-1133, CIP 109631",1,Pelosinus fermentans,1122947.3,anaerobe
,,,,,2529293099,
,,,,,365349.7,
,,,,,GCA_000271485,
,,,,,GCA_900100555,
17203,TmPN3,"DSM 13327, ATCC BAA-626, CIP 108813",1,Pelosinus propionicus,1123291.3,anaerobe
,,,,,2636416028,
,,,,,GCA_900114615,
23338,HCF1,DSM 26827,0,Pelosinus sp.,1235479.3,anaerobe
,,,,,2511231046,
,,,,,GCA_000317005,
5797,172,"DSM 13688, ATCC 51744",1,Pelotalea chapellei,44671.3,anaerobe
,,,,,GCA_018531195,
11836,MGP,"DSM 15578, JCM 11929",1,Pelotomaculum propionicicum,2889842500,anaerobe
,,,,,GCA_004369225,
11835,HH,"DSM 15200, ATCC BAA-615",1,Pelotomaculum schinkii,GCA_004369205,anaerobe
11837,FP,"DSM 16145, JCM 12326",0,Pelotomaculum sp.,261474.3,anaerobe
,,,,,2883581706,
,,,,,GCA_004369245,
11838,JT,"DSM 16121, JCM 11824, NBRC 100523",1,Pelotomaculum terephthalicicum,GCA_022410535,anaerobe
11833,SI,"DSM 13744, JCM 10971",1,Pelotomaculum thermopropionicum,370438.4,anaerobe
,,,,,640427128,
,,,,,GCA_000010565,
2798,TO-931,"DSM 13275, JCM 10541, KCTC 15199",1,Peptacetobacter hiranonis,500633.7,anaerobe
,,,,,642979371,
,,,,,89152.14,
,,,,,GCA_000156055,
,,,,,GCA_008151785,
164580,ZHW00191,"JCM 33482, GDMCC 1.1530",1,Peptacetobacter hominis,GCA_006861675,anaerobe
,,,,,SGJB00000000,
131480,"ACC19a, HM-483","DSM 28705, ATCC BAA-2665",1,Peptoanaerobacter stomatis,2513237269,anaerobe
,,,,,GCA_000238115,
131478,"CM2, HM-484",DSM 28703,0,Peptoanaerobacter stomatis,2562617100,anaerobe
,,,,,GCA_000238095,
131479,"CM5, HM-485",DSM 28704,0,Peptoanaerobacter stomatis,2513237271,anaerobe
,,,,,GCA_000238135,
131481,"HM-765, OBRC8",DSM 28706,0,Peptoanaerobacter stomatis,2531839269,anaerobe
,,,,,GCA_000293035,
5415,al-2,"DSM 3953, ATCC 49065",1,Peptoclostridium acidaminophilum,1286171.3,anaerobe
,,,,,1286171.8,
,,,,,2562617038,
,,,,,GCA_000597865,
2741,W6,"DSM 5388, ATCC 49638",1,Peptoclostridium litorale,1121324.3,anaerobe
,,,,,1121324.4,
,,,,,2561511002,
,,,,,2585428090,
,,,,,GCA_000699585,
,,,,,GCA_900141635,
11782,,"DSM 20475, ATCC 27731, VPI 7953, JCM 6506, CCM 6019, CIP 105947, NCTC 11805",1,Peptococcus niger,2634166305,anaerobe
,,,,,2741.7,
,,,,,GCA_900101835,
17996,"BAI, UW 228","DSM 20463, ATCC 14963, NCIB 10074, CCUG 9988, JCM 1765, CIP 74.17, KCTC 3321, NCIMB 10074, NCTC 11461, VTT E-981052",1,Peptoniphilus asaccharolyticus,1258.4,anaerobe
,,,,,2503982046,
,,,,,573058.3,
,,,,,GCA_900176115,
155907,,"CCUG 59622, JCM 16892, ATCC BAA-2106, KCTC 15410",1,Peptoniphilus coxii,2582829.3,anaerobe
,,,,,755171.3,
18004,,"JCM 15634, KCTC 5947, DSM 21461, ATCC BAA-1383, CCUG 53341, WAL 10418",1,Peptoniphilus gorbachii,2901072628,anaerobe
,,,,,411567.4,
,,,,,GCA_016908115,
17999,SBH 432,"CCUG 38491, DSM 10020, ATCC BAA-601, CIP 105323, NCTC 13076, KCTC 5952",1,Peptoniphilus harei,54005.102,anaerobe
18000,SBH 064,"DSM 10021, CIP 105324",0,Peptoniphilus harei,54005.101,anaerobe
17997,R13,"DSM 20464, ATCC 29427, CCM 5987",1,Peptoniphilus indolicus,997350.3,anaerobe
,,,,,GCA_000227315,
18001,SBH 093,"DSM 10022, ATCC BAA-602, CIP 105325, CCUG 38492, NCTC 13078, KCTC 15407",1,Peptoniphilus ivorii,2928399207,anaerobe
18006,(WAL 2037I,"DSM 22616, ATCC BAA-1638, CCUG 56067, WAL 18898",1,Peptoniphilus koenoeneniae,2926469591,anaerobe
17998,,"DSM 7455, ATCC 51171, JCM 8139, CCUG 31350, GIFU 7667, CIP 103724, NCTC 13149",1,Peptoniphilus lacrimalis,1122949.3,anaerobe
,,,,,2519899691,
,,,,,2834194177,
,,,,,33031.7,
,,,,,GCA_000378725,
,,,,,GCA_900454715,
18003,,"DSM 21460, ATCC BAA-1384, CCUG 53342, WAL 12922, JCM 15635, KCTC 5948",1,Peptoniphilus olsenii,2928410127,anaerobe
23453,JC140,"DSM 25694, CSUR P154, KCTC 15414",1,Peptoniphilus tyrrelliae,2547132135,anaerobe
,,,,,GCA_000321025,
155864,,CCUG 59485,0,Peptoniphilus sp.,908338.3,anaerobe
130836,SF-S1,"DSM 27563, KCTC 15513, NBRC 109839, CCUG 64570",1,Peptoniphilus stercorisuis,1436965.3,anaerobe
,,,,,2913508488,
,,,,,GCA_017874395,
24765,JC401,"DSM 25367, CSUR P165, KCTC 15412",1,Peptoniphilus timonensis,1095770.3,anaerobe
,,,,,2619619100,
,,,,,GCA_000312025,
11843,"4372, 10102","DSM 2949, ATCC 27337, BCRC 10722, CCUG 7835, CIP 104411, KCTC 5182, KCTC 5973, LMG 15865, NCTC 11460, VTT E-022078, VPI 4330",1,Peptostreptococcus anaerobius,1035196.3,anaerobe
,,,,,1122950.3,
,,,,,1261.19,
,,,,,2519899669,
,,,,,2537561951,
,,,,,2837383163,
,,,,,GCA_000318115,
,,,,,GCA_000381525,
,,,,,GCA_900454605,
23187,Theo 5,"DSM 27025, CCUG 57081, JCM 19103, KCTC 15366",1,Peptostreptococcus canis,1159213.3,anaerobe
,,,,,1159213.4,
,,,,,2913489038,
,,,,,GCA_014229965,
,,,,,GCA_017874285,
11848,RT-10B,"DSM 23041, CCUG 58235, NRRL B-59380",1,Peptostreptococcus russellii,215200.5,anaerobe
,,,,,2839460140,
,,,,,GCA_003012055,
11847,W2278,"DSM 17678, CCUG 51858, JCM 15636",1,Peptostreptococcus stomatis,596315.3,anaerobe
,,,,,648276712,
,,,,,GCA_000147675,
6860,2L24P13,"DSM 22752, JCM 18047, LMG 25373",1,Periweissella beninensis,2901094396,anaerobe
,,,,,504936.3,
,,,,,GCA_016908275,
,,,,,GCA_023701865,
12503,BN3,"DSM 16547, JCM 12565, CIP 108780",1,Petrimonas sulfuriphila,2828614168,anaerobe
17051,MET-B,"DSM 16923, CCUG 50214",1,Petrotoga halophila,1122953.3,anaerobe
,,,,,2556793017,
,,,,,GCA_002924615,
17048,,"DSM 14811, CIP 107371, MET met12, MET 12",1,Petrotoga mexicana,1122954.3,anaerobe
,,,,,GCA_002895565,
17047,42-6,"DSM 10691, ATCC 51224",1,Petrotoga miotherma,1434326.3,anaerobe
,,,,,GCA_002895605,
17045,SJ95,DSM 10674,1,Petrotoga mobilis,403833.7,anaerobe
,,,,,641228500,
,,,,,GCA_000018605,
17049,SL24,"DSM 13574, JCM 11234",1,Petrotoga olearia,1122955.3,anaerobe
,,,,,156203.3,
,,,,,2757320361,
,,,,,GCA_002895525,
,,,,,GCA_003688505,
17050,SL25,"DSM 13575, JCM 11235",1,Petrotoga sibirica,1122956.3,anaerobe
,,,,,156202.3,
,,,,,2756170166,
,,,,,GCA_002924625,
,,,,,GCA_004366085,
14026,JA480,"DSM 23193, KCTC 5825, NBRC 106163",1,Phaeovibrio sulfidiphilus,1220600.4,anaerobe
,,,,,GCA_014861485,
100,QUM 3679,"DSM 14760, ACM 3679",1,Phascolarctobacterium faecium,1122957.3,anaerobe
,,,,,2756170237,
,,,,,GCA_003269275,
18135,7401987,"DSM 21584, CCUG 55929, CSUR P22, JCM 16570",1,Phocaeicola abscessus,1204719.3,anaerobe
,,,,,2556793004,
,,,,,GCA_000312445,
1614,BL2,"DSM 18169, JCM 13652, CCUG 54636",1,Phocaeicola barnesiae,1121094.3,anaerobe
,,,,,1236490.3,
,,,,,2517572120,
,,,,,2585427859,
,,,,,GCA_000374585,
,,,,,GCA_000613645,
1608,M16,"DSM 17136, JCM 12979, CCUG 54635",1,Phocaeicola coprocola,470145.6,anaerobe
,,,,,642791613,
,,,,,GCA_000154845,
,,,,,GCA_020731235,
1622,CB 42,"CCUG 55424, DSM 18228, JCM 13818",1,Phocaeicola coprophilus,2731957552,anaerobe
,,,,,547042.1,
,,,,,643886197,
,,,,,GCA_000157915,
,,,,,GCA_001315785,
1612,175,"DSM 17855, JCM 13471, CCUG 53892",1,Phocaeicola dorei,357276.1035,anaerobe
,,,,,357276.1436,
,,,,,483217.6,
,,,,,642979370,
,,,,,GCA_000156075,
,,,,,GCA_013009555,
,,,,,GCA_025146415,
1611,"B84634, 84634","DSM 17679, CCUG 48901, CIP 107942, JCM 13223",1,Phocaeicola massiliensis,1121098.3,anaerobe
,,,,,1121098.4,
,,,,,1121098.7,
,,,,,2515154074,
,,,,,2531839249,
,,,,,2585427948,
,,,,,GCA_000373085,
,,,,,GCA_000382445,
,,,,,GCA_000613545,
1625,WK042,"DSM 21004, JCM 15092",1,Phocaeicola paurosaccharolyticus,1236498.4,anaerobe
,,,,,2585427865,
,,,,,GCA_000613805,
1607,M12,"CCUG 54634, DSM 17135, JCM 12973",1,Phocaeicola plebeius,484018.6,anaerobe
,,,,,642979351,
,,,,,GCA_000187895,
1615,BL78,"CCUG 60908, DSM 18170, JCM 13657",1,Phocaeicola salanitronis,649633013,anaerobe
,,,,,667015.7,
,,,,,667015.8,
,,,,,667015.9,
,,,,,GCA_000190575,
1627,"A-C2-0, AC20","DSM 21941, CCUG 57211, JCM 17136",1,Phocaeicola sartorii,1236515.3,anaerobe
,,,,,2585427920,
,,,,,GCA_000614185,
,,,,,GCA_024622025,
1601,LRA 049 07 85,"DSM 1447, ATCC 8482, CCUG 4940, JCM 5826, BCRC 12903, CIP 103714, IAM 14520, IFO 14291, LMG 7956, NBRC 14291, NCTC 11154",1,Phocaeicola vulgatus,2510065017,anaerobe
,,,,,2886510283,
,,,,,435590.45,
,,,,,435590.9,
,,,,,640753008,
,,,,,821.4031,
,,,,,GCA_000012825,
,,,,,GCA_028538915,
130883,39a-cc-B-5824-ARE,DSM 28735,0,Phocaeicola vulgatus,821.4032,anaerobe
,,,,,GCA_024622035,
17648,"EPRHB-8, HB-8","DSM 24425, JCM 17384",1,Phorcysia thermohydrogeniphila,2728369737,anaerobe
,,,,,936138.7,
,,,,,GCA_004339575,
17234,DF-42,"DSM 21778, JCM 13586, KCTC 12723, CAIM 1851, CECT 7642, CIP 109547, LMG 25278",1,Photobacterium lutimaris,2770939603,anaerobe
,,,,,2858373912,
,,,,,388278.3,
,,,,,388278.4,
,,,,,GCA_003025555,
,,,,,GCA_004363665,
12505,B440,"CCUG 7834, CCUG 14451, JCM 6326, DSM 20707, ATCC 25260, VPI 4198, BCRC 10618, LMG 13178",1,Porphyromonas asaccharolytica,2504756018,anaerobe
,,,,,879243.3,
,,,,,GCA_000212375,
12513,,"DSM 23058, ATCC BAA-1629, CCUG 55979, WAL 1926C, JCM 16335",1,Porphyromonas bennonis,1122971.3,anaerobe
,,,,,1236537.5,
,,,,,2517093003,
,,,,,2585427886,
,,,,,GCA_000375645,
,,,,,GCA_000615615,
132848,,"DSM 104739, AHN 4309, ATCC 700135, JCM 15983, NCTC 12856, CCUG 47700, JCM 13862, VPB 4874",1,Porphyromonas cangingivalis,1236520.3,anaerobe
,,,,,2585427887,
,,,,,2585428082,
,,,,,36874.13,
,,,,,36874.15,
,,,,,GCA_000614355,
,,,,,GCA_900167355,
,,,,,GCA_900638305,
12510,,"DSM 23684, ATCC 51270, CCUG 41358, JCM 13863, NCTC 13056, VPI N3B-3",1,Porphyromonas catoniae,2558860281,anaerobe
,,,,,887901.3,
,,,,,GCA_000565015,
132059,,"DSM 103022, ATCC 51356, CCUG 41934, JCM 13864, NCTC 12469, VPB 3329",1,Porphyromonas circumdentaria,2582581320,anaerobe
,,,,,2828459078,
,,,,,29524.4,
,,,,,29524.6,
,,,,,GCA_014206885,
,,,,,GCA_900167105,
152858,,"CCUG 47794, ATCC 55563, JCM 15906",1,Porphyromonas crevioricanis,1305617.3,anaerobe
,,,,,2585428092,
,,,,,2606217151,
,,,,,393921.1,
,,,,,GCA_000509245,
,,,,,GCA_900167225,
132849,,"DSM 104771, AHN 4364, CCUG 47702, JCM 13913, NCTC 12858, VPB 4875",0,Porphyromonas crevioricanis,1305618.3,anaerobe
,,,,,2606217148,
,,,,,2814123398,
,,,,,393921.11,
,,,,,GCA_000509265,
,,,,,GCA_900476255,
12509,HG370,"DSM 24491, ATCC 35406, JCM 8526, NCTC 13058, CCUG 16442, BCRC 14492",1,Porphyromonas endodontalis,28124.3,anaerobe
,,,,,28124.79,
,,,,,28124.8,
,,,,,28124.81,
,,,,,28124.82,
,,,,,2858648101,
,,,,,553175.3,
,,,,,643886148,
,,,,,GCA_000174815,
,,,,,GCA_900454815,
12506,2561,"DSM 20709, ATCC 33277, CIP 103683, JCM 12257, CCUG 25893, CCUG 25928, NCTC 11834",1,Porphyromonas gingivalis,2843222565,anaerobe
,,,,,431947.23,
,,,,,431947.7,
,,,,,642555148,
,,,,,837.134,
,,,,,GCA_000010505,
,,,,,GCA_002892575,
24337,HG66,DSM 28984,0,Porphyromonas gingivalis,2597490155,anaerobe
,,,,,GCA_000739415,
12507,,"DSM 15663, ATCC 51700, NCTC 13180, CCUG 47701, JCM 13865, Loup 1",1,Porphyromonas gulae,1122972.3,anaerobe
,,,,,2518645603,
,,,,,GCA_000378065,
12508,LEV,"DSM 23370, ATCC 29147, CCUG 34320, JCM 13866, NCTC 11028, ACM 5042, CCUG 21027, HAMBI 467, VPI 10450, VPI 3300",1,Porphyromonas levii,1122973.3,anaerobe
,,,,,2515154110,
,,,,,GCA_000379925,
12504,7728-L6C,"DSM 20710, ATCC 33141, CCUG 47703, NCTC 13100, JCM 13914",1,Porphyromonas macacae,1122974.3,anaerobe
,,,,,1236519.3,
,,,,,2517093006,
,,,,,2585427889,
,,,,,28115.13,
,,,,,2814123385,
,,,,,GCA_000379945,
,,,,,GCA_000614325,
,,,,,GCA_900454825,
150673,,"CCUG 41933, ATCC 49407, NCTC 11632, JCM 15984, CCUG 33478, VPB 157",0,Porphyromonas macacae,1236521.3,anaerobe
,,,,,2585427890,
,,,,,28115.12,
,,,,,2814123386,
,,,,,GCA_000614385,
,,,,,GCA_900454765,
156908,,"JCM 30531, CCUG 66735",1,Porphyromonas pasteri,1583331.7,anaerobe
,,,,,GCA_014647755,
12512,,"DSM 23386, ATCC BAA-1230, CCUG 51464, JCM 13867, WAL 6690",1,Porphyromonas somerae,1122975.3,anaerobe
,,,,,2515154109,
,,,,,GCA_000372405,
12511,,"DSM 23387, ATCC BAA-906, CCUG 48615, JCM 13868, WAL 9902",1,Porphyromonas uenonis,1122976.3,anaerobe
,,,,,1236493.3,
,,,,,2528311143,
,,,,,2585427891,
,,,,,GCA_000482365,
,,,,,GCA_000613705,
12562,,"DSM 23384, CCUG 53648, JCM 14753, KCTC 15072",1,Prevotella amnii,1122979.3,anaerobe
,,,,,1236496.3,
,,,,,2518645615,
,,,,,2585427892,
,,,,,GCA_000378745,
,,,,,GCA_000613765,
133542,OMA31,"JCM 15754, CCUG 57723, KCTC 15073",1,Prevotella aurantiaca,1236508.3,anaerobe
,,,,,2565956594,
,,,,,GCA_000614025,
12525,653C,"DSM 20514, ATCC 29303, NCTC 11156, CCUG 9557, CIP 105105, JCM 6331, LMG 6452, VPI 6822, AIP 10109",1,Prevotella bivia,2509601036,anaerobe
,,,,,553171.3,
,,,,,868129.3,
,,,,,GCA_000262545,
12551,"N532-70A, N 532-70A","DSM 18810, ATCC 33547, CIP 105107, JCM 8529, NCTC 13065, CCUG 15404, AIP 10111, VPI 9342, Lambe 532-70A, KCTC 15680",1,Prevotella corporis,1122981.3,anaerobe
,,,,,1235812.3,
,,,,,2523533623,
,,,,,2585427894,
,,,,,GCA_000430525,
,,,,,GCA_000613365,
139763,ES2772,"DSM 3688, ATCC 49559, CCUG 48288, NCTC 12043, JCM 13448",1,Prevotella dentalis,2509276066,anaerobe
,,,,,908937.13,
,,,,,908937.14,
,,,,,908937.4,
,,,,,908937.9,
,,,,,GCA_000220215,
,,,,,GCA_000242335,
12565,,"DSM 22229, JCM 15908, NUM 1903, KCTC 15187",1,Prevotella dentasini,1236509.3,anaerobe
,,,,,2585427895,
,,,,,GCA_000614065,
12529,1210,"DSM 20614, ATCC 35308, NCDO 2352, CCUG 29542, JCM 13449, CIP 104478, NCTC 13067",1,Prevotella denticola,1122982.4,anaerobe
,,,,,1236487.4,
,,,,,2526164516,
,,,,,2585427896,
,,,,,28129.12,
,,,,,2906457805,
,,,,,GCA_000421205,
,,,,,GCA_000613585,
,,,,,GCA_900454835,
12530,1304-72B,"CCUG 9558, JCM 6334, LMG 6453, CIP 105108, DSM 20516, ATCC 29426, NCTC 11157, VPI 8057",1,Prevotella disiens,1235811.4,anaerobe
,,,,,1235811.5,
,,,,,2585427922,
,,,,,2600254990,
,,,,,28130.5,
,,,,,2871815117,
,,,,,GCA_000467875,
,,,,,GCA_000613345,
,,,,,GCA_900454955,
155870,,CCUG 59491,0,Prevotella disiens,866771.4,anaerobe
12563,04052,"DSM 22864, CCUG 56137, JCM 15124, KCTC 15074",1,Prevotella falsenii,1236505.3,anaerobe
,,,,,2585427898,
,,,,,GCA_000613945,
12567,W1435,"DSM 22504, CCUG 57946, JCM 17724",1,Prevotella fusca,1236517.4,anaerobe
,,,,,1236517.6,
,,,,,2585427899,
,,,,,2684623158,
,,,,,GCA_000614245,
,,,,,GCA_001262015,
,,,,,GCA_018128145,
12552,HEP,"JCM 12247, DSM 23917, ATCC 35895, CCUG 27827, LMG 10142, JCM 16133",1,Bacteroides heparinolyticus,2795385454,anaerobe
,,,,,28113.5,
,,,,,GCA_004342845,
12560,T05-04,"DSM 19854, CCUG 55407, JCM 15637",1,Prevotella histicola,1236504.5,anaerobe
,,,,,GCA_000613925,
,,,,,GCA_000759075,
12531,B422,"DSM 20706, ATCC 25611, KCTC 15693, CCUG 24041, JCM 7365, JCM 12248, VPI 4197, JCM 11150, BCRC 14416, CIP 103682, NCTC 13070, CIP 101222, KCTC 3692",1,Prevotella intermedia,1122984.13,anaerobe
,,,,,1122984.4,
,,,,,1122984.7,
,,,,,2515154173,
,,,,,2523231016,
,,,,,28131.49,
,,,,,28131.7,
,,,,,2816332597,
,,,,,2903615608,
,,,,,GCA_000439065,
24343,"CD3:28, CD3_28, CD3 : 28","DSM 26989, CCUG 60371, KCTC 15415",1,Prevotella jejuni,1177574.3,anaerobe
,,,,,2724679806,
,,,,,GCA_900187995,
12534,B282,"DSM 7089, ATCC 25845, JCM 6325, CCUG 4944 B, VPI 4196, BCRC 10622, CIP 105346, KCTC 3689, NCTC 12963, VPI 15087, AIP 10205",1,Prevotella melaninogenica,28132.35,anaerobe
,,,,,28132.361,
,,,,,553174.6,
,,,,,648028051,
,,,,,GCA_000144405,
24340,CD3:34,"DSM 26980, CCUG 60312",0,Prevotella melaninogenica,28132.351,anaerobe
,,,,,28132.362,
12564,E7.56,"DSM 21469, CCUG 56105, KCTC 15163, JCM 16134",1,Prevotella micans,1122987.3,anaerobe
,,,,,1236510.3,
,,,,,2515154159,
,,,,,2585427903,
,,,,,GCA_000373705,
,,,,,GCA_000614105,
12540,PPPA21,"CCUG 51937, DSM 16608, JCM 12541",1,Prevotella multiformis,649989987,anaerobe
,,,,,888743.3,
,,,,,GCA_000191065,
12537,,"DSM 13386, ATCC 33563, NCTC 9336, CCUG 9560, CIP 105552, JCM 12250, VPI 8944, Lambe 729-74, CIP 104835, JCM 6322, KCTC 15081",1,Prevotella nigrescens,2811995243,anaerobe
,,,,,28133.103,
,,,,,28133.4,
,,,,,28133.93,
,,,,,28133.95,
,,,,,28133.99,
,,,,,651324089,
,,,,,997352.4,
,,,,,GCA_000220235,
,,,,,GCA_900454985,
154665,,"CCUG 54769, JCM 14966, ATCC 43324, NCTC 12747, CCUG 20177, CIP 104477, JCM 13451, NCTC 11871",1,Prevotella oulorum,1236497.4,anaerobe
,,,,,2585427905,
,,,,,2585428083,
,,,,,28136.6,
,,,,,GCA_000613785,
,,,,,GCA_900167385,
12549,,"DSM 18710, ATCC 700821, CCUG 39484, CIP 105551, NCTC 13042, AHN 10371, JCM 11140",1,Prevotella pallens,2695420923,anaerobe
,,,,,60133.3,
,,,,,651324090,
,,,,,997353.4,
,,,,,GCA_000220255,
,,,,,GCA_003269195,
134238,,"JCM 14110, CCUG 54350, GTC 3021",1,Prevotella pleuritidis,1236494.3,anaerobe
,,,,,2565956597,
,,,,,GCA_000613725,
12568,W2052,"DSM 22613, CCUG 57945, JCM 17725",1,Prevotella scopos,1236518.13,anaerobe
,,,,,1236518.39,
,,,,,1236518.4,
,,,,,1236518.6,
,,,,,1236518.7,
,,,,,2585427908,
,,,,,2695420955,
,,,,,2721755485,
,,,,,GCA_000614285,
,,,,,GCA_001683355,
12554,,"DSM 19559, ATCC 33779, CCUG 15422, JCM 6290, VPI D22A-7, BCRC 14442",1,Prevotella veroralis,1122993.3,anaerobe
,,,,,1234673.5,
,,,,,2517572238,
,,,,,2585427910,
,,,,,GCA_000377625,
,,,,,GCA_000613325,
143590,,"CCUG 20495, CIP 104479, ATCC 33285, NCTC 13075, JCM 16136, JCM 12260, VPI D28K-1",1,Capsularis zoogleoformans,2596583692,anaerobe
,,,,,2802429456,
,,,,,28119.4,
,,,,,28119.6,
,,,,,GCA_002998435,
,,,,,GCA_007830715,
12659,"C3M-31, C3M_31","DSM 21887, CCUG 57100, CIP 110570, JCM 16571",1,Propionibacterium acidifaciens,1122994.3,anaerobe
,,,,,2524614803,
,,,,,GCA_000426605,
12658,TA-12,"DSM 16859, CIP 105414, IAM 14535, NRIC 0247, CCUG 48885, ATCC 700429, JCM 21245, NBRC 103082, NCIMB 13575",1,Propionibacterium cyclohexanicum,2675903216,anaerobe
,,,,,64702.3,
,,,,,GCA_900111365,
12642,"53-W (Hitchner No. 33), 33","CCUG 7433, DSM 20271, ATCC 6207, CCM 1857, NCDO 564, NCIB 5959, NCTC 10470, CIP 103026, NCIMB 5959, CIP 55.101, CIP 59.23",1,Propionibacterium freudenreichii,2627853667,anaerobe
,,,,,GCA_000940845,
12643,E11.1,"DSM 4902, ATCC 9614, NCDO 853, NCIB 8099, CCUG 36819, VPI 0405, CIP 103027, NCIMB 8099",0,Propionibacterium freudenreichii,1744.104,anaerobe
,,,,,1744.105,
,,,,,1744.106,
,,,,,1744.107,
,,,,,1744.108,
,,,,,1744.109,
,,,,,1744.11,
,,,,,1744.111,
,,,,,1744.112,
,,,,,1744.113,
12670,BL-10,"DSM 22317, ATCC BAA-1218, LMG 23096, JCM 14922",1,Propionicicella superfundia,1122999.3,anaerobe
,,,,,2523231070,
,,,,,GCA_000423465,
159196,"WS 4900, VG341","DSM 100885, LMG 29089",1,Propioniciclava flava,2072026.3,anaerobe
,,,,,GCA_004126535,
,,,,,PPCV00000000,
12673,,"DSM 22130, JCM 15804, WR 061, KCTC 15186",1,Propioniciclava tarda,2724679781,anaerobe
,,,,,433330.3,
,,,,,433330.4,
,,,,,GCA_004324765,
,,,,,GCA_900182665,
5782,10succ1,DSM 9537,1,Propionigenium maris,2574179702,anaerobe
12663,,"CCUG 27816, NCTC 11866, LMG 16728, DSM 4903, ATCC 27520, JCM 5829, VPI 7625B, CIP 103263, NCIMB 702587, NCDO 2587",1,Propionimicrobium lymphophilum,1123001.3,anaerobe
,,,,,2523533555,
,,,,,GCA_000423485,
17148,12B4,"DSM 2179, ATCC 33732",1,Propionispira arboris,2602042026,anaerobe
,,,,,84035.3,
,,,,,GCA_900109225,
17187,SH2,"DSM 20765, ATCC 49691, VTT E-90406",1,Propionispira raffinosivorans,1123511.3,anaerobe
,,,,,2518645621,
,,,,,GCA_000381065,
17150,"KS, KS-SP4I6","DSM 15287, ATCC BAA-665",1,Propionispora hippei,1123003.3,anaerobe
,,,,,2585428088,
,,,,,GCA_900141835,
17149,FBKS1,"DSM 13305, JCM 17185",1,Propionispora vibrioides,112903.3,anaerobe
,,,,,2634166332,
,,,,,GCA_900110485,
13897,CreMal1,"DSM 5885, JCM 12339, JCM 7784",1,Propionivibrio dicarboxylicus,2599185173,anaerobe
,,,,,83767.3,
,,,,,GCA_900099695,
13899,GolChi1,"DSM 6832, JCM 12227",1,Propionivibrio limicola,167645.3,anaerobe
,,,,,GCA_009469695,
13898,asp66,DSM 12018,1,Propionivibrio pelophilus,2574180451,anaerobe
2402,5030,DSM 1685,0,Prosthecochloris sp.,2743976.3,anaerobe
,,,,,2910492695,
,,,,,GCA_013357945,
2401,6030,DSM 260,1,Prosthecochloris vibrioformis,1098.5,anaerobe
,,,,,GCA_006265245,
18078,GW,"DSM 21650, CGMCC 1.5055, JCM 14574",1,Proteiniborus ethanoligenes,2599185206,anaerobe
,,,,,415015.4,
,,,,,GCA_900107485,
2872,D3RC-2,"DSM 24773, CGMCC 1.5058, JCM 14817, KCTC 15188",1,Proteiniclasticum ruminis,1410668.3,anaerobe
,,,,,2561511080,
,,,,,2675903137,
,,,,,398199.5,
,,,,,GCA_000701905,
,,,,,GCA_900099635,
12514,TB107,"DSM 18083, CGMCC 1.5024, JCM 12891, CCUG 53886",1,Proteiniphilum acetatigenes,1123008.3,anaerobe
,,,,,2518645612,
,,,,,GCA_000380985,
18080,PPP2,"DSM 23131, CIP 108034, JCM 12175, ATCC BAA-755",1,Proteocatella sphenisci,1123009.3,anaerobe
,,,,,2523533562,
,,,,,GCA_000423525,
158686,08MAS2615,"DSM 104686, CGMCC 1.15982",1,Proteus columbae,2791355076,anaerobe
,,,,,GCA_002777965,
1581,WM 2,"DSM 2933, ATCC 35603, NRCC 2944",1,Pseudobacteroides cellulosolvens,2571042001,anaerobe
,,,,,2695420353,
,,,,,398512.8,
,,,,,398512.9,
,,,,,GCA_000745845,
,,,,,GCA_001262605,
6362,A12-1,DSM 9787,1,Pseudobutyrivibrio ruminis,1123011.4,anaerobe
,,,,,2596583532,
,,,,,GCA_900218035,
6365,"Mz 5, Mz5","DSM 14809, ATCC BAA-455, CIP 107891",1,Pseudobutyrivibrio xylanivorans,1123012.3,anaerobe
,,,,,2585428087,
,,,,,GCA_900141825,
6364,,"DSM 10317, NCFB 2399",0,Pseudobutyrivibrio xylanivorans,185007.3,anaerobe
,,,,,2593339222,
,,,,,GCA_900103015,
4124,ASPO-2,"DSM 10631, ATCC 700646",1,Pseudodesulfovibrio aespoeensis,649633037,anaerobe
,,,,,GCA_000176915,
4119,SL 8903,"DSM 5663, ATCC 51179",1,Pseudodesulfovibrio halophilus,2571042916,anaerobe
158356,BerOC1,"DSM 103834, JCM 31820",1,Pseudodesulfovibrio hydrargyri,GCA_001874525,anaerobe
132642,J2,"DSM 101483, MCCC 1A01867",1,Pseudodesulfovibrio indicus,1716143.16,anaerobe
,,,,,2651869878,
,,,,,2687453294,
,,,,,2784746795,
,,,,,GCA_001563225,
,,,,,GCA_004365595,
4177,C1TLV30,"DSM 21447, JCM 15486",1,Pseudodesulfovibrio piezophilus,2540341170,anaerobe
,,,,,GCA_000341895,
4129,500-1,"DSM 11384, MCCC 1A01905",1,Pseudodesulfovibrio profundus,2775506867,anaerobe
,,,,,GCA_900217235,
140414,BLaC1,"DSM 101509, JCM 31063",1,Pseudodesulfovibrio senegalensis,1721087.3,anaerobe
,,,,,2899427287,
,,,,,GCA_008830225,
18083,,"DSM 23940, ATCC 29799, CCUG 15402 A, VPI R2-29-1, KCTC 15156, JCM 32126, CCUG 15402A",1,Pseudoflavonifractor capillosus,411467.62,anaerobe
,,,,,640963014,
,,,,,GCA_000169255,
17864,LB 57,"DSM 19756, CCUG 32286, CIP 107915, JCM 16774",1,Pseudoleptotrichia goodfellowii,157692.5,anaerobe
,,,,,2506520045,
,,,,,714315.3,
,,,,,GCA_000516535,
,,,,,GCA_007990505,
13175,HY-14,"DSM 24390, CCTCC AB 208156, KCTC 22292",1,Denitrificimonas caeni,2524614874,anaerobe
,,,,,521719.3,
,,,,,GCA_000421765,
12999,KC,"DSM 7136, CIP 107462, ATCC 55595",0,Stutzerimonas stutzeri,316.364,anaerobe
,,,,,GCA_002890795,
13003,AW-1,"DSM 13592, KCTC 12116, CCUG 51509, ATCC BAA-443, JCM 21638, IAM 15183, NBRC 102227, CIP 107870",0,Stutzerimonas stutzeri,GCA_000495915,anaerobe
5452,DO-4,"DSM 3980, ATCC 23263, CCUG 52346, CIP 107831, JCM 6480, VPI 0416, KCTC 15024",1,Pseudoramibacter alactolyticus,649989993,anaerobe
,,,,,887929.3,
,,,,,GCA_000185505,
168525,C1-9,"CGMCC 1.13864, KCTC 62325",1,Methylibium rhizosphaerae,GCA_006386545,anaerobe
,,,,,SWAR00000000,
13833,HD-43,"DSM 25294, CCUG 57754, KCTC 22690",1,Pseudoruegeria lutimaris,2622736598,anaerobe
,,,,,571298.3,
,,,,,GCA_900099935,
130216,DPVI-TET3,"DSM 24742, CCM 7943",1,Pseudoscardovia radai,2788500239,anaerobe
,,,,,987066.3,
,,,,,GCA_002259605,
23793,DPTE4,"DSM 24744, CCM 7942, KCTC 15323",1,Pseudoscardovia suis,2731639185,anaerobe
,,,,,2802429515,
,,,,,987063.3,
,,,,,987063.4,
,,,,,GCA_002259715,
,,,,,GCA_002797875,
17065,,"DSM 9442, ATCC 51869, NBRC 107921, NCIMB 13424, SEBR 6459",1,Pseudothermotoga elfii,1123383.3,anaerobe
,,,,,1219083.7,
,,,,,2558309103,
,,,,,2558309118,
,,,,,GCA_000504085,
,,,,,GCA_000621345,
17067,,"DSM 11164, NBRC 106472, SEBR 7054",1,Pseudothermotoga hypogea,1123384.3,anaerobe
,,,,,1123384.7,
,,,,,1219084.8,
,,,,,2558309119,
,,,,,2565956526,
,,,,,GCA_000504105,
,,,,,GCA_000711815,
,,,,,GCA_000816145,
17070,TMO,"DSM 14385, ATCC BAA-301, NBRC 107922",1,Pseudothermotoga lettingae,641228511,anaerobe
,,,,,GCA_000017865,
17063,LA3,"DSM 5069, NBRC 107925",1,Pseudothermotoga thermarum,2503508007,anaerobe
,,,,,688269.3,
,,,,,GCA_000217815,
23228,Ad2,"DSM 24994, NCIMB 14761",1,Pseudovibrio axinellae,2684622848,anaerobe
,,,,,2744054490,
,,,,,989403.4,
,,,,,GCA_001623255,
,,,,,GCA_900110875,
5784,HAW-EB21,"DSM 19335, JCM 14977",1,Psychrilyobacter atlanticus,1123032.3,anaerobe
,,,,,2524614854,
,,,,,GCA_000426625,
8196,SW-210,"DSM 16329, KCTC 12254, CIP 108795",1,Psychrobacter aquimaris,292733.5,anaerobe
,,,,,GCA_016107525,
8207,"SW-238, JG-238","DSM 23510, JCM 12601, KCTC 12313, CIP 109014",1,Psychrobacter celer,306572.5,anaerobe
,,,,,GCA_016107555,
8201,SW-242,"DSM 16330, KCTC 12255, CIP 108796",1,Psychrobacter namhaensis,292734.5,anaerobe
,,,,,GCA_016107545,
17785,W5455,"DSM 21147, CCUG 55836, KCTC 15164, JCM 16336",1,Pyramidobacter piscolens,352165.18,anaerobe
,,,,,647000302,
,,,,,GCA_000177335,
17026,IM2,"DSM 7523, JCM 9630, ATCC 51768, NBRC 100827",1,Pyrobaculum aerophilum,178306.9,anaerobe
,,,,,638154513,
,,,,,GCA_000007225,
17028,PZ6*,"DSM 13514, JCM 11321, ATCC 700994",1,Pyrobaculum arsenaticum,340102.8,anaerobe
,,,,,640427135,
,,,,,GCA_000016385,
130743,1860,"DSM 28942, VKM B-2856",1,Pyrobaculum ferrireducens,2511231117,anaerobe
,,,,,GCA_000234805,
17024,GEO3,"DSM 4184, JCM 9189",1,Pyrobaculum islandicum,384616.1,anaerobe
,,,,,639633053,
,,,,,GCA_000015205,
17030,V24Sta,"DSM 2338, JCM 9278, NBRC 100436",1,Pyrobaculum neutrophilum,444157.8,anaerobe
,,,,,641522657,
,,,,,GCA_000019805,
17027,TE7,"DSM 13380, JCM 10595",1,Pyrobaculum oguniense,2512047039,anaerobe
,,,,,698757.19,
,,,,,698757.2,
,,,,,GCA_000247545,
16859,GE5,"DSM 25543, CNCM I-1302",0,Pyrococcus abyssi,272844.11,anaerobe
,,,,,272844.15,
,,,,,638154514,
16854,Vc 1,"DSM 3638, ATCC 43587, JCM 8422, CGMCC 1.2516",1,Pyrococcus furiosus,186497.12,anaerobe
,,,,,186497.32,
,,,,,638154515,
,,,,,GCA_000007305,
,,,,,GCA_008245085,
16857,OT-3,"DSM 12428, JCM 9974, NBRC 100139",1,Pyrococcus horikoshii,GCA_000011105,anaerobe
13526,PL-19,"DSM 2709, JCM 9393, NBRC 100438",1,Pyrodictium occultum,2309.8,anaerobe
,,,,,GCA_001462395,
13523,1A,"DSM 11204, JCM 17356",1,Pyrolobus fumarii,2505679005,anaerobe
,,,,,694429.7,
,,,,,GCA_000223395,
13531,YLM-32,"DSM 10596, ATCC 51544, CIP 104132, JCM 6350, IFO 16149, IFO 16558, NBRC 101357, NBRC 16149, NBRC 16558",1,Rarobacter incanus,153494.3,anaerobe
,,,,,2811994875,
,,,,,GCA_006715765,
2453,8315-5,DSM 5261,1,Rhabdochromatium marinum,48729.6,anaerobe
,,,,,GCA_016583795,
2456,A62-14B,"DSM 17496, ATCC BAA-1235",1,Rheinheimera texasensis,1123055.3,anaerobe
,,,,,2565956515,
,,,,,GCA_000711985,
13828,alga-05,"DSM 19920, VKM B-2406",1,Roseinatronobacter bogoriensis subsp. barguzinensis,2593339286,anaerobe
,,,,,441209.1,
,,,,,GCA_004365885,
13823,JA296,"DSM 19945, CCUG 55130, JCM 14887",1,Rhodobacter aestuarii,2681813516,anaerobe
,,,,,2740891822,
,,,,,453582.3,
,,,,,GCA_003053525,
,,,,,GCA_900156655,
13806,,"DSM 1710, ATCC 11166, ATCC 17015, IAM 14232, JCM 21090, NCIB 8254, CCUG 31484, LMG 2962, CCTM 1913, ATH 2.3.1, CGMCC 1.8920, CIP 104408, IFO 16435, NBRC 16435, NCIMB 8254",1,Rhodopseudomonas capsulata,1061.9,anaerobe
,,,,,2593339278,
,,,,,GCA_003254295,
13805,37b4,DSM 938,0,Rhodopseudomonas capsulata,1061.16,anaerobe
,,,,,2597490355,
,,,,,651716613,
,,,,,GCA_029277405,
,,,,,GCA_900102155,
13825,JA192,"DSM 18678, JCM 14543, MTCC 8172, CCUG 53723",1,Cereibacter johrii,445629.8,anaerobe
,,,,,GCA_001720585,
,,,,,GCA_003046325,
13824,JA194,"DSM 18937, JCM 14598, KCTC 5602, UCCCB23",1,Rhodobacter megalophilus,2681813553,anaerobe
,,,,,418630.3,
,,,,,GCA_900188265,
13821,"51, BN 714","DSM 11550, ATCC 35703, CIP 103912, IFO 16458, NBRC 16458",1,Phaeovulum veldkampii,1185920.4,anaerobe
,,,,,1185920.6,
,,,,,1185920.8,
,,,,,2795385478,
,,,,,GCA_003034995,
,,,,,GCA_004363195,
,,,,,GCA_016653435,
133800,JA737,"KCTC 15167, MTCC 11105, NBRC 108864",1,Rhodobacter viridis,2740891858,anaerobe
,,,,,GCA_003217355,
13870,,"DSM 11290, JCM 9337, ATCC 51972, NCIMB 13423",1,Rhodobium orientis,2838101865,anaerobe
,,,,,2887616557,
,,,,,34017.4,
,,,,,34017.6,
,,,,,34017.7,
,,,,,GCA_003258835,
,,,,,GCA_014197785,
,,,,,GCA_016653375,
1798,7050,"DSM 137, ATCC 25092, Pfennig 7050, CIP 103962, LMG 4304, NCIMB 11761",1,Rhodoblastus acidophilus,1074.14,anaerobe
,,,,,1074.15,
,,,,,1074.16,
,,,,,2724679731,
,,,,,2831495660,
,,,,,GCA_002937135,
,,,,,GCA_003258765,
,,,,,GCA_900187365,
1799,2751,"DSM 142, Pfennig 2751",0,Rhodoblastus acidophilus,1074.21,anaerobe
,,,,,2929245759,
,,,,,GCA_009720655,
,,,,,GCA_025961435,
1800,10050,"DSM 145, Pfennig 10050",0,Rhodoblastus acidophilus,2838081316,anaerobe
1801,RS,"DSM 16996, VKM B-2361",1,Rhodoblastus sphagnicola,2831675700,anaerobe
,,,,,2838086310,
,,,,,333368.4,
,,,,,333368.5,
,,,,,GCA_002937075,
,,,,,GCA_014197735,
14012,strain Favinger/Gest,"DSM 8284, ATCC 43720, JCM 21060",1,Rhodocista centenaria,2838106681,anaerobe
,,,,,34018.3,
13927,3760,"DSM 110, Pfennig 3760, JCM 35354",0,Rhodocyclus gracilis,1066.14,anaerobe
,,,,,GCA_009617575,
13925,6770,"DSM 168, NCIMB 13339, Pfennig 6770",1,Rhodocyclus purpureus,1067.13,anaerobe
,,,,,GCA_016653115,
13926,2761,"DSM 109, ATCC 25093, Pfennig 2761",1,Rhodocyclus tenuis,1066.6,anaerobe
,,,,,2838095286,
,,,,,GCA_009469755,
,,,,,GCA_014197755,
13928,3761,"DSM 111, Pfennig 3761",0,Rhizobium aggregatum,1066.8,anaerobe
,,,,,GCA_009646355,
13929,3661,"DSM 112, Pfennig 3661",0,Pararhizobium capsulatum,1066.17,anaerobe
,,,,,GCA_011881425,
23871,Ant.Br,"DSM 24876, ATCC 700587",1,Rhodoferax antarcticus,1111071.4,anaerobe
,,,,,2751185768,
,,,,,81479.1,
,,,,,81479.11,
,,,,,81479.8,
,,,,,GCA_001938565,
,,,,,GCA_001955735,
2989,FR 2,"DSM 10138, ATCC 49787, JCM 7819, CCUG 45364, NBRC 16659, IFO 16659",1,Rhodoferax fermentans,28066.15,anaerobe
,,,,,28066.3,
,,,,,2894787282,
,,,,,GCA_002017865,
,,,,,GCA_016583655,
133915,JA643,"KCTC 15219, NBRC 109057",1,Rhodomicrobium udaipurense,2576861659,anaerobe
,,,,,858455.3,
,,,,,GCA_000636015,
,,,,,GCA_016461795,
6194,,"DSM 162, ATCC 17100, ATH 3.1.1",1,Rhodomicrobium vannielii,1202716.4,anaerobe
,,,,,648757.17,
,,,,,648757.4,
,,,,,649633090,
,,,,,GCA_000166055,
,,,,,GCA_016461745,
59,7950,"DSM 161, ATCC 35887, Pfennig 7950, CIP 107835, LMG 4312",1,Rhodopila globiformis,1071.7,anaerobe
,,,,,2831737867,
,,,,,GCA_002937115,
6189,,"DSM 11907, ATCC 51906, JCM 9224, AS 130, CGMCC 1.5008, IFO 16660, NBRC 16660, NCIMB 13415",1,Rhodoplanes elegans,2891191727,anaerobe
,,,,,29408.4,
,,,,,29408.6,
,,,,,GCA_003258805,
,,,,,GCA_016653355,
6191,JA266,"DSM 19946, JCM 14934, KCTC 5627",1,Rhodoplanes serenus,2893020018,anaerobe
,,,,,444923.3,
,,,,,GCA_003258855,
6187,941,"DSM 5909, KCTC 15222, NCIMB 13363, ATCC 49724",1,Rhodoplanes roseus,2891101655,anaerobe
,,,,,29409.3,
,,,,,GCA_003258865,
6190,TUT 3530,"DSM 18633, NBRC 102049",1,Rhodoplanes serenus,200615.4,anaerobe
1825,TUT3520,"DSM 9987, ATCC 49414, NBRC 104267",1,Rhodoplanes tepidamans,2926575101,anaerobe
,,,,,GCA_028550555,
1826,KR-11-67,"DSM 11549, ATCC 51105",1,Rhodopseudomonas julia,2926581363,anaerobe
1819,7850,"DSM 127, Pfennig 7850",0,Rhodopseudomonas palustris,2516653012,anaerobe
1821,"Klemme S1, S-1",DSM 131,0,Rhodopseudomonas palustris,2516653013,anaerobe
1822,R1,"DSM 8283, ATCC 33872, DSM 5869, JCM 2524, CGMCC 1.2180, IFO 16661, NBRC 16661, CIP 103836",0,Rhodopseudomonas palustris,1076.32,anaerobe
,,,,,1076.68,
,,,,,2516653015,
,,,,,2838991096,
,,,,,GCA_003547145,
,,,,,GCA_013415845,
133803,JA575,"NBRC 108862, KCTC 15143",1,Rhodopseudomonas pentothenatexigens,GCA_003385925,anaerobe
,,,,,GCA_900218015,
1828,,"DSM 123, NBRC 100419, van Niel ATH 2.1.6, ATCC 17001",1,Rhodopseudomonas pseudopalustris,1513892.5,anaerobe
,,,,,2671180228,
,,,,,GCA_900110435,
1827,"R1, Rb","DSM 12706, CIP 106682",1,Rhodopseudomonas rhenobacensis,2861707373,anaerobe
,,,,,87461.3,
,,,,,GCA_014203125,
1823,O.U.11,DSM 7375,0,Rhodopseudomonas sp.,2516653014,anaerobe
133804,JA576,"NBRC 108863, KCTC 15144",1,Rhodopseudomonas thermotolerans,2740891859,anaerobe
,,,,,999700.3,
,,,,,GCA_003387125,
14005,"S 1, S1","DSM 467, ATCC 11170, NCIB 8255, CCUG 17859, CIP 70.61, LMG 4362, NCIMB 8255, ATH 1.1.1",1,Rhodospirillum rubrum,1036743.4,anaerobe
,,,,,1085.17,
,,,,,269796.21,
,,,,,269796.9,
,,,,,637000241,
,,,,,GCA_000013085,
,,,,,GCA_019134555,
14007,FR.1,DSM 1068,0,Rhodospirillum rubrum,1085.15,anaerobe
,,,,,GCA_016583945,
14008,Ha,DSM 107,0,Rhodospirillum rubrum,1085.14,anaerobe
,,,,,GCA_016583925,
13738,WS 68,"DSM 2132, ATCC 35888",1,Rhodothalassium salexigens,1188247.3,anaerobe
,,,,,1188247.5,
,,,,,1188247.6,
,,,,,2795385475,
,,,,,2838098893,
,,,,,GCA_004341375,
,,,,,GCA_014197775,
,,,,,GCA_016583875,
133040,G2-11,"DSM 21279, KCTC 5708, NBRC 104268",0,Rhodovastum atsumiense,2887198475,anaerobe
,,,,,504468.4,
,,,,,GCA_008630155,
,,,,,GCA_937425535,
13958,,"DSM 9154, ATCC 35394",1,Rhodovibrio salinarum,1087.7,anaerobe
,,,,,1089552.3,
,,,,,2516653055,
,,,,,GCA_000515255,
,,,,,GCA_016583505,
13959,DSI,"DSM 9895, ATCC 51195",1,Rhodovibrio sodomensis,1088.4,anaerobe
,,,,,GCA_016583645,
13739,BN 721(6II),"DSM 2781, ATCC 35885",1,Rhodovulum adriaticum,2795385465,anaerobe
,,,,,35804.4,
,,,,,35804.6,
,,,,,GCA_004345735,
,,,,,GCA_016583705,
13752,JA738,"DSM 24766, KCTC 15110",1,Rhodovulum bhavnagarense,2802428804,anaerobe
,,,,,992286.3,
,,,,,GCA_004343505,
13740,KA-65,DSM 4868,1,Rhodovulum euryhalinum,2795385447,anaerobe
,,,,,35805.3,
,,,,,GCA_004342445,
13748,JA125,"DSM 18064, CIP 109541, JCM 13589",1,Rhodovulum imhoffii,2734482186,anaerobe
,,,,,365340.4,
,,,,,365340.5,
,,,,,GCA_003046545,
,,,,,GCA_016653305,
13747,"3Vi, JA 128","DSM 18063, CCUG 52183, JCM 13300, ATCC BAA-1215, BCRC 80541",1,Rhodovulum marinum,2795385476,anaerobe
,,,,,320662.3,
,,,,,GCA_004343075,
13746,N2,DSM 12329,1,Rhodovulum robiginosum,2894590789,anaerobe
,,,,,68292.5,
,,,,,GCA_003944755,
13751,A-20s,"DSM 21153, VKM B-2489",1,Rhodovulum steppense,2802429724,anaerobe
,,,,,540251.3,
,,,,,GCA_004339675,
13743,,"DSM 11289, ATCC 51905, JCM 9220, BCRC 80544, IAM 14750, IFO 16662, NBRC 16662",1,Rhodovulum strictum,58314.4,anaerobe
,,,,,GCA_009649175,
13742,W4,"DSM 1374, ATCC 35886, LMG 5202",1,Rhodovulum sulfidophilum,1188256.18,anaerobe
,,,,,1188256.19,
,,,,,1188256.2,
,,,,,1188256.21,
,,,,,1188256.3,
,,,,,1188256.8,
,,,,,2667527571,
,,,,,2687453592,
,,,,,35806.25,
,,,,,35806.7,
13741,W12,DSM 2351,0,Rhodovulum sulfidophilum,2687453351,anaerobe
,,,,,35806.22,
,,,,,35806.23,
,,,,,35806.24,
,,,,,35806.4,
,,,,,GCA_001548075,
14034,Q-1,"DSM 15922, ATCC 29728, JCM 2053, NCTC 11190, CCUG 54772, CCM 6143, CCUG 25930",1,Rikenella microfusus,2509601020,anaerobe
,,,,,28139.3,
,,,,,2832823480,
,,,,,880526.4,
,,,,,GCA_000427365,
,,,,,GCA_900455755,
158358,FRIFI,"DSM 28814, KCTC 15553",1,Romboutsia hominis,2832941562,anaerobe
,,,,,GCA_900002575,
24303,"CRIB, CRIB5_4","DSM 25109, NIZO 4048",1,Romboutsia ilealis,GCA_900015215,anaerobe
2614,A25K,"DSM 797, ATCC 25759, BCRC 14536, CCUG 18920, JCM 1404, NCIMB 10637, VTT E-021853, VPI 2751",1,Romboutsia lituseburensis,1121325.3,anaerobe
,,,,,1537.3,
,,,,,2634166902,
,,,,,GCA_900002825,
,,,,,GCA_900103615,
6367,A2-183,"DSM 16839, CIP 109406, JCM 17582, NCIMB 14029, BCRC 81266",1,Roseburia hominis,2511231128,anaerobe
,,,,,585394.18,
,,,,,GCA_000225345,
6369,A2-194,"DSM 16841, CIP 109405, JCM 17584, NCIMB 14030",1,Roseburia inulinivorans,622312.4,anaerobe
,,,,,643886006,
,,,,,GCA_000174195,
,,,,,GCA_020731525,
2416,HLO8,"DSM 13941, JCM 11240, NBRC 100045",1,Roseiflexus castenholzii,383372.6,anaerobe
,,,,,640753047,
,,,,,GCA_000017805,
13962,JA135,"DSM 18985, ATCC BAA-1364, JCM 14191",1,Roseospira goensis,2838110688,anaerobe
,,,,,GCA_014197795,
13873,930I,DSM 12498,1,Roseospirillum parvum,2675903017,anaerobe
,,,,,GCA_900100455,
167665,HN-E21,"MCCC 1K03333, LMG 30456",1,Roseovarius spongiae,GCA_003651245,anaerobe
,,,,,RAPE00000000,
17933,,"DSM 1709, ATCC 17011, NCIB 8290, JCM 21318, ATCC 11169, CCTM 1912, CCUG 15841, CCUG 21977, CCUG 21990, CIP 107072, IAM 14808, IFO 16663, LMG 4311, LMG 4438, NBRC 16663, NCIMB 8290",1,Rubrivivax gelatinosus,2795385456,anaerobe
,,,,,28068.1,
,,,,,28068.13,
,,,,,GCA_004340905,
,,,,,GCA_016583525,
17934,2150,"DSM 149, Pfennig 2150",0,Rubrivivax gelatinosus,28068.14,anaerobe
,,,,,GCA_016583725,
2567,Cc,"DSM 1351, ATCC 15832, NCIMB 10669, JCM 1422, LMG 5589, BCRC 14495, KCTC 15225, KCTC 3044, VPI 3359",1,Ruminiclostridium cellobioparum subsp. cellobioparum,1121303.3,anaerobe
,,,,,2556921656,
,,,,,GCA_000621505,
2767,CT1112,"DSM 5398, ATCC 51846",1,Ruminiclostridium cellobioparum subsp. termitidis,GCA_000350485,anaerobe
2760,H10,"DSM 5812, ATCC 35319, JCM 6584",1,Ruminiclostridium cellulolyticum,394503.7,anaerobe
,,,,,643348528,
,,,,,GCA_000022065,
2803,AD,"DSM 14427, ATCC 700212",1,Ruminiclostridium hungatei,2711768659,anaerobe
,,,,,48256.3,
,,,,,GCA_002051585,
2840,,"DSM 25723, FERM P-9684, JCM 17888, KCTC 15379",1,Ruminiclostridium josui,1291050.4,anaerobe
,,,,,1291050.6,
,,,,,2541046955,
,,,,,2728369667,
,,,,,GCA_000526495,
,,,,,GCA_001311015,
2622,,"DSM 2782, ATCC 35413, NCIMB 11394",1,Ruminiclostridium papyrosolvens,588581.3,anaerobe
,,,,,645058763,
,,,,,GCA_000175795,
,,,,,GCA_029318685,
2848,CDT-1,"DSM 19573, JCM 14807",1,Ruminiclostridium sufflavum,1121337.3,anaerobe
,,,,,2599185205,
,,,,,GCA_003208175,
16635,H 18,"DSM 1361, ATCC 29744, VPI 2502 B",1,Ruminobacter amylophilus,2595698241,anaerobe
,,,,,867.3,
,,,,,GCA_900115655,
17682,7,"DSM 20455, ATCC 27210, JCM 14654",1,Ruminococcus albus,2558860976,anaerobe
,,,,,649633094,
,,,,,697329.1,
,,,,,697329.24,
,,,,,697329.33,
,,,,,697329.34,
,,,,,697329.35,
,,,,,697329.36,
,,,,,GCA_000179635,
,,,,,GCA_000621285,
17686,18P13,"DSM 18848, JCM 17042, KCTC 15320",1,Ruminococcus champanellensis,213810.11,anaerobe
,,,,,213810.4,
,,,,,2734481917,
,,,,,GCA_000210095,
,,,,,GCA_001312825,
17683,17,DSM 25089,0,Ruminococcus flavefaciens,1030842.4,anaerobe
,,,,,2547132412,
,,,,,GCA_000247525,
17685,CCRI-16110,"DSM 19829, CCUG 54292, JCM 14987, NML 060141, CIP 109512",1,Ruminococcus gauvreauii,1123075.3,anaerobe
,,,,,2524023243,
,,,,,438033.9,
,,,,,GCA_000425525,
,,,,,GCA_025151995,
151078,,CCUG 43222,0,Mediterraneibacter gnavus,GCA_026804945,anaerobe
153511,,CCUG 49994,0,Mediterraneibacter gnavus,GCA_026805005,anaerobe
153825,,CCUG 51289,0,Mediterraneibacter gnavus,GCA_026805035,anaerobe
154076,,CCUG 52279,0,Mediterraneibacter gnavus,GCA_026805165,anaerobe
154597,,CCUG 54531,0,Mediterraneibacter gnavus,GCA_026804965,anaerobe
155272,,CCUG 57161,0,Mediterraneibacter gnavus,GCA_026804985,anaerobe
155286,,CCUG 57208,0,Mediterraneibacter gnavus,GCA_026804895,anaerobe
11667,GR21,"DSM 19268, LMG 24085",1,Saccharibacillus sacchari,2512875015,anaerobe
,,,,,915437.3,
,,,,,GCA_000585395,
140643,YJ-50-S2,"JCM 30033, CGMCC 1.12572",1,Salinigranum salinum,GCA_009176545,anaerobe
130689,L21-RPul-D2,"DSM 27196, JCM 18663",1,Salinispira pacifica,2556921662,anaerobe
,,,,,GCA_000507245,
17246,ND1-1,"DSM 26187, JCM 14472, PCU 301, TISTR 1810",1,Salinivibrio siamensis,2791354968,anaerobe
,,,,,GCA_001996005,
133066,L21-Spi-D4,"DSM 27204, JCM 31231, KCTC 15528",1,Salinivirga cyanobacteriivorans,1307839.5,anaerobe
,,,,,2773857854,
,,,,,GCA_001443605,
1295,MLTeJB,"DSM 22320, ATCC BAA-1786, KCTC 15200",1,Salisediminibacterium beveridgei,GCA_001721685,anaerobe
1763,B3109,"DSM 10107, JCM 12537, CCUG 35729, CGMCC 1.2187, LMG 17242, LMG 18313, NCTC 12937, VTT E-991435",1,Scardovia inopinata,1150468.4,anaerobe
,,,,,2811995288,
,,,,,641146.3,
,,,,,78258.9,
,,,,,GCA_001042695,
,,,,,GCA_900445765,
184,"R10394, 1010306","DSM 15803, CCUG 44997, CIP 107323",1,Schaalia cardiffensis,181487.5,anaerobe
,,,,,GCA_016405145,
162,D145A-07,"DSM 6843, ATCC 49285, CCUG 32935, VPI D145A-07, CIP 104749, VPI D145A-7",1,Schaalia georgiae,1120942.4,anaerobe
,,,,,2523231019,
,,,,,GCA_000429245,
170,BM 1192/5,"DSM 10695, ATCC 51367, CIP 103923, NCFB 2983, CCUG 35604, CCUG 35715",1,Schaalia hyovaginalis,2870625619,anaerobe
,,,,,29316.4,
,,,,,GCA_014208035,
161,,"CCUG 21024, LMG 16161, DSM 20733, ATCC 35568, CIP 103148, VPI 8617, PIP 2477B",1,Schaalia meyeri,2634166153,anaerobe
,,,,,52773.4,
,,,,,52773.8,
,,,,,GCA_900105015,
155,"2A.10, X363","DSM 19120, ATCC 17929, CCUG 20536, DSM 43760, JCM 14871, NCTC 9935, CCM 4740, CIP 101124, LMG 18080",1,Schaalia odontolytica,1660.24,anaerobe
,,,,,2811995233,
,,,,,GCA_900445025,
156,"1A.21, A.21","DSM 43331, ATCC 17982, NCTC 9931, WVU 868, CIP 104728, CCUG 18309",0,Schaalia odontolytica,411466.7,anaerobe
,,,,,640963058,
,,,,,GCA_000154225,
182,SVA 489II,"DSM 15538, CCUG 39276, CIP 106779, KCTC 19918",1,Schaalia suimastitidis,1120946.3,anaerobe
,,,,,2523231055,
,,,,,GCA_000429105,
23520,V2901,DSM 26658,0,Schaalia turicensis,131111.1,anaerobe
,,,,,2844634069,
185,R10176,"DSM 15804, CCUG 46091, CIP 107423",1,Schaalia vaccimaxillae,1120947.3,anaerobe
,,,,,2523533527,
,,,,,GCA_000420425,
159203,TLL-A1,"DSM 106076, KCTC 15657",1,Schaedlerella arabinosiphila,2484868.3,anaerobe
,,,,,GCA_003885045,
6637,,"DSM 16991, CIP 109152, JCM 16178, CCUG 54937, AHU 1762, SBT 10908, LMG 24040, NBRC 100982",1,Schleiferilactobacillus harbinensis,1122147.3,anaerobe
,,,,,1122147.4,
,,,,,2523533608,
,,,,,2690316249,
,,,,,GCA_000425885,
,,,,,GCA_001436325,
17151,S1-1,DSM 10502,1,Schwartzia succinivorans,1123243.3,anaerobe
,,,,,2582581261,
,,,,,GCA_900129225,
17870,Sebald 107A,"DSM 24458, ATCC 33386, NCTC 11300",1,Sebaldella termitidis,2831688588,anaerobe
,,,,,526218.11,
,,,,,526218.12,
,,,,,526218.6,
,,,,,646311952,
,,,,,826.3,
,,,,,GCA_000024405,
,,,,,GCA_900456835,
6436,"Cl3a, C13a","DSM 20515, ATCC 27612, NCIB 10925, CCUG 32259, NCIMB 10925, JCM 1123, BCRC 11649, CECT 922, CIP 103008, LMG 11717, LMG 9194, NBRC 107765, NCFB 2805, NCDO 2746",1,Secundilactobacillus collinoides,1423733.3,anaerobe
,,,,,1423733.4,
,,,,,2663762609,
,,,,,2734481918,
,,,,,GCA_001312845,
,,,,,GCA_001435975,
24138,IWT126,"DSM 27022, JCM 19001, KCTC 21050",1,Secundilactobacillus silagei,1302250.3,anaerobe
,,,,,1302250.4,
,,,,,1302250.7,
,,,,,2734481937,
,,,,,GCA_001313225,
,,,,,GCA_002217945,
,,,,,GCA_004354595,
6694,M36,"DSM 23365, JCM 2765, LMG 23904, BCRC 80777, CIP 110209",1,Secundilactobacillus similis,1423804.3,anaerobe
,,,,,1423804.4,
,,,,,2700989125,
,,,,,2728369669,
,,,,,GCA_001311075,
,,,,,GCA_001436595,
18007,JW/Z-1,"DSM 7310, ATCC 51151",1,Sedimentibacter hydroxybenzoicus,1123245.3,anaerobe
,,,,,GCA_013403245,
18008,ZF2,"DSM 13558, ATCC BAA-283",1,Sedimentibacter saalensis,130788.3,anaerobe
,,,,,2596583544,
,,,,,GCA_007830175,
17894,AK4OH1,"DSM 17993, ATCC BAA-1233",1,Sedimenticola selenatireducens,1111735.3,anaerobe
,,,,,2513237155,
,,,,,GCA_000428045,
158251,L21-RPul-D3,"DSM 27091, JCM 19196, KCTC 15598",1,Sedimentisphaera cyanobacteriorum,1940790.5,anaerobe
,,,,,2716884860,
,,,,,GCA_001997385,
158250,ST-PulAB-D4,"DSM 101733, JCM 31929, KCTC 15597",1,Sedimentisphaera salicampi,1941349.5,anaerobe
,,,,,GCA_002117005,
14336,BA-2,"DSM 16054, ATCC 35968",1,Sediminispirochaeta bajacaliforniensis,1123274.3,anaerobe
,,,,,2518645589,
,,,,,GCA_000378205,
14329,,"DSM 11293, JCM 15392, SEBR 4228",1,Sediminispirochaeta smaragdinae,573413.5,anaerobe
,,,,,648028052,
,,,,,GCA_000143985,
12535,M384,"CIP 105472, DSM 11370, CCUG 51935, JCM 12258",1,Prevotella albensis,1122978.3,anaerobe
,,,,,1235821.3,
,,,,,2526164514,
,,,,,2582581006,
,,,,,GCA_000426565,
,,,,,GCA_000613525,
12541,E 9.33,"DSM 16972, CCUG 50418, JCM 13447",1,Prevotella baroniae,1122980.3,anaerobe
,,,,,1235823.4,
,,,,,2526164515,
,,,,,2585427893,
,,,,,GCA_000426585,
,,,,,GCA_000613565,
12536,"B14, B<SUB>1</SUB>4","DSM 11371, CIP 105474, JCM 13993",1,Prevotella bryantii,2693429877,anaerobe
,,,,,648276714,
,,,,,752555.5,
,,,,,752555.7,
,,,,,77095.19,
,,,,,77095.2,
,,,,,77095.21,
,,,,,77095.22,
,,,,,GCA_000179055,
,,,,,GCA_019973295,
12526,,"DSM 19025, ATCC 33574, CCUG 15401, CIP 105106, JCM 12245, VPI D3A-6",1,Prevotella buccae,649989986,anaerobe
,,,,,873513.3,
,,,,,GCA_000184945,
12547,CB 7,"DSM 18205, JCM 13464, CCUG 58058",1,Prevotella copri,165179.299,anaerobe
,,,,,2562617166,
,,,,,537011.429,
,,,,,537011.437,
,,,,,537011.438,
,,,,,537011.5,
,,,,,GCA_000157935,
,,,,,GCA_009495405,
,,,,,GCA_020735445,
,,,,,GCA_025151535,
12557,W1609,"DSM 19339, CCUG 54766, JCM 15638",1,Prevotella maculosa,1122986.3,anaerobe
,,,,,1236506.4,
,,,,,2521172638,
,,,,,2585427901,
,,,,,GCA_000382385,
,,,,,GCA_000613965,
12550,,"JCM 12252, DSM 18711, ATCC 33573, CCUG 15405, CIP 104480, AIP 10115, JCM 8540, NCTC 13071, VPI D1A-1A",1,Prevotella oris,1122989.3,anaerobe
,,,,,1235820.4,
,,,,,2517572237,
,,,,,2579778709,
,,,,,28135.5,
,,,,,GCA_000377685,
,,,,,GCA_000613505,
,,,,,GCA_900637655,
12558,KB7,"DSM 17968, JCM 13650, KCTC 15702",1,Prevotella paludivivens,1122990.3,anaerobe
,,,,,1236488.3,
,,,,,2515154072,
,,,,,2585427906,
,,,,,GCA_000373185,
,,,,,GCA_000613605,
12538,EPSA11,"CCUG 51934, DSM 15606, JCM 12084, KCTC 15077",1,Prevotella salivae,649989989,anaerobe
,,,,,888832.3,
,,,,,GCA_000185845,
23885,S4,"DSM 24984, ATCC BAA-2290",1,Seleniivibrio woodruffii,1078050.3,anaerobe
,,,,,2602042075,
,,,,,2756170311,
,,,,,GCA_004339245,
,,,,,GCA_007827295,
17161,,"DSM 19719, ATCC 43528, JCM 8543, VPI D22B-14, BCRC 14409, CIP 108628",1,Selenomonas artemidis,1123249.3,anaerobe
,,,,,2526164534,
,,,,,GCA_000426665,
17166,WG,"DSM 23594, CGMCC 1.5073, JCM 15470, KCTC 15154",1,Selenomonas bovis,1123250.4,anaerobe
,,,,,2518645620,
,,,,,GCA_000381005,
17163,,"DSM 19720, ATCC 43531, CCUG 53875, JCM 8544, BCRC 14421, VPI E4M-28B",1,Selenomonas flueggei,638302.3,anaerobe
,,,,,645058738,
,,,,,GCA_000160695,
17164,,"DSM 19666, ATCC 43532, JCM 8545, VPI D75B-30, BCRC 14422",1,Selenomonas infelix,2513237316,anaerobe
,,,,,679201.3,
,,,,,GCA_000234095,
158896,"WCA-380-WT-3B3, WCA-380-WT-3B 3/","DSM 106892, JCM 34373",1,Selenomonas montiformis,2605788.3,anaerobe
,,,,,GCA_009697385,
,,,,,VUNL00000000,
17165,,"DSM 19578, ATCC 43541, JCM 8546, CCUG 53876, BCRC 14410, VPI D9B-5",1,Selenomonas noxia,585503.3,anaerobe
,,,,,645951808,
,,,,,GCA_000160555,
17155,PC 18,"DSM 2872, ATCC 19205, JCM 6582",1,Selenomonas ruminantium subsp. lactilytica,2593339219,anaerobe
,,,,,971.19,
,,,,,GCA_900107615,
17156,GA-192,"DSM 2150, ATCC 12561",1,Selenomonas ruminantium subsp. ruminantium,1280706.4,anaerobe
,,,,,2524614686,
,,,,,GCA_000424065,
17159,,"DSM 20758, ATCC 35185, CCUG 44933, VPI D 19B-28, VPI D19B-28",1,Selenomonas sputigena,2504557006,anaerobe
,,,,,546271.3,
,,,,,546271.5,
,,,,,645951802,
,,,,,GCA_000160495,
,,,,,GCA_000208405,
132393,,"DSM 103502, BR 72, KCTC 15479, JCM 30749",1,Sellimonas intestinalis,GCA_001280875,anaerobe
167519,KGMB04484,"KCTC 15721, CCUG 72347",1,Senegalimassilia faecalis,GCA_004135645,anaerobe
,,,,,SDPW00000000,
5376,ST18,"DSM 18934, JCM 14210, KCTC 15217, CCUG 58059",1,Sharpea azabuensis,1410674.3,anaerobe
,,,,,2561511132,
,,,,,GCA_000702165,
5379,RL 1,"DSM 20406, ATCC 27784, JCM 8229",0,Sharpea azabuensis,2606217806,anaerobe
,,,,,322505.6,
,,,,,GCA_900108995,
134099,SW-120,"KCCM 41821, JCM 12193, CIP 108633, KCTC 22430",1,Shewanella aquimarina,GCA_023349185,anaerobe
134204,LT17,"KCTC 10635BP, JCM 12524, CIP 109543",1,Shewanella donghaensis,238836.3,anaerobe
,,,,,GCA_007567505,
134098,SW-117,"KCCM 41822, JCM 12192, CIP 108637, KCTC 22432",1,Shewanella marisflavi,GCA_023283925,anaerobe
134152,SCRC-2738,"JCM 13187, NCIMB 14060, CGMCC 1.8482, CIP 109027, KCTC 23973",1,Shewanella pneumatophori,651717154,anaerobe
,,,,,GCA_023283895,
13906,DC-196,"DSM 21319, CCUG 55808, LMG 24714",1,Shinella fusca,2861721846,anaerobe
,,,,,544480.7,
,,,,,GCA_014203155,
6370,,"DSM 14600, CCUG 45864, CIP 107710, ATCC BAA-774, VPI D143K-13",1,Shuttleworthella satelles,626523.3,anaerobe
,,,,,643886070,
,,,,,GCA_000160115,
3067,DZE,"DSM 24851, CCUG 58231, JCM 16059",1,Slackia equolifaciens,2866335328,anaerobe
,,,,,498718.3,
,,,,,GCA_003725995,
3064,S-7,"DSM 15923, ATCC 700122, JCM 11022, KCTC 5966, CCUG 44588, CIP 105133, NCTC 12994",1,Slackia exigua,2833514366,anaerobe
,,,,,645951837,
,,,,,649764.3,
,,,,,84109.4,
,,,,,GCA_000162875,
,,,,,GCA_900450505,
3065,5WC12,"DSM 17537, CCUG 48399, CIP 108281, JCM 14555",1,Slackia faecicanis,255723.3,anaerobe
,,,,,2866339652,
,,,,,GCA_003725295,
3063,RHS 1,"DSM 20476, ATCC 29202, NCTC 11029, JCM 14554, CCUG 47954, CIP 108017",1,Slackia heliotrinireducens,471855.5,anaerobe
,,,,,644736405,
,,,,,84110.3,
,,,,,GCA_000023885,
,,,,,GCA_900637575,
3066,HE8,"DSM 22006, CCUG 57679, KCTC 15165, JCM 16137",1,Slackia isoflavoniconvertens,2824782603,anaerobe
,,,,,2866337646,
,,,,,572010.5,
,,,,,572010.87,
,,,,,GCA_003725955,
,,,,,GCA_014192995,
3068,,"DSM 22477, JCM 16070, YIT 12062, KCTC 15189",1,Slackia piriformis,2529292933,anaerobe
,,,,,742818.3,
,,,,,GCA_000296445,
135143,,"CIP 106906, CCUG 41628",1,Sneathia sanguinegens,2728369525,anaerobe
,,,,,40543.27,
,,,,,GCA_001517935,
17862,"T3315/96, LHL collection no. 6949","DSM 16631, CCUG 52889A, CCUG 52977",0,Sneathia vaginalis,2777994.3,anaerobe
,,,,,GCA_014892235,
160614,"Oil+RF-744-WCA-WT10, Oil-RF-744-WCA-WT-10","DSM 108610, JCM 34423",1,Sodaliphilus pleomorphus,2606626.3,anaerobe
,,,,,2652307.3,
,,,,,CP045696,
,,,,,GCA_009676955,
18010,BOR-Y,"DSM 12858, ATCC BAA-502",1,Soehngenia saccharolytica,2571042347,anaerobe
,,,,,2890253224,
,,,,,GCA_005048345,
4152,DvO5,"DSM 16695, JCM 12613",1,Solidesulfovibrio aerotolerans,295255.3,anaerobe
,,,,,GCA_009856865,
4117,SPSN,"DSM 5433, ATCC 49738, VKM B-1761",1,Solidesulfovibrio alcoholivorans,1121438.3,anaerobe
,,,,,2561511137,
,,,,,GCA_000702665,
4072,,"DSM 3852, VKM B-1758",1,Solidesulfovibrio carbinolicus,2841463281,anaerobe
,,,,,296842.5,
,,,,,GCA_004135975,
4140,RS-1,"DSM 13731, JCM 12223",1,Solidesulfovibrio magneticus,GCA_000010665,anaerobe
5375,RCA59-74,"DSM 22971, CIP 106864, JCM 10645, KCTC 15084",1,Solobacterium moorei,1123263.3,anaerobe
,,,,,2524614654,
,,,,,GCA_000425005,
14350,SPN1,"DSM 17374, ATCC BAA-1237",1,Sphaerochaeta coccoides,2503904012,anaerobe
,,,,,760011.3,
,,,,,GCA_000208385,
14351,Buddy,"DSM 22777, ATCC BAA-1886",1,Sphaerochaeta globosa,158189.3,anaerobe
,,,,,650377973,
,,,,,GCA_000190435,
14352,Grapes,"DSM 22778, ATCC BAA-1885",1,Sphaerochaeta pleomorpha,158190.3,anaerobe
,,,,,2508501070,
,,,,,GCA_000236685,
14337,,"DSM 17781, ATCC BAA-1285, SIP 1",1,Spirochaeta cellobiosiphila,1123275.4,anaerobe
,,,,,2526164518,
,,,,,GCA_000426705,
14318,MA-2,"DSM 2461, ATCC 33939",1,Spirochaeta isovalerica,150.1,anaerobe
,,,,,2861426075,
,,,,,GCA_014207565,
140097,JC230,"DSM 29074, KCTC 15387",1,Spirochaeta lutea,2617271260,anaerobe
,,,,,GCA_000758165,
14323,Z-1203,"DSM 6578, ATCC 700085",1,Spirochaeta thermophila,2506381022,anaerobe
,,,,,869211.3,
,,,,,GCA_000184345,
14322,RI 19.B1,"DSM 6192, ATCC 49972",0,Spirochaeta thermophila,648028053,anaerobe
,,,,,665571.4,
,,,,,GCA_000147075,
11849,ZLJ 115,"DSM 16796, AS 1.5019",1,Sporacetigenium mesophilum,2574180449,anaerobe
18011,,"DSM 13106, CIP 106730, Lup 33",1,Sporanaerobacter acetigenes,1123281.6,anaerobe
,,,,,2585428081,
,,,,,GCA_900130025,
17687,SYR,DSM 10068,1,Sporobacter termitidis,1123282.4,anaerobe
,,,,,2585428085,
,,,,,GCA_900130065,
130349,CEJFT1B,"DSM 26781, JCM 19279",1,Sporohalobacter salinus,1494606.3,anaerobe
,,,,,2901172808,
,,,,,GCA_016908635,
14385,M-8,"DSM 442, ATCC 23492, NCIB 10269, CCUG 33623, LMG 16675, CIP 104421, IAM 12321, JCM 2513, LMG 6329, BCRC 11598, CECT 692, KCTC 3117, NBRC 102473, NCIMB 10269",1,Sporolactobacillus laevolacticus,1395513.3,anaerobe
,,,,,2554235469,
,,,,,GCA_000497245,
133204,GD201205,"CICC 23867, KCTC 15488",1,Sporolactobacillus pectinivorans,2791354945,anaerobe
,,,,,GCA_002802965,
14405,QC81-06,"DSM 21265, JCM 15325",1,Sporolactobacillus putidus,492735.3,anaerobe
,,,,,GCA_014647035,
131326,BK92,"DSM 100967, JCM 19541, LMG 28365, PCU 336, TISTR 2234",1,Sporolactobacillus shoreae,2881127945,anaerobe
,,,,,GCA_004684935,
131327,BK117-1,"DSM 100968, JCM 19542, LMG 28366, PCU 337, TISTR 2235, CIP 110954",1,Sporolactobacillus spathodeae,1465502.3,anaerobe
,,,,,2901233323,
,,,,,GCA_016908935,
17205,AeG,"DSM 23256, JCM 15556, KCTC 5668",1,Sporolituus thermophilus,1123285.3,anaerobe
,,,,,2599185233,
,,,,,GCA_900102435,
17188,Mol,"DSM 3132, ATCC 49682",1,Sporomusa acidovorans,1123286.3,anaerobe
,,,,,112900.4,
,,,,,2622736588,
,,,,,2835150038,
,,,,,GCA_002257695,
,,,,,GCA_900101845,
17199,Wo Gl2,"DSM 5090, ATCC 49684",1,Sporomusa malonica,112901.3,anaerobe
,,,,,2622736529,
,,,,,GCA_900176355,
17189,H1,"DSM 2662, ATCC 35899",1,Sporomusa ovata,1123288.3,anaerobe
,,,,,1123288.4,
,,,,,2524614594,
,,,,,2579778983,
,,,,,GCA_000423685,
,,,,,GCA_000445445,
17200,DG-1,DSM 10669,1,Sporomusa silvacetica,1123289.3,anaerobe
,,,,,2835173708,
,,,,,GCA_002257705,
17197,E,"DSM 2875, ATCC 35900",1,Sporomusa sphaeroides,1337886.4,anaerobe
,,,,,1337886.5,
,,,,,2654587921,
,,,,,GCA_001941975,
,,,,,GCA_023660125,
,,,,,GCA_900042765,
17198,JSN-2,"DSM 4440, ATCC 49683",1,Sporomusa termitida,2377.3,anaerobe
,,,,,GCA_007641255,
2873,SOL3f37,"DSM 21485, JCM 15487, KCTC 15135",1,Sporosalibacterium faouarense,GCA_016765695,anaerobe
11784,FB,"DSM 14795, JCM 11495, CIP 108100",1,Sporotomaculum syntrophicum,GCA_009932395,anaerobe
14567,S1,"DSM 20359, ATCC 14953, JCM 1768, CCUG 24040, CCUG 9989, CIP 103275, NCTC 11807, NRRL B-14778, VPI 5661",1,Staphylococcus saccharolyticus,33028.1,anaerobe
,,,,,33028.25,
,,,,,33028.9,
,,,,,GCA_003968885,
,,,,,GCA_900458815,
14665,,"CCUG 51256, DSM 17636, CCM 7213, CIP 108931, LMG 22723",1,Staphylococcus simiae,2513237273,anaerobe
,,,,,308354.6,
,,,,,911238.3,
,,,,,GCA_000235645,
,,,,,GCA_002902085,
4203,P8,"DSM 12710, JCM 10830",1,Staphylothermus hellenicus,591019.7,anaerobe
,,,,,646564573,
,,,,,GCA_000092465,
4201,F1,"DSM 3639, JCM 9404, ATCC 43588",1,Staphylothermus marinus,399550.11,anaerobe
,,,,,640069332,
,,,,,GCA_000015945,
17663,FS,"DSM 18526, JCM 14622",1,Steroidobacter denitrificans,2721755797,anaerobe
,,,,,465721.9,
,,,,,GCA_001579945,
13907,Chol-1S,"DSM 13999, ATCC BAA-354, Chol chol1, Chol 1",1,Sterolibacterium denitrificans,157592.11,anaerobe
,,,,,2690315849,
,,,,,GCA_001586935,
151408,,CCUG 44050,0,Streptococcus agalactiae,1105261.3,anaerobe
,,,,,2671180277,
,,,,,GCA_000311205,
151430,,CCUG 44074,0,Streptococcus agalactiae,1105262.3,anaerobe
,,,,,2706794504,
,,,,,GCA_000310505,
14827,M605815/03/2,"DSM 17536, CCUG 48115, CIP 108205",1,Streptococcus castoreus,1123299.3,anaerobe
,,,,,2523533613,
,,,,,GCA_000425025,
14722,4055,"DSM 20575, ATCC 27823, CIP 103247, CCUG 24889, NCTC 11325, LMG 14507, JCM 12994, KCTC 15405, VPI 3810, NCDO 2226, NCIMB 702226",1,Streptococcus constellatus subsp. constellatus,184246.4,anaerobe
,,,,,76860.11,
,,,,,76860.28,
,,,,,GCA_008633005,
,,,,,GCA_023167545,
,,,,,GCA_900459125,
14814,94-11374-1,"DSM 15616, ATCC 700828, CCUG 45419, WADDL 94-11374-1, CIP 106980",1,Streptococcus didelphis,1123301.3,anaerobe
,,,,,2515154028,
,,,,,GCA_000380005,
137757,TR5,"CIP 82.5, NCDO 2491, NCTC 10386, CCUG 4213",0,Streptococcus equinus,1335.8,anaerobe
,,,,,GCA_900459945,
14729,8S1,"DSM 20646, ATCC 33477, CIP 103225, NCDO 2721, LMG 16520",1,Streptococcus ferus,1123303.3,anaerobe
,,,,,2515154024,
,,,,,GCA_000372425,
14832,,"NCIMB 700599, BR 6, DSM 22960, ATCC BAA-102, CCUG 43820, CIP 103233, HDP 90056, NCDO 599, NCFB 599, NCIMB 700599 (formerly NCDO 599)",1,Streptococcus infantarius subsp. infantarius,102684.41,anaerobe
,,,,,471872.6,
14848,MV1,"CCUG 66490, DSM 23027, CECT 7613",1,Streptococcus lactarius,684066.7,anaerobe
,,,,,684066.8,
,,,,,GCA_016642265,
,,,,,GCA_018127725,
14830,4401825,"DSM 18628, CCUG 49690, CIP 108498",1,Streptococcus massiliensis,1123307.3,anaerobe
,,,,,1194208.3,
,,,,,2515154013,
,,,,,2551306662,
,,,,,GCA_000341525,
,,,,,GCA_000380065,
148352,,CCUG 35272,0,Streptococcus pneumoniae,1313.9542,anaerobe
,,,,,2744054566,
,,,,,GCA_001637415,
153756,,CCUG 50866,0,Streptococcus pseudopneumoniae,257758.717,anaerobe
,,,,,GCA_019456755,
153757,,CCUG 50867,0,Streptococcus pseudopneumoniae,257758.716,anaerobe
,,,,,GCA_019456735,
153758,,CCUG 50868,0,Streptococcus pseudopneumoniae,257758.667,anaerobe
,,,,,257758.718,
,,,,,GCA_011714915,
,,,,,GCA_019456715,
153759,,CCUG 50869,0,Streptococcus pseudopneumoniae,257758.72,anaerobe
,,,,,GCA_019456815,
153761,,CCUG 50871,0,Streptococcus pseudopneumoniae,257758.666,anaerobe
,,,,,GCA_011714925,
156629,,CCUG 63747,0,Streptococcus pseudopneumoniae,257758.51,anaerobe
,,,,,GCA_002014955,
14796,S735,"DSM 9682, ATCC 43765, CCUG 7984, NCTC 10234, CIP 103217, Henrichsen S735",1,Streptococcus suis,1184252.3,anaerobe
,,,,,1307.2047,
,,,,,2917285515,
,,,,,GCA_000294495,
,,,,,GCA_900475585,
14847,,"DSM 22768, JCM 16316, CCUG 70863, NUM 1615, KCTC 15134",1,Streptococcus ursoris,648567.3,anaerobe
,,,,,GCA_012843165,
16648,FC6,"DSM 6296, JCM 9021",1,Stygiolobus azoricus,GCA_009729035,anaerobe
17688,BI-114,"DSM 15176, CCUG 47106",1,Subdoligranulum variabile,214851.67,anaerobe
,,,,,2562617078,
,,,,,411471.126,
,,,,,GCA_000157955,
,,,,,GCA_025152575,
16638,,"DSM 22608, JCM 16073, YIT 12066, KCTC 15190",1,Succinatimonas hippei,649990019,anaerobe
,,,,,762983.3,
,,,,,GCA_000188195,
103,SE10,DSM 9236,1,Succiniclasticum ruminis,1123323.3,anaerobe
,,,,,2654588123,
,,,,,GCA_900112895,
104,B14,DSM 11005,0,Succiniclasticum sp.,2623620478,anaerobe
,,,,,40841.28,
,,,,,GCA_900101645,
16636,,"DSM 2873, ATCC 19206, ATCC 29987, VPI 13846",1,Succinimonas amylolytica,1265507.3,anaerobe
,,,,,2522125086,
,,,,,GCA_000378405,
105,19gly1,DSM 6222,1,Succinispira mobilis,1069080.9,anaerobe
,,,,,2517093043,
,,,,,GCA_000384135,
16637,"0554, 24","DSM 3072, ATCC 19716",1,Succinivibrio dextrinosolvens,1123324.4,anaerobe
,,,,,2585428075,
,,,,,GCA_900167015,
166482,ZY16052,"CCTCC AB 2017017, DSM 105755",1,Suicoccus acidiformans,GCA_003546865,anaerobe
159628,68-1-5,"DSM 104945, JCM 34387",1,Suipraeoptans intestinalis,2606628.3,anaerobe
,,,,,GCA_009696485,
,,,,,VULY00000000,
6112,YK-1,"DSM 16994, ATCC BAA-921, JCM 11577, MBIC 06352",1,Sulfuricurvum kujiense,649633097,anaerobe
,,,,,709032.15,
,,,,,709032.16,
,,,,,709032.17,
,,,,,709032.18,
,,,,,709032.3,
,,,,,GCA_000183725,
6113,,"DSM 1251, ATCC 33889",1,Sulfurimonas denitrificans,326298.21,anaerobe
,,,,,326298.7,
,,,,,637000326,
,,,,,GCA_000012965,
24101,GD1,"DSM 19862, JCM 16533",1,Sulfurimonas gotlandica,2811995045,anaerobe
,,,,,929558.5,
,,,,,929558.9,
,,,,,GCA_000242915,
24102,AST-10,"DSM 22096, JCM 18418",0,Sulfurimonas hongkongensis,1172190.3,anaerobe
,,,,,2545824783,
,,,,,GCA_000445475,
6115,GO25,"DSM 17229, JCM 13212",1,Sulfurimonas paralvinellae,GCA_014905135,anaerobe
24529,BSN1,"DSM 26916, NBRC 109412",1,Sulfurisoma sediminicola,1381557.3,anaerobe
,,,,,2770939616,
,,,,,2837014545,
,,,,,GCA_003663955,
,,,,,GCA_003865015,
13938,sk43H,"DSM 22779, NBRC 105852",1,Sulfuritalea hydrogenivorans,1223802.3,anaerobe
,,,,,GCA_000828635,
2224,F1F6,DSM 9755,1,Sulfurospirillum arcachonense,1123326.4,anaerobe
,,,,,2524614541,
,,,,,GCA_000597725,
2226,SES-3,"DSM 10660, ATCC 700032",1,Sulfurospirillum barnesii,2506783064,anaerobe
,,,,,760154.4,
,,,,,GCA_000265295,
2232,Phe91,"DSM 18149, JCM 13918, NBRC 109482",1,Sulfurospirillum cavolei,1349788.5,anaerobe
,,,,,2645727932,
,,,,,GCA_000813325,
2223,5175,"DSM 6946, ATCC 51133",1,Sulfurospirillum deleyianum,525898.7,anaerobe
,,,,,646311960,
,,,,,GCA_000024885,
2228,PCE-M2,"DSM 13726, ATCC BAA-583",1,Sulfurospirillum halorespirans,1193502.14,anaerobe
,,,,,GCA_001723605,
2229,,"DSM 12446, JCM 15788, NBRC 109480",1,Sulfurospirillum multivorans,1150621.9,anaerobe
,,,,,2558860208,
,,,,,GCA_000568815,
2230,N,DSM 15119,0,Sulfurospirillum multivorans,66821.7,anaerobe
,,,,,GCA_008083195,
23823,JPD-1,"DSM 16452, ATCC BAA-971",0,Sulfurospirillum sp.,220622.7,anaerobe
,,,,,2775506916,
,,,,,GCA_002309535,
6117,42BKT,"DSM 23290, ATCC BAA-797, JCM 12117",1,Sulfurovum lithotrophicum,GCA_000987835,anaerobe
132576,1812E,"DSM 101780, JCM 30810",1,Sulfurovum riftiae,GCA_001595645,anaerobe
17829,,"DSM 19354, JCM 14724, CCUG 57110, YIT 11816, KCTC 15665",1,Sutterella parvirubra,2513237371,anaerobe
,,,,,762967.3,
,,,,,GCA_000250875,
17827,,"DSM 14016, ATCC 51579, CIP 104799, KCTC 15691, CCUG 42229, WAL 9799, JCM 32440",1,Sutterella wadsworthensis,2770939567,anaerobe
,,,,,40545.127,
,,,,,40545.5,
,,,,,GCA_003315195,
130834,KA13,"DSM 27138, JCM 15997, KCTC 4569",1,Symbiobacterium terraclitae,2913498752,anaerobe
,,,,,557451.3,
,,,,,GCA_017874315,
18012,T,"DSM 24528, IAM 14863, JCM 14929",1,Symbiobacterium thermophilum,292459.5,anaerobe
,,,,,637000306,
,,,,,GCA_000009905,
18085,Sp3,"DSM 21860, JCM 16669",1,Syntrophaceticus schinkii,2622736413,anaerobe
,,,,,GCA_000946815,
16670,MPOB,DSM 10017,1,Syntrophobacter fumaroxidans,335543.9,anaerobe
,,,,,639633063,
,,,,,GCA_000014965,
11786,FlGlyR,DSM 8271,1,Syntrophobotulus glycolicus,645991.3,anaerobe
,,,,,649633098,
,,,,,GCA_000190635,
16688,MPA,"DSM 18709, JCM 14374, NBRC 102128",1,Syntrophomonas palmitatica,1294023.3,anaerobe
,,,,,2728369699,
,,,,,GCA_001311885,
16690,OL-4,"DSM 17840, JCM 13948",1,Syntrophomonas zehnderi,2675903293,anaerobe
,,,,,690567.3,
,,,,,GCA_000983115,
17670,UI,"DSM 17771, JCM 13376",1,Syntrophorhabdus aromaticivorans,2509601044,anaerobe
,,,,,909663.3,
,,,,,GCA_000512235,
4213,WoAcy 1,"DSM 3246, NBRC 103808",1,Syntrophotalea acetylenica,1842532.3,anaerobe
,,,,,2721755701,
,,,,,29542.6,
,,,,,29542.7,
,,,,,GCA_001888165,
4214,GhAcy 1,DSM 3247,0,Syntrophotalea acetylenica,2718217954,anaerobe
,,,,,29542.4,
,,,,,GCA_001887715,
4218,"Bd1, GraBd1","DSM 2380, NBRC 103641",1,Syntrophotalea carbinolica,2518285546,anaerobe
,,,,,2518285547,
,,,,,338963.6,
,,,,,637000204,
,,,,,GCA_000012885,
16695,TGB-C1,DSM 12680,1,Syntrophothermus lipocalidus,643648.3,anaerobe
,,,,,646564577,
,,,,,GCA_000092405,
23324,SB,"DSM 26646, ATCC 700169, JCM 18717",1,Syntrophus aciditrophicus,56780.15,anaerobe
,,,,,637000317,
,,,,,GCA_000013405,
16664,HQGö1,DSM 8423,1,Syntrophus gentianae,2634166346,anaerobe
,,,,,43775.4,
,,,,,GCA_900109885,
143693,,"CCUG 21028 A, ATCC 43037, CCUG 33064, JCM 10827, CCUG 33226, CIP 105219, KCTC 5666",1,Tannerella forsythia,1307832.4,anaerobe
,,,,,1307833.4,
,,,,,203275.8,
,,,,,2512047036,
,,,,,2645727977,
,,,,,28112.57,
,,,,,28112.6,
,,,,,GCA_001006485,
,,,,,GCA_006385365,
16801,Re1,"DSM 21804, JCM 16047",1,Tepidanaerobacter acetatoxydans,1209989.3,anaerobe
,,,,,2540341113,
,,,,,GCA_000213235,
,,,,,GCA_000328765,
16798,JL,"DSM 15584, JCM 12098, NBRC 100060",1,Tepidanaerobacter syntrophicus,224999.3,anaerobe
,,,,,2814123063,
,,,,,GCA_001485475,
23768,STGH,"DSM 23802, VKM B-2671",1,Tepidibacillus fermentans,1281767.3,anaerobe
,,,,,2784746787,
,,,,,GCA_004342885,
11851,DV 1184,"DSM 15518, CIP 107893",1,Tepidibacter formicigenes,1123349.3,anaerobe
,,,,,2585428175,
,,,,,GCA_900142235,
24302,B1,"DSM 28717, CGMCC 1.5148, JCM 16806",1,Tepidibacter mesophilus,2832628248,anaerobe
,,,,,655607.3,
,,,,,GCA_002724055,
11850,,"DSM 15285, UNIQEM 215, SC 562",1,Tepidibacter thalassicus,1123350.4,anaerobe
,,,,,2585428065,
,,,,,GCA_900129915,
2515,PML14,"DSM 23310, CGMCC 1.5080, JCM 15035",1,Tepidimicrobium xylanilyticum,1123352.3,anaerobe
,,,,,2599185171,
,,,,,GCA_900106765,
6138,4BON,"DSM 15512, CIP 107790",1,Tepidiphilus succinatimandens,224436.3,anaerobe
,,,,,GCA_006503695,
14321,,"DSM 1903, ATCC 19044",1,Teretinema zuelzerae,GCA_021021555,anaerobe
2596,,"DSM 1288, ATCC 14880, BCRC 14553, JCM 1401, NCIMB 10632, NCTC 13026",1,Terrisporobacter glycolicus,1121315.3,anaerobe
,,,,,1121315.4,
,,,,,2515154199,
,,,,,2526164522,
,,,,,GCA_000373865,
,,,,,GCA_000439105,
2757,SFC-5,"DSM 6539, ATCC 51428",1,Terrisporobacter mayombei,GCA_020748465,anaerobe
131514,CCK3R4-PYG-107,"DSM 29186, JCM 35245",0,Terrisporobacter muris,GCA_024621905,anaerobe
5257,X-1,"DSM 15685, JCM 10006, CCUG 41880, CIP 105747, LMG 18498, KCTC 21008, NBRC 100499",1,Tetragenococcus muriaticus,1123359.3,anaerobe
,,,,,2524614634,
,,,,,64642.7,
,,,,,GCA_000423785,
5256,"885/78, 885-78","CCUG 29293, LMG 12890, CIP 103330, JCM 8736, DSM 5634, ATCC 49428, NCTC 12193, CCM 4217, CDC 885-78, KCTC 3553, KCTC 3923, NBRC 100494, NCIMB 12902",1,Tetragenococcus solitarius,1223494.3,anaerobe
,,,,,2731957563,
,,,,,GCA_001544195,
13966,M-5,"DSM 17429, CGMCC 1.3998, CIP 109533",1,Thalassospira xiamenensis,1123366.3,anaerobe
,,,,,1123366.5,
,,,,,1123366.7,
,,,,,2534681947,
,,,,,2681813519,
,,,,,GCA_000300235,
,,,,,GCA_900156715,
13917,S2,"DSM 14742, LMG 26917, CIP 110164",1,Thauera aminoaromatica,1234381.3,anaerobe
,,,,,2537561694,
,,,,,GCA_000310185,
13908,K172,"DSM 6984, CIP 107765",1,Thauera aromatica,2791355019,anaerobe
,,,,,44139.8,
,,,,,GCA_003030465,
13911,LG356,DSM 14794,0,Thauera aromatica,GCA_023093595,anaerobe
13912,SP,DSM 14805,0,Thauera aromatica,GCA_023093695,anaerobe
13920,3CB-1,"DSM 18012, ATCC 700723, CIP 107679, KCTC 12933",1,Thauera chlorobenzoica,2651870126,anaerobe
,,,,,96773.1,
,,,,,GCA_900108255,
13918,B4P,"DSM 14743, LMG 26918, CIP 110163",1,Thauera phenylacetica,1234382.3,anaerobe
,,,,,2531839276,
,,,,,GCA_000310225,
13914,58Eu,"CCUG 41527, DSM 12139, CIP 105982",1,Thauera terpenica,1348657.5,anaerobe
,,,,,2579778713,
,,,,,GCA_000443165,
23328,PB,"DSM 26808, DSM 12270",1,Thermacetogenium phaeum,1089553.3,anaerobe
,,,,,1089553.7,
,,,,,2516653087,
,,,,,2521172702,
,,,,,2546826730,
,,,,,GCA_000305935,
,,,,,GCA_000519285,
16802,ToBE,"DSM 14490, JCM 11376, NBRC 101528",1,Thermanaeromonas toyohensis,2503538017,anaerobe
,,,,,GCA_900176005,
17780,Su883,"DSM 6589, ATCC 49978",1,Thermanaerovibrio acidaminovorans,525903.6,anaerobe
,,,,,646311961,
,,,,,GCA_000024905,
17781,Z-9701,DSM 12556,1,Thermanaerovibrio velox,2508501068,anaerobe
,,,,,926567.3,
,,,,,GCA_000237825,
18123,ET-5b,DSM 12793,1,Thermicanus aegyptius,1089548.3,anaerobe
,,,,,2516493021,
,,,,,GCA_000510645,
11788,Z-0001,"DSM 14005, VKM B-2307",1,Thermincola ferriacetica,2547132462,anaerobe
,,,,,2648501491,
,,,,,GCA_001263415,
16833,AKo-1,DSM 3389,1,Thermoanaerobacter brockii subsp. finnii,509193.4,anaerobe
,,,,,649633102,
,,,,,GCA_000175295,
16832,JW200,"DSM 2246, ATCC 31550, VKM B-1835",1,Thermoanaerobacter ethanolicus,509192.5,anaerobe
16837,Ab9,"DSM 9252, JCM 16815",1,Thermoanaerobacter italicus,580331.4,anaerobe
,,,,,646564579,
,,,,,GCA_000025645,
16823,LKT-1,"DSM 2030, ATCC 33488",1,Thermoanaerobacter kivui,2325.3,anaerobe
,,,,,2576861811,
,,,,,2627853919,
,,,,,GCA_000763575,
16842,A3,"DSM 11426, CIP 108742, CCUG 53645, AIP 130.05",1,Thermoanaerobacter mathranii subsp. mathranii,583358.4,anaerobe
,,,,,646564580,
,,,,,GCA_000092965,
23330,DTU01,"DSM 25963, CECT 8142, KCTC 4529, VKM B-2752",1,Thermoanaerobacter pentosaceus,2926563151,anaerobe
16848,39E,"DSM 2355, ATCC 33223",1,Thermoanaerobacter pseudethanolicus,340099.6,anaerobe
,,,,,641522655,
,,,,,GCA_000019085,
16844,SR4,DSM 12299,1,Thermoanaerobacter siderophilus,2509276025,anaerobe
,,,,,880478.3,
,,,,,GCA_000262445,
16826,L 77-66,DSM 569,0,Thermoanaerobacter thermohydrosulfuricus,1516.5,anaerobe
,,,,,2597490338,
,,,,,GCA_900102395,
16829,Sol1,DSM 7021,0,Thermoanaerobacter thermohydrosulfuricus,1516.6,anaerobe
,,,,,2597490336,
,,,,,GCA_900112905,
23329,WC1,DSM 26960,0,Thermoanaerobacter thermohydrosulfuricus,1198630.3,anaerobe
,,,,,2517572224,
,,,,,GCA_000353265,
16847,JW/IW-010,"DSM 18761, ATCC BAA-1464",1,Thermoanaerobacter uzonensis,1123369.3,anaerobe
,,,,,2582581276,
,,,,,GCA_900129115,
16841,Rt8.B1,DSM 10319,1,Thermoanaerobacter wiegelii,2504756058,anaerobe
,,,,,697303.4,
,,,,,GCA_000147695,
18053,JW/SL-YS 485,DSM 8691,0,Thermoanaerobacterium saccharolyticum,1094508.2,anaerobe
,,,,,2519103102,
18044,"McClung 2032, 2032","DSM 571, ATCC 7956, NCA 3814, NCIMB 9385, WDCM 00135",1,Thermoanaerobacterium thermosaccharolyticum,580327.4,anaerobe
,,,,,648028060,
,,,,,GCA_000145615,
18049,4B,"DSM 2229, ATCC 33743",1,Clostridium thermosulfurigenes,2861644854,anaerobe
18051,LX-11,DSM 7097,1,Thermoanaerobacterium xylanolyticum,650716095,anaerobe
,,,,,858215.3,
,,,,,GCA_000189775,
24773,MP-01,"DSM 24856, JCM 18256",1,Thermoanaerobaculum aquaticum,2579778550,anaerobe
,,,,,GCA_000687145,
2516,JW/YL-NZ35,DSM 8682,1,Thermobrachium celere,2519899721,anaerobe
,,,,,941824.4,
,,,,,GCA_000430995,
23848,,"DSM 3771, ATCC 43061",1,Thermochromatium tepidum,316276.3,anaerobe
,,,,,GCA_009664085,
2854,,"DSM 19027, NBRC 102590, EBR 596",1,Thermoclostridium caenicola,2700988698,anaerobe
,,,,,659425.3,
,,,,,GCA_900142095,
2777,C-17-70,"DSM 9219, ATCC 51338, IAM 13499, LMG 14474, JCM 9762",1,Thermoclostridium stercorarium subsp. leptospartum,1346611.4,anaerobe
,,,,,GCA_001697285,
2773,,"DSM 8532, ATCC 35414, NCIMB 11754",1,Thermoclostridium stercorarium subsp. stercorarium,1121335.11,anaerobe
,,,,,1121335.3,
,,,,,2522125167,
,,,,,2540341047,
,,,,,GCA_000331995,
,,,,,GCA_000349885,
2733,TX41,"DSM 2910, ATCC 43739",1,Thermoclostridium stercorarium subsp. thermolacticum,1121336.3,anaerobe
,,,,,GCA_001697245,
2734,,"DSM 2911, TC 21, JCM 9324, ATCC 43738",0,Thermoclostridium stercorarium subsp. thermolacticum,1291049.3,anaerobe
,,,,,2728369666,
,,,,,GCA_001310995,
16874,TY,"DSM 12819, DSM 10597, JCM 10137",1,Thermococcus aggregans,GCA_024022995,anaerobe
16867,AEDII12,DSM 10322,1,Thermococcus alcaliphilus,GCA_024054535,anaerobe
16869,MP,DSM 11836,1,Thermococcus barophilus,391623.17,anaerobe
,,,,,391623.23,
,,,,,650716096,
,,,,,GCA_000151105,
16860,Vu 13,"DSM 2476, JCM 8558, ATCC 35543",1,Thermococcus celer,1293037.3,anaerobe
,,,,,2681813024,
,,,,,GCA_001315845,
,,,,,GCA_002214365,
16885,EJ3,"DSM 15229, JCM 11827",1,Thermococcus gammatolerans,593117.1,anaerobe
,,,,,644736411,
,,,,,GCA_000022365,
16872,W-12,"DSM 10395, ATCC 700654, JCM 10552",1,Thermococcus gorgonarius,2758568023,anaerobe
,,,,,GCA_002214385,
16875,TYS,"DSM 11113, JCM 10136",1,Thermococcus guaymasensis,1432656.3,anaerobe
,,,,,2681812990,
,,,,,GCA_000816105,
16862,NS-C,"DSM 5473, ATCC 51850, JCM 8560",1,Thermococcus litoralis,2513237398,anaerobe
,,,,,523849.5,
,,,,,GCA_000246985,
16871,P-4,"DSM 10394, ATCC 700653, JCM 10553",1,Thermococcus pacificus,2758568025,anaerobe
,,,,,GCA_002214485,
16868,OG-1,"DSM 10343, JCM 9653, ATCC 700098, CIP 104782",1,Thermococcus peptonophilus,2681813028,anaerobe
,,,,,2687453162,
,,,,,523851.4,
,,,,,GCA_001315905,
,,,,,GCA_001592435,
16865,DT5432,"DSM 9503, ATCC 51592, JCM 9378, CIP 105121",1,Thermococcus profundus,GCA_002214585,anaerobe
16884,EJ2,"DSM 15228, JCM 11826",1,Thermococcus radiotolerans,2758568021,anaerobe
,,,,,GCA_002214565,
16880,"MM 739, B-2774",DSM 12597,1,Thermococcus sibiricus,604354.9,anaerobe
,,,,,644736412,
,,,,,GCA_000022545,
16873,RG-20,"DSM 12349, ATCC BAA-270",1,Thermococcus siculi,2758568024,anaerobe
,,,,,GCA_002214505,
16861,"BK17S-3-a9, P6",DSM 12593,0,Thermococcus sp.,2758568029,anaerobe
,,,,,GCA_002214525,
16864,"8315-5, K-3","DSM 5262, JCM 8559",1,Thermococcus stetteri,2913342618,anaerobe
,,,,,GCA_017873335,
16881,OGL-20P,"DSM 14981, ATCC BAA-394, JCM 12859",1,Thermococcus thioreducens,2681813416,anaerobe
,,,,,2773858064,
,,,,,277988.4,
,,,,,GCA_001418715,
,,,,,GCA_002214545,
,,,,,GCA_900109425,
16878,AN1,"DSM 2770, JCM 10554, ATCC 700529",1,Thermococcus zilligii,1151117.4,anaerobe
,,,,,2547132157,
,,,,,GCA_000258515,
16890,"AT1325, T1","DSM 21156, JCM 15391",1,Thermodesulfatator atlanticus,1123371.3,anaerobe
,,,,,2523533580,
,,,,,GCA_000421585,
16889,CIR 29812,"DSM 15286, JCM 11887",1,Thermodesulfatator indicus,2505119042,anaerobe
,,,,,667014.3,
,,,,,GCA_000217795,
133068,SF97,"DSM 102936, VKM B-2961",1,Thermodesulfitimonas autotrophica,1894989.3,anaerobe
,,,,,2786546166,
,,,,,GCA_003815015,
16891,YSRA-1,"DSM 2178, ATCC 33708, VKM B-1767",1,Thermodesulfobacterium commune,2574179772,anaerobe
,,,,,2588253728,
,,,,,289377.4,
,,,,,289377.5,
,,,,,GCA_000734015,
,,,,,GCA_000746435,
16893,JSP,DSM 12571,1,Thermodesulfobacterium hveragerdense,1123372.3,anaerobe
,,,,,2524023142,
,,,,,GCA_000423845,
16894,SL6,"DSM 14290, JCM 11239",1,Thermodesulfobacterium hydrogeniphilum,161156.3,anaerobe
,,,,,2579779159,
,,,,,GCA_000746255,
16895,7,"DSM 1276, VKM B-1128",1,Thermodesulfobacterium thermophilum,1123373.3,anaerobe
,,,,,2523533618,
,,,,,GCA_000421605,
16898,Na82,"DSM 14796, JCM 11510, NBRC 100082",1,Thermodesulfobium narugense,2504756006,anaerobe
,,,,,747365.3,
,,,,,GCA_000212395,
4062,P6-2,"DSM 16697, CCUG 49732",1,Thermodesulfomicrobium thermophilum,2571042920,anaerobe
16677,A8444,DSM 9990,1,Thermodesulforhabdus norvegica,2599185149,anaerobe
,,,,,39841.4,
,,,,,GCA_900114975,
10540,TGE-P1,"DSM 17283, JCM 13213",1,Thermodesulfovibrio aggregans,1295128.3,anaerobe
,,,,,2728369708,
,,,,,86166.4,
,,,,,GCA_001312085,
,,,,,GCA_001514535,
10539,HBr5,"DSM 18151, JCM 13991",1,Thermodesulfovibrio hydrogeniphilus,2574179746,anaerobe
10538,R1Ha3,DSM 12570,1,Thermodesulfovibrio islandicus,1123375.3,anaerobe
,,,,,2529292556,
,,,,,GCA_000482825,
10541,TDV,"DSM 17215, JCM 13216",1,Thermodesulfovibrio thiophilus,1123376.3,anaerobe
,,,,,2523533630,
,,,,,GCA_000423865,
10537,YP87,"DSM 11347, ATCC 51303",1,Thermodesulfovibrio yellowstonii,289376.4,anaerobe
,,,,,643348581,
,,,,,GCA_000020985,
16903,Hrk 5,DSM 2475,1,Thermofilum pendens,639633064,anaerobe
,,,,,GCA_000015225,
16691,ZE-7,DSM 11055,1,Thermohydrogenium kirishiense,2795386141,anaerobe
,,,,,937254.3,
17817,HS1,"DSM 19012, CGMCCC 1.5071",1,Thermophagus xiamenensis,2515154052,anaerobe
,,,,,2693429893,
,,,,,385682.7,
,,,,,GCA_000220155,
,,,,,GCA_900112795,
17031,,"DSM 2078, ATCC 35583, JCM 9277, Kra 1, NBRC 100435",1,Thermoproteus tenax,GCA_000253055,anaerobe
18014,JW/YJL-1230-7/2,"DSM 16647, ATCC BAA-1035",1,Thermosediminibacter litoriperuensis,2599185220,anaerobe
,,,,,291989.3,
,,,,,GCA_008124715,
18013,JW/IW-1228P,"DSM 16646, ATCC BAA-1034",1,Thermosediminibacter oceani,555079.3,anaerobe
,,,,,648028061,
,,,,,GCA_000144645,
17167,Nor1,"DSM 14886, VKM B-2281",1,Thermosinus carboxydivorans,2565957142,anaerobe
,,,,,401526.7,
,,,,,GCA_000169155,
17059,ik275mar,"DSM 23112, VKM B-2574",1,Thermosipho affectus,GCA_001990485,anaerobe
17052,Ob7,DSM 5309,1,Thermosipho africanus,2517572017,anaerobe
,,,,,344616.4,
,,,,,GCA_003351105,
17057,DV1140,"DSM 15807, CIP 108053",1,Thermosipho atlanticus,1123380.4,anaerobe
,,,,,2585428073,
,,,,,GCA_900129985,
17058,MN14,"DSM 19918, JCM 15059, NBRC 109617",1,Thermosipho globiformans,2894286821,anaerobe
,,,,,380685.3,
,,,,,GCA_003990895,
17056,IHB1,"DSM 13481, JCM 10495",1,Thermosipho japonicus,2861242185,anaerobe
,,,,,90323.3,
,,,,,GCA_014201655,
17055,BI429,"DSM 12029, CIP 104789",1,Thermosipho melanesiensis,391009.9,anaerobe
,,,,,640753057,
,,,,,GCA_000016905,
4205,M11TL,DSM 11486,1,Thermosphaera aggregans,633148.11,anaerobe
,,,,,646564583,
,,,,,GCA_000092185,
18094,ABI70S6,"DSM 17441, JCM 13301, NBRC 103674",1,Thermosulfidibacter takaii,1298851.4,anaerobe
,,,,,GCA_001547735,
16897,S95,"DSM 24515, VKM B-2683",1,Thermosulfurimonas dismutans,2724679642,anaerobe
,,,,,GCA_001652585,
16694,JW/VS-265,"DSM 11003, ATCC 700317",1,Thermosyntropha lipolytica,1123382.5,anaerobe
,,,,,2585428064,
,,,,,GCA_900129805,
133444,B2-1,"KCTC 5625, JCM 15105, DSM 21119",1,Thermotalea metallivorans,GCA_001562415,anaerobe
24656,AZM44c09,"DSM 23272, NBRC 106116",1,Thermotoga caldifontis,1408159.3,anaerobe
,,,,,2791355055,
,,,,,GCA_000828655,
17060,MSB8,"DSM 3109, JCM 10099, ATCC 43589, NBRC 100826",1,Thermotoga maritima,243274.17,anaerobe
,,,,,243274.18,
,,,,,243274.19,
,,,,,243274.5,
,,,,,2519899531,
,,,,,2554235387,
,,,,,2687453609,
,,,,,637000321,
,,,,,GCA_000008545,
,,,,,GCA_000230655,
17069,RKU-10,"DSM 13996, JCM 10882, ATCC BAA-489",1,Thermotoga petrophila,590168.4,anaerobe
,,,,,GCA_000025105,
17061,NS-E,"DSM 4359, ATCC 49049, NBRC 107923",1,Thermotoga neapolitana,309803.4,anaerobe
,,,,,643348584,
,,,,,GCA_000018945,
17068,RKU-1,"DSM 13995, JCM 10881, ATCC BAA-488",1,Thermotoga petrophila,390874.12,anaerobe
,,,,,640427150,
,,,,,GCA_000016785,
24655,AZM34c06,"DSM 23275, NBRC 106115",1,Thermotoga profunda,1408160.3,anaerobe
,,,,,2791355052,
,,,,,GCA_000828675,
18093,AC55,"DSM 24660, JCM 17643, NBRC 107904",1,Thermotomaculum hydrothermale,GCA_016592575,anaerobe
18064,R270,"DSM 21133, KCTC 5616",1,Thermovenabulum gondwanense,GCA_001601575,anaerobe
17646,HB-1,"DSM 15698, JCM 12110",1,Thermovibrio ammonificans,648996.25,anaerobe
,,,,,648996.5,
,,,,,649633104,
,,,,,GCA_000185805,
17647,SL19,"DSM 15521, JCM 12128",1,Thermovibrio guaymasensis,240167.3,anaerobe
,,,,,2756170387,
,,,,,GCA_003633715,
17776,Cas60314,"DSM 17291, ATCC BAA-1197",1,Thermovirga lienii,2505119043,anaerobe
,,,,,580340.17,
,,,,,580340.6,
,,,,,GCA_000233775,
18079,70B,"DSM 21563, JCM 15541",1,Thermovorax subterraneus,GCA_021608145,anaerobe
4295,HL17,DSM 15791,1,Thioalkalivibrio halophilus,2834699438,anaerobe
,,,,,GCA_001995255,
2463,BCH,"DSM 13587, ATCC BAA-132",1,Thiobaca trueperi,127458.4,anaerobe
,,,,,2784746805,
,,,,,GCA_004342175,
6143,AB7,"DSM 12475, ATCC 23644, JCM 3870, NCIMB 9548, BCRC 17603, CIP 104767",1,Thiobacillus denitrificans,1123392.3,anaerobe
,,,,,2515154078,
,,,,,GCA_000376425,
22961,,"DSM 21303, SC 5",1,Thiocapsa imhoffii,382777.4,anaerobe
,,,,,GCA_016583985,
2481,5811,DSM 5653,1,Thiocapsa marina,2508501107,anaerobe
,,,,,768671.3,
,,,,,GCA_000223985,
2478,6611,DSM 235,1,Thiocapsa rosea,2778260931,anaerobe
,,,,,69360.3,
,,,,,GCA_003634315,
2479,1711,DSM 217,1,Thiocapsa roseopersicina,1058.1,anaerobe
,,,,,2684622843,
,,,,,GCA_900106925,
2467,9111,DSM 228,0,Thiococcus pfennigii,1057.1,anaerobe
,,,,,GCA_016583935,
2487,2711,"DSM 207, Pfennig 2711",1,Thiocystis violacea,13725.6,anaerobe
,,,,,GCA_016583575,
2488,2311,"DSM 208, Pfennig 2311",0,Thiocystis violacea,13725.5,anaerobe
,,,,,GCA_016583565,
2482,6111,"DSM 198, ATCC 17096, Pfennig 6111",1,Thiocystis violascens,2508501051,anaerobe
,,,,,765911.2,
,,,,,GCA_000227745,
2468,JA142,"DSM 19078, JCM 14780",1,Thiohalocapsa marina,424902.4,anaerobe
,,,,,GCA_008632335,
2472,WS,"DSM 18266, ATCC BAA-1228, VKM B-2393",1,Thiorhodococcus mannitoliphagus,329406.4,anaerobe
,,,,,GCA_010915725,
2470,CE 2203,"DSM 11518, ATCC 700259",1,Thiorhodococcus minor,57489.4,anaerobe
,,,,,GCA_010820565,
14339,P,"DSM 19205, VKM B-2514",1,Thiospirochaeta perfilievii,252967.3,anaerobe
,,,,,GCA_008329945,
2575,I50,"CCUG 46310, CCUG 45854, DSM 1551, ATCC 29902, NCTC 11210, JCM 1397, BCRC 14465, CCM 6166",1,Thomasclavelia cocleata,2574179769,anaerobe
,,,,,2634166354,
,,,,,69824.3,
,,,,,69824.4,
,,,,,GCA_002803405,
,,,,,GCA_024622895,
,,,,,GCA_900102365,
2653,113-I,"CCUG 24038, DSM 1402, ATCC 25582, NCIB 10673, VPI 0427, JCM 1298, BCRC 14518, KCTC 3323, NCIMB 10673, NCTC 11812",1,Thomasclavelia ramosa,1547.129,anaerobe
,,,,,445974.19,
,,,,,445974.6,
,,,,,641736198,
,,,,,GCA_000154485,
,,,,,GCA_014131695,
130926,PG-426-CC.8.1,DSM 29355,0,Thomasclavelia ramosa,1547.13,anaerobe
,,,,,GCA_024622785,
130927,SRB509-5-F-B,DSM 29357,0,Thomasclavelia ramosa,1547.131,anaerobe
,,,,,GCA_024622805,
2834,SDG-Mt85-3Db,"DSM 17460, CCUG 51486",1,Thomasclavelia saccharogumia,1121333.3,anaerobe
,,,,,2563366727,
,,,,,GCA_000686665,
2706,,"DSM 1552, ATCC 29900, NCTC 11211, VPI C28-23-1A, JCM 1432, BCRC 14526, CCM 6168, CECT 4322, CIP 106966, AIP 10141",1,Thomasclavelia spiroformis,428126.2,anaerobe
,,,,,428126.7,
,,,,,641736169,
,,,,,GCA_000154805,
,,,,,GCA_025149465,
2860,Z-7934,DSM 10318,1,Tindallia magadiensis,2651870112,anaerobe
,,,,,GCA_900113635,
18017,"BN11, BN 11","DSM 9508, CCUG 55484, CIP 104584",1,Tissierella creatinini,GCA_005046945,anaerobe
18015,,"DSM 6911, CCUG 55419, KRE 4",1,Tissierella creatinophila,1123403.4,anaerobe
,,,,,GCA_001940565,
18019,,"DSM 18095, ATCC 25539, NCIMB 703038, NCTC 11158, VPI 0563, CCUG 27825, Prevot 3722B",1,Tissierella praeacuta,1123404.4,anaerobe
,,,,,2582581260,
,,,,,2832346034,
,,,,,43131.3,
,,,,,GCA_900128955,
,,,,,GCA_900460335,
18018,BL 4858,"CCUG 21837, KCTC 5022, NRRL B-41124, BCRC 14555, DSM 5675, ATCC 33268, VPI 12193",0,Tissierella praeacuta,2802428849,anaerobe
,,,,,43131.5,
,,,,,GCA_004346445,
294,TA4,DSM 9187,1,Tolumonas auensis,595494.3,anaerobe
,,,,,643692052,
,,,,,GCA_000023065,
130827,SK9K4,"DSM 28304, JCM 19907, KCTC 15503",1,Tractidigestivibacter scatoligenes,GCA_001494635,anaerobe
14345,ZAS-9,"DSM 13862, ATCC BAA-888",1,Treponema azotonutricium,545695.3,anaerobe
,,,,,650716099,
,,,,,GCA_000214355,
14343,DD5/3,DSM 12168,1,Treponema brennaborense,650716100,anaerobe
,,,,,906968.3,
,,,,,GCA_000212415,
14344,,"DSM 14222, ATCC 35405, JCM 8153, CIP 103919, KCTC 15104",1,Treponema denticola,243275.7,anaerobe
,,,,,637000327,
,,,,,GCA_000008185,
23288,BR,"DSM 27366, ATCC 51939, CIP 105146, OMZ 679",1,Treponema maltophilum,1125699.3,anaerobe
,,,,,2541046974,
,,,,,GCA_000413055,
14347,FO2FA,"DSM 16260, ATCC 700770, OMZ 833",1,Treponema parvum,138851.4,anaerobe
,,,,,GCA_017893965,
14349,T3552B,"DSM 18691, NCTC 13403",1,Treponema pedis,2913380516,anaerobe
,,,,,409322.5,
,,,,,GCA_017161325,
133660,,"ATCC 700334, CIP 108088, OMZ 758",1,Treponema putidum,221027.3,anaerobe
,,,,,221027.34,
,,,,,221027.9,
,,,,,2596583603,
,,,,,GCA_000755145,
,,,,,GCA_007830595,
140273,Ru1,"DSM 103462, NCTC 13847",1,Treponema ruminis,2861310463,anaerobe
,,,,,744515.3,
,,,,,744515.4,
,,,,,GCA_014201975,
,,,,,GCA_017161305,
14341,PB,"DSM 2985, ATCC 43261, JCM 32279",1,Treponema saccharophilum,2509276055,anaerobe
,,,,,907348.3,
,,,,,GCA_000255555,
24569,,"DSM 16787, ATCC 700767, OMZ 806",0,Treponema sp.,1706820.3,anaerobe
14342,6091,"DSM 2489, ATCC 33096",1,Treponema succinifaciens,2504557012,anaerobe
,,,,,869209.3,
,,,,,869209.9,
,,,,,GCA_000195275,
5805,SZ,"DSM 17278, ATCC BAA-1151",1,Geobacter lovleyi,GCA_000020385,anaerobe
2286,ES5,DSM 23957,0,Trichococcus flocculiformis,2619618835,anaerobe
,,,,,82803.1,
,,,,,GCA_900129415,
2285,R210,"DSM 22150, JCM 31247",1,Trichococcus ilyis,1855308.3,anaerobe
,,,,,2619618824,
,,,,,2791354989,
,,,,,GCA_900067235,
,,,,,GCA_900109135,
2280,KoTa2,"DSM 2381, ATCC 35945, CCUG 37395, CIP 104580",1,Trichococcus pasteurii,2619618823,anaerobe
,,,,,43064.15,
,,,,,GCA_900112935,
2284,PmagG1,"DSM 18806, ATCC BAA-756, CIP 108035, JCM 12176",1,Trichococcus patagoniensis,2737471637,anaerobe
,,,,,382641.5,
,,,,,GCA_003051085,
218,Murakami,"DSM 19515, ATCC BAA-1522, JCM 14813, CCUG 58417, CIP 110059, KCTC 15151",1,Trueperella abortisuis,2923491830,anaerobe
212,"84, C-100, 84 (C.100)","DSM 20630, ATCC 19411, CCUG 13230, CIP 103129, LMG 16162, NCTC 5224",1,Trueperella pyogenes,1661.41,anaerobe
,,,,,1661.79,
,,,,,2824226513,
,,,,,2835018212,
,,,,,GCA_014191445,
,,,,,GCA_900460345,
5374,,"DSM 14220, NCCB 100008, MOL 361",1,Turicibacter sanguinis,154288.56,anaerobe
131516,YL45,"DSM 26109, KCTC 15542",1,Turicimonas muris,2757320705,anaerobe
,,,,,GCA_002221595,
,,,,,GCA_016696765,
2511,LD64,DSM 11001,0,unclassified bacterium,1798184.3,anaerobe
,,,,,1798184.6,
,,,,,2608642105,
,,,,,GCA_900101015,
,,,,,GCA_905235985,
2675,,"DSM 4029, ATCC 29733, VPI C48-50",0,unclassified bacterium,1507.3,anaerobe
,,,,,1882754.4,
,,,,,2695420950,
,,,,,GCA_000466605,
,,,,,GCA_900129515,
23392,NapHS2,DSM 14454,0,unclassified bacterium,88274.4,anaerobe
5268,PPC9,"DSM 21480, CCUG 51432, NRRL B-41357, CIP 109559, CCM 8415",1,Vagococcus elongatus,180344.3,anaerobe
,,,,,2894097338,
,,,,,GCA_003987645,
24770,"Ra 1766F, Ra1766G1","DSM 24848, JCM 17997",1,Vallitalea guaymasensis,GCA_018141425,anaerobe
24771,FatNI3,"DSM 25904, JCM 18391",1,Vallitalea pronyensis,GCA_018141445,anaerobe
210,R12359,"DSM 15806, CCUG 44998, CIP 107344",1,Varibaculum cambriense,1123488.3,anaerobe
,,,,,2524614732,
,,,,,GCA_000420065,
17169,KON,"DSM 20739, ATCC 17744, CCUG 56974, KCTC 3696, NCTC 11830, CIP 107996, AIP 10216",1,Veillonella atypica,1128111.23,anaerobe
,,,,,1128111.3,
,,,,,1128111.52,
,,,,,2529292891,
,,,,,2847159969,
,,,,,39777.29,
,,,,,GCA_000318355,
,,,,,GCA_002959915,
,,,,,GCA_900460235,
17170,PV1,"CCUG 54949, CIP 108004, DSM 20738, ATCC 33540, AIP 10220",1,Veillonella caviae,248316.3,anaerobe
,,,,,2868209962,
,,,,,GCA_003992125,
17171,HV-1,"DSM 20734, ATCC 17747, CCUG 56973, KCTC 3697, NCTC 12020, JCM 6511, CIP 107994, AIP 10217",1,Veillonella criceti,103891.3,anaerobe
,,,,,2838785244,
,,,,,GCA_900460315,
17179,"RBV106, RBV 106","JCM 15641, DSM 19009, CCUG 54362, CIP 109448, KCTC 15017",1,Veillonella denticariosi,1298594.3,anaerobe
,,,,,1298594.4,
,,,,,2734481902,
,,,,,GCA_001312465,
,,,,,GCA_002959855,
17172,ERN,"CCUG 54948, NCTC 11831, DSM 20735, ATCC 17748, CIP 108002, AIP 10221",1,Veillonella dispar,2841244012,anaerobe
,,,,,39778.224,
,,,,,546273.14,
,,,,,546273.3,
,,,,,643886074,
,,,,,GCA_000160015,
,,,,,GCA_900637515,
158785,"TSD-88, T11011-4","JCM 31738, ATCC TSD-88",1,Veillonella infantium,1911679.3,anaerobe
,,,,,2882408160,
,,,,,GCA_002959895,
17181,lac18,"DSM 19857, CCUG 55454, CIP 109767, JCM 15053",1,Veillonella magna,1123489.3,anaerobe
,,,,,2523231015,
,,,,,GCA_000428745,
17177,,"DSM 17217, CCUG 48299, CIP 107992, ADV 281.99, AIP 299.01, KCTC 15018",1,Veillonella montpellierensis,1123490.3,anaerobe
,,,,,2526164510,
,,,,,GCA_000426745,
17173,259,"DSM 2007, ATCC 17745, NCTC 11809, CCUG 5122",0,Veillonella parvula,647000331,anaerobe
,,,,,686660.3,
,,,,,GCA_000177435,
155853,,CCUG 59474,0,Veillonella parvula,768727.3,anaerobe
17174,Te3,"CCUG 5123, ATCC 17742, DSM 2008, ATCC 10790, JCM 12972, NCTC 11810",1,Veillonella parvula subsp. parvula,2814123216,anaerobe
,,,,,29466.62,
,,,,,479436.6,
,,,,,646311965,
,,,,,GCA_000024945,
,,,,,GCA_900186885,
17175,RV-12x,"DSM 20736, ATCC 17746, CCUG 56038, NCTC 12019, JCM 6512, CIP 108003, AIP 10219",1,Veillonella ratti,103892.4,anaerobe
,,,,,2868207868,
,,,,,GCA_003992115,
17176,HV 19,"DSM 20737, ATCC 17743, NCTC 12018",1,Veillonella rodentium,248315.3,anaerobe
,,,,,2814123218,
,,,,,GCA_900187285,
17178,CF100,"DSM 18960, CCUG 54233, KCTC 5967, JCM 15642",1,Veillonella rogosae,1298595.4,anaerobe
,,,,,1298595.6,
,,,,,2734481903,
,,,,,GCA_001312485,
,,,,,GCA_002959775,
136700,"strain 22/08/02-B-4313, AIP269.02","CIP 107810, CCUG 65427, DSM 111052, LMG 28162, ADV 4313.2",1,Veillonella seminalis,1502943.44,anaerobe
,,,,,GCA_008830375,
132910,B16,"DSM 104750, ATCC BAA-2400, JCM 17976",1,Veillonella tobetsuensis,GCA_001078375,anaerobe
159488,WCA-693-APC-MOT-I,"DSM 107250, JCM 34420",1,Velocimicrobium porci,2606634.3,anaerobe
,,,,,GCA_009696045,
,,,,,VUMT00000000,
17370,Cello,"DSM 14823, ATCC BAA-548, CCUG 54625",1,Victivallis vadensis,172901.3,anaerobe
,,,,,2756170241,
,,,,,GCA_003096415,
158739,P2-C2,"CGMCC 1.16138, NBRC 113014",1,Virgibacillus indicus,GCA_002266285,anaerobe
159776,P3-H5,"CGMCC 1.16139, NBRC 113015",1,Virgibacillus profundi,GCA_002287375,anaerobe
570,R-16993,"DSM 16317, LMG 22165",1,Viridibacillus arvi,263475.9,anaerobe
,,,,,2651869790,
,,,,,GCA_001274945,
10510,389,"DSM 21247, LMG 25302",1,Vogesella mureinivorans,2894007314,anaerobe
,,,,,657276.3,
,,,,,GCA_007644035,
11750,146/s8/89,"DSM 15535, CCUG 47537, CIP 108408",1,Volucribacter amazonae,GCA_029783845,anaerobe
1402,BR,"DSM 14931, JCM 12998",1,Vulcanibacillus modesticaldus,GCA_001730235,anaerobe
17021,IC-017,"DSM 14429, JCM 11212, NBRC 100878",1,Vulcanisaeta distributa,572478.1,anaerobe
,,,,,648028062,
,,,,,GCA_000148385,
17022,IC-059,"DSM 14430, JCM 11219, NBRC 100879",1,Vulcanisaeta souniana,1293586.5,anaerobe
,,,,,1293586.8,
,,,,,2681813013,
,,,,,GCA_001316025,
,,,,,GCA_014646555,
6845,G1,"CCUG 33457, LMG 9469, DSM 20190, ATCC 35410, JCM 1114, BCRC 14050, CECT 573, CGMCC 1.2440, CIP 103005, NCIMB 702781, NRIC 1627, VTT E-98965",1,Weissella halotolerans,1123500.3,anaerobe
,,,,,1123500.6,
,,,,,2522572202,
,,,,,2690315969,
,,,,,GCA_000420365,
,,,,,GCA_001436865,
6846,"L250, L 250","DSM 20593, ATCC 51149, NCFB 2753, CCUG 32237, JCM 5817, BCRC 14624, CECT 4307, CGMCC 1.2474, CIP 102809, LMG 14471, LMG 18979, LMG 9481, NCIMB 702753, NRIC 1628, NCDO 2753",1,Weissella kandleri,1616.3,anaerobe
,,,,,2700989265,
,,,,,GCA_001438705,
6854,S-5623,"DSM 15830, CCUG 47134, CIP 107634, JCM 11263, KCCM 41516, KCTC 3621",1,Weissella koreensis,1123721.3,anaerobe
,,,,,GCA_000277645,
6847,3,"CCUG 30668, DSM 20014, ATCC 35412, JCM 1168, BCRC 14049, CECT 572, CIP 102978, KCTC 3604, LMG 9847, NCFB 1973, NCIMB 702780, NRIC 1625, NCDO 1973",1,Weissella minor,1620.3,anaerobe
,,,,,2671181108,
,,,,,GCA_001437425,
6853,"Mi268, Mi 268","DSM 14420, LMG 20113, CCUG 46608, JCM 12536, KCTC 3789, NBRC 106074, CIP 107584",1,Weissella soli,155866.8,anaerobe
,,,,,155866.9,
,,,,,GCA_007991555,
,,,,,GCA_012396465,
6855,FS61-1,"DSM 15832, HSCC 1412, JCM 10695, NRIC 0298, TISTR 1384, CCUG 46557, CIP 106751, KCTC 3751, PCU 210, NBRC 109621",1,Weissella thailandensis,2849979616,anaerobe
,,,,,89061.3,
,,,,,89061.4,
,,,,,89061.5,
,,,,,89061.6,
,,,,,GCA_003363255,
,,,,,GCA_005405465,
,,,,,GCA_007992575,
,,,,,GCA_012396385,
6116,,"DSM 1740, ATCC 29543, JCM 31913, CCUG 13145, CCUG 12550, LMG 7466, CIP 103760, KCTC 5018, LMG 7608, NCTC 11488",1,Wolinella succinogenes,273121.8,anaerobe
,,,,,2836966179,
,,,,,637000341,
,,,,,844.5,
,,,,,GCA_000196135,
,,,,,GCA_900637325,
12545,KB3,"DSM 17970, JCM 13648",1,Prevotella oryzae,2509276029,anaerobe
,,,,,915438.3,
,,,,,GCA_000585355,
23863,232.1,"DSM 24749, ATCC BAA-2257",1,Youngiibacter fragilis,2582580929,anaerobe
,,,,,GCA_000495435,
17676,PeC1,"DSM 6139, ATCC 49731, JCM 19730",1,Youngiibacter multivorans,2913345020,anaerobe
,,,,,937251.3,
,,,,,GCA_017873395,
14289,pZM01 to pZM06,"DSM 424, ATCC 10988, NCIB 8938, NRRL B-806, IMG 1655, JCM 20722, CIP 102538, IAM 12663, ICPB 2463, NCIMB 8938, LMG 404",1,Zymomonas mobilis,555217.15,anaerobe
,,,,,555217.16,
,,,,,555217.17,
,,,,,555217.18,
,,,,,555217.19,
,,,,,555217.2,
,,,,,555217.21,
,,,,,555217.22,
,,,,,555217.23,
,,,,,555217.24,
14290,AN0101,"DSM 18599, CIP 108684, LMG 22974",1,Zymomonas mobilis subsp. francensis,2811994955,anaerobe
,,,,,GCA_006715975,
14291,Z 6,"DSM 3580, ATCC 29191, IFO 13756, NBRC 13756, NCIB 11199, JCM 10190, CCM 2770, CECT 560, LMG 445, LMG 452, LMG 454, LMG 467, NCIMB 11199, NRRL B-4490",0,Zymomonas mobilis subsp. pomaceae,120045.8,anaerobe
,,,,,2634166410,
,,,,,627344.13,
,,,,,627344.14,
,,,,,627344.15,
,,,,,627344.8,
,,,,,GCA_000277755,
,,,,,GCA_006539365,