ID,designation_header,strain_number_header,is_type_strain_header,species,Genome seq. accession number,Oxygen tolerance
7517,CSC,"DSM 14247, CCUG 49701, NBRC 107788, CIP 109141, JCM 14300",1,Acaricomes phytoseiuli,1120917.3,obligate aerobe
,,,,,2517572146,
,,,,,GCA_000376245,
2,L 40,"DSM 3508, ATCC 15973, NCIB 8621, CCUG 18122, LMG 1261-t1, LMG 1261 1, CCTM 3043, NBRC 14818, JCM 7641, BCRC 11688, CCM 3620, CECT 298, CGMCC 1.1809, CIP 103111, ICMP 8807, IFO 14818, LMD 23.1, LMG 1261, LMG 1504, NCCB 23001, NCIMB 8621, VTT E-042567, VTT E-97828",1,Acetobacter aceti,2547132264,obligate aerobe
,,,,,2784746776,
,,,,,887700.1,
,,,,,887700.6,
,,,,,887700.7,
,,,,,GCA_000193495,
,,,,,GCA_000963905,
,,,,,GCA_004341595,
12,,"DSM 14362, ATCC 23765, LMG 1625, NCIMB 8894, JCM 17273, CIP 107722, VTT E-042461",1,Acetobacter cerevisiae,178900.5,obligate aerobe
,,,,,2724679583,
,,,,,GCA_001580535,
15,4H-1,"DSM 15549, IFO 16605, JCM 11196, NBRC 16605, NRIC 0482, CIP 107380",1,Acetobacter cibinongensis,1231339.3,obligate aerobe
,,,,,146475.5,
,,,,,2901808964,
,,,,,GCA_000963925,
,,,,,GCA_007989305,
13,,"DSM 14337, CIP 108768, LMG 1746, JCM 17274, ATCC 14337, BCRC 17641, VTT E-042462",1,Acetobacter malorum,178901.12,obligate aerobe
,,,,,2713897233,
,,,,,GCA_001580615,
19,B13,"DSM 23926, CECT 5830, LMG 21952, CIP 109171",1,Acetobacter oeni,2829864053,obligate aerobe
,,,,,304077.8,
,,,,,304077.9,
,,,,,GCA_011516825,
,,,,,GCA_014196315,
16,21F-2,"DSM 15550, IFO 16606, NBRC 16606, NRIC 0481, JCM 11195, CIP 107379",1,Acetobacter orientalis,1231341.3,obligate aerobe
,,,,,146474.1,
,,,,,2899144674,
,,,,,GCA_000963965,
,,,,,GCA_007989335,
11,,"DSM 11825, LTH 2458, CIP 105762",1,Acetobacter pomorum,2828617574,obligate aerobe
,,,,,65959.23,
21,CWBI-B418,"DSM 18889, LMG 23690",1,Acetobacter senegalensis,2728368907,obligate aerobe
,,,,,446692.4,
,,,,,GCA_001580995,
14,9H-2,"DSM 15548, IFO 16604, JCM 11197, NBRC 16604, NRIC 0483, CIP 107378",1,Acetobacter syzygii,1231343.3,obligate aerobe
,,,,,146476.13,
,,,,,2905254764,
,,,,,GCA_000964225,
,,,,,GCA_007989285,
318,"12, 55B","DSM 30026, ATCC 15173, NCTC 8582, CCUG 407, LMG 1231, CIP 77.15, JCM 5490, LMG 3510, CECT 449, BCRC 12838, BCRC 14342, CCM 3427, CGMCC 1.1800, IAM 12370, IFO 15125, JCM 9657, NBRC 15125, NCIMB 11961, VTT E-991293, NCIB 11961",1,Achromobacter denitrificans,1255278.4,obligate aerobe
,,,,,2731957627,
,,,,,2811995195,
,,,,,32002.3,
,,,,,32002.36,
,,,,,32002.39,
,,,,,GCA_001571365,
,,,,,GCA_900444675,
,,,,,GCA_902859715,
136807,Aulb.court,"CIP 60.83, CCUG 61949, LMG 1860, JCM 20672, IAM 12595",0,Achromobacter denitrificans,32002.37,obligate aerobe
,,,,,GCA_902859985,
322,,"DSM 23807, CCUG 47057, LMG 6003, CIP 108202, API 201-3-84, Gilardi 3038",1,Achromobacter insolitus,217204.13,obligate aerobe
,,,,,217204.3,
,,,,,217204.5,
,,,,,2751185845,
,,,,,2855745187,
,,,,,GCA_001971645,
,,,,,GCA_002209555,
,,,,,GCA_902859615,
136829,,"CIP 60.81, ATCC 13138, JCM 20671, IAM 12594, LMG 3415, JCM 9658",0,Achromobacter mucicolens,1389922.7,obligate aerobe
,,,,,GCA_902859995,
320,366-5,"DSM 10342, ATCC 43552, CIP 60.75, IAM 12591, LMG 1873, JCM 20668, CGMCC 1.10399, NBRC 102461, NCTC 11970, CCUG 724, NBIMCC 557, Hugh 366-5",1,Achromobacter piechaudii,1216977.3,obligate aerobe
,,,,,2681812971,
,,,,,72556.17,
,,,,,GCA_001571245,
,,,,,GCA_902859685,
309,,"DSM 653, ATCC 15749, CCUG 38886, LMG 1866, JCM 20676, CGMCC 1.10394, CIP 77.26, IAM 12600, IAM 12693, IAM 12694, JCM 20751, JCM 20752, NCIMB 11475, VKM B-1333, CCM 7494",1,Achromobacter ruhlandii,72557.63,obligate aerobe
,,,,,GCA_902859695,
323,,"CIP 108199, DSM 23806, CCUG 47062, LMG 5911, API 198-2-84",1,Achromobacter spanius,217203.1,obligate aerobe
,,,,,217203.24,
,,,,,2802429335,
,,,,,GCA_002812705,
,,,,,GCA_902859605,
136825,,"CIP 71.33, JCM 9660, ATCC 27062, IAM 12685, LMG 3429, NCTC 10808",0,Achromobacter xylosoxidans,2841492466,obligate aerobe
,,,,,85698.131,
,,,,,GCA_900475575,
297,KM543,"DSM 2402, ATCC 27061, DSM 10346, NRRL 84082, CCUG 56438, CIP 71.32, NCTC 10807, LMG 1863, CCM 2741, IFO 15126, NCIMB 12033, JCM 9659, CCUG 12689, CECT 467, CECT 927, IAM 12684, NBRC 15126, NRRL B-4082, NCIB 12033",1,Achromobacter xylosoxidans subsp. xylosoxidans,1216976.3,obligate aerobe
,,,,,1216976.8,
,,,,,2558309085,
,,,,,2667527485,
,,,,,2731957707,
,,,,,85698.244,
,,,,,85698.28,
,,,,,GCA_000508285,
,,,,,GCA_001457475,
,,,,,GCA_001598595,
166226,G45-3,"CGMCC 1.16069, KCTC 62275",1,Acidibrevibacterium fodinaquatile,2841042143,obligate aerobe
,,,,,GCA_003352165,
159192,CJ-2,"DSM 105150, KCTC 4683",1,Acidithiobacillus sulfuriphilus,1867749.3,obligate aerobe
,,,,,2840828123,
,,,,,GCA_003721225,
2900,P1G31,"DSM 16745, CFBP 3232, CCUG 64016, CIP 107058",1,Acidovorax anthurii,2636415976,obligate aerobe
,,,,,78229.3,
2891,,"DSM 7227, ATCC 19860, ICMP 3183, ICPB PA117, NCPPB 1011, CCUG 15838, LMG 2117, CIP 106500, JCM 20985, CFBP 2425, IAM 13658",1,Acidovorax avenae,643561.4,obligate aerobe
,,,,,650716004,
,,,,,GCA_000176855,
2902,,"DSM 17101, ATCC 33619, CFBP 2423, ICMP 2826, ICPB PC21, LMG 2364, NCPPB 961, NRRL B835, CCUG 21975, NRRL B-835, CIP 106435, LMG 5286",1,Acidovorax cattleyae,2634166355,obligate aerobe
,,,,,80868.3,
,,,,,GCA_900104515,
2888,,"DSM 649, ATCC 11228, CCUG 2113, LMG 6221, LMG 2193, CCM 4561, CIP 103302, NCIMB 9938",1,Acidovorax facilis,GCA_023913775,obligate aerobe
2893,K2,"DSM 7481, ATCC 33996, CCUG 17394, ICMP 7733, LMG 5691, JCM 2397, CIP 106439, CFBP 4460, NCPPB 3698",1,Acidovorax konjaci,2634166315,obligate aerobe
,,,,,32040.4,
,,,,,GCA_900112675,
135927,,"CIP 106433, CCUG 15836, LMG 1806, NCPPB 1392, ATCC 19882, ICMP 3960, CFBP 2426",0,Acidovorax oryzae,1408420.3,obligate aerobe
,,,,,2563366540,
,,,,,GCA_000687165,
2892,,"DSM 7270, ATCC 49665, CCUG 11779, LMG 7169, CIP 103457, CCM 4562",1,Acidovorax temperans,2818991434,obligate aerobe
,,,,,80878.16,
,,,,,GCA_006716905,
2899,,"DSM 16619, CFBP 4730, NCPPB 4283, CIP 107997",1,Acidovorax valerianellae,187868.3,obligate aerobe
,,,,,2615840716,
,,,,,GCA_900102625,
8093,"2208, 81","DSM 30007, ATCC 19606, CIP 70.34, DSM 6974, JCM 6841, CCUG 19096, CGMCC 1.6769, IAM 12088, KCTC 2508, LMG 1041, LMG 10545, NBRC 109757, NCIMB 12457, NCTC 12156",1,Acinetobacter baumannii,1236532.3,obligate aerobe
,,,,,2534682196,
,,,,,2585427930,
,,,,,2609460113,
,,,,,2700989282,
,,,,,2916668946,
,,,,,470.10973,
,,,,,470.11567,
,,,,,470.11738,
,,,,,470.11739,
8095,,"DSM 30011, ATCC 23220, NCIMB 8208, NRRL B-551, CIP 68.38, LMG 1049, NCDO 709",0,Acinetobacter baumannii,470.3048,obligate aerobe
,,,,,GCA_001936675,
,,,,,GCA_022466815,
132687,"Piéchaud 5377, Piéchaud strain Rochefort","DSM 105126, ATCC 17978, CIP 53.77, LMG 1025, NCDC KC755, Bouvet and Grimont 8",0,Acinetobacter baumannii,2671180557,obligate aerobe
,,,,,2860756204,
,,,,,400667.121,
,,,,,400667.143,
,,,,,400667.7,
,,,,,400667.79,
,,,,,400667.8,
,,,,,400667.91,
,,,,,400667.92,
,,,,,400667.93,
135661,,"CIP 70.10, ATCC 15151",0,Acinetobacter baumannii,2684623147,obligate aerobe
,,,,,470.1738,
,,,,,470.4461,
,,,,,GCA_001457535,
138562,7788,"CIP 70.32, ATCC 17961",0,Acinetobacter baumannii,470.12449,obligate aerobe
,,,,,470.2202,
,,,,,GCA_015910475,
139048,,"CIP 70.22, ATCC 17945",0,Acinetobacter baumannii,470.3102,obligate aerobe
,,,,,GCA_001997285,
8126,B2,"DSM 14961, CIP 107474, CCUG 50765, CCM 7195",1,Acinetobacter baylyi,1120924.3,obligate aerobe
,,,,,1120924.5,
,,,,,2556921654,
,,,,,2565956683,
,,,,,GCA_000368685,
,,,,,GCA_000621045,
8141,58a,"DSM 22901, CCM 7266, CCUG 51249, JCM 18990, NIPH 838, LUH 4759, CIP 110307, GTC 14628, LMG 25324, NBRC 112579",1,Acinetobacter beijerinckii,1217648.3,obligate aerobe
,,,,,2565956701,
,,,,,262668.4,
,,,,,2671180604,
,,,,,GCA_000369005,
,,,,,GCA_000931715,
8145,69,"DSM 25435, ATCC 17924, CIP 70.12, LMG 1003, NIPH 521, CCUG 26493, ATCC 13702, NCIMB 9019",1,Acinetobacter bereziniae,1217650.3,obligate aerobe
,,,,,2547132297,
,,,,,2565956640,
,,,,,981324.3,
,,,,,GCA_000248295,
,,,,,GCA_000368925,
8131,"4BO2, 4B02","CCUG 50766, DSM 14964, CIP 107468, JCM 18991, CCM 7196, GTC 3697, KCTC 12414, NBRC 112580",1,Acinetobacter bouvetii,1120925.3,obligate aerobe
,,,,,1120925.4,
,,,,,202951.3,
,,,,,202951.7,
,,,,,2517093005,
,,,,,2565956682,
,,,,,2660238193,
,,,,,GCA_000368865,
,,,,,GCA_000373725,
,,,,,GCA_001485025,
8140,5YN5-8,"DSM 18516, CIP 110357, KACC 11602, CCUG 61636, CIP 110501, ANC 4119",1,Acinetobacter brisouii,1341683.3,obligate aerobe
,,,,,1341683.5,
,,,,,2579778708,
,,,,,2657245517,
,,,,,GCA_000488275,
,,,,,GCA_000931655,
8057,,"DSM 30006, ATCC 23055, CIP 81.08, CIP 81.8, LMD 22.16, CCUG 12804, LMG 1046, IFO 13718, Delft L360, JCM 6842, CECT 441, IAM 12087, KCTC 2357, LMG 10511, NBIMCC 3730, NBRC 13718, NCCB 22016, NCIMB 10694, NCTC 12983, VTT E-981117, LMD 98116",1,Acinetobacter calcoaceticus,2534682017,obligate aerobe
,,,,,2547132303,
,,,,,2660238279,
,,,,,471.18,
,,,,,471.46,
,,,,,981331.3,
,,,,,981331.5,
,,,,,GCA_000248175,
,,,,,GCA_000368965,
,,,,,GCA_000931735,
164592,WCHAc060005,"JCM 33509, CCTCC AB 2019139, GDMCC 1.1622",1,Acinetobacter chengduensis,GCA_003664645,obligate aerobe
,,,,,RCHC00000000,
141331,,"CCUG 887, ATCC 17905, NCTC 10304, CIP 64.2, CNCTC 7582, NIPH 1860",0,Acinetobacter colistiniresistens,1217694.3,obligate aerobe
,,,,,2547132309,
,,,,,2565956660,
,,,,,981224.3,
,,,,,GCA_000248215,
,,,,,GCA_000369645,
139534,,"CIP 110480, NIPH 3623, ANC 3623, CCUG 67960, CCM 8635",1,Acinetobacter courvalinii,1217698.3,obligate aerobe
,,,,,2565956649,
,,,,,280147.3,
,,,,,280147.4,
,,,,,GCA_000369785,
,,,,,GCA_008802255,
,,,,,GCA_014635545,
140606,WCHA30,"KCTC 52503, GDMCC 1.1101, CCTCC AB 2016203, DSM 107594",1,Acinetobacter defluvii,2767802242,obligate aerobe
,,,,,GCA_001704615,
8132,"9AO1, 9A01","DSM 14967, CIP 107464, CCM 7197",1,Acinetobacter gerneri,1120926.3,obligate aerobe
,,,,,2565956694,
,,,,,GCA_000368565,
,,,,,GCA_000430245,
8097,O1,"DSM 590, ATCC 11171, CCUG 2491, CIP 63.46, LMG 988, NCIB 8250, NCIMB 8250",1,Acinetobacter guillouiae,106649.19,obligate aerobe
,,,,,1217655.3,
,,,,,2565956705,
,,,,,GCA_000368145,
,,,,,GCA_008802215,
8092,2446/60,"DSM 6962, ATCC 17906, CIP 64.3, NCTC 10305, CCUG 888, KCTC 12404, CCM 2358, LMG 996, NCIMB 12458",1,Acinetobacter haemolyticus,1217659.3,obligate aerobe
,,,,,2537561554,
,,,,,2582581441,
,,,,,29430.12,
,,,,,29430.62,
,,,,,GCA_000369065,
,,,,,GCA_000430205,
,,,,,GCA_900444835,
137495,,"CIP 64.4, ATCC 17907, NCTC 10306, CCUG 891",0,Acinetobacter haemolyticus,29430.61,obligate aerobe
,,,,,GCA_900444825,
137522,,"CIP 70.27, ATCC 19194",0,Acinetobacter haemolyticus,647000202,obligate aerobe
,,,,,707232.3,
,,,,,GCA_000164055,
139603,,"CIP 53.82, ATCC 17976",0,Acinetobacter indicus,1144671.3,obligate aerobe
,,,,,2565956663,
,,,,,756892.117,
,,,,,GCA_000369465,
,,,,,GCA_013449545,
8088,3865/60,"DSM 6963, ATCC 17909, CIP 64.6, NCTC 10308, CCUG 19095, NCTC 12154, LMG 999, NCIMB 12460",1,Acinetobacter johnsonii,1217663.3,obligate aerobe
,,,,,1217663.8,
,,,,,2537561556,
,,,,,2657245534,
,,,,,40214.15,
,,,,,40214.169,
,,,,,40214.29,
,,,,,40214.47,
,,,,,GCA_000368045,
,,,,,GCA_000949655,
138934,,"CIP 68.41, ATCC 9036, IAM 1517, LMG 983, NCDO 715, NCIMB 8154, JCM 20194, NBRC 102197",0,Acinetobacter johnsonii,40214.62,obligate aerobe
,,,,,GCA_007989645,
8086,64.5,"DSM 6964, ATCC 17908, NCTC 10307, CCUG 889, KCTC 12406, CIP 64.5, CCM 2376, LMG 998, NCIMB 12459",1,Acinetobacter junii,40215.64,obligate aerobe
,,,,,GCA_900444875,
8087,17AO4,"CCUG 50767, DSM 14968, CIP 107470, CCM 7198",0,Acinetobacter junii,1217666.3,obligate aerobe
,,,,,1217666.5,
,,,,,2534682023,
,,,,,GCA_000368665,
,,,,,GCA_000430225,
139049,,"CIP 70.36, ATCC 17987, NCTC 5867",0,Acinetobacter lwoffii,28090.77,obligate aerobe
,,,,,GCA_900444925,
139604,,CIP 102136,0,Acinetobacter lwoffii,1144665.3,obligate aerobe
,,,,,2565956644,
,,,,,GCA_000369685,
139605,,"CIP 64.7, ATCC 17910, NCTC 10309",0,Acinetobacter lwoffii,1144673.3,obligate aerobe
,,,,,2565956647,
,,,,,GCA_000369745,
139606,,"CIP 70.31, ATCC 9957, CCUG 61662, LMG 985, CNCTC Mi 3/65",0,Acinetobacter lwoffii,1217667.3,obligate aerobe
,,,,,2534682025,
,,,,,GCA_000369125,
139612,,CIP 101966,0,Acinetobacter lwoffii,1144662.3,obligate aerobe
,,,,,2565956646,
,,,,,GCA_000369725,
163942,GC2,"JCM 31073, DSM 26953",0,Acinetobacter mesopotamicus,1538357.4,obligate aerobe
,,,,,GCA_011058205,
139492,,"CIP 110444, NIPH 236, CCUG 67964, CCM 8639",1,Acinetobacter modestus,1217711.3,obligate aerobe
,,,,,1776740.3,
,,,,,2565956686,
,,,,,GCA_000367965,
,,,,,GCA_014636095,
8139,,"DSM 16617, CCM 7030, CCUG 48866, LMG 21765, NIPH 384, LUH 4616, CIP 108168",1,Acinetobacter parvus,2547132305,obligate aerobe
,,,,,2565956642,
,,,,,981333.4,
,,,,,981333.9,
,,,,,GCA_000248155,
,,,,,GCA_000368025,
134448,2288,CIP 102129,0,Acinetobacter parvus,1144664.3,obligate aerobe
,,,,,2565956675,
,,,,,GCA_000368305,
139613,,CIP 102529,0,Acinetobacter parvus,1144668.3,obligate aerobe
,,,,,2565956674,
,,,,,GCA_000368325,
8146,,"CCUG 61664, NCDC KC739, DSM 25618, ATCC 19004, CIP 70.29, LMG 1035, NIPH 519, RUH 2206",1,Acinetobacter pittii,1217672.3,obligate aerobe
,,,,,2537561555,
,,,,,2667527755,
,,,,,48296.27,
,,,,,48296.505,
,,,,,GCA_000369045,
,,,,,GCA_000836015,
,,,,,GCA_024390955,
139427,,"CIP 110482, NIPH 809, CCUG 14818, CCUG 67965, CCM 8640",1,Acinetobacter proteolyticus,1217713.3,obligate aerobe
,,,,,2565956687,
,,,,,GCA_000367945,
164465,S23,"JCM 33150, KACC 19921",1,Acinetobacter pullicarnis,GCA_006352475,obligate aerobe
8147,G30,"DSM 24031, CCUG 57889, CECT 7818, LMG 26107, CIP 110305",1,Acinetobacter rudis,2671181009,obligate aerobe
,,,,,632955.6,
,,,,,GCA_000829675,
8134,,"DSM 16038, CNCTC 6736, LMG 19576, NIPH 1034, CCUG 45560, KCTC 12409, CIP 107287, LUH 5832",1,Acinetobacter schindleri,1217988.3,obligate aerobe
,,,,,2565956681,
,,,,,GCA_000368625,
139607,,CIP 101934,0,Acinetobacter schindleri,1144661.3,obligate aerobe
,,,,,2565956657,
,,,,,GCA_000369585,
8143,"B1, CR11, IBFC2009","DSM 22956, JCM 15062, KCTC 22184, CCUG 59023, KCTC 22814, CIP 110264, CCTCC AB 209162",1,Acinetobacter soli,1217676.3,obligate aerobe
,,,,,2565956696,
,,,,,2660238584,
,,,,,487316.5,
,,,,,GCA_000368705,
,,,,,GCA_000760595,
139608,,CIP 56.2,0,Acinetobacter sp.,1144672.3,obligate aerobe
,,,,,2565956668,
,,,,,GCA_000368445,
141333,,"CCUG 996, CIP 70.18, NCDC KC727, ATCC 17988, LMG 1031",0,Acinetobacter higginsii,1217700.3,obligate aerobe
,,,,,2565956678,
,,,,,GCA_000369525,
8133,4N13,"DSM 14970, CIP 107469, CCM 7199",1,Acinetobacter tandoii,1120927.3,obligate aerobe
,,,,,1120927.5,
,,,,,2556921011,
,,,,,2565956702,
,,,,,GCA_000400735,
,,,,,GCA_000621065,
8130,7N16,"DSM 14971, CIP 107465, CCUG 50768, CCM 7200",1,Acinetobacter tjernbergiae,1120928.3,obligate aerobe
,,,,,1120928.5,
,,,,,202955.4,
,,,,,2517572243,
,,,,,2565956679,
,,,,,2700989278,
,,,,,GCA_000374425,
,,,,,GCA_000488175,
,,,,,GCA_000759995,
8123,AB1110,"DSM 14962, CIP 107472, CCUG 50769, CCM 7201",1,Acinetobacter towneri,1120929.3,obligate aerobe
,,,,,1120929.6,
,,,,,2556921621,
,,,,,2565956698,
,,,,,GCA_000368785,
,,,,,GCA_000688495,
8135,,"CCUG 45559, ATCC BAA-617, KCTC 12410, CCM 7024, CIP 107286, DSM 16037, CNCTC 6735, LMG 19575, NIPH 137, LUH 3792",1,Acinetobacter ursingii,108980.91,obligate aerobe
,,,,,2547132306,
,,,,,2565956639,
,,,,,981336.4,
,,,,,981336.6,
,,,,,GCA_000248135,
,,,,,GCA_000368825,
8144,"RAG-1, Vaneechoutte ACI 403","KCTC 2702, BCRC 14357, DSM 23050, ATCC 31012, CCUG 45561, LMG 19082, LUH 3904, NIPH 1925, CIP 110063",1,Acinetobacter venetianus,2551306081,obligate aerobe
,,,,,2565956684,
139493,,"CIP 110483, NIPH 2168, RUH 65, CCUG 67967, CCM 8642",1,Acinetobacter vivianii,1217706.3,obligate aerobe
,,,,,1776742.3,
,,,,,2565956661,
,,,,,GCA_000369705,
,,,,,GCA_014635885,
13192,"Y388=As 4.1159, Y-388","DSM 43889, IFO 14455, IMET 43868, JCM 6095, NBRC 14455, NRRL B-16252, CGMCC 4.1159, CIP 106755, KCCM 12121, VKM Ac-1271, AS 4.1159",1,Actinoalloteichus caeruleus,1120930.3,obligate aerobe
,,,,,2524614639,
,,,,,2585427525,
,,,,,GCA_000429185,
13194,,"DSM 45092, CGMCC 4.2500, CIP 109428, JCM 13436, HPA 177, BCRC 16835, NCIMB 14383, NRRL B-24537",1,Actinoalloteichus hymeniacidonis,2615840661,obligate aerobe
,,,,,2863033670,
,,,,,340345.3,
,,,,,340345.5,
,,,,,GCA_001747425,
,,,,,GCA_014203365,
11683,"5, A51 and A65, K3844/C","DSM 22263, ATCC 15768, CCUG 27187, CIP 102633, NCTC 10851, Simmons K3844-C",1,Actinobacillus seminis,2806310645,obligate aerobe
,,,,,2834290966,
,,,,,722.6,
,,,,,722.7,
,,,,,GCA_002263215,
,,,,,GCA_900460625,
11687,130Z,"DSM 22257, ATCC 55618, CCUG 43843, CIP 106512",1,Actinobacillus succinogenes,339671.7,obligate aerobe
,,,,,640753001,
11682,1276/61,"DSM 22433, ATCC 33415, CCM 5586, CCUG 11624, CIP 103354, NCTC 12996",1,Actinobacillus suis,2597489880,obligate aerobe
,,,,,2773858066,
,,,,,716.12,
,,,,,743972.3,
,,,,,GCA_000739435,
,,,,,GCA_900187155,
7795,TT2-10,"DSM 44816, JCM 12343, PCU 235, BCRC 16831, CGMCC 4.5560, CIP 109347, NBRC 105041, NCIMB 14320",1,Actinocatenispora thailandica,227318.3,obligate aerobe
,,,,,GCA_016865425,
13206,YU 961-1,"DSM 44650, IFO 16518, NBRC 16518, JCM 11646, CIP 107896",1,Actinokineospora auranticolor,2731957505,obligate aerobe
,,,,,GCA_002934265,
13205,YU 924-101,"DSM 44649, IFO 16517, NBRC 16517, JCM 11647, CIP 107895",1,Actinokineospora enzanensis,1120934.3,obligate aerobe
,,,,,2518285603,
,,,,,GCA_000374445,
16924,SF2197,"DSM 43919, IFO 14695, JCM 6250, NBRC 14695, CGMCC 4.2100, CIP 107393, HUT 6547, IMSNU 22157, IMSNU 22161, KCTC 9620, MTCC 2560, NCIMB 12618",1,Actinomadura atramentaria,1120936.3,obligate aerobe
,,,,,2519899649,
,,,,,GCA_000381885,
16988,3.24,"DSM 44772, AS 4.1522, IFO 16341, NBRC 16341, JCM 10667, CGMCC 4.1522, CIP 107903",1,Actinomadura catellatispora,2870794168,obligate aerobe
,,,,,95160.4,
,,,,,GCA_014205085,
16966,C-36820,"DSM 43997, ATCC 49059, IFO 14204, JCM 7474, NBRC 14204, BCRC 16355, CIP 105595, IFO 15870, IMSNU 22194, KCTC 9647, LMG 29178, NBRC 15870, NCIMB 12773, NRRL B-16984, VKM Ac-1954",1,Actinomadura formosensis,1220557.3,obligate aerobe
,,,,,2731957572,
,,,,,2898624239,
,,,,,GCA_001552155,
,,,,,GCA_900659625,
16987,80-60,"DSM 44770, AS 4.1202, CIP 107902, DSM 43891, IFO 14668, JCM 6161, NBRC 14668, VKM Ac-1273, CGMCC 4.1202",1,Actinomadura glauciflava,2571042017,obligate aerobe
,,,,,GCA_024648845,
16931,S-0203,"DSM 40398, ATCC 25469, CBS 702.69, CGMCC AS 4.1382, IFO 13057, ISP 5398, JCM 4203, KCC S-0203, KCC S-0491, NBRC 13057, RIA 1249, OEU 719, BCRC 16250, CECT 3283, CGMCC 4.1382, CGMCC 4.1516, CIP 105484, IMET 9672, IMSNU 20009, JCM 4491, KCTC 9341, NRRL B-12327, VKM Ac-1509",1,Actinomadura luteofluorescens,2844792859,obligate aerobe
,,,,,46163.3,
,,,,,GCA_013409365,
16932,"FD 25934, A-0287","DSM 43862, ATCC 31286, IFO 14102, IMET 9754, JCM 3287, KCC A-0287, NBRC 14102, BCC 49509, BCRC 13378, CGMCC 4.1513, CIP 105532, IMSNU 22164, KCTC 9342, MTCC 2559, NCIMB 14303, NRRL B-16124, TBRC 2223",1,Actinomadura macra,1220564.3,obligate aerobe
,,,,,2731957575,
,,,,,GCA_001552215,
16933,,"DSM 43067, ATCC 19425, CCM 136, IAM 14277, IFO 14623, IMRU 1190, JCM 7436, NBRC 14623, NCTC 5654, CCUG 32944, CCTCC AB 2010169, CECT 3043, CGMCC 4.1224, CIP 105487, HAMBI 1926, IFM 0585, IMET 9585, KCTC 9192, MTCC 1120, NCIMB 13469, NRRL B-3843, VKM Ac-809, IFO 13909, NBRC 13909",1,Actinomadura madurae,1993.7,obligate aerobe
,,,,,2634166331,
,,,,,GCA_900115095,
16985,A290,"DSM 44485, NRRL B-24203, JCM 13236, CIP 108420",1,Actinomadura mexicana,134959.3,obligate aerobe
,,,,,2724679706,
,,,,,GCA_900188105,
16989,A288,"DSM 44715, NRRL B-24247, JCM 13237, CIP 108410",1,Actinomadura meyerae,240840.3,obligate aerobe
,,,,,2700988714,
,,,,,GCA_900188445,
16986,"FH-A 1198, ID 90-506, FH A 1198","DSM 44197, CIP 108365, NRRL B-24153, HAG 010767, JCM 13238, CPCC 201670",1,Actinomadura namibiensis,182080.3,obligate aerobe
,,,,,2861542065,
,,,,,GCA_014138665,
16950,A19,"DSM 43383, ATCC 33385, JCM 3388, NCTC 4162, CCUG 38891, CIP 105483, HUT 6549, IAM 12634, IMET 9693, IMSNU 22169, KCTC 9110, NBRC 103052, NRRL B-3997",1,Actinomadura pelletieri,1120940.3,obligate aerobe
,,,,,2728369498,
,,,,,GCA_003634705,
16970,2991,"DSM 43750, ATCC 49883, IFO 15178, IMET 9705, JCM 7345, NBRC 15178, BCRC 16817, CIP 105486, IFO 15275, IMSNU 22192, INMI 2991, KCTC 9493, NBRC 15275, VKM Ac-1470",0,Actinomadura viridilutea,1220567.3,obligate aerobe
,,,,,2731957576,
,,,,,GCA_001552235,
7841,GW8-1761,"CCUG 53409, DSM 45050, CIP 109316, JCM 15999, NBRC 106145",1,Actinoplanes couchii,2917960780,obligate aerobe
,,,,,403638.3,
,,,,,GCA_016862075,
11158,IM 7744,"DSM 22024, CIP 107343, JCM 10761, KCTC 19907, NBRC 100040, NRRL B-24113, NCIMB 14324",1,Actinopolymorpha singaporensis,117157.3,obligate aerobe
,,,,,2636416006,
,,,,,GCA_900104745,
385,,"DSM 23814, CCUG 45225, LMG 22250, CIP 108657",1,Advenella incenata,267800.3,obligate aerobe
,,,,,2802429727,
,,,,,GCA_004217095,
166411,,"KACC 15529, NBRC 108213, IMCC 3088",1,Aequoribacter fuscus,GCA_009910365,obligate aerobe
139658,,"CIP 107457, DSM 14231, LMG 21431, ACAM 640",1,Aequorivita antarctica,153266.3,obligate aerobe
,,,,,2835100215,
,,,,,GCA_900489835,
5477,3-Sep,"DSM 14238, ACAM 643, CIP 107454, LMG 21432",1,Aequorivita sublithincola,2509276063,obligate aerobe
,,,,,746697.3,
,,,,,GCA_000265385,
158560,N.8,"KCTC 33824, JCM 31580",1,Aeribacillus composti,1868734.3,obligate aerobe
,,,,,2802428823,
,,,,,GCA_007827555,
133328,9H-4,"ZIM B1021, LMG 29165, CCM 8650, JCM 32379",1,Aeromicrobium choanae,2708742384,obligate aerobe
,,,,,GCA_900167475,
11057,T2,"DSM 15272, LMG 21768, JCM 13314, CIP 108216",1,Aeromicrobium marinum,585531.4,obligate aerobe
,,,,,645951844,
,,,,,GCA_000160775,
11063,SSW1-57,"DSM 19087, JCM 13811, NRRL B-24466, CIP 109549",1,Aeromicrobium tamlense,2833982808,obligate aerobe
,,,,,375541.3,
,,,,,GCA_013408555,
437,JC2043,"DSM 15266, KCTC 12043, IMSNU 14007, CIP 108412",1,Aestuariibacter halophilus,GCA_020687825,obligate aerobe
438,JC2042,"DSM 15300, KCTC 12042, IMSNU 14006, CIP 108413",1,Aestuariibacter salexigens,1120953.3,obligate aerobe
,,,,,2524614540,
,,,,,GCA_000429145,
12671,R27,"DSM 21549, JCM 14204, KCTC 19182, CIP 109737",1,Aestuariimicrobium kwangyangense,1120954.3,obligate aerobe
,,,,,2523533600,
,,,,,GCA_000421525,
13874,BN 126,"DSM 2698, ATCC 35675, CIP 104405, NBRC 100434, NCIMB 2201",1,Afifella marina,1120955.3,obligate aerobe
,,,,,1120955.6,
,,,,,2595699009,
,,,,,GCA_003258905,
,,,,,GCA_016584015,
,,,,,GCA_900102695,
1780,B91-007286,"DSM 7327, ATCC 49717, CCUG 30458, CIP 103517",1,Afipia broomeae,2537561905,obligate aerobe
,,,,,883078.3,
,,,,,GCA_000314675,
1778,"B-91-007352, CSD1, CSD 1","DSM 7326, ATCC 53690, CCUG 30456, CIP 103515",1,Afipia felis,2537561903,obligate aerobe
,,,,,883080.3,
,,,,,GCA_000314735,
133657,,"IAM 14998, LMG 21761, MKT 106, JCM 21469, NBRC 102603, CIP 108457",1,Agarivorans albus,182262.5,obligate aerobe
,,,,,GCA_000414175,
,,,,,GCA_019670105,
7249,DL-4,"DSM 14575, UCM Ac-620, VKM Ac-1804, JCM 12206, IAM 15124, IAM 15138, NBRC 103053, CIP 108057",1,Agreia bicolorata,GCA_000938265,obligate aerobe
7248,P229/10,"DSM 14246, LMG 21000, JCM 12145, CIP 108226, IAM 15151, IAM 15171, LMG 19918, NBRC 103054, VKM Ac-2510",1,Agreia pratensis,GCA_900177685,obligate aerobe
13580,,"DSM 30147, ATCC 19358, IFO 13532, NBRC 13532, NCIB 9042, CCUG 3354, IAM 12048, EX 3.24.2 (L 624), JCM 20371, BCRC 10372, CECT 4112, CIP 104325, HAMBI 1814, ICMP 5785, KACC 10798, KCTC 22091, LMG 140, NCCB 27005, NCIMB 9042, NCPPB 3001, EX 3.24.2",1,Agrobacterium radiobacter,1336745.4,obligate aerobe
,,,,,2571042120,
,,,,,2868989325,
,,,,,2916111912,
,,,,,358.128,
,,,,,358.266,
,,,,,358.277,
,,,,,358.72,
,,,,,GCA_000421945,
,,,,,GCA_001541305,
13584,"B 6, B6","DSM 30205, ATCC 23308, CCM 1040, CIP B6, DSM 60574, ICPB TT 3, NBRC 102589, NCPPB 397, CCUG 725, CIP 67.1, LMG 187, IAM 13129, JCM 20845, CCEB 758, HAMBI 1811, ICMP 5856, ICPB TT3, LMG 28, NCPPB 2437, NCTC 13543",0,Agrobacterium radiobacter,358.254,obligate aerobe
,,,,,GCA_900455815,
137664,C58,"CIP 104333, ATCC 33970",0,Agrobacterium radiobacter,176299.53,obligate aerobe
,,,,,176299.54,
7253,V-108,"DSM 14215, CCM 4953, JCM 12132, CGMCC 1.7256, CIP 107635, IAM 15147, NBRC 103055",1,Agrococcus baldri,153730.4,obligate aerobe
,,,,,153730.5,
,,,,,2623620613,
,,,,,GCA_900114805,
7256,"R-17892t 2, R-17892t2","DSM 18061, CIP 109629, LMG 22410, JCM 14916",1,Agrococcus casei,1255656.3,obligate aerobe
,,,,,2835022881,
,,,,,GCA_900163565,
7250,2002-39/1,"DSM 9580, ATCC 700087, IFO 16126, NBRC 100415, NBRC 16126, CCUG 35514, CIP 106528, JCM 9950, CGMCC 1.7260, IAM 15121, IMSNU 22118, NCIMB 13857, VKM Ac-1839",1,Agrococcus jenensis,2781126042,obligate aerobe
,,,,,46353.3,
,,,,,GCA_003752465,
7255,K22-21,"DSM 17612, MTCC 7154, JCM 14301, CGMCC 1.7259, CGMCC 1.8869, NCIMB 14388, CIP 109379",1,Agrococcus lahaulensis,1120958.3,obligate aerobe
,,,,,2524023149,
,,,,,GCA_000425105,
7271,,"DSM 15934, UCM 623, VKM Ac-1800, JCM 13565, CIP 108259, IAM 15234, IAM 15338, NBRC 103057, UCM Ac-623",1,Agromyces albus,205332.3,obligate aerobe
,,,,,2867580314,
,,,,,GCA_004134825,
7279,UMS-62,"DSM 21551, JCM 13584, KCTC 19181, CIP 109546",1,Agromyces allii,393607.3,obligate aerobe
,,,,,GCA_009749385,
7269,,"DSM 14598, AS 4.1717, CCTCC 001012, YIM 21741, JCM 12113, BCRC 16310, CCTCC AA 001012, CGMCC 4.1717, CIP 107976, IAM 15154, KCTC 9967, CCRC 16310",1,Agromyces aurantiacus,165814.3,obligate aerobe
,,,,,2893554490,
,,,,,GCA_016907355,
7282,BZ41,"DSM 22275, CGMCC 1.8984, JCM 17735, CIP 110128",1,Agromyces bauzanensis,1308924.3,obligate aerobe
,,,,,GCA_014645655,
7261,,"DSM 8595, ATCC 51762, IMET 11525, VKM Ac-1340, JCM 9083, CIP 103632, IAM 15140, IFO 15780, LMG 16155, NBRC 15780",1,Agromyces cerinus subsp. cerinus,232089.3,obligate aerobe
,,,,,2698536811,
,,,,,GCA_900142065,
7278,,"DSM 8597, ATCC 51764, IMET 11529, VKM Ac-1345, CCUG 35506, JCM 9085, CIP 103633, IAM 15142, IFO 15781, LMG 16156, NBRC 15781",1,Agromyces fucosus subsp. fucosus,GCA_004134865,obligate aerobe
7263,,"DSM 8598, ATCC 51765, IMET 11533, VKM Ac-1352, JCM 9086, CIP 103635, IAM 15143, IFO 15782, LMG 16158, NBRC 15782, JCM 9087",1,Agromyces fucosus subsp. hippuratus,2852717997,obligate aerobe
,,,,,286438.3,
,,,,,GCA_013410355,
7275,"CD 5, CD5","DSM 16389, NBRC 109085, NCIMB 14012, HKI 0327, JCM 14319, CIP 108741, IAM 15274",1,Agromyces humatus,GCA_021228295,obligate aerobe
7276,CD1,"DSM 16388, NCIMB 14011, HKI 0325, JCM 14320, IAM 15273, CIP 108740",1,Agromyces italicus,1120959.3,obligate aerobe
,,,,,2524023150,
,,,,,279572.3,
,,,,,2895207311,
,,,,,GCA_000421545,
,,,,,GCA_009749375,
7274,CD55,"DSM 16390, NCIMB 14013, HKI 0324, JCM 14321, IAM 15275, CIP 108739",1,Agromyces lapidis,279574.3,obligate aerobe
,,,,,GCA_009749405,
7266,8,"DSM 14595, IFO 16235, NBRC 16235, VKM Ac-2085, JCM 11431, CIP 107131, IAM 15144, KCTC 13907, NCIMB 13882",1,Agromyces luteolus,88373.3,obligate aerobe
,,,,,GCA_009729855,
7265,,"DSM 20152, ATCC 14004, JCM 3346, NCIB 7206, CIP 104860, IFO 15704, KCTC 3136, NBRC 15704, NCIMB 7206, VKM Ac-1388",1,Agromyces mediolanus,41986.5,obligate aerobe
,,,,,GCA_014648575,
7273,"108989, 20-5","DSM 16198, HKI 0320, JCM 14323, CIP 108989, IAM 15297, NCIMB 13989, NCIMB 13990",1,Agromyces salentinus,269421.3,obligate aerobe
,,,,,424795.3,
,,,,,GCA_009749395,
7277,Z33,"DSM 16689, NCIMB 14025, HKI 0340, JCM 14324, IAM 15298, CIP 108957",1,Agromyces subbeticus,1120960.3,obligate aerobe
,,,,,2524023187,
,,,,,GCA_000421565,
7270,XIL01,"DSM 15747, CIP 108592, LMG 21954, NBRC 109083, JCM 13315, IAM 15233",1,Agromyces ulmi,1302723.3,obligate aerobe
,,,,,2734481940,
,,,,,GCA_001313305,
132966,LZD062,"DSM 28886, JCM 30117, MCCC 1K00254",1,Ahrensia marina,2654587732,obligate aerobe
,,,,,GCA_001293565,
14116,BZ42,"DSM 22554, CGMCC 1.10187, CIP 110134",1,Albibacterium bauzanense,2734482284,obligate aerobe
,,,,,653929.4,
,,,,,GCA_004339765,
327,"16 (R. Hugh 135), 135, 16","DSM 30030, ATCC 8750, CCM 1052, CIP 60.80, IFO 13111, NBRC 13111, NCDO 868, NCIB 8156, CCUG 1814, NCTC 11953, LMG 1229, JCM 20522, BCRC 10828, CCUG 1325, CECT 928, CGMCC 1.1786, HAMBI 1907, IAM 12369, IAM 12586, JCM 1474, JCM 20663, KCTC 2678, LMG 2100, LMG 3366, LMG 3369, LMG 3371, NCAIM B.01104, NCAIM B.02076, NCIMB 8156, VKM B-1518, VTT E-97056, IMET 10443, NBIMCC 153, CIP 55.84",1,Alcaligenes faecalis subsp. faecalis,1218102.3,obligate aerobe
,,,,,1218102.4,
,,,,,134375.5,
,,,,,2600255060,
,,,,,2690316351,
,,,,,2846866227,
,,,,,511.55,
,,,,,GCA_000739855,
,,,,,GCA_001298815,
,,,,,GCA_001748345,
337,G,"DSM 13975, CCUG 48316, CIP 106866, CCM 7340",1,Alcaligenes faecalis subsp. parafaecalis,GCA_026344135,obligate aerobe
395,MACL04,"DSM 23776, CECT 5683, LMG 22508, CIP 109716",1,Alcanivorax balearicus,GCA_025532145,obligate aerobe
17699,JC2052,"DSM 15282, IMSNU 14014, KCTC 12052, CIP 108303",1,Algoriphagus ornithinivorans,226506.7,obligate aerobe
,,,,,2622736437,
,,,,,GCA_900115305,
17701,M-2Alg 14,"DSM 15360, CCUG 47094, KMM 3956, LMG 21969, CIP 108557, JCM 13505",1,Algoriphagus winogradskyi,2724679815,obligate aerobe
2906,K601,"DSM 14773, CIP 107495, CCUG 64014",1,Alicycliphilus denitrificans,596154.1,obligate aerobe
,,,,,596154.3,
,,,,,650716008,
,,,,,GCA_000204645,
414,TA-67,"DSM 14558, IAM 14935, NRIC 0496, JCM 21417, CIP 107723, NBRC 100859, NRIC 6496",1,Alicyclobacillus acidiphilus,1255277.3,obligate aerobe
,,,,,2731957568,
,,,,,GCA_001544355,
424,"3A, 3AT","DSM 14955, IAM 14988, JCM 21459, CIP 108162, NBRC 100861",1,Alicyclobacillus pomorum,1111479.4,obligate aerobe
,,,,,2513237116,
,,,,,GCA_000472905,
167924,"LzC2, LGMXXXX","LMG 31701, CECT 30038",1,Alienimonas chondri,GCA_013036045,obligate aerobe
,,,,,WTPX00000000,
133375,Y4G10-17,"CGMCC 1.15759, KCTC 52381",1,Aliidiomarina soli,2890070066,obligate aerobe
,,,,,GCA_003986975,
167643,A6024,"KCTC 72114, MCCC 1K03595",1,Aliiroseovarius marinus,GCA_004360145,obligate aerobe
,,,,,SAIT00000000,
1235,6AG,"DSM 15402, ATCC BAA-957",1,Alkalicoccus saliphilus,2889707501,obligate aerobe
,,,,,GCA_003044065,
132547,BZ-SZ-XJ18,"DSM 29145, JCM 30195",1,Alkalicoccus urumqiensis,GCA_002993335,obligate aerobe
572,1,"DSM 485, ATCC 27647, JCM 5262, NCIB 10436, NCIB 8772, NCTC 4553, CCUG 28516, NRRL B-14309, BCRC 15419, CECT 1, CGMCC 1.3604, CIP 103410, IAM 12461, IFO 15653, KCTC 1824, KCTC 3884, LMG 17938, LMG 7120, NBRC 15653, NCIMB 10436, NCIMB 8772, NRRL NRS-1548, VTT E-87298",1,Alkalihalobacillus alcalophilus,1218173.3,obligate aerobe
,,,,,1218173.9,
,,,,,2519899572,
,,,,,GCA_000292245,
,,,,,GCA_004802515,
1109,"C 324, PN 3","DSM 8715, ATCC 700159, NCIB 10283, CIP 105299, NCIMB 10283",1,Alkalihalophilus pseudofirmus,GCA_029094545,obligate aerobe
2249,,"DSM 7252, ATCC 51267, NCFB 2890, CCUG 32997, CIP 103508, CCM 4306, NCIMB 702890, IFO 1545",1,Alloiococcus otitis,2537561904,obligate aerobe
,,,,,883081.3,
,,,,,GCA_000315445,
23231,DX5-10,"DSM 26894, CGMCC 1.3455, JCM 12573, CIP 109187, NCIMB 14310",1,Alloyangia pacifica,2617270881,obligate aerobe
,,,,,2619618962,
,,,,,311180.1,
,,,,,311180.11,
,,,,,GCA_900100725,
,,,,,GCA_900116195,
159775,SH9,"JCM 32501, CCTCC AB 2017284",1,Alsobacter soli,2786546835,obligate aerobe
,,,,,GCA_003004785,
164197,M30,"JCM 32118, CGMCC 1.16739, MCC 3010",1,Alteribacter natronophilus,GCA_006007885,obligate aerobe
,,,,,VCRO01000000,
140746,5.12,"LMG 29661, MCC 3250",1,Alteromonas pelagimontana,2791355104,obligate aerobe
,,,,,GCA_002499975,
447,"ANT69a, R-15466","DSM 15691, LMG 21861, CIP 108513, ANT 69a",1,Alteromonas stellipolaris,233316.13,obligate aerobe
,,,,,233316.3,
,,,,,2687453500,
11857,"TK3001, TK 3001","DSM 7048, ATCC 23314, JCM 7852, NCIB 9039, CCUG 2081, NCTC 2871, LMG 2122, CIP 106737, NCTC 10684, BCRC 15819, CCM 4329, CFBP 6720, IAM 15264, NCCB 26039, NCIMB 9039, VKM B-2058",1,Aminobacter aminovorans,2784746775,obligate aerobe
,,,,,2808606775,
,,,,,83263.1,
,,,,,83263.12,
,,,,,GCA_004341645,
,,,,,GCA_900445235,
11861,IMB-1,"DSM 17455, ATCC 202197, CCUG 50580, CIP 108660, JCM 21751, DSM 15910, IAM 15301",1,Aminobacter ciceronei,150723.3,obligate aerobe
,,,,,150723.4,
,,,,,2861405929,
,,,,,2861419262,
,,,,,GCA_014138625,
,,,,,GCA_014138635,
11862,CC 495,"DSM 17454, CCUG 50579, CIP 108661, NCIMB 13798",1,Aminobacter carboxidus,2861412741,obligate aerobe
,,,,,305698.3,
,,,,,GCA_014207495,
13248,GY048,"DSM 44671, CIP 109398, NBRC 106146, NCIMB 14142, JCM 15587",1,Amycolatopsis australiensis,2642422517,obligate aerobe
,,,,,546364.3,
,,,,,GCA_900119165,
13241,FH 1894,"DSM 44591, JCM 12668, NRRL B-24207, CIP 108516",1,Amycolatopsis balhimycina,1089545.3,obligate aerobe
,,,,,2517434013,
,,,,,GCA_000384295,
13252,"FH 1845, NNRL B-24209","DSM 44594, JCM 12669, NRRL B-24209, CIP 108517, NCIMB 14255",1,Amycolatopsis decaplanina,1284240.4,obligate aerobe
,,,,,2545824682,
,,,,,GCA_000342005,
13265,LC2,"DSM 45164, CCTCC AB 206019, CIP 109736, IAM 15387, JCM 21831",1,Amycolatopsis echigonensis,369930.3,obligate aerobe
,,,,,GCA_014174495,
13232,NT202,"DSM 44348, NCIMB 13795, JCM 18060, BCRC 16370, CIP 107587, JCM 12071, NBRC 100338, NBRC 104161",1,Amycolatopsis thermoflava,196083.4,obligate aerobe
,,,,,2778260928,
,,,,,GCA_003752125,
13231,MG 417-CF 17,"DSM 44213, JCM 10140, CIP 106801, KCTC 9817, NRRL B-24138",1,Amycolatopsis japonica,208439.3,obligate aerobe
,,,,,208439.7,
,,,,,2585427649,
,,,,,GCA_000732925,
13245,,"DSM 44652, JCM 12670, LDDC 9447-99, NRRL B-24129, CIP 108186",1,Amycolatopsis kentuckyensis,GCA_002155975,obligate aerobe
13242,D2,"DSM 44409, CIP 107963, NRRL B-24117, JCM 12683, BCRC 16375, NCIMB 14256",1,Amycolatopsis keratiniphila subsp. keratiniphila,227715.4,obligate aerobe
,,,,,2772190668,
,,,,,GCA_001620365,
13246,,"DSM 44653, JCM 12672, LDDC 12275-99, NRRL B-24131, CIP 108185",1,Amycolatopsis lexingtonensis,218822.5,obligate aerobe
,,,,,2873422137,
,,,,,GCA_002156005,
,,,,,GCA_014873755,
13220,"Lepetit ME/83, Lepetit ME83/973, Schering 368","DSM 43304, ATCC 13685, CBS 121.63, CBS 716.72, DSM 40501, IFO 13142, IFO 13415, IMET 7651, ISP 5501, JCM 4789, KCC S-0789, LBG A 3136, NBRC 13142, NBRC 13415, NCIB 9613, NRRL B-3240, PSA 71, RIA 1376, VKM Ac-798, CIP 107074, CCUG 43144, ETH 28579, BCRC 12440, CGMCC 4.1213, IMSNU 20056, KCCM 11859, KCTC 1739, MTCC 14, NBIMCC 3395, NCIMB 9613, PCM 2320",1,Amycolatopsis mediterranei,2511231181,obligate aerobe
,,,,,GCA_000220945,
,,,,,GCA_026017845,
13259,CSC17Ta-90,"DSM 44992, CIP 109581, NRRL B-24473, HKI 0330, CSC 17TA-090, JCM 14717",1,Amycolatopsis nigrescens,2515075013,obligate aerobe
,,,,,GCA_000384315,
13215,"M 43-05865, Pittinger M43-05865, CCTMLa 2924","DSM 40040, ATCC 19795, CBS 547.68, CCM 2778, IAM 14281, IFO 12360, IFO 12806, IMET 7510, IMET 7653, IMSNU 20058, ISP 5040, JCM 4235, JCM 4600, KCC S-0235, KCC S-0600, NBRC 12360, NBRC 12806, NIHJ 483, NRRL 2450, RIA 1074, BCRC 11615, CGMCC 4.1214, CIP 107113, HUT 6592, IFM 0528, KCCM 40595, KCTC 9412, NBIMCC 2297, NCIMB 12945, VKM Ac-866",1,Amycolatopsis orientalis,1125971.3,obligate aerobe
,,,,,2554235102,
,,,,,GCA_000478275,
13254,1BDZ,"DSM 44832, AS 4.1729, PCM 2600, JCM 12460, CGMCC 4.1729, CIP 108399",1,Amycolatopsis palatopharyngis,187982.4,obligate aerobe
,,,,,2866120936,
,,,,,GCA_003385185,
13247,ARC-OV1 0181,"DSM 44654, ARC OV1 0181, JCM 12673, NRRL B-24133, CIP 108184",1,Amycolatopsis pretoriensis,218821.8,obligate aerobe
,,,,,2675903153,
,,,,,GCA_002156025,
,,,,,GCA_900107925,
13243,13.4,"DSM 44637, AS 4.1541, CIP 107102, JCM 10871, NRRL B-24150, ATCC BAA-726, CGMCC 4.1541, KCTC 19909, NBRC 100041",1,Amycolatopsis rubida,112413.4,obligate aerobe
,,,,,2675903692,
,,,,,GCA_900115345,
13235,"A1714, K24, K24T","DSM 44468, JCM 11272, CIP 107029, KCTC 9863, NBRC 100339, NCIMB 13786",1,Amycolatopsis sacchari,115433.3,obligate aerobe
,,,,,2675903226,
,,,,,GCA_900114035,
13239,"N-1165, T526","DSM 44574, CIP 106795, IFO 14333, JCM 10669, KCTC 9833, NBRC 14333, IMSNU 21194, NRRL B-24140, BCRC 16371, IFO (now NBRC) 14333",1,Amycolatopsis thermoflava,2512564010,obligate aerobe
,,,,,GCA_000473265,
159853,m18,"KACC 19229, JCM 32051",1,Amylibacter lutimaris,GCA_002860325,obligate aerobe
17403,Pla5,"DSM 2457, CIP 109301, NCIB 10516, CCUG 30553, AS 1.2800",1,Ancylobacter polymorphus,2926570559,obligate aerobe
17402,YCM 11671,"DSM 17131, AS 1.1761, JCM 11671, BCRC 17434, CGMCC 1.1761, CIP 108316, NCIMB 14355",1,Ancylobacter rudongensis,177413.3,obligate aerobe
,,,,,2596583652,
,,,,,GCA_900100155,
11380,Murayama,"DSM 5562, ATCC 12856, CIP 104007, IAM 1077, IFO 15521, JCM 9024, NBRC 15521, NRS 1589, LMG 15531, LMG 16001, NRRL NRS-1589",1,Bacillus aneurinilyticus,2563366762,obligate aerobe
,,,,,649747.3,
,,,,,GCA_000466385,
11398,"L 420-91, L420-91","DSM 10154, CIP 104816, LMG 17165",1,Aneurinibacillus thermoaerophilus,143495.3,obligate aerobe
,,,,,2634166356,
130972,,"DSM 21100, KACC 14636, KCTC 22261, LMG 24494, Gsoil 524",1,Anseongella ginsenosidimutans,2784746790,obligate aerobe
,,,,,496056.3,
,,,,,GCA_004346135,
6572,YH-15,"CCUG 53901, CIP 107675, DSM 12361, ATCC 700308, JCM 16173, LMG 18925",1,Apilactobacillus kunkeei,1423768.3,obligate aerobe
,,,,,1423768.4,
,,,,,2513237005,
,,,,,2654587709,
,,,,,2660237901,
,,,,,GCA_001281265,
,,,,,GCA_001433825,
11864,NKK,"DSM 11603, CIP 105610",1,Aquamicrobium defluvii,2770939570,obligate aerobe
,,,,,69279.8,
,,,,,GCA_004363725,
11865,S1,"DSM 11099, CIP 106844",1,Aquamicrobium lusatiense,2861229971,obligate aerobe
,,,,,89772.3,
,,,,,GCA_014201615,
137369,BH30097,"CIP 109159, JCM 12387, KCTC 3823, IBRC M 10657, IBRC-M 10657",1,Aquibacillus koreensis,GCA_025154055,obligate aerobe
,,,,,GCA_028416535,
158773,L1 8-17,"KACC 18806, JCM 31543",1,Aquicoccus porphyridii,GCA_008369105,obligate aerobe
140504,RZW4-3-2,"JCM 30824, MCCC 1K00698",1,Aquimarina aggregata,GCA_001632745,obligate aerobe
5484,,"DSM 19833, CCUG 48006, JCM 13507, KCTC 12113, KMM 3941, CIP 108496, NCIMB 14240",1,Arenibacter certesii,1121011.3,obligate aerobe
,,,,,228955.3,
,,,,,2523231023,
,,,,,GCA_000429545,
,,,,,GCA_014651295,
166366,JC631,"KCTC 72002, NBRC 114071",1,Arenibacter lacus,2891826598,obligate aerobe
,,,,,GCA_008711145,
5481,,"DSM 15913, CCUG 45454, CIP 106861, JCM 13508, KMM 426, LMG 19693, VKM B-2137D, LMG 19694",1,Arenibacter latericius,1121012.3,obligate aerobe
,,,,,2524614597,
,,,,,GCA_000424985,
17446,"CC-JY-1, CC-JY-1T","DSM 21305, CCUG 53596, CIP 109310, CCUG 53283",1,Arenimonas malthae,1384054.3,obligate aerobe
,,,,,2627854023,
,,,,,GCA_000747075,
164486,R29,"JCM 33216, KACC 19896",1,Arenimonas terrae,GCA_006265115,obligate aerobe
,,,,,SMDR00000000,
4305,"SKI4, SK14","DSM 15247, ATCC 49151, CIP 109007, CCUG 55501, LMG 12584",1,Arsenophonus nasoniae,1121018.3,obligate aerobe
,,,,,2524614872,
,,,,,GCA_000429565,
164638,SLN-3,"JCM 33723, ACCC 61595",1,Arthrobacter crusticola,2867555429,obligate aerobe
,,,,,GCA_004357995,
7521,,"DSM 20117, ATCC 15481, CCM 2386, NCIB 9499, JCM 2522, BCRC 11571, CCUG 23841, CCUG 23886, CGMCC 1.1926, CIP 102717, IAM 14588, IFO 14235, IMET 10362, KCCM 41107, KCTC 3379, LMG 3819, NBRC 14235, NCIMB 9499, VKM Ac-1107, SC 255",1,Arthrobacter crystallopoietes,2634166276,obligate aerobe
,,,,,2806310726,
,,,,,37928.1,
,,,,,37928.6,
,,,,,GCA_002849715,
,,,,,GCA_900100805,
7591,"R 5812, R5812","DSM 15046, CIP 108364, LMG 21285, CCUG 56033, JCM 13316",1,Arthrobacter gandavensis,169960.3,obligate aerobe
,,,,,GCA_009192735,
,,,,,GCA_029023805,
7522,168,"DSM 20124, ATCC 8010, NCIB 8907, JCM 1332, BCRC 10598, CCUG 12157, CCUG 28997, CCUG 51088, CCUG 581, CECT 388, CGMCC 1.1894, CIP 81.84, HAMBI 1863, HAMBI 88, IAM 12438, ICPB 3434, IFO 12137, IFO 12608, IMET 11240, IMSNU 20063, KCCM 40800, KCTC 9101, LMG 3813, MTCC 4446, NBIMCC 2369, NBRC 12137, NBRC 12608, NCIMB 8907, NRIC 0151, NRRL B-2979, PCM 2134, VKM Ac-1112",1,Arthrobacter globiformis,1077972.3,obligate aerobe
,,,,,2519899568,
,,,,,GCA_000238915,
7605,R-5117,"DSM 16403, LMG 22284, JCM 21771, CIP 108899, IAM 15322",1,Arthrobacter pigmenti,271432.3,obligate aerobe
,,,,,2831304190,
,,,,,GCA_011927905,
7598,B7,"DSM 15612, ATCC 700733, JCM 12399, CIP 107481",1,Arthrobacter psychrolactophilus,2866272416,obligate aerobe
,,,,,GCA_003219795,
158722,MDB1-42,"CGMCC 1.9772, NBRC 113088",1,Arthrobacter ruber,1258893.3,obligate aerobe
,,,,,2859220365,
,,,,,GCA_002954225,
7589,"A 1-3, A1-3","DSM 14555, GTC 863, JCM 11414, CIP 108438, NCIMB 14260",1,Arthrobacter russicus,2893550850,obligate aerobe
7612,"AC 836, AC 8.36","DSM 16005, CCM 2783, CIP 108701, JCM 14116, IAM 15316, LMG 16145",1,Arthrobacter stackebrandtii,272161.3,obligate aerobe
,,,,,272161.4,
,,,,,2918386808,
,,,,,GCA_003217635,
,,,,,GCA_017876675,
7607,R-5305,"DSM 16406, LMG 19501, JCM 21773, CIP 108900, IAM 15324, VTT E-072668",1,Arthrobacter tumbae,163874.3,obligate aerobe
,,,,,2893579105,
,,,,,GCA_016907495,
7580,,"CCUG 36790, JCM 11679, DSM 10495, CIP 104908, CUL 1808, DMMZ 1551, ATCC 700220, CCM 4575, IFM 10486, KCTC 9905, NBRC 107840",1,Arthrobacter woluwensis,1216974.3,obligate aerobe
,,,,,156980.3,
,,,,,2639762519,
,,,,,2731957570,
,,,,,GCA_001552095,
,,,,,GCA_900105345,
168166,DPMB0001,"LMG 31078, PCM 3008",1,Arthrospiribacter ruber,GCA_019343195,obligate aerobe
,,,,,RPHB00000000,
34,S60-1,"DSM 15972, CCM 7132, IFO (now NBRC) 16457, JCM 10715, KCTC 12914, MTCC 4042, NRIC 0323, IFO 16457, NBRC 16457, CIP 107278",1,Asaia siamensis,110479.3,obligate aerobe
,,,,,GCA_014635085,
164259,GH3-15,"JCM 32445, KCTC 62380",1,Aurantiacibacter suaedae,2896184354,obligate aerobe
,,,,,GCA_005434915,
141147,R14M6,"GDMCC 1.1202, KCTC 52919",1,Aurantimonas aggregata,2047720.3,obligate aerobe
,,,,,2891025999,
,,,,,GCA_010500835,
533,5715S-12,"DSM 18598, CIP 109815, KACC 11607",1,Aureimonas ureilytica,1121028.3,obligate aerobe
,,,,,1121028.4,
,,,,,2515154138,
,,,,,2834202456,
,,,,,GCA_000382705,
,,,,,GCA_001463945,
170905,UR159,"CIP 111616, DSM 105483",1,Avrilella dinanensis,GCA_002807015,obligate aerobe
,,,,,NIPO00000000,
134232,DS2,"NCCB 100108, LMG 23617, CIP 109702",1,Azospirillum canadense,2928826531,obligate aerobe
,,,,,GCA_025961225,
12725,"3, M.B. 2.3.","DSM 378, ATCC 19360, NCIB 8948, VKM B-1615, CCUG 53670, LMG 1265, BCRC 14360, CIP 106282, IAM 12683, JCM 20742, CECT 9204, ICMP 8673, NCAIM B.01800, NCIMB 8948, NRRL B-14367, NRRL B-14640",1,Azotobacter beijerinckii,170623.6,obligate aerobe
,,,,,2597490340,
,,,,,GCA_900110885,
1260,TM1,"DSM 19092, CIP 108784, JCM 12523, KCTC 10634",1,Bacillus alveayuensis,2926480455,obligate aerobe
577,,"DSM 1314, NCIB 8292, NRS 341, CIP 103264, ATCC 7046, NRRL : NRS-341",0,Domibacillus aminovorans,2744054583,obligate aerobe
,,,,,29332.5,
,,,,,GCA_001643235,
598,F,"DSM 7, ATCC 23350, CCUG 28519, NRRL B-14393, Fukumoto strain F, CIP 103265, LMG 9814, NRRL : B-14393",1,Bacillus amyloliquefaciens,GCA_000196735,obligate aerobe
166186,,"KCTC 33954, CGMCC 1.13871, SYSU K30001",1,Ectobacillus antri,GCA_003852715,obligate aerobe
1077,,"DSM 7264, ATCC 49337, NRRL NRS-213, CCUG 28524, JCM 9070, CIP 107159, IFO 15539, KCTC 3701, LMG 16797, NBRC 15539, NCIMB 12899",1,Bacillus atrophaeus,1220587.3,obligate aerobe
,,,,,2731957673,
,,,,,GCA_001584335,
,,,,,GCA_001591925,
602,"663, Henry 110, 110, NRS-663","DSM 23, ATCC 14574, CCM 2113, NCIB 9364, NCTC 10333, CCUG 7412, CIP 58.52, IAM 11059, NRS 663, JCM 12228, BCRC 11699, CECT 17, HAMBI 1885, IFO 15713, KCTC 3739, LMG 7122, MTCC 1458, NBIMCC 2210, NBRC 15713, NCFB 1760, NCIMB 9364, NRRL NRS-663, VKM B-496, NCDO 1760",1,Bacillus badius,1348627.3,obligate aerobe
,,,,,1455.5,
,,,,,2636415587,
,,,,,2731957658,
,,,,,GCA_000829535,
,,,,,GCA_001591605,
166294,"CM-CNRG TB54, TE3",CCStamb A1,1,Bacillus cabrialesii,GCA_004124315,obligate aerobe
1847,"WS 1087, 6721","CCUG 47676, CIP 67.21, DSM 8802, ATCC 25096, JCM 12400, BCRC 14861",1,Bacillus halotolerans,260554.3,obligate aerobe
,,,,,2716884207,
,,,,,GCA_001517105,
1154,"K 13, K13","DSM 12751, JCM 9943, ATCC 700778, CGMCC 1.3650, CIP 105746, KCTC 3838, LMG 18497",1,Bacillus horti,2926514369,obligate aerobe
1265,,"DSM 19098, JCM 13438, KCCM 90025, ABB 0427, CIP 109493, LMG 24756, SMC 4352-1",1,Bacillus infantis,2928344086,obligate aerobe
1103,"PN 137, DP44","DSM 8725, ATCC 700166, CIP 105304",1,Alkalihalobacillus pseudalcaliphilus,2630968651,obligate aerobe
,,,,,79884.3,
,,,,,GCA_001038565,
756,272,"DSM 27, ATCC 7061, CCM 2144, IFO 12092, JCM 2508, NBRC 12092, NCIB 9369, NCTC 10337, NRS 272, BCRC 11706, CCUG 26015, CECT 29, CGMCC 1.3533, CIP 52.67, IAM 12469, IAM 14177, KCTC 3348, LMG 7132, NCIMB 9369, NRIC 1010, NRRL NRS-272, VKM B-508, VTT E-95572, NCDO 1766",1,Bacillus pumilus,1408.193,obligate aerobe
,,,,,2880148112,
,,,,,536229.4,
,,,,,642791616,
,,,,,GCA_000172815,
,,,,,GCA_900186955,
752,"E 601, E601","CCUG 24142, DSM 492, ATCC 27142, CIP 77.25, NCIB 10692, NCTC 10327, NCIMB 10692",0,Bacillus pumilus,1408.27,obligate aerobe
,,,,,GCA_029478105,
1193,TU-B-10,"DSM 15029, NRRL B-23049, JCM 12233, CIP 106094, LMG 19156, NBRC 101239",1,Bacillus spizizenii,2511231064,obligate aerobe
,,,,,96241.37,
,,,,,GCA_000227465,
,,,,,GCA_007989785,
1187,"231, NRS-231","DSM 347, ATCC 6633, CCM 1999, IAM 1069, NCIB 8054, NCTC 10400, WDCM 00003, CCUG 10779, JCM 20035, AHU 1038, BCRC 10447, BUCSAV 425, CECT 356, CIP 52.62, IFO 3134, IID 506, IMET 10880, JCM 2499, KCTC 2189, LMG 8197, NBRC 3134, NCIMB 8054, NRIC 1022, NRIC 1521, NRRL B-209, NRRL B-354, OUT 8351, PCI 219, RIMD 0225013, VTT E-85231, NCDO 1733, CMCC (B) 63501",0,Bacillus spizizenii,1300158.3,obligate aerobe
,,,,,1423.767,
,,,,,2734481915,
,,,,,647000211,
,,,,,703612.22,
,,,,,703612.3,
,,,,,96241.1,
,,,,,GCA_000177595,
,,,,,GCA_001312785,
,,,,,GCA_006094475,
967,,"DSM 2109, ATCC 11774, NCTC 8236, CCUG 50054, NCIMB 8739, ICI 2/4, CIP 1.83",0,Bacillus subtilis,1423.741,obligate aerobe
,,,,,2925634727,
,,,,,GCA_004101945,
1270,"BH030017, 11.101","DSM 16466, CIP 109461, KCTC 3918, BCRC 80952",1,Bacillus taeanensis,GCA_003318295,obligate aerobe
134164,10b,"ATCC BAA-819, NCTC 13306, CIP 109396, NRRL B-41771, KCTC 13622",1,Bacillus tequilensis,227866.8,obligate aerobe
,,,,,GCA_900445435,
140879,DW5-4,"MCCC 1A08372, LMG 27144, KCTC 33531",1,Bacillus zhangzhouensis,2585427675,obligate aerobe
,,,,,GCA_000715205,
1617,3452A,"DSM 19024, ATCC 43185, CCUG 38735, CIP 104201, JCM 9498, NCTC 13051, VPI 3452A",1,Bacteroides caccae,2806310690,obligate aerobe
,,,,,2806310790,
,,,,,411901.7,
,,,,,47678.1024,
,,,,,47678.1222,
,,,,,47678.18,
,,,,,47678.99,
,,,,,640963023,
,,,,,818.184,
,,,,,GCA_000169015,
130149,JF4266,"DSM 24701, CIP 110308",1,Basilea psittacipulmonis,1072685.4,obligate aerobe
,,,,,1072685.5,
,,,,,2597490181,
,,,,,2914311346,
,,,,,GCA_000743945,
,,,,,GCA_002003525,
17716,"BA134, BA 134T","DSM 15883, CIP 108006, LMG 21964, UCCCB126",1,Belliella baltica,2509276058,obligate aerobe
,,,,,866536.3,
,,,,,GCA_000265405,
10446,M37,"DSM 17675, ATCC 14686, CCUG 2155, IAM 14975, NCTC 10295, CIP 72.16, JCM 21446, NBRC 102155",1,Bergeriella denitrificans,1349758.6,obligate aerobe
,,,,,2731957682,
,,,,,2831695663,
,,,,,494.4,
,,,,,GCA_001592185,
,,,,,GCA_900453875,
5486,"CL 544/80, D658","DSM 16783, ATCC 43767, CCUG 12568, CCUG 30535, CIP 103041, IFO (now NBRC) 16014, JCM 21249, LMG 12996, LMG 8351, NCTC 11660, CCM 4559, CDC D658, IAM 14550, NBRC 16014",1,Bergeyella zoohelcum,1015.3,obligate aerobe
,,,,,2537561901,
,,,,,2808606794,
,,,,,883096.3,
,,,,,GCA_000301075,
,,,,,GCA_900445655,
1678,2163-026,"DSM 12333, ATCC BAA-8, IFO 16432, NBRC 16432, CCUG 43141, HKI 0122, JCM 11478, CIP 106362, NCIMB 13614",1,Beutenbergia cavernae,471853.5,obligate aerobe
,,,,,643692008,
,,,,,GCA_000023105,
14141,"1, EY4220","DSM 3183, ATCC 35951, UQM 2507, JCM 12333, ACM 2507, CECT 4273, CIP 106842, IFO 15649, JCM 10396, KCTC 2886, LMG 17322, NBRC 15649, NCIMB 12085",1,Blastomonas natatoria,2756170222,obligate aerobe
,,,,,34015.5,
,,,,,GCA_003201955,
1770,2017-12,"DSM 11294, CCUG 39178, HKI 88, JCM 11479, ATCC 700413, CIP 105404, NBRC 106158, HKI 0088",1,Bogoriella caseilytica,2781126043,obligate aerobe
,,,,,56055.3,
,,,,,GCA_003752405,
376,,"DSM 13414, ATCC 19395, CCUG 219, CIP 55.110, LMG 1232, NCTC 452, CCM 6082, NBRC 13691",1,Bordetella bronchiseptica,518.61,obligate aerobe
,,,,,GCA_021391275,
,,,,,GCA_900445725,
375,B-140,"CCUG 2514, NRRL B-140, DSM 10303, ATCC 4617, NCIB 9935, NCTC 8344, PCI 1701, WHO 11, CIP 53.157, NCIMB 9935",0,Bordetella bronchiseptica,518.72,obligate aerobe
,,,,,GCA_900637995,
381,"5589, F5101","DSM 13416, ATCC 51541, CCM 4585, CCUG 13416, CCUG 34073, CDC F5101, LMG 15945, CIP 104394",1,Bordetella holmesii,1247649.3,obligate aerobe
,,,,,2576861425,
,,,,,35814.88,
,,,,,35814.89,
,,,,,GCA_000612485,
368,522,"DSM 13415, ATCC 15311, CCUG 413, LMG 14449, NCTC 5952, CIP 64.11, LMG 1831",1,Bordetella parapertussis,2773857998,obligate aerobe
,,,,,2811995279,
,,,,,519.1,
,,,,,519.102,
,,,,,519.18,
,,,,,519.3,
,,,,,GCA_900445785,
382,Se-1111R,"DSM 12804, CCUG 43448, CIP 107267, ATCC BAA-461, CCM 7166",1,Bordetella petrii,340100.3,obligate aerobe
,,,,,641228479,
,,,,,GCA_000067205,
379,"1779, 22-93","DSM 11334, CCUG 32381, LMG 13506, CIP 105351",1,Bordetella trematum,123899.5,obligate aerobe
,,,,,GCA_900078335,
3911,R-5509,"DSM 14564, LMG 20336, CCUG 50350, JCM 12138, CIP 108248",1,Brachybacterium fresconis,173363.3,obligate aerobe
,,,,,2918358370,
,,,,,GCA_017876515,
3914,"C3H-21, C3H 21-2","DSM 15460, CCM 7047, JCM 14117, CCUG 50159, CCUG 50352, CIP 108210, DSM 14560",1,Brachybacterium muris,219301.5,obligate aerobe
,,,,,2893575648,
,,,,,GCA_016907455,
343,LGM 19451,"DSM 13743, LMG 19451, NCIMB 13739, CCUG 47103, RKI 99-01984, CIP 107426",1,Brackiella oedipodis,1121118.3,obligate aerobe
,,,,,2556921113,
,,,,,GCA_000621025,
1817,CTAW11,"DSM 23720, CECT 7749, LMG 25866",1,Bradyrhizobium cytisi,GCA_008123515,obligate aerobe
11416,"13, NRS-1219","DSM 6348, ATCC 51663, CCUG 31345, NRRL NRS-1219, LMG 15103, NRS 1219, JCM 9067, CCM 4535, CGMCC 1.3103, CIP 104002, IFO 15538, KCTC 3573, LMG 15598, NBRC 15538",1,Brevibacillus agri,2841283598,obligate aerobe
,,,,,51101.7,
,,,,,51101.8,
,,,,,GCA_003710885,
,,,,,GCA_004117055,
,,,,,GCA_006540025,
11421,"B4, NRS-818","DSM 6347, ATCC 51668, CIP 104545, IFO 15714, JCM 9022, NBRC 15714, CCUG 51058, NRRL NRS-818, LMG 16009, NRS 818, CGMCC 1.3102",1,Brevibacillus borstelensis,45462.11,obligate aerobe
,,,,,GCA_003710865,
,,,,,GCA_006540165,
11402,"27B, 604","DSM 30, ATCC 8246, CCM 2050, JCM 2503, LMG 16703, NCIB 9372, NCTC 2611, CCUG 7413, NRS 604, BCRC 14682, CECT 5, CGMCC 1.3098, CIP 52.86, IFO 15304, KCTC 3743, LMG 7123, NBRC 15304, NCIMB 9372, NRRL B-14602, NRRL NRS-604, NRRL NRS-819, VKM B-503, NCDO 1770",1,Brevibacillus brevis,1393.21,obligate aerobe
,,,,,1393.23,
,,,,,2843783720,
,,,,,GCA_003012835,
,,,,,GCA_003385915,
,,,,,GCA_006539845,
,,,,,GCA_900637055,
11425,"NRRL-NRS 664, NRS-664","DSM 8445, ATCC 51661, CCUG 31347, NRRL NRS-664, NRS 664, JCM 9071, CGMCC 1.3104, CIP 104003, IFO 15540, KCTC 3863, KCTC 3887, LMG 15106, LMG 15603, NBRC 15540",1,Brevibacillus centrosporus,54910.5,obligate aerobe
,,,,,GCA_003710815,
,,,,,GCA_006540045,
11423,"HPD 52, HPD52","DSM 8552, ATCC 51359, CIP 103838, IFO 15518, JCM 8505, NBRC 15518, CCUG 51061, NRRL B-23247, LMG 15968, CGMCC 1.3099, KCTC 3836, NCIMB 13345",1,Brevibacillus choshinensis,54911.3,obligate aerobe
,,,,,GCA_001420695,
11436,"B2156, C3774, B2156T","DSM 16423, CIP 106911, LMG 18962, NCIMB 13772, JCM 12215",1,Brevibacillus invocatus,173959.4,obligate aerobe
,,,,,2851194356,
,,,,,GCA_003710915,
1863,KC,"DSM 20426, ATCC 9175, NCDO 739, NCIB 8546, JCM 2590, BCRC 10379, CCUG 12159, CCUG 23574, CECT 76, CIP 63.12, IAM 1902, IFO 12171, IMET 10996, KCTC 3084, LMG 22546, NBRC 12171, NCIMB 8546, VKM Ac-2111",1,Brevibacterium aurantiacum,2563366675,obligate aerobe
,,,,,2600255379,
,,,,,273384.3,
,,,,,273384.55,
,,,,,2855079561,
,,,,,GCA_006539005,
,,,,,GCA_900169065,
1838,C705,"DSM 20660, ATCC 35514, NCDO 2286, CCUG 30540, NCTC 11083, JCM 2593, BCRC 12215, CCM 4098, CECT 4162, CGMCC 1.1929, CIP 102110, IFO 14811, IMET 10998, KCTC 3090, LMG 21455, NBRC 14811, NCIMB 702286, VKM Ac-2108, VTT E-032416",1,Brevibacterium epidermidis,1349751.3,obligate aerobe
,,,,,2731957605,
,,,,,GCA_001570805,
134750,,"CIP 59.15, ATCC 9897, CCTM La 2749, NCIMB 8179, NCDO 753, NCTC 9742, NCIMB 419",0,Brevibacterium iodinum,2808606793,obligate aerobe
,,,,,31943.4,
,,,,,GCA_900445875,
1842,"56b, 56-B","DSM 20425, ATCC 9172, NCIB 9909, CCUG 47677, CIP 101125, IMET 11075, JCM 1327, NCIMB 9909, BCRC 10631, CECT 69, CGMCC 1.1890, HAMBI 2038, IAM 12437, IFO 12142, IMSNU 12001, KCTC 9099, LMG 21451, MTCC 268, NBRC 12142, NRRL B-4210, VKM Ac-2112, VTT E-94529",1,Brevibacterium linens,1255617.3,obligate aerobe
,,,,,1255617.4,
,,,,,2600255378,
,,,,,GCA_008868375,
,,,,,GCA_900169165,
1856,CF87,"DSM 15022, CCUG 46604, CIP 108129, JCM 12367, CCM 7149",1,Brevibacterium luteolum,199591.12,obligate aerobe
,,,,,199591.9,
,,,,,2893558195,
,,,,,GCA_013004595,
,,,,,GCA_016907415,
1848,"E2cr, 669","DSM 9583, ATCC 49030, CCUG 37313, JCM 11682, CIP 104342",1,Brevibacterium mcbrellneri,585530.3,obligate aerobe
,,,,,647000216,
,,,,,GCA_000178455,
1866,BBH7,"DSM 21578, IAM 15353, JCM 21798, LMG 23457, BCRC 16991, NCIMB 14558, CIP 109608",1,Brevibacterium oceani,GCA_013623835,obligate aerobe
1851,"CF62, CF 62","CCUG 45688, DSM 13657, LMG 19814, JCM 11567, ATCC BAA-616, IFM 10521, CIP 107270",1,Brevibacterium paucivorans,170994.6,obligate aerobe
,,,,,2893675053,
,,,,,GCA_016907735,
1864,,"DSM 21546, JCM 13318, LMG 22207, UCM Ac-413, VKM Ac-2280, BCRC 16990, CIP 109095",1,Brevibacterium permense,GCA_013280495,obligate aerobe
2303,CB 7,"DSM 4726, ATCC 15254, CIP 101031, KCTC 12439, LMG 15096",1,Brevundimonas bacteroides,1121124.3,obligate aerobe
,,,,,2561511096,
,,,,,GCA_000701445,
2298,Pickett K-248,"DSM 7234, ATCC 11568, CCEB 513, CCEB 516, CCM 2657, CCTM 1850, CCUG 1187, CCUG 1256, CCUG 1427, CECT 317, CIP 63.27, CNCTC Ps170/79, HNCMB 173005, IAM 1513, IMET 10409, JCM 2788, LMG 2088, LMG 2089, NCIB 9393, NCTC 8545, NRRL B-1496, USCC 1337, VKM B-893, AJ 2067, Hugh 342, Komagata KS 0016, BCRC 11894, CGMCC 1.1798, IAM 12691, IFO 12697, KCTC 12488, LMG 1793, NBRC 12697, NCIMB 9393, VKM B-1297",1,Brevundimonas diminuta,2814123189,obligate aerobe
,,,,,293.17,
,,,,,293.26,
,,,,,651285001,
,,,,,751586.3,
,,,,,GCA_000204035,
,,,,,GCA_900445995,
2297,,"DSM 1635, ATCC 19146, CCUG 24715, LMG 10743, CCM 4623, PCI 818, JCM 2428, CECT 313, CGMCC 1.8867, CIP 103020, IFO 14213, NBRC 14213, NCIMB 11091",0,Brevundimonas diminuta,293.22,obligate aerobe
,,,,,293.23,
,,,,,CP035093,
,,,,,GCA_006539485,
2311,"V4.30.10, V4.BO.10","DSM 14878, CIP 107934, LMG 21911, KCTC 12441",1,Brevundimonas mediterranea,2829807637,obligate aerobe
,,,,,74329.1,
,,,,,GCA_014196125,
2310,W1-2B,"DSM 14572, GTC 1043, JCM 11415, CGMCC 1.7035, CIP 108442, KCTC 12493",1,Brevundimonas nasdae,172043.4,obligate aerobe
,,,,,2928222302,
,,,,,GCA_016654005,
2313,KSL-145,"DSM 17329, JCM 13476, KCTC 12481, CIP 109492",1,Brevundimonas terrae,2828323496,obligate aerobe
,,,,,363631.3,
,,,,,GCA_011761985,
2302,"13alt, Kosako 85012, Otto A117","DSM 7233, ATCC 11426, CCEB 857, CCM 3398, CCUG 2032, CECT 327, IAM 12105, JCM 1477, NCMB 1945, NCTC 10900, Stanier 500, BCRC 11012, CGMCC 1.7034, CIP 101035, DSM 7226, IFO 12165, LMG 2350, NBRC 12165, NCIMB 1945, VKM B-974, VTT E-981070",1,Brevundimonas vesicularis,1349759.3,obligate aerobe
,,,,,2731957683,
,,,,,GCA_001592205,
1882,OgA9a,"DSM 13338, NBRC 102586, CCUG 46362, CIP 107373, LMG 18954",1,Brucella grignonensis,2834567989,obligate aerobe
,,,,,94627.15,
,,,,,GCA_002252505,
,,,,,GCA_012103085,
1893,Falu B 57617/97,"DSM 22355, CCUG 38531, CIP 109452",1,Brucella haematophila,419474.1,obligate aerobe
,,,,,419474.11,
,,,,,GCA_005938105,
,,,,,GCA_012103105,
134651,IC156,"CIP 107451, LMG 21434, ACAM 645",1,Brumimicrobium glaciale,200475.3,obligate aerobe
1952,"CF5610, J2315","CIP 108255, DSM 16553, ATCC BAA-245, CCM 4899, CCUG 48434, LMG 16656, NCTC 13227",1,Burkholderia cenocepacia,2630968810,obligate aerobe
,,,,,292.25,
,,,,,95486.373,
,,,,,GCA_900446215,
1906,717,"DSM 7288, ATCC 25416, DSM 9897, ICPB PC25, NCTC 10743, JCM 5964, BCRC 13208, CCUG 12691, CCUG 13226, CECT 4137, CGMCC 1.1813, CGMCC 1.3393, CIP 80.24, IFO 14074, KCTC 2966, LMG 1222, NBRC 14074, NRRL B-14810, VTT E-94512, ACM 1771",1,Burkholderia cepacia,2509276048,obligate aerobe
,,,,,2731957558,
,,,,,2912464834,
,,,,,2916573127,
,,,,,292.148,
,,,,,292.7,
,,,,,983594.16,
,,,,,983594.23,
,,,,,983594.32,
,,,,,983594.35,
1947,"AU0645, R-5670","DSM 16088, CCUG 47727, LMG 18943, CIP 108406",1,Burkholderia dolosa,152500.12,obligate aerobe
,,,,,152500.3,
,,,,,152500.41,
,,,,,152500.52,
,,,,,152500.66,
,,,,,GCA_902499135,
1911,PM 107,"DSM 4285, ATCC 10248, CIP 105410, ICPB PM 107, IFO 13700, NBRC 13700, NCPPB 1891, NRRL B-793, PDDCC 3950, CCUG 1782, LMG 2216, ICMP 3950",1,Burkholderia gladioli,1218079.3,obligate aerobe
,,,,,2600255057,
,,,,,2639762983,
,,,,,28095.12,
,,,,,28095.22,
,,,,,28095.23,
,,,,,28095.24,
,,,,,GCA_000739755,
,,,,,GCA_000959725,
1919,"MD1, P1-22-1","DSM 9512, ATCC 33617, DSM 7169, NCPPB 2981, PDDCC 3655, CCUG 20835, LMG 2196, CIP 106418, CFBP 4900",1,Burkholderia glumae,1176492.12,obligate aerobe
,,,,,1176492.3,
,,,,,1176492.5,
,,,,,1176492.7,
,,,,,1176492.8,
,,,,,2519103049,
,,,,,2648501169,
,,,,,GCA_000300755,
,,,,,GCA_000960995,
,,,,,GCA_902832765,
1941,Cepa 002,"DSM 13243, CIP 105495, LMG 13010, NCTC 13007, CCUG 34080, CCM 4863",1,Burkholderia multivorans,2916581165,obligate aerobe
,,,,,87883.262,
,,,,,GCA_900446205,
1974,C6786,"DSM 21774, CCUG 51349, CIP 110344, LMG 23618, NCTC 13387, LMG 23678",1,Burkholderia oklahomensis,2627853643,obligate aerobe
,,,,,2814123269,
,,,,,342113.5,
,,,,,342113.7,
,,,,,441162.1,
,,,,,441162.11,
,,,,,441162.12,
,,,,,641736121,
,,,,,GCA_000170375,
,,,,,GCA_000959365,
1917,AZ 8201,"DSM 9509, ATCC 43733, ICMP 9424, JCM 5492, LMG 9035, CCUG 23368, NIAES 1723, CIP 105769, KACC 10679, KCTC 2972, NBRC 104884, NCCB 95038, NCPPB 3590, CFBP 3997",1,Burkholderia plantarii,2687453568,obligate aerobe
,,,,,41899.12,
,,,,,41899.18,
,,,,,41899.3,
,,,,,GCA_001411805,
,,,,,GCA_902832905,
1938,2327,"DSM 10685, ATCC 15958, CCUG 41877, NCIMB 13695, LMG 14191, CIP 105874, CCRC 14939, CFBP 4794",1,Burkholderia pyrrocinia,2630968762,obligate aerobe
,,,,,60550.16,
,,,,,60550.39,
,,,,,60550.9,
,,,,,GCA_001028665,
,,,,,GCA_902832895,
1942,E264,"CCUG 48851, CIP 106301, DSM 13276, ATCC 700388",1,Burkholderia thailandensis,271848.56,obligate aerobe
,,,,,271848.6,
,,,,,271848.8,
,,,,,2900857987,
,,,,,441164.8,
,,,,,637000052,
,,,,,645058826,
,,,,,GCA_000012365,
,,,,,GCA_000152285,
,,,,,GCA_003568605,
1964,EY 3383,"DSM 17311, CCUG 48852, CIP 107078, NCTC 13147, LMG 20358",1,Burkholderia ubonensis,101571.35,obligate aerobe
,,,,,101571.351,
,,,,,GCA_902499185,
,,,,,GCA_902833085,
1939,TVV75,"CCUG 34169, DSM 11319, LMG 10929, JCM 10562, ATCC BAA-248, CCM 4901, CIP 105875, KCTC 2974, NCIMB 13446, CFBP 4796",1,Burkholderia vietnamiensis,1449978.3,obligate aerobe
,,,,,1449978.4,
,,,,,2582581767,
,,,,,2636415515,
,,,,,60552.132,
,,,,,60552.136,
,,,,,60552.154,
,,,,,60552.174,
,,,,,60552.72,
,,,,,GCA_000959445,
1915,"N 15, N15","DSM 50014, ATCC 29195, CIP 105421, CCUG 7431, CCM 2742, LMG 14190, JCM 10563, BCRC 13900, CFBP 4791, KCTC 2968",1,Caballeronia glathei,2630968591,obligate aerobe
,,,,,2636416141,
,,,,,60547.5,
,,,,,60547.6,
,,,,,GCA_000698595,
,,,,,GCA_000751215,
14151,ARi-1,"DSM 16702, ATCC BAA-531, IFO 16725, JCM 11434, NBRC 16725, CCUG 56307, CIP 107959, KCTC 12110",1,Caenibius tardaugens,1219035.3,obligate aerobe
,,,,,1219035.9,
,,,,,2600255065,
,,,,,GCA_000466945,
,,,,,GCA_003860345,
166356,HX-9-20,"KCTC 72473, CCTCC AB 2019266",1,Caenimonas sedimenti,GCA_007833165,obligate aerobe
1222,AM-001,"DSM 16130, JCM 10596, CIP 109019",1,Caldalkalibacillus mannanilyticus,1236954.3,obligate aerobe
,,,,,2565956590,
,,,,,GCA_000615945,
138068,483 vache,"CIP 53.105, CCUG 33900",0,Campylobacter fetus subsp. venerealis,1265739.3,obligate aerobe
,,,,,1265739.5,
,,,,,GCA_001698935,
,,,,,GCA_001699715,
23822,5636/77 Lucitt,"DSM 27585, NCTC 11168, WDCM 00073, CIP 107370, ATCC 700819, CCUG 6824, LMG 8842, CECT 8170",0,Campylobacter jejuni,1211776.3,obligate aerobe
,,,,,1385720.3,
,,,,,1385721.3,
,,,,,1385722.3,
,,,,,1385723.3,
,,,,,1385724.3,
,,,,,192222.164,
,,,,,192222.6,
,,,,,197.16948,
,,,,,197.16949,
136131,,"CIP 102723, ATCC 35222, NCTC 11457, JCM 14868, CCUG 12773, CCUG 23948, LMG 7929, WRI 921/79",0,Campylobacter lari,GCA_024723595,obligate aerobe
346,"54Pin, 54 Pin","DSM 12141, CCUG 39790, CIP 105602, LMG 18538",1,Castellaniella defragrans,2861677110,obligate aerobe
,,,,,75697.1,
,,,,,75697.11,
,,,,,GCA_008801975,
,,,,,GCA_014203015,
344,65Phen,"CCUG 39792, DSM 12143, CIP 105603",0,Castellaniella defragrans,1437824.5,obligate aerobe
,,,,,2619619095,
,,,,,GCA_000612685,
2373,5420S-23,"DSM 18649, KACC 20692, JCM 16376, NBRC 106308, CIP 110191",1,Cellulomonas aerilata,515326.3,obligate aerobe
,,,,,GCA_007991755,
2369,69B4,"DSM 16987, CIP 108683, JCM 30720",1,Cellulomonas bogoriensis,1386082.3,obligate aerobe
,,,,,2651869835,
,,,,,GCA_000767165,
2351,"124, NRS-124","DSM 20118, ATCC 487, CCM 1925, NCIB 8078, JCM 9967, BCRC 14865, CFBP 4260, CIP 102222, IFO 3753, IFO 3774, KCCM 12154, KCTC 3410, LMG 16323, NBRC 3753, NBRC 3774, NCCB 29015, NCIMB 8078, VKM Ac-1136",1,Cellulomonas cellasea,1408250.3,obligate aerobe
,,,,,2630968797,
,,,,,43670.3,
,,,,,GCA_000767135,
,,,,,GCA_006538745,
2354,"134, NRS-134","DSM 20109, ATCC 482, CCM 1926, NCIB 8073, CCUG 28996, JCM 18109, BCRC 11376, BUCSAV 180, CCUG 12162, CFBP 4223, CGMCC 1.1914, CIP 82.10, IAM 12109, IFO 3754, IFO 3775, IMET 10357, IMSNU 21278, JCM 1489, JCM 20412, KCCM 21192, KCTC 1038, KCTC 9104, LMG 16263, NBRC 3754, NBRC 3775, NCAIM B.01383, NCIMB 8073, PCM 2333, VKM Ac-1137, CCUG 23578",1,Cellulomonas flavigena,446466.7,obligate aerobe
,,,,,646564520,
,,,,,GCA_000092865,
2370,"DB 5, DB5","DSM 17791, KCTC 19081, NBRC 100819, JCM 14899, CIP 108880",1,Cellulomonas terrae,1305858.3,obligate aerobe
,,,,,2734481970,
,,,,,311234.4,
,,,,,GCA_001314065,
,,,,,GCA_007990265,
5502,NN015860,"DSM 24786, ATCC 700863, CIP 106308, JCM 21778, LMG 18536, NCIMB 13611, IAM 15330",1,Cellulophaga fucicola,2595699004,obligate aerobe
,,,,,76595.6,
,,,,,GCA_900119145,
140168,CV41,"DSM 100879, ATCC TSD-39, NCIMB 15005",1,Cephaloticoccus capnophilus,GCA_001580045,obligate aerobe
140800,CAG34,"NCIMB 15004, ATCC TSD-38",1,Cephaloticoccus primus,GCA_001580015,obligate aerobe
5475,AMV16,"DSM 22818, CCUG 58431, CIP 110152",1,Cesiribacter andamanensis,1279009.4,obligate aerobe
,,,,,2529293184,
,,,,,GCA_000348925,
10447,S1,"DSM 15459, BCRC 17254, CIP 108626, BCRC 17254 (S1)",1,Chitinibacter tainanensis,1121274.4,obligate aerobe
,,,,,2524614843,
,,,,,GCA_000429785,
17742,M64,"DSM 3695, ATCC 51264, IAM 12650, JCM 2836, NCIB 11855, CECT 358, CIP 104804, IFO 14973, IFO 16136, KCTC 2943, NBRC 14973, NBRC 16136, NCIMB 11855",1,Chitinophaga arvensicola,2636416040,obligate aerobe
,,,,,29529.11,
,,,,,GCA_900110835,
159860,13,"CICC 24262, KCTC 62265",1,Chitinophaga caeni,GCA_002557795,obligate aerobe
166493,XJ-2,"KCTC 62443, CCTCC AB 2018019",1,Chitinophaga deserti,2882785813,obligate aerobe
,,,,,GCA_003149455,
17744,Fx e1,"CCUG 12809, CIP 106401, DSM 527, ATCC 29495, IAM 14320, IFO 15056, NBRC 15056, JCM 21160, HAMBI 1966, LMG 23482, NCIMB 13250, VKM B-1400",1,Chitinophaga filiformis,104663.4,obligate aerobe
,,,,,2634166296,
,,,,,GCA_900102545,
17745,758,"DSM 13484, IFO 16041, JCM 9735, CCUG 51324, CIP 105790, NBRC 16041",1,Chitinophaga japonensis,104662.3,obligate aerobe
,,,,,2596583629,
,,,,,GCA_007830125,
17740,,"DSM 2588, ATCC 43595, IFO 15968, NBRC 15968, UQM 2034, CIP 107364, ACM 2034, NCIMB 11800",1,Chitinophaga pinensis,485918.6,obligate aerobe
,,,,,644736340,
,,,,,GCA_000024005,
17743,BA-3,"DSM 784, ATCC 23092, IFO 15057, NBRC 15057, CCUG 56030, LMG 8377, HAMBI 1988, VKM B-1428, CIP 107780, NCIMB 1379",1,Chitinophaga sancti,1004.4,obligate aerobe
,,,,,2563366652,
,,,,,2595699005,
,,,,,GCA_900119105,
17748,"CC SG-1B, CC-SG1B","DSM 23857, CCUG 52510, CIP 109140",1,Chitinophaga skermanii,2593339293,obligate aerobe
,,,,,331697.3,
,,,,,GCA_003259335,
17749,KP01,"DSM 23920, KCTC 12836, LMG 24015, CIP 109744",1,Chitinophaga terrae,2599185217,obligate aerobe
,,,,,408074.3,
,,,,,GCA_900107795,
5995,L 593,"DSM 7218, ATCC 19372, NCIB 9041, CCUG 49679, CIP 106957, LMG 2148, NCCB 35008, NRRL B-3153, NCIMB 9041, JCM 21422, IAM 14940, JCM 13305, NBRC 103041, Delft E III.9.23.1, CCUG 106957",1,Chromohalobacter beijerinckii,GCA_023061185,obligate aerobe
5996,1/13/26,"DSM 6769, ATCC 43984, NRCC 41227, CIP 105571",1,Halomonas canadensis,GCA_023061155,obligate aerobe
5997,"Ba1, Ba<SUB>1</SUB>, 1-13-31","DSM 6768, ATCC 43985, CIP 105572",1,Halomonas israelensis,GCA_029478115,obligate aerobe
5998,1H11,"DSM 3043, CIP 106854, CCM 4921, CECT 5384, ATCC BAA-138, NCIMB 13768",1,Halomonas israelensis,290398.11,obligate aerobe
,,,,,637000075,
,,,,,GCA_000055785,
5675,"AT 1013, AT1013","DSM 17047, IMSNU 14040, JCM 12381, KCTC 12225, CIP 108669",1,Chryseobacterium antarcticum,266748.16,obligate aerobe
,,,,,2687453776,
,,,,,GCA_900109615,
133494,NF 1366,"CCUG 52764, CIP 109762",1,Chryseobacterium anthropi,GCA_020480345,obligate aerobe
23025,CC-VM-7,"DSM 25208, CCM 7645, CCUG 57618, CIP 110186, DSM 22218",1,Chryseobacterium arthrosphaerae,2751185876,obligate aerobe
,,,,,GCA_001684965,
5670,La 724,"DSM 16775, ATCC 33487, CIP 103103, LMG 8329, NBRC 15053, NCTC 11212, CCUG 13228, JCM 1278, BCRC 17332, BCRC 17361, CCM 4450, CCTM 724, IAM 14209, IFO 15053, JCM 21074, LMG 4010, NCIMB 2270",1,Chryseobacterium balustinum,246.1,obligate aerobe
,,,,,246.6,
,,,,,2681813564,
,,,,,2808606673,
,,,,,GCA_900168205,
,,,,,GCA_900446785,
5691,H9,"DSM 19482, LMG 24227, CIP 110170",1,Chryseobacterium bovis,1121284.4,obligate aerobe
,,,,,2595699003,
,,,,,GCA_900108115,
5681,N4,"DSM 17710, CCBAU 10201, CIP 109625, KCTC 12506",1,Chryseobacterium caeni,1121285.4,obligate aerobe
,,,,,2524614876,
,,,,,GCA_000426465,
5709,R4-1A,"DSM 23031, CCM 7716, LMG 25442, CCUG 58784, CIP 110213",1,Chryseobacterium culicis,2687453786,obligate aerobe
,,,,,680127.5,
,,,,,GCA_900108365,
5677,CPW406,"DSM 15235, CCUG 52896, KCTC 12088, NBRC 102008, CIP 110173",1,Chryseobacterium daecheongense,192389.5,obligate aerobe
,,,,,2681812956,
,,,,,GCA_003729955,
,,,,,GCA_004365465,
5689,K105,"DSM 19388, JCM 14362, KCTC 12841, CIP 110016",1,Chryseobacterium daeguense,1121286.4,obligate aerobe
,,,,,2523533536,
,,,,,GCA_000430825,
5668,"B2, B2T","DSM 14219, CIP 107207, CCUG 47675, KCTC 12434",1,Chryseobacterium defluvii,160396.5,obligate aerobe
,,,,,2681812957,
,,,,,GCA_003634775,
5679,CC-H3-2,"DSM 17452, CCUG 49271, CIP 108367, KCTC 12435",1,Chryseobacterium formosense,236814.8,obligate aerobe
,,,,,2684622901,
,,,,,GCA_900116415,
5698,5-1St1a,"DSM 18014, CCUG 52549, CIP 110172",1,Chryseobacterium gambrini,2681813561,obligate aerobe
,,,,,373672.4,
,,,,,GCA_900156825,
5667,F93,"DSM 16776, ATCC 35910, CCUG 14555, CIP 103039, JCM 2410, LMG 8334, NCTC 11432, IFO 15054, LMG 12447, NBRC 15054",1,Chryseobacterium gleum,250.4,obligate aerobe
,,,,,250.7,
,,,,,2562617092,
,,,,,525257.3,
,,,,,GCA_000143785,
,,,,,GCA_900636535,
5688,P 461/12,"DSM 19109, LMG 24052, CIP 110171",1,Chryseobacterium gregarium,1121287.4,obligate aerobe
,,,,,2523533548,
,,,,,GCA_000430845,
5687,H38,"DSM 19056, LMG 24029, CIP 110174",1,Chryseobacterium haifense,1450526.3,obligate aerobe
,,,,,2600255101,
,,,,,GCA_000735695,
5695,P2K6,"DSM 19326, CIP 109575",1,Chryseobacterium hominis,2684622847,obligate aerobe
,,,,,420404.16,
,,,,,GCA_900108525,
5696,NF802,"DSM 22165, CCUG 52711, CIP 109415",1,Chryseobacterium hominis,2874339030,obligate aerobe
,,,,,420404.1,
,,,,,GCA_003730015,
5705,ECP37,"DSM 21580, LMG 24684, NBRC 104927, CIP 110175",1,Chryseobacterium humi,2684622890,obligate aerobe
,,,,,493375.5,
,,,,,GCA_900108025,
5694,CHB-20p,"DSM 19684, NCAIM B2269, NCAIM B.02269, CIP 110178",1,Chryseobacterium hungaricum,2684622908,obligate aerobe
,,,,,454006.31,
,,,,,GCA_900102265,
5672,F37,"DSM 16778, ATCC 27950, CCUG 33445, CIP 103168, LMG 4025, NCIMB 2220",1,Chryseobacterium indoltheticum,254.4,obligate aerobe
,,,,,2681813551,
,,,,,GCA_003815915,
,,,,,GCA_900156145,
5676,AT1047,"DSM 17048, IMSNU 14049, JCM 12382, KCTC 12226, CIP 108670, NCTC 13459",1,Chryseobacterium jeonii,2639762901,obligate aerobe
,,,,,266749.4,
,,,,,266749.8,
,,,,,266749.9,
,,,,,2675903156,
,,,,,GCA_000812865,
,,,,,GCA_900112115,
,,,,,GCA_900638245,
5674,Ix 5a,"DSM 16927, CCM 7154, CCUG 46665, LMG 18212, CIP 105533",1,Chryseobacterium joostei,112234.4,obligate aerobe
,,,,,2681813505,
,,,,,GCA_003815775,
,,,,,GCA_900156585,
23022,Chj707,"DSM 25209, CCUG 49689, IAM 15050, JCM 21512, KCTC 12107, NBRC 103027, CIP 108606",1,Chryseobacterium koreense,1304281.5,obligate aerobe
,,,,,232216.8,
,,,,,2648501397,
,,,,,2861269263,
,,,,,GCA_001045435,
,,,,,GCA_014201785,
5693,P 456/04,"DSM 18605, CIP 109792, LMG 23785",1,Chryseobacterium luteum,2617271211,obligate aerobe
,,,,,421531.5,
,,,,,GCA_000737785,
135739,90B,"CIP 107752, CCUG 51329",1,Chryseobacterium massiliense,204089.13,obligate aerobe
,,,,,2905979941,
,,,,,GCA_003385535,
5686,H8,"DSM 19055, CIP 109920, LMG 24030",1,Chryseobacterium oranimense,2684623028,obligate aerobe
,,,,,421058.6,
,,,,,GCA_900129755,
5706,3A10,"DSM 21579, LMG 24685, NBRC 104928, CIP 110180",1,Chryseobacterium palustre,1121288.4,obligate aerobe
,,,,,2523533629,
,,,,,GCA_000422265,
166185,7_F195,"LMG 30781, KCTC 62760",1,Chryseobacterium pennipullorum,GCA_003384725,obligate aerobe
5704,VQ-6316s,"DSM 21068, CECT 7357, CIP 110179",1,Chryseobacterium piscicola,2681813514,obligate aerobe
,,,,,551459.4,
,,,,,551459.6,
,,,,,GCA_002943675,
,,,,,GCA_900156685,
5683,PSD1-4,"DSM 17072, KCTC 12382, NBRC 100864, CCUG 52904, CIP 109194",1,Chryseobacterium soldanellicola,2684622906,obligate aerobe
,,,,,311333.1,
,,,,,GCA_900100115,
5707,1YB-R12,"DSM 22468, CCUG 55604, DSM 1183, CIP 110201",1,Chryseobacterium solincola,2634166404,obligate aerobe
,,,,,510955.4,
,,,,,GCA_000812875,
5669,PHA3-4,"CCUG 52900, DSM 17071, KCTC 12381, NBRC 100863, CIP 109195",1,Chryseobacterium taeanense,2675903150,obligate aerobe
,,,,,311334.6,
,,,,,GCA_900099685,
5680,CC-TWGS1-8,"DSM 17453, CCUG 50001, CIP 108519",1,Chryseobacterium taichungense,2675903154,obligate aerobe
,,,,,295069.1,
,,,,,GCA_900109935,
134196,Soil-3-27,"BCRC 17412, IAM 15317, LMG 23355, JCM 21767, CGMCC 1.11040, NCIMB 14327, CIP 109325",1,Chryseobacterium taiwanense,2600255398,obligate aerobe
5701,F-Fue-04IIIaaaa,"DSM 18017, CCUG 52546, CIP 110146",1,Chryseobacterium ureilyticum,2681813509,obligate aerobe
,,,,,373668.4,
,,,,,GCA_900156735,
23023,,"DSM 25206, CCUG 50970, LMG 22846, CIP 108934",1,Chryseobacterium vrystaatense,2617271207,obligate aerobe
,,,,,307480.5,
,,,,,GCA_000737765,
5682,R2A 10-2,"DSM 17724, KACC 11468, CIP 110181",1,Chryseobacterium wanjuense,2684622833,obligate aerobe
,,,,,356305.5,
,,,,,GCA_900111495,
23233,CL-SP20,"DSM 26880, JCM 13036, KCCM 42116, CIP 109491",1,Citreimonas salinaria,2693429906,obligate aerobe
,,,,,321339.5,
,,,,,GCA_900107235,
7631,"4-O, 4-0","DSM 14442, CCM 4981, NBRC 106156, CCUG 51768, JCM 12134, CIP 107799, DSM 11442",1,Citricoccus muralis,169134.3,obligate aerobe
,,,,,2773857773,
,,,,,GCA_003386075,
160635,,"DSM 100530, YIM A18, KCTC 15658, SYSU GA15002",1,Clostridium thermarum,CP040924,obligate aerobe
,,,,,GCA_006351925,
132376,XA,"DSM 29843, CGMCC 1.15041, JCM 33035",1,Cnuibacter physcomitrellae,1619308.9,obligate aerobe
,,,,,2865306879,
,,,,,GCA_002096055,
,,,,,GCA_014640535,
6002,,"DSM 4741, ATCC 25374, JCM 21022, CCUG 49558, CECT 4278, CIP 104765, IAM 14107, LMG 2217, NBRC 102605, NCIMB 1877",1,Cobetia marina,1268241.8,obligate aerobe
,,,,,2751185720,
,,,,,28258.9,
,,,,,GCA_001720485,
158408,C3-17,"DSM 104040, KACC 19055",1,Collimonas antrihumi,1940615.3,obligate aerobe
,,,,,GCA_018304965,
11308,,"CCUG 48868, DSM 17622, LMG 21973, NCCB 100033, TER Ter6, TER 6, UCCCB6, CIP 108645",1,Collimonas fungivorans,GCA_001584145,obligate aerobe
138249,"C1TST4, IC035","CIP 105821, ACAM 607",1,Colwellia hornerae,89402.5,obligate aerobe
,,,,,GCA_007954355,
2931,No.12,"DSM 17552, IAM 14839, KCTC 12244, CCUG 51443, JCM 21345, CIP 108817",1,Comamonas badia,1121348.4,obligate aerobe
,,,,,2528768012,
,,,,,GCA_000484635,
2930,AFG1,"CIP 107987, DSM 16026, CCUG 15333, LMG 3475",1,Comamonas kerstersii,225992.15,obligate aerobe
,,,,,GCA_008801935,
2934,YH12,"DSM 18232, IMSNU 11158, KCTC 12005, CIP 108012",1,Comamonas koreensis,GCA_021026195,obligate aerobe
2929,23310,"DSM 13191, CCT 7062, NCCB 100007, CCUG 45781, CIP 107121",1,Comamonas nitrativorans,2574180442,obligate aerobe
3036,ID131577,"DSM 14684, JCM 11494, CCUG 47730, CIP 108061, KCTC 19437, KCTC 9949, NBRC 100937",1,Conexibacter woesei,469383.5,obligate aerobe
,,,,,646311917,
,,,,,GCA_000025265,
166446,WN38,"KCTC 62602, MCCC 1H00313",1,Coraliomargarita sinensis,2831668632,obligate aerobe
,,,,,GCA_003185655,
135881,410,"CIP 103776, ATCC 13870, CCUG 38797",0,Corynebacterium acetoacidophilum,1718.77,obligate aerobe
,,,,,GCA_001912755,
3169,T 18502,"DSM 44282, ATCC 51404, CCUG 32105, CIP 103500, JCM 10391, LMG 19063",1,Corynebacterium afermentans subsp. lipophilum,144184.3,obligate aerobe
,,,,,GCA_015351335,
3080,9.6,"DSM 20306, AJ 1443, ATCC 6871, NCIB 8143, NCTC 2398, CCUG 38796, CIP 101283, JCM 1305, BCRC 10367, CGMCC 1.1883, IAM 1641, IFO 12071, IFO 12612, IMSNU 21212, KCCM 11740, KCTC 1018, NBRC 12071, NBRC 12612, NCCB 60030, NCIMB 8143, NRIC 1844, VKM Ac-2185, VKM B-672",1,Corynebacterium ammoniagenes,2623620528,obligate aerobe
,,,,,647000230,
,,,,,649754.1,
,,,,,649754.3,
,,,,,GCA_000164115,
,,,,,GCA_001941425,
3134,S160,"DSM 6922, ATCC 49368, NCFB 2768, CCUG 35685, LMG 19043, JCM 7447, CCM 4123, CECT 4163, CGMCC 1.1939, CIP 103452, IFO 15207, KCTC 3432, NBRC 15207, NCIMB 13130",1,Corynebacterium amycolatum,2617270851,obligate aerobe
,,,,,43765.128,
,,,,,43765.79,
3200,CN-1,"DSM 44827, ATCC 700975, CCUG 48176, CIP 107346, JCM 12684, ATCC 700795",0,Corynebacterium aurimucosum,169292.148,obligate aerobe
,,,,,548476.11,
,,,,,548476.19,
,,,,,548476.2,
,,,,,548476.21,
,,,,,548476.3,
,,,,,548476.7,
,,,,,643692018,
,,,,,645951870,
,,,,,GCA_000022905,
3201,M598/96/3,"JCM 12369, DSM 44609, CCUG 39938, CIP 106629, LMG 19530",1,Corynebacterium auriscanis,2627854278,obligate aerobe
,,,,,99807.3,
,,,,,GCA_000767255,
3082,,"DSM 20582, ATCC 7715, NCTC 3224, CCUG 2705, JCM 11947, BCRC 12363, CIP 54.80, IMET 10632, JCM 1482, NCDO 1689, NCIMB 701689, PCM 2047",1,Corynebacterium bovis,2824244109,obligate aerobe
,,,,,36808.66,
,,,,,651324023,
,,,,,927655.4,
,,,,,927655.8,
,,,,,GCA_000183325,
,,,,,GCA_014191555,
3083,B-2244,"CCUG 28793, CIP 104277, DSM 20147, ATCC 15991, CCM 7707, NCIB 10338, NRRL B-2244, JCM 9489, BCRC 12128, CECT 4015, HAMBI 2053, IFO 15359, IMSNU 21209, KCTC 1444, NBRC 15359, NCIMB 10338",1,Corynebacterium callunae,1121353.11,obligate aerobe
,,,,,1121353.12,
,,,,,1121353.3,
,,,,,1121353.8,
,,,,,2522572159,
,,,,,2561511200,
,,,,,GCA_000344785,
,,,,,GCA_000420585,
3202,CRS-51,"DSM 44610, CCUG 39412, CECT 4897, JCM 11664, ATCC BAA-77, CIP 105508, LMG 19039",1,Corynebacterium camporealense,161896.3,obligate aerobe
,,,,,161896.4,
,,,,,2606217206,
,,,,,2808606813,
,,,,,GCA_000766885,
,,,,,GCA_000980815,
3203,"S108/98/2, 980914, S108/98/2*","DSM 44611, CCUG 39779, CIP 106739, JCM 12101, KCTC 19913",1,Corynebacterium capitovis,1121354.3,obligate aerobe
,,,,,2517572222,
,,,,,GCA_000372085,
3207,,"CCUG 57201, CIP 107182, DSM 44701, DPC 5298, LMG S-19264, NCIMB 30130, JCM 12072, LMG 19264",1,Corynebacterium casei,1285583.3,obligate aerobe
,,,,,1285583.5,
,,,,,GCA_000550785,
3216,"BIST 13, BS 13, BS13","DSM 44920, CCUG 47525, CECT 5779, CIP 108588, JCM 13388",1,Corynebacterium ciconiae,1121356.3,obligate aerobe
,,,,,2515154014,
,,,,,GCA_000372385,
3153,"C7s, C7 s (-) tox-","DSM 44123, ATCC 27010, CIP 100721, NCTC 11397, CCUG 37874",1,Corynebacterium diphtheriae subsp. diphtheriae,1717.62,obligate aerobe
,,,,,1717.769,
,,,,,1720349.3,
,,,,,2315257.3,
,,,,,2315257.4,
,,,,,2660238345,
,,,,,2916404855,
,,,,,GCA_001457455,
,,,,,GCA_001913265,
,,,,,GCA_902809765,
3192,"M714/95/5, M714-95-5, 980915","DSM 44508, CCUG 39943, CIP 106740, ATCC BAA-468, JCM 12103, VTT E-072718",1,Corynebacterium felinum,2923453845,obligate aerobe
,,,,,GCA_029383185,
3190,6695110,"CCUG 45704, CIP 106767, JCM 45704, DSM 44506, JCM 12104",1,Corynebacterium freneyi,134034.4,obligate aerobe
,,,,,134034.5,
,,,,,2918343737,
,,,,,GCA_017876455,
3191,20395347,"DSM 44507, CIP 106768",0,Corynebacterium freneyi,134034.1,obligate aerobe
,,,,,134034.11,
,,,,,134034.12,
,,,,,134034.6,
3092,534,"DSM 20300, ATCC 13032, NCIB 10025, CCUG 27702, CCTM La 2336, JCM 1318, BCRC 11384, CCM 2428, CECT 4157, CGMCC 1.1886, CIP 82.8, HAMBI 2052, IAM 12435, IFO 12168, IMET 10482, IMSNU 10063, IMSNU 21196, KCCM 40245, KCTC 1445, KCTC 9097, LMG 19741, LMG 3730, NBRC 12168, NCCB 70082, NCCB 72028, NCIMB 10025, NRRL B-2784",1,Corynebacterium glutamicum,1204414.5,obligate aerobe
,,,,,1310161.3,
,,,,,1718.115,
,,,,,1718.163,
,,,,,1718.164,
,,,,,1718.219,
,,,,,1718.344,
,,,,,196627.13,
,,,,,196627.14,
,,,,,2859564202,
3209,,"CCUG 54529, DSM 44683, CCTCC AA 001024, CIP 108972, JCM 12676, YIM 70093, KCTC 19015",1,Corynebacterium halotolerans,1121362.1,obligate aerobe
,,,,,1121362.3,
,,,,,1121362.6,
,,,,,2524023198,
,,,,,2556921045,
,,,,,GCA_000341345,
,,,,,GCA_000688435,
10843,C7,"DSM 20307, ATCC 25729, ATCC 6939, CCUG 892, CIP 54.72, DSM 43349, HAMBI 2061, JCM 1311, JCM 3209, LMG 18452, NBRC 101255, NBRC 14956, NCTC 1621, NRRL B-16538, VKM Ac-953, WDCM 00028, ACM 4987, BCRC 12859, CCM 3429, CCUG 20987, CCUG 23606, CECT 555, CGMCC 4.1824, IAM 12426, IFM 0162, IFO 14956, IMET 7467, IMSNU 22213, KACC 20051, KCTC 9082, LMG 5358, NBIMCC 1230, NCAIM B.02034, NCIMB 12828, PCM 559",0,Rhodococcus equi,1219013.4,obligate aerobe
,,,,,1219013.5,
,,,,,2565956795,
,,,,,2731957591,
,,,,,2877074331,
,,,,,2922538253,
,,,,,43767.23,
,,,,,43767.56,
,,,,,GCA_000473915,
,,,,,GCA_001552575,
3142,D1076,"DSM 7171, ATCC 43734, CIP 103337, DSM 46361, IFO 15298, IMET 11513, NBRC 15298, NCTC 11913, CCUG 27192, LMG 19049, JCM 9384, NCIMB 14491",1,Corynebacterium jeikeium,2916410081,obligate aerobe
,,,,,38289.35,
,,,,,38289.53,
,,,,,525262.3,
,,,,,647000231,
,,,,,GCA_000163435,
,,,,,GCA_001999385,
,,,,,GCA_028609885,
,,,,,GCA_900461185,
3223,"7015, D7015","DSM 44953, CGMCC 1.6998, NRRL B-24779, JCM 17491, CIP 110199",1,Corynebacterium marinum,1224162.11,obligate aerobe
,,,,,1224162.12,
,,,,,1224162.3,
,,,,,2630968455,
,,,,,349751.5,
,,,,,GCA_000835165,
,,,,,GCA_014645275,
3105,Barton,"DSM 20651, ATCC 23348, NCTC 10288, CCUG 541, JCM 9387, BCRC 14870, CCM 4728, CECT 4158, CIP 100652, IFO 15361, NBRC 15361",1,Corynebacterium minutissimum,1223512.3,obligate aerobe
,,,,,2645728081,
,,,,,2731957584,
,,,,,2811995197,
,,,,,38301.16,
,,,,,38301.3,
,,,,,38301.37,
,,,,,GCA_000805675,
,,,,,GCA_001552395,
,,,,,GCA_900478045,
3163,,"DSM 44265, CCUG 36878, CIP 105129, DMMZ 2278, JCM 10384, ATCC 700355, CCM 4678, LMG 19067",1,Corynebacterium mucifaciens,2512047048,obligate aerobe
,,,,,57171.3,
,,,,,GCA_012396315,
3245,GF 234/92,"CCUG 32254, DSM 8821, ATCC 51513, JCM 12146, CCM 4568, CIP 104075, IFM 10650, LMG 19071, NBRC 106139",1,Corynebacterium otitidis,2537561797,obligate aerobe
,,,,,2600255151,
,,,,,2623620536,
,,,,,883169.3,
,,,,,883169.8,
,,,,,GCA_000296405,
,,,,,GCA_000297795,
3172,"Riegel B 77159, B 77159","JCM 12106, DSM 44285, ATCC 51488, CCUG 33048, CIP 103792, LMG 19069",1,Corynebacterium propinquum,1121367.3,obligate aerobe
,,,,,2515154156,
,,,,,43769.22,
,,,,,GCA_000375525,
3175,697-97,"LMG 19055, DSM 44326, CCUG 38180, CIP 105310, DMMZ 2415, JCM 10389, ATCC 700782, CCM 4679",1,Corynebacterium riegelii,156976.15,obligate aerobe
134608,,"CIP 107068, CCUG 37878, NCTC 934",0,Corynebacterium segmentosum,2851550974,obligate aerobe
,,,,,43990.3,
,,,,,GCA_900637825,
3208,Y-11,"DSM 44721, CIP 105927, IFO 14764, JCM 10555, NBRC 14764, VKM Ac-2071, CCUG 46354, CCUG 44585, LMG 22191",1,Corynebacterium terpenotabidum,1200352.3,obligate aerobe
,,,,,GCA_000418365,
3225,ISS-5309,"JCM 15294, DSM 45101, ATCC BAA-1141, CCUG 51321, CIP 109389",1,Corynebacterium tuscaniense,GCA_008693065,obligate aerobe
3149,Bajo,"DSM 7110, ATCC 43043, CIP 103425",0,Corynebacterium urealyticum,43771.88,obligate aerobe
3124,FK 31,"DSM 20132, ATCC 15753, CCM 1565, NCIB 9455, JCM 2154, BCRC 12115, CCUG 23608, CCUG 45246, CECT 4178, CGMCC 1.1922, CIP 102112, HAMBI 1872, IAM 12346, IFO 15286, IMET 10433, LMG 22560, NBRC 15286, NCIMB 9455, NRRL B-4201, VKM Ac-1122, IFM 3030",1,Corynebacterium variabile,1727.16,obligate aerobe
,,,,,GCA_000720035,
,,,,,GCA_006539825,
3127,,"DSM 44702, CIP 107183, DPC 5310, JCM 12073, LMG S-19265, NCIMB 30131, CCUG 57202, LMG 19265, LMG 21937, LMG S-19625",0,Corynebacterium variabile,2511231114,obligate aerobe
,,,,,858619.3,
,,,,,GCA_000179395,
140753,"182, 0182","KCTC 42868, MCCC 1H00128",1,Crocinitomix algicola,2791354892,obligate aerobe
,,,,,GCA_001661595,
13288,TS-1980,"DSM 44230, ATCC 51143, IFO 14475, JCM 9111, NBRC 14475, NCIMB 13187, NRRL B-16238, CGMCC 4.1710, CIP 107132, IMSNU 21335, KCTC 9391, VKM Ac-1965",1,Crossiella cryophila,2870600976,obligate aerobe
,,,,,43355.3,
,,,,,GCA_014204915,
13289,,"DSM 44580, LDDC 22291-98, NRRL B-24104, JCM 12685, CIP 107800, NBRC 101840",1,Crossiella equi,130796.5,obligate aerobe
,,,,,2918413596,
,,,,,GCA_002155995,
,,,,,GCA_017876755,
7301,27-O-b,"DSM 4854, ATCC 43563, IAM 12024, IFO 15735, JCM 1463, NBRC 15735, NCIMB 2068, CCM 3311, CGMCC 1.1912, CGMCC 1.4292, CIP 105227, KCTC 3487, LMG 23845, VKM Ac-2100",1,Cryobacterium psychrophilum,2781126036,obligate aerobe
,,,,,41988.3,
,,,,,41988.4,
,,,,,GCA_004365915,
,,,,,GCA_004403975,
7302,"0549, 549","DSM 21575, CGMCC 1.5382, JCM 13925, CIP 109566",1,Cryobacterium psychrotolerans,2667527402,obligate aerobe
,,,,,386301.1,
,,,,,386301.9,
,,,,,GCA_004564325,
,,,,,GCA_900101115,
140669,Feb-36,"CCTCC AA 2016026, DSM 103787",1,Cumulibacter manganitolerans,2887435738,obligate aerobe
,,,,,GCA_009602465,
167276,ASC-9842,"LMG 26414, CIP 110327",1,Cupriavidus agavae,GCA_004217045,obligate aerobe
131252,ASC-732,"DSM 28880, CIP 110330, LMG 26294",1,Cupriavidus alkaliphilus,2671180232,obligate aerobe
,,,,,GCA_900094595,
1997,RK1,"DSM 11853, CCUG 49340, LMG 19474, LMG 18990, ATCC BAA-699, CIP 106792",1,Cupriavidus basilensis,68895.15,obligate aerobe
,,,,,GCA_008801925,
2042,,"DSM 17293, CCUG 44526, CIP 107177, LMG 19282",1,Cupriavidus campinensis,151783.38,obligate aerobe
,,,,,GCA_905397395,
2041,4325,"LMG 5886, CCM 4866, DSM 17292, ATCC 700815, CCUG 38401, CIP 105966, JCM 11283, BCRC 17471",1,Cupriavidus gilardii,82541.14,obligate aerobe
,,,,,82541.17,
,,,,,GCA_008801915,
,,,,,GCA_013004615,
2043,E6793,"DSM 17313, CCM 4867, CCUG 12507, CDC E6793, CIP 105943, LMG 3244, JCM 11286, ATCC 700817, BCRC 17496",1,Cupriavidus pauculus,82633.14,obligate aerobe
,,,,,82633.2,
,,,,,82633.22,
,,,,,82633.24,
,,,,,82633.27,
,,,,,GCA_008801835,
169029,ASC-64,"CIP 110328, LMG 26296",1,Cupriavidus plantarum,GCA_905397285,obligate aerobe
2045,AU3313,"DSM 17358, CCM 7175, CCUG 46809, CIP 108131, LMG 21510",1,Cupriavidus respiraculi,195930.1,obligate aerobe
,,,,,195930.4,
,,,,,195930.6,
,,,,,195930.8,
,,,,,GCA_914271545,
2044,R1,"DSM 17343, CCUG 44338, CIP 107717, LMG 19424, CIP 107171",1,Cupriavidus taiwanensis,164546.7,obligate aerobe
,,,,,644736347,
,,,,,977880.27,
,,,,,GCA_000069785,
7324,B55,"DSM 21577, JCM 14609, NBRC 101786, VTCC D6-11, CIP 109639",1,Curtobacterium ammoniigenes,1223517.3,obligate aerobe
,,,,,2690315830,
,,,,,GCA_001571045,
7320,"P 420/07, P420/07","DSM 14013, LMG 19917, JCM 12140, CIP 108224, IAM 15148, NBRC 103064, VKM Ac-2512",1,Curtobacterium herbarum,150122.5,obligate aerobe
,,,,,2893540075,
,,,,,GCA_016907335,
135266,,"CIP 108608, IAM 15033, ATCC BAA-807, CCUG 49445, JCM 21496",1,Curvibacter gracilis,GCA_000518645,obligate aerobe
134150,,"KCTC 12363, LMG 23026, KMM 6143, CIP 108848",1,Cyclobacterium amurskyense,2636415561,obligate aerobe
,,,,,320787.11,
,,,,,GCA_001050135,
166288,,"DSM 103992, KCTC 52558, SYSU SYW-6",1,Cysteiniphilum halobium,2219059.3,obligate aerobe
,,,,,GCA_003574425,
675,"613, original","DSM 12, ATCC 14575, CCM 2213, JCM 2512, NCIB 9366, NCTC 10335, CCUG 7418, NRS 613, BCRC 11730, CECT 14, CIP 52.70, IAM 12464, IAM 14179, IFO 15306, KCTC 3626, LMG 7125, NBRC 15306, NCIMB 9366, NRRL B-14307, NRRL NRS-613, VKM B-498, VTT E-97061, NCDO 1762",1,Cytobacillus firmus,1314753.7,obligate aerobe
,,,,,1399.16,
,,,,,2731957652,
,,,,,2814123191,
,,,,,GCA_001591465,
,,,,,GCA_900445365,
1297,1P01SC,"DSM 23495, MTCC 9535, NRRL B-59162, CIP 110062",1,Cytobacillus horneckiae,GCA_002835735,obligate aerobe
3898,5516T-11,"DSM 24869, JCM 15443, KACC 12746, CIP 110189",1,Deinococcus aerophilus,522488.3,obligate aerobe
,,,,,GCA_014647075,
3885,CC-FR2-10,"DSM 19119, CCUG 51391, CIP 108832, CCUG 53391",1,Deinococcus ficus,1121379.3,obligate aerobe
,,,,,2524614857,
,,,,,2739367875,
,,,,,GCA_000430865,
,,,,,GCA_003444775,
3855,AG-3a,"DSM 11300, CIP 105573",1,Deinococcus geothermalis,319795.16,obligate aerobe
,,,,,319795.25,
,,,,,319795.26,
,,,,,641228488,
,,,,,GCA_000196275,
3858,ALT-1b,"DSM 11303, CCUG 50777, CIP 105574",1,Deinococcus murrayi,1121383.4,obligate aerobe
,,,,,2527291725,
,,,,,GCA_000482805,
159403,S14-83,"DSM 105285, CCTCC AB 2015449",1,Deinococcus psychrotolerans,GCA_003860465,obligate aerobe
3852,"R1, R<SUB>1</SUB>","CCUG 27074, DSM 20539, ATCC 13939, CCM 1700, JCM 16871, NCIB 9279, CIP 104750, HAMBI 1924, IFO 15346, LMG 4051, NBRC 15346, NCIMB 9279, UWO 288, VKM B-1422",1,Deinococcus radiodurans,1121384.3,obligate aerobe
,,,,,1408434.13,
,,,,,1408434.14,
,,,,,1408434.15,
,,,,,1408434.16,
,,,,,1408434.17,
,,,,,1408434.18,
,,,,,1408434.19,
,,,,,1408434.2,
,,,,,1408434.21,
133032,,"DSM 29933, CGMCC 1.15089, YIM F302",1,Deinococcus soli,1765963.3,obligate aerobe
,,,,,GCA_014640655,
3921,2002-46,"CCUG 39179, CCM 4700, CIP 105501, JCM 11480, DSM 11295, IFO 16164, NBRC 16164, HKI 0089, NCIMB 13517",1,Demetria terragena,1121385.3,obligate aerobe
,,,,,2521172561,
,,,,,GCA_000376825,
3924,MT1.1,"DSM 17573, CIP 109302, NCIMB 14084, JCM 14339",1,Dermacoccus abyssi,2833109367,obligate aerobe
,,,,,GCA_003515945,
24104,E84,"DSM 25750, CCM 8398, CIP 110375, LMG 26909",1,Devosia epidermidihirudinis,2639762899,obligate aerobe
,,,,,GCA_000971295,
6165,,"DSM 17137, CIP 109005, LMG 22951",1,Devosia limi,1121477.3,obligate aerobe
,,,,,1121477.5,
,,,,,2582580747,
,,,,,2627853739,
,,,,,GCA_000970435,
,,,,,GCA_900128975,
4258,K30-10,"DSM 44907, JCM 13325, MTCC 7007, CCUG 54952, BCRC 16834, CIP 109330, NBRC 105042, NCIMB 14304",1,Dietzia kunjamensis subsp. kunjamensis,2728369259,obligate aerobe
,,,,,322509.3,
,,,,,GCA_003610395,
4241,AUCNM-A-593,"DSM 43672, ATCC 35013, AUCNM A-593, CIP 104188, IFO 15801, JCM 6166, NBRC 15801, VKM Ac-593, CCUG 44488, NCIMB 11744, IMV 195, CECT 4617, IFO 15529, IMSNU 21250, KCTC 9950, LMG 5361, NBRC 15529, NRRL B-16941, PCM 2292",1,Dietzia maris,2834342532,obligate aerobe
,,,,,37915.4,
,,,,,GCA_001630765,
4254,ILA-1,"DSM 44820, CCUG 47128, CCUG 47263, CIP 107427, IAM 14896, NCIMB 13777, JCM 10987, BCRC 16329, CCUG 49427, DSM 44782, NBRC 103065, IAM 14890",1,Dietzia psychralcaliphila,139021.3,obligate aerobe
,,,,,139021.4,
,,,,,2737471650,
,,,,,2841078895,
,,,,,GCA_003046525,
,,,,,GCA_003096095,
,,,,,GCA_009806395,
229,2991-95,"DSM 15742, ATCC BAA-56, CCM 4936, CIP 106314, CCUG 39307",1,Dolosicoccus paucivorans,2622736585,obligate aerobe
,,,,,84521.3,
,,,,,GCA_900100125,
140688,,"KCTC 33830, MTCC 12575, DSM 100929, SAB 38, JCM 32632",1,Domibacillus epiphyticus,GCA_001975785,obligate aerobe
132389,S6,"DSM 29979, CCTCC AB 2015183",1,Domibacillus iocasae,1714016.4,obligate aerobe
,,,,,2791354958,
,,,,,GCA_001750285,
140687,,"KCTC 33820, MTCC 12571, DSM 100930, SAOS 44, JCM 32631",1,Domibacillus mangrovi,GCA_001906925,obligate aerobe
23879,A54,"DSM 21582, CGMCC 1.6375, JCM 14200, CIP 109570",1,Dyadobacter beijingensis,1121482.3,obligate aerobe
,,,,,2522125168,
,,,,,365489.3,
,,,,,GCA_000382205,
,,,,,GCA_014645155,
3777,"CP 183-8, CP183-8","DSM 16708, ATCC BAA-1036, KCTC 23639, CIP 109009, VTT E-072669",1,Dyadobacter crusticola,1121483.3,obligate aerobe
,,,,,2561511040,
,,,,,GCA_000701505,
3776,"NS 114, NS114","DSM 18053, ATCC 700827, CIP 107007, KCTC 52180",1,Dyadobacter fermentans,471854.5,obligate aerobe
,,,,,644736356,
,,,,,GCA_000023125,
3782,BZ26,"DSM 22270, CGMCC 1.8951, KCTC 23640, CIP 110129",1,Dyadobacter psychrophilus,2595698219,obligate aerobe
,,,,,651661.3,
,,,,,GCA_900167945,
17718,,"DSM 17526, CIP 109902, LMG 23754, KMM 6221",1,Echinicola vietnamensis,2509276020,obligate aerobe
,,,,,926556.3,
,,,,,GCA_000325705,
158304,,"DSM 104462, SBC 68, VKM B-3208",1,Tunturiibacter lichenicola,2051959.1,obligate aerobe
,,,,,GCA_025264645,
434,MP4,"DSM 22757, CIP 109385, NCIMB 14276",1,Effusibacillus pohliae,1120973.4,obligate aerobe
,,,,,2518645625,
,,,,,GCA_000376225,
5506,14 (serotype A),"DSM 2800, ATCC 13253, IAM 14198, IFO 12535, NBRC 12535, NCTC 10016, CCUG 214, CIP 60.57, LMG 12279, JCM 21065, AJ 2517, CCM 2719, CCTM La 3011, CDC 14, CECT 447, GIFU 506, LMG 4027, PCM 2225, RIMD 0614002",1,Elizabethkingia meningoseptica,1216967.5,obligate aerobe
,,,,,1216967.6,
,,,,,238.66,
,,,,,238.8,
,,,,,2545824725,
,,,,,2563367139,
,,,,,2823236545,
,,,,,GCA_000367325,
,,,,,GCA_000401415,
,,,,,GCA_900092105,
135812,58-80,"CIP 80.33, NCTC 11381",0,Elizabethkingia meningoseptica,2854750601,obligate aerobe
137542,8388,"CCUG 4308, CIP 78.8, NCTC 10588",0,Elizabethkingia meningoseptica,238.88,obligate aerobe
,,,,,GCA_900447425,
137583,"G4071, 13-78","CIP 78.30, NCTC 11305, DSM 103689",0,Elizabethkingia meningoseptica,238.86,obligate aerobe
,,,,,2823255045,
,,,,,GCA_900447195,
138466,,"CIP 60.58, ATCC 13254, NCTC 10585",0,Elizabethkingia meningoseptica,1117645.183,obligate aerobe
,,,,,GCA_900156985,
5507,W3-B1,"CCUG 58416, JCM 11413, DSM 14571, CIP 108250, GTC 862, KCTC 12492, BCRC 17371",1,Elizabethkingia miricola,172045.52,obligate aerobe
,,,,,172045.68,
,,,,,2593339301,
,,,,,GCA_008124555,
,,,,,GCA_900092045,
16401,KM-4927,"DSM 41855, CIP 108319, JCM 11712, NRRL B-24202, NBRC 100760",1,Embleya scabrispora,1123320.3,obligate aerobe
,,,,,2515154197,
,,,,,GCA_000372745,
138772,CL 88-76,"CIP 103104, ATCC 43319, CCM 3299, NCTC 11099, CCUG 7320, LMG 4011, LMG 12437, IFO 14943, JCM 1276, CFBP 3031, IAM 14197, JCM 21064, KCTC 2489, KCTC 2902, NBRC 14943, VTT E-91455",1,Empedobacter brevis,1218108.3,obligate aerobe
,,,,,1218108.8,
,,,,,2521172654,
,,,,,GCA_000382425,
,,,,,GCA_007990795,
4400,Et1/99,"DSM 17950, CIP 109463, NCPPB 4357",1,Erwinia tasmaniensis,465817.23,obligate aerobe
,,,,,465817.24,
,,,,,465817.25,
,,,,,465817.26,
,,,,,465817.27,
,,,,,465817.9,
,,,,,642555128,
,,,,,GCA_000026185,
4390,52,"DSM 21139, CFPB 2355, CIP 105205, LMG 2906, NCPPB 2452",1,Erwinia tracheiphila,2576861418,obligate aerobe
5393,ALC-2,"DSM 12079, CIP 108282, ATCC BAA-386",1,Erythrobacter cryptus,1122970.3,obligate aerobe
,,,,,2523231068,
,,,,,GCA_000422985,
5381,T4,"DSM 8509, IAM 14332, CIP 106926",1,Erythrobacter litoralis,2585427957,obligate aerobe
,,,,,2811995009,
,,,,,39960.1,
,,,,,39960.13,
,,,,,39960.3,
,,,,,GCA_000714795,
,,,,,GCA_001719165,
5388,,"DSM 9434, ACM 2844, CIP 104070",1,Erythrobacter neustonensis,1112.5,obligate aerobe
,,,,,2751185752,
,,,,,GCA_001663175,
5387,E5,"DSM 8510, IAM 14333, NCIMB 13404, JCM 10282, ATCC 700003, CIP 106927, NBRC 102621",1,Erythrobacter ramosus,2828010827,obligate aerobe
,,,,,35811.5,
,,,,,35811.6,
,,,,,GCA_009828055,
,,,,,GCA_014195675,
5391,A91,"DSM 11032, ATCC 25659, IAM 12620, ICPB 4167, IFO 15763, NBRC 15763, JCM 20691, LMG 160, NCIMB 1539, CIP 107821",1,Erythrobacter sanguineus,198312.3,obligate aerobe
,,,,,198312.6,
,,,,,2582580729,
,,,,,2848682527,
,,,,,GCA_002155655,
,,,,,GCA_900143235,
133614,7SM30,"CECT 7477, KCTC 22655, CIP 109943",1,Euzebyella saccharophila,679664.3,obligate aerobe
,,,,,GCA_014855495,
1242,N-4,"DSM 2522, ATCC 21833, FERM P-1141, JCM 9156, CIP 109017, FERM 1141",1,Evansella cellulosilytica,649633010,obligate aerobe
,,,,,649639.5,
,,,,,GCA_000177235,
1132,"PN 102, VP 395","DSM 8720, ATCC 700162, CIP 105301",1,Evansella clarkii,2898074128,obligate aerobe
,,,,,79879.3,
,,,,,GCA_002019695,
1111,"JaH, Ja H","DSM 9768, ATCC 700130, CIP 105292",1,Evansella vedderi,2926552592,obligate aerobe
166289,,"DSM 103991, KCTC 52556, SYSU SYW-5",1,Facilibium subflavum,2219058.3,obligate aerobe
,,,,,GCA_003574485,
7586,M597/99/10,"DSM 13988, CCUG 42953, CIP 107054, JCM 11677",1,Falsarthrobacter nasiphocae,2919378658,obligate aerobe
1409,CW 7,"DSM 25281, CCTCC AB 207188, KCTC 13200, LMG 24451, CIP 109936, BCRC 80032",1,Falsibacillus pallidus,2770939515,obligate aerobe
,,,,,493781.3,
,,,,,GCA_003350505,
166120,HYT19,"CCTCC AB 2018342, JCM 33105",1,Fibrisoma montanum,2832102650,obligate aerobe
,,,,,GCA_003583365,
1205,"V2-BIII-A2, V<SUB>2</SUB>-BIII-A<SUB>2</SUB>","DSM 14730, CCM 4982, CIP 108015",1,Fictibacillus barbaricus,182136.3,obligate aerobe
,,,,,182136.4,
,,,,,GCA_014635025,
,,,,,GCA_017052555,
1245,ZFHKF-1,"DSM 17262, JCM 13285, CIP 109160, NCIMB 14300",1,Fictibacillus macauensis,1196324.3,obligate aerobe
,,,,,2524023182,
,,,,,GCA_000269865,
164470,L12M1,"JCM 33169, KCTC 62750",1,Flammeovirga pectinis,2494373.3,obligate aerobe
,,,,,CP034562,
,,,,,GCA_003970675,
24010,IR25-3,"DSM 25626, CIP 109099, NBRC 100898",1,Flammeovirga yaeyamensis,2827971030,obligate aerobe
,,,,,367791.4,
,,,,,367791.5,
,,,,,367791.6,
,,,,,GCA_012844325,
,,,,,GCA_014195575,
,,,,,GCA_018736045,
164573,R14,"JCM 33473, KACC 21229",1,Flavihumibacter soli,2890264764,obligate aerobe
,,,,,GCA_010692725,
133199,YS-17,"CCTCC AB 2016053, KCTC 52205",1,Flavihumibacter stibioxidans,2920284866,obligate aerobe
,,,,,GCA_014332695,
5511,H35,"DSM 18180, CIP 109091",1,Flaviramulus basaltis,2675903155,obligate aerobe
,,,,,369401.5,
,,,,,GCA_900114265,
24024,IK-1,"DSM 25510, ATCC BAA-2412, CIP 110358",1,Flavobacterium akiainvivens,1202724.5,obligate aerobe
,,,,,2648501255,
,,,,,2693429907,
,,,,,GCA_001278115,
,,,,,GCA_900115875,
158819,HR-AY,"KACC 19407, JCM 32264",1,Flavobacterium alvei,GCA_002920895,obligate aerobe
166172,LLJ-11,"BCRC 81124, LMG 30599, KCTC 62514",1,Flavobacterium amnicola,GCA_004122165,obligate aerobe
5570,D3,"DSM 22555, CGMCC 1.6859, KCTC 22128, JCM 14864, CIP 109938",1,Flavobacterium anhuiense,2596583647,obligate aerobe
,,,,,459526.1,
,,,,,GCA_900101855,
5557,AT1026,"DSM 19726, CIP 108750, IMSNU 14042, JCM 12383, KCTC 12222, KCTC 23290, KCTC 52532, LMG 25319",1,Flavobacterium antarcticum,1111730.5,obligate aerobe
,,,,,2513237111,
,,,,,GCA_000419685,
5550,"WB1.1-56, 1.1-56","DSM 18293, CCUG 59847, CIP 109242, KCTC 22840, WB 1.1-56",1,Flavobacterium aquidurense,2693429908,obligate aerobe
,,,,,362413.16,
,,,,,362413.7,
,,,,,GCA_002217195,
,,,,,GCA_900107365,
136420,,"CIP 105534, ATCC 29585, LMG 1342, UASM B-2-25",0,Flavobacterium bizetiae,2704140.3,obligate aerobe
,,,,,2704140.5,
,,,,,2903889922,
,,,,,GCA_902804475,
,,,,,GCA_904425415,
136421,,"CIP 105535, ATCC 29586, UASM E-1-25",0,Flavobacterium bizetiae,GCA_904424765,obligate aerobe
5572,NJ-26,"DSM 22462, CGMCC 1.6844, NBRC 103934, CIP 109891, KACC 14365",1,Flavobacterium cheniae,2596583558,obligate aerobe
,,,,,2757320365,
,,,,,295428.4,
,,,,,295428.5,
,,,,,GCA_004363695,
,,,,,GCA_007830415,
133489,CJ7,"KACC 13353, JCM 15651, CCUG 58910, CIP 110025, LMG 26729",1,Flavobacterium chungangense,1453505.4,obligate aerobe
,,,,,2609460032,
,,,,,2654844.3,
,,,,,554283.6,
,,,,,GCA_000735715,
,,,,,GCA_903819445,
5565,R2A45-3,"DSM 18830, CIP 109888, KACC 11732",1,Flavobacterium cucumis,2698536819,obligate aerobe
,,,,,416016.4,
,,,,,GCA_900148835,
24023,E89,"DSM 25795, CIP 110384, LMG 26922",1,Flavobacterium cutihirudinis,1265740.4,obligate aerobe
,,,,,2695421040,
,,,,,GCA_003385895,
5546,GH1-10,"DSM 17708, CIP 109900, KACC 11422, CIP 110192",1,Flavobacterium daejeonense,1121887.3,obligate aerobe
,,,,,2523533615,
,,,,,GCA_000425425,
5567,EMB 117,"CCUG 59869, DSM 17963, CIP 109898, KCTC 12612",1,Flavobacterium defluvii,2695420958,obligate aerobe
,,,,,370979.5,
,,,,,GCA_900129555,
5539,ED5,"DSM 15936, ATCC BAA-842, CIP 109214",1,Flavobacterium denitrificans,1121888.3,obligate aerobe
,,,,,2523533577,
,,,,,GCA_000425445,
5569,"EMB 34, EMB34","DSM 17961, KCTC 12610, CIP 109743",1,Flavobacterium filum,1121889.3,obligate aerobe
,,,,,2523533606,
,,,,,GCA_000425465,
5538,KUC-1,"DSM 15937, CCUG 59364, JCM 12218, CIP 109029",1,Flavobacterium frigidimaris,262320.5,obligate aerobe
,,,,,262320.7,
,,,,,2695420960,
,,,,,GCA_002217275,
,,,,,GCA_900129595,
5566,"0499, 499","DSM 19728, CGMCC 1.5380, JCM 13953, CCUG 60844, CIP 109489, BCRC 81081",1,Flavobacterium glaciei,2596583583,obligate aerobe
,,,,,2770939517,
,,,,,386300.4,
,,,,,386300.6,
,,,,,GCA_003350545,
,,,,,GCA_007994155,
133551,Gm-149,"ICMP 17618, NBRC 105008, CIP 110235",1,Flavobacterium glycines,2660237900,obligate aerobe
,,,,,2772190675,
,,,,,551990.4,
,,,,,551990.7,
,,,,,GCA_001686935,
,,,,,GCA_007989005,
,,,,,GCA_900100165,
5547,KW05,"DSM 17797, IAM 15099, JCM 21560, KCTC 12201, NBRC 102009, DSM 19729, CIP 108709",1,Flavobacterium granuli,2695420922,obligate aerobe
,,,,,2695420924,
,,,,,280093.5,
,,,,,280093.7,
,,,,,GCA_003003155,
,,,,,GCA_900129705,
5568,WB4.2-33,"DSM 18292, LMG 26768, CIP 109241, WB 4.2-33",1,Flavobacterium hercynium,2724679814,obligate aerobe
,,,,,387094.4,
,,,,,GCA_002217285,
5531,LCI,"DSM 12611, ACAM 376, ATCC 51468, CIP 105745",1,Flavobacterium hibernum,2648501293,obligate aerobe
,,,,,37752.5,
,,,,,37752.9,
,,,,,GCA_000832125,
,,,,,GCA_002217315,
5563,GPTSA100-9,"DSM 17447, CIP 109464, MTCC 6936, CCUG 58932",1,Flavobacterium indicum,1094466.2,obligate aerobe
,,,,,2540341066,
,,,,,GCA_000455605,
5515,UW 101,"CCUG 35202, NCIMB 11054, LMG 1341, CFBP 3036, CIP 100931, JCM 8514, DSM 2064, ATCC 17061, IAM 14304, IFO 14942, NBRC 14942, NCIB 11054, Cy j3, MYX 1.1.1, BCRC 14874, GIFU 2500, LMG 1340, NCCB 96103, MYX 1.1.1.",1,Flavobacterium johnsoniae subsp. johnsoniae,2698536700,obligate aerobe
,,,,,376686.1,
,,,,,376686.29,
,,,,,644736369,
,,,,,986.1,
,,,,,GCA_000016645,
,,,,,GCA_002221975,
,,,,,GCA_900142355,
5535,ST-82,"DSM 15094, JCM 11473, CCUG 58906, LMG 21930, CIP 107957, KCTC 12494, NBRC 103156",1,Flavobacterium limicola,180441.4,obligate aerobe
,,,,,2698536747,
,,,,,GCA_003634755,
5571,IP-10,"DSM 21886, CCM 7424, MTCC 8597, CIP 109890",1,Flavobacterium lindanitolerans,2708743162,obligate aerobe
,,,,,2731639123,
,,,,,428988.11,
,,,,,428988.6,
,,,,,GCA_002846575,
,,,,,GCA_003663835,
,,,,,GCA_014385425,
140887,HQQ,"CGMCC 1.15347, KCTC 42935",1,Flavobacterium lutivivi,1677894.3,obligate aerobe
,,,,,GCA_014642275,
5555,ZF-8,"DSM 19742, AS 1.2747, JCM 11313, CGMCC 1.2747, CIP 108050, KCTC 12490",1,Flavobacterium omnivorum,178355.3,obligate aerobe
,,,,,2617270789,
,,,,,GCA_900099915,
133311,SP3,"CGMCC 1.12506, NBRC 109717",1,Flavobacterium orientale,1756020.3,obligate aerobe
,,,,,GCA_014638005,
5528,81,"DSM 6368, ATCC 19366, IAM 14307, NCIB 9059, Dorey 81, Cy p1, JCM 8518, CIP 104742, IFO 15945, LMG 4031, LMG 8366, NBRC 15945, NCIMB 9059, VKM B-1171",1,Flavobacterium pectinovorum,2698536748,obligate aerobe
,,,,,29533.3,
,,,,,29533.5,
,,,,,GCA_002217365,
,,,,,GCA_900142715,
133758,FCS-5,"MTCC 10967, JCM 17928, CIP 110368",1,Flavobacterium rakeshii,1038845.3,obligate aerobe
,,,,,GCA_009741375,
5577,WB3.2-61,"DSM 21791, CIP 109866, WB 3.2-61",1,Flavobacterium reichenbachii,362418.11,obligate aerobe
,,,,,GCA_002217435,
5575,WB3.3-2,"DSM 21788, CIP 109865, CCUG 58934, WB 3.3-2",1,Flavobacterium rivuli,1121895.5,obligate aerobe
,,,,,1121895.7,
,,,,,2519103183,
,,,,,GCA_000378485,
,,,,,GCA_000769825,
5574,"SS7, YC06274","DSM 21067, CIP 110183, KCTC 22246",1,Flavobacterium sasangense,1121896.3,obligate aerobe
,,,,,2563366726,
,,,,,GCA_000686885,
5561,AT1048,"DSM 19741, CIP 109332, IMSNU 14050, JCM 12385, KCTC 12224",1,Flavobacterium segetis,2695420957,obligate aerobe
,,,,,271157.3,
,,,,,GCA_900129575,
133555,"0533, 533","CGMCC 1.8704, JCM 16398, CIP 110296",1,Flavobacterium sinopsychrotolerans,2619618873,obligate aerobe
,,,,,604089.3,
,,,,,GCA_900110375,
5559,DS-6,"DSM 19725, CIP 108840, KCTC 12542",1,Flavobacterium soli,1121897.4,obligate aerobe
,,,,,2522572162,
,,,,,GCA_000422705,
5576,WB4.1-42,"DSM 21790, CIP 109867, WB 4.1-42",1,Flavobacterium subsaxonicum,1121898.3,obligate aerobe
,,,,,1121898.5,
,,,,,2524614667,
,,,,,GCA_000422725,
,,,,,GCA_000769935,
5545,"GH 29-5, GH29-5","DSM 17707, CIP 109901, KACC 11423",1,Flavobacterium suncheonense,1121899.3,obligate aerobe
,,,,,1121899.5,
,,,,,2524614632,
,,,,,2630968897,
,,,,,GCA_000430025,
,,,,,GCA_000769835,
5549,DS-20,"DSM 17934, CIP 109939, KCTC 12761",1,Flavobacterium terrigena,2600255390,obligate aerobe
,,,,,402734.4,
,,,,,GCA_900108955,
5560,AT1042,"DSM 19727, CIP 109334, IMSNU 14048, JCM 12384, KCTC 12223",1,Flavobacterium weaverense,2698536818,obligate aerobe
,,,,,271156.3,
,,,,,GCA_003688495,
140254,R1,"DSM 105369, JCM 31060, KACC 18597",1,Flexivirga oryzae,1794944.3,obligate aerobe
,,,,,2821263656,
,,,,,GCA_014190805,
166983,PL17,"CECT 9407, VKM B-3467",1,Frigoriglobus tundricola,CP053452,obligate aerobe
,,,,,GCA_013128195,
6862,FS-1,"DSM 13613, JCM 12225, LMG 21928, NRRL B-23447, BCRC 81231, CIP 107593",1,Fructobacillus ficulneus,157463.3,obligate aerobe
,,,,,2775506870,
,,,,,GCA_001047075,
6863,"LC-51, LC51","DSM 15468, CECT 5759, JCM 17832, BCRC 81234, CIP 109309, LMG 23899, NCIMB 14364, NRIC 0698",1,Fructobacillus pseudoficulneus,220714.3,obligate aerobe
,,,,,220714.4,
,,,,,2600254955,
,,,,,2814123065,
,,,,,GCA_001047115,
,,,,,GCA_900108455,
134228,Mok-17,"NBRC 101624, CIP 109219",1,Galbibacter mesophilus,GCA_023721415,obligate aerobe
134131,IC158,"ACAM 1054, CIP 108531",1,Gelidibacter gilvus,2889945841,obligate aerobe
,,,,,GCA_004115975,
134132,IC162,"ACAM 1053, CIP 108532",1,Gelidibacter salicanalis,291193.3,obligate aerobe
,,,,,GCA_007997285,
158276,RAM11,"DSM 29853, NCAIM B.02618",1,Gellertiella hungarica,1572859.3,obligate aerobe
,,,,,2830095549,
,,,,,GCA_014197145,
162600,CC-PW-75,"JCM 19754, BCRC 80759",1,Gemmobacter aestuarii,2891415116,obligate aerobe
,,,,,GCA_004799285,
1437,"BD 53, T 281, NRS-81","DSM 7263, ATCC 8005, NCIMB 8547, NRRL NRS-81, CCUG 28890, CIP 106929, LMG 9819, NCCB 30003, JCM 20319, BCRC 11223, IAM 11001, NBRC 102445",1,Geobacillus kaustophilus,1220595.3,obligate aerobe
,,,,,1220595.8,
,,,,,2600255052,
,,,,,2843255297,
,,,,,GCA_000739955,
,,,,,GCA_005160065,
137035,TD1,"CIP 110046, DSM 22570",0,Aeribacillus pallidus,33936.2,obligate aerobe
,,,,,GCA_004210355,
1444,10,"DSM 13240, CIP 106956",0,Geobacillus stearothermophilus,272567.18,obligate aerobe
,,,,,272567.8,
41,,"DSM 5603, ATCC 14835, CCUG 18124, IAM 1834, IFO 12388, LMG 1381, LMG 1382, NBRC 12388, NCIMB 9136, JCM 17840, BCRC 12950, CCM 3621, CIP 103109",1,Gluconacetobacter liquefaciens,2756170231,obligate aerobe
,,,,,89584.5,
,,,,,89584.7,
,,,,,89584.9,
,,,,,GCA_003350405,
,,,,,GCA_006539085,
,,,,,GCA_014174285,
55,,"DSM 7148, ATCC 49206, JCM 21279, CIP 104733, IAM 14721, IFO 3276, LMG 1390, NBRC 3276, NCIMB 13199",0,Gluconobacter cerinus,38307.39,obligate aerobe
,,,,,GCA_018812125,
53,40,"DSM 7146, ATCC 49207, IFO 3264, NBRC 3264, CIP 104735",1,Gluconobacter frateurii,38308.3,obligate aerobe
,,,,,GCA_002723955,
46,,"DSM 2343, ATCC 621H, NCIB 8036, CIP 104215, NCIMB 8036",0,Gluconobacter oxydans,290633.11,obligate aerobe
,,,,,290633.23,
,,,,,290633.24,
,,,,,290633.25,
,,,,,290633.26,
,,,,,290633.27,
137575,F149-1,"CIP 108781, BCC 14116, NBRC 100600, PCU 225, TISTR 1533, JCM 12310, LMG 23137",1,Gluconobacter thailandicus,1231357.3,obligate aerobe
,,,,,1231357.4,
,,,,,257438.4,
,,,,,2728368905,
,,,,,GCA_000964465,
,,,,,GCA_001580935,
,,,,,GCA_007990185,
7613,An25,"DSM 17432, CGMCC 1.3685, JCM 12921, CIP 109137",1,Glutamicibacter ardleyensis,225894.3,obligate aerobe
,,,,,GCA_014644555,
7602,Re117,"DSM 16368, CIP 108037, JCM 13566, IAM 15318, NCIMB 14258, VTT E-072719",1,Glutamicibacter arilaitensis,649633006,obligate aerobe
,,,,,861360.22,
,,,,,861360.23,
,,,,,GCA_000197735,
7582,"NANDA-189, A-189","DSM 12798, ATCC 33408, NCIMB 10583, JCM 11565, CIP 102716, IAM 14869, KCTC 3381, LMG 16219, NBRC 103060, VTT E-072694",1,Glutamicibacter nicotianae,1216975.4,obligate aerobe
,,,,,257984.4,
,,,,,2627854287,
,,,,,2681812973,
,,,,,GCA_001552115,
,,,,,GCA_002797775,
7525,,"DSM 20579, ATCC 14929, NCIB 9545, CCUG 43493, CIP 104276, CIP 82.22, JCM 1970, BCRC 12148, KCTC 3129, KCTC 3257, LMG 16159, NCIMB 9545",0,Glutamicibacter nicotianae,2893596632,obligate aerobe
,,,,,37929.9,
,,,,,GCA_016907615,
7534,M-570,"DSM 20168, ATCC 19271, CCEB 282, CIP 106987, JCM 1973, LMG 16324, NBRC 12128, VKM Ac-2104, BCRC 12118, CCM 4749, CGMCC 1.1921, IFO 12128, KACC 10933, KCTC 3385, NCIMB 12765, CCRC 12118",1,Glutamicibacter protophormiae,2918390780,obligate aerobe
,,,,,37930.4,
,,,,,37930.6,
,,,,,GCA_014647495,
,,,,,GCA_017876615,
7568,U-23,"DSM 20647, ATCC 21749, JCM 11944, BCRC 14857, CGMCC 1.2821, CIP 102367, FERM P-789, IFO 15515, KCTC 3482, LMG 16220, NBRC 15515, NCDO 2282, NCIMB 702282, VKM Ac-1979",1,Glutamicibacter uratoxydans,43667.3,obligate aerobe
,,,,,GCA_006539925,
164440,ZYF765,"JCM 33028, MCCC 1K03554",1,Glycocaulis profundi,GCA_007050995,obligate aerobe
,,,,,VJOU00000000,
10578,"E9028, N934","DSM 43978, ATCC 33611, JCM 6046, CIP 104184, IFO 16046, KCTC 9808, NBRC 108223, NBRC 16046, NRRL B-16934, PCM 2573",1,Gordonia aichiensis,1220583.3,obligate aerobe
,,,,,2523231036,
,,,,,GCA_000332975,
10585,2102-488,"DSM 44369, IFO 16433, JCM 10677, NBRC 16433, HKI 0136, CIP 106363, IFM 10352, KCTC 9951, NCIMB 13615",1,Gordonia alkanivorans,1027371.3,obligate aerobe
,,,,,2512047058,
,,,,,GCA_000225505,
10576,"Se6, A-0171","DSM 43392, ATCC 27808, CCM 2753, DSM 43376, DSM 43587, IMET 7518, IMRU 3960, JCM 3171, KCC A-0171, NCIB 11222, BCRC 13728, CECT 5704, CGMCC 4.1126, CGMCC 4.1494, CIP 104501, HAMBI 2282, IFM 0210, IFO 15530, IMSNU 21177, KCTC 9803, NBRC 15530, NCIMB 11222, NRRL B-16281, NRRL B-8176, VKM Ac-801",1,Gordonia amarae,1075090.3,obligate aerobe
,,,,,2514885044,
,,,,,GCA_000241345,
10601,IEGM,"DSM 44461, CIP 108824, KCTC 9940, CCUG 48822, JCM 11271, KCTC 9899, NBRC 100051, BCRC 16387, IFM 10353",1,Gordonia amicalis,1220574.3,obligate aerobe
,,,,,1220574.5,
,,,,,2523231037,
,,,,,2734481960,
,,,,,89053.6,
,,,,,GCA_000332995,
,,,,,GCA_001313725,
,,,,,GCA_012395955,
10542,3410,"DSM 43247, ATCC 25592, JCM 3198, KCC A-0198, NCTC 10667, BCRC 13721, CCM 2631, CCUG 20989, CCUG 34317, CCUG 34956, CIP 100847, IFM 0150, IFO 16047, IMET 7370, IMSNU 22088, JCM 3231, KCTC 3076, LMG 5355, NBRC 16047, PCM 2167, VKM Ac-956",1,Gordonia bronchialis,2054.5,obligate aerobe
,,,,,2854968586,
,,,,,526226.15,
,,,,,526226.8,
,,,,,646311932,
,,,,,GCA_000024785,
,,,,,GCA_900450805,
10545,"50006, Gdf N885","DSM 46035, CIP 104658, IMET 7420, Tsukamura 50006, Tsukamura E3413",0,Gordonia bronchialis,2054.13,obligate aerobe
,,,,,2054.14,
,,,,,2054.16,
,,,,,2054.8,
10611,,"CCUG 53882, CIP 109345, DSM 44810, IFM 10200, JCM 12130, NBRC 100432",1,Gordonia effusa,1077974.3,obligate aerobe
,,,,,2523231038,
,,,,,GCA_000241305,
10580,K 718a,"CCUG 38498, DSM 44140, CIP 105097, JCM 10105, ATCC 700255, CECT 7018, IFO 16056, KCTC 9816, NBRC 16056, PCM 2574",1,Gordonia hirsuta,1121927.3,obligate aerobe
,,,,,2526164525,
,,,,,2563367079,
,,,,,GCA_000333015,
,,,,,GCA_000420685,
10622,CC-12301,"DSM 45298, CCM 7727, CCUG 58853, JCM 17969, CIP 110237",1,Gordonia humi,2834003814,obligate aerobe
,,,,,686429.3,
,,,,,GCA_014197435,
10579,1610/1b,"DSM 44015, ATCC 700089, CIP 104672, IFO 16057, NBRC 16057, CCUG 38497, CECT 7021, JCM 10086, BCRC 16394, KCTC 9814, PCM 2575",1,Gordonia hydrophobica,1223541.3,obligate aerobe
,,,,,2675903489,
,,,,,GCA_001592365,
10615,,"DSM 45064, CCUG 53555, CIP 109612, IMMIB WWCC-22, JCM 14874, IFM 10866, NBRC 108250, IMMIB WWC-22",1,Gordonia malaquae,1223542.3,obligate aerobe
,,,,,2523231040,
,,,,,2639762576,
,,,,,410332.5,
,,,,,GCA_000344135,
,,,,,GCA_900105435,
10604,NAM-BN063A,"DSM 44568, NCIMB 13800, JCM 12074, BCRC 16392, CCUG 47264, CIP 107614, IFM 10356, KCTC 9952, NBRC 108229",1,Gordonia namibiensis,1208314.3,obligate aerobe
,,,,,2523231041,
,,,,,GCA_000298235,
10607,"AS4.1730, HD321","DSM 44604, JCM 12461, BCRC 16372, CGMCC 4.1730, CIP 108331, IFM 10631, NBRC 108238, NCIMB 14305, AS 4.1730",1,Gordonia paraffinivorans,1223543.3,obligate aerobe
,,,,,2523231042,
,,,,,GCA_000344155,
10598,Kd2,"DSM 44302, ATCC BAA-14, IFO 16320, JCM 10675, NBRC 16320, CIP 106350, IFM 10351, KCTC 9953, NCIMB 13616",1,Gordonia polyisoprenivorans,1077976.3,obligate aerobe
,,,,,1077976.8,
,,,,,2523231043,
,,,,,2734481953,
,,,,,GCA_000241325,
,,,,,GCA_001313585,
,,,,,GCA_012396285,
10596,141,"DSM 44383, IFO 16068, NBRC 16068, JCM 10426, BCRC 16393, CIP 105727, IFM 10357, KCTC 9824, NCIMB 13848, VKM Ac-2072",1,Gordonia rhizosphera,1108045.3,obligate aerobe
,,,,,2523231044,
,,,,,GCA_000298195,
10559,,"DSM 43197, ATCC 14352, JCM 3204, KCC A-0204, NCIB 9664, CCUG 34957, LMG 5367, CIP 104661, BCRC 12520, IFM 10321, IFO 16048, IMET 7277, KCTC 9802, LMG 4083, NBRC 101908, NBRC 16048, NCIMB 9664, VKM Ac-1016, IMET 7217, ICPB 4415",1,Gordonia rubripertincta,1077975.4,obligate aerobe
,,,,,2523231045,
,,,,,36822.12,
,,,,,GCA_000327325,
,,,,,GCA_012396225,
10617,SD29,"DSM 45094, CGMCC 4.3492, JCM 13907, CIP 109551",1,Gordonia shandongensis,1121928.3,obligate aerobe
,,,,,2524614582,
,,,,,GCA_000423025,
10606,KAIST,"DSM 44576, CIP 108158, NRRL B-24155, SPR 2, JCM 13435, BCRC 16380, IFM 10619, NBRC 108236",1,Gordonia sihwensis,1223544.3,obligate aerobe
,,,,,2523231046,
,,,,,GCA_000333035,
10614,CC-AB07,"DSM 44995, BCRC 16810, CIP 109465, JCM 14298, IFM 10767, NBRC 108243",1,Gordonia soli,1223545.3,obligate aerobe
,,,,,2523231047,
,,,,,GCA_000334455,
10548,3612,"DSM 43249, ATCC 25594, NCTC 10669, JCM 3206, BCRC 13382, CCM 2633, CCUG 34959, CECT 5707, CIP 104295, IFM 0161, IFO 16050, IMET 7371, JCM 3229, KCTC 9807, LMG 5369, NBRC 100016, NBRC 16050, NRRL B-16283, VKM Ac-1023, CCUG 12164",1,Gordonia terrae,1089454.3,obligate aerobe
,,,,,2055.17,
,,,,,2055.8,
,,,,,2513237320,
,,,,,GCA_000248035,
,,,,,GCA_000716975,
,,,,,GCA_001698225,
,,,,,GCA_901542405,
10603,"ID 3752, Kb 2","DSM 44215, JCM 11757, NRRL B-24152, CCUG 46924, CIP 107642, IFM 10629, KCTC 9954, NBRC 108237",1,Gordonia westfalica,1305624.4,obligate aerobe
,,,,,158898.6,
,,,,,158898.7,
,,,,,2636416072,
,,,,,2675903634,
,,,,,GCA_001313785,
,,,,,GCA_900105725,
1459,DD1,"DSM 11125, NCFB 3027, CIP 105095",1,Gracilibacillus dipsosauri,GCA_003176895,obligate aerobe
1463,YIM-C55.5,"DSM 17856, CGMCC 1.6303",1,Gracilibacillus halophilus,1308866.3,obligate aerobe
,,,,,2545824697,
,,,,,GCA_000359605,
1460,NN,"DSM 11805, JCM 10718, ATCC 700849",1,Gracilibacillus halotolerans,2829726240,obligate aerobe
,,,,,74386.3,
,,,,,GCA_014206945,
1464,BH312,"DSM 19029, KCTC 13129",1,Gracilibacillus lacisalsi,1121929.3,obligate aerobe
,,,,,2519103189,
,,,,,GCA_000377765,
1466,TP2-8,"DSM 23862, JCM 15569, PCU 304, TISTR 1881, CGMCC 1.10450",1,Gracilibacillus thailandensis,GCA_009659515,obligate aerobe
,,,,,GCA_010994055,
24046,KT0803,"DSM 17595, CGMCC 1.15422",1,Christiangramia forsetii,411153.5,obligate aerobe
,,,,,411154.11,
,,,,,639633025,
,,,,,GCA_000060345,
,,,,,GCA_014642775,
80,CGDNIH1,"DSM 17861, ATCC BAA-1260",1,Granulibacter bethesdensis,391165.9,obligate aerobe
,,,,,637000123,
,,,,,GCA_000014285,
138,TPB6028,"DSM 22516, LMG 25274, VKM B-2571",1,Granulicella aggregans,GCA_025685565,obligate aerobe
139,OB1010,"DSM 22464, LMG 25275",1,Granulicella paludicola,GCA_025685545,obligate aerobe
137,TPB6011,"DSM 21001, VKM B-2509",1,Granulicella pectinivorans,2687453730,obligate aerobe
,,,,,474950.3,
,,,,,GCA_900114625,
136,"T4, TPO-1014","DSM 18704, ATCC BAA-1396, TPO 1014",1,Granulicella rosea,2681813547,obligate aerobe
,,,,,474952.3,
,,,,,GCA_900188085,
7478,S7-7,"CCUG 50209, DSM 17450, IAM 14848, TISTR 1511, JCM 12920, CIP 108567, NBRC 103089",1,Gulosibacter bifidus,1349787.3,obligate aerobe
,,,,,2731957611,
,,,,,GCA_001570925,
7329,ON4,"DSM 13485, CCUG 49965, LMG 21909, JCM 13320, CIP 108515, IAM 15172, NCIMB 14246",1,Gulosibacter molinativorax,1121934.3,obligate aerobe
,,,,,2524614660,
,,,,,2802429658,
,,,,,GCA_000425685,
,,,,,GCA_003010915,
136704,,"CIP 109176, CCUG 52307, CDC H1892",1,Haematobacter missouriensis,2600255082,obligate aerobe
,,,,,366616.15,
,,,,,GCA_000740775,
11708,536,"DSM 21417, ATCC 10014, CCUG 3716, CIP 56.86, NCTC 8479",1,Haemophilus parahaemolyticus,1095744.7,obligate aerobe
,,,,,2916270391,
,,,,,2924818472,
,,,,,735.3,
,,,,,735.52,
,,,,,GCA_002015035,
,,,,,GCA_900450675,
5851,FR1050,"DSM 17046, JCM 12486, KCTC 12277, CIP 108747, IMSNU 60136",1,Hahella ganghwensis,1121935.11,obligate aerobe
,,,,,2519899685,
,,,,,GCA_000376785,
132157,SW109,"DSM 100579, CGMCC 1.12347",1,Halalkalibacter oceani,2926558313,obligate aerobe
1262,Kh10-101,"DSM 23308, CIP 109247, JCM 13040, ATCC BAA-1137",1,Halalkalibacter okhensis,GCA_000787375,obligate aerobe
1112,"PN 80, B-3881","DSM 497, ATCC 27557, NRRL B-3881, CIP 105296",1,Halalkalibacterium halodurans,86665.8,obligate aerobe
,,,,,GCA_004376175,
1199,"No. 44, 44","DSM 13666, CIP 107631, JCM 10945, GTC 854, KCTC 3795",0,Halalkalibacterium halodurans,136160.3,obligate aerobe
,,,,,2648501690,
,,,,,GCA_001274915,
130201,NEAU-ST10-40,"DSM 25866, CGMCC 1.12153",1,Halobacillus andaensis,1176239.3,obligate aerobe
,,,,,1176239.4,
,,,,,2913453739,
,,,,,GCA_014636475,
,,,,,GCA_017874135,
1352,IGA7-4,"DSM 21559, IAM 15427, KCTC 13121, MBIC 08268, JCM 23212, NBRC 103569",1,Halobacillus faecis,360184.3,obligate aerobe
,,,,,GCA_007991335,
1327,3,"DSM 2266, ATCC 35676, NCIMB 2269, JCM 20832, CCM 3527, CECT 5013, IAM 12846, IAM 13060, KCTC 3685, LMG 17431, NBRC 102448",1,Halobacillus halophilus,2513237186,obligate aerobe
,,,,,866895.14,
,,,,,866895.15,
,,,,,866895.3,
,,,,,GCA_000284515,
1344,"X78, MA-2, MA-2T","DSM 14948, CIP 108359, LMG 21515",1,Halobacillus karajensis,195088.4,obligate aerobe
,,,,,2651870103,
,,,,,GCA_900108515,
1343,SL-4,"DSM 10405, CIP 104798",1,Halobacillus litoralis,GCA_009856445,obligate aerobe
1342,SL-5,"DSM 10404, CIP 104797",1,Halobacillus trueperi,156205.9,obligate aerobe
6040,"1723a, Althf1","DSM 15723, ATCC BAA-802, CECT 5812, KCTC 22194, CCM 7103, CIP 108042",1,Halomonas aquamarina,115555.24,obligate aerobe
,,,,,2930057488,
,,,,,GCA_007163885,
6036,LC1,"DSM 15516, ATCC BAA-759, CIP 108425",1,Halomonas boliviensis,1072583.17,obligate aerobe
,,,,,1072583.4,
,,,,,2548876524,
,,,,,2856158536,
,,,,,GCA_000236035,
,,,,,GCA_002265845,
6046,5AG,"DSM 15293, ATCC BAA-966, CIP 109090, ATCC BAA-96",1,Halomonas campaniensis,2824923856,obligate aerobe
,,,,,GCA_014193375,
6011,"1H9, 1 H 9","DSM 2581, ATCC 33173, IAM 14166, JCM 21044, CCM 3756, CECT 4279, CIP 104264, LMG 9076, NBRC 15536, NCIMB 2198",1,Halomonas elongata,648028030,obligate aerobe
,,,,,768066.3,
,,,,,GCA_000196875,
6031,2.1.2,"DSM 14573, CIP 107736, KMM 1376",1,Halomonas halocynthiae,1121940.3,obligate aerobe
,,,,,2526164533,
,,,,,GCA_000425725,
6041,"1878c, Slthf2","DSM 15725, ATCC BAA-800, CECT 5814, CIP 108044",1,Halomonas venusta,115561.14,obligate aerobe
,,,,,GCA_011399095,
6020,,"DSM 5425, ACAM 246, ATCC 49692, KCTC 22196, UQM 3352, CIP 104043, IFO (now NBRC) 15608",1,Halomonas aquamarina,2698536813,obligate aerobe
,,,,,29570.7,
,,,,,GCA_900129255,
6032,R-5058,"DSM 14789, CIP 108825, LMG 20969",1,Halomonas muralis,119000.3,obligate aerobe
,,,,,2599185144,
,,,,,GCA_900102945,
6017,62,"DSM 4742, ATCC 27122, JCM 20633, ACAM 345, CIP 103200, CIP 74.05, IAM 12553, LMG 3446, NBRC 102220, NCIMB 1977, CCUG 16079",1,Halomonas pacifica,77098.3,obligate aerobe
,,,,,GCA_007989625,
6059,ZG16,"DSM 23550, CGMCC 1.6495, JCM 14608, LMG 23977, CIP 109673",1,Halomonas subterranea,2617270764,obligate aerobe
,,,,,416874.6,
,,,,,GCA_900111305,
158747,SP28,"JCM 31424, KCCM 43210",1,Haloplanus salinarum,GCA_024498175,obligate aerobe
6006,AW-7,"DSM 17697, CECT 7134, CIP 109710",1,Halotalea alkalilenta,1403347.3,obligate aerobe
,,,,,2556921652,
,,,,,GCA_000621205,
3920,6401990,"DSM 23040, CCUG 53859, CIP 109418, CSUR P17, JCM 30721",1,Helcobacillus massiliensis,2824228552,obligate aerobe
,,,,,521392.5,
,,,,,GCA_014191425,
11351,"SA 32, SA32","DSM 732, ATCC 29984, CCUG 12808, LMG 4326, CIP 107295, IAM 14942, NBRC 15327, JCM 21424, IFO 15327, VKM B-1394, UCCCB7",1,Herbaspirillum autotrophicum,180195.5,obligate aerobe
,,,,,2654587661,
,,,,,GCA_001189915,
11366,CPW301,"DSM 17796, IAM 15024, JCM 21487, KCTC 12096, NBRC 102525, CCUG 52898, CIP 108432, UCCCB8",1,Herbaspirillum chlorophenolicum,1349766.3,obligate aerobe
,,,,,2645727693,
,,,,,2731957620,
,,,,,GCA_001189955,
,,,,,GCA_001571165,
11365,N3,"DSM 17495, CIP 109904, LMG 23131, UCCCB12",1,Herbaspirillum hiltneri,1262470.4,obligate aerobe
,,,,,2645728026,
,,,,,GCA_001267925,
11364,"P6-12, Strain P6-12","DSM 17154, CCUG 48869, CECT 5661, LMG 21710, UCCCB3, CIP 108242",1,Herbaspirillum lusitanum,1161913.3,obligate aerobe
,,,,,2548876994,
,,,,,GCA_000256565,
11356,B579,"DSM 9440, ATCC 19308, DSM 11543, LMG 2286, NCPPB 1027, JCM 21447, BCRC 15833, CCUG 17392, CCUG 17679, CFBP 1202, CIP 105019, IAM 14976, ICMP 5777, KACC 12181, NBRC 102523, PDDCC 5777",1,Herbaspirillum rubrisubalbicans,1223495.3,obligate aerobe
,,,,,2681812979,
,,,,,80842.11,
,,,,,GCA_001591225,
,,,,,GCA_003719195,
7509,wged11,"DSM 19088, CGMCC 4.3491, JCM 13908, NBRC 104580, CIP 109552, KCTC 19440",1,Herbiconiux ginsengi,2667527392,obligate aerobe
,,,,,381665.4,
,,,,,GCA_900107435,
11303,ULPAs1,"DSM 17148, CCUG 53683, CCM 7303, LMG 22961, CIP 109323",1,Herminiimonas arsenicoxydans,640069313,obligate aerobe
11304,S-94,"CCUG 52513, DSM 18555, CIP 108398, LMG 22527",1,Herminiimonas fonticola,2802429731,obligate aerobe
,,,,,303380.4,
,,,,,GCA_003293745,
,,,,,GCA_004361795,
1102,RT 10,"DSM 9356, CIP 104972, LMG 17952",1,Heyndrickxia oleronia,38875.15,obligate aerobe
,,,,,38875.25,
,,,,,38875.4,
,,,,,38875.5,
,,,,,GCA_002009555,
,,,,,GCA_017809215,
,,,,,GCA_025263665,
1257,B1724,"DSM 18868, CIP 107762, KCTC 13003, LMG 18435",1,Heyndrickxia shackletonii,157838.12,obligate aerobe
,,,,,157838.3,
,,,,,GCA_001420715,
,,,,,GCA_011008805,
1149,"M 215, MB581, MB 581","DSM 10599, LMG 17668, CIP 104910, LMG 17894",1,Heyndrickxia sporothermodurans,46224.121,obligate aerobe
,,,,,46224.122,
,,,,,46224.123,
,,,,,46224.124,
,,,,,46224.125,
,,,,,46224.126,
,,,,,46224.127,
,,,,,46224.128,
,,,,,46224.129,
,,,,,46224.13,
17886,,"DSM 45258, CIP 109864, NBRC 109631, OFN S31, JCM 18112",1,Hoyosella altamirensis,2824239402,obligate aerobe
,,,,,2832161093,
,,,,,616997.4,
,,,,,616997.7,
,,,,,GCA_001653095,
,,,,,GCA_014191505,
164420,Gri0909,"JCM 32943, KACC 19793",1,Hwanghaeella grinnelliae,2882163504,obligate aerobe
,,,,,GCA_004005845,
167823,LA-38,"LMG 30805, KACC 19730",1,Hydrogenophaga borbori,GCA_003417535,obligate aerobe
,,,,,NZ_QVLS00000000,
2969,S1,"DSM 5680, JCM 21401, IAM 14919, CIP 107269",1,Hydrogenophaga intermedia,2619619207,obligate aerobe
,,,,,65786.5,
,,,,,GCA_000723405,
,,,,,GCA_001571205,
,,,,,GCA_005938115,
166209,NL,"KCTC 62521, CCTCC AB 2018028",1,Hymenobacter edaphi,2840912660,obligate aerobe
,,,,,GCA_003258365,
3806,"Tx g1 (MyxV2), Txg1","DSM 11116, LMG 21873, CIP 109676",1,Hymenobacter gelipurpurascens,2728369218,obligate aerobe
,,,,,89968.4,
,,,,,GCA_900187375,
6203,VP5,"DSM 5152, ATCC 33886, CIP 106773",1,Hyphomonas hirschiana,1280951.3,obligate aerobe
,,,,,2576861493,
,,,,,GCA_000685255,
168571,T58,"KCTC 72081, MCCC 1H00359",1,Hyunsoonleella flava,GCA_004310325,obligate aerobe
,,,,,SIRT00000000,
141120,KBP-31,"BCRC 80524, KCTC 32238",1,Ideonella paludis,1233411.3,obligate aerobe
,,,,,GCA_018069865,
133294,CC-PW-9,"JCM 19757, BCRC 80745",1,Idiomarina tyrosinivorans,2895617523,obligate aerobe
,,,,,GCA_003987475,
17527,L1/68,"DSM 13226, CCUG 54526, NCAIM B01938, CIP 107108, NCAIM B1938",1,Ignatzschineria larvae,1111732.3,obligate aerobe
,,,,,2513237114,
,,,,,GCA_000510805,
164124,S5-TSA-19,"JCM 31737, KCTC 33871, MTCC 12608",1,Indiicoccus explosivorum,2886434805,obligate aerobe
,,,,,GCA_002167005,
13941,AU476,"CIP 108342, CCM 7171, DSM 16000, CCUG 45653, LMG 20952",1,Inquilinus limosus,1122125.13,obligate aerobe
,,,,,2523533609,
,,,,,GCA_000423185,
6245,KV-657,"DSM 22331, JCM 15924, NBRC 101802, NRRL B-24470, CIP 109705",1,Intrasporangium oryzae,GCA_000576595,obligate aerobe
6265,H2.16B,"DSM 18333, CCUG 49715, CIP 108728, JCM 14734, IAM 15369, JCM 21813, NBRC 107843, NCIMB 14557",1,Janibacter anophelis,1216968.3,obligate aerobe
,,,,,2681812985,
,,,,,GCA_001570945,
6248,2003-10,"DSM 11140, IAM 14889, IFO 16128, NBRC 16128, CCUG 37980, HKI 83, ATCC 700321, CIP 105276, JCM 10980, KCTC 9994",1,Janibacter limosus,1216970.3,obligate aerobe
,,,,,2731957613,
,,,,,GCA_001570985,
6263,CM2104,"CCUG 54528, CIP 108643, DSM 16063, JCM 12321, KCTC 9987, NBRC 107855",1,Janibacter melonis,GCA_020567375,obligate aerobe
6260,CS12,"DSM 13876, JCM 10705, KCCM 80001, CCUG 45369, ATCC BAA-130, CIP 107018, KCTC 19953, NBRC 107853, NCIMB 14349, NBRC 107842",1,Janibacter terrae,1216972.3,obligate aerobe
,,,,,2690315844,
,,,,,GCA_001591405,
6261,10N,"DSM 13953, IAM 14781, JCM 12887, CIP 106967, KCTC 19032, KCTC 9986, NBRC 107854",0,Janibacter terrae,1053688.3,obligate aerobe
,,,,,1053688.4,
,,,,,2731957720,
,,,,,2734481964,
,,,,,GCA_001313905,
,,,,,GCA_001598955,
132846,CL-SP26,"DSM 104837, JCM 13035, KCCM 42114, CECT 7799, CIP 109167",1,Jannaschia seosinensis,2711768077,obligate aerobe
,,,,,313367.4,
,,,,,GCA_001408515,
11315,W1R3,"CCUG 43140, CIP 106332, DSM 9628, NCPPB 3945, JCM 21444, IAM 14973, NBRC 102515",1,Janthinobacterium agaricidamnosum,1349767.1,obligate aerobe
,,,,,1349767.4,
,,,,,2585427668,
,,,,,2731957621,
,,,,,GCA_000723165,
,,,,,GCA_001571185,
1512,SF-57,"DSM 18983, CIP 108511, JCM 11810, KCCM 41644",1,Jeotgalibacillus campisalis,220754.4,obligate aerobe
,,,,,GCA_000829515,
1499,581,"DSM 1297, ATCC 29841, CCUG 28884, CIP 103308, LMG 6930, NRRL B-14558, NCIMB 2140",1,Jeotgalibacillus marinus,2651869825,obligate aerobe
,,,,,86667.3,
14411,"YKJ-101, YRJ-101","DSM 17274, CCM 7135, CCUG 47728, CIP 107958, JCM 11198, KCCM 41448, CGMCC 1.6779",1,Jeotgalicoccus halotolerans,157227.3,obligate aerobe
,,,,,2770939612,
,,,,,GCA_003387165,
14410,A/G14/99/10,"DSM 17030, CCUG 42722, CIP 107946",1,Phocicoccus pinnipedialis,110845.3,obligate aerobe
,,,,,110845.4,
,,,,,2913376348,
,,,,,GCA_017873645,
,,,,,GCA_903994035,
17821,,"DSM 44835, CCTCC AA 204001, KCTC 19044, YIM 002, JCM 13367, BCRC 16824, CIP 108735, NCIMB 14350",1,Jiangella gansuensis,2509601042,obligate aerobe
,,,,,987045.5,
,,,,,GCA_000515395,
140837,JN14-9,"MCCC 1A00733, KCTC 42153",1,Jiulongibacter sediminis,GCA_001306455,obligate aerobe
,,,,,GCA_004329705,
6315,QH3A7,"DSM 15701, CGMCC 1.3459, CIP 108595, JCM 13009",1,Jonesia quinghaiensis,1122130.4,obligate aerobe
,,,,,2524614800,
,,,,,GCA_000423205,
10620,NP8-5,"DSM 45133, CIP 110031, KCTC 19360, JCM 16948",1,Jongsikchunia kroppenstedtii,2519899672,obligate aerobe
,,,,,468556.3,
,,,,,GCA_000380485,
13563,CHj 404,"DSM 17808, IAM 15023, JCM 21486, KCTC 12095, CIP 108816",1,Kaistia adipata,1122131.7,obligate aerobe
,,,,,2524614770,
,,,,,GCA_000423225,
24471,E94,"DSM 25966, CCM 8401, CIP 110381, LMG 26925",1,Kaistia hirudinis,1293440.3,obligate aerobe
,,,,,2829893694,
,,,,,GCA_014196455,
354,"3925, R-20010","DSM 16618, CCUG 47000, LMG 5906, CIP 108214, Api 184-2-84",1,Kerstersia gyiorum,206506.12,obligate aerobe
,,,,,206506.8,
,,,,,2799112210,
,,,,,GCA_004216755,
,,,,,GCA_008801725,
166142,F02,"KCTC 52616, MCCC 1H00224",1,Kineobactrum sediminis,2832788571,obligate aerobe
,,,,,GCA_002868715,
6316,RA 333,"DSM 7487, ATCC 51238, IFO 15268, NBRC 15268, CCUG 44589, CIP 105426, JCM 10180, CCM 4366, NCFB 3013, NCIMB 13309, VKM Ac-1947",1,Kineococcus aurantiacus,2844801912,obligate aerobe
,,,,,37633.4,
,,,,,GCA_013409345,
6317,"SRS30216, SRS 30216","DSM 14245, ATCC BAA-149, JCM 12686, CIP 107704, NBRC 101839",1,Kineococcus radiotolerans,266940.11,obligate aerobe
,,,,,640753031,
,,,,,GCA_000017305,
6319,S2-20,"DSM 22857, KCTC 19474, CCTCC AB 207179, JCM 16219, NBRC 107624, CIP 110123",1,Kineococcus xinjiangensis,2731639219,obligate aerobe
,,,,,512762.3,
,,,,,GCA_002934625,
6323,I-273,"DSM 44388, JCM 9957, CIP 105753, IFO 16232, NBRC 16232",1,Kineosporia succinea,1307455.5,obligate aerobe
,,,,,2734481999,
,,,,,2923649072,
,,,,,GCA_001315685,
10462,A358/72,"DSM 10202, ATCC 33394, NCTC 10995, CIP 103473, CCUG 6516",1,Kingella denitrificans,2844173828,obligate aerobe
,,,,,502.4,
,,,,,502.6,
,,,,,649989956,
,,,,,888741.3,
,,,,,GCA_000190695,
,,,,,GCA_900451365,
134807,,"CIP 68.12, ATCC 23331, NCTC 10745",0,Kingella kingae,504.109,obligate aerobe
,,,,,GCA_011612705,
135807,,"CIP 80.18, ATCC 23332, NCTC 10746",0,Kingella kingae,2844176189,obligate aerobe
,,,,,504.102,
,,,,,504.108,
,,,,,GCA_011612385,
,,,,,GCA_900451155,
10463,"UB 38(Dewhirst), UB-38","DSM 18271, ATCC 51147, CCM 4589, CCUG 30450, CIP 103803, FDC UB-38, DSM 115982",1,Kingella oralis,505.115,obligate aerobe
,,,,,629741.3,
,,,,,643886193,
,,,,,GCA_000160435,
,,,,,GCA_014054985,
10464,3/SID/1128,"DSM 18304, CCUG 49773, CIP 108935, NCTC 13336",1,Kingella potus,2574180453,obligate aerobe
,,,,,265175.3,
,,,,,2850299292,
,,,,,GCA_022870985,
,,,,,GCA_900451175,
15015,A-377,"DSM 40127, ATCC 10762, ATCC 23884, CBS 664.68, IFO 12594, IFO 12843, ISP 5127, JCM 4008, KACC 20180, NBRC 12594, NBRC 12843, NRRL 2209, RIA 1129, BCRC 11610, CBS 434.51, CCM 3239, CECT 3206, CGMCC 4.0568, CIP 57.11, HAMBI 1072, HAMBI 313, HUT 6048, HUT 6097, ICMP 499, IFM 1042, IFM 1218, IFM 1219, IFO 3712, IMET 43577, JCM 4624, LMG 5968, MTCC 325, NBIMCC 3424, NBRC 3712, NCAIM B.01479, NCIMB 8234, NRRL B-2183, NRRL B-2657, NRRL B-5404, NRRL ISP-5127, RIA 57, VKM Ac-771, VTT E-042475",1,Kitasatospora aureofaciens,1894.1,obligate aerobe
,,,,,1894.23,
,,,,,1894.9,
,,,,,1916.16,
,,,,,2563366689,
,,,,,2563366690,
,,,,,2563366691,
,,,,,2582581494,
,,,,,2639762732,
,,,,,2654587546,
14858,SK-3255,"DSM 44780, CIP 107255, IFO 16452, JCM 10915, KCTC 19932, NBRC 16452, NRRL B-23134, BCRC 16811, IAM 15157, NCIMB 14261, NRRL B-24134",1,Kitasatospora cineracea,2781126035,obligate aerobe
,,,,,88074.3,
,,,,,GCA_003751605,
134268,3-M5-R-4,"ATCC BAA-1496, CIP 109413, JCM 15662, KCTC 39578, NCIMB 14307",1,Knoellia remsis,GCA_003002895,obligate aerobe
6270,2163-021,"CCUG 48178, HKI 0120, DSM 12332, CIP 106776, KCTC 19937, JCM 11537, IAM 15305, NBRC 100351",1,Knoellia subterranea,1385521.3,obligate aerobe
,,,,,2634166482,
,,,,,GCA_000768685,
7643,TAGA27,"DSM 11925, CCM 4949, IFO 16318, NBRC 16318, CCUG 52395, CIP 105971, JCM 11652, IAM 15064, LMG 19167",1,Kocuria palustris,2562617128,obligate aerobe
,,,,,2893684298,
,,,,,71999.21,
,,,,,GCA_016907795,
7650,,"DSM 14382, CIP 107764, MTCC 3702, CCUG 52397, CMS 76or, JCM 12076, IAM 15066, NBRC 103063",1,Kocuria rosea subsp. polaris,GCA_000786195,obligate aerobe
7647,TA68,"DSM 11926, CCM 4950, IFO 16319, NBRC 16319, CCUG 55752, ATCC BAA-50, CIP 105972, JCM 11653, IAM 15065, LMG 19168",1,Kocuria rhizophila,GCA_003667225,obligate aerobe
7646,,"DSM 348, ATCC 9341, PCI 1001, JCM 20050, BCRC 10449, CCM 552, CECT 241, CIP 53.45, CNCTC 5039, IAM 1099, IFO 12708, LMG 8194, LMG 8764, LMG 8789, LMG 8816, NBRC 103217, NBRC 12708, NBRC 3232, NCIMB 8553, NCTC 8340, IMET 10397, NCDO 758",0,Kocuria rhizophila,378753.5,obligate aerobe
,,,,,72000.33,
,,,,,GCA_000010285,
,,,,,GCA_900637835,
7641,,"DSM 20447, ATCC 186, CCM 679, NCTC 7523, CCUG 4312, IAM 1315, IFO 3768, JCM 11614, BCRC 11044, CECT 5052, CECT 52, CIP 71.15, IAM 14818, IMSNU 11063, IMSNU 21322, JCM 7236, KCCM 40158, KCTC 3137, KCTC 3199, KCTC 3488, LMG 14224, NBRC 3768, NCFB 975, NCIMB 11696, NRRL B-2977, PCM 548, VKM Ac-2200, VKM B-1236, VKM B-1823, NCDO 975",1,Kocuria rosea,1275.17,obligate aerobe
,,,,,1275.18,
,,,,,1275.9,
,,,,,2818991576,
,,,,,GCA_003124035,
,,,,,GCA_006094695,
,,,,,GCA_006717035,
7640,,"DSM 12801, ATCC 49321, JCM 21325, CIP 106741, IAM 14819, IFO 15588, NBRC 15588",0,Kocuria rosea,1275.7,obligate aerobe
,,,,,GCA_003124025,
167388,MSKU 9,"TBRC 9844, NBRC 113802",1,Komagataeibacter diospyri,BDLU00000000,obligate aerobe
,,,,,GCA_006538165,
137389,,"CIP 109787, LMG 1536, JCM 25120, BCC 36443, NRIC 0616",1,Komagataeibacter nataicola,265960.2,obligate aerobe
,,,,,2846465737,
,,,,,GCA_003207795,
91,,"DSM 11826, JCM 16937, LMG 18849, NCIMB 13557, LTH 2460, BCC 36445, BCRC 17057, CIP 105763",1,Komagataeibacter oboediens,2846433441,obligate aerobe
,,,,,65958.4,
,,,,,GCA_003207815,
134628,,"CIP 109786, LMG 1582, JCM 25121, BCC 36444, CECT 7869, NCCB 29003, NRIC 0614",1,Komagataeibacter saccharivorans,265959.6,obligate aerobe
,,,,,2837595999,
,,,,,GCA_003207825,
95,,"DSM 15973, BCC 7227, JCM 9730, LMG 18788, BPR 2001, ATCC 700178, BCRC 80162, CECT 7291, CIP 106078",1,Komagataeibacter sucrofermentans,1053551.5,obligate aerobe
,,,,,2846444558,
,,,,,GCA_003207865,
133649,OT-1,"KCTC 8814P, NBRC 1000336",1,Kordia algicida,391587.3,obligate aerobe
,,,,,641380434,
,,,,,GCA_000154725,
158811,N18,"MCCC 1K03436, KCTC 62164",1,Kordiimonas pumila,GCA_015240255,obligate aerobe
58,YO-3,"DSM 14400, IFO 16664, JCM 11301, NBRC 16664, NRIC 0488, CCUG 48823, CCM 7137, NCIMB 14242",1,Kozakia baliensis,153496.12,obligate aerobe
,,,,,153496.15,
,,,,,153496.16,
,,,,,153496.17,
,,,,,153496.18,
,,,,,153496.19,
,,,,,153496.2,
,,,,,153496.32,
,,,,,2718217748,
,,,,,GCA_001787335,
11076,65-N86,"DSM 17836, IFO 14399, JCM 10339, KCTC 9580, NBRC 14399, KACC 20248, CIP 107494, IMSNU 22160, NCIMB 13631, NRRL B-16234",1,Kribbella flavida,479435.6,obligate aerobe
,,,,,646311938,
,,,,,GCA_000024345,
11073,HD9,"DSM 17305, CIP 108509, JCM 12204, KACC 20266, NBRC 101070",1,Kribbella jejuensis,236068.3,obligate aerobe
,,,,,2806310635,
,,,,,GCA_006715085,
11070,"C-49,009","DSM 15626, ATCC 39419, KCTC 9609, JCM 10340, CIP 107493, IMSNU 22170, IMSNU 22181, KACC 20249, NBRC 100341",1,Kribbella sandramycini,2864715011,obligate aerobe
,,,,,60450.3,
,,,,,60450.4,
,,,,,GCA_013131805,
,,,,,GCA_014207795,
11072,DSA1,"DSM 17294, CIP 108508, JCM 12205, KACC 20196, NBRC 101071",1,Kribbella solani,236067.3,obligate aerobe
,,,,,2873330523,
,,,,,GCA_014205295,
11950,"S8, K3","DSM 20636, ATCC 43195, NCIB 9758, JCM 6105, CIP 103250, IFO 15534, LMG 17316, NBRC 15534, NCIMB 9758",1,Kurthia gibsonii,33946.5,obligate aerobe
,,,,,GCA_006539985,
11952,13-2,"DSM 4747, ATCC 49154, CCM 3477, VKM V-1549, JCM 8563, BCRC 17017, CIP 103418, LMG 17317, NBRC 101530, NCIMB 13254, NRRL B-41083, VKM B-1549",1,Kurthia sibirica,202750.4,obligate aerobe
,,,,,202750.5,
,,,,,2891118952,
,,,,,GCA_003143975,
,,,,,GCA_007989725,
6083,Mw2a,"DSM 23439, CECT 7193, CIP 109711, JCM 18993, CCM 7396",1,Kushneria avicenniae,2684623008,obligate aerobe
,,,,,402385.4,
,,,,,GCA_900112585,
140736,X49,"KACC 14623, JCM 16805",1,Kushneria konosiri,2751185544,obligate aerobe
,,,,,698828.3,
,,,,,GCA_002155145,
6082,SW32,"DSM 15357, CIP 107103, JCM 10873, KCCM 80003, CGMCC 1.3499",1,Halomonas marisflavi,157779.3,obligate aerobe
,,,,,157779.6,
,,,,,2751185713,
,,,,,2756170257,
,,,,,GCA_002157205,
,,,,,GCA_003610515,
3928,"541, 54","CCUG 33030, DSM 20547, ATCC 14392, CCM 314, JCM 11482, BCRC 17469, CECT 4619, CIP 81.72, IAM 13003, IFO 15357, IMSNU 21324, LMG 14228, NBRC 15357, NCIMB 13236, NCIMB 14423, NCMB 555, NCTC 11040, VKM Ac-2222, VKM B-1316, VKM B-1824, NCIMB 555",1,Kytococcus sedentarius,1276.16,obligate aerobe
,,,,,1276.6,
,,,,,2839721034,
,,,,,478801.5,
,,,,,644736380,
,,,,,GCA_000023925,
,,,,,GCA_900452405,
141153,MIMbqt9,"MCCC 1K01309, KCTC 42800",1,Larkinella soli,2882593062,obligate aerobe
,,,,,GCA_003703975,
132991,ST307,"DSM 22428, CGMCC 1.8902",1,Larsenimonas suaedae,GCA_023712105,obligate aerobe
2054,AB2188,"CCUG 34794, CIP 106317, DSM 11362, ATCC 51599, NCTC 12852, SSI AB 2188",1,Lautropia mirabilis,47671.4,obligate aerobe
,,,,,649989970,
,,,,,887898.3,
,,,,,GCA_000186425,
,,,,,GCA_900637555,
1212,MB800,"DSM 15595, LMG 17892, CIP 108417",1,Lederbergia galactosidilytica,217031.9,obligate aerobe
,,,,,2913365302,
,,,,,GCA_017873565,
683,"670, Gibson 165, 883, 165","DSM 9, ATCC 10840, CCM 2214, NCIB 8773, NCTC 4824, CCUG 1816, NRS 670, JCM 2511, BCRC 11735, CECT 18, CIP 52.74, HAMBI 1918, IAM 12466, IAM 14178, IFO 15655, IFO 16413, IFO 16444, LMG 12355, LMG 16798, LMG 9579, NBRC 15655, NBRC 16413, NBRC 16444, NCCB 48017, NCFB 1127, NCIMB 8713, NCIMB 8773, NRRL B-396, NRRL NRS-883, VKM B-500, NCDO 1127, CIP 52.73",1,Lederbergia lenta,1348624.3,obligate aerobe
,,,,,1467.3,
,,,,,2731957655,
,,,,,2808606624,
,,,,,GCA_001591545,
,,,,,GCA_900478165,
6761,1308,"DSM 21217, ATCC 49504, CCUG 44893, CIP 105569, NCTC 12373",1,Legionella geestiana,1122161.4,obligate aerobe
,,,,,2556921651,
,,,,,2693429649,
,,,,,2808606774,
,,,,,2859579839,
,,,,,45065.4,
,,,,,45065.5,
,,,,,45065.6,
,,,,,GCA_000621365,
,,,,,GCA_001467645,
6743,,"DSM 21215, ATCC 33761, CCUG 16414, CIP 103884, NCTC 11531, Oak Ridge 10",1,Legionella oakridgensis,1268635.3,obligate aerobe
,,,,,1268635.5,
,,,,,1274403.3,
,,,,,2545824788,
,,,,,2848175811,
,,,,,29423.5,
,,,,,29423.6,
,,,,,29423.7,
,,,,,GCA_000512355,
,,,,,GCA_001648605,
6719,"R47, Togus SG 2, Togus 1","DSM 25071, ATCC 33154, CCUG 13396, CIP 103856, DSM 25038, NCTC 11230",0,Legionella pneumophila subsp. pneumophila,2660238328,obligate aerobe
,,,,,446.166,
,,,,,446.723,
,,,,,91891.33,
,,,,,GCA_000586355,
,,,,,GCA_001582565,
,,,,,GCA_900452655,
6723,"R67, Thacker 570-CO-H, 570-CO-H SG 12, 570-CO-H","DSM 25224, ATCC 43290, CCUG 30661, CIP 103866, CCUG 44896",0,Legionella pneumophila subsp. pneumophila,2511231146,obligate aerobe
,,,,,2660238673,
,,,,,91891.26,
,,,,,933093.3,
,,,,,933093.8,
,,,,,GCA_000239175,
,,,,,GCA_000586115,
,,,,,GCA_001997245,
7341,"DB103, DBI03","DSM 15166, JCM 10592, CCUG 51931, CIP 106799, IAM 15089, KCTC 19441, NBRC 103131",1,Leifsonia naganoensis,150025.3,obligate aerobe
,,,,,2856447022,
,,,,,GCA_013410615,
7340,"DB102, DBI02","CCUG 51930, CIP 106805, DSM 15165, JCM 10591, BCRC 17580, IAM 15088, KCTC 19444, NBRC 103132",1,Leifsonia shinshuensis,150026.7,obligate aerobe
,,,,,2856442703,
,,,,,GCA_013410375,
7338,TB1A,"DSM 46306, ATCC 33973, IMET 11020, NCIB 11927, JCM 9733, CIP 104615, ICMP 8790, LMG 7552, NCIMB 11927, VKM Ac-2041",1,Leifsonia xyli subsp. cynodontis,1389489.3,obligate aerobe
,,,,,2554235749,
,,,,,GCA_000470775,
1364,1-Aug,"DSM 18342, CGMCC 1.3702, CIP 109588, JCM 12770",1,Lentibacillus halodurans,237679.4,obligate aerobe
,,,,,2617270778,
,,,,,GCA_900112045,
1367,Grbi,"DSM 23924, JCM 15795, KCTC 13300",1,Lentibacillus jeotgali,2548876534,obligate aerobe
,,,,,GCA_000224785,
1363,PN7-6,"DSM 19124, JCM 12580, PCU 259, TISTR 1551, CIP 109544",1,Lentibacillus kapialis,340214.3,obligate aerobe
,,,,,GCA_014646635,
6687,,"DSM 19904, JCM 15039, NRIC 0744, YIT 11161, CIP 110028",1,Lentilactobacillus sunkii,1423808.3,obligate aerobe
,,,,,2660238337,
,,,,,GCA_001435575,
13298,701,"DSM 40034, ATCC 23870, CBS 609.68, CIP 107109, IFO 13195, IFO 3837, ISP 5034, NBRC 13195, NBRC 3837, NRRL B-3298, RIA 1108, Shinobu 701, JCM 4150, BCRC 13661, CCM 2777, CGMCC 4.1712, IMET 7515, IMSNU 21350, JCM 4614, KCTC 9379, MTCC 1533, NCIMB 12944, VKM Ac-1081",1,Lentzea aerocolonigenes,2596583536,obligate aerobe
,,,,,2645727610,
,,,,,68170.11,
,,,,,GCA_000719205,
,,,,,GCA_000974445,
,,,,,GCA_024171805,
13309,,"DSM 44073, AS 4.1519, CIP 104842, IFO 15855, JCM 9732, NBRC 100372, NBRC 15855, CCUG 48294, IMSNU 21253, IMMIB D-958, ATCC 51859, BCRC 16971, CGMCC 4.1519, CIP 107111, HUT 6595, KACC 20017, NRRL B-24057",1,Lentzea albidocapillata subsp. albidocapillata,2595698253,obligate aerobe
,,,,,40571.7,
,,,,,GCA_000719115,
,,,,,GCA_900176525,
13297,,"DSM 43885, ATCC 29533, CIP 107110, INA 2171, JCM 3296, KCC A-0296, NCIB 11447, BCRC 13328, CGMCC 4.1715, IFO 14521, IMET 9748, IMSNU 21358, KCTC 9393, NBRC 14521, NCIMB 11447, NRRL B-16131, VKM Ac-906",1,Lentzea flava,103732.3,obligate aerobe
,,,,,2596583535,
,,,,,GCA_014648475,
,,,,,GCA_024171845,
13312,AS4.0578,"DSM 44664, AS 4.0578, JCM 11373, BCRC 16960, CGMCC 4.0578, CIP 107743, NBRC 100042",1,Lentzea flaviverrucosa,200379.4,obligate aerobe
,,,,,2770939509,
,,,,,GCA_003350445,
,,,,,GCA_900110985,
13304,Z6,"DSM 45099, CGMCC 4.3506, JCM 14205, NBRC 106318, CIP 109572",1,Lentzea fradiae,200378.4,obligate aerobe
,,,,,2663762758,
,,,,,GCA_900100955,
13314,,"DSM 44909, CIP 109797, JCM 14913, LDDC 2876-05, NRRL B-24416",1,Lentzea kentuckyensis,GCA_002150765,obligate aerobe
7350,"L-9, L9","DSM 17380, CIP 108388, LMG 22507, JCM 13321, IAM 15253, UCCCB9",1,Leucobacter aridicollis,283878.3,obligate aerobe
,,,,,283878.4,
,,,,,2844811294,
,,,,,GCA_013409595,
,,,,,GCA_016758215,
7357,"L-1, L1","DSM 17381, CIP 108389, LMG 22506, JCM 13322, IAM 15254, KCTC 19683, UCCCB10",1,Leucobacter chromiireducens subsp. chromiireducens,660067.3,obligate aerobe
,,,,,GCA_003917135,
,,,,,GCA_016758255,
7348,,"DSM 8803, IAM 1093, IFO 15245, NBRC 15245, JCM 9414, CCUG 49676, CIP 105084, KCTC 19682, LMG 22181, NCIMB 13513, VKM Ac-2073, UCCCB2",1,Leucobacter komagatae,2814123040,obligate aerobe
,,,,,55969.1,
,,,,,GCA_006716085,
7352,"RF 6, RF-6, RF6","DSM 18278, CIP 108818, LMG 23118, JCM 14920, KCTC 19681, UCCCB15",1,Leucobacter luti,340320.7,obligate aerobe
,,,,,GCA_004217175,
13675,UST950701-009P,"DSM 17492, JCM 12479, NRRL B-41039, CIP 108639",1,Limimaricola hongkongensis,1122180.13,obligate aerobe
,,,,,1122180.14,
,,,,,1122180.3,
,,,,,1122180.6,
,,,,,2517434011,
,,,,,GCA_000365005,
,,,,,GCA_000600975,
2055,CS-K2,"DSM 13612, CIP 107302, LMG 19593",1,Limnobacter thiooxidans,131080.4,obligate aerobe
,,,,,2785510713,
,,,,,2786546107,
,,,,,2795386119,
,,,,,GCA_004291335,
3034,II-B4,"DSM 21592, CIP 109845, CCUG 56787",1,Limnohabitans parvus,1293052.5,obligate aerobe
,,,,,2834088864,
,,,,,GCA_003063455,
3035,II-D5,"CCUG 56788, DSM 21594, CIP 109844",1,Limnohabitans planktonicus,1293045.4,obligate aerobe
,,,,,GCA_001270065,
17466,B1953/27.1,"DSM 12574, ATCC BAA-11, CCUG 48040, CIP 107229",1,Luteimonas mephitis,1122183.3,obligate aerobe
,,,,,2524023249,
,,,,,GCA_000422305,
133046,,"DSM 101536, KCTC 52403, CDR SL 15",1,Luteimonas padinae,1714359.3,obligate aerobe
,,,,,GCA_014652935,
140846,THG-MD21,"KACC 18131, JCM 30122",1,Luteimonas terrae,GCA_004358165,obligate aerobe
166355,WF-2,"KCTC 62441, CGMCC 1.13633",1,Cognatiluteimonas weifangensis,GCA_003416885,obligate aerobe
1538,10a,"DSM 17140, ATCC BAA-1146, IAM 15262, JCM 21713, CIP 109652, NBRC 103108",1,Lysinibacillus boronitolerans,1294264.5,obligate aerobe
,,,,,1294264.6,
,,,,,1294264.9,
,,,,,2627853777,
,,,,,2728369705,
,,,,,GCA_000772935,
,,,,,GCA_001312025,
,,,,,GCA_002200915,
23760,FSt3A,"DSM 25560, CCM 8383, CIP 110362, CCUG 62186",1,Lysinibacillus contaminans,1293441.3,obligate aerobe
,,,,,2648501842,
,,,,,GCA_001278945,
1537,34hs-1,"DSM 18869, ATCC PTA-4993, CIP 108263, KCTC 3961, NBRC 100172, NRRL B-30641",1,Lysinibacillus odysseyi,1220589.3,obligate aerobe
,,,,,1220589.4,
,,,,,1220589.5,
,,,,,2627854238,
,,,,,2731957675,
,,,,,GCA_000773015,
,,,,,GCA_001591965,
,,,,,GCA_002200835,
1532,"Gibson 1013, 1013","DSM 28, ATCC 14577, CCM 2120, JCM 2502, NCIB 9370, NCTC 10338, CCUG 7428, LMG 7134, BCRC 12825, CECT 33, CIP 65.30, IAM 13420, IFO 15095, KCTC 3346, NBRC 15095, NCCB 75018, NCIMB 9370, NRRL B-23268, VKM B-509, NCDO 1767",1,Lysinibacillus sphaericus,1354027.3,obligate aerobe
,,,,,1421.65,
,,,,,1421.85,
,,,,,2554235285,
,,,,,2855314903,
,,,,,GCA_000427235,
,,,,,GCA_002982115,
,,,,,GCA_005217555,
,,,,,GCA_006539805,
,,,,,GCA_900445465,
140892,S2-C,"KACC 18502, JCM 31130",1,Lysobacter aestuarii,1706195.3,obligate aerobe
,,,,,2896281107,
,,,,,GCA_006546775,
17484,GH1-9,"CCUG 55492, KACC 11406, DSM 17634, CIP 109292",1,Lysobacter daejeonensis,1385517.3,obligate aerobe
,,,,,2627854223,
,,,,,GCA_000768355,
17490,,"DSM 18482, CCUG 53152, CIP 109615, IMMIB APB-9",1,Lysobacter defluvii,1122186.3,obligate aerobe
,,,,,1385515.3,
,,,,,2524614664,
,,,,,GCA_000423325,
,,,,,GCA_000769985,
17489,GH41-7,"DSM 18481, CIP 109587, KACC 11588",1,Lysobacter niastensis,380629.4,obligate aerobe
,,,,,GCA_015453285,
157768,AM20-91,"DSM 104734, LMG 30011",1,Lysobacter silvestris,2834284710,obligate aerobe
,,,,,GCA_002895945,
14421,"C2F4, DD4516, DD 4516","CCUG 38365, CCM 4655, DSM 15607, ATCC 51825, CIP 105714",1,Macrococcus bovicus,2895704629,obligate aerobe
,,,,,69968.3,
,,,,,GCA_004359575,
14420,"DD9348, H8b16, DD 9348","DSM 15608, ATCC 51828, CCUG 38360, CCM 4650, CIP 105711",1,Macrococcus carouselicus,2895711821,obligate aerobe
,,,,,69969.3,
,,,,,GCA_004359515,
14422,"DD9350, H8h3, DD 9350","DSM 15609, ATCC 51831, CCUG 38363, CCM 4653, CIP 105716",1,Macrococcus equipercicus,2895714182,obligate aerobe
,,,,,69967.3,
,,,,,GCA_004359525,
14424,,"DSM 19357, CCM 4809, CCUG 47201, CIP 108166, LMG 21711",1,Macrococcus hajekii,198482.3,obligate aerobe
,,,,,198482.4,
,,,,,2898324690,
,,,,,GCA_004359505,
,,,,,GCA_014634985,
14425,,"DSM 19359, CCM 4815, CCUG 47199, CIP 108165, LMG 21713",1,Macrococcus lamae,198484.3,obligate aerobe
,,,,,2895696325,
,,,,,GCA_004359545,
2978,P1,"DSM 15619, CIP 108194, JCM 12706, CCUG 64012",1,Malikia granosa,263067.3,obligate aerobe
,,,,,2887120766,
,,,,,GCA_002980595,
14648,241,"DSM 13212, ATCC BAA-274, CIP 106114, CCUG 43834",1,Staphylococcus fleurettii,150056.28,obligate aerobe
,,,,,GCA_003970575,
11723,"B558, P925","DSM 19638, CCUG 38457, CIP 106063",1,Mannheimia glucosida,2517572203,obligate aerobe
11725,177,"DSM 19166, CCUG 38462, CIP 106064",1,Mannheimia varigena,GCA_013377235,obligate aerobe
5722,SW5,"DSM 18792, CIP 109502",1,Mariniflexile fucanivorans,264023.4,obligate aerobe
,,,,,2799112275,
,,,,,GCA_004341235,
456,"M18, 27.101","DSM 16975, KCTC 12357, CIP 109192",1,Marinimicrobium agarilyticum,1122194.5,obligate aerobe
,,,,,2524023067,
,,,,,GCA_000423345,
482,DG893,"DSM 16394, CIP 109780, NCIMB 14009",1,Marinobacter algicola,443152.3,obligate aerobe
,,,,,640963027,
,,,,,GCA_000170835,
483,SW-156,"DSM 16072, JCM 12324, KCTC 12184, CIP 108614",1,Marinobacter daepoensis,1122197.3,obligate aerobe
,,,,,2526164527,
,,,,,GCA_000421165,
481,SW145,"DSM 16070, JCM 12323, CGMCC 1.8487, KCTC 12185, CIP 108615",1,Marinobacter flavimaris,262076.4,obligate aerobe
,,,,,GCA_003363485,
486,CK47,"DSM 16561, JCM 12521, MTCC 6519, CGMCC 1.6490, CIP 108870, LMG 23847",1,Marinobacter maritimus,GCA_007671675,obligate aerobe
474,VT8,"DSM 11845, ATCC 700491, CIP 106100",0,Marinobacter nauticus,GCA_000015365,obligate aerobe
487,FB1,"DSM 17747, CCUG 52119, CIP 109495",1,Marinobacter vinifirmus,2855212161,obligate aerobe
,,,,,355591.9,
,,,,,GCA_002258215,
459,KW-40,"DSM 11526, ATCC 700074, JCM 21667, CIP 105236, IAM 15212, NBRC 102606, CECT 7200",0,Marinobacterium iners,1122198.3,obligate aerobe
,,,,,2634166328,
,,,,,GCA_900107855,
140895,,"KCCM 43095, JCM 30410, PAMC 27536",1,Marinobacterium profundum,GCA_001528745,obligate aerobe
457,146,"DSM 7027, ATCC 27130, CCUG 16021, CIP 106697, LMG 6847, CECT 7202",1,Marinobacterium stanieri,2681813548,obligate aerobe
,,,,,49186.3,
,,,,,GCA_900155945,
1369,HK 718,"DSM 20408, ATCC 27964, CCM 2706, JCM 2479, NRCC 14033, CIP 104819, IAM 12844, KCTC 2843, LMG 17439, NBRC 102359, NCIMB 13496, VKM Ac-1985",1,Marinococcus halophilus,1371.6,obligate aerobe
,,,,,1371.9,
,,,,,2832122235,
,,,,,GCA_002265875,
,,,,,GCA_007989565,
133387,,"KCTC 52409, MCCC 1K03210, CDA 4",1,Maribacter aurantiacus,1882343.4,obligate aerobe
,,,,,2886535277,
,,,,,GCA_005780245,
167342,GS-14,"KCTC 72401, MCCC 1K03622",1,Marisediminitalea mangrovi,GCA_006494365,obligate aerobe
,,,,,VHIP00000000,
11084,,"DSM 12652, JCM 10917, NBRC 105375, BC 361, CIP 106770, NCIMB 13748",1,Nocardioides aurantiacus,2781126051,obligate aerobe
,,,,,86796.3,
,,,,,GCA_003752505,
531,MACL11,"DSM 17316, CECT 5861, LMG 22193, CIP 108716",1,Martelella mediterranea,1122214.1,obligate aerobe
,,,,,1122214.3,
,,,,,1122214.8,
,,,,,1122214.9,
,,,,,2515154079,
,,,,,GCA_000376125,
,,,,,GCA_002043005,
11323,UR/MT95,"DSM 16850, CCUG 45783, CIP 105350",1,Massilia timonae,2531839286,obligate aerobe
,,,,,883126.3,
,,,,,GCA_000315425,
140896,CZ-AZ5,"CGMCC 1.13179, JCM 18886",1,Membranihabitans marinus,GCA_021729155,obligate aerobe
1268,CV53,"DSM 19613, CIP 108889, LMG 23174, UCCCB11",1,Mesobacillus foraminis,GCA_004340465,obligate aerobe
,,,,,GCA_013618915,
5616,M-2Alg 33-2,"DSM 15361, CCUG 47092, KCTC 12089, KMM 3909, CIP 108200",1,Mesonia algae,213248.1,obligate aerobe
,,,,,2593339303,
,,,,,GCA_003253545,
140348,15-S14-6,"DSM 102814, CGMCC 1.16020, KCCM 43197, NCAIM B.02633",1,Mesonia maritima,2830107710,obligate aerobe
5617,,"DSM 19841, KCTC 12708, KMM 6059, LMG 23670",1,Mesonia mobilis,1122226.16,obligate aerobe
,,,,,2523231063,
,,,,,369791.4,
,,,,,GCA_000423405,
,,,,,GCA_014651475,
166307,Z1-4,"KCTC 72512, CCTCC AB 2019101",1,Mesorhizobium alexandrii,GCA_004000235,obligate aerobe
1266,,"DSM 19097, CCUG 58726, JCM 13437, KCCM 90024, SMC 4352-2, ABB 0430, CIP 109494",1,Metabacillus idriensis,324768.4,obligate aerobe
,,,,,GCA_009674765,
1233,Sd/3,"DSM 15820, CIP 108689, LMG 22858, MTCC 4374, JCM 12168, KCTC 3968",1,Metabacillus indicus,1458122.18,obligate aerobe
,,,,,2619619114,
,,,,,GCA_000708755,
1223,JG-30,"DSM 16189, KCTC 3880, BCRC 80033, CIP 108730",0,Metabacillus indicus,2619619115,obligate aerobe
,,,,,265729.29,
,,,,,GCA_000709935,
1228,SW-211,"DSM 16303, KCTC 3898, CIP 108971",1,Metabacillus litoralis,GCA_007994985,obligate aerobe
158776,IER25-16,"KACC 19280, JCM 32048",1,Methylobacterium frigidaeris,2839310330,obligate aerobe
,,,,,GCA_002759055,
,,,,,GCA_022179185,
166375,SB0023/3,"CECT 9862, PYCC 8351",1,Methylobacterium symbioticum,2584084.3,obligate aerobe
,,,,,2902361641,
,,,,,GCA_902141845,
7168,,"DSM 5687, ATCC 43882, NCIMB 12249, CCUG 36915, CIP 103771, JCM 10891, IFO 15844, NBRC 15844, VKM B-2142",1,Methylorubrum rhodesianum,2829766573,obligate aerobe
,,,,,29427.3,
,,,,,GCA_014199985,
7412,V-73,"DSM 14217, CCM 4955, NRRL B-24228, JCM 12137, CIP 107636, IAM 15195, LMG 22184, NBRC 103071",1,Microbacterium aerolatum,153731.4,obligate aerobe
,,,,,153731.5,
,,,,,GCA_007988825,
,,,,,GCA_014635005,
7370,,"DSM 20754, ATCC 4358, IFO 3750, NBRC 3750, NRRL B-24239, JCM 5884, CGMCC 1.1937, CIP 55.81, HAMBI 1892, IAM 1311, KCTC 3522, LMG 4009, NCDO 2276, NCIMB 8185, VKM Ac-1944",1,Microbacterium arborescens,2877034298,obligate aerobe
,,,,,33883.6,
,,,,,GCA_003339645,
7395,H-5,"DSM 8600, ATCC 51345, IFO 15204, NBRC 15204, NRRL B-24210, CCUG 43279, CCM 4522, CIP 103994, JCM 9179, IAM 15207, KACC 15219, VKM Ac-1950, VKM Ac-2076",1,Microbacterium aurum,2773857884,obligate aerobe
,,,,,2893677331,
,,,,,36805.16,
,,,,,36805.5,
,,,,,GCA_001974985,
,,,,,GCA_016907815,
7363,7,"DSM 20145, ATCC 15954, CCM 1928, NCIB 9658, NRRL B-24231, CCUG 33090, LMG 16341, CIP 102692, IAM 12585, IFO 15036, JCM 1343, BCRC 11642, CGMCC 1.1902, HAMBI 1894, IMET 10688, IMSNU 10306, KCTC 3197, NBRC 15036, NCFB 2287, NCIMB 9658, VKM Ac-1020, VTT E-072706, NCDO 2287",1,Microbacterium barkeri,2919382452,obligate aerobe
7396,M-73,"CCUG 38517, DSM 8607, ATCC 51344, IFO 14592, NBRC 14592, JCM 9180, CCM 4523, CIP 103993, IAM 15202, NCIMB 13387, NRRL B-23242, VKM Ac-1940, VKM Ac-2077",1,Microbacterium dextranolyticum,2893534022,obligate aerobe
,,,,,36806.4,
,,,,,GCA_016907295,
7399,,"DSM 8609, ATCC 8091, CCM 4371, IFO 3751, NBRC 3751, NRRL B-24213, JCM 9172, BCRC 15447, BUCSAV 326, CIP 103916, IAM 15198, LMG 4020, NCFB 2277, NCIMB 8186, VKM Ac-1942, VTT E-991287, NCDO 2277",1,Microbacterium esteraromaticum,2893536966,obligate aerobe
,,,,,57043.11,
,,,,,GCA_016907315,
7364,401,"CCUG 29000, DSM 20643, ATCC 13348, NCIB 9221, JCM 3877, BCRC 12361, CCTM 2716, CIP 102401, HAMBI 1871, HAMBI 1909, IAM 15203, IFO 15039, IMET 10367, JCM 11568, KCTC 3389, KCTC 3437, LMG 3028, NBIMCC 2370, NBRC 15039, NCIMB 9221, NRRL B-24238, VKM Ac-1415",1,Microbacterium flavescens,69366.3,obligate aerobe
,,,,,GCA_018588945,
7381,,"DSM 15944, LMG 19263, NCIMB 30129, DPC 5286, JCM 12075, CCM 7309, CIP 107184, IAM 15193, LMG S-19263, NBRC 103073, NRRL B-24242",1,Microbacterium gubbeenense,1122237.3,obligate aerobe
,,,,,2524614763,
,,,,,GCA_000422745,
7423,,"DSM 15855, CIP 108071, KCTC 19017, YIM 70130, JCM 13013, NRRL B-24569",1,Microbacterium halotolerans,246613.3,obligate aerobe
,,,,,2861987423,
,,,,,GCA_003569805,
7419,BNP48,"DSM 16089, NCIMB 14002, JCM 14340, CIP 108713, IAM 15235, NBRC 103074",1,Microbacterium hydrocarbonoxydans,1223527.3,obligate aerobe
,,,,,2634166363,
,,,,,2731957586,
,,,,,273678.5,
,,,,,GCA_001552455,
,,,,,GCA_900105205,
7371,72,"DSM 20530, ATCC 8365, IAM 1654, NCIB 9888, NRRL B-24235, JCM 1378, BCRC 11226, CGMCC 1.1910, CIP 82.108, HAMBI 117, HAMBI 1891, IFO 12610, IMET 10714, KCTC 9229, NBRC 12610, NCCB 71040, NCFB 2269, NCIMB 9888, VKM Ac-1447, VKM B-1204",1,Microbacterium imperiale,2918394494,obligate aerobe
,,,,,33884.3,
,,,,,GCA_017876655,
7434,BBH6,"DSM 19969, CIP 109607, IAM 15355, JCM 21800, LMG 23459",1,Microbacterium indicum,1122238.3,obligate aerobe
,,,,,2523533558,
,,,,,GCA_000422385,
7397,,"DSM 8606, ATCC 35057, CCM 4375, CIP 103815, IFO 13309, NBRC 13309, NRRL B-24211, CCUG 43280, JCM 9173, BCRC 11905, IAM 13165, KCTC 9918, LMG 16470, NCIMB 12401, VKM Ac-1958",1,Microbacterium keratanolyticum,2893531040,obligate aerobe
,,,,,67574.6,
,,,,,GCA_016907255,
7407,KN-2479,"DSM 12510, IFO 14548, NBRC 14548, NRRL B-24221, JCM 12078, CIP 105732, IAM 15201, VKM Ac-2082",1,Microbacterium terrae,2711768172,obligate aerobe
,,,,,92835.4,
,,,,,GCA_000956575,
7373,5,"DSM 20427, ATCC 8180, NCDO 747, NCIB 8540, NRRL B-24233, JCM 1379, BCRC 11036, CCM 1584, CCUG 28998, CCUG 50753, CGMCC 1.1911, CIP 69.3, HAMBI 2287, IAM 1640, IFO 14135, IMET 10712, IMSNU 21284, KCTC 1305, KCTC 1625, KCTC 9230, LMG 21671, LMG 4047, NBRC 14135, NCIMB 8540, VKM Ac-1145, VTT E-072707",1,Microbacterium lacticum,2818991429,obligate aerobe
,,,,,33885.17,
,,,,,33885.18,
,,,,,33885.2,
,,,,,GCA_006539445,
,,,,,GCA_006716815,
,,,,,GCA_014646835,
7380,Mbm 15,"DSM 20638, ATCC 43647, NCIB 11509, NRRL B-24237, CCUG 33091, JCM 3879, BCRC 14859, CGMCC 1.1934, CIP 102402, HAMBI 1895, IAM 15185, IFO 15037, IMSNU 21275, KCTC 9227, LMG 16342, NBRC 15037, NCIMB 11509, VKM Ac-1018",1,Microbacterium liquefaciens,33918.3,obligate aerobe
,,,,,33918.5,
,,,,,GCA_006539765,
,,,,,GCA_014648755,
7436,YM11-607,"DSM 18904, CIP 109810, JCM 16546, MBIC 07778, NBRC 104188",1,Microbacterium marinilacus,GCA_019753765,obligate aerobe
7409,"319, 572, MDB 319","DSM 12512, ATCC 19260, IFO 15779, NBRC 15779, NCIMB 1050, NRRL B-24223, JCM 11570, CECT 578, CIP 105733, IAM 15190, LMG 8374, NCIMB 559, NCMB 1050, NCMB 665, NCMB 689, VKM Ac-2079, VKM B-1170, VTT E-072693",1,Microbacterium maritypicum,300020.7,obligate aerobe
,,,,,GCA_008868125,
7420,,"DSM 16091, NCIMB 14003, BAS 69, JCM 14341, CIP 108712, IAM 15236, NBRC 103075",1,Microbacterium oleivorans,1223528.5,obligate aerobe
,,,,,2731957587,
,,,,,GCA_001552475,
7369,X98,"DSM 20578, CIP 6612, NCIB 9944, NRRL B-24236, CCUG 58056, JCM 12414, CIP 66.12, KCTC 3256, BCRC 12117, CGMCC 1.8870, IAM 15197, IFO 15586, NBRC 15586, NCIMB 9944, VKM Ac-2116, IFO (now NBRC) 15586, NCIB (now NCIMB) 9944",1,Microbacterium oxydans,82380.42,obligate aerobe
,,,,,82380.43,
,,,,,GCA_006540085,
,,,,,GCA_008868025,
7414,CF36,"DSM 15019, CCUG 46601, CIP 108082, NRRL B-24275, JCM 12372, IAM 15196, IFM 10517, LMG 23172, NBRC 103076, VTT E-072721",1,Microbacterium paraoxydans,1223529.4,obligate aerobe
,,,,,199592.7,
,,,,,2634166897,
,,,,,2731957588,
,,,,,GCA_001552495,
,,,,,GCA_025002625,
,,,,,GCA_900105335,
7444,Shh49,"DSM 22239, CGMCC 1.6777, CIP 109927, JCM 14840",1,Microbacterium profundi,2617271234,obligate aerobe
,,,,,450380.4,
,,,,,GCA_000763375,
7402,,"DSM 11986, CCUG 38312, CCM 4912, CIP 107265, JCM 11686, DMMZ 1710, IAM 15192, IFM 10515, LMG 22202, NBRC 103078, NRRL B-24216",1,Microbacterium resistens,1223505.3,obligate aerobe
,,,,,2731957582,
,,,,,GCA_001552355,
7365,"48-1-4, 3126","DSM 20169, ATCC 19272, CCEB 366, CCUG 33092, JCM 1352, BCRC 12119, CCM 4972, CGMCC 1.1906, CIP 104420, HAMBI 1890, IAM 12547, IFO 15038, IMET 11076, KCTC 3469, LMG 16343, NBRC 15038, NCDO 2265, NCIMB 702265, NRRL B-14833, VKM Ac-1022, VKM Ac-1414, CNF 058",1,Microbacterium saperdae,2816332114,obligate aerobe
,,,,,69368.3,
,,,,,69368.4,
,,,,,GCA_006716345,
,,,,,GCA_014646775,
7400,A-1,"DSM 8610, ATCC 51476, CCM 4374, CIP 103816, IFO 15300, NBRC 15300, NRRL B-24214, JCM 9176, IAM 15209, LMG 16471, VKM Ac-1945",1,Microbacterium terrae,2893680751,obligate aerobe
,,,,,69369.3,
,,,,,GCA_017831975,
7367,Rp-3,"DSM 20166, ATCC 15829, CCM 2299, NRRL B-24232, CCUG 23849, LMG 16344, CIP 104324, IAM 1561, JCM 1353, BCRC 12120, CGMCC 1.1907, HAMBI 1889, IFO 12675, IMET 10361, KCTC 9103, KCTC 9228, NBRC 12675, NCFB 2302, NCIMB 11430, VKM Ac-1019, VKM B-1229",1,Microbacterium testaceum,2033.11,obligate aerobe
,,,,,GCA_006539145,
7398,114-2,"DSM 8608, ATCC 51475, CCM 4373, CIP 103817, IFO 15077, JCM 1358, NBRC 15077, NRRL B-24212, IAM 15206, LMG 16696, VKM Ac-1948",1,Microbacterium trichothecenolyticum,2698536670,obligate aerobe
,,,,,69370.6,
,,,,,GCA_000956465,
7424,XIL02,"DSM 16931, CECT 5976, LMG 20991, JCM 14282, CIP 108339, IAM 15295, NCAIM B.02300, NCIMB 14309",1,Microbacterium ulmi,179095.3,obligate aerobe
,,,,,179095.4,
,,,,,2824374264,
,,,,,GCA_011759705,
,,,,,GCA_013004565,
140780,CCB-MM1,"LMG 29920, JCM 31875",1,Microbulbifer aggregans,2751185758,obligate aerobe
,,,,,GCA_001750105,
465,IRE-31,"DSM 11525, ATCC 700072, IRE 31, CIP 105235",1,Microbulbifer hydrolyticus,2861623431,obligate aerobe
,,,,,48074.4,
,,,,,GCA_014202835,
7496,KSL-113,"DSM 19663, CIP 108920, KCTC 19126, JCM 15138, NBRC 106160",1,Microcella alkalica,2820983214,obligate aerobe
,,,,,355930.3,
,,,,,GCA_014137945,
7493,Ac4r,"DSM 18851, CIP 108473, LMG 22690, KCTC 19624",1,Microcella alkaliphila,2802428807,obligate aerobe
,,,,,GCA_004216855,
7492,CV-2,"DSM 19627, CIP 108471, LMG 22692, KCTC 19625",1,Microcella putealis,2818991222,obligate aerobe
,,,,,337005.6,
,,,,,GCA_006716545,
7756,LW4,"DSM 19079, CGMCC 1.5361, JCM 14000, CCUG 56037, BCRC 80069, CCUG 54219, CIP 109517",1,Micrococcus flavus,2866916688,obligate aerobe
,,,,,2870573580,
,,,,,384602.4,
,,,,,384602.5,
,,,,,384602.6,
,,,,,GCA_004563965,
,,,,,GCA_014204815,
,,,,,GCA_014644875,
,,,,,GCA_022348285,
7673,,"CCUG 5858, ATCC 15307, DSM 20030, ATCC 4698, CCM 169, NCIB 9278, NCTC 2665, WDCM 00111, JCM 1464, BCRC 11034, BCRC 80739, CECT 5053, CECT 51, CECT 5863, CGMCC 1.2299, CIP A270, HAMBI 1399, HAMBI 26, HUT 8101, IAM 1056, IEM M15/65, IFO 3333, IMSNU 20332, IMSNU 20354, KACC 10488, KCTC 1056, KCTC 3063, LMG 4050, NBIMCC 1439, NBRC 3333, NCCB 78001, NCFB 947, NCIMB 10474, NCIMB 9278, NRIC 1094, NRRL B-287, PCM 525, VKM Ac-2230, VKM B-1314, VKM B-1813, VTT E-93442, NCDO 947, NRRL: B-287, CCUG 5898",1,Micrococcus luteus,1270.133,obligate aerobe
,,,,,1270.83,
,,,,,2843530483,
,,,,,2843729505,
,,,,,465515.12,
,,,,,465515.4,
,,,,,465515.47,
,,,,,465515.51,
,,,,,465515.52,
,,,,,465515.53,
7748,JL 178,"DSM 20315, ATCC 27566, CCM 2693, CCUG 33027, NCTC 11037, JCM 11572, BCRC 12151, CGMCC 1.2300, CIP 81.70, IAM 13002, IFO 15355, KCTC 3517, LMG 14218, NBRC 15355, NCAIM B.02054, NCIMB 14422, VKM Ac-2240, VKM B-1815",1,Micrococcus lylae,1273.6,obligate aerobe
,,,,,1349773.3,
,,,,,2731957609,
,,,,,GCA_001570885,
,,,,,GCA_004563975,
12613,"J47, Ben-108","DSM 12936, ACM 5120, JCM 13522, CCUG 43143, Ben 108, CIP 107259, KACC 14261",1,Microlunatus capsulatus,2918354206,obligate aerobe
,,,,,99117.3,
,,,,,GCA_017876495,
12625,NM-1,"DSM 10555, JCM 9379, ATCC 700054, CIP 104466, FERM P-9771, HAMBI 2303, KCTC 9798, LMG 18116, NBRC 101784, NCIMB 13414, VKM Ac-1990",1,Microlunatus phosphovorus,1032480.4,obligate aerobe
,,,,,650716058,
,,,,,GCA_000270245,
7997,NAR01,"DSM 44875, CIP 109402, LMG 23557, NRRL B-24772, JCM 14921, NBRC 106140",1,Micromonospora coriariae,2623620612,obligate aerobe
,,,,,285665.4,
,,,,,GCA_900091455,
7982,LK2-10,"DSM 44814, JCM 12345, PCU 238, TISTR 1531, CIP 108667, NBRC 101912, NRRL B-24761",1,Micromonospora eburnea,227316.5,obligate aerobe
,,,,,2622736604,
,,,,,GCA_900090225,
7990,65-m50,"DSM 43904, ATCC 35572, CIP 108948, IFO 14022, JCM 3257, KCC A-0257, NBRC 14022, NRRL B-16102, BCRC 13324, CGMCC 4.1254, IMSNU 21290",1,Micromonospora echinaurantiaca,2623620557,obligate aerobe
,,,,,47857.4,
,,,,,GCA_900090235,
7984,AA-459,"DSM 44398, CIP 108382, IFAM AA-459, JCM 12677, NBRC 101889, NRRL B-24248",1,Micromonospora endolithica,230091.4,obligate aerobe
,,,,,230091.5,
,,,,,2585427558,
,,,,,GCA_003626595,
,,,,,GCA_007994185,
7992,71-m11,"DSM 43906, ATCC 35574, CIP 108952, JCM 3259, KCC A-0259, NRRL B-16104, IFO 14026, IMSNU 21296, NBRC 14026",1,Micromonospora fulviviridis,47860.3,obligate aerobe
,,,,,GCA_014648395,
7985,,"DSM 44830, LMG 22229, NBRC 101890, NRRL B-24769, WA 201, JCM 13240, CIP 108755",1,Micromonospora mirobrigensis,2619619047,obligate aerobe
,,,,,262898.5,
,,,,,GCA_900091555,
7995,MK-65,"DSM 43912, ATCC 21826, CIP 108950, DSM 44886, JCM 3310, KCC A-0310, NBRC 101888, NRRL 11334, KACC 20106, KCTC 9215",1,Micromonospora sagamiensis,2585427560,obligate aerobe
,,,,,47875.4,
,,,,,47875.5,
,,,,,GCA_007829995,
,,,,,GCA_014680085,
7998,TT2-4,"DSM 45097, CIP 109112, JCM 12769, NBRC 101914, PCU 266, TISTR 1554, NRRL B-24762",1,Micromonospora siamensis,2634166273,obligate aerobe
,,,,,299152.5,
,,,,,GCA_900090305,
7996,FD 23988,"DSM 43909, ATCC 31146, CIP 108949, JCM 3267, KCC A-0267, NBRC 101887, BCRC 13409",1,Micromonospora viridifaciens,1881.4,obligate aerobe
,,,,,2636416073,
,,,,,GCA_900091545,
3813,SIO-8,"DSM 4236, ATCC 23134, NCMB 1400",1,Microscilla marina,2636416090,obligate aerobe
,,,,,313606.3,
,,,,,640196209,
,,,,,GCA_000169175,
10626,J81,"DSM 44463, CIP 109234, NRRL B-24424, JCM 13999, BCRC 16840, IFM 10694, NBRC 105863",1,Millisia brevis,1219361.4,obligate aerobe
,,,,,2731957593,
,,,,,GCA_001552615,
166379,HWN-4,"LMG 28685, KTCC 42483",1,Roseateles chitinivorans,GCA_002761755,obligate aerobe
5831,CP153-2,"DSM 16678, ATCC BAA-1040, CIP 109814, JCM 15578, CGMCC 1.10729",1,Modestobacter versicolor,2827613928,obligate aerobe
,,,,,2839233032,
,,,,,429133.6,
,,,,,GCA_003226595,
,,,,,GCA_014195485,
132419,,"DSM 27929, CCTCC AB 2012966, YIM 4-4",0,Mongoliibacter ruber,1750599.3,obligate aerobe
,,,,,2731639260,
,,,,,GCA_003003005,
8160,5118,"DSM 6999, ATCC 29525, NCTC 11091, CCUG 6415, CIP 82.25, LMG 5133, IFO 14588, CCM 6072, CCUG 6415A",1,Moraxella atlantae,2902272189,obligate aerobe
,,,,,2902295020,
,,,,,34059.7,
,,,,,34059.8,
,,,,,GCA_002027585,
,,,,,GCA_900453305,
8163,88365,"DSM 14165, ATCC 700022, CCUG 35435, CIP 104716, NCTC 12925",1,Moraxella boevrei,1122243.3,obligate aerobe
,,,,,2515154147,
,,,,,GCA_000379845,
8153,L-3,"DSM 6328, ATCC 10900, CDC KC745, IMET 11301, JCM 17254, CCUG 2133, NCTC 11013, LMG 986, NCDC KC 745, CIP 70.40, IAM 12313, LMG 5299, KSC 494",1,Moraxella bovis,2868718361,obligate aerobe
,,,,,476.1,
,,,,,476.23,
,,,,,GCA_002014975,
8172,8897,"DSM 19149, ATCC 700019, CCUG 33296, CIP 104714, NCTC 12877",1,Moraxella caprae,1122244.3,obligate aerobe
,,,,,2524614551,
,,,,,90240.3,
,,,,,GCA_000426885,
,,,,,GCA_900453285,
8161,"Ne 11, Nell","CCUG 353, NCTC 11020, LMG 11192, DSM 9143, ATCC 25238, CIP 73.21",1,Moraxella catarrhalis,2744054833,obligate aerobe
,,,,,2847058841,
,,,,,480.224,
,,,,,480.283,
,,,,,GCA_001632285,
,,,,,GCA_900476075,
134460,Chatham,"CIP A151, ATCC 23246, NCTC 4103",0,Moraxella catarrhalis,2900207529,obligate aerobe
,,,,,480.288,
,,,,,GCA_900453075,
8169,,"DSM 18052, ATCC 17967, CCUG 4441, CIP A182, NCTC 11011, Morax 260, JCM 20914, CDC KC784, IAM 12150, IAM 13554, LMG 5301, NBRC 102154",1,Moraxella lacunata subsp. lacunata,1223506.3,obligate aerobe
,,,,,2731957642,
,,,,,2902269242,
,,,,,477.6,
,,,,,GCA_001591245,
,,,,,GCA_002027545,
8171,,"DSM 19150, ATCC 51388, CCUG 9405, CIP 103802, LMG 5127",1,Moraxella lincolnii,2878536677,obligate aerobe
,,,,,90241.3,
,,,,,GCA_002014765,
8151,A1920,"DSM 6327, ATCC 19975, CCUG 348, CIP 68.36, NCTC 10464, KSC 494, CCM 5604",1,Moraxella nonliquefaciens,2871056431,obligate aerobe
,,,,,478.31,
,,,,,478.6,
,,,,,GCA_001679005,
8157,"A1920, A 1920","DSM 6998, ATCC 19976, NBRC 111460, NCTC 10465, CCUG 350, LMG 5131, JCM 17842, BCRC 10705, CCM 5605, CECT 460, CIP 68.35",1,Moraxella osloensis,2687453432,obligate aerobe
,,,,,2868713926,
,,,,,2902266764,
,,,,,34062.113,
,,,,,34062.3,
,,,,,34062.36,
,,,,,34062.37,
,,,,,34062.38,
,,,,,34062.39,
,,,,,34062.61,
8156,"trp E55, <I>trp</I> E55","DSM 6359, ATCC 29721, CIP 104691",0,Moraxella osloensis,34062.125,obligate aerobe
8175,SN9-4M,"DSM 25326, CCUG 54912, CECT 7294, CIP 110214",1,Moraxella porci,2858172386,obligate aerobe
,,,,,573983.3,
,,,,,GCA_002014855,
164622,K478,"JCM 33652, CGMCC 1.17229",1,Motilibacter aurantiacus,GCA_011250645,obligate aerobe
,,,,,JAANNO000000000,
164621,E257,"JCM 33651, CGMCC 1.17159",1,Motilibacter deserti,GCA_011250635,obligate aerobe
,,,,,JAANNP000000000,
133142,TBZ30,"KCTC 42833, CCTCC AB 2015301",1,Mucilaginibacter pedocola,2846139442,obligate aerobe
,,,,,GCA_002013915,
166284,176CP4-71,"KACC 19889, LMG 31033",1,Flagellimonas allohymeniacidonis,GCA_004296335,obligate aerobe
133397,CSW06,"CGMCC 1.15761, JCM 31455, KCTC 52375, MCCC 1K03195",1,Croceivirga lutea,1775167.4,obligate aerobe
,,,,,GCA_014235875,
,,,,,GCA_014643615,
11264,14-Be-013,"DSM 45312, CCM 7612, CCUG 57390, JCM 17973, CIP 110198",1,Murinocardiopsis flavida,2728369519,obligate aerobe
,,,,,645275.3,
,,,,,GCA_003014485,
1977,HK10456-B5,"DSM 19003, CIP 109454, HKI 456",1,Mycetohabitans endofungorum,2708743152,obligate aerobe
,,,,,417203.3,
,,,,,GCA_002927045,
1976,,"DSM 19002, CIP 109453, HKI 454",1,Mycetohabitans rhizoxinica,650716014,obligate aerobe
,,,,,882378.19,
,,,,,882378.2,
,,,,,882378.3,
,,,,,GCA_000198775,
8547,BD,"DSM 45149, CCUG 50184, CIP 108541, JCM 15297, BCRC 16915",1,Mycobacterium abscessus subsp. bolletii,1091046.3,obligate aerobe
,,,,,1091046.5,
,,,,,319705.134,
,,,,,319705.16,
,,,,,319705.54,
,,,,,319705.59,
,,,,,GCA_000239035,
,,,,,GCA_001792615,
,,,,,GCA_002013835,
,,,,,GCA_002086525,
8546,,"DSM 45103, CCUG 48898, CIP 108297, KCTC 19086, JCM 15300, Timone LB, BCRC 16916",1,Mycobacterium abscessus subsp. massiliense,1001714.3,obligate aerobe
,,,,,1001714.4,
,,,,,1001714.6,
,,,,,1962118.3,
,,,,,319705.17,
,,,,,GCA_000239055,
,,,,,GCA_000270665,
,,,,,GCA_000497265,
,,,,,GCA_001792625,
,,,,,GCA_002086375,
8539,126/5/03,"DSM 45057, CIP 109313",1,Mycobacterium angelicum,2865506402,obligate aerobe
,,,,,470074.3,
,,,,,GCA_002086155,
,,,,,GCA_025822405,
8573,JS19b1,"DSM 45407, ATCC BAA-1378, CIP 109274, JCM 16368",1,Mycobacterium aromaticivorans,1440774.4,obligate aerobe
,,,,,1440774.6,
,,,,,GCA_000559085,
,,,,,GCA_001314125,
8431,"3056, N61H, 61, 92003","DSM 44297, ATCC 25276, CCUG 29115, TMC 803, CIP 106809, JCM 6409",1,Mycobacterium asiaticum,1265310.3,obligate aerobe
,,,,,1265310.4,
,,,,,2619619251,
,,,,,GCA_000613245,
,,,,,GCA_002086545,
8549,U8,"JCM 15296, DSM 45150, CCUG 50186, CIP 108543",1,Mycobacterium aubagnense,319707.12,obligate aerobe
,,,,,319707.13,
,,,,,GCA_005670695,
,,,,,GCA_010730955,
8379,"358, 14 121 0001","DSM 43999, ATCC 23366, JCM 6366, NCTC 10437, CCUG 70546, LMG 19255, CIP 104465, KCTC 9955, NRRL B-4037, Tsukamura 358, CCUG 37666, HAMBI 2275",1,Mycobacterium aurum,1791.6,obligate aerobe
,,,,,2740892265,
,,,,,GCA_001049355,
,,,,,GCA_025821345,
,,,,,GCA_900637195,
8448,"E9789-SA 12441, SA12441, 9789, 14 150 0001","DSM 44191, ATCC 33464, JCM 6369, CCUG 37667, CIP 105395, HAMBI 2271, KCTC 9504",1,Mycobacterium austroafricanum,2648501395,obligate aerobe
,,,,,39687.3,
,,,,,39687.4,
,,,,,GCA_000612725,
8515,PYR-1,"CCUG 55853, LMG 19257, CIP 107822, JCM 13017, KCTC 9966, DSM 7251, NRRL B-24157, BCRC 16820",0,Mycobacterium austroafricanum,350058.8,obligate aerobe
,,,,,GCA_000015305,
,,,,,GCA_025821565,
8419,"SSC 1336, 14 031 0002, Vet. 1387","DSM 44156, ATCC 25291, TMC 724, CCUG 20992, NCTC 13034, CIP 104244",1,Mycobacterium avium subsp. avium,44454.9,obligate aerobe
,,,,,553481.3,
,,,,,645058725,
,,,,,GCA_000174035,
,,,,,GCA_009741445,
138449,N7,"CIP 108545, CCUG 50398",1,Mycobacterium barrassiae,GCA_025822765,obligate aerobe
8519,"MF-657, W5998","DSM 44677, ATCC 49935, CCUG 47580, CIP 107829, JCM 15653",1,Mycobacterium boenickei,146017.12,obligate aerobe
,,,,,146017.5,
,,,,,146017.6,
,,,,,2856275449,
,,,,,2865743993,
,,,,,GCA_002553535,
,,,,,GCA_010731295,
,,,,,GCA_022558525,
,,,,,GCA_900166915,
8474,2938-X86,"CCUG 39919, CIP 105811, DSM 44277, JCM 12402, ATCC BAA-2097",1,Mycobacterium bohemicum,1236609.3,obligate aerobe
,,,,,2630968850,
,,,,,56425.4,
,,,,,GCA_001053185,
,,,,,GCA_002102025,
,,,,,GCA_025821915,
8529,502329,"JCM 15298, DSM 44828, CCUG 47953, CIP 107998",1,Mycobacterium canariasense,228230.3,obligate aerobe
,,,,,228230.4,
,,,,,GCA_001570445,
,,,,,GCA_002101555,
,,,,,GCA_025822345,
8570,"RAMC, Friedman, 14 042 0003, 1544","DSM 43804, ATCC 35752, CCUG 47445, IMET 10609, JCM 6388, NCTC 946, TMC 1544, CIP 104535, KCTC 9505, NCIMB 1474",1,Mycobacterium chelonae,1460372.6,obligate aerobe
,,,,,1774.35,
,,,,,1774.68,
,,,,,1774.83,
,,,,,1774.91,
,,,,,2099321.3,
,,,,,2687453534,
,,,,,2857061820,
,,,,,GCA_000971805,
,,,,,GCA_001632805,
8219,"2502, 14 116 0001","DSM 44633, ATCC 19627, CIP 105383, CCUG 39504, NCTC 10485, JCM 12403",1,Mycobacterium chitae,1792.7,obligate aerobe
,,,,,1792.9,
,,,,,2867052265,
,,,,,GCA_010727725,
,,,,,GCA_025821725,
,,,,,GCA_900637205,
8364,PCP-1,"DSM 43826, ATCC 49826, JCM 7439, NCIMB 123325, NRRL B-16528, BCRC 13726, CECT 4065, CIP 104189, HAMBI 2278, IFO 15527, MTCC 2570, NBRC 15527, NCIMB 12325",1,Mycobacterium chlorophenolicum,1303685.4,obligate aerobe
,,,,,1303685.5,
,,,,,2630968674,
,,,,,2731957580,
,,,,,2734481951,
,,,,,37916.4,
,,,,,GCA_001044235,
,,,,,GCA_001313545,
,,,,,GCA_001552315,
8465,48013,"DSM 44219, ATCC 27278, JCM 6374, NCTC 10819, CCUG 37670, CIP 106810, JCM 16420, KCTC 19712",1,Mycobacterium chubuense,1800.3,obligate aerobe
,,,,,1800.5,
,,,,,1800.9,
,,,,,2630968491,
,,,,,2808606776,
,,,,,GCA_001044255,
,,,,,GCA_002086595,
,,,,,GCA_900453455,
8550,"10B, B10","DSM 45105, CECT 3035, CIP 108962, CCUG 55633, JCM 16228",1,Mycobacterium colombiense,1041522.28,obligate aerobe
,,,,,1041522.3,
,,,,,2562617111,
,,,,,GCA_000222105,
,,,,,GCA_002105755,
8422,1389/90,"DSM 44017, ATCC 49920, CIP 105510, CCUG 37513, JCM 13671, KCTC 19635",1,Mycobacterium confluentis,28047.3,obligate aerobe
,,,,,28047.9,
,,,,,2865351897,
,,,,,GCA_002102105,
,,,,,GCA_010729895,
,,,,,GCA_025822845,
8530,LTA-388,"DSM 44829, ATCC BAA-878, CIP 108170, CCUG 55485, JCM 14739, KCTC 19713",1,Mycobacterium cosmeticum,258533.3,obligate aerobe
,,,,,258533.7,
,,,,,2619619211,
,,,,,GCA_000613185,
,,,,,GCA_005670675,
8574,czh-42,"DSM 45433, ATCC BAA-1373, CIP 109269, JCM 16369",1,Mycobacterium crocinum,1305862.4,obligate aerobe
,,,,,2734481973,
,,,,,GCA_001314145,
,,,,,GCA_022370635,
,,,,,GCA_025822435,
8226,14 117 0001,"DSM 43524, ATCC 19340, JCM 6371, SN 1418, BCRC 16395, CGMCC 4.1179, CIP 105384, HAMBI 2269, IFO 14756, KCTC 9506, NBRC 14756, ATCC 41001",1,Mycobacterium diernhoferi,1801.9,obligate aerobe
,,,,,GCA_019456655,
,,,,,GCA_025822385,
8478,"Fi-13295, ID 3931","DSM 44339, CIP 106867, CCUG 46352, JCM 12405, ATCC BAA-565",1,Mycobacterium doricum,126673.3,obligate aerobe
,,,,,126673.9,
,,,,,GCA_002102115,
,,,,,GCA_010728155,
,,,,,GCA_025822585,
8412,141180001,"DSM 44244, ATCC 43910, NCTC 358, CCUG 41352, CIP 104539, JCM 6396, KCTC 9507",1,Mycobacterium duvalii,39688.9,obligate aerobe
,,,,,GCA_010726645,
,,,,,GCA_025823005,
8481,"484, 484T","DSM 44368, JCM 12406, CIP 106831",1,Mycobacterium elephantis,1335622.5,obligate aerobe
,,,,,GCA_004014805,
,,,,,GCA_025822495,
8447,141390005,"CCUG 37584, DSM 44179, ATCC 35219, CIP 81.39, JCM 6405, KCTC 9508",1,Mycobacterium fallax,1793.1,obligate aerobe
,,,,,1793.3,
,,,,,2865347724,
,,,,,GCA_002101995,
,,,,,GCA_010726955,
,,,,,GCA_025821465,
8247,"D-25 (TMC 1541), D-25, 14 023 0001","DSM 43991, ATCC 14474, TMC 1541, CCUG 29041, CCUG 32167, CIP 104533, CCUG 27974, NCTC 10271",1,Mycobacterium flavescens,GCA_025822705,obligate aerobe
8534,FI-93171,"DSM 44852, CIP 108409, CCUG 50992, JCM 14740",1,Mycobacterium florentinum,2865192396,obligate aerobe
,,,,,292462.1,
,,,,,292462.3,
,,,,,GCA_002101635,
,,,,,GCA_010730355,
,,,,,GCA_025823305,
8259,"Cruz 1, GB 178, Gdf M93, Lausanne 1021, X42, 140410001","DSM 46621, ATCC 6841, CCUG 20994, CIP 104534, IFO 13159, IMET 10605, JCM 6387, NBRC 13159, NCTC 10394, TMC 1529, RIMD 1317004, Tsukamura 18112, CCUG 27973, KCTC 9510, PCM 672",1,Mycobacterium fortuitum subsp. fortuitum,1214102.3,obligate aerobe
,,,,,1214102.6,
,,,,,1214102.8,
,,,,,2519899744,
,,,,,2684623074,
,,,,,2706794657,
,,,,,GCA_000295855,
,,,,,GCA_001050075,
,,,,,GCA_001475495,
,,,,,GCA_022179545,
8437,141280001,"DSM 44077, ATCC 27726, CCUG 37515, CIP 105388, NCTC 10942, HAMBI 2274, JCM 12688",1,Mycobacterium gadium,1794.9,obligate aerobe
,,,,,GCA_010728925,
,,,,,GCA_025821365,
8407,"W-417, 14 034 0001","DSM 43505, ATCC 15754, ATCC 15980, IMET 10662, TMC 1456, SN 583, JCM 12407, CCUG 20995, CCUG 29062, CCUG 47488, CIP 104530, DSM 43506",1,Mycobacterium gastri,1777.3,obligate aerobe
,,,,,GCA_000521195,
,,,,,GCA_002102175,
8402,"SM35, SM 35, 14 119 0001","DSM 45363, ATCC 43909, CCUG 57112, CIP 106743, JCM 15464, NCTC 10742, JCM 6395, KCTC 19423",1,Mycobacterium gilvum,1804.5,obligate aerobe
,,,,,2871780381,
,,,,,GCA_025821885,
,,,,,GCA_900454025,
8463,3849,"DSM 44199, CCUG 37519, CIP 105218, JCM 12690",1,Mycobacterium hassiacum,1122247.3,obligate aerobe
,,,,,1122247.4,
,,,,,1122247.5,
,,,,,2515154012,
,,,,,2531839488,
,,,,,2856852935,
,,,,,GCA_000300375,
,,,,,GCA_000379865,
,,,,,GCA_027886095,
,,,,,GCA_900603025,
8454,EMI 2,"DSM 44183, CIP 104909T, CCUG 38151, CIP 104909, JCM 12141, LMG 19253",1,Mycobacterium hodleri,1305625.4,obligate aerobe
,,,,,2681813036,
,,,,,GCA_001313805,
,,,,,GCA_025822245,
8488,1406,"DSM 44478, CCUG 46266, CIP 107726, ATCC BAA-771, JCM 12374, CIP 107786",1,Mycobacterium holsaticum,152142.1,obligate aerobe
,,,,,GCA_019645835,
,,,,,GCA_022558565,
,,,,,GCA_027886245,
131823,"MF-89, W5198","DSM 44676, ATCC 49403, CDC 80-719, CCUG 47581, JCM 15656, CIP 107828",1,Mycobacterium houstonense,146021.3,obligate aerobe
,,,,,2775507220,
,,,,,GCA_025823315,
,,,,,GCA_900078665,
8559,FI-06250,"DSM 45132, CIP 109609, CCUG 55636, JCM 16366",1,Mycobacterium insubricum,444597.11,obligate aerobe
,,,,,GCA_010731615,
,,,,,GCA_025821225,
8426,1669/91,"DSM 44049, ATCC 51848, CIP 104542, CCUG 37583, JCM 13572",1,Mycobacterium intermedium,28445.6,obligate aerobe
,,,,,GCA_002086275,
,,,,,GCA_025822065,
8528,FI-01069,"DSM 44623, CIP 107892, CCUG 50989, JCM 14737",1,Mycobacterium intracellulare subsp. chimaera,222805.2,obligate aerobe
,,,,,222805.24,
,,,,,222805.39,
,,,,,222805.42,
,,,,,GCA_001938095,
,,,,,GCA_002101575,
,,,,,GCA_002219285,
,,,,,GCA_025822785,
8403,"3600, 140310001","DSM 43223, ATCC 13950, ATCC 15985, JCM 6384, NCTC 10682, CCUG 28005, NCTC 13025, TMC 1406, CIP 104243, SN 424, KCTC 9514",1,Mycobacterium intracellulare subsp. intracellulare,2519103109,obligate aerobe
,,,,,487521.1,
,,,,,487521.5,
,,,,,645058739,
,,,,,GCA_000172115,
,,,,,GCA_000277125,
,,,,,GCA_023278525,
8393,"G133 Bostrom, 14 011 0001","DSM 44162, ATCC 12478, JCM 6379, TMC 1204, CCUG 20997, CCUG 27787, CECT 3030, CIP 104589, KCTC 9515, NCTC 13024, RIMD 1320001",1,Mycobacterium kansasii,2563366550,obligate aerobe
,,,,,557599.3,
,,,,,557599.57,
,,,,,557599.62,
,,,,,GCA_000157895,
8517,"144040001, P2, 14 404 0001","DSM 45167, ATCC 49865, CIP 104538, DSM 44834, JCM 13574",1,Mycobacterium madagascariense,212765.7,obligate aerobe
,,,,,GCA_010729665,
,,,,,GCA_025822085,
8508,,"DSM 44615, NRCM 01-154, CIP 108113, ATCC BAA-545",1,Mycobacterium manitobense,GCA_025821665,obligate aerobe
8273,140120001,"DSM 44344, ATCC 927, NCIMB 1297, NCMB 1303, NCTC 2275, TMC 1218, JCM 17638, CCUG 20998, CCUG 27843, CECT 3024, CECT 7091, CIP 104528, IFM 10630, JCM 12275, NCMB 1476, DSM 43225",1,Mycobacterium marinum,1781.42,obligate aerobe
,,,,,1781.47,
,,,,,1781.48,
,,,,,2860157555,
,,,,,2875591110,
,,,,,GCA_003391395,
,,,,,GCA_003431645,
,,,,,GCA_003431655,
,,,,,GCA_003609695,
8582,5356591,"JCM 17324, DSM 45437, CCUG 56325, CIP 109828, CSUR P30",1,Mycobacterium marseillense,701042.13,obligate aerobe
,,,,,701042.3,
,,,,,GCA_002086345,
,,,,,GCA_010731675,
,,,,,GCA_025823125,
8483,"B9-21-178, T 15752","DSM 44395, CIP 109237, JCM 15658",1,Mycobacterium monacense,1226751.3,obligate aerobe
,,,,,1226751.7,
,,,,,85693.8,
,,,,,GCA_002086655,
,,,,,GCA_009931355,
,,,,,GCA_010731575,
,,,,,GCA_027886265,
8467,"14 147 0001, 48504","DSM 44221, ATCC 43059, JCM 6375, CCUG 37671, CIP 105393, KCTC 9516, VKM Ac-1183, NCH E11715",1,Mycobacterium moriokaense,2856244778,obligate aerobe
,,,,,2865562250,
,,,,,39691.13,
,,,,,39691.3,
,,,,,39691.4,
,,,,,39691.9,
,,,,,GCA_002086395,
,,,,,GCA_003347205,
,,,,,GCA_010726085,
,,,,,GCA_025822185,
8450,"MO12, 77-590, MO 12","DSM 44124, ATCC 49649, CDC 77-590, CIP 105225",0,Mycobacterium mucogenicum,1226753.4,obligate aerobe
,,,,,1226753.5,
,,,,,GCA_005670685,
,,,,,GCA_009192845,
8479,"220-96, MA 112/96","CCUG 39728, JCM 13392, DSM 44340, HAMBI 2320, CIP 105980, VTT E-062961",1,Mycobacterium murale,182220.8,obligate aerobe
,,,,,GCA_010722995,
,,,,,GCA_025822305,
8526,UNMC-MY1349,"DSM 44803, ATCC BAA-837, CIP 108973, CCUG 55635",1,Mycobacterium nebraskense,244292.7,obligate aerobe
,,,,,GCA_002102255,
,,,,,GCA_025821845,
8435,"3503, 14 125 0001","DSM 44074, ATCC 25795, JCM 6365, NCTC 10818, CCUG 37665, CIP 105387, LMG 19258, KCTC 19096, BCRC 17230, HAMBI 2273",1,Mycobacterium neoaurum,1265312.4,obligate aerobe
,,,,,1795.15,
,,,,,1795.5,
,,,,,2582581012,
,,,,,2600255158,
,,,,,GCA_000691525,
,,,,,GCA_000724065,
,,,,,GCA_005670605,
8520,"MF-465, W6705","CCUG 47582, CIP 107827, CIP 105354, DSM 44679, ATCC 49404, CDC 87-1098, JCM 15659",1,Mycobacterium neworleansense,2690315792,obligate aerobe
,,,,,GCA_001245615,
,,,,,GCA_025823025,
8444,,"DSM 44164, ATCC 19530, ATCC 23067, JCM 6364, NCTC 10424, TMC 1481, CCUG 28009, CIP 106811",1,Mycobacterium nonchromogenicum,1782.7,obligate aerobe
,,,,,GCA_002101775,
,,,,,GCA_025821265,
8476,73,"DSM 44203, CCUG 39183, CIP 105546, JCM 18114",1,Mycobacterium novocastrense,59813.3,obligate aerobe
,,,,,GCA_001570485,
,,,,,GCA_025822165,
8433,"4388, 47001","CCUG 37669, CIP 106803, KCTC 19097, DSM 44075, ATCC 27023, JCM 6372, NCTC 10778, HAMBI 2272",1,Mycobacterium obuense,1807.14,obligate aerobe
,,,,,2636415843,
,,,,,GCA_001044245,
8575,czh-8,"DSM 45404, ATCC BAA-1372, CIP 109268, JCM 16370",1,Mycobacterium pallens,1305863.4,obligate aerobe
,,,,,2734481974,
,,,,,370524.8,
,,,,,GCA_001314165,
,,,,,GCA_019456675,
8362,"16002, P. Hauduroy 2490, 311","DSM 43528, ATCC 19686, CCUG 20999, CIP 106802, JCM 6367, NCTC 10411, NRRL B-4035, SN 1603",1,Mycobacterium parafortuitum,2865573456,obligate aerobe
,,,,,39692.16,
,,,,,39692.4,
,,,,,39692.5,
,,,,,GCA_002086815,
,,,,,GCA_010725485,
8533,,"DSM 44648, ATCC BAA-614, HSC 68, JCM 13015, CIP 108112, KCTC 9979",1,Mycobacterium parascrofulaceum,GCA_000164135,obligate aerobe
8276,"Bojalil 40, 6020, 14 041 0020, 40","DSM 43271, ATCC 14467, ATCC 23023, IMET 10608, NCTC 10264, TMC 1547, JCM 12142, ATCC 23036, CCUG 27976, CCUG 41354, CECT 3023, CIP 105382, KCTC 9615, LMG 19256, PCM 639",1,Mycobacterium peregrinum,43304.9,obligate aerobe
,,,,,GCA_002102345,
,,,,,GCA_025822425,
8285,"Timoteo, 14 130 0001","DSM 43239, ATCC 11758, ATCC 19249, NCTC 8151, CCUG 21000, TMC 1548, JCM 5865, BCRC 10707, CECT 3009, CIP 105389, JCM 6385, KCTC 9087, NRIC 1711, NRRL B-14615, PCM 654, RIMD 1326001, VKM Ac-1291",1,Mycobacterium phlei,1226750.3,obligate aerobe
,,,,,1771.11,
,,,,,1771.16,
,,,,,2684623205,
,,,,,2728369596,
,,,,,GCA_001582015,
,,,,,GCA_001583415,
,,,,,GCA_009192875,
,,,,,GCA_900637085,
8548,N4,"DSM 45104, CCUG 50185, CIP 108542, JCM 15301",1,Mycobacterium phocaicum,319706.12,obligate aerobe
,,,,,319706.13,
,,,,,GCA_005670655,
,,,,,GCA_010731115,
8471,E10241-1,"DSM 44242, ATCC 33776, JCM 6378, CCUG 37674, CIP 105392, KCTC 9517",1,Mycobacterium porcinum,GCA_025823105,obligate aerobe
8505,"14149 0001, MC 47A, 14 149 0001","DSM 44585, ATCC 35087, CIP 105394, NCIB 12538, JCM 12603, NCIMB 12538",1,Mycobacterium poriferae,39694.8,obligate aerobe
,,,,,GCA_010728325,
,,,,,GCA_025822745,
8544,L15,"DSM 45108, ATCC BAA-883, NCTC 13318, JCM 15466, CIP 109775",1,Mycobacterium pseudoshottsii,1136880.3,obligate aerobe
,,,,,1136880.4,
,,,,,2909077730,
,,,,,GCA_001515365,
,,,,,GCA_003584745,
,,,,,GCA_025821505,
8522,,"DSM 44697, CIP 108547, LMG 21953, WA 101, JCM 13323",1,Mycobacterium psychrotolerans,216929.8,obligate aerobe
,,,,,GCA_010729305,
,,,,,GCA_025821805,
8468,33505,"CCUG 37668, CIP 106804, KCTC 9518, DSM 44222, ATCC 35154, CIP 1480001, JCM 6370, NCH 33505",1,Mycobacterium pulveris,36813.7,obligate aerobe
,,,,,GCA_010725725,
,,,,,GCA_025822105,
8535,"17A3, ID 705-01","DSM 44605, CIP 108596, NRRL B-24349, JCM 15927, NRRL B-24244",1,Mycobacterium pyrenivorans,1305860.4,obligate aerobe
,,,,,2734481971,
,,,,,GCA_001314105,
,,,,,GCA_025821625,
8469,2002,"DSM 44223, ATCC 27024, JCM 6363, NCTC 10779, CCUG 37664, CIP 106806",1,Mycobacterium rhodesiae,2865585367,obligate aerobe
,,,,,36814.3,
,,,,,GCA_002086695,
,,,,,GCA_025822805,
8576,JS14,"DSM 45406, ATCC BAA-1377, CIP 109273, JCM 16372",1,Mycobacterium rufum,1305629.4,obligate aerobe
,,,,,2734481965,
,,,,,318424.3,
,,,,,GCA_000762985,
,,,,,GCA_001313925,
,,,,,GCA_022374875,
,,,,,GCA_025821255,
8577,czh-117,"DSM 45405, ATCC BAA-1375, CIP 109271, JCM 16371, DSM 4505",1,Mycobacterium rutilum,1305864.5,obligate aerobe
,,,,,2636415969,
,,,,,2734481975,
,,,,,370526.3,
,,,,,GCA_001314185,
,,,,,GCA_900108565,
8509,,"DSM 44616, ATCC BAA-544, CIP 108114, NRCM 00-250, JCM 13016, KCTC 9978",1,Mycobacterium saskatchewanense,220927.3,obligate aerobe
,,,,,220927.8,
,,,,,2865429847,
,,,,,GCA_002101875,
,,,,,GCA_010729105,
,,,,,GCA_025821405,
8369,"12238, 1356 TMC/1323, 14 022 0001, L2238, 1356","DSM 43992, ATCC 19981, JCM 6381, NCTC 10803, TMC 1323, CCUG 29045, CIP 105416, KCTC 9519, RIMD 1331002",1,Mycobacterium scrofulaceum,1783.5,obligate aerobe
,,,,,2865591264,
,,,,,GCA_002086735,
,,,,,GCA_025821325,
8482,"Australia 9330, W4964","DSM 44393, ATCC 700731, CCUG 43574, JCM 14743, CIP 106642",1,Mycobacterium septicum,1341646.3,obligate aerobe
,,,,,1341646.5,
,,,,,2551306423,
,,,,,GCA_000455325,
,,,,,GCA_012396425,
8429,"14 102 0001, N29, 3015","DSM 44165, ATCC 25275, TMC 1226, JCM 12377, CCUG 29114, CCUG 42427, CIP 104531",1,Mycobacterium simiae,1236483.3,obligate aerobe
,,,,,1784.27,
,,,,,2600254956,
,,,,,GCA_000455305,
,,,,,GCA_010727605,
8324,"GA 735, Cornell 3, 14 133 0010","DSM 43756, ATCC 19420, JCM 5866, KCTC 9108, NCTC 8159, CCUG 21002, CCUG 21815, CECT 3020, CIP 104444, JCM 6386, NRRL B-14616, VKM Ac-1239",1,Mycobacterium smegmatis,1772.19,obligate aerobe
,,,,,2657245626,
,,,,,GCA_001457595,
,,,,,GCA_029222015,
8425,"14 131 0001, 316","DSM 44167, ATCC 19527, JCM 6392, NCTC 10409, JCM 6362, CCUG 28008, CCUG 41353, CIP 105390",1,Mycobacterium thermoresistibile,1078020.3,obligate aerobe
,,,,,1797.3,
,,,,,1797.4,
,,,,,2519103087,
,,,,,2773858053,
,,,,,GCA_000234585,
,,,,,GCA_001570505,
,,,,,GCA_025822325,
,,,,,GCA_900187065,
8514,47503,"DSM 44635, ATCC 27282, CIP 106807, JCM 6373, NCTC 10821, CCUG 42430",1,Mycobacterium tokaiense,2869196048,obligate aerobe
,,,,,39695.6,
,,,,,39695.9,
,,,,,GCA_010725885,
,,,,,GCA_025821705,
,,,,,GCA_900453365,
8511,,"CCUG 58693, DSMZ 44626, ATCC 70071, CDC 90-1019, CIP 106108, DSM 44626, ATCC 700071, JCM 14744",1,Mycobacterium triplex,2619619252,obligate aerobe
,,,,,47839.3,
,,,,,47839.7,
,,,,,GCA_000689255,
,,,,,GCA_002102415,
132766,"Schering 260, 14 120 0006","DSM 43292, ATCC 15483, NCIB 9937, SN 920, JCM 6389, ATCC 23004, BCRC 17229, CCUG 21003, CECT 3019, CIP 105934, HAMBI 2276, IFO 14118, KCTC 19087, NBRC 14118, NCIMB 9937, NCTC 10916, TMC 1526, SN 290",1,Mycobacterium vaccae,1223499.3,obligate aerobe
,,,,,1354275.3,
,,,,,2731957598,
,,,,,GCA_001552715,
,,,,,GCA_001655245,
,,,,,GCA_025821205,
136162,,"CIP 103059, LMG 14970",0,Myroides odoratimimus,2522572176,obligate aerobe
,,,,,883155.3,
,,,,,GCA_000297875,
137835,,"CIP 101113, LMG 14961, ATCC 700470",0,Myroides odoratimimus,2522572177,obligate aerobe
,,,,,883154.3,
,,,,,GCA_000242135,
138182,CL 229/67,"CIP 105170, NCTC 11180, LMG 4029, CCUG 39352, DSM 112291, JCM 7460, ATCC BAA-634, CCM 3298, CGMCC 1.10437",1,Myroides odoratimimus subsp. odoratimimus,2713896912,obligate aerobe
,,,,,2838958572,
,,,,,76832.15,
,,,,,76832.8,
,,,,,GCA_001485415,
,,,,,GCA_900453765,
5621,,"DSM 2801, ATCC 4651, IAM 14199, JCM 7458, NCTC 11036, CCUG 7321, LMG 1233, BCRC 10678, CCM 3296, CECT 998, CIP 103105, IFO 14945, NBRC 14945",1,Myroides odoratus,2506520050,obligate aerobe
,,,,,256.1,
,,,,,256.8,
,,,,,2838948833,
,,,,,929704.3,
,,,,,GCA_000243275,
,,,,,GCA_900453865,
5620,"CL41/66, CL 41/66","DSM 2802, ATCC 29979, NCTC 11179, JCM 7459, CCM 3297, LMG 4028, CIP 105169",0,Bartonella mastomysi,256.11,obligate aerobe
,,,,,256.7,
,,,,,2811995254,
,,,,,GCA_900453725,
166277,S14-144,"CCTCC AB 2015345, KCTC 39796",1,Nakamurella antarctica,2836896545,obligate aerobe
,,,,,GCA_003860405,
23147,DS-52,"DSM 26917, CIP 108919, JCM 15652, KCTC 19127, NBRC 105867",1,Nakamurella flavida,2923639079,obligate aerobe
,,,,,363630.3,
,,,,,GCA_016918095,
10173,Y-104,"DSM 44233, ATCC 700099, CIP 104796, JCM 9543, CCM 4621, FERM P-14709, NBRC 105858",1,Nakamurella multipartita,479431.6,obligate aerobe
,,,,,644736393,
,,,,,GCA_000024365,
132586,JW/NM-HA 15,DSM 23470,1,Natrarchaeobaculum aegyptiacum,GCA_002156705,obligate aerobe
5891,157,"DSM 15624, CIP 106293, JCM 10476, NCIMB 786, CGMCC 1.3708, CGMCC 1.6174, IAM 13169",1,Natrinema pellirubrum,2509601048,obligate aerobe
,,,,,2537562080,
,,,,,797303.1,
,,,,,797303.11,
,,,,,797303.4,
,,,,,797303.5,
,,,,,GCA_000230735,
,,,,,GCA_000337635,
5966,Ah-36,"DSM 10524, JCM 9655, ATCC 51971, CGMCC 1.3840, CIP 105333, FERM P-11024",1,Natronococcus amylolyticus,1227497.3,obligate aerobe
,,,,,2554235477,
,,,,,GCA_000337675,
140700,BSker1,"JCM 31341, UNIQUEM U1008, UNIQEM U1008",1,Natronospira proteinivora,GCA_024170465,obligate aerobe
10493,"CL 191/78, Vandamme R-24680, D 8251","DSM 21642, ATCC 29858, CDC D8251, LMG 23011, NCTC 12228, CIP 103440",1,Neisseria animaloris,326522.3,obligate aerobe
,,,,,326522.7,
,,,,,GCA_002108605,
,,,,,GCA_900637855,
135433,268-80,"CIP 104148, NCTC 12227, LMG 23010",0,Neisseria animaloris,326522.8,obligate aerobe
,,,,,GCA_900638345,
10466,194,"DSM 4630, ATCC 14685, NCTC 10294, CIP 73.16, CCUG 2156, LMG 8380",1,Neisseria cinerea,2562617169,obligate aerobe
,,,,,2814123399,
,,,,,483.11,
,,,,,483.52,
,,,,,546262.4,
,,,,,GCA_000173895,
,,,,,GCA_900475315,
10491,"SH1/3848, SH1/3848 (V33)","DSM 19151, ATCC 700276, CIP 106968, CCUG 53898",1,Neisseria dentiae,194197.3,obligate aerobe
,,,,,194197.8,
,,,,,GCA_002108595,
,,,,,GCA_014055005,
10488,6171/75,"DSM 23337, ATCC 29315, CCUG 6508 A, CIP 82.85, NCTC 11050, CCUG 6508",1,Neisseria elongata subsp. glycolytica,2627853762,obligate aerobe
,,,,,2811995196,
,,,,,546263.3,
,,,,,546263.7,
,,,,,647000283,
,,,,,88719.4,
,,,,,GCA_000176755,
,,,,,GCA_000818035,
,,,,,GCA_900475815,
10467,,"DSM 4691, ATCC 23970, NCTC 10617, CCUG 5853, CIP 72.17, CCM 4401, NCDC A7515",1,Neisseria lactamica,2562617168,obligate aerobe
,,,,,2609460158,
,,,,,486.3,
,,,,,546265.5,
,,,,,546265.8,
,,,,,GCA_000173995,
,,,,,GCA_000741965,
,,,,,GCA_901482445,
10473,"21, M 1027","DSM 10036, ATCC 13077, NCTC 10025, CCUG 3269, CIP 73.10, JCM 33544",1,Neisseria meningitidis,487.2792,obligate aerobe
,,,,,GCA_900638555,
139503,M2092,"CIP 104218, ATCC 13090, NCTC 10026, CCUG 3270, CIP 64.17",0,Neisseria meningitidis,487.2795,obligate aerobe
,,,,,GCA_900638605,
10486,,"CCUG 17915, LMG 5284, DSM 18009, ATCC 10555, CIP 73.11",1,Neisseria perflava,GCA_023472875,obligate aerobe
10490,LNP N 462,"DSM 22809, ATCC 43768, CCUG 18030, CIP 100113, NCTC 11858",1,Neisseria polysaccharea,546267.4,obligate aerobe
,,,,,647000284,
,,,,,GCA_000176735,
10496,"871, WC 08-871","CCUG 59856, DSM 22246, CIP 109933",1,Neisseria shayeganii,1032488.3,obligate aerobe
,,,,,2513237270,
,,,,,GCA_000226875,
10495,"12337, WC 04-12337","DSM 22244, CIP 109932, CCUG 60228",0,Neisseria shayeganii,607712.7,obligate aerobe
,,,,,GCA_014054965,
10478,37,"DSM 17610, ATCC 49275, CCUG 23930, CIP 103343, LMG 5313, NRL 30017, LMG 5921, CCM 4407",1,Neisseria subflava,28449.2,obligate aerobe
,,,,,2877215797,
,,,,,GCA_005221305,
10498,"9715, WC 05-9715","CCUG 59855, DSM 22247, CIP 109934",1,Neisseria wadsworthii,1030841.3,obligate aerobe
,,,,,2513237392,
,,,,,GCA_000227765,
10497,"2507, WC 05-2507","DSM 22245, CIP 109931, CCUG 60227",0,Neisseria wadsworthii,607711.6,obligate aerobe
,,,,,GCA_014054885,
10481,ISL775/91,"DSM 17688, ATCC 51410, CCM 4587, CCUG 4007, CIP 103940, LMG 5135, NCTC 12742",1,Neisseria weaveri,1051985.3,obligate aerobe
,,,,,2519899601,
,,,,,28091.9,
,,,,,2869912574,
,,,,,GCA_000224255,
,,,,,GCA_900638685,
10494,"CL 194/78, Vandamme R-24681, CNPE12, D5986","DSM 21643, ATCC 29859, CDC D5986, LMG 23012, NCTC 12230, CIP 104144",1,Neisseria zoodegmatis,2765235960,obligate aerobe
,,,,,326523.3,
,,,,,326523.5,
,,,,,GCA_002108575,
,,,,,GCA_900187305,
1214,"IDA 1115, R-16315","DSM 15601, CIP 108807, LMG 21833, JCM 21706, IAM 15255",1,Neobacillus bataviensis,1117379.3,obligate aerobe
,,,,,2537561923,
,,,,,GCA_000307875,
1217,"IDA 0086, R-16300, ISA0086","DSM 15604, CIP 108804, LMG 21838, JCM 21710, IAM 15259, KCTC 13572, NBRC 102451",1,Neobacillus soli,1348630.3,obligate aerobe
,,,,,220688.4,
,,,,,2731957661,
,,,,,GCA_001591665,
,,,,,GCA_002335815,
7769,JG-241,"DSM 19081, JCM 12610, KCTC 19053, CIP 109490, NCIMB 14784",1,Nesterenkonia jeotgali,2867985893,obligate aerobe
,,,,,317018.11,
,,,,,GCA_014138825,
7763,EL-30T,"CCUG 47141, JCM 11953, DSM 12544, CIP 107030, IFAM EL-30",1,Nesterenkonia lacusekhoensis,150832.3,obligate aerobe
,,,,,2918341021,
,,,,,GCA_017876395,
140783,BV-35,"NCAIM B 02606, DSM 29786",1,Nesterenkonia pannonica,1548602.3,obligate aerobe
,,,,,GCA_019575955,
7767,,"DSM 15664, CCTCC AA 203007, CIP 108680, KCTC 19011, YIM 70009, JCM 13020",1,Nesterenkonia sandarakina,272918.6,obligate aerobe
,,,,,2856487714,
,,,,,GCA_013410215,
17758,R2A15-11,"DSM 17617, CIP 109580, KACC 11698",1,Niabella aurantiaca,1122605.3,obligate aerobe
,,,,,2515154175,
,,,,,GCA_000374125,
140864,DJ57,"KCTC 42474, CCTCC AB 2015052",1,Niastella vici,GCA_002077945,obligate aerobe
10731,VA-12,"DSM 44432, ATCC 23824, ATCC BAA-279, IMMIB D-1599, IMMIB N-63, JCM 10984, NBRC 100374, CCUG 45938, CIP 106822, IMMIB D-1592, CGMCC 4.1723, IFM 10029",1,Nocardia abscessus,1206723.4,obligate aerobe
,,,,,2551306170,
,,,,,GCA_000308455,
10818,GW4-1778,"DSM 45049, CCUG 53410, CIP 109315, JCM 14671, IFM 10820, NBRC 108247",1,Nocardia acidivorans,1210062.4,obligate aerobe
,,,,,2731957723,
,,,,,GCA_001625085,
10753,SD769,"CCUG 46122, DSM 44491, ATCC BAA-280, CIP 109047, NBRC 100379, NCTC 13181, JCM 11438",1,Nocardia africana,1210061.4,obligate aerobe
,,,,,2731957722,
,,,,,GCA_001612635,
10627,,"DSM 44684, CCTCC AA 001030, CIP 108434, YIM 30243, JCM 13373, IFM 10588, NBRC 108234",1,Nocardia alba,1210063.4,obligate aerobe
,,,,,225051.3,
,,,,,2731957724,
,,,,,2770939659,
,,,,,GCA_001612665,
,,,,,GCA_004339125,
10813,,"DSM 44997, CIP 109606, OFN S17, JCM 14670, IFM 10819, NBRC 108246",1,Nocardia altamirensis,1210064.5,obligate aerobe
,,,,,2865295146,
,,,,,GCA_001612685,
10798,,"DSM 44821, IFM 0323, JCM 12396, NBRC 100462, CIP 108869",1,Nocardia anaemiae,1210065.4,obligate aerobe
,,,,,2731957725,
,,,,,GCA_001612725,
10789,,"DSM 44805, CIP 109046, IFM 0372, JCM 12352, NBRC 100429",1,Nocardia aobensis,1206720.4,obligate aerobe
,,,,,2563367077,
,,,,,GCA_000308375,
10786,,"DSM 44729, IFM 0575, JCM 12118, NBRC 100135, CIP 108631",1,Nocardia araoensis,1206722.4,obligate aerobe
,,,,,2551306168,
,,,,,GCA_000308435,
10779,,"DSM 44731, CIP 108682, IFM 10035, JCM 12120, NBRC 100137",1,Nocardia arthritidis,1210067.4,obligate aerobe
,,,,,2731957727,
,,,,,GCA_001612765,
10775,,"DSM 44668, JCM 11892, NBRC 100129, CCUG 48826, IFM 0245, CIP 108374",1,Nocardia asiatica,1206721.4,obligate aerobe
,,,,,2551306156,
,,,,,GCA_000308415,
10640,"727, GA 875, M 170-6, M170-6","DSM 43757, ATCC 19247, CCM 2754, DSM 43373, IMET 7547, JCM 3384, NCTC 11293, CCUG 10073, PSA 165, CECT 3051, CGMCC 4.1165, CIP 104503, HUT 6572, IFM 0319, IFO 15531, KCTC 9956, MTCC 274, NBRC 15531, NCAIM B.01954, NCIMB 12082, NRRL B-3828, PCM 2254",1,Nocardia asteroides,1110697.4,obligate aerobe
,,,,,1110697.7,
,,,,,1824.7,
,,,,,1824.9,
,,,,,2563367075,
,,,,,2693429866,
,,,,,GCA_000308355,
,,,,,GCA_005863255,
,,,,,GCA_900114685,
,,,,,GCA_900637185,
10768,"02, O2 (AS 4.1521)","CCUG 46096, DSM 44636, AS 4.1521, CIP 107257, IFO 16342, JCM 10666, NBRC 16342, CGMCC 4.1521, IFM 10174, KCTC 19931, NCIMB 13870",1,Nocardia beijingensis,1210068.4,obligate aerobe
,,,,,2731957728,
,,,,,GCA_001612785,
10654,0029,"DSM 43024, ATCC 15333, IFO 12119, IMRU 1086, KCC A-0029, NBRC 12119, RIA 709, CCUG 46115, JCM 3029, BCRC 13389, CGMCC 4.1163, CIP 104508, IFM 0283, IMET 9542, IMSNU 20103, IMSNU 21207, KCCM 12521, KCTC 9370, NRRL B-2896, VKM Ac-936, IMRU 1086W",1,Nocardia brevicatena,1206725.5,obligate aerobe
,,,,,2551306159,
,,,,,GCA_000308495,
10788,F829,"DSM 44831, AS 4.1728, IFM 10344, JCM 11508, BCRC 16365, CGMCC 4.1728, CIP 108001, NBRC 108228, CIP 108101",1,Nocardia caishijiensis,1210070.4,obligate aerobe
,,,,,184756.3,
,,,,,2731957730,
,,,,,2770939494,
,,,,,GCA_001612825,
,,,,,GCA_009858255,
10655,30,"CCUG 48177, CIP 104509, IFO 14403, JCM 3375, NRRL B-1336, DSM 43397, ATCC 6847, IMRU 3419, NCTC 3527, DSM 43580, JCM 30727, BCRC 13693, CCM 2756, CGMCC 4.1167, CGMCC 4.1733, IFM 0237, IMET 7504, IMSNU 21185, KCTC 9957, NBRC 14403, VKM Ac-814",1,Nocardia carnea,1206726.4,obligate aerobe
,,,,,2551306165,
,,,,,GCA_000308515,
10762,"N1301, Y9","DSM 44546, CIP 108826, CCT 5601, JCM 12209, BCRC 16366, IFM 10366, NBRC 101014",1,Nocardia cerradoensis,1206727.4,obligate aerobe
,,,,,2551306173,
,,,,,85688.5,
,,,,,GCA_000308535,
,,,,,GCA_012396065,
10799,,"DSM 44804, CIP 108975, IFM 0354, JCM 12351, NBRC 100430, CCUG 52242",1,Nocardia concava,1206741.4,obligate aerobe
,,,,,2551306180,
,,,,,GCA_000308815,
10809,,"DSM 44960, CIP 108996, OFN N12, JCM 15318, IFM 10920, NBRC 108252",1,Nocardia coubleae,1210069.4,obligate aerobe
,,,,,2731957729,
,,,,,2902498892,
,,,,,356147.3,
,,,,,GCA_001612805,
,,,,,GCA_012395945,
10747,,"DSM 44484, CIP 107669, JCM 11763, NBRC 100375, CCUG 48295, IMMIB D-1627, IFM 10235",1,Nocardia cyriacigeorgica,1206728.4,obligate aerobe
,,,,,135487.1,
,,,,,2551306157,
,,,,,GCA_000308555,
,,,,,GCA_005863225,
10795,,"DSM 44890, CCUG 50200, CIP 108553, IMMIB N-402, JCM 13394, JCM 13374, IFM 10589, NBRC 108235",1,Nocardia elegans,1210071.4,obligate aerobe
,,,,,2731957731,
,,,,,GCA_001612845,
10806,,"DSM 44883, IFM 0803, JCM 12667, NBRC 100660, CIP 109337",1,Nocardia exalbida,1206729.4,obligate aerobe
,,,,,2551306163,
,,,,,GCA_000308575,
10669,"GA 919 (N 164), M 258","DSM 43665, ATCC 3318, DSM 43257, DSM 43578, IMRU 3318, NCIB 12058, NCTC 11134, JCM 3088, BCRC 13380, BCRC 13722, CBS 318.60, CCUG 10109, CCUG 27778, CCUG 48656, CECT 3053, CECT 4069, CGMCC 4.1166, CGMCC 4.1829, CIP 104775, IFM 0028, IFM 0284, IFO 15532, IMET 7377, IMSNU 21224, KCTC 9958, NBRC 15532, NCIMB 12058, NRRL B-2089, PCM 2173",1,Nocardia farcinica,1210076.5,obligate aerobe
,,,,,2663763270,
,,,,,2681813555,
,,,,,2731957735,
,,,,,37329.1,
,,,,,37329.11,
,,,,,37329.5,
,,,,,37329.8,
,,,,,37329.9,
,,,,,GCA_001182745,
10733,10.268-1,"DSM 44480, CCRC 13725, IFO 14341, JCM 3332, KCC A-0332, NBRC 14341, NRRL B-16176, CCUG 46925, BCRC 13725, CGMCC 4.1175, CIP 104511, IFM 0851, IMSNU 21181, IMSNU 21192, KCTC 9371, NBRC 108225",1,Nocardia flavorosea,1220553.4,obligate aerobe
,,,,,2731957753,
,,,,,53429.3,
,,,,,GCA_001613385,
,,,,,GCA_012396035,
10751,S1,"DSM 44489, CIP 107226, JCM 11440, NBRC 100377, NCIMB 13759, CCUG 46120, CCUG 46296, IFM 10318",1,Nocardia fluminea,134984.3,obligate aerobe
,,,,,2627854286,
,,,,,GCA_002846365,
136777,,"CIP 104513, IFO 14340, JCM 10427, BCRC 13734, NBRC 14340, DSM 100631, IMSNU 21193",1,Nocardia fusca,1223549.4,obligate aerobe
,,,,,2681812988,
,,,,,GCA_001618425,
23157,GW5-5797,"DSM 45869, CCUG 60970, CIP 110294, JCM 19117, NBRC 108939",1,Nocardia grenadensis,1223546.4,obligate aerobe
,,,,,2731957754,
,,,,,GCA_001613445,
10778,,"DSM 44732, CIP 108597, IFM 10084, JCM 12121, NBRC 100133",1,Nocardia higoensis,1206730.4,obligate aerobe
,,,,,2551306154,
,,,,,GCA_000308595,
10764,,"DSM 44496, CIP 107670, JCM 11764, NRRL B-24141, CCUG 48296, IMMIB R-1434, CGMCC 4.1830, KCTC 19935, NBRC 108230",1,Nocardia ignorata,1210075.4,obligate aerobe
,,,,,145285.4,
,,,,,2731957734,
,,,,,2770939491,
,,,,,GCA_001612905,
,,,,,GCA_004362495,
10808,"N 3-2, N3-2","DSM 44959, JCM 13281, NRRL B-24430, CIP 109185, IFM 10687, NBRC 103114, NCIMB 14343",1,Nocardia jejuensis,1210088.4,obligate aerobe
,,,,,2681812981,
,,,,,GCA_001613145,
10802,43401,"DSM 17684, AS 4.1905, CGMCC 4.1905, IFM 10633, JCM 12861, CIP 109010, NBRC 101359",1,Nocardia jiangxiensis,1206731.4,obligate aerobe
,,,,,2563367078,
,,,,,GCA_000308615,
10792,"MB2876, MB 2876","DSM 44877, ATCC BAA-948, JCM 13032, IFM 10565, NBRC 101016, CIP 109279",1,Nocardia kruczakiae,1210078.4,obligate aerobe
,,,,,2731957737,
,,,,,GCA_001612965,
10722,,"DSM 44952, CIP 108295, JCM 14590, IFM 10801, NBRC 108244, OFN 785-81",1,Nocardia mexicana,1210089.4,obligate aerobe
,,,,,2698536635,
,,,,,2770939516,
,,,,,279262.5,
,,,,,GCA_001613165,
,,,,,GCA_003350525,
10774,"SBHROA6, SBH<SUB>R</SUB>OA6","DSM 44717, NCIMB 13955, JCM 12604, CIP 108429, IFM 10560, NBRC 108232",1,Nocardia neocaledoniensis,1210080.3,obligate aerobe
,,,,,236511.3,
,,,,,2770939500,
,,,,,GCA_003182135,
,,,,,GCA_007990735,
10785,,"DSM 44670, JCM 11894, NBRC 100131, IFM 0330, CIP 108423",1,Nocardia niigatensis,1206733.4,obligate aerobe
,,,,,2551306155,
,,,,,GCA_000308655,
10827,W9241,"DSM 45340, CCUG 57756, JCM 19118, NBRC 108934, CIP 110302",1,Nocardia niwae,1223489.4,obligate aerobe
,,,,,2731957755,
,,,,,GCA_001613465,
10742,"23095, 2338, R443(1), R443","DSM 44481, ATCC 33726, CCRC 13746, CIP 104777, IFM 0290, IFO 15556, JCM 6044, NBRC 15556, CCUG 45939, BCRC 13746, CECT 3056, CGMCC 4.1705, CGMCC 4.1879, IMSNU 21197, IMSNU 21201, KCTC 9959, VKM Ac-1971",1,Nocardia nova,1210081.4,obligate aerobe
,,,,,2731957739,
,,,,,GCA_001613005,
10679,,"DSM 43242, ATCC 14629, NCTC 1934, CCUG 10075, JCM 3377, CBS 262.39, CCM 2779, CGMCC 4.1168, CIP 104514, IFM 0239, IFO 14405, IID 5214, IMSNU 21221, JCM 3393, KCTC 9960, NBRC 14405, NCIMB 12084, VKM Ac-869",1,Nocardia otitidiscaviarum,1206732.4,obligate aerobe
,,,,,1823.5,
,,,,,2563367076,
,,,,,2808606754,
,,,,,GCA_000308635,
,,,,,GCA_900454305,
10728,,"DSM 44386, ATCC BAA-278, JCM 10919, NBRC 100373, CCUG 46117, IMMIB D-1632, CGMCC 4.1722, CIP 106798, IFM 10001",1,Nocardia paucivorans,1206734.4,obligate aerobe
,,,,,2551306169,
,,,,,GCA_000308675,
10787,,"DSM 44730, IFM 0784, JCM 12119, NBRC 100136, CIP 108644",1,Nocardia pneumoniae,1206737.4,obligate aerobe
,,,,,2551306160,
,,,,,GCA_000308755,
10726,,"DSM 44290, ATCC 51512, CCUG 35436, CIP 104600, JCM 9894, CGMCC 4.1880, IFM 0624, NBRC 108224",1,Nocardia pseudobrasiliensis,1210086.4,obligate aerobe
,,,,,2731957744,
,,,,,2770939519,
,,,,,45979.5,
,,,,,GCA_001613105,
,,,,,GCA_003350585,
10763,"AR 368,38366-20, Chas. Pfizer & Co. A","DSM 43406, CIP 107747, IMET 7501, IMRU 1072, JCM 11883, NRRL B-24154, BCRC 16378, NBRC 100343",1,Nocardia pseudovaccinii,1210093.4,obligate aerobe
,,,,,2731957747,
,,,,,GCA_001613225,
10767,,"DSM 44599, CCUG 48752, NRRL B-24204, IMMIB R-145, JCM 13031, CIP 108222, IFM 10564, NBRC 108233",1,Nocardia puris,1210090.4,obligate aerobe
,,,,,208602.3,
,,,,,2675903655,
,,,,,2770939563,
,,,,,GCA_001613185,
,,,,,GCA_003315035,
10749,W30,"DSM 44488, NBRC 100376, NCIMB 13760, JCM 11441, CCUG 46119, CCUG 46433, CIP 107223, IFM 10177",1,Nocardia salmonicida subsp. cummidelens,1210097.4,obligate aerobe
,,,,,2731957749,
,,,,,GCA_001613285,
10752,"44691, R89","DSM 44490, CIP 107225, JCM 11439, NBRC 100378, NCIMB 13758, CCUG 46121, CCUG 46295, IFM 10176",1,Nocardia salmonicida subsp. cummidelens,1210073.4,obligate aerobe
,,,,,2731957732,
,,,,,GCA_001612865,
10727,"A-7604, Rucker","DSM 40472, ATCC 27463, CBS 694.72, IFO 13393, ISP 5472, JCM 4826, NBRC 13393, NRRL B-2778, RIA 1354, BCRC 12441, CGMCC 4.1136, CGMCC 4.1502, CIP 104517, IFM 10710, IMSNU 21183, KCTC 9372, NRRL B-12385",1,Nocardia salmonicida subsp. salmonicida,1210085.4,obligate aerobe
,,,,,2731957743,
,,,,,GCA_001613085,
10725,NA 8191,"DSM 44129, ATCC 43993, CCUG 46828, CIP 104778, IFO 15557, JCM 3360, NBRC 15557, NCIMB 13256, VKM Ac-1967, BCRC 13745, IFM 0286, IMSNU 21188",1,Nocardia seriolae,1210095.3,obligate aerobe
,,,,,GCA_007990715,
10777,,"DSM 44733, CIP 108598, IFM 10311, JCM 12122, NBRC 100134",1,Nocardia shimofusensis,1210087.4,obligate aerobe
,,,,,2731957745,
,,,,,GCA_001613125,
10791,,"DSM 44766, IFM 10088, JCM 12236, CIP 108510, NBRC 100364",1,Nocardia sienata,1210092.4,obligate aerobe
,,,,,2731957746,
,,,,,GCA_001613205,
10780,MS1-3,"DSM 44801, CIP 108681, NBRC 100417, JCM 13313, IFM 10572",1,Nocardia takedensis,1206735.3,obligate aerobe
,,,,,2551306172,
,,,,,GCA_000308695,
10773,"GW 39-1573, GW39-1573T","DSM 44704, CIP 107929, CCUG 49019, JCM 12693, IFM 10554, NBRC 101015",1,Nocardia tenerifensis,1206736.4,obligate aerobe
,,,,,228006.3,
,,,,,2551306166,
,,,,,2770939559,
,,,,,GCA_000308715,
,,,,,GCA_003202065,
10814,,"DSM 44935, DSM 44897, IFM 0706, JCM 13033, NBRC 100888, CIP 109636",1,Nocardia terpenica,1206738.4,obligate aerobe
,,,,,2551306167,
,,,,,455432.12,
,,,,,GCA_000320925,
,,,,,GCA_013186535,
10790,,"DSM 44765, IFM 0937, JCM 12235, CIP 108506, NBRC 100365",1,Nocardia testacea,1206739.4,obligate aerobe
,,,,,2551306161,
,,,,,GCA_000308775,
10794,,"DSM 44808, IFM 10145, JCM 12356, CIP 108722, NBRC 100428",1,Nocardia thailandica,1206740.4,obligate aerobe
,,,,,2551306162,
,,,,,GCA_000308795,
10717,"3426, 16, strain 16","DSM 43405, ATCC 6865, DSM 43582, IFO 15921, IMRU 3426, NBRC 15921, NCTC 2392, CCUG 45937, CIP 104841, JCM 9099, CCM 2776, CCUG 4.1169, IFM 0333, IMET 7500, NRRL B-16037, VKM Ac-867",1,Nocardia transvalensis,1206744.4,obligate aerobe
,,,,,2551306177,
,,,,,2863047402,
,,,,,37333.3,
,,,,,GCA_000308875,
,,,,,GCA_014203315,
10719,A-0224,"DSM 43136, CBS 224.60, CCRC 13368, CIP 104824, IFO 13702, JCM 3224, KCC A-0224, LBG A 3004, NBRC 13702, NCIB 963, ETH 26650, BCRC 13368, CGMCC 4.1137, CIP 106796, IFM 0856, IMSNU 21186, LBG A-3004",1,Nocardia uniformis,1210100.4,obligate aerobe
,,,,,2731957751,
,,,,,53432.3,
,,,,,GCA_001613345,
,,,,,GCA_013004475,
10721,"BG 19, Schering 245, BG19, 245","DSM 43285, ATCC 11092, CBS 247.55, CCM 2757, IFO 15922, IMET 7503, IMRU 3500, JCM 3395, NBRC 15922, CCUG 46116, BCRC 13695, CIP 104899, ICMP 15782, ICMP 5814, IMSNU 21184, NCPPB 954, NRRL WC-3500, VKM Ac-1336, VKM Ac-856, CCRC 13695",1,Nocardia vaccinii,1210098.4,obligate aerobe
,,,,,2681812982,
,,,,,GCA_001613305,
10793,,"DSM 44807, IFM 0391, JCM 12354, CIP 108721, NBRC 100427",1,Nocardia vermiculata,1210096.4,obligate aerobe
,,,,,257274.3,
,,,,,2731957748,
,,,,,2900361746,
,,,,,GCA_001613265,
,,,,,GCA_012396005,
10760,M157222,"DSM 44445, CIP 107095, KCTC 19902, NRRL B-24136, CCUG 46118, JCM 11307, IFM 10086, NBRC 100344",1,Nocardia veterana,1206743.4,obligate aerobe
,,,,,132249.3,
,,,,,2551306183,
,,,,,GCA_000308855,
,,,,,GCA_012396305,
10784,,"DSM 44669, JCM 11893, NBRC 100130, IFM 0265, CIP 108422",1,Nocardia yamanashiensis,1210099.4,obligate aerobe
,,,,,2731957750,
,,,,,GCA_001613325,
11116,KSL-1,"DSM 16699, KCTC 19037, JCM 13365, BCRC 16826, CIP 108736",1,Nocardioides alkalitolerans,1122608.3,obligate aerobe
,,,,,2524614663,
,,,,,GCA_000426525,
11109,"EL-17K, EL-17K T","DSM 11439, ATCC BAA-164, JCM 11266, NBRC 100371, NCFB 3076, CIP 106993, KCTC 9944, NCIMB 703076, VKM Ac-2523",1,Nocardioides aquaticus,160826.3,obligate aerobe
,,,,,GCA_018459925,
11117,H-1,"DSM 15131, IAM 14992, JCM 11674, CIP 108782",1,Nocardioides aromaticivorans,1305622.3,obligate aerobe
,,,,,200618.4,
,,,,,2734481961,
,,,,,2833977688,
,,,,,GCA_001313745,
,,,,,GCA_013408525,
11115,JC2055,"DSM 16411, IMSNU 14028, JCM 12124, KCTC 9920, CGMCC 4.6875, CIP 108507, IAM 15306",1,Nocardioides ganghwensis,252230.3,obligate aerobe
,,,,,2867498717,
,,,,,GCA_004137235,
11120,DS-51,"DSM 17944, CIP 109626, KCTC 19180, JCM 15308",1,Nocardioides insulae,1122610.3,obligate aerobe
,,,,,2524614651,
,,,,,GCA_000422825,
11124,A2-4,"DSM 19082, CIP 109335, JCM 12609, KCTC 19054, BCRC 16836, KCTC 9995",1,Nocardioides kongjuensis,2844818640,obligate aerobe
,,,,,349522.3,
,,,,,GCA_013409625,
11113,KSL-2,"DSM 16314, KCTC 19038, JCM 13594, CIP 108882",1,Nocardioides kribbensis,305517.3,obligate aerobe
,,,,,GCA_015070375,
11110,,"DSM 15529, CIP 107017, JCM 10703, KCTC 0457BP, NRRL B-24725, NSP 41",1,Nocardioides nitrophenolicus,1303688.4,obligate aerobe
,,,,,2734481954,
,,,,,2893560988,
,,,,,60489.4,
,,,,,GCA_001313605,
,,,,,GCA_016907515,
11112,,"DSM 16090, NCIMB 14004, BAS 3, JCM 14342, CGMCC 4.6882, CIP 108901, IAM 15341",1,Nocardioides oleivorans,273676.3,obligate aerobe
,,,,,2867494351,
,,,,,GCA_004137255,
11111,OS4,"DSM 15530, CIP 106800, JCM 10369, KCTC 0074BP",1,Nocardioides pyridinolyticus,1305854.4,obligate aerobe
,,,,,2734481967,
,,,,,GCA_001313985,
11215,"49, SNG49","DSM 44442, JCM 13853, NRRL B-24244, CGMCC 4.2109, NBRC 104164, CIP 108419",1,Nocardiopsis aegyptia,220378.3,obligate aerobe
,,,,,2856493217,
,,,,,GCA_013410755,
11176,,"DSM 40465, ATCC 23612, CBS 693.72, CIP 106424, IFO 13392, INA 6476/62, ISP 5465, KCC S-0717, NBRC 13392, PCM 2490, RIA 1353, JCM 4717, BCRC 15175, BCRC 16386, CGMCC 4.2086, IFM 10203, IMSNU 21332, MTCC 1102, VKM Ac-1882, VKM Ac-1885, DSM 40645",1,Nocardiopsis alborubida,1223496.3,obligate aerobe
,,,,,146802.3,
,,,,,2731957597,
,,,,,2896009406,
,,,,,GCA_001552695,
,,,,,GCA_012396365,
11201,KS9,"DSM 44551, JCM 11768, NRRL B-24145, BCRC 16374, CGMCC 4.2090, CIP 107461, NBRC 100345, NCIMB 14354, VKM Ac-2521, VTT E-042201",1,Nocardiopsis composta,157465.3,obligate aerobe
,,,,,2852736999,
,,,,,GCA_014200805,
11210,F100,"DSM 44410, JCM 11760, NRRL B-24124, BCRC 16376, CGMCC 4.2084, CIP 107430, NBRC 100347, VKM Ac-2519",1,Nocardiopsis halotolerans,1246444.3,obligate aerobe
,,,,,2554235027,
,,,,,GCA_000341065,
11209,114,"DSM 44598, CIP 107788, KBS 6, NRRL B-24159, JCM 12409, BCRC 16377, CGMCC 4.2089, NBRC 101841, VKM Ac-2522",1,Nocardiopsis metallicus,179819.3,obligate aerobe
,,,,,2856454764,
,,,,,GCA_014201115,
5725,PLR,"DSM 22727, CIP 110082",1,Nonlabens ulvanivorans,2593339289,obligate aerobe
,,,,,2617271264,
,,,,,906888.17,
,,,,,GCA_000732625,
,,,,,GCA_003001855,
16564,5-38-42,"DSM 45129, CIP 109641, JCM 13931, MTCC 8090, CGMCC 4.5722",1,Nonomuraea coxensis,1122611.3,obligate aerobe
,,,,,1122611.5,
,,,,,2515154141,
,,,,,GCA_000379885,
,,,,,GCA_019397265,
16539,"A-118, A3, KCCA-0144","DSM 43357, ATCC 27296, CBS 262.72, IFO 14684, KCC A-0144, NBRC 14684, NCIMB 11116, JCM 3144, BCRC 11619, CECT 3284, CIP 106954, IMET 9586, IMSNU 20095, KCTC 9278, MTCC 1121, NBIMCC 1641, NRRL B-16126, VKM Ac-1508",1,Nonomuraea pusilla,2599185218,obligate aerobe
,,,,,46177.4,
,,,,,GCA_900109355,
16544,,"DSM 43768, ATCC 27031, CBS 132.76, DSM 43897, IFO 14070, IMET 8181, JCM 3234, KCC A-0234, NBRC 14070, VKM Ac-615, JCM 3389, BCRC 12591, CGMCC 4.5715, CIP 107008, IFO 14686, IMSNU 20099, INA 325, KCTC 9284, NBRC 14686, NRRL B-16083",1,Nonomuraea rubra,2870609773,obligate aerobe
,,,,,46180.3,
,,,,,GCA_014207985,
16546,832-34,"DSM 43555, ATCC 35114, CCM 3426, IFO 14097, IMET 9621, JCM 3286, KCC A-0286, NBRC 14097, NCIB 11633, NRRL B-16098, BCRC 13309, CIP 106923, IMSNU 20101, KCTC 9286, NCIMB 11633, VKM Ac-853, CCRC 13309",1,Nonomuraea spiralis,46182.4,obligate aerobe
,,,,,GCA_014648435,
14681,TRF-1,"DSM 19163, CIP 109506, LMG 24060, UCCCB22",1,Nosocomiicoccus ampullae,2861585789,obligate aerobe
,,,,,489910.5,
,,,,,489910.8,
,,,,,GCA_001696685,
,,,,,GCA_014202595,
,,,,,GCA_019357495,
138248,Giesberger,"CIP 105798, ATCC 12639, NCIMB 9070, NRRL B-2053, JCM 21278, CCUG 13727, IAM 14720, IAM 15031, IFO 15648, JCM 21494, LMG 4337, NBRC 15648",1,Novispirillum itersonii,1279038.3,obligate aerobe
,,,,,2519899638,
,,,,,GCA_000381985,
14144,28,"DSM 30196, ATCC 14666, GIFU 11526, IAM 14271, IFO 12533, JCM 7508, NBRC 12533, NCIB 9890, JCM 7452, BCRC 10676, CCM 2832, CCUG 17697, CCUG 31202, CECT 4388, CIP 82.103, LMG 2830, NCIMB 9890, VKM B-1564, VTT E-91059, KCTC 22844",1,Novosphingobium capsulatum,1219042.3,obligate aerobe
,,,,,2681812976,
,,,,,GCA_001598375,
140632,UCM-28,"KACC 18571, NBRC 111647",1,Novosphingobium flavum,1778672.4,obligate aerobe
,,,,,2921278680,
,,,,,GCA_014230315,
14152,US6-1,"CCUG 56449, CIP 108548, DSM 17173, JCM 12182, KCTC 10454, NCIMB 14244",1,Novosphingobium pentaromativorans,1088721.1,obligate aerobe
,,,,,1088721.11,
,,,,,1088721.12,
,,,,,1088721.13,
,,,,,1088721.14,
,,,,,1088721.15,
,,,,,1088721.3,
,,,,,1088721.7,
,,,,,1088721.9,
,,,,,2608642102,
14161,KF1,"DSM 10700, CIP 105288, IFO 16058, NBRC 16058, CCUG 56303, JCM 12332, IAM 15327, JCM 10398",0,Novosphingobium resinovorum,2576861780,obligate aerobe
,,,,,GCA_000632105,
132351,277,"DSM 25168, LMG 26948",1,Occallatibacter riparius,1002689.3,obligate aerobe
,,,,,GCA_025264625,
290,GB6,"DSM 15594, ATCC 700832, KCTC 12927, NCIMB 13685, CIP 107717",1,Oceanimonas baumannii,129578.3,obligate aerobe
,,,,,129578.4,
,,,,,2593339295,
,,,,,GCA_002245495,
,,,,,GCA_004365405,
289,70,"DSM 7028, ATCC 27123, IAM 14168, JCM 21046, CCUG 12373, CCUG 16001, CIP 74.09, DSM 50408, ICPB 3526, LMG 2180, NBRC 103032, NCIMB 1965, CIP 74.9",1,Oceanimonas doudoroffii,2506520053,obligate aerobe
,,,,,84158.3,
,,,,,GCA_002242685,
291,R5,"DSM 15406, CIP 108812, KCTC 23479, KMM 3654",1,Oceanisphaera litoralis,225144.3,obligate aerobe
,,,,,2861657729,
,,,,,GCA_016907015,
132449,J8B,"DSM 23996, IBRC-M 10444",1,Oceanobacillus halophilus,2840770658,obligate aerobe
,,,,,930130.3,
,,,,,GCA_003628505,
1376,CL-MP28,"DSM 18246, CIP 109535, KCCM 42318, KCTC 13625",1,Oceanobacillus profundus,2834368228,obligate aerobe
,,,,,372463.3,
,,,,,GCA_003515705,
,,,,,GCA_008087205,
1878,,"DSM 6882, Alc 37, ATCC 49188, CIP 149-70, CIP 82.115, LMG 3331, JCM 21032, CCUG 24695, CIP 149.70, IAM 14119, IFO 15819, NBRC 15819, NCTC 12168",1,Brucella anthropi,439375.57,obligate aerobe
,,,,,439375.58,
,,,,,439375.59,
,,,,,439375.6,
,,,,,439375.63,
,,,,,439375.7,
,,,,,529.64,
,,,,,640753038,
,,,,,GCA_000017405,
,,,,,GCA_012103185,
1890,,"DSM 19778, CECT 7172, CIP 109590, LMG 22713, CCUG 54646, ESC 1",1,Brucella cytisi,407152.6,obligate aerobe
,,,,,GCA_012103075,
11299,ME102,"DSM 13489, LMG 20357, CIP 107588",1,Oleiphilus messinensis,141451.6,obligate aerobe
,,,,,2634166903,
,,,,,2773857794,
,,,,,GCA_002162375,
,,,,,GCA_900108075,
14138,DC-186,"DSM 18733, CCUG 54353, LMG 23837, CIP 109620",1,Olivibacter domesticus,2599185177,obligate aerobe
,,,,,407022.6,
,,,,,GCA_900109575,
1381,,"DSM 15681, CCM 7096, WSBC 24001, CIP 109287",1,Ornithinibacillus bavariensis,2861566911,obligate aerobe
1382,MB-9,"DSM 16628, CCM 7237, CIP 109288",1,Ornithinibacillus californiensis,161536.5,obligate aerobe
,,,,,2627854193,
,,,,,GCA_001038485,
1383,,"DSM 22953, CCUG 53201",1,Ornithinibacillus contaminans,2645727623,obligate aerobe
,,,,,694055.4,
,,,,,GCA_001038425,
166211,LJ137,"CGMCC 1.13678, NBRC 113552",1,Ornithinibacillus gellani,GCA_003730295,obligate aerobe
6273,2115-028,"DSM 12335, ATCC BAA-9, IFO 16434, NBRC 16434, CCUG 43142, HKI 0125, JCM 11538, CIP 106364, IAM 14900, NCIMB 13613",1,Ornithinicoccus hortensis,2814123446,obligate aerobe
,,,,,82346.3,
,,,,,82346.4,
,,,,,GCA_006716185,
,,,,,GCA_009602515,
6275,2115-015,"DSM 12362, CIP 106634, HKI 0124, JCM 11540, KCTC 19900, KCTC 19901, NBRC 106159, NCIMB 13784",1,Ornithinimicrobium humiphilum,125288.3,obligate aerobe
,,,,,2818991433,
,,,,,GCA_006716885,
5625,11/14/05,"DSM 15997, CCUG 23171, LMG 9086, MCCM 01774, CIP 104009, ATCC 51463",1,Ornithobacterium rhinotracheale,2509601001,obligate aerobe
,,,,,867902.3,
,,,,,GCA_000265465,
22906,SU902,"DSM 26613, CCUG 53761, CCUG 53761 A, CCM 7698, CIP 110145",1,Paenalcaligenes hominis,2829723600,obligate aerobe
,,,,,643674.8,
,,,,,643674.9,
,,,,,GCA_011927625,
,,,,,GCA_014635265,
7523,,"DSM 20115, ATCC 11442, CCUG 23888, NCIB 9541, LMG 3822, JCM 2520, BCRC 12111, CGMCC 1.1924, CIP 106988, IAM 14585, IFO 15510, KCTC 3380, NBRC 15510, NCIMB 9541, NRIC 0152, VKM Ac-1978, CCRC 12111",1,Paenarthrobacter histidinolovorans,43664.3,obligate aerobe
,,,,,GCA_014647595,
7619,Cr-2,"DSM 20138, ATCC 14264, NCPPB 1228, CCUG 23889, LMG 3659, LMG 7254, CIP 107004, CCM 4967, JCM 12267, CECT 4207, CFBP 1380, HAMBI 1849, IAM 14586, ICMP 2607, IFO 15514, NBRC 15514, VKM Ac-1987, PDDCC 2607",1,Paenarthrobacter ilicis,2824339274,obligate aerobe
,,,,,2893582668,
,,,,,43665.5,
,,,,,43665.6,
,,,,,GCA_011761315,
,,,,,GCA_016907545,
7592,G2-1,"DSM 15232, CCM 4924, JCM 14115, CIP 108435, IAM 15314",1,Paenarthrobacter nitroguajacolicus,1303677.3,obligate aerobe
,,,,,2734481943,
,,,,,GCA_001313365,
7571,"NC, Murein A11.17","DSM 20126, ATCC 7562, CCM 1644, CIP 67.3, NCIB 7811, JCM 1337, BCRC 10368, CGMCC 1.1897, IAM 1658, IFO 12140, KCCM 40801, KCTC 3387, LMG 3812, MTCC 3454, NBRC 12140, NCIMB 7811, NCTC 7811, NRIC 0157, VKM Ac-1121, VKM Ac-1132, CCUG 577",1,Paenarthrobacter ureafaciens,37931.7,obligate aerobe
,,,,,GCA_004028095,
11599,,"DSM 18201, CIP 109026, JCM 13186, MTCC 6934, GPTSA 11, BCRC 17546, KCTC 13627",1,Paenibacillus assamensis,1122916.4,obligate aerobe
,,,,,2524023086,
,,,,,GCA_000422445,
140850,Back-11,"KCTC 33723, CECT 8890",1,Paenibacillus baekrokdamisoli,1712516.3,obligate aerobe
,,,,,1712516.5,
,,,,,2824296850,
,,,,,2850738089,
,,,,,GCA_003945345,
,,,,,GCA_014191785,
11467,1351,"DSM 5051, NRRL NRS-1351, CCUG 28527, JCM 9072, ATCC 51184, CCM 4538, CIP 103123, IFO 15376, KCTC 3568, LMG 18040, NBRC 15376, NCIMB 12518, NRRL: NRS-1351",1,Paenibacillus chondroitinus,1220560.3,obligate aerobe
,,,,,GCA_004000765,
11509,Yk9,"DSM 10247, IFO 15724, NBRC 15724, JCM 12163, ATCC 51898, CCM 4536, CIP 104575, HSCC 491, KCTC 3759, LMG 18050, NRRL B-23243",1,Paenibacillus curdlanolyticus,648276707,obligate aerobe
,,,,,717606.6,
,,,,,GCA_000179615,
11561,AP-20,"DSM 15491, JCM 11236, KCTC 3745, BCRC 17345, CIP 107805",1,Paenibacillus daejeonensis,1122917.3,obligate aerobe
,,,,,2519103188,
,,,,,GCA_000378385,
11603,,"DSM 18677, CIP 109800, KCTC 13059, Gsoil 139",1,Paenibacillus ginsengarvi,2904143049,obligate aerobe
,,,,,400777.3,
,,,,,GCA_003626695,
11590,DS-1,"DSM 17608, CIP 107742, JCM 11221, KCTC 3808, NRRL B-23455, IFO 16618, NBRC 16618",1,Paenibacillus glycanilyticus,1220565.3,obligate aerobe
,,,,,GCA_004000805,
11609,C/2,"DSM 19248, CCM 4839, LMG 23002, CIP 109077",1,Paenibacillus mendelii,206163.3,obligate aerobe
,,,,,2901065067,
,,,,,GCA_024498075,
11610,SAFN-007,"DSM 19293, ATCC BAA-1211, NBRC 101214, CIP 109353",1,Paenibacillus pasadenensis,1122923.3,obligate aerobe
,,,,,217090.4,
,,,,,2524023087,
,,,,,GCA_000422485,
,,,,,GCA_004001085,
24280,RCB-08,"DSM 28340, CECT 7358, KCTC 13222, CIP 110298",1,Paenibacillus pectinilyticus,512399.3,obligate aerobe
,,,,,GCA_001700435,
133371,TEGT-2,"CCTCC AB 2015258, KCTC 33806",1,Paenibacillus qinlingensis,GCA_028746185,obligate aerobe
11622,A35,"DSM 21567, CCTCC AB 206026, IAM 15291, JCM 21741, CIP 109482",1,Paenibacillus terrigena,1122927.3,obligate aerobe
,,,,,2517572151,
,,,,,GCA_000374845,
11488,,"DSM 3037, ATCC 43897, LMG 11161, NCIMB 12782, NRRL NRS-1000, NRS 1000, JCM 9077, BCRC 15911, CCM 3894, CCUG 27416, CFBP 4263, CIP 103120, IFO 15382, KCTC 3401, KCTC 3859, NBRC 15382, NRRL B-14484",1,Paenibacillus validus,1349783.3,obligate aerobe
,,,,,GCA_004000985,
7610,Lz1y,"DSM 15796, JCM 12166, CIP 108630",1,Paeniglutamicibacter gangotriensis,2537561926,obligate aerobe
,,,,,GCA_000348945,
7609,KGN15,"DSM 15797, CIP 108629, JCM 12165",1,Paeniglutamicibacter kerguelensis,254788.3,obligate aerobe
,,,,,2918371629,
,,,,,GCA_017876535,
7597,AG31,"DSM 15454, CIP 108593, LMG 21914, JCM 13568, IAM 15315",1,Paeniglutamicibacter psychrophenolicus,257454.3,obligate aerobe
,,,,,2918367102,
,,,,,GCA_017876575,
7566,3-Aug,"DSM 20167, ATCC 19098, NCIB 10355, JCM 1338, CGMCC 1.1898, CIP 106986, IAM 1488, IFO 12678, IMSNU 20369, KCTC 3196, LMG 16694, MTCC 1528, NBRC 12678, NCDO 2403, NCIMB 10355, NRRL B-14730",1,Paeniglutamicibacter sulfureus,2923482298,obligate aerobe
2059,,"DSM 16535, CCM 4976, CCUG 38412, CIP 106627, LMG 16407",1,Pandoraea apista,2684623145,obligate aerobe
,,,,,2698536526,
,,,,,93218.12,
,,,,,93218.21,
,,,,,93218.9,
,,,,,GCA_001049515,
,,,,,GCA_001465595,
2056,"R2, UBM 101","DSM 11628, CCUG 39188, LMG 18379, CIP 39188, JCM 10565, ATCC BAA-65, CIP 105463",1,Pandoraea norimbergensis,2684623126,obligate aerobe
,,,,,93219.4,
,,,,,GCA_001465545,
2060,R140,"DSM 16536, CCM 4978, CCUG 38742, CIP 106626, LMG 18087",1,Pandoraea pnomenusa,93220.25,obligate aerobe
,,,,,GCA_000767615,
2058,"FC 330, R-650","DSM 16583, CCM 4979, CCUG 38759, CIP 106625, LMG 18106",1,Pandoraea pulmonicola,93221.4,obligate aerobe
,,,,,GCA_000815105,
2057,,"ATCC BAA-64, DSM 21091, CCUG 45026, CIP 107268, LMG 18819, NCTC 13161, CCUG 45206, CCUG 39682",1,Pandoraea sputorum,2840576683,obligate aerobe
,,,,,93222.14,
,,,,,93222.6,
,,,,,GCA_000814845,
,,,,,GCA_900187205,
2061,ATSB16,"DSM 25325, KACC 12757, LMG 24779, CIP 110207",1,Pandoraea thiooxydans,2648501246,obligate aerobe
,,,,,2721755763,
,,,,,445709.3,
,,,,,445709.9,
,,,,,GCA_001017775,
,,,,,GCA_001931675,
13692,C6/19,"DSM 14782, NCAIM B02025, CCUG 54624, CIP 107962",1,Pannonibacter phragmitetus,1122929.3,obligate aerobe
,,,,,2521172637,
,,,,,GCA_000382365,
5006,1611,"DSM 30073, ATCC 14589, CCUG 25232, LMG 2603, CIP 103338",1,Pantoea dispersa,59814.155,obligate aerobe
,,,,,59814.23,
,,,,,GCA_014155765,
132166,TNe-841,"DSM 104148, CIP 110324, LMG 26416",1,Paraburkholderia caballeronis,2651870119,obligate aerobe
,,,,,416943.14,
,,,,,GCA_900104845,
,,,,,GCA_900109675,
1955,W50D,"DSM 17062, ATCC BAA-462, CCM 7150, CCUG 42236, CIP 107098, LMG 19076, JCM 21561, IAM 15100, JCM 13458, KCTC 12919, NBRC 102488, NCIMB 13884, VTT E-022246",1,Paraburkholderia caledonica,1218115.9,obligate aerobe
,,,,,134536.51,
,,,,,2579779093,
,,,,,GCA_000685095,
,,,,,GCA_902833635,
1940,MWAP64,"DSM 13236, CCUG 42847, CIP 106784, LMG 18531",1,Paraburkholderia caribensis,2643221416,obligate aerobe
,,,,,2811995132,
,,,,,75105.13,
,,,,,75105.16,
,,,,,GCA_001449005,
,,,,,GCA_002902945,
,,,,,GCA_902833515,
1954,,"DSM 17061, ATCC BAA-463, CCM 7151, CCUG 31961, CIP 107096, JCM 21562, LMG 16225, NBRC 102489, Croize P763-2, IAM 15101, JCM 13457, KCTC 12917, LMG 20227, VTT E-022247",1,Paraburkholderia fungorum,1218077.4,obligate aerobe
,,,,,134537.2,
,,,,,2579778615,
,,,,,GCA_000685055,
,,,,,GCA_000961515,
,,,,,GCA_902833645,
1956,,"DSM 17151, ATCC 700544, CCUG 42231, CIP 106649, LMG 18924, JCM 13456, CFBP 6734, NCIMB 13744",1,Paraburkholderia graminis,396598.11,obligate aerobe
,,,,,396598.3,
,,,,,GCA_000172415,
,,,,,GCA_902859785,
1958,R-8366,"DSM 17164, CCUG 43661, LMG 20598, CCUG 43658, CIP 107793, CCM 7152, CCUG 43661 A, LMG 20574",1,Paraburkholderia hospita,169430.12,obligate aerobe
,,,,,169430.4,
,,,,,169430.6,
,,,,,2654588150,
,,,,,2802429422,
,,,,,GCA_002902965,
,,,,,GCA_900108355,
,,,,,GCA_902833685,
1991,OX-01,"DSM 22550, LMG 26376, NBRC 105797, CIP 110291",1,Paraburkholderia oxyphila,1218083.4,obligate aerobe
,,,,,2579778781,
,,,,,GCA_000685075,
164192,,"JCM 32098, KCTC 52951, DCY 113",1,Paraburkholderia panacisoli,GCA_008369935,obligate aerobe
1937,1A,"DSM 10684, ATCC 33666, BCRC 17398, CCUG 20836, CCUG 46044, CFBP 4793, CIP 106502, JCM 10564, LMG 2247, NCIMB 11027, USCC 2358",1,Paraburkholderia phenazinia,2651870170,obligate aerobe
,,,,,60549.3,
,,,,,GCA_900100735,
1967,AC1100,"DSM 17773, CCUG 48558, CIP 108591, LMG 22037",1,Paraburkholderia phenoliruptrix,252970.3,obligate aerobe
,,,,,252970.5,
,,,,,2554235175,
,,,,,GCA_000416445,
,,,,,GCA_902833655,
,,,,,GCA_902859825,
1960,815,"DSM 17167, CCUG 47179, CIP 108236, LMG 21445, STM 815",1,Paraburkholderia phymatum,391038.42,obligate aerobe
,,,,,GCA_902833665,
1966,PsJN,"DSM 17436, CCUG 49060, LMG 22146, CIP 108762",1,Paraburkholderia phytofirmans,398527.31,obligate aerobe
,,,,,642555113,
,,,,,GCA_000020125,
1973,SRMrh-20,"DSM 21840, ATCC BAA-1244, CCUG 54297, LMG 23149, CIP 109432",1,Paraburkholderia silvatlantica,2501025504,obligate aerobe
,,,,,2510917014,
1968,"KMY02, KMY 02","DSM 17804, KCTC 12388, NBRC 100964, CCUG 54786, CIP 109196",1,Paraburkholderia terrae,1218084.3,obligate aerobe
,,,,,2600255059,
,,,,,2811994987,
,,,,,311230.14,
,,,,,GCA_000739835,
,,,,,GCA_002902925,
1963,R-8118,"DSM 17221, CCM 7153, CCUG 44527, CIP 107794, LMG 20594, JCM 13473",1,Paraburkholderia terricola,169427.4,obligate aerobe
,,,,,169427.9,
,,,,,2654588105,
,,,,,GCA_900142195,
,,,,,GCA_902833815,
1944,PPe8,"DSM 15359, ATCC BAA-831, BR 11366, LMG 21772, LMG 22274, CCUG 54298, LMG 21393, CIP 108594",1,Paraburkholderia tropica,2654587898,obligate aerobe
,,,,,2857341469,
,,,,,92647.15,
,,,,,92647.5,
,,,,,GCA_002071575,
,,,,,GCA_900109265,
,,,,,GCA_902833865,
1971,,"DSM 18489, CCUG 47178, CIP 108238, LMG 21444, STM 678",1,Paraburkholderia tuberum,491071.3,obligate aerobe
,,,,,GCA_902833905,
1961,"MTI-641, MTl-641","DSM 17197, ATCC BAA-744, CIP 107921, LMG 22722",1,Paraburkholderia unamae,2501025502,obligate aerobe
,,,,,2510917013,
1965,LB400,"DSM 17367, CCUG 46959, CIP 108558, LMG 21463, NRRL B-18064",1,Paraburkholderia xenovorans,2597490151,obligate aerobe
,,,,,2775506700,
,,,,,637000053,
,,,,,GCA_000013645,
,,,,,GCA_000756045,
13711,TK 1015,"DSM 8512, ATCC 51199, JCM 7364, NCIMB 13180, BCRC 80157, CIP 106073, IAM 14749, IFO 16719, LMG 24023, NBRC 16719, VKM B-2138",1,Paracoccus alcaliphilus,2636415977,obligate aerobe
,,,,,34002.8,
,,,,,GCA_028553725,
,,,,,GCA_900110285,
13717,"901/1, A901/1","DSM 11593, CIP 105684",1,Paracoccus alkenifer,2617270733,obligate aerobe
,,,,,65735.6,
,,,,,GCA_900108405,
13714,DM-15,"DSM 8538, ATCC 49673, IAM 14245, JCM 7686, CIP 106077, IFO 16710, LMG 23830, NBRC 16710, VKM B-2141",1,Paracoccus aminophilus,1367847.11,obligate aerobe
,,,,,1367847.12,
,,,,,1367847.13,
,,,,,1367847.14,
,,,,,1367847.15,
,,,,,1367847.3,
,,,,,2547132467,
,,,,,GCA_000444995,
13713,DM-82,"DSM 8537, ATCC 49632, IAM 14244, JCM 7685, BCRC 80946, CIP 106076, IFO 16711, LMG 23829, NBRC 16711, VKM B-2140",1,Paracoccus aminovorans,2615840720,obligate aerobe
,,,,,2773857812,
,,,,,34004.1,
,,,,,34004.11,
,,,,,34004.12,
,,,,,34004.15,
,,,,,34004.9,
,,,,,GCA_900005615,
,,,,,GCA_900113565,
13693,,"CCUG 30144, LMG 4049, LMG 4219, IFO 13301, DSM 413, ATCC 17741, ATCC 19367, CCM 982, LMD 22.21, NCIB 8944, JCM 21484, IAM 15021, NBRC 102528, NCCB 22021, CIP 106306, IAM 12479, NCIMB 11627, JCM 6892, ICPB 3979",1,Paracoccus denitrificans,1302247.4,obligate aerobe
,,,,,2597490357,
,,,,,266.1,
,,,,,266.34,
,,,,,266.43,
,,,,,2734481933,
,,,,,2841597668,
,,,,,GCA_001313145,
,,,,,GCA_004063735,
,,,,,GCA_007989485,
13722,DD-R11,"DSM 17862, CIP 109779, KACC 11518",1,Paracoccus homiensis,2634166318,obligate aerobe
,,,,,364199.19,
,,,,,GCA_900111675,
13706,GB 17,"DSM 2944, DSM 3967, LMD 82.5, JCM 21485, ATCC 35512, CIP 106514, IAM 15022, NBRC 102493, NCCB 82005",1,Paracoccus pantotrophus,2772190981,obligate aerobe
,,,,,82367.24,
,,,,,82367.27,
,,,,,GCA_003633525,
,,,,,GCA_008824185,
135951,,"CIP 106060, IAM 12816, IFO 14569, JCM 20756, ATCC 700171, NBRC 14569, NCIMB 13627, VKM B-2162",1,Paracoccus thiocyanatus,2681812813,obligate aerobe
,,,,,34006.7,
,,,,,GCA_900156255,
131134,"N89, NS89","DSM 15382, JCM 9931, CIP 105708",1,Paracraurococcus ruber,2887745528,obligate aerobe
,,,,,77675.4,
,,,,,77675.7,
,,,,,GCA_004353985,
,,,,,GCA_016584045,
134209,Mok-106,"NBRC 101628, CIP 109284",1,Paraferrimonas sedimenticola,2831818083,obligate aerobe
,,,,,375674.3,
,,,,,GCA_002282855,
164451,5GH32-13,"JCM 33061, KACC 17331",1,Paraflavitalea soli,2887093151,obligate aerobe
,,,,,GCA_003555545,
1438,"M1, R-35644","DSM 9572, LMG 23032",1,Bacillus thermantarcticus,2654588109,obligate aerobe
,,,,,GCA_900111865,
140575,S2-26,"KACC 18801, JCM 31547",1,Parahaliea aestuarii,2887451271,obligate aerobe
,,,,,GCA_008064635,
1385,YIM-C158,"DSM 17857, CGMCC 1.6333",1,Paraliobacillus quinghaiensis,2832713448,obligate aerobe
,,,,,470815.5,
,,,,,GCA_003426025,
,,,,,GCA_014645115,
132998,NH6-79,"DSM 105303, CGMCC 1.14984, JCM 30557, MCCC 1K00277",1,Aquisalinus luteolus,1566827.5,obligate aerobe
,,,,,GCA_009712425,
,,,,,GCA_014640455,
17628,KV-614,"DSM 18081, CIP 109166, JCM 12834, NBRC 100761, NRRL B-24346, KCTC 19436, NCIMB 14347",1,Patulibacter minatonensis,2510065083,obligate aerobe
,,,,,929712.3,
,,,,,GCA_000519325,
2067,,"DSM 7445, ATCC 17989, CCUG 2114, NCTC 10937, LMG 2207, CIP 103794, KCTC 32002",1,Paucimonas lemoignei,2784746777,obligate aerobe
,,,,,2808606625,
,,,,,29443.3,
,,,,,29443.5,
,,,,,GCA_004342585,
,,,,,GCA_900475325,
1515,B22,"DSM 18846, CIP 108857, LMG 23148",1,Paucisalibacillus globulus,1122940.3,obligate aerobe
,,,,,2528768179,
,,,,,GCA_000482485,
14094,K1/K2,"DSM 12126, LMG 10353, CCUG 39353, CIP 105499",1,Pedobacter africanus,151894.4,obligate aerobe
,,,,,2622736459,
,,,,,GCA_900176535,
14093,"KS0420, P-48","DSM 11725, CIP 104195, JCM 14985, JCM 7454, AJ 2502, CCM 4602, IFO 14985, KCTC 12489, LMG 14024, NBRC 14985, NCIMB 13704",0,Pedobacter antarcticus,2622736436,obligate aerobe
,,,,,34086.1,
,,,,,GCA_900103515,
14099,,"DSM 16990, CIP 109035, LMG 22862",1,Pedobacter caeni,2622736434,obligate aerobe
,,,,,288992.5,
,,,,,GCA_900129215,
14098,A37,"DSM 14825, CIP 108372, LMG 21415",1,Pedobacter cryoconitis,188932.11,obligate aerobe
,,,,,2593339302,
,,,,,GCA_003259615,
14105,WB3.3-3,"DSM 19033, CIP 109468",1,Pedobacter hartonius,2693429882,obligate aerobe
,,,,,425514.7,
,,,,,GCA_900107535,
166280,P-25,"KCTC 62821, CCTCC AB 2018185",1,Pedobacter helvus,2899651099,obligate aerobe
,,,,,GCA_005925325,
14092,,"DSM 2366, ATCC 13125, IFO 12017, NBRC 12017, NCIB 9290, CCUG 12810, LMG 10339, HIM 762-3, JCM 7457, BCRC 11563, CIP 104194, IAM 12655, KCTC 12437, LMG 10344, LMG 4024, LMG 8360, NCIMB 9290, NRRL B-14731",1,Pedobacter heparinus,485917.13,obligate aerobe
,,,,,485917.6,
,,,,,644736398,
,,,,,GCA_000023825,
,,,,,GCA_000410815,
134134,,"JCM 12171, MTCC 6384, HHS 22, CIP 108787",1,Pedobacter himalayensis,246796.4,obligate aerobe
14104,"DS-139, DS-39","DSM 18684, KCTC 12820, CIP 109748",1,Pedobacter insulae,2634166297,obligate aerobe
,,,,,414048.7,
,,,,,GCA_900113525,
141159,K-4-11-1,"KEMB 9005-574, KACC 19174, JCM 31916",1,Pedobacter kyonggii,2882023792,obligate aerobe
,,,,,GCA_004310665,
14111,NWG-II14,"DSM 19625, CIP 110034, LMG 24260",1,Pedobacter nyackensis,2622736511,obligate aerobe
,,,,,475255.4,
,,,,,GCA_900176505,
14101,15-52,"DSM 18130, CIP 109582, KACC 11317",1,Pedobacter suwonensis,2622736524,obligate aerobe
,,,,,332999.8,
,,,,,GCA_900111825,
5398,MSW-14,"DSM 21428, KCTC 22370, UCCCB27",1,Pelagerythrobacter marensis,2648501407,obligate aerobe
,,,,,2744054505,
,,,,,543877.4,
,,,,,543877.5,
,,,,,GCA_001028625,
,,,,,GCA_001461885,
137698,N51,"CIP 105809, CCUG 39967, LMG 10982, CIP 105842",1,Pelistega europaea,106147.8,obligate aerobe
,,,,,2910227858,
,,,,,GCA_013133775,
2981,,"DSM 654, ATCC 15946, CFBP 2433, CIP 59.18, HAMBI 373, IAM 14368, JCM 15912, LMG 2256, NCCB 46053, VKM B-902, CCUG 32988, BUCSAV 293, CCM 1980, CCUG 15839, IAM 1504, JCM 21181, LMG 7831, NBRC 103037, NCDO 1936, NCIMB 8570, NRRL B-1492, JCM 13309",1,Roseateles saccharophilus,2802428851,obligate aerobe
,,,,,304.35,
,,,,,GCA_004342485,
139988,MA001,"DSM 105779, JCM 12112, NCIMB 13969, CIP 108638, FERM BP-4493",1,Peribacillus asahii,GCA_003570725,obligate aerobe
140140,L5,"DSM 105484, CCTCC AB 2015055, KCTC 33637",1,Peribacillus cavernae,2926509544,obligate aerobe
,,,,,GCA_003989135,
1846,"WS 1085, 6720","DSM 8801, ATCC 25097, CCUG 43489, CIP 67.20, JCM 11681",1,Peribacillus frigoritolerans,GCA_024169475,obligate aerobe
748,"T25B, B-3394","DSM 6, ATCC 23296, DSM 13778, LMG 9580, NCIMB 11729, CIP 106932, CCUG 28882",1,Peribacillus psychrosaccharolyticus,1174504.3,obligate aerobe
,,,,,2547132175,
,,,,,GCA_000305495,
790,NRS-960,"DSM 1321, ATCC 49097, NRS 960, JCM 12307, BCRC 15909, CCM 7148, CCUG 28889, CGMCC 1.3471, CIP 106934, IFO 15720, KCTC 3450, LMG 11160, NBRC 15720, NRRL NRS-960, VTT E-97781",1,Peribacillus simplex,1349754.4,obligate aerobe
,,,,,1349754.5,
,,,,,1349754.9,
,,,,,2731957667,
,,,,,2823415468,
,,,,,GCA_001591785,
,,,,,GCA_002243645,
,,,,,GCA_007679575,
13731,T5,"DSM 16374, CIP 109289, LMG 22475",1,Phaeobacter inhibens,2574179718,obligate aerobe
,,,,,999548.6,
,,,,,GCA_000473105,
140629,W2-3-4,"LMG 28593, KACC 18306",1,Phenylobacterium aquaticum,GCA_022695515,obligate aerobe
2348,4T-6,"DSM 19425, KACC 12597, CIP 110190, NBRC 106419",1,Phenylobacterium composti,2571042909,obligate aerobe
5049,HG29,"DSM 22391, CIP 109949",1,Photorhabdus caribbeanensis,GCA_018448885,obligate aerobe
5039,1121,"DSM 15194, NCIMB 13951, CIP 108428",1,Photorhabdus kayaii,GCA_025384895,obligate aerobe
5034,"XlNach, X1Nach","DSM 14550, CCM 7078, CIP 105563",1,Photorhabdus temperata,GCA_025384845,obligate aerobe
5044,39-8,"DSM 15199, CIP 108426, NCIMB 13952",1,Photorhabdus thracensis,230089.6,obligate aerobe
,,,,,2639762814,
,,,,,GCA_001010285,
140727,YC6-17,"KCTC 52518, DSM 103734",1,Phreatobacter stygius,1940610.3,obligate aerobe
,,,,,2837187533,
,,,,,GCA_005144885,
6294,Lochhead&Burton541,"DSM 12806, ATCC 13347, CDA 859, IFO 12159, NBRC 12159, NCDO 1576, NCIMB 9222, JCM 11564, CIP 102696, IAM 14868, IAM 14893, IAM 14902, IFO 12959, KCTC 39573, KCTC 9649, LMG 16468, LMG 17308, NBRC 12959, VKM Ac-1108",1,Phycicoccus duodecadis,173053.3,obligate aerobe
,,,,,2630968219,
,,,,,GCA_002846495,
6298,Lp2,"DSM 14184, JCM 11141, CCUG 46560, CIP 107623, IAM 14965, NBRC 103079, KCTC 39572, NCIMB 14348",1,Phycicoccus elongatus,2600254961,obligate aerobe
,,,,,GCA_000367525,
11874,,"DSM 5892, ATCC 43590, IAM 13584, JCM 20932, LMG 2t2, NCIMB 12127, CCUG 34962, CIP 108241, LMG 2.2, LMG 6738, NBRC 100019",1,Phyllobacterium myrsinacearum,2767802441,obligate aerobe
,,,,,2802429686,
,,,,,28101.3,
,,,,,28101.5,
,,,,,28101.8,
,,,,,GCA_002980555,
,,,,,GCA_003182235,
,,,,,GCA_004217385,
11875,,"DSM 5893, ATCC 43591, LMG 1t1, NCIMB 12128, JCM 20934, CCUG 34964, CIP 108235, HAMBI 1991, HAMBI 2264, IAM 13587, LMG 1.1, NBRC 100017",0,Phyllobacterium myrsinacearum,2799112214,obligate aerobe
,,,,,28101.7,
,,,,,GCA_004216655,
357,K24,"CCUG 47266, CIP 108234, DSM 13608, NCIMB 13708",1,Pigmentiphaga kullae,151784.3,obligate aerobe
,,,,,2795386136,
,,,,,GCA_004216695,
11955,628,"DSM 20549, ATCC 14404, CCM 316, NCMB 1493, JCM 2532, CECT 951, CGMCC 1.2714, CIP 81.74, IAM 12456, IAM 12541, IAM 13052, IFO 15849, LMG 17319, NBRC 15849, NCIMB 1493, VKM B-1307",1,Planococcus citreus,1373.5,obligate aerobe
,,,,,1373.6,
,,,,,2770939644,
,,,,,GCA_003664125,
,,,,,GCA_004761885,
11963,S1,"DSM 15305, CIP 108414, MTCC 4827",1,Planococcus maitriensis,GCA_003289925,obligate aerobe
11968,S23F2,"DSM 13963, ATCC 700539, CIP 105673",1,Planococcus mcmeekinii,2913357338,obligate aerobe
,,,,,71546.3,
11962,M8,"DSM 15069, ATCC BAA-790, CIP 108240",1,Planococcus rifietoensis,2687453186,obligate aerobe
,,,,,GCA_001465795,
7473,"P 297/02, P297/02","DSM 14012, LMG 19919, JCM 12144, CIP 108227, IAM 15049, NBRC 103081, VKM Ac-2504",1,Plantibacter flavus,150123.11,obligate aerobe
,,,,,2781126045,
,,,,,GCA_003755125,
,,,,,GCA_900177615,
133317,LPB0003,"KACC 18704, JCM 31217",1,Polaribacter vadi,2721755673,obligate aerobe
,,,,,2772190760,
,,,,,GCA_001680885,
,,,,,GCA_001761365,
1386,BH030062,DSM 16287,1,Pontibacillus chungwhensis,1385513.3,obligate aerobe
,,,,,2627854003,
,,,,,GCA_000770675,
1388,,"DSM 19796, CCTCC AA 207029, KCTC 13190, JSM 076056, CIP 110065",1,Pontibacillus halophilus,1122964.4,obligate aerobe
,,,,,1385510.3,
,,,,,2524023244,
,,,,,GCA_000425205,
,,,,,GCA_000775595,
1387,"BH030004, 10.101","DSM 16465, KCTC 3917",1,Pontibacillus marinus,1122965.4,obligate aerobe
,,,,,1385511.3,
,,,,,2524023192,
,,,,,2630968890,
,,,,,GCA_000425225,
,,,,,GCA_000775605,
3829,SRC-1,"DSM 17521, CCTCC AB 207222, CIP 109903, MTCC 7260",1,Pontibacter roseus,1122967.3,obligate aerobe
,,,,,2515154084,
,,,,,GCA_000373265,
13315,,"DSM 43194, ATCC 43014, IFO 14506, IMET 7650, IMRU 3760, JCM 3193, KCC A-0193, NBRC 14506, NCIB 8926, NRRL 2295, JCM 9736, BCRC 12523, CBS 614.67, CGMCC 4.1215, CIP 106520, HUT 6557, IMI 71674, KCTC 9299, KCTC 9942, NCIMB 8926, NRRL B-2295, PCM 2309, VKM Ac-1243",1,Prauserella rugosa,2585427562,obligate aerobe
,,,,,43354.5,
,,,,,GCA_000719975,
,,,,,GCA_007829565,
1203,2DT,"DSM 13796, JCM 12211, CIP 106778, KCTC 13922, UCM B-5715",1,Priestia endophytica,1121089.3,obligate aerobe
,,,,,135735.7,
,,,,,2599185264,
,,,,,2724679200,
,,,,,GCA_001590825,
,,,,,GCA_900115845,
678,131,"DSM 1320, ATCC 49095, CCUG 28525, NRRL NRS-665, CIP 106928, NRS 665, JCM 12301, BCRC 15906, CGMCC 1.3592, HAMBI 2080, IFO 15715, KCTC 3449, LMG 11155, NBRC 15715, NCIMB 13366, VTT E-97063",1,Priestia flexa,1348625.4,obligate aerobe
,,,,,2731957656,
,,,,,GCA_001591565,
1244,7.101,"DSM 16467, KCTC 3914, BR 030, CIP 110015",1,Priestia koreensis,2648501744,obligate aerobe
,,,,,284581.3,
,,,,,GCA_001274935,
733,"1060, 19, Ford 19, Gibson 1060","DSM 32, ATCC 14581, CCM 2007, NCIB 9376, NCTC 10342, CCUG 1817, JCM 2506, BCRC 10608, CECT 4313, CIP 66.20, HAMBI 2018, IAM 13418, IFO 15308, KCTC 3007, LMG 7127, NBRC 15308, NCCB 75016, NCIMB 9376, NRIC 1710, NRRL B-14308, VKM B-512, VTT E-93055, NCDO 1773",1,Priestia megaterium,1348623.15,obligate aerobe
,,,,,1348623.16,
,,,,,1348623.17,
,,,,,1348623.18,
,,,,,1348623.19,
,,,,,1348623.2,
,,,,,1348623.34,
,,,,,1348623.36,
,,,,,1348623.6,
,,,,,1348623.7,
166527,2DFWR-13,"KACC 19321, NBRC 113050",1,Protaetiibacter intestinalis,2419774.3,obligate aerobe
,,,,,GCA_003627075,
3026,CC-21,"DSM 21352, CCUG 54492, CIP 109510",1,Pseudacidovorax intermedius,2770939510,obligate aerobe
,,,,,433924.4,
,,,,,GCA_003350475,
1208,mcha2343,"DSM 14890, CIP 108363, LMG 19507",1,Pseudalkalibacillus decolorationis,GCA_024609785,obligate aerobe
11877,"BN12, BN12D","DSM 6986, CIP 106963",1,Pseudaminobacter salicylatoxidans,2756170245,obligate aerobe
,,,,,93369.5,
,,,,,GCA_003148475,
3837,E92,"DSM 25647, CCM 7988, LMG 26720, CIP 110345",1,Pseudarcicella hirudinis,1079859.3,obligate aerobe
,,,,,2634166314,
,,,,,GCA_900115665,
7581,A6,"DSM 12829, ATCC 700700, CIP 107037, JCM 12360, KCTC 9906, NCIMB 13794, MTCC 3706",1,Pseudarthrobacter chlorophenolicus,2634166551,obligate aerobe
,,,,,452863.4,
,,,,,452863.41,
,,,,,452863.6,
,,,,,643348509,
,,,,,85085.8,
,,,,,GCA_000022025,
,,,,,GCA_900104315,
7533,2568,"DSM 20136, ATCC 15216, NCIB 10267, JCM 2523, BCRC 12114, CCUG 23891, CGMCC 1.1927, CIP 106989, IAM 14590, IFO 15512, KCTC 3384, LMG 16679, LMG 3821, NBRC 15512, NCIMB 10267, NRIC 0155, VKM Ac-1955, CCRC 12114",1,Pseudarthrobacter polychromogenes,1676.6,obligate aerobe
,,,,,GCA_014644495,
7615,YH-2001,"DSM 17756, CGMCC 1.3601, JCM 12642, CIP 108992, AS 1.3601",1,Pseudarthrobacter scleromae,158897.4,obligate aerobe
,,,,,GCA_014644515,
6233,PO-M2,"DSM 17923, CIP 109781, KACC 11514",1,Pseudidiomarina homiensis,GCA_003987225,obligate aerobe
12693,,"DSM 14585, CIP 108357, KMM 255",1,Pseudoalteromonas agarivorans,1312369.5,obligate aerobe
,,,,,2802429659,
,,,,,GCA_002310855,
12699,SW19,"DSM 16473, KMM 3562, CIP 108625, LMG 22059",1,Pseudoalteromonas aliena,1314866.4,obligate aerobe
,,,,,GCA_014905615,
12677,,"DSM 8771, ATCC 29719, DSM 6058, NCMB 1889, CIP 104113, CECT 575, LMG 2863, NCIMB 1889",1,Pseudoalteromonas citrea,GCA_000238375,obligate aerobe
12690,,"DSM 14401, KMM 3630, LMG 20361, NCIMB 2033, CIP 107428",1,Pseudoalteromonas maricaloris,1315273.3,obligate aerobe
,,,,,1315273.7,
,,,,,137779.9,
,,,,,2630968884,
,,,,,GCA_014596995,
,,,,,GCA_014858715,
448,,"DSM 15748, CIP 105339, KMM 216",1,Pseudoalteromonas fuliginea,2751185888,obligate aerobe
,,,,,43655.3,
,,,,,GCA_000690055,
12696,,"DSM 15925, CIP 106858, LMG 19697, KMM 3549",1,Pseudoalteromonas issachenkonii,152297.5,obligate aerobe
,,,,,2802429664,
,,,,,GCA_002310795,
131096,,"DSM 15914, CIP 106859, KMM 636, LMG 19692, KMM 630",1,Pseudoalteromonas maricaloris,184924.3,obligate aerobe
,,,,,GCA_012641725,
140699,OCN003,"CCOS 1042, CIP 111189",1,Pseudoalteromonas piratica,2639762812,obligate aerobe
,,,,,GCA_000788395,
12689,MB8-11,"DSM 14232, ACAM 620, CIP 105820",1,Pseudoalteromonas prydzensis,1315282.4,obligate aerobe
,,,,,182141.3,
,,,,,1840331.8,
,,,,,206042.3,
,,,,,2751185891,
,,,,,GCA_001661495,
,,,,,GCA_014925355,
139987,,"DSM 15912, KMM 300, CIP 106857, LMG 19699",1,Pseudoalteromonas ruthenica,151081.31,obligate aerobe
,,,,,GCA_008808095,
134140,UST010723-006,"NRRL B-41100, JCM 12884, CIP 108868",1,Pseudoalteromonas spongiae,1117319.3,obligate aerobe
,,,,,2775507273,
,,,,,GCA_000238255,
12686,GFC,"DSM 9166, IAM 14160, NCIMB 13177, JCM 21038, ATCC 51193, CIP 104758, KMM 458, NBRC 103034, CIP 107120",1,Pseudoalteromonas tetraodonis,1315271.8,obligate aerobe
,,,,,43659.6,
,,,,,GCA_002310835,
,,,,,GCA_007991235,
12691,,"DSM 14402, ATCC BAA-315, KMM 520, LMG 19696, CIP 107731",1,Pseudoalteromonas translucida,1315283.4,obligate aerobe
,,,,,2654587552,
,,,,,GCA_001465295,
1901,,"DSM 25619, CCUG 46016, CIP 108977",1,Pseudochrobactrum asaccharolyticum,2770939620,obligate aerobe
,,,,,354351.3,
,,,,,GCA_003314995,
1900,,"DSM 25620, CCUG 33852, CIP 108976",1,Pseudochrobactrum saccharolyticum,2861726604,obligate aerobe
,,,,,354352.3,
,,,,,354352.4,
,,,,,GCA_008801715,
,,,,,GCA_014203195,
7475,,"DSM 20419, ATCC 13715, CIP 108565, JCM 9491, CCUG 43303, IFO 15775, TISTR 1509, IAM 14726, LMG 21450, NBRC 15775, NCIB 8939",1,Pseudoclavibacter helvolus,255205.14,obligate aerobe
,,,,,2824195264,
,,,,,GCA_014191305,
7477,A59836,"DSM 17449, IAM 14724, NBRC 15616, TISTR 1510, CCUG 50212, IFO 15616, JCM 12865, CIP 108566",0,Zimmermannella alba,1349786.3,obligate aerobe
,,,,,2731957610,
,,,,,GCA_001570905,
132597,GS 221,"DSM 18116, KACC 14278, Gsoil 221",1,Pseudobacter ginsenosidimutans,2799112211,obligate aerobe
,,,,,661488.3,
,,,,,GCA_004291315,
7583,"CF43, CF 43","DSM 13068, ATCC BAA-273, CCUG 43812, JCM 11943, CCM 4905, CCUG 44606, CIP 106791, KCTC 9908",1,Pseudoglutamicibacter albus,2923410811,obligate aerobe
7578,,"DSM 10493, ATCC 700218, CCM 4574, CCUG 36788, CIP 104907, JCM 11675, KCTC 9904, DMMZ 445",1,Pseudoglutamicibacter cumminsii,156979.27,obligate aerobe
,,,,,2893672949,
,,,,,GCA_016907775,
13122,BKME-9,"DSM 17554, ATCC 700689, CIP 106708, CCUG 50779",1,Pseudomonas abietaniphila,89065.12,obligate aerobe
,,,,,GCA_900100795,
12800,,"DSM 50071, ATCC 10145, ICPB 2523, NCIB 8295, NCTC 10332, NRRL B-771, WDCM 00024, JCM 5962, BCRC 10944, CCEB 481, CCM 1960, CCUG 28447, CCUG 551, CECT 110, CGMCC 1.1785, CIP 100720, IAM 1514, IFO 12689, IFO 3756, KCTC 1750, LMG 1242, NBRC 12689, NBRC 3756, NCDO 1369, NCIMB 8295, NCPPB 1965, IMET 10403, CCM 481, VKM B588, CIP 63.52",1,Pseudomonas aeruginosa,1123015.3,obligate aerobe
,,,,,1123015.5,
,,,,,1236528.3,
,,,,,2568526011,
,,,,,2636415941,
,,,,,2667527464,
,,,,,2667527847,
,,,,,287.10003,
,,,,,287.11067,
,,,,,287.1725,
12758,PRD-10,"DSM 939, ATCC 15442, NCIB 10421, CCUG 2080, IFO 13736, CIP 103467, NCIMB 10421, PCI 812",0,Pseudomonas aeruginosa,1424337.3,obligate aerobe
,,,,,2576861223,
,,,,,287.189,
,,,,,287.9378,
,,,,,2917032606,
,,,,,GCA_000504485,
,,,,,GCA_001373915,
,,,,,GCA_005154325,
12759,"Boston 41501, 41501","DSM 1117, ATCC 27853, CCM 3955, CCUG 17619, CECT 108, CIP 76.110, JCM 6119, LMG 6395, NCIMB 12469, WDCM 00025, UCCCB116, LMG 18448, CCUG 1423, CCUG 7737, NCTC 12903",0,Pseudomonas aeruginosa,1236529.3,obligate aerobe
,,,,,2687453218,
,,,,,2700989384,
,,,,,287.1769,
,,,,,287.2665,
,,,,,287.3723,
,,,,,287.6323,
,,,,,2912953232,
,,,,,GCA_000615525,
,,,,,GCA_001086625,
12764,,"DSM 3227, ATCC 19429, IFO 3755, NBRC 3755, NCIB 6750, NCTC 6750, CIP 105094, CCM 1959, IMET 10906, NCIMB 6750, CCEB 478",0,Pseudomonas aeruginosa,287.6523,obligate aerobe
,,,,,GCA_900461635,
12801,"PAO1, IC, PA01","DSM 22644, ATCC 15692, CIP 104116, JCM 14847, LMG 12228, CCUG 56489, KCTC 1637, ATCC 17503, ATCC 25247, ATCC 25375, BCRC 13078, CECT 4122, LMG 27638, NCCB 4163, NCIMB 10545, NCIMB 10548, VTT E-082794, VTT E-84219",0,Pseudomonas aeruginosa,1236530.3,obligate aerobe
,,,,,2609460090,
,,,,,2721755590,
,,,,,287.11535,
,,,,,287.2908,
,,,,,GCA_000006765,
,,,,,GCA_000615565,
,,,,,GCA_001729505,
134453,,"CIP 103837, ATCC 25668, CCTM La 2767, NCTC 10662, CECT 118, NCIMB 13063, CCM 3989, WDCM 00114, CCUG 1423",0,Pseudomonas aeruginosa,287.9424,obligate aerobe
,,,,,GCA_900706875,
135168,121/1956-231,"CIP 59.44, ATCC 33358, NCTC 11450",0,Pseudomonas aeruginosa,2660238005,obligate aerobe
,,,,,287.1992,
,,,,,287.9412,
,,,,,GCA_001444955,
,,,,,GCA_900455165,
135613,"EML538, 14947/1955-226, A443/1955","CIP 59.38, ATCC 33353, NCTC 11445",0,Pseudomonas aeruginosa,2671180558,obligate aerobe
,,,,,287.1983,
,,,,,287.8052,
,,,,,2908492839,
,,,,,GCA_001444755,
,,,,,GCA_900636735,
136459,,"CIP 105925, ATCC 13388, CCUG 50823, QM B1468",0,Pseudomonas aeruginosa,287.1878,obligate aerobe
,,,,,GCA_001373675,
138862,14811/1955-229,"CIP 59.41, ATCC 33356, NCTC 11448",0,Pseudomonas aeruginosa,2700989536,obligate aerobe
,,,,,287.1985,
,,,,,287.6512,
,,,,,GCA_001444815,
,,,,,GCA_900455115,
138864,958/1953-221,"CIP 59.33, ATCC 33348, NCTC 11440",0,Pseudomonas aeruginosa,2671180317,obligate aerobe
,,,,,287.2002,
,,,,,287.9431,
,,,,,GCA_001420225,
,,,,,GCA_900706995,
138865,"EML534, 4821/1952-222","CIP 59.34, ATCC 33349, NCTC 11441",0,Pseudomonas aeruginosa,2695420489,obligate aerobe
,,,,,287.2004,
,,,,,GCA_001420185,
138866,13264/1952-223,"CIP 59.35, ATCC 33350, NCTC 11442",0,Pseudomonas aeruginosa,2660238666,obligate aerobe
,,,,,287.2003,
,,,,,GCA_001420205,
138867,13335/1955-224,"CIP 59.36, ATCC 33351, NCTC 11443",0,Pseudomonas aeruginosa,2703719348,obligate aerobe
,,,,,287.2001,
,,,,,GCA_001420245,
138868,A 486/1955-225,"CIP 59.37, ATCC 33352, NCTC 11444",0,Pseudomonas aeruginosa,2660238714,obligate aerobe
,,,,,287.2,
,,,,,287.9413,
,,,,,GCA_001420265,
,,,,,GCA_900455215,
138869,"A443/1955, 14947/1955","CIP 59.39, ATCC 33354, NCTC 11446",0,Pseudomonas aeruginosa,2657245489,obligate aerobe
,,,,,287.1982,
,,,,,287.6514,
,,,,,GCA_001444745,
,,,,,GCA_900455255,
138871,XI/S2/1955-228,"CIP 59.40, ATCC 33355, NCTC 11447",0,Pseudomonas aeruginosa,287.1984,obligate aerobe
,,,,,287.6518,
,,,,,GCA_001444765,
,,,,,GCA_900455405,
138872,U3433/1955-230,"CIP 59.43, ATCC 33357, NCTC 11449",0,Pseudomonas aeruginosa,2663763493,obligate aerobe
,,,,,287.1986,
,,,,,287.6513,
,,,,,GCA_001444835,
,,,,,GCA_900455205,
138877,140,"CIP 60.92, ATCC 33360, NCTC 11452",0,Pseudomonas aeruginosa,2700989537,obligate aerobe
,,,,,287.1994,
,,,,,287.9411,
,,,,,GCA_001444995,
,,,,,GCA_900455145,
13059,71A,"DSM 11810, ATCC 25941, ICMP 2656, ICPB PA144, NCPPB 2289, JCM 12566, BCRC 15817, CCUG 23365, CCUG 32769, CECT 4467, CFBP 2063, CIP 106703, LMG 2112, VTT E-94513",1,Pseudomonas agarici,2505679085,obligate aerobe
,,,,,2667527210,
,,,,,46677.12,
,,,,,46677.9,
,,,,,690598.6,
,,,,,GCA_000280785,
,,,,,GCA_900109755,
12807,"1577, 142","DSM 50342, ATCC 14909, NCTC 10367, CCUG 1425 A, CCM 2655, LMG 1224, JCM 20561, BCRC 13909, CCUG 1425, CECT 929, CIP 101034, IAM 12411, ICPB 2749-12, IFO 14159, JCM 5967, LMG 2120, NBRC 14159, NCIMB 9945, NCPPB 1970, VKM B-2171, IMET 11155",1,Pseudomonas alcaligenes,1215092.3,obligate aerobe
,,,,,2600255064,
,,,,,43263.13,
,,,,,GCA_000467105,
,,,,,GCA_900455475,
13129,"AL 15-21, AL15-21","CCUG 54778, KCTC 12910, DSM 17744, IAM 14884, JCM 10630, CGMCC 1.6415, LMG 23134, MTCC 7934, NBRC 102411, CIP 108031",1,Pseudomonas alcaliphila,101564.8,obligate aerobe
,,,,,1215093.3,
,,,,,2663762780,
,,,,,2806311028,
,,,,,GCA_002091495,
,,,,,GCA_900101755,
13051,AL1,"DSM 7298, ATCC 33614, ICMP 3918, NCPPB 2607, CIP 106734, LMG 2123",1,Pseudomonas amygdali,2713896844,obligate aerobe
,,,,,47877.4,
,,,,,47877.9,
,,,,,GCA_001400115,
,,,,,GCA_002699855,
13061,S1,"CCUG 35503, DSM 12111, ATCC 33660, NCIMB 1949, CIP 106711, CECT 899",1,Pseudomonas anguilliseptica,2687453785,obligate aerobe
,,,,,53406.4,
,,,,,GCA_900105355,
13115,"CH01, CH01T","DSM 17259, CECT 7010, LMG 22563, CCUG 50743, CIP 108775",1,Pseudomonas argentinensis,2671180085,obligate aerobe
,,,,,289370.1,
,,,,,289370.11,
,,,,,GCA_008801645,
,,,,,GCA_900113905,
12808,,"CCUG 32773, ATCC 10203, LMG 2137, DSM 17133, ATCC 23835, CCM 7744, ICMP 3944, NCPPB 1947, NRRL B-733, CIP 106710, CECT 4468",1,Pseudomonas asplenii,2667527430,obligate aerobe
,,,,,53407.1,
,,,,,GCA_900105475,
13049,6801,"CCUG 32780, LMG 2158, DSM 7231, ICMP 5940, NCPPB 3085, CIP 106695, PDDCC 5940",1,Pseudomonas asplenii,1367451.3,obligate aerobe
,,,,,2667527230,
,,,,,50340.51,
,,,,,GCA_000467065,
,,,,,GCA_900108595,
166373,M7D1,"CCUG 73898, LMG 31516",1,Pseudomonas atacamensis,GCA_004801935,obligate aerobe
13058,"ISPAVE B.062, B. O62, F11","DSM 11809, BPIC 631, ICPB 9746, NCPPB 3487, CCUG 51505, CIP 105176, PD 2378, JCM 11937, CFBP 4060, ICMP 9746, LMG 21662",1,Pseudomonas avellanae,1154758.3,obligate aerobe
,,,,,1154758.6,
,,,,,2505313060,
,,,,,2531839710,
,,,,,2554235217,
,,,,,46257.13,
,,,,,GCA_000302915,
,,,,,GCA_000444135,
,,,,,GCA_014646595,
13124,6H33b,"DSM 17556, ATCC BAA-1049, JCM 12708, CCUG 53885, CIP 108866, TBRC 7232",1,Stutzerimonas azotifigens,1292027.3,obligate aerobe
,,,,,2523533560,
,,,,,GCA_000425625,
13141,,"DSM 18862, IAM 1603, CCUG 12536, JCM 2777, CIP 106744, IFO 12693, AJ 2173, CGMCC 1.1792, LMG 21611, NBRC 12693",1,Pseudomonas azotoformans,1215094.4,obligate aerobe
,,,,,2636416017,
,,,,,2917113043,
,,,,,2917196912,
,,,,,47878.14,
,,,,,47878.15,
,,,,,47878.17,
,,,,,GCA_001870415,
,,,,,GCA_001983205,
,,,,,GCA_002091515,
13054,SP1402,"DSM 6083, CIP 105297, CCUG 44595",1,Stutzerimonas balearica,1123016.11,obligate aerobe
,,,,,1123016.6,
,,,,,2602042028,
,,,,,2648501814,
,,,,,GCA_000818015,
,,,,,GCA_900103375,
13188,1477,"DSM 8628, CIP 109857",1,Pseudomonas benzenivorans,2663762779,obligate aerobe
,,,,,556533.3,
,,,,,GCA_900100495,
13131,R-20821,"CCUG 53773, DSM 17834, LMG 23199, CIP 109375",1,Pseudomonas borbori,2671180032,obligate aerobe
,,,,,289003.4,
,,,,,GCA_900115555,
13019,8-H,"DSM 19620, ATCC 33662, CIP 106717, NCIMB 9401, NRRL B-550, CCUG 3365, JCM 13306, BCRC 15823, LMG 979",1,Pseudomonas boreopolis,86183.4,obligate aerobe
,,,,,GCA_014654535,
13068,"DBK11, DBK 11","DSM 13227, CFBP 11706, CCUG 51508, JCM 11938, CIP 107059, CFBP 5593",1,Pseudomonas brassicacearum,86264.4,obligate aerobe
,,,,,930166.118,
,,,,,GCA_008801605,
,,,,,GCA_012034345,
13087,97-391,"DSM 15294, CFML 93-391, CIP 106646, CCUG 51514, JCM 13307, CFML 97-391",1,Pseudomonas brenneri,129817.15,obligate aerobe
,,,,,129817.16,
,,,,,129817.19,
,,,,,2639762518,
,,,,,GCA_007858285,
,,,,,GCA_008386555,
,,,,,GCA_014646715,
,,,,,GCA_900105815,
13052,L01,"DSM 16822, CFBP 2341, CIP 106140, ICMP 2823, LMG 5096, NCPPB 1437, CCUG 51523",1,Pseudomonas cannabina,2667527432,obligate aerobe
,,,,,2713896848,
,,,,,86840.3,
,,,,,86840.5,
,,,,,GCA_001400175,
,,,,,GCA_900100365,
13143,ENA-328,"DSM 21109, CFBP 3204, ICMP 2855, NCPPB 1873, CCUG 32775, ATCC 33615, LMG 2152, CIP 106736, NCPPB 1823, ICPB PC138",1,Pseudomonas caricapapayae,2713896847,obligate aerobe
,,,,,46678.3,
,,,,,GCA_001400735,
13119,,"DSM 17516, CIP 105541, CFML 96-198",1,Pseudomonas cedrina,2917190755,obligate aerobe
,,,,,76762.3,
,,,,,GCA_001983175,
13160,292,"DSM 50083, ATCC 9446, CCM 1975, ICPB 2392, IFO 3904, NBRC 3904, NCIB 9392, NRRL B-560, CCUG 552 B, LMG 6220, CCM 292, CIP 63.22, JCM 2778, AJ 2066, BCRC 11566, CCUG 552, CECT 4470, CFBP 2132, HAMBI 2011, IAM 12354, IAM 1511, ICMP 13613, LMG 5004, LMG 6457, NCCB 76041, NCIMB 9392, NCPPB 1798, NCTC 13002, VKM B-1246, VKM B-897, VTT E-95581, IMET 10404, NRRL: B-560",1,Pseudomonas chlororaphis,1215096.5,obligate aerobe
,,,,,2617270790,
,,,,,2713897223,
,,,,,2875542621,
,,,,,2917093585,
,,,,,333.1,
,,,,,333.12,
,,,,,333.4,
,,,,,333.6,
,,,,,587753.91,
13159,,"DSM 19603, ATCC 33663, CIP 106718, LMG 21630, NCIMB 10068",1,Pseudomonas chlororaphis subsp. aurantiaca,2636416019,obligate aerobe
,,,,,2908486269,
,,,,,587753.25,
,,,,,86192.21,
,,,,,GCA_003851835,
,,,,,GCA_900104985,
13158,"EIII.9.25.1, L8","CCUG 712, CIP 103295, NCTC 10686, LMG 1245, NRRL B-1576, IFO 3521, DSM 6698, ATCC 13985, NCIMB 9030, JCM 20509, CCEB 518, IAM 12353, NBRC 3521",1,Pseudomonas chlororaphis subsp. aureofaciens,1215095.3,obligate aerobe
,,,,,2578105.3,
,,,,,2636416064,
,,,,,2645727751,
,,,,,2713897221,
,,,,,2917825782,
,,,,,587753.24,
,,,,,587753.54,
,,,,,587851.14,
,,,,,587851.2,
13181,JF3835,"DSM 21509, NCIMB 14478, CIP 110232",1,Pseudomonas chlororaphis subsp. piscium,1513890.3,obligate aerobe
,,,,,1513890.7,
,,,,,2667528180,
,,,,,2917064153,
,,,,,2917178910,
,,,,,587753.26,
,,,,,GCA_001269555,
,,,,,GCA_003850345,
,,,,,GCA_028747385,
,,,,,GCA_900104995,
12817,PC 1,"DSM 50259, ATCC 10857, CCUG 32776, NCPPB 943, LMG 2162, ATCC 19303, ATCC 19474, CIP 106704, NRRL B-832, ICPB PC1",1,Pseudomonas cichorii,2667527209,obligate aerobe
,,,,,36746.17,
,,,,,36746.26,
,,,,,36746.3,
,,,,,GCA_015471425,
,,,,,GCA_018343775,
,,,,,GCA_900104015,
13144,PC1,"DSM 21306, ATCC 33616, CCM 2888, CCUG 18839, CIP 106723, ICMP 8561, LMG 2167, NCPPB 2982, JCM 13362, CIP 105155, LMG 21719",1,Xanthomonas cissicola,2791355361,obligate aerobe
,,,,,86186.3,
,,,,,86186.4,
,,,,,GCA_002019225,
,,,,,GCA_008801575,
12823,,"DSM 50332, ATCC 13674, CIP 104381, CCUG 17933, LMG 18378, NRRL B-2504, CFBP 5585, JCM 13426, BCRC 14345, IAM 15129, JCM 21587, KACC 10776, KCTC 12148, NBRC 103043, NCIMB 12783",1,Pseudomonas citronellolis,1215097.3,obligate aerobe
,,,,,2663762793,
,,,,,53408.24,
,,,,,53408.9,
,,,,,GCA_002091555,
,,,,,GCA_004745455,
,,,,,GCA_900112375,
13085,P538/23,"DSM 14939, LMG 21466, CCUG 51513, CFBP 7019, CIP 108180",1,Pseudomonas congelans,200452.18,obligate aerobe
,,,,,2663762773,
,,,,,GCA_900103225,
13044,939/1,"DSM 7228, ATCC 29736, NCPPB 2445, CIP 105514, CFBP 2431",1,Pseudomonas corrugata,2563366525,obligate aerobe
,,,,,2713897228,
,,,,,47879.35,
,,,,,47879.38,
,,,,,47879.43,
,,,,,GCA_001269905,
,,,,,GCA_001411965,
,,,,,GCA_003699065,
13109,KS 0031,"DSM 17059, AJ 2127, IFO 16634, JCM 11246, NRIC 0181, CCUG 53878, NBRC 16634, JCM 20204, BCRC 17510, CIP 107616, DSM 10759, IAM 1541, LMG 24039, LMG 27905",1,Pseudomonas cremoricolorata,1215098.3,obligate aerobe
,,,,,1292028.3,
,,,,,2523533534,
,,,,,2585427684,
,,,,,GCA_000425745,
13172,"1N, 1NT A.E. Escalante","DSM 23418, CIP 109853, LMG 24676, CCM 7899",1,Pseudomonas cuatrocienegasensis,2663763600,obligate aerobe
,,,,,543360.4,
,,,,,GCA_900110925,
13153,RLD-1,"DSM 18900, CCUG 55753, CCM 7361, MTCC 7601, CIP 109527",1,Pseudomonas delhiensis,2706795031,obligate aerobe
,,,,,366289.8,
,,,,,GCA_900099945,
,,,,,GCA_900187975,
13177,"14-3, BM, CT14-3, CT 14-3","DSM 17835, CIP 109839, CCM 7898",1,Pseudomonas extremaustralis,2667527225,obligate aerobe
,,,,,359110.16,
,,,,,359110.7,
,,,,,GCA_007858235,
,,,,,GCA_900102035,
13091,FEB RAS,"DSM 15824, KMM 3447, LMG 19695, CCUG 51517, CIP 107815",1,Pseudomonas extremorientalis,169669.1,obligate aerobe
,,,,,169669.5,
,,,,,2639762715,
,,,,,GCA_001870465,
,,,,,GCA_008801565,
,,,,,GCA_900104365,
13060,B62,"DSM 12071, NCPPB 3063, CCUG 49622, CIP 104204, ATCC 51555, LMG 18387, CFBP 5586, JCM 21586, IAM 15128, ICMP 13539, NBRC 103044",1,Pseudomonas flavescens,1215099.3,obligate aerobe
,,,,,2663762794,
,,,,,29435.6,
,,,,,GCA_002091575,
,,,,,GCA_900100535,
158761,GEV388,"LMG 30013, ATCC TSD-90, CIP 111601",1,Pseudomonas floridensis,2791355582,obligate aerobe
,,,,,GCA_002087235,
12851,,"DSM 50090, ATCC 13525, ICPB 3200, NCIB 9046, NCTC 10038, WDCM 00115, JCM 5963, BCRC 11028, CCEB 488, CCM 2115, CCUG 1253, CECT 378, CGMCC 1.1802, CIP 69.13, IAM 12022, IFO 14160, LMG 1794, NBRC 14160, NCDO 1524, NCIMB 9046, NCPPB 1964, NRRL B-14678, VKM B-894, IMET 10619",1,Pseudomonas fluorescens,1215100.3,obligate aerobe
,,,,,2617270901,
,,,,,2675903647,
,,,,,2875548937,
,,,,,2917106160,
,,,,,294.2,
,,,,,294.284,
,,,,,294.394,
,,,,,294.428,
,,,,,294.455,
134568,B10,"CIP 106483, ATCC 948, IFO 3903, CCEB 295, NCIMB 9493, CCUG 1254, ATCC 11251, JCM 13058, BCRC 10304, IAM 12001, JCM 20338, LMG 5822, NBRC 3903, NCPPB 1601, NRRL B-10, NRRL B-253, VKM B-1470",0,Pseudomonas fluorescens,294.167,obligate aerobe
,,,,,294.168,
,,,,,GCA_001414285,
,,,,,GCA_001414295,
13126,,"DSM 17717, IAM 1529, IFO 16637, JCM 11242, NRIC 0180, CCUG 50780, CIP 106765, CIP 106819, ATCC 31418, LMG 11722, NBRC 16637, JCM 20202, BCRC 11058, BCRC 17506, CCUG 106765, KACC 10774, KACC 10795, AJ 2219",1,Pseudomonas fulva,1215102.3,obligate aerobe
,,,,,1215102.4,
,,,,,2556921649,
,,,,,2585427679,
,,,,,GCA_000621265,
,,,,,GCA_000730565,
13110,,"CCUG 43164, DSM 17152, CCM 4986, CFML 95-251, CIP 105469",1,Pseudomonas gessardii,2917203564,obligate aerobe
,,,,,78544.11,
,,,,,78544.5,
,,,,,GCA_001983165,
,,,,,GCA_009671285,
13062,"P 294/08, P294/08","DSM 11363, CCUG 51504, CIP 105897, CCM 8843",1,Pseudomonas graminis,158627.14,obligate aerobe
,,,,,GCA_900111735,
13118,,"DSM 17515, CIP 106645, CCUG 52345, ATCC BAA-140, CCM 7501, CFML 97-514, KCTC 12213",1,Pseudomonas grimontii,129847.4,obligate aerobe
,,,,,2639762651,
,,,,,GCA_007858185,
,,,,,GCA_900101085,
164413,WCHPs060044,"JCM 32907, CCTCC AB 2018120, CNCTC 7663, GDMCC 1.1396",1,Pseudomonas huaxiensis,GCA_003231275,obligate aerobe
13071,,"DSM 14015, CIP 107714, MTCC 3713, CCUG 51511, IMT 37, JCM 21544, IAM 15083, NBRC 103045, TBRC 7233",1,Pseudomonas indica,1215103.3,obligate aerobe
,,,,,137658.3,
,,,,,2663762782,
,,,,,GCA_002091635,
,,,,,GCA_900100285,
13111,,"DSM 17150, CCM 4840, CFML 95-307, CIP 105274, CCUG 42059, ATCC 700870",1,Pseudomonas jessenii,2917837329,obligate aerobe
,,,,,77298.8,
,,,,,77298.9,
,,,,,GCA_002236115,
13100,,"CCUG 69580, DSM 16612, KACC 10760, LMG 21316, Pss 26, JCM 21621, IAM 15166, NBRC 103047, CIP 108617",1,Pseudomonas jinjuensis,1215105.3,obligate aerobe
,,,,,198616.7,
,,,,,2663762768,
,,,,,GCA_002091655,
,,,,,GCA_900103845,
13070,520-20,"DSM 13647, CFBP 5372, JCM 11939, CIP 107321",1,Pseudomonas kilonensis,132476.6,obligate aerobe
,,,,,2639762655,
,,,,,2713897225,
,,,,,GCA_001269885,
,,,,,GCA_900105635,
13155,B13,"DSM 6978, CCUG 54928, CIP 109584, DSM 624, LMG 23759",1,Pseudomonas knackmussii,1301098.3,obligate aerobe
,,,,,2579778852,
,,,,,GCA_000689415,
13097,Ps 9-14,"DSM 16610, KACC 10848, LMG 21318, CCUG 51519, JCM 14769, CIP 108616",1,Pseudomonas koreensis,198620.78,obligate aerobe
,,,,,198620.87,
,,,,,198620.93,
,,,,,2636416187,
,,,,,GCA_008801535,
,,,,,GCA_012986595,
,,,,,GCA_014646955,
,,,,,GCA_900101415,
13112,,"CCUG 43190, DSM 17149, CCM 4841, CFML 96-195, CIP 105460",1,Pseudomonas libanensis,2636416169,obligate aerobe
,,,,,2700989493,
,,,,,75588.4,
,,,,,GCA_001439685,
,,,,,GCA_900101035,
13106,"DLE411J, D-LE411J","CCUG 51522, DSM 16768, CCM 7692, CFBP 5737, ICMP 14138, CIP 107460",1,Pseudomonas lini,163011.24,obligate aerobe
,,,,,163011.3,
,,,,,2636416176,
,,,,,2663763025,
,,,,,GCA_001042905,
,,,,,GCA_008801525,
,,,,,GCA_900104735,
13017,"573, 138","DSM 6252, ATCC 49968, CCM 3503, CIP 103272, CCUG 18757",1,Pseudomonas lundensis,2663763376,obligate aerobe
,,,,,86185.4,
,,,,,GCA_001042985,
13092,"P 513/18, P513/18","DSM 15835, CIP 109623, LMG 21995",1,Pseudomonas lurida,244566.18,obligate aerobe
,,,,,2616644927,
,,,,,GCA_002563895,
13045,"4239, KS 0921","DSM 6975, ATCC 43273, IAM 1300, JCM 3352, CCUG 37974, LMG 7041, IAM 13000, CIP 102995, LMG 8814, NBRC 103146",1,Pseudomonas luteola,1215106.3,obligate aerobe
,,,,,2663762783,
,,,,,2806311027,
,,,,,GCA_002091675,
13134,,"DSM 17967, ATCC 700871, CCUG 42058, CIP 105273, CCM 4842, CFML 95-303, JCM 21619, IAM 15164, NBRC 103147",1,Pseudomonas mandelii,1215107.3,obligate aerobe
,,,,,2814123354,
,,,,,75612.18,
,,,,,GCA_002091695,
,,,,,GCA_007858265,
,,,,,GCA_900106065,
12863,CIBP,"DSM 13124, ATCC 10844, NCPPB 667, CCUG 51507, LMG 2215, CFBP 1387, CFBP 2037, CIP 106712, CCTM 1894, CECT 229, LMG 2210, LMG 6434 (t2), NCAIM B.01279, CCEB 764, PD 1557, PDDCC 3553",1,Pseudomonas marginalis,2639762561,obligate aerobe
,,,,,298.8,
,,,,,298.9,
,,,,,GCA_007858155,
,,,,,GCA_900105325,
13102,9.1,"DSM 16733, CCM 7691, CFBP 5447, ICMP 14184, CIP 107708",1,Pseudomonas mediterranea,1348058.4,obligate aerobe
,,,,,183795.36,
,,,,,2596583589,
,,,,,2627854246,
,,,,,2675902957,
,,,,,GCA_000774145,
,,,,,GCA_900106005,
12866,"CH50, CH 50","DSM 50017, ATCC 25411, CCUG 1781, CCUG 12440, JCM 5966, BCRC 10458, CCM 3590, CECT 320, CGMCC 1.1804, CIP 75.21, ICPB 3725, IFO 14162, LMG 1223, NBRC 14162, NCIMB 10541, NCTC 10897, VKM B-972, VTT E-99945, IMET 11176",1,Pseudomonas mendocina,1215108.3,obligate aerobe
,,,,,2627854063,
,,,,,300.59,
,,,,,GCA_000813265,
,,,,,GCA_900636545,
135691,CH 20,"CIP 75.19, ATCC 25412, LMG 5941, NCTC 10898, NCIMB 10542",0,Pseudomonas mendocina,300.56,obligate aerobe
,,,,,GCA_900455585,
13133,,"CCUG 43165, CCM 4843, DSM 17966, CIP 105470, CFML 95-321, JCM 21628, IAM 15173, NBRC 103157",1,Pseudomonas migulae,1215109.3,obligate aerobe
,,,,,GCA_002091715,
13138,IPA-2,"DSM 18327, CIP 109614, CCUG 53115",1,Pseudomonas mohnii,2667527224,obligate aerobe
,,,,,395600.4,
,,,,,GCA_900105115,
13074,"strain 1, 1","DSM 14164, ATCC 700476, CCUG 38736, CIP 104883, CCM 4844, JCM 21585, BCRC 17534, IAM 15127, LMG 21609, NBRC 103158, VTT E-052919",1,Pseudomonas monteilii,1215110.3,obligate aerobe
,,,,,1215110.4,
,,,,,2556921620,
,,,,,2585427680,
,,,,,GCA_000621245,
,,,,,GCA_000730605,
13157,"RW10, RW 10","DSM 12647, CCUG 53114, CIP 109622",1,Pseudomonas moorei,2639762638,obligate aerobe
,,,,,395599.12,
,,,,,395599.13,
,,,,,GCA_008801475,
,,,,,GCA_900102045,
13117,,"DSM 17497, ATCC BAA-99, CIP 105259, CFML 90-83, ATCC BAA99",1,Pseudomonas mosselii,1403339.3,obligate aerobe
,,,,,2556921653,
,,,,,78327.27,
,,,,,78327.28,
,,,,,78327.3,
,,,,,78327.32,
,,,,,GCA_000621225,
,,,,,GCA_019823065,
13145,37,"DSM 19186, CIP 103298, CCUG 1424, ATCC 4685, NCTC 8068, JCM 2781, CGMCC 1.1795, IAM 12406, IAM 15111, LMG 2223, NBRC 103159, NCIMB 9394, NRRL B-16",1,Pseudomonas mucidolens,1215111.3,obligate aerobe
,,,,,2667527233,
,,,,,2808606649,
,,,,,46679.3,
,,,,,46679.5,
,,,,,GCA_002091735,
,,,,,GCA_900106045,
,,,,,GCA_900475945,
,,,,,GCA_900625055,
13080,"KS 0050, P-6","DSM 14399, ATCC 33634, IAM 1439, JCM 2782, CCUG 12538, IFO 12694, AJ 2282, CGMCC 1.1796, CIP 106747, LMG 21614, MTCC 7932, NBRC 12694",1,Pseudomonas nitroreducens,1215112.3,obligate aerobe
,,,,,2671180175,
,,,,,46680.17,
,,,,,46680.53,
,,,,,GCA_002091755,
,,,,,GCA_012986245,
,,,,,GCA_900188285,
13079,,"DSM 9128, ATCC 27162, CCUG 54930, CIP 109591",0,Pseudomonas nitroreducens,46680.43,obligate aerobe
,,,,,GCA_005796065,
12867,,"CCUG 2087, IFO 13583, DSM 1045, ATCC 8062, NCIB 6576, NCIMB 6576, NCTC 10692, NBRC 13583, JCM 11598, CECT 4079, CFBP 5589, CIP 59.11, IAM 1508, IMI 349020, KCTC 2872, LMG 2229, NCCB 60081, NRRL B-778, VKM B-1522",1,Pseudomonas oleovorans,1218072.3,obligate aerobe
,,,,,1218129.3,
,,,,,2671180034,
,,,,,2811995170,
,,,,,301.2,
,,,,,301.22,
,,,,,GCA_002091815,
,,,,,GCA_002197815,
,,,,,GCA_900455615,
12869,"X-59, X 59, 63","DSM 50188, ATCC 17440, ICPB 2750-63, IMET 11177, JCM 5968, NCIB 9946, NCTC 10860, BCRC 11902, CCM 3467, CCUG 51525, CCUG 726, CECT 318, CFBP 2435, CGMCC 1.1806, CIP 66.14, ICPB 3982, IFO 14167, LMG 1225, NBRC 14167, NCAIM B.01176, NCCB 76045, NCIMB 9946, NCPPB 1971, VKM B-1300, VTT E-012029",0,Pseudomonas oleovorans,1215116.3,obligate aerobe
,,,,,2758568623,
,,,,,2917173859,
,,,,,330.6,
,,,,,GCA_002091775,
,,,,,GCA_900455635,
13116,,"DSM 17489, CIP 105540, CFML 96-170",1,Pseudomonas orientalis,2663762900,obligate aerobe
,,,,,76758.3,
,,,,,GCA_001439815,
13048,"KS0036, L-1, KS 0036","DSM 6835, ATCC 43272, IAM 1568, JCM 2952, CCUG 12540, LMG 7040, CIP 102996, CCM 8845, AJ 2197, CGMCC 1.3392, NBRC 102199, NCIMB 12521",1,Pseudomonas oryzihabitans,1215113.3,obligate aerobe
,,,,,2585427682,
,,,,,47885.22,
,,,,,47885.39,
,,,,,GCA_000730625,
,,,,,GCA_012986195,
13113,,"DSM 17224, ATCC BAA-1130, CIP 109236, MCC 10330, CCUG 55592",1,Pseudomonas otitidis,319939.11,obligate aerobe
,,,,,GCA_900111835,
13125,,"KMM 330, CIP 108699, DSM 17577, CCUG 46540, JCM 12285, NRIC 0583, CGMCC 1.7687",1,Halopseudomonas pachastrellae,254161.4,obligate aerobe
,,,,,254161.7,
,,,,,GCA_001989375,
,,,,,GCA_900114765,
13107,PRM16,"DSM 16825, CFBP 4389, ICMP 14253, NCPPB 4278, CCUG 51524, LMG 23076, CIP 107804",1,Pseudomonas palleroniana,191390.6,obligate aerobe
,,,,,191390.9,
,,,,,2639762588,
,,,,,2917142836,
,,,,,GCA_003031675,
,,,,,GCA_008801495,
,,,,,GCA_900105975,
13140,,"DSM 18529, CIP 108524, IMSNU 14100, KCTC 12330, CG 20106, IMSNU 14101",1,Pseudomonas marginalis,307251.4,obligate aerobe
,,,,,GCA_007858175,
12760,"PA7, R. Hugh 813","DSM 1128, ATCC 9027, CIP 82.118, DSM 1385, WDCM 00026, CCUG 22801, CCM 1961, IAM 10374, IFO 13275, JCM 23217, BUCSAV 278, IAM 13074, JCM 14171, NBRC 13275, NCIMB 8626, NRRL B-800, CIP 72.26, IMET 10905, NCTC 12924, CECT 111, LMG 8029, CMCC (B) 10104",0,Pseudomonas paraeruginosa,2645727823,obligate aerobe
,,,,,2675903282,
,,,,,287.1867,
,,,,,287.1942,
,,,,,287.1969,
,,,,,287.456,
,,,,,287.4563,
,,,,,GCA_001294675,
,,,,,GCA_001374975,
,,,,,GCA_001402955,
13108,CB-1,"DSM 17004, AJ 2129, IFO 16636, JCM 11244, NRIC 0501, BCRC 17511, CIP 107617, NBRC 16636",1,Pseudomonas parafulva,1215114.3,obligate aerobe
,,,,,1292029.3,
,,,,,2523533547,
,,,,,2585427683,
,,,,,GCA_000425765,
,,,,,GCA_000730645,
13130,R-20805,"DSM 17833, CCM 7693, LMG 23201, CCUG 53775, CIP 109374",1,Pseudomonas peli,2671180067,obligate aerobe
,,,,,592361.12,
,,,,,592361.3,
,,,,,GCA_012986145,
,,,,,GCA_900099645,
13137,2205,"DSM 18268, ATCC 190, CCUG 7832, CIP 106696, IFO 14163, JCM 11590, LMG 1874, NBRC 14163",1,Halopseudomonas pertucinogena,2571042921,obligate aerobe
,,,,,86175.3,
,,,,,GCA_014646575,
13086,,"CCUG 49623, CIP 106493, DSM 15088, ATCC 700383, FPC 951, JCM 13297, BCRC 17517, IAM 15126, JCM 21584, LMG 21750, LMG 23766, NBRC 103162, NCIMB 13649, VTT E-072699",1,Pseudomonas plecoglossicida,1215115.3,obligate aerobe
,,,,,1215115.4,
,,,,,2556921648,
,,,,,2585427685,
,,,,,GCA_000688275,
,,,,,GCA_000730665,
13083,P527/13,"DSM 14936, LMG 21465, CCUG 51512, CCM 7506, CIP 108181",1,Pseudomonas poae,200451.7,obligate aerobe
,,,,,200451.9,
,,,,,2639762637,
,,,,,2667527928,
,,,,,2917137258,
,,,,,GCA_001439785,
,,,,,GCA_001730605,
,,,,,GCA_900103965,
158812,M5,"CCTCC AB 2017186, KCTC 62119, CICC 24308",1,Pseudomonas profundi,GCA_008638305,obligate aerobe
13095,,"DSM 15321, CCM 7690, CCUG 51515, CMS 64, CIP 108464, MTCC 4994",1,Pseudomonas proteolytica,219574.6,obligate aerobe
,,,,,GCA_007858275,
13120,E-3,"DSM 17535, JCM 10889, CCUG 53877, CIP 107901",1,Pseudomonas psychrophila,122355.16,obligate aerobe
,,,,,122355.7,
,,,,,2667527575,
,,,,,GCA_001043005,
,,,,,GCA_008801485,
13105,C36,"DSM 15758, LMG 21977, CCUG 51516, CIP 108579",1,Pseudomonas psychrotolerans,237610.16,obligate aerobe
,,,,,237610.32,
,,,,,2663763601,
,,,,,GCA_012985915,
,,,,,GCA_900102665,
24438,LMT03,"DSM 27507, CECT 8089, LMG 26839, CIP 110366",1,Pseudomonas punonensis,1220495.4,obligate aerobe
,,,,,2671180065,
,,,,,GCA_900142655,
12871,"90, A 3.12","DSM 291, ATCC 12633, DSM 50202, ICPB 2963, NCTC 10936, WDCM 00117, JCM 13063, ATCC 23467, BCRC 10459, CCM 7156, CCUG 12690, CCUG 2091, CECT 324, CFBP 2066, CIP 52.191, DSM 50906, HAMBI 7, HUT 8100, IAM 1236, ICMP 2758, IFO 14164, JCM 3697, KCTC 1644, KCTC 1751, LMG 2257, NBRC 14164, NCCB 68020, NCCB 72006, NCIMB 13936, NCIMB 9494, NCIMB 9528, VKM B-1301, VKM B-2187, VTT E-92005",1,Pseudomonas putida,1211579.3,obligate aerobe
,,,,,2554235365,
,,,,,303.534,
,,,,,303.707,
,,,,,GCA_000412675,
,,,,,GCA_024508115,
,,,,,GCA_900455645,
134979,,"CIP 55.5, ATCC 795, IAM 1505, NCDO 754, NCIMB 8176, CCUG 2082, IFO 3773, NRRL B-252, NRRL B-21, JCM 20187",0,Pseudomonas putida,GCA_005930545,obligate aerobe
13139,MT1,"DSM 18361, CCM 7743, CCUG 53116, CIP 109621",1,Pseudomonas reinekei,2582581646,obligate aerobe
,,,,,2639762506,
,,,,,395598.13,
,,,,,GCA_001945365,
,,,,,GCA_008801455,
,,,,,GCA_900104125,
13147,,"DSM 21078, ATCC 14235, CCUG 4439, CIP 61.9, LMG 2274, NCIMB 9280",1,Pseudomonas resinovorans,1123020.3,obligate aerobe
,,,,,2524614671,
,,,,,GCA_000423545,
13096,IH5,"CCUG 51518, CIP 108243, DSM 16299, CECT 5726, LMG 21640",1,Pseudomonas rhizosphaerae,216142.3,obligate aerobe
,,,,,GCA_000761155,
13072,,"CCUG 38732, LMG 17764, CCM 4734, JCM 11940, DSM 14020, CIP 104664, NCIMB 13509, CFML 92-111",1,Pseudomonas rhodesiae,2639763190,obligate aerobe
,,,,,76760.14,
,,,,,GCA_007858255,
,,,,,GCA_024169765,
,,,,,GCA_900105575,
158046,584-1,"DSM 107228, LMG 22120, CFBP 2022, ICMP 14252, NCPPB 4277, CIP 107802",1,Pseudomonas salomonii,191391.5,obligate aerobe
,,,,,191391.7,
,,,,,2663763605,
,,,,,GCA_001730645,
,,,,,GCA_900107155,
13187,"102 G, 102G","DSM 9751, CIP 109856",1,Pseudomonas saponiphila,2667528183,obligate aerobe
,,,,,556534.4,
,,,,,GCA_900105185,
12927,,"DSM 19341, ATCC 13522, CFBP 1670, ICMP 4352, LMG 2209, NCPPB 639, CIP 103721, PD 118",1,Pseudomonas savastanoi,2713896865,obligate aerobe
,,,,,360920.13,
,,,,,GCA_001401285,
13151,"FR1439, FR 1439","DSM 18913, CIP 108523, IMSNU 14101, KCTC 12331, CCUG 54777, IMSNU 14100",1,Pseudomonas segetis,2671180091,obligate aerobe
,,,,,298908.3,
,,,,,GCA_900188155,
13152,OLi,"DSM 18861, CCUG 50988, CECT 7078, CIP 109526",1,Pseudomonas simiae,2663762772,obligate aerobe
,,,,,2917126018,
,,,,,321846.11,
,,,,,321846.2,
,,,,,GCA_001730615,
,,,,,GCA_900111895,
13128,CB-7,"DSM 17727, IAM 1598, JCM 2783, NRIC 0164, CCUG 12539, ATCC 33636, CIP 106745, CCM 7503, AJ 2124, CGMCC 1.1797, IFO 16665, LMG 21615, NBRC 16665",1,Pseudomonas straminea,2663762767,obligate aerobe
,,,,,47882.3,
,,,,,GCA_900112645,
12996,"221, AB 201","DSM 5190, ATCC 17588, NCIB 11358, NCPPB 1973, CCUG 11256, LMG 2333, CCM 4557, JCM 5965, CECT 930, CGMCC 1.1803, CIP 103022, IAM 12668, IFO 14165, LMG 11199, NBRC 14165, NCIMB 11358, NCTC 12262, VKM B-975",1,Stutzerimonas stutzeri,2582581522,obligate aerobe
,,,,,316.571,
,,,,,316.572,
,,,,,316.576,
,,,,,650716077,
,,,,,96563.16,
,,,,,96563.4,
,,,,,GCA_000219605,
,,,,,GCA_004359495,
12997,DNSP21,"DSM 6082, LMG 18520, CIP 107691, CCUG 44594",0,Stutzerimonas frequens,316.37,obligate aerobe
,,,,,316.577,
,,,,,GCA_002890935,
12998,19SMN4,"DSM 6084, LMG 18521, CIP 107690, CCUG 44593",0,Stutzerimonas decontaminans,2574179801,obligate aerobe
,,,,,316.356,
,,,,,316.97,
,,,,,GCA_000661915,
12999,KC,"DSM 7136, CIP 107462, ATCC 55595",0,Stutzerimonas stutzeri,316.364,obligate aerobe
,,,,,GCA_002890795,
13003,AW-1,"DSM 13592, KCTC 12116, CCUG 51509, ATCC BAA-443, JCM 21638, IAM 15183, NBRC 102227, CIP 107870",0,Stutzerimonas stutzeri,GCA_000495915,obligate aerobe
13013,MD 41.1,"CCUG 711, NRRL B-927, NCTC 10475, LMG 1228, CIP 59.54, DSM 50227, ATCC 11607, ICPB 2445, NCIB 9721, CIP 63.21, NRRL: B-927, LMG 2334, NCIMB 9721, CCEB 522",0,Stutzerimonas stutzeri,316.357,obligate aerobe
,,,,,316.45,
,,,,,316.579,
,,,,,GCA_002843895,
,,,,,GCA_024397485,
,,,,,GCA_900638035,
13014,419,"DSM 50238, ATCC 17832, ICPB 2737-419, CCUG 44596 A, LMG 14935, CIP 107692, CCUG 44596",0,Stutzerimonas degradans,316.373,obligate aerobe
,,,,,316.578,
,,,,,GCA_002891015,
,,,,,GCA_024448505,
134668,,"CIP 107697, CCUG 29243",0,Stutzerimonas stutzeri,2518645567,obligate aerobe
,,,,,GCA_000267545,
134669,ST27MN3,"CIP 107698, CCUG 29246",0,Stutzerimonas stutzeri,316.371,obligate aerobe
136683,,"CIP 107689, CCUG 44592, ATCC 17591",0,Stutzerimonas stutzeri,316.365,obligate aerobe
,,,,,GCA_002890835,
,,,,,GCA_024448595,
137565,632,"CIP 107696, CCUG 16156, ATCC 14405, LMG 2243, NCIMB 568, JCM 20778, IAM 12931",0,Stutzerimonas stutzeri,2529293194,obligate aerobe
,,,,,316.569,
,,,,,32042.3,
,,,,,GCA_000237885,
,,,,,GCA_015291885,
13065,,"DSM 18928, ATCC 9890, CIP 59.22, LMG 2335, NCDO 757, NCIMB 8178, NCTC 10969, CCUG 50208, NCTC 10696, LMG 2190, NRRL B-780, JCM 11599, CCEB 293, IAM 12356, IFO 3913, NBRC 3913",1,Pseudomonas synxantha,1215118.3,obligate aerobe
,,,,,2660238513,
,,,,,2667527385,
,,,,,47883.23,
,,,,,47883.4,
,,,,,47883.6,
,,,,,GCA_001439725,
,,,,,GCA_002091795,
,,,,,GCA_900105675,
,,,,,GCA_901482615,
13024,,"DSM 10604, ATCC 19310, ICMP 3023, ICPB PS255, NCPPB 281, CIP 106698, CCUG 14279, LMG 1247, DSM 6693, CRBIP25.27, CCEB 760, PDDCC 3023",1,Pseudomonas syringae,1449349.3,obligate aerobe
,,,,,2579778699,
,,,,,2713896866,
,,,,,321.65,
,,,,,GCA_000597765,
,,,,,GCA_001401075,
13148,,"DSM 21104, ATCC 4683, CCM 1982, CIP 103299, JCM 20238, NCTC 10697, NRRL B-14, CCUG 560, LMG 2336, ATCC 17466, BCRC 11013, CCEB 381, CFBP 5592, IAM 1653, IFO 3460, KCTC 12501, NBRC 3460, NCIMB 9396, NCTC 8067, NRRL B-731, OUT 8256, VKM B-904",1,Pseudomonas taetrolens,2639762632,obligate aerobe
,,,,,2657245623,
,,,,,2808606717,
,,,,,47884.3,
,,,,,47884.6,
,,,,,47884.7,
,,,,,GCA_001042915,
,,,,,GCA_900104825,
,,,,,GCA_900475285,
,,,,,GCA_900637735,
13075,CM3,"CCUG 54623, DSM 14292, KCTC 12117, LMG 21284, CIP 107795",1,Pseudomonas thermotolerans,1123021.3,obligate aerobe
,,,,,2521172647,
,,,,,GCA_000364625,
13066,,"CCUG 54622, DSM 13194, CFBP 11261, JCM 11941, LMG 21626, CIP 109843, CFBP 5754",1,Pseudomonas thivervalensis,2639762509,obligate aerobe
,,,,,2675903515,
,,,,,2744054620,
,,,,,86265.3,
,,,,,86265.5,
,,,,,GCA_001269655,
,,,,,GCA_001637285,
,,,,,GCA_900102295,
13053,B26,"CCUG 23369, CCUG 32782, DSM 19342, ATCC 33618, CFBP 2068, ICMP 2290, LMG 2342, NCPPB 2192, JCM 21583, BCRC 13200, CECT 4472, CIP 106735, IAM 15125, ICMP 12833, ICMP 12843, NBRC 103163, ICMP 12883, PDDCC 2290",1,Pseudomonas tolaasii,2563366740,obligate aerobe
,,,,,2616644975,
,,,,,29442.13,
,,,,,564423.7,
,,,,,564423.8,
,,,,,GCA_002813445,
,,,,,GCA_008801395,
,,,,,GCA_900625075,
13084,P513/19,"CCUG 54627, CCM 7505, DSM 14937, LMG 21464, CIP 108182",1,Pseudomonas trivialis,200450.4,obligate aerobe
,,,,,200450.7,
,,,,,2639762577,
,,,,,2700989494,
,,,,,2917131931,
,,,,,GCA_001439805,
,,,,,GCA_001730655,
,,,,,GCA_900104885,
13099,Ps 3-10,"DSM 16611, KACC 10847, LMG 21317, CCUG 54631, JCM 16394, BCRC 17504, CIP 108618",1,Pseudomonas umsongensis,198618.6,obligate aerobe
,,,,,198618.7,
,,,,,2639762618,
,,,,,2917099900,
,,,,,GCA_002236105,
,,,,,GCA_900105285,
13123,DhA-51,"CCUG 49675, DSM 17555, ATCC 700688, CIP 106707",1,Pseudomonas vancouverensis,95300.16,obligate aerobe
,,,,,GCA_004348895,
,,,,,GCA_008801375,
13055,92-134,"DSM 11331, CIP 104663, CCUG 43519, LMG 17761, ATCC 700474, ATCC 700272, CFML 92-134, JCM 11942, CCM 7013, CFBP 4304, VTT E-052828",1,Pseudomonas veronii,2642422516,obligate aerobe
,,,,,2700989495,
,,,,,76761.12,
,,,,,GCA_001439695,
,,,,,GCA_900104875,
13016,PV6,"DSM 11124, ATCC 13223, DSM 6694, NCPPB 635, CIP 106699, CCUG 23371, LMG 2352, NRRL B895",1,Pseudomonas viridiflava,2639762757,obligate aerobe
,,,,,33069.8,
,,,,,GCA_001305955,
13150,2B2,"DSM 16006, CCM 7279, CIP 109460",1,Pseudomonas vranovensis,1292031.3,obligate aerobe
,,,,,2523533545,
,,,,,GCA_000425805,
13135,,"NRIC 0617, DSM 18231, CCUG 46543, JCM 12468, KMM 1447, LMG 23572, CIP 109222",1,Stutzerimonas xanthomarina,1403346.6,obligate aerobe
,,,,,2675902960,
,,,,,2687453778,
,,,,,271420.6,
,,,,,GCA_024328335,
,,,,,GCA_900108535,
,,,,,GCA_900129835,
13393,"H9, CMGCC 4.1877","DSM 44958, CGMCC 4.1877, JCM 12462, CIP 109186, CGMCC 4.11877",1,Pseudonocardia ammonioxydans,260086.4,obligate aerobe
,,,,,2671180038,
,,,,,GCA_900115005,
13388,"DVS-5a1, MTCC-4297","DSM 44749, MTCC 4297, JCM 12172, CIP 108584, DVS 5a1",1,Pseudonocardia antarctica,237656.4,obligate aerobe
,,,,,2852158739,
,,,,,GCA_013408715,
13369,580,"DSM 44247, IFO 16224, NBRC 16224, JCM 10410, CGMCC 4.1535, CIP 105685, IMSNU 22142, NCIMB 13544",1,Pseudonocardia asaccharolytica,1123024.3,obligate aerobe
,,,,,1123024.5,
,,,,,2522572182,
,,,,,GCA_000423625,
,,,,,GCA_007989065,
13324,"394, Kodai","DSM 535, ATCC 19727, CBS 466.68, DSM 40011, DSM 43210, IFO 12743, ISP 5011, KCC S-0348, NBRC 12743, RIA 1008, JCM 4348, BCRC 12444, CCM 2750, CECT 3301, CGMCC 4.1211, CGMCC 4.1297, CIP 107114, IMET 7646, IMSNU 11005, IMSNU 20050, KCTC 1816, KCTC 9564, KCTC 9574, NCIMB 9810, NRRL B-11275, VKM Ac-941",1,Pseudonocardia autotrophica,2074.11,obligate aerobe
,,,,,2074.12,
,,,,,2074.6,
,,,,,2756170255,
,,,,,2856823606,
,,,,,2856837300,
,,,,,GCA_002119215,
,,,,,GCA_003945385,
,,,,,GCA_004361965,
13356,78,"DSM 43193, ATCC 15777, DSM 655, IFO 14406, IMET 7162, JCM 3378, JCM 3394, NBRC 14406, NCIB 9438, BCRC 13694, CGMCC 4.1532, CIP 104515, IFM 0243, IMSNU 22072, KCTC 1060, MTCC 273, NCIMB 9438, NRRL B-16301, NRRL B-3075, VKM Ac-865",1,Pseudonocardia petroleophila,2761535.3,obligate aerobe
,,,,,GCA_014235185,
13391,LM 141,"DSM 44797, IMSNU 50581, JCM 11935, KCTC 9991, NRRL B-24156, BCRC 16382, CIP 108013",1,Pseudonocardia spinosispora,1123025.3,obligate aerobe
,,,,,2524614769,
,,,,,GCA_000429025,
13370,592,"DSM 44248, IFO 16205, NBRC 16205, JCM 10411, CGMCC 4.1533, CIP 105686, IMSNU 22143, NCIMB 13545, VTT E-073032",1,Pseudonocardia sulfidoxydans,1223511.3,obligate aerobe
,,,,,GCA_007989085,
13395,K1,"DSM 44239, CIP 109050, CCUG 52126, JCM 14745",1,Pseudonocardia tetrahydrofuranoxydans,1303679.3,obligate aerobe
,,,,,2734481945,
,,,,,GCA_001313405,
13688,SS011B1-20,"DSM 18065, CGMCC 1.6293, LMG 23508, CIP 109530",1,Pseudooceanicola nanhaiensis,1122614.3,obligate aerobe
,,,,,2558309102,
,,,,,375761.4,
,,,,,GCA_000688295,
,,,,,GCA_014645095,
14095,113,"DSM 12145, CCUG 39354, CIP 105500, JCM 21818, LMG 10337, MCCC 1A06472, NBRC 100064, ATCC 51119, IAM 15374, LMG 9526, NCIMB 13643",1,Pseudopedobacter saltans,649633082,obligate aerobe
,,,,,762903.4,
,,,,,GCA_000190735,
17442,"CC 4, CC-CC4, CC-4","DSM 19599, CIP 109513, CCUG 54547",1,Pseudoxanthobacter soli,1123029.1,obligate aerobe
,,,,,1123029.3,
,,,,,2585428043,
,,,,,GCA_900148505,
,,,,,GCA_945898215,
17502,"B 1616/1, B1616/1","DSM 12573, ATCC BAA-10, CCUG 46890, CIP 107227, CCM 7337, NBRC 101013",1,Pseudoxanthomonas broegbernensis,2861528275,obligate aerobe
,,,,,83619.3,
,,,,,83619.4,
,,,,,GCA_010093165,
,,,,,GCA_014202435,
17508,"TR6-08, 49.101","CCUG 55487, CIP 108710, DSM 17801, IAM 15115, KCTC 12207, JCM 21575, NBRC 101159",1,Pseudoxanthomonas daejeonensis,266062.3,obligate aerobe
,,,,,GCA_010093205,
17511,DS-16,"DSM 21858, CIP 108839, KCTC 12543, CCUG 53910",1,Pseudoxanthomonas dokdonensis,2713896758,obligate aerobe
,,,,,344882.3,
,,,,,GCA_001431405,
17505,3-Dec,"DSM 17109, CCUG 48231, CIP 107388, JCM 11525, AJ 13070",1,Pseudoxanthomonas japonensis,69284.4,obligate aerobe
,,,,,GCA_010093445,
17509,JA40,"DSM 18571, ATCC BAA-1031, CIP 108476, CCUG 55486",1,Pseudoxanthomonas kalamensis,1123030.3,obligate aerobe
,,,,,2571042364,
,,,,,GCA_010211745,
17504,AMX26B,"DSM 17121, CCUG 49454, CIP 106674, JCM 11524, ATCC 700993, AMX 26B",1,Pseudoxanthomonas mexicana,128785.15,obligate aerobe
,,,,,GCA_010093385,
17512,,"CIP 109720, DSM 18855, CCUG 53828, IMMIB AFH-5",1,Pseudoxanthomonas spadix,415229.5,obligate aerobe
,,,,,GCA_003703395,
17506,4M1,"DSM 17175, CIP 109444, KACC 11320",1,Pseudoxanthomonas suwonensis,314722.1,obligate aerobe
,,,,,GCA_010093235,
17510,CB-226,"DSM 22914, ATCC BAA-404, BCRC 17172, CCUG 48041, CIP 108059, CCRC 17172",1,Pseudoxanthomonas taiwanensis,176598.4,obligate aerobe
,,,,,2574179701,
,,,,,GCA_010093135,
17513,GR12-1,"DSM 18204, CIP 109605, KACC 11580",1,Pseudoxanthomonas yeongjuensis,377616.3,obligate aerobe
,,,,,GCA_010093345,
1566,"68E3, 68000","DSM 11713, ATCC BAA-796, CIP 107791, NCIMB 13837",1,Psychrobacillus psychrodurans,126157.3,obligate aerobe
,,,,,2675903167,
,,,,,GCA_027563345,
,,,,,GCA_900114885,
1568,3H1,"DSM 11706, CIP 107792, NCIMB 13838",1,Psychrobacillus psychrotolerans,126156.3,obligate aerobe
,,,,,2687453787,
,,,,,GCA_900115805,
8196,SW-210,"DSM 16329, KCTC 12254, CIP 108795",1,Psychrobacter aquimaris,292733.5,obligate aerobe
,,,,,GCA_016107525,
8203,273-4,"DSM 17307, CIP 109905, VKM B-2377",1,Psychrobacter arcticus,259536.19,obligate aerobe
,,,,,637000226,
,,,,,GCA_000012305,
8207,"SW-238, JG-238","DSM 23510, JCM 12601, KCTC 12313, CIP 109014",1,Psychrobacter celer,306572.5,obligate aerobe
,,,,,GCA_016107555,
8194,JG-219,"DSM 16327, KCTC 12256, CIP 108733",1,Psychrobacter cibarius,282669.8,obligate aerobe
,,,,,GCA_016107535,
8184,Iso-46,"DSM 14664, CIP 107288, CCUG 48039",1,Psychrobacter faecalis,180588.4,obligate aerobe
,,,,,GCA_016107575,
8180,,"DSM 12411, ACAM 304, ATCC 700361, CCUG 34377, CIP 10501, CIP 105101",1,Psychrobacter frigidicola,45611.3,obligate aerobe
,,,,,45611.4,
,,,,,GCA_007997305,
,,,,,GCA_904845925,
8179,,"CCUG 34874, DSM 12194, ACAM 483, CIP 105313",1,Psychrobacter glacincola,56810.15,obligate aerobe
,,,,,GCA_904846215,
8176,"14, Lautrop A351, MJT/F5/153, A 351","DSM 7229, ATCC 43116, CCUG 9708, LMG 7091, LMG 7203, NCIB 12350, CCM 4776, JCM 20442, CIP 102557, IAM 12280, IFO 15733, NBRC 15733, NCIMB 12350",1,Psychrobacter immobilis,2756170258,obligate aerobe
,,,,,498.5,
,,,,,GCA_003148585,
8208,L-1110,"DSM 21542, CCUG 56590, IMMIB L-1110, CIP 110018",1,Psychrobacter lutiphocae,1123033.3,obligate aerobe
,,,,,2521172648,
,,,,,GCA_000382145,
8201,SW-242,"DSM 16330, KCTC 12255, CIP 108796",1,Psychrobacter namhaensis,292734.5,obligate aerobe
,,,,,GCA_016107545,
8178,McLean B-57,"DSM 14009, ACAM 534, ATCC 15174, CCM 900, CCUG 4982, NCIB 11372, DSM 20429, CIP 105100, NCIMB 11372",1,Psychrobacter urativorans,45610.23,obligate aerobe
,,,,,GCA_904846695,
362,BN9,"DSM 10065, CCUG 51657, NCIMB 14020, CIP 108767",1,Pusillimonas noertemannii,2756170261,obligate aerobe
,,,,,305977.3,
,,,,,305977.4,
,,,,,305977.8,
,,,,,GCA_003096595,
,,,,,GCA_003545825,
,,,,,GCA_013416295,
5385,SW-46,"DSM 16421, JCM 11808, KCCM 41642, CIP 108097",1,Qipengyuania flava,192812.28,obligate aerobe
,,,,,2828320713,
,,,,,GCA_011762005,
5386,"O22-2-10, 022-2-10","DSM 17792, CIP 108956, KMM 3465",1,Qipengyuania vulgaris,291985.1,obligate aerobe
,,,,,GCA_009827325,
2089,,"DSM 17714, CCM 7174, CCUG 46789, CIP 108091, LMG 21421",1,Ralstonia insidiosa,190721.3,obligate aerobe
,,,,,GCA_008801405,
135388,,"CIP 104062, ATCC 49129",0,Ralstonia insidiosa,190721.12,obligate aerobe
,,,,,190721.13,
,,,,,190721.7,
,,,,,2721755751,
,,,,,GCA_001663855,
2088,,"DSM 17512, LMG 6866, JCM 11284, ATCC BAA-716, CCUG 38408, CCUG 45027, CIP 107281, NCIMB 10805",1,Ralstonia mannitolilytica,105219.54,obligate aerobe
,,,,,GCA_905397375,
2085,"K-288, K 288","DSM 6297, ATCC 27511, CIP 73.23, JCM 5969, NCTC 11149, CCUG 3318, LMG 5942, BCRC 14820, CECT 330, CGMCC 1.1807, IAM 13530, ICPB 3981, NBRC 102503, NCIMB 13142, VTT E-981068",1,Ralstonia pickettii,1218114.3,obligate aerobe
,,,,,2731957562,
,,,,,2859196362,
,,,,,329.112,
,,,,,329.18,
,,,,,329.187,
,,,,,329.188,
,,,,,329.189,
,,,,,329.39,
,,,,,GCA_000743455,
7486,,"DSM 15933, UCM Ac-618, VKM Ac-1799, CIP 108056, JCM 13576",1,Rathayibacter caricis,1328867.3,obligate aerobe
,,,,,2791355017,
,,,,,GCA_003044275,
7487,,"DSM 15932, UCM Ac-619, VKM Ac-1390, CIP 108055, JCM 13577",1,Rathayibacter festucae,GCA_004011135,obligate aerobe
7484,"66-807, NCCPB 2253","DSM 7484, ICMP 3496, NCPPB 2253, VKM Ac-1602, CCUG 23897, LMG 3677, JCM 9308, CECT 4208, CFBP 807, CIP 104037, ICPB CI148, PDDCC 3496",1,Rathayibacter iranicus,1328868.4,obligate aerobe
,,,,,2846098012,
,,,,,59737.5,
,,,,,GCA_002933035,
,,,,,GCA_003149025,
,,,,,GCA_004011115,
,,,,,GCA_009806955,
7485,CT102,"CCUG 23914, LMG 3728, CIP 104038, DSM 7486, ATCC 11403, ICMP 2626, NCPPB 1857, VKM Ac-1603, JCM 9309, CFBP 1385, ICPB CT102, PDDCC 2626",1,Rathayibacter tritici,2868629091,obligate aerobe
,,,,,33888.11,
,,,,,GCA_002932875,
7774,Lea-1-74,"DSM 20767, ATCC 33209, JCM 11484, CIP 103036, IFO 15589, IMSNU 21308, LMG 10846, NBRC 15589, NCIMB 2235",1,Renibacterium salmoninarum,288705.4,obligate aerobe
,,,,,641228502,
,,,,,GCA_000018885,
140732,Seoho-37,"KCTC 52223, JCM 31892",1,Reyranella aquatilis,GCA_020880995,obligate aerobe
2457,,"DSM 17616, CCUG 46544, IAM 15043, JCM 12090, KMM 1406, NBRC 103167, NRIC 0539, CIP 108198, CGMCC 1.7099",1,Rheinheimera pacifica,173990.3,obligate aerobe
,,,,,2599185208,
,,,,,GCA_900108485,
158757,KH87,"ATCC BAA-2715, CIP 111115, DSM 100018",1,Rheinheimera salexigens,GCA_001752395,obligate aerobe
136344,,"CIP 104786, ATCC 15834, JCM 20920, BCRC 15010, BCRC 15762, CCM 4999, CECT 477, IAM 13571, ICMP 8640, LMG 152, NCAIM B.01337, NCPPB 2629",0,Rhizobium rhizogenes,2609460070,obligate aerobe
,,,,,359.17,
,,,,,359.175,
,,,,,359.2,
,,,,,359.231,
,,,,,GCA_000705135,
,,,,,GCA_006802085,
,,,,,GCA_007002955,
,,,,,GCA_013321955,
140624,Ndbn-20,"KACC 18661, CCTCC AB 2016143, DSM 107650",1,Rhizorhabdus dicambivorans,2775506841,obligate aerobe
,,,,,GCA_002355275,
17515,B39,"DSM 17631, LMG 23181, CIP 109139",1,Rhodanobacter spathiphylli,1163407.3,obligate aerobe
,,,,,2537561836,
,,,,,GCA_000264295,
10836,"N 744, A-0200, N744, 687","DSM 43347, ATCC 29080, CUB 687, IMET 7375, JCM 3200, NCIB 11211, NCTC 10994, BCRC 13383, CBS 313.75, CCM 2723, CCUG 23572, CECT 5751, CGMCC 4.1813, CIP 104178, IFM 0143, IFM 0164, KCTC 9804, LMG 5357, NBRC 100603, NCIMB 11211, NRRL B-16537, PCM 2174, VKM Ac-571",1,Rhodococcus coprophilus,1219011.3,obligate aerobe
,,,,,2808606534,
,,,,,2903948744,
,,,,,38310.3,
,,,,,GCA_001895045,
,,,,,GCA_900478115,
10832,,"DSM 20151, ATCC 14898, CIP 104510, NCIB 9433, NCTC 10391, NRRL B-24037, CCUG 37877, IFM 0238, IFO 14404, IMET 7767, JCM 3376, BCRC 13739, CECT 420, JCM 3391, KCTC 9613, KCTC 9820, MTCC 699, NBRC 14404, NCIMB 9433, VKM Ac-870",1,Rhodococcus corynebacterioides,1219012.3,obligate aerobe
,,,,,2744054539,
,,,,,53972.3,
,,,,,GCA_001646675,
,,,,,GCA_001894765,
10866,"A-0201, N11","DSM 43066, ATCC 25544, ATCC 4277, CBS 266.39, CCM 277, CIP 104179, DSM 763, IFO 15567, JCM 3201, NBRC 15567, NCIB 11148, NCIB 9158, NRRL B-16025, BCRC 10909, CCT 1878, CCUG 23603, CECT 3013, CGMCC 1.2362, CGMCC 4.1814, CIP 104662, DSM 743, HAMBI 1953, IAM 12122, IFM 0165, IMET 7462, IMSNU 20115, JCM 20419, KCTC 1062, LMG 5359, NBIMCC 1360, NCIMB 11148, NCIMB 9158, NCTC 13021, NRRL B-1532, PCM 2150, VKM Ac-1337, VKM Ac-858",1,Rhodococcus erythropolis,1219014.3,obligate aerobe
,,,,,1833.121,
,,,,,1833.19,
,,,,,2731957592,
,,,,,GCA_001552595,
,,,,,GCA_003990875,
,,,,,GCA_017656525,
,,,,,GCA_022134675,
10883,,"DSM 20669, ATCC 12974, CIP 104713, IFO 12155, JCM 1316, NBRC 12155, NCPPB 3067, CCUG 51073, JCM 10002, BCRC 13609, CFBP 2401, CGMCC 4.1817, CNCTC Cor 66/77, ICMP 5833, ICPB CF122, KCTC 9813, LMG 3623, MTCC 1531, NBRC 100625, NCIMB 13432, NRRL B-16937, VKM Ac-1462, IAM 12427, ICPB CF 122",1,Rhodococcus fascians,1219015.3,obligate aerobe
,,,,,1219015.4,
,,,,,1268303.4,
,,,,,2711768092,
,,,,,GCA_000761055,
,,,,,GCA_001894785,
10885,,"DSM 43673, ATCC 35014, AUCNM A-594, JCM 6162, VKM Ac-594, IMV 385, CIP 104187, IFO 15528, LMG 5360, NBRC 15528, NCIMB 11743, NRRL B-16939",0,Rhodococcus fascians,2926799693,obligate aerobe
10991,"544, R 58, R58","DSM 43954, ATCC 25714, IFO 14531, IMET 7543, JCM 7472, NBRC 14531, BCRC 13727, CCM 8449, CGMCC 4.1819, CIP 104174, IAM 15168, IAM 15237, KCTC 9810, NCIMB 12315, NRRL B-16938, PCM 2301",1,Rhodococcus globerulus,1219016.3,obligate aerobe
,,,,,GCA_001894805,
11033,W4937,"DSM 44689, NCTC 13296, JCM 12658, CIP 108424",1,Rhodococcus gordoniae,223392.3,obligate aerobe
,,,,,223392.4,
,,,,,2744054541,
,,,,,2925079109,
,,,,,GCA_001646655,
,,,,,GCA_900455725,
11044,RKJ 300,"DSM 45091, CIP 109333, JCM 13270, MTCC 7085, NCIMB 14316",1,Rhodococcus opacus,1165867.3,obligate aerobe
,,,,,1165867.6,
,,,,,2734481939,
,,,,,GCA_000260815,
,,,,,GCA_001313285,
11034,,"DSM 44719, CCM 4760, IFO 16295, NBRC 16295, JCM 11615, CIP 107459, KCTC 19938, NCIMB 14263",1,Rhodococcus jostii,1219017.3,obligate aerobe
,,,,,132919.8,
,,,,,2642422554,
,,,,,2904736187,
,,,,,GCA_001894825,
,,,,,GCA_900105375,
11027,"DNP 505, DNP505","DSM 44498, JCM 10743, KCTC 0569BP, CGMCC 4.1724, CGMCC 4.1822, CIP 106721, NBRC 100607, NCIMB 13709",1,Rhodococcus koreensis,1303689.3,obligate aerobe
,,,,,1303689.4,
,,,,,2634166362,
,,,,,2734481955,
,,,,,99653.4,
,,,,,GCA_001313625,
,,,,,GCA_001894845,
,,,,,GCA_900105905,
11041,K07-23,"DSM 44908, JCM 13011, MTCC 6634, CIP 109246, NBRC 103113, NCIMB 14317",1,Rhodococcus kroppenstedtii,2693429870,obligate aerobe
,,,,,293050.3,
,,,,,293050.5,
,,,,,GCA_001646725,
,,,,,GCA_900111805,
11045,DS472,"DSM 45159, CCTCC AB 206088, CIP 109729, IAM 15415, JCM 23211",1,Rhodococcus kyotonensis,2675903021,obligate aerobe
,,,,,398843.7,
,,,,,GCA_900188125,
11031,M712,"DSM 44675, AS 4.1720, CIP 107806, JCM 11374, BCRC 16384, CGMCC 4.1720, KCTC 9961, NBRC 100610",1,Rhodococcus maanshanensis,1219019.3,obligate aerobe
,,,,,183556.3,
,,,,,2675903023,
,,,,,GCA_001894865,
,,,,,GCA_900109405,
10892,3438W,"DSM 43752, ATCC 35653, IFO 14363, JCM 6241, NBRC 14363, NCMB 2246, BCRC 13696, CECT 4621, CGMCC 4.1726, CIP 104177, KCTC 9809, NCIMB 2246, NRRL B-16940, VKM Ac-1182",1,Rhodococcus marinonascens,1219020.3,obligate aerobe
,,,,,2867152395,
,,,,,GCA_001894885,
10998,"1b, 18","DSM 43205, ATCC 51881, CIP 104549, DSM 427, JCM 9703, CGMCC 4.1820, IFO 16217, KCTC 9811, LMG 18000, NBRC 100624, NBRC 16217, NCIMB 10810, NCIMB 13353",1,Rhodococcus opacus,2744054613,obligate aerobe
,,,,,37919.12,
,,,,,37919.38,
,,,,,GCA_001646735,
,,,,,GCA_012396235,
,,,,,GCA_910591545,
136650,R7,CIP 107348,0,Rhodococcus opacus,37919.1,obligate aerobe
,,,,,37919.2,
,,,,,37919.21,
,,,,,37919.22,
,,,,,37919.23,
,,,,,37919.24,
11026,"LMAU.R292, HAMBI, MBS 1","DSM 44240, CIP 104964, HAMBI 1752, LMAU R292, JCM 10087",1,Rhodococcus opacus,2863016770,obligate aerobe
,,,,,45461.3,
,,,,,GCA_014138705,
11029,,"DSM 44555, KCCM 80005, KCTC 0647BP, PDB 9, JCM 10940, BCRC 16332, CGMCC 4.1825, CIP 107477, NBRC 100608",1,Rhodococcus pyridinivorans,103816.1,obligate aerobe
,,,,,103816.9,
,,,,,1303690.3,
,,,,,1303690.4,
,,,,,2630969012,
,,,,,2734481956,
,,,,,2744054615,
,,,,,GCA_001313645,
,,,,,GCA_001646805,
,,,,,GCA_001894905,
10893,"B/O, N 445, A-0203, N445","DSM 43336, ATCC 35071, KCC A-0203, NCIB 11279, JCM 3203, BCRC 13390, CCUG 23604, CECT 5750, CGMCC 4.1816, CIP 104181, IFM 0149, IMSNU 21249, KCTC 9805, LMG 5363, NBRC 100604, NCIMB 11279, NRRL B-16535, PCM 2157, RIA 1613, VKM Ac-1187",1,Rhodococcus rhodnii,1219023.3,obligate aerobe
,,,,,38312.5,
,,,,,GCA_000720375,
,,,,,GCA_001894925,
,,,,,GCA_008011915,
10908,"372, KMRh","DSM 43241, ATCC 13808, CIP 104376, IMET 7374, KCC A-0202, NCIB 11147, NCTC 10210, CCUG 47165, NRRL B-16536, JCM 3202, BCRC 16333, CECT 5749, CGMCC 1.2348, CGMCC 4.1815, HAMBI 1959, IAM 15167, IFM 0163, IFO 16069, KCTC 9086, LMG 5365, MTCC 265, NBRC 16069, NCIMB 11147, NRRL B-2149, VKM Ac-1227, VKM Ac-1338",1,Rhodococcus rhodochrous,1219024.4,obligate aerobe
,,,,,1829.21,
,,,,,1829.3,
,,,,,2630968521,
,,,,,2744054617,
,,,,,2826464033,
,,,,,GCA_001047055,
,,,,,GCA_001646825,
,,,,,GCA_900187265,
11040,,"DSM 44893, CCUG 50203, IMMIB RIV-095, CIP 108552",0,Rhodococcus triatomae,300028.6,obligate aerobe
,,,,,GCA_014217765,
11037,Mb8,"DSM 44783, JCM 11308, NCIMB 13903, CIP 108134, NBRC 100609",1,Rhodococcus tukisamuensis,1219027.3,obligate aerobe
,,,,,168276.3,
,,,,,2675903015,
,,,,,2877041364,
,,,,,GCA_001894985,
,,,,,GCA_900101735,
11023,N805,"DSM 44107, ATCC 51786, IMRU 878, NCIMB 13082, CCUG 38518, JCM 9689, BCRC 16369, CIP 105033, IMSNU 21173, KCTC 9962, LMG 17999, NBRC 100605, NCTC 13229, VKM Ac-1986",1,Rhodococcus wratislaviensis,1219028.3,obligate aerobe
,,,,,2563367138,
,,,,,2811995226,
,,,,,44752.18,
,,,,,GCA_000583735,
,,,,,GCA_900455735,
134108,,"CCTCC AA 204007, KCTC 19021, DSM 44837, YIM 70056, JCM 13366, IAM 15239, NBRC 103083, NBRC 103115, CIP 108798",1,Rhodococcus yunnanensis,1219029.3,obligate aerobe
,,,,,2867146388,
,,,,,GCA_001895005,
11024,T-1,"DSM 44108, ATCC 51349, JCM 9919, CGMCC 4.1818, CIP 104275, KCTC 19218, KCTC 9812, MTCC 2572, NBRC 100606, NCIMB 13393, NRRL B-16942",1,Rhodococcus zopfii,1219030.8,obligate aerobe
,,,,,1219030.9,
,,,,,2734481959,
,,,,,2867071599,
,,,,,GCA_001313705,
,,,,,GCA_001895025,
,,,,,GCA_022134735,
7495,LV3,"DSM 21947, ATCC BAA-534, CIP 107482, JCM 12695, NBRC 103084, CGMCC 1.7091, IAM 15169",1,Rhodoglobus vestalii,193384.3,obligate aerobe
,,,,,2811994966,
,,,,,GCA_006788895,
14005,"S 1, S1","DSM 467, ATCC 11170, NCIB 8255, CCUG 17859, CIP 70.61, LMG 4362, NCIMB 8255, ATH 1.1.1",1,Rhodospirillum rubrum,1036743.4,obligate aerobe
,,,,,1085.17,
,,,,,269796.21,
,,,,,269796.9,
,,,,,637000241,
,,,,,GCA_000013085,
,,,,,GCA_019134555,
131146,,"DSM 15909, CCUG 44693, CIP 108310",1,Rhodovarius lipocyclicus,268410.3,obligate aerobe
,,,,,GCA_009900765,
133212,NMRCii,"DSM 100172, CDC CRIRC RAS001, ATCC VR-1827",1,Rickettsia asembonensis,2802429295,obligate aerobe
,,,,,GCA_000828125,
5632,,"DSM 15868, ATCC 11845, CCUG 14215, JCM 9532, LMG 11054, MCCM 00568, NCTC 11014, CCUG 21370, CIP 82.28, KCTC 2911, LMG 11606",1,Riemerella anatipestifera,2512564079,obligate aerobe
,,,,,2834954086,
,,,,,34085.19,
,,,,,649633092,
,,,,,693978.17,
,,,,,693978.3,
,,,,,GCA_000183155,
,,,,,GCA_000252855,
,,,,,GCA_900186945,
1935,,"DSM 9511, ATCC 23061, CCUG 32772, CFBP 2421, CIP 105771, ICMP 2807, JCM 10487, LMG 2129, NCPPB 934, NRRL B-14296, BCRC 12861, CCUG 41876, KACC 10474, KCTC 2963",1,Robbsia andropogonis,2627853839,obligate aerobe
,,,,,28092.6,
,,,,,28092.8,
,,,,,GCA_000970345,
,,,,,GCA_902833845,
1194,171544,"DSM 13140, CIP 106295, NCIMB 13601, JCM 12213",1,Robertmurraya siralis,77777.5,obligate aerobe
,,,,,GCA_005502275,
2992,61A,"DSM 11813, CCUG 52219",1,Roseateles depolymerans,2770939641,obligate aerobe
,,,,,76731.7,
,,,,,GCA_003387155,
167420,KMU-115,"KCCM 90339, NBRC 114190",1,Roseicyclus persicicus,GCA_012395815,obligate aerobe
,,,,,JAAZQQ000000000,
138394,,"CIP 107047, JCM 10543, ATCC BAA-251, IFO 16782, NBRC 16782, Och 254",1,Roseibium denhamense,76305.3,obligate aerobe
,,,,,GCA_009711415,
138793,,"CIP 107048, JCM 10544, ATCC BAA-252, IFO 16783, NBRC 16783, Och 368",1,Roseibium hamelinense,150831.5,obligate aerobe
,,,,,GCA_007830545,
,,,,,GCA_009711505,
133285,Cs25,"DSM 29163, CECT 8816",1,Roseibium salinum,GCA_026240905,obligate aerobe
133348,MA7-20,"KACC 18807, JCM 31538",1,Roseitalea porphyridii,2837258257,obligate aerobe
,,,,,GCA_004331955,
76,5420S-30,"DSM 19363, KACC 12521, UCCCB24, CIP 110193",1,Roseomonas aerilata,1123060.3,obligate aerobe
,,,,,2565956516,
,,,,,GCA_000711725,
138931,E7107,"CIP 104027, ATCC 49957, CCM 4881, CCUG 33006",1,Roseomonas cervicalis,2513237333,obligate aerobe
,,,,,525371.3,
,,,,,GCA_000164635,
138789,5424,"CIP 104026, ATCC 49956, CCM 4846, CCUG 33005, ATCC G7933",1,Roseomonas gilardii,GCA_023078375,obligate aerobe
135096,,"CIP 108267, ATCC BAA-691, NCTC 13290, CCUG 48655, MDA 5605",1,Roseomonas gilardii subsp. rosea,243956.3,obligate aerobe
,,,,,2834383282,
,,,,,GCA_900455865,
71,TH-G33,"DSM 19439, CGMCC 1.3617, JCM 13283, CIP 109168",1,Roseomonas lacus,2574180450,obligate aerobe
,,,,,287609.3,
,,,,,GCA_014644535,
135097,,"CCUG 48654, CIP 108268, ATCC BAA-692, NCTC 13291, MDA 5527",1,Roseomonas mucosa,207340.7,obligate aerobe
,,,,,2837549178,
,,,,,GCA_900455935,
69,173/96,"DSM 14916, CIP 107419, UCCCB4",1,Muricoccus roseus,198092.3,obligate aerobe
,,,,,2585427600,
,,,,,GCA_900141905,
147182,F4626,"CCUG 33010, ATCC 49961, CIP 104031, CCM 4883",0,Roseomonas sp.,214106.4,obligate aerobe
,,,,,2911330653,
,,,,,GCA_008365375,
141127,R12B,"MCCC 1A09786, KCTC 42506",1,Roseovarius atlanticus,2791355032,obligate aerobe
,,,,,GCA_001441615,
133347,,"SAG 6, KACC 18598, JCM 31541",1,Roseovarius confluentis,1852027.3,obligate aerobe
163871,MME-070,"JCM 30757, KCCM 43142",1,Roseovarius faecimaris,2884656269,obligate aerobe
,,,,,GCA_009762325,
1225,TF-12,"DSM 16205, JCM 11545, KCCM 41589, CIP 108136",1,Rossellomorea aquimaris,GCA_001648555,obligate aerobe
1224,TF-11,"DSM 16204, JCM 11544, KCCM 41588, CIP 108135",1,Rossellomorea marisflavi,189381.12,obligate aerobe
,,,,,2645727550,
,,,,,GCA_001274775,
1258,15-1,"DSM 18898, CIP 108672, HSCC 1663, JCM 11124, NRIC 0531, NRRL B-23890, BCRC 80102, LMG 24742, NBRC 101237",1,Rossellomorea vietnamensis,1349757.3,obligate aerobe
,,,,,2731957668,
,,,,,GCA_001591825,
7780,"A 1-17B, A1-17B","CCUG 51932, JCM 11412, DSM 14556, GTC 867, CIP 108437, IFM 10514, NCIMB 14248",1,Rothia aeria,172042.13,obligate aerobe
,,,,,172042.4,
,,,,,2806310706,
,,,,,GCA_002355935,
7664,P31,"DSM 23367, JCM 15915, KCTC 19595, CIP 110210",1,Rothia koreensis,2865618284,obligate aerobe
,,,,,592378.3,
,,,,,592378.4,
,,,,,GCA_004136575,
,,,,,GCA_009734705,
14036,PRD-1,"DSM 9941, IFO 16129, NBRC 16129, JCM 11954, CIP 105412, NBRC 100952",1,Rubrobacter xylanophilus,266117.1,obligate aerobe
,,,,,266117.34,
,,,,,637000248,
,,,,,GCA_000014185,
,,,,,GCA_019448335,
166319,HX-22-17,"KCTC 72656, CCTCC AB 2019347",1,Rudanella paleaurantiibacter,GCA_009184635,obligate aerobe
18131,1446,"DSM 15030, JCM 11075, NBRC 101231, NRRL NRS-1691, CIP 107434, DSM 7260, KCTC 13923",1,Rummeliibacillus pycnus,101070.3,obligate aerobe
,,,,,2890201742,
,,,,,GCA_002884495,
18132,KSC-SF6g,"DSM 25578, NBRC 104870, NRRL B-51320, CIP 110061",1,Rummeliibacillus stabekisii,241244.13,obligate aerobe
,,,,,241244.14,
,,,,,2861577009,
,,,,,GCA_007988965,
,,,,,GCA_014202625,
13434,,"DSM 44619, CCRC 16315, CCTCC AA 001018, YIM 90007, JCM 13241, BCRC 16315, KCTC 9971, CIP 107982",1,Saccharomonospora iraqiensis subsp. paurometabolica,2510461000,obligate aerobe
,,,,,882084.3,
,,,,,GCA_000231035,
167100,LZ-5,"KCTC 62460, CCTCC AB 2017232",1,Saccharospirillum alexandrii,GCA_004000275,obligate aerobe
,,,,,RCIP00000000,
1276,CM1,"DSM 21621, CGMCC 1.6134, JCM 14087, CIP 109642",1,Salibacterium qingdaonense,2617270910,obligate aerobe
,,,,,266892.4,
,,,,,GCA_900114715,
1246,BH 169,"DSM 16461, CIP 109218, KCTC 3912, DSM 28800",1,Salibacterium salarium,2926589328,obligate aerobe
1549,"HK 733), HK 733","DSM 20748, ATCC 49811, CCM 3517, IAM 12845, JCM 2574, CIP 104820, LMG 17430, NBRC 102360, VKM Ac-1949",1,Salimicrobium album,2617270835,obligate aerobe
,,,,,50717.3,
,,,,,GCA_900107115,
7488,,"DSM 16400, KCTC 9931, KMM 3673, JCM 12362, CIP 108377, IAM 15155, NBRC 100448",1,Salinibacterium amurskyense,205941.11,obligate aerobe
,,,,,205941.3,
,,,,,205941.4,
,,,,,2728369736,
,,,,,2839424328,
,,,,,GCA_002797685,
,,,,,GCA_003668745,
,,,,,GCA_014652955,
14426,J-82,"DSM 5352, ATCC 49259, CCM 4148, CCUG 43288, JCM 14631, CIP 104760, NCIMB 12836",1,Salinicoccus hispanicus,157225.3,obligate aerobe
,,,,,GCA_009831115,
14427,9,"CCUG 43291, DSM 5351, ATCC 49258, CCM 3516, JCM 14630, CIP 104761, NCIMB 12835",1,Salinicoccus roseus,2786546135,obligate aerobe
,,,,,45670.1,
,,,,,45670.8,
,,,,,GCA_003814515,
,,,,,GCA_014634945,
6080,M27,"DSM 18044, CIP 109895, KCTC 12664, UCCCB106",1,Salinicola salarius,2900689798,obligate aerobe
,,,,,430457.5,
,,,,,GCA_002179555,
,,,,,GCA_003206135,
1120,"PN 105, AC 13","DSM 8721, ATCC 700163, CIP 105302",1,Salipaludibacillus agaradhaerens,2890278133,obligate aerobe
,,,,,76935.4,
,,,,,GCA_002019735,
1546,CVS-14,"DSM 19612, CIP 108577, LMG 22839",1,Salirhabdus euzebyi,2861401915,obligate aerobe
,,,,,394506.4,
,,,,,GCA_014207435,
158825,"TSD-72, RKSG058",LMG 29871,1,Sansalvadorimonas verongulae,2886429779,obligate aerobe
,,,,,GCA_009711465,
599,"1, BAI","CCUG 28517, NRRL B-14310, DSM 1046, ATCC 29788, CCM 2849, CIP R925, JCM 12210, BCRC 15923, BCRC 16018, CIP 77.28, HAMBI 1884, IFO 15712, KCTC 3447, LMG 9581, NBRC 15712, NCCB 93150, NCIMB 11859, NRRL B-14522",1,Schinkia azotoformans,1131731.3,obligate aerobe
,,,,,2524023181,
,,,,,GCA_000307855,
6694,M36,"DSM 23365, JCM 2765, LMG 23904, BCRC 80777, CIP 110209",1,Secundilactobacillus similis,1423804.3,obligate aerobe
,,,,,1423804.4,
,,,,,2700989125,
,,,,,2728369669,
,,,,,GCA_001311075,
,,,,,GCA_001436595,
1556,"NHBX-5, NHBX5","DSM 19340, CGMCC 1.6502, CIP 110033",1,Sediminibacillus albus,2675902963,obligate aerobe
,,,,,407036.4,
,,,,,GCA_900101125,
14050,,"DSM 44985, ATCC BAA-972, CDC 1076, CIP 108378, JCM 13578, CCUG 50837",1,Segniliparus rotundus,640132.3,obligate aerobe
,,,,,646564566,
,,,,,GCA_000092825,
14052,,"DSM 45345, ATCC BAA-974, CCUG 50838, CDC 945, CIP 108380, JCM 13579",1,Segniliparus rugosus,679197.3,obligate aerobe
,,,,,GCA_000185725,
6283,JC1078,"DSM 15273, IMSNU 14026, KCTC 9980, CCUG 51944, JCM 13024, CIP 108477",1,Serinicoccus marinus,1123251.1,obligate aerobe
,,,,,1123251.3,
,,,,,2524614805,
,,,,,GCA_000421245,
,,,,,GCA_008386315,
137060,,"CIP 53.90, ATCC 274, ATCC 8412, ATCC 10759, NCDO 740, NCTC 1377, NCIMB 1377",0,Serratia marcescens,615.1163,obligate aerobe
,,,,,651716783,
,,,,,GCA_009936295,
14062,OK-1,"DSM 9167, ATCC 51192, IAM 14159, NCIMB 13178, CCUG 39064, JCM 21037, BCRC 80907, CIP 106454, NBRC 103173",1,Shewanella algae,1236544.3,obligate aerobe
,,,,,1236544.7,
,,,,,2585427912,
,,,,,2731957717,
,,,,,38313.84,
,,,,,GCA_000615045,
,,,,,GCA_001598875,
,,,,,GCA_012396675,
138792,,"CIP 103562, ATCC 49138",0,Shewanella algae,38313.158,obligate aerobe
,,,,,GCA_019670525,
14085,"F5, fav-2-10-05","DSM 21332, CIP 110229, LMG 24563",1,Shewanella corallii,GCA_023349125,obligate aerobe
14068,OS217,"DSM 15013, LMG 21692, CIP 107825",1,Shewanella denitrificans,2524023135,obligate aerobe
,,,,,318161.16,
,,,,,GCA_000013765,
134225,T147,"LMG 23744, NBRC 102030, CIP 109509",1,Shewanella glacialipiscicola,GCA_019655235,obligate aerobe
,,,,,GCA_023283485,
14078,"A22-B3, HAW-EB4","DSM 17350, CIP 109778, NCIMB 14093",1,Shewanella halifaxensis,458817.8,obligate aerobe
,,,,,641522648,
,,,,,GCA_000019185,
14060,281,"DSM 6066, ATCC 33224, CCUG 16097, JCM 20706, ACAM 540, CIP 103207, IAM 12641, LMG 19004, LMG 2868, NBRC 102223, NCIMB 2157",1,Shewanella hanedai,25.17,obligate aerobe
,,,,,25.8,
,,,,,GCA_007197645,
,,,,,GCA_014647575,
136795,MR-1,"CIP 106686, ATCC 700550, VKPM B-9861, JCM 31522, BCRC 17276, LMG 19005, NCIMB 14063",1,Shewanella oneidensis,GCA_000146165,obligate aerobe
14072,LT13a,"DSM 15900, JCM 12080, CIP 108671, KCTC 22433",1,Shewanella profunda,GCA_023283765,obligate aerobe
14054,95,"DSM 6067, ATCC 8071, ICPB 352, NCIB 10471, CCUG 13452 D, JCM 20190, CCUG 13452, CECT 331, CIP 80.40, IAM 12079, IAM 1509, IFO 3908, JCM 9294, LMG 2268, NBRC 3908, NCIMB 10471, NCTC 12960",1,Shewanella putrefaciens,1236543.3,obligate aerobe
,,,,,1236543.4,
,,,,,24.42,
,,,,,24.44,
,,,,,2585427914,
,,,,,2731957646,
,,,,,GCA_000615005,
,,,,,GCA_001591325,
,,,,,GCA_014647555,
,,,,,GCA_016406325,
14053,,"DSM 1818, ATCC 12099, IAM 1510, NCIB 8786, NCTC 10695, JCM 20191, NCIMB 8768, CIP 59.28",0,Shewanella putrefaciens,24.14,obligate aerobe
,,,,,2823267113,
,,,,,GCA_900457065,
5174,P288,"DSM 7532, ATCC 8700, CCUG 49022, CIP 82.50, NCTC 12985",1,Shigella boydii,2850761752,obligate aerobe
,,,,,621.213,
,,,,,621.253,
,,,,,621.296,
,,,,,621.337,
,,,,,GCA_002946735,
,,,,,GCA_003572535,
,,,,,GCA_900457095,
132403,,"DSM 100673, JCM 30900, JAMH 043",1,Shimia abyssi,1662395.5,obligate aerobe
,,,,,2728369514,
,,,,,GCA_003014475,
1127,"PN 23, C 360","DSM 8716, ATCC 700160, CIP 104718, NCIB 10309, CCUG 47262, NCIMB 10309, LMG 17945",1,Shouchella clausii,2811995369,obligate aerobe
,,,,,79880.14,
,,,,,GCA_002250115,
1259,K11,"DSM 18940, CIP 108751, JCM 12663, NCIMB 14023",1,Shouchella oshimensis,290588.4,obligate aerobe
,,,,,GCA_002019765,
1234,,"DSM 16117, ATCC BAA-965, CIP 108678, PAT 05",1,Shouchella patagoniensis,228576.3,obligate aerobe
,,,,,2916853388,
,,,,,GCA_002019705,
1220,R-6540,"DSM 16013, CIP 108820, LMG 22081",1,Siminovitchia farraginis,254757.3,obligate aerobe
,,,,,GCA_001439965,
1221,R-7190,"DSM 16014, CIP 108821, LMG 22080",1,Siminovitchia fordii,1121090.3,obligate aerobe
,,,,,2517572148,
,,,,,GCA_000374565,
1219,R-6514,"DSM 16012, CIP 108822, LMG 22079",1,Siminovitchia fortis,254758.3,obligate aerobe
,,,,,2916908848,
,,,,,GCA_003605365,
2998,CA 1,"DSM 11588, ATCC 33335, IFO 13611, LMG 5408, NBRC 13611, CIP 107758",1,Simplicispira psychrophila,1123255.3,obligate aerobe
,,,,,2558309000,
,,,,,GCA_000688255,
158820,HR-U,"KACC 19409, JCM 32267",1,Siphonobacter curvatus,2881402806,obligate aerobe
,,,,,GCA_002943425,
13964,5416T-32,"DSM 18479, KACC 11604",1,Skermanella aerolata,1385368.4,obligate aerobe
,,,,,2627853908,
,,,,,GCA_000936425,
11053,,"DSM 43998, ACM 3063, IFO 15059, UQM 3063, CIP 104516",1,Skermania piniformis,39122.4,obligate aerobe
,,,,,GCA_019285775,
133088,ISSFR-015,"DSM 101595, NRRL B-65388",1,Solibacillus kalamii,1748298.1,obligate aerobe
,,,,,2791354932,
,,,,,2901246952,
,,,,,GCA_002174535,
,,,,,GCA_016909025,
18124,HR3-23,"DSM 12223, MTCC 10789, ATCC BAA-269, CIP 106059",1,Solibacillus silvestris,2684623075,obligate aerobe
,,,,,76853.3,
159883,HR-BB,"KACC 19410, JCM 32268",1,Solimonas fluminis,2833177308,obligate aerobe
,,,,,GCA_002930645,
16526,"T-1, A-0151","DSM 43048, ATCC 27303, JCM 3151, KCC A-0151, NBRC 14179, BCRC 12464, CBS 265.72, CIP 105593, HUT 6621, IFM 1287, IFO 14179, IMSNU 22109, KCTC 9241, NCIMB 11544, NRRL B-16986, PCM 2580, VKM Ac-1953, VTT E-89374, CCRC 12464",1,Sphaerimonospora mesophila,1226285.5,obligate aerobe
,,,,,1226285.6,
,,,,,2734481958,
,,,,,2773857850,
,,,,,GCA_001313685,
,,,,,GCA_001552515,
14090,S 6022,"DSM 20745, ATCC 49802",1,Sphaerobacter thermophilus,479434.6,obligate aerobe
,,,,,646311953,
,,,,,GCA_000024985,
140595,Y3L14,"CGMCC 1.15782, KCTC 52379",1,Sphingobacterium alkalisoli,1874115.4,obligate aerobe
,,,,,2898716849,
,,,,,GCA_005049105,
,,,,,GCA_014643675,
14124,KS 0470,"DSM 11690, CIP 104193, IFO 15299, NBRC 15299, JCM 21820, IAM 15376, LMG 14022, NCIMB 13408",1,Sphingobacterium faecium,1220575.3,obligate aerobe
,,,,,2734482254,
,,,,,34087.3,
,,,,,GCA_003054045,
,,,,,GCA_007990875,
14126,"Teraoka, K M 1203","NCTC 12149, DSM 11724, ATCC 33299, CCUG 15907, GIFU 1203, IFO 14946, LMG 8340, NBRC 14946, JCM 21155, CIP 101122, IAM 14315",1,Sphingobacterium mizutaii,1010.5,obligate aerobe
,,,,,1010.7,
,,,,,1220576.3,
,,,,,2634166301,
,,,,,2773857900,
,,,,,GCA_007990895,
,,,,,GCA_900102835,
,,,,,GCA_900187125,
14120,"B5533, 30-83","DSM 11691, ATCC 33613, GIFU 2812, IFO 14947, NBRC 14947, NCTC 11343, CCUG 11736, JCM 21156, CDC B5533, CIP 100541, IAM 14316, LMG 8342, NRRL B-14861, KCTC 2289",1,Sphingobacterium multivorum,2571042348,obligate aerobe
,,,,,28454.21,
,,,,,28454.6,
,,,,,GCA_900457465,
14121,65-80,"DSM 15469, NCTC 11034, ATCC 33613, CIP 80.53, ATCC 33298, GIFU 926",0,Sphingobacterium multivorum,28454.16,obligate aerobe
,,,,,28454.5,
,,,,,GCA_900457115,
14118,"E7288, 29-83","DSM 11722, ATCC 33861, CDC E7288, GIFU 3101, JCM 1277, NCTC 11386, CCUG 13224, CCM 4603, CIP 100542, IAM 14210, IFO 14948, JCM 6897, LMG 8347, NBRC 14948, NRRL B-23392",1,Sphingobacterium spiritivorum,2562617179,obligate aerobe
,,,,,258.11,
,,,,,258.5,
,,,,,2849498117,
,,,,,525373.3,
,,,,,GCA_000143765,
,,,,,GCA_900457435,
23260,"D7529, F8081","DSM 11687, CDC D7529, IFO 14975, NBRC 14975, NCTC 12113, CCUG 26765, LMG 11523, JCM 21154, IAM 14314, CIP 103339",0,Sphingobacterium spiritivorum,258.1,obligate aerobe
14125,K-1173,"DSM 11723, ATCC 43320, IFO 14963, NBRC 14963, NCTC 11429, CCUG 22397, JCM 21153, CIP 100935, IAM 14313, NRRL B-14902",1,Sphingobacterium thalpophilum,1123265.3,obligate aerobe
,,,,,2563366725,
,,,,,259.5,
,,,,,GCA_000686625,
,,,,,GCA_901482695,
14182,YT,"DSM 16289, CIP 107839, IAM 15006, JCM 11777",1,Sphingobium amiense,135719.3,obligate aerobe
,,,,,2843241807,
,,,,,GCA_003967075,
14174,,"DSM 7098, ATCC 33790, CIP 104885, IFO 16172, NBRC 16172, CCUG 56399, LMG 17937, KCTC 3325, JCM 10275, LMG 17771",1,Sphingobium chlorophenolicum,1219044.3,obligate aerobe
,,,,,2585427849,
,,,,,2731957704,
,,,,,46429.4,
,,,,,GCA_000722875,
,,,,,GCA_001598515,
14183,DJ77,"DSM 16638, CIP 107741, IMSNU 11152, KCTC 2955, CCUG 52897, JCM 11454",1,Sphingobium chungbukense,2636415887,obligate aerobe
,,,,,GCA_001005725,
14181,"S-3, S-3T","DSM 14926, CIP 107076, IAM 14885, JCM 10874, CCUG 54784, KCTC 12912",1,Sphingobium cloacae,120107.15,obligate aerobe
,,,,,120107.16,
,,,,,120107.17,
,,,,,120107.18,
,,,,,120107.19,
,,,,,120107.2,
,,,,,120107.21,
,,,,,2802429338,
,,,,,GCA_002355855,
14186,TKP,"DSM 18781, CCM 7327, MTCC 7295, CIP 109370",1,Sphingobium fuliginis,336203.8,obligate aerobe
,,,,,336203.9,
,,,,,GCA_004152845,
,,,,,GCA_014636045,
14176,MH,"DSM 11019, IFO 16415, LMG 18315, NBRC 16415, CCUG 56400, CIP 106705, ATCC 700291, KCTC 2939",1,Sphingobium herbicidovorans,1219045.3,obligate aerobe
,,,,,1219045.4,
,,,,,2574180318,
,,,,,2731957705,
,,,,,2808606815,
,,,,,GCA_000632125,
,,,,,GCA_001598535,
,,,,,GCA_002080435,
23269,Sp+,"DSM 26779, CCM 7288, MTCC 6363, CCUG 53833, CIP 108928",0,Sphingobium indicum,2828378008,obligate aerobe
,,,,,332057.5,
,,,,,332057.6,
,,,,,GCA_004152835,
,,,,,GCA_013408165,
159873,,"KCTC 62233, NBRC 113094, CAU 1457",1,Sphingomicrobium arenosum,GCA_026157085,obligate aerobe
14243,C42,"DSM 15867, CIP 109154, LMG 21978",1,Sphingomonas abaci,237611.3,obligate aerobe
,,,,,2828624843,
,,,,,GCA_014199625,
14219,Op-55,"DSM 7418, ATCC 51229, GIFU 11458, IAM 14270, JCM 7370, CCM 4598, CCUG 27290, CCUG 27819, CIP 106725, IFO 15099, LMG 10922, NBRC 15099, PCM 2581",1,Sphingomonas adhaesiva,1219038.3,obligate aerobe
,,,,,2731957690,
,,,,,28212.3,
,,,,,GCA_001592345,
,,,,,GCA_002374855,
14251,K4,"DSM 19475, KCTC 22050, CIP 110056",1,Sphingomonas aestuarii,2576861403,obligate aerobe
14237,,"DSM 15581, KCCM 41067, KCTC 2881, CCUG 48825, IFO 16722, JCM 11455, JSS 7, CIP 108007, NBRC 16722",1,Sphingomonas aquatilis,1219039.3,obligate aerobe
,,,,,2829811004,
,,,,,93063.4,
,,,,,GCA_007990915,
,,,,,GCA_014196115,
14223,Y-345,"DSM 10564, IFO 15499, NBRC 15499, NCIMB 13747, JCM 21229, ATCC 51839, CIP 107363, IAM 14458, KCTC 2825, LMG 17539, NRRL B-4261",1,Sphingomonas asaccharolytica,1219040.3,obligate aerobe
,,,,,2731957698,
,,,,,GCA_001598355,
141164,L9-754,"DSM 27347, KACC 17595",1,Sphingomonas carotinifaciens,1166323.3,obligate aerobe
,,,,,1166323.4,
,,,,,2651870108,
,,,,,2830088248,
,,,,,GCA_009789535,
,,,,,GCA_014197095,
,,,,,GCA_900102275,
14247,DS-4,"DSM 21029, CIP 108841, KCTC 12541",1,Sphingomonas dokdonensis,2906672925,obligate aerobe
,,,,,344880.4,
,,,,,GCA_002197685,
14200,,"DSM 1805, ATCC 14820, DSM 50409, DSM 7240, ICPB 2835, NCIB 9420, CCUG 2870, LMG 7462, ATCC 17833, CIP 103301, LMG 2181, JCM 10637, NCIMB 9420",1,Sphingomonas echinoides,1112212.3,obligate aerobe
,,,,,2547132141,
,,,,,GCA_000241465,
14234,MA-olki,"DSM 14747, LMG 21379, CCUG 48436, CIP 108370",1,Sphingomonas faeni,GCA_003053745,obligate aerobe
166214,ZLT-5,"CCTCC AB 2018188, KCTC 62840",1,Sphingomonas flavalba,GCA_004796535,obligate aerobe
166217,HMF7854,"KCTC 62461, NBRC 113337",1,Sphingomonas ginkgonis,GCA_003970925,obligate aerobe
14252,TDMA-16,"DSM 18422, CCUG 53607, NBRC 102120, CIP 109619",1,Sphingomonas jaspsi,1123268.4,obligate aerobe
,,,,,2524614649,
,,,,,GCA_000585415,
141165,S5-249,"DSM 27345, KACC 17593",1,Sphingomonas jatrophae,2654588199,obligate aerobe
,,,,,GCA_900113315,
14238,,"DSM 15582, KCCM 41069, KCTC 2882, JSS 26, JCM 11456, CIP 107740, IFO 16723, NBRC 16723, KCCM 41067, NBRL 16723",1,Sphingomonas koreensis,1219046.3,obligate aerobe
,,,,,2731957699,
,,,,,93064.57,
,,,,,GCA_001598395,
,,,,,GCA_003953035,
14221,CB 37,"DSM 4733, ATCC 15260, CIP 106443, VKM B-1368",1,Sphingomonas leidyi,2828301124,obligate aerobe
,,,,,68569.3,
,,,,,GCA_011761945,
14242,C52,"DSM 15761, CIP 109155, LMG 21979",1,Sphingomonas panni,GCA_022664435,obligate aerobe
14220,OH 3807,"DSM 7463, ATCC 51231, GIFU 11387, IAM 14268, JCM 7510, NCIMB 13745, CCUG 27291, LMG 10923, BCRC 17635, CCM 4599, CIP 106724, IFO 15100, NBRC 15100",1,Sphingomonas parapaucimobilis,1219049.3,obligate aerobe
,,,,,2630968314,
,,,,,GCA_000787715,
14201,CL 1/70,"DSM 1098, ATCC 29837, NCPPB 3838, NCTC 11030, JCM 7516, CCM 3293, CCUG 31192, CCUG 6518, CDC CL 1/70, CECT 599, CIP 100752, GIFU 2395, IAM 12576, ICPB 4235, IFO 13935, LMG 1227, NBRC 13935, PCM 2585",1,Sphingomonas paucimobilis,1219050.3,obligate aerobe
,,,,,13689.16,
,,,,,13689.29,
,,,,,2600255072,
,,,,,GCA_000739895,
,,,,,GCA_900457515,
14202,,"DSM 30198, ATCC 10829, CCM 72, CIP 104977, NCIB 8195, JCM 7511, IFO 13934, NBRC 13934, NRRL B-54, CCUG 1819, NCIMB 8195, NRRL B 54",0,Flavobacterium devorans,13689.3,obligate aerobe
14241,FA2,"DSM 17258, CECT 5832, LMG 21958, CIP 108674",1,Sphingomonas phyllosphaerae,1090319.3,obligate aerobe
,,,,,2516493027,
,,,,,GCA_000427645,
14229,EDIV,"DSM 13101, CIP 106154, JCM 21727, IAM 15276, NBRC 102491",1,Sphingomonas pituitosa,1219051.3,obligate aerobe
,,,,,2731957700,
,,,,,GCA_001598435,
14225,"Y-250, EY4228","DSM 10566, IFO 15498, NBRC 15498, CIP 107352, JCM 10277, ATCC 51838, KCTC 2824, LMG 18380",1,Sphingomonas pruni,1219052.3,obligate aerobe
,,,,,2731957701,
,,,,,GCA_001598455,
14227,,"DSM 13885, GIFU 2397, IFO 13937, JCM 7514, NBRC 13937, NCTC 11032, ATCC 51382, BCRC 17636, CCUG 27654, CCUG 31194, CDC B4562, CIP 104197, IAM 12578, IAM 14273, LMG 10925, LMG 17325, LMG 2240",1,Sphingomonas sanguinis,1219054.3,obligate aerobe
,,,,,13689.17,
,,,,,2731957633,
,,,,,GCA_001591005,
14226,,"DSM 7225, ATCC 12417, LMG 2141, LMG 2142, NCIB 9391, JCM 10278, CIP 105252, IAM 15267, IFO 16157, NBRC 100456, NBRC 16157, NCIMB 9391",1,Sphingomonas trueperi,2829783330,obligate aerobe
,,,,,53317.4,
,,,,,GCA_011927635,
14232,A1-18,"DSM 14562, GTC 868, JCM 11416, CCUG 52398, CIP 108439",1,Sphingomonas yabuuchiae,172044.4,obligate aerobe
,,,,,172044.5,
,,,,,2828620820,
,,,,,GCA_014199595,
,,,,,GCA_017052455,
14273,,"DSM 13593, LMG 18877, CCUG 45028, CIP 106977, RB 2256",1,Sphingopyxis alaskensis,317655.17,obligate aerobe
,,,,,317655.3,
14274,203,"DSM 8826, ATCC 51380, IFO 15033, NBRC 15033, JCM 10192, CIP 104196, IAM 14459, KCTC 2813, LMG 17324",1,Sphingopyxis macrogoltabida,2654588046,obligate aerobe
,,,,,GCA_001314325,
14275,E-1-A,"DSM 8831, ATCC 51381, IFO 15098, NBRC 15098, JCM 10195, BCRC 17643, CIP 104198, HAMBI 1834, IAM 14462, KACC 10928, KCTC 2814, LMG 17326, NCIMB 13385",1,Sphingopyxis terrae,1219058.3,obligate aerobe
,,,,,1219058.4,
,,,,,1219058.6,
,,,,,2684623122,
,,,,,2731957716,
,,,,,GCA_001598815,
,,,,,GCA_001610975,
14276,"W-50, WZIII3-6, W-50T WZ III 3-6","DSM 14551, ATCC BAA-814, CIP 107174, KCTC 12115",1,Sphingopyxis witflariensis,173675.3,obligate aerobe
,,,,,2898509942,
,,,,,GCA_002205635,
164092,LPB0140,"JCM 31568, KACC 18891",1,Sphingorhabdus lutea,GCA_001889025,obligate aerobe
14293,Y2,"DSM 19791, JCM 13185, KCTC 12019, CIP 109169, NCIMB 14270",1,Sphingosinicella microcystinivorans,2770939615,obligate aerobe
,,,,,335406.3,
,,,,,GCA_003634215,
11976,"W 25, W25","DSM 4, ATCC 23301, CCM 2119, NCIMB 11434, CCUG 7419, CIP 103266, LMG 6928, JCM 10046, IFO 16082, CGMCC 1.3607, IAM 14760, JCM 2509, KCTC 3736, NBRC 16082, NRRL B-3396, NRRL NRS-1533, VKM B-1435",1,Sporosarcina globispora,GCA_001274725,obligate aerobe
11999,Y1,"DSM 23150, CIP 109917, JCM 15791, NBRC 105378, NCIMB 14541, NRRL B-59180, KCTC 33921",1,Sporosarcina luteola,582850.3,obligate aerobe
,,,,,GCA_007991495,
11981,"22, Gibson 22","DSM 33, ATCC 11859, CCM 2056, NCIB 8841, NCTC 4822, CCUG 7425, LMG 7130, CIP 66.21, NCDO 1776, NCIMB 8841",1,Sporosarcina pasteurii,1474.8,obligate aerobe
,,,,,2582581329,
,,,,,2849954708,
,,,,,GCA_900457495,
5848,LLR-40K-21,"DSM 44728, CIP 108903, NRRL B-16338, JCM 14905, BCRC 16844, NBRC 102104",1,Stackebrandtia nassauensis,446470.6,obligate aerobe
,,,,,646564571,
,,,,,GCA_000024545,
14503,"WK 811M, WK811M, LRA 013 01 83","DSM 20609, ATCC 33753, JCM 2421, BCRC 13912, CCM 3991, CCUG 15601, CCUG 36974, CECT 4052, CIP 103587, KCTC 3584, NCTC 12101, NRRL B-14762",1,Staphylococcus auricularis,2724678964,obligate aerobe
,,,,,29379.16,
,,,,,29379.19,
,,,,,29379.37,
,,,,,29379.39,
,,,,,29379.8,
,,,,,GCA_001500315,
,,,,,GCA_002902455,
,,,,,GCA_018323945,
,,,,,GCA_900478415,
14506,LK 499,"DSM 20326, ATCC 27840, CCM 2734, CCUG 7326, NCTC 11045, CIP 81.53, JCM 2420, GIFU 9121",1,Staphylococcus capitis subsp. capitis,29388.172,obligate aerobe
,,,,,29388.267,
,,,,,72758.11,
,,,,,72758.23,
,,,,,GCA_002902325,
,,,,,GCA_014635765,
,,,,,GCA_025272975,
,,,,,GCA_901482635,
14662,"PA 231, PA231","DSM 20674, ATCC 43958, CCUG 30109, CCM 3832, NCTC 12414, CIP 103502, NRRL B-14765",1,Staphylococcus equorum,246432.121,obligate aerobe
,,,,,246432.9,
,,,,,29383.5,
,,,,,GCA_003970515,
,,,,,GCA_900458565,
14651,"ID 01-1208, RP29","CCUG 49024, DSM 15097, CIP 107656, CCM 7278",0,Staphylococcus equorum subsp. linens,201829.6,obligate aerobe
,,,,,246432.12,
,,,,,GCA_002901955,
14542,,"DSM 20610, ATCC 35539, CCM 3572, CCUG 15600, VIII 1, CIP 103504, GIFU 10758",1,Staphylococcus gallinarum,1293.6,obligate aerobe
,,,,,GCA_000875895,
14556,,"DSM 20676, ATCC 43959, CCUG 30110, CCM 3834, SC 210, CIP 103503, GIFU 10764",1,Staphylococcus kloosii,29384.15,obligate aerobe
,,,,,GCA_003019255,
14652,CW1,"DSM 15150, CCUG 48991, CCM 7045, CIP 108211",1,Staphylococcus nepalensis,214473.15,obligate aerobe
,,,,,214473.24,
,,,,,2917442331,
,,,,,GCA_002902745,
,,,,,GCA_014635045,
14670,"ON 86, R-20986, ON86","DSM 21284, CCUG 49543, CIP 108864, LMG 22219, JCM 17571, CCUG 22219",1,Staphylococcus pseudintermedius,283734.1041,obligate aerobe
,,,,,283734.201,
,,,,,283734.2341,
,,,,,2917480293,
,,,,,2917482833,
,,,,,GCA_001792775,
,,,,,GCA_002902125,
14650,AMG-D1,"DSM 14617, ATCC 700337, CIP 107307, CCUG 43571, CCM 7157",1,Staphylococcus succinus,224030.5,obligate aerobe
,,,,,224030.8,
,,,,,2639763042,
,,,,,2917463979,
,,,,,GCA_001006765,
,,,,,GCA_002902045,
13838,"2M/E, TS101","DSM 5886, ATCC 15215, ICPB 4170, JCM 20692, BCRC 80196, CIP 105977, IAM 12621, IFO 15764, NBRC 15764",1,Stappia stellulata,1123294.3,obligate aerobe
,,,,,2524614815,
,,,,,GCA_000423705,
17557,,"DSM 13117, ATCC 700916, CIP 106456, CCUG 46887, LMG 22073, AMX 19, JCM 13310",1,Stenotrophomonas acidaminiphila,128780.7,obligate aerobe
,,,,,2713896760,
,,,,,GCA_001431595,
,,,,,GCA_024221815,
17561,TR6-01,"DSM 17805, JCM 13256, KCTC 12211, CCUG 53887, CIP 109170",1,Stenotrophomonas koreensis,266128.3,obligate aerobe
,,,,,2671180796,
,,,,,GCA_001431525,
158735,M15,"LMG 29943, DSM 104152, CIP 111740",1,Stenotrophomonas lactitubi,2869333513,obligate aerobe
,,,,,GCA_002803515,
17532,"67, 810-2","DSM 50170, ATCC 13637, ICPB 2648-67, NCIB 9203, NCTC 10257, CCUG 5866, LMG 958, NCPPB 1974, JCM 1975, BCRC 10737, CCM 1640, CECT 115, CGMCC 1.1788, CIP 60.77, GIFU 418, IAM 12423, IFO 14161, IMET 10402, NBRC 14161, NCIMB 9203, NRC 729, NRRL B-2756, VKM B-591, ACM 497",1,Stenotrophomonas maltophilia,1220593.3,obligate aerobe
,,,,,2623620580,
,,,,,2731957641,
,,,,,2850698245,
,,,,,40324.1221,
,,,,,40324.191,
,,,,,40324.252,
,,,,,GCA_001591205,
,,,,,GCA_001997185,
,,,,,GCA_025617355,
17534,,"DSM 21874, ATCC 19374, CCEB 338, CCUG 559 B, CIP 106700, LMG 2195, NCIMB 9428, JCM 13324",0,Stenotrophomonas maltophilia,2657245696,obligate aerobe
,,,,,40324.14,
,,,,,GCA_001431625,
137674,MGB,"CIP 104854, ATCC 700475, CCUG 41684, LMG 22072",0,Stenotrophomonas maltophilia,2690316150,obligate aerobe
,,,,,40324.142,
,,,,,40324.1594,
,,,,,GCA_001431675,
,,,,,GCA_013004645,
17555,L2,"CCUG 46888, CIP 107228, LMG 22074, DSM 12575, ATCC BAA-12, JCM 13311",1,Stenotrophomonas nitritireducens,2713896755,obligate aerobe
,,,,,83617.3,
,,,,,GCA_001431425,
13146,,"DSM 19282, ATCC 23328, CCM 284, CIP 103273, JCM 9942, LMG 981, NCIMB 9152, VKM 1240, BCRC 15831, CCEB 322, CCUG 1823, CCUG 3368, KCTC 12497, NCAIM B.01950, NRRL B-2543, VKM B-1240, IMET 10400",1,Stenotrophomonas pictorum,1236960.5,obligate aerobe
,,,,,2713896885,
,,,,,2728369656,
,,,,,40324.139,
,,,,,GCA_001310775,
,,,,,GCA_001431585,
17560,"e-p10, p69","DSM 14405, ATCC BAA-473, CCUG 54934, JCM 13333, CCUG 47042, CIP 107801",1,Stenotrophomonas rhizophila,216778.7,obligate aerobe
,,,,,2576861471,
,,,,,GCA_000661955,
17567,R-32768,"CCUG 54880, DSM 18941, CIP 109813, LMG 23958",1,Stenotrophomonas terrae,2675903279,obligate aerobe
,,,,,405446.3,
,,,,,GCA_001431465,
140908,T5916-2-1b,"JCM 30961, NCIMB 15009",1,Stenotrophomonas tumulicola,1685415.3,obligate aerobe
,,,,,GCA_014117215,
159082,"Malle 15, Mal15","DSM 100215, LMG 29790",1,Stieleria maiorica,GCA_008035925,obligate aerobe
14878,33214,"DSM 45096, AS 4.1857, CIP 109030, JCM 12277, KCTC 19219, NBRC 100920, BCRC 16803, CGMCC 4.1857",1,Streptacidiphilus jiangxiensis,235985.3,obligate aerobe
,,,,,235985.5,
,,,,,2675903135,
,,,,,GCA_000787795,
,,,,,GCA_900109465,
14722,4055,"DSM 20575, ATCC 27823, CIP 103247, CCUG 24889, NCTC 11325, LMG 14507, JCM 12994, KCTC 15405, VPI 3810, NCDO 2226, NCIMB 702226",1,Streptococcus constellatus subsp. constellatus,184246.4,obligate aerobe
,,,,,76860.11,
,,,,,76860.28,
,,,,,GCA_008633005,
,,,,,GCA_023167545,
,,,,,GCA_900459125,
16142,AS-803,"DSM 40831, ATCC 12766, CBS 487.62, NRRL B-1518, RIA 497, JCM 4002, BCRC 12461, CGMCC 4.1662, CIP 108146, IFO 13860, KCTC 9662, KCTC 9741, NBIMCC 1606, NBRC 13860, NCB 260, NRRL B-2113, PCM 2364, CCRC 12461, KCC S-0002, IAM 0001, AS 4.1162, CGMCC 4.1162",1,Streptomyces abikoensis,97398.3,obligate aerobe
,,,,,GCA_014648775,
14934,"5045, 3008","DSM 40045, ATCC 12626, ATCC 23874, CBS 613.68, IFO 13196, IMRU 3008, ISP 5045, NBRC 13196, RIA 1112, JCM 4615, BCRC 13664, CGMCC 4.1461, CIP 104427, IFO 3438, IMET 42936, KCTC 9674, LMG 19364, NBRC 3438, NRRL B-1273, NRRL B-2373, VKM Ac-972, KCC S-0615",1,Streptomyces alboflavus,GCA_000716675,obligate aerobe
14943,,"DSM 40313, ATCC 25426, ATCC 3004, BCRC 10802, CBS 410.63, CBS 924.69, CCUG 33990, CECT 3077, CGMCC 4.1640, CIP 104432, ETH 20200, HUT 6613, IFM 1119, IMET 40241, ISP 5313, JCM 4177, JCM 4450, KCTC 1082, NBRC 13014, NBRC 3710, NCIMB 9558, NRRL B-1811, NRRL B-2208, RIA 1206, VKM Ac-35, IMRU 3004, IFO 13014, IFO 3710, NBIMCC 2385, VTT E-991426, KCC S-0177",1,Streptomyces albus subsp. albus,1888.3,obligate aerobe
,,,,,2651869737,
,,,,,GCA_000725885,
,,,,,GCA_000813365,
16326,,"DSM 41683, ATCC 15484, IAM 6A-704, IFO 3934, JCM 4053, KCC S-0053, NBRC 3934, NRRL B-2347, CGMCC 4.1918, CIP 106838, KCTC 1089, NRRL B-3306, VTT E-072759",1,Streptomyces angustmyceticus,285578.5,obligate aerobe
,,,,,285578.6,
,,,,,285578.7,
,,,,,285578.8,
,,,,,285578.9,
,,,,,GCA_002154415,
,,,,,GCA_009176265,
,,,,,GCA_019933235,
15005,,"DSM 40137, ATCC 19725, CBS 464.68, IFO 12741, INA 4776/54, ISP 5137, NBRC 12741, RIA 1006, CCUG 11112, CIP 108257, JCM 4345, BCRC 12073, CECT 3316, CGMCC 4.1405, IMET 43088, INA 4776, LMG 19306, NRRL ISP-5137, VKM Ac-970, VTT E-052933, CBS 464-68, IPV 1612",1,Streptomyces atroolivaceus,GCA_000717025,obligate aerobe
16214,MA-4680,"DSM 46492, ATCC 31267, CIP 107838, FERM P-4027, IMET 43778, JCM 5070, KCC S-1070, NRRL 8165, BCRC 12382, CECT 3280, CGMCC 4.1807, CGMCC 4.2072, IFO 14893, KCTC 9063, KCTC 9698, NBIMCC 3394, NBRC 14893, NCIMB 12804, VKM Ac-1301, VTT E-042732",1,Streptomyces avermitilis,227882.28,obligate aerobe
,,,,,227882.48,
,,,,,227882.9,
,,,,,2609460021,
,,,,,2711768182,
,,,,,2816332348,
,,,,,33903.11,
,,,,,33903.29,
,,,,,33903.3,
,,,,,637000304,
16366,,"DSM 41794, AS 4.1718, CCRC 16309, CCTCC 99005, JCM 11882, YIM 6, BCRC 16309, CGMCC 4.1718, CIP 107862, KCTC 9970, NBRC 100044",1,Streptomyces beijiangensis,163361.3,obligate aerobe
,,,,,GCA_017315755,
15052,"445 D1, 445-D1","DSM 40029, ATCC 19731, CBS 470.68, ETH 31571, IFO 12747, ISP 5029, NBRC 12747, RIA 1012, JCM 4184, BCRC 13387, CECT 3257, CGMCC 4.1647, CIP 108151, JCM 4565, NCB 77, NCIMB 9800, NRRL B-5480, VKM Ac-766, CCRC 13387, KCC S-0565, AS 4.1647",1,Streptomyces blastmyceticus,2582581649,obligate aerobe
,,,,,2582581650,
15055,,"DSM 40262, ATCC 25435, CBS 163.64, CBS 667.69, ETH 23899, IFO 13023, ISP 5262, JCM 4459, NBRC 13023, RIA 1215, BCRC 12063, CGMCC 4.1669, CIP 105278, KACC 20131, MTCC 4729, NRRL ISP-5262, VKM Ac-1755",1,Streptomyces bottropensis,1054862.11,obligate aerobe
,,,,,1054862.3,
,,,,,2517572239,
,,,,,2551306667,
,,,,,2582581526,
,,,,,GCA_000340335,
,,,,,GCA_000383595,
16148,A-725,"DSM 40005, ATCC 11874, ATCC 23897, CBS 293.64, CBS 683.68, CCUG 11122, DSM 41431, ETH 13 355, IFO 12852, IMRU 3664, IPV 1776, IPV 2013, IPV 936, ISP 5005, JCM 4152, JCM 4633, KCC S-0152, KCC S-0633, LMG 5971, NBRC 12852, NCIB 8851, NRRL B-1285, RIA 1102, RIA 360, CIP 108152, BCRC 12169, CECT 3258, CGMCC 4.1084, HAMBI 1067, IMET 41381, NCB 93, NCIMB 8851, VKM Ac-876, CCRC 12169, AS 4.1084, AS 4.1706",1,Streptomyces cinnamoneus subsp. cinnamoneus,53446.1,obligate aerobe
,,,,,GCA_014650495,
16179,,"DSM 41427, AS 4.1861, IFO 13977, JCM 4550, KCC S-0550, NBRC 13977, NCIB 9752, NRRL 2666, CGMCC 4.1861, CGMCC 4.1915, CIP 106836, NCIMB 10502, NCIMB 9752, NRRL ISP-5087",1,Streptomyces decoyicus,249567.1,obligate aerobe
,,,,,249567.6,
,,,,,249567.7,
,,,,,249567.8,
,,,,,249567.9,
,,,,,2765236007,
,,,,,GCA_000715775,
,,,,,GCA_001270575,
,,,,,GCA_019880305,
16403,M7a,"DSM 41857, CCT 5476, CIP 107837, NBRC 101007, NRRL B-24297, CBMAI 498, JCM 13580, CBMAI 0498",1,Streptomyces drozdowiczii,1302724.4,obligate aerobe
,,,,,2734481941,
,,,,,GCA_001313325,
16158,"549-A1, 549-A1 (NIHJ 267)","DSM 40604, ATCC 27428, CBS 792.72, IFO 13491, ISP 5604, JCM 4029, NBRC 13491, NIHJ 267, NRRL B-1676, RIA 1452, RIA 733, BCRC 12424, CECT 3259, CGMCC 4.1086, CIP 108155, IMET 43412, JCM 4749, KCTC 9884, MTCC 2531, NCB 264, VKM Ac-903, CCRC 12424, KCC S-0749, AS 4.1086",1,Streptomyces eurocidicus,2862643501,obligate aerobe
,,,,,2863257063,
,,,,,66423.13,
,,,,,66423.15,
,,,,,GCA_002891295,
,,,,,GCA_014203505,
15136,,"DSM 40060, ATCC 12627, ATCC 19750, CBS 489.68, ETH 24304, IFO 13191, IMRU 3316, ISP 5060, NBRC 13191, NRRL B-1237, RIA 1031, CCUG 11113, CCM 3169, JCM 4366, BCRC 11469, CGMCC 4.1407, ICMP 1008, LMG 19307, NCIMB 12599, NRRL B-2924, PCM 2367, VKM Ac-767, VTT E-86262, CIP 108233",1,Streptomyces exfoliatus,GCA_000718175,obligate aerobe
,,,,,GCA_000725545,
15257,NA232-M1,"DSM 40004, AS 4.1368, ATCC 12628, ATCC 19763, CBS 501.68, CCM 3228, DSM 41062, ETH 28588, IFO 12776, IFO 3387, ISP 5004, JCM 4095, JCM 4580, KCC S-0095, LMG 5973, NBRC 12776, NBRC 3387, NRRL B-1068, NRRL B-1350, RIA 1043, RIA 132, VKM Ac-881, BCRC 13304, CCUG 11123, CECT 3250, CGMCC 4.1088, CIP 108156, LMG 19383, LMG 8601, MTCC 328, NCIMB 9623, PCM 2326, PCM 2345, CCRC 13304, KCC S-0580, AS 4.1088",1,Streptomyces griseocarneus,51201.1,obligate aerobe
,,,,,51201.8,
,,,,,GCA_014655595,
,,,,,GCA_020093395,
16229,"C1, 18-16, D 100, C<SUB>1</SUB>","DSM 40236, ATCC 23345, ATCC 23921, CBS 905.68, ETH 4289, IFO 12875, IMRU 3463, ISP 5236, KCC S-0047, KCC S-0644, NBRC 12875, NCTC 13033, RIA 1176, Waksman 18-16, JCM 4047, BCRC 13478, CBS 160.45, CCT 4836, CCUG 11104, CECT 3330, CFBP 4546, CGMCC 4.1419, CIP 105124, HAMBI 2315, IAM 12311, IFO 15744, JCM 4644, KACC 20084, KCTC 9080, KCTC 9135, LMG 19302, MTCC 4734, NBIMCC 2442, NBRC 15744, NCIMB 13023, NRRL B-2682, PCM 2331, VKM Ac-800, VTT E-072676, VTT E-991424",1,Streptomyces griseus subsp. griseus,1911.11,obligate aerobe
,,,,,1911.17,
,,,,,2634166340,
,,,,,2897015371,
,,,,,651716785,
,,,,,GCA_001723125,
,,,,,GCA_900105705,
,,,,,GCA_900460065,
15146,,"DSM 40395, ATCC 25497, CBS 105.72, CBS 957.69, ETH 16833, IFO 13085, IMRU 3375, ISP 5395, JCM 4226, JCM 4516, KCTC 9144, NBRC 13085, RIA 1277, BCRC 16231, CBS 105.27, CGMCC 4.1367, CGMCC 4.1774, CIP 105279, ICMP 12543, MTCC 4735, NRRL B-2555, VTT E-072713",0,Streptomyces griseus,1911.24,obligate aerobe
,,,,,GCA_014655335,
15293,201,"DSM 40037, ATCC 19772, CBS 510.68, IFO 12785, ISP 5037, KCC S-0098, KCC S-0586, NBRC 12785, NRRL B-1823, RIA 1052, OEU 201, JCM 4098, BCRC 13375, CECT 3261, CGMCC 4.1948, CIP 108157, HUT 6033, IFO 3839, IMET 43546, JCM 4586, KCTC 9781, NBRC 3839, NCIMB 9838, NRRL B-5484, RIA 592, VKM Ac-902, CCRC 13375",1,Streptomyces hiroshimensis,66424.5,obligate aerobe
,,,,,GCA_014650335,
136922,325-15,"CIP 108010, KCTC 9840, JCM 4427, IFO 16552, NBRC 16552",0,Streptomyces hygroscopicus,651716954,obligate aerobe
,,,,,651716955,
15311,M5-13184,"DSM 40578, ATCC 27438, CBS 773.72, DSM 41148, ETH 28553, IFO 13472, ISP 5578, JCM 4772, NBRC 13472, NRRL 2387, RIA 1433, BCRC 11611, CGMCC 4.1313, CGMCC 4.1527, CGMCC 4.2118, CIP 106840, KACC 20099, LMG 19335, MTCC 1105, NBIMCC 1154, NBIMCC 803, VKM Ac-831",1,Streptomyces hygroscopicus subsp. hygroscopicus,2724679234,obligate aerobe
,,,,,651716764,
,,,,,68042.6,
,,,,,GCA_001553455,
15324,"BL-703, BL 703, C8158","DSM 40824, ATCC 15420, CGMCC 4.1866, CIP 106834, IFO 13983, JCM 4965, LMG 19951, NBRC 13983, NRRL B-3822",1,Streptomyces ossamyceticus,GCA_001418475,obligate aerobe
16160,2305,"DSM 40254, ATCC 23930, CBS 914.68, ETH 24214, IFO 12884, IFO 3944, IPV 1999, ISP 5254, JCM 4188, JCM 4648, NBRC 12884, NBRC 3944, RIA 1180, BCRC 12421, BCRC 15107, CECT 3264, CIP 108148, KCTC 9875, NRRL B-1968, CCRC 12421, KCC S-0188",1,Streptomyces lilacinus,GCA_000715685,obligate aerobe
15393,"449, NNRL B-3352, NNRL B-8164","DSM 40221, ATCC 23934, CBS 918.68, IFO 12888, ISP 5221, JCM 4059, JCM 4650, NBRC 12888, RIA 1165, BCRC 12420, CBS 279.65, CGMCC 4.2007, CIP 108143, IFM 1082, IMET 42941, LMG 8603, NCB 258, NRRL B-3352, NRRL B-8164, VKM Ac-949, CCRC 12420, KCC S-0650",1,Streptomyces mashuensis,33904.3,obligate aerobe
,,,,,GCA_014654785,
16364,"BM-B-384, CH-M-1035, NNRL B-24196","DSM 41796, JCM 12681, NRRL B-24196, CIP 108132, NBRC 100915, NCIMB 14336",1,Streptomyces mexicanus,1305627.3,obligate aerobe
,,,,,2675903513,
,,,,,GCA_001313875,
15206,A26,"DSM 40593, ATCC 27431, CBS 783.72, IFO 13482, ISP 5593, NBRC 13482, NCIB 9609, NRRL B-1453, RIA 1443, JCM 4129, BCRC 12172, CCUG 11114, CGMCC 4.1302, CGMCC 4.1524, CIP 105783, IFO 3717, JCM 4754, KCTC 9779, LMG 19310, NBRC 3717, NCIMB 10505, NCIMB 9609, VKM Ac-994, IMRU 3665",1,Streptomyces microflavus,1303692.3,obligate aerobe
,,,,,2554235391,
,,,,,GCA_000385945,
16163,"IPCR 16-22, 16-22","DSM 40847, ATCC 29032, JCM 4168, KCC S-0168, BCRC 12165, CBS 199.75, CBS 207.78, CGMCC 4.1719, CGMCC 4.1851, CIP 108144, IFO 13819, NBRC 13819, NCIMB 11159, NRRL B-3729, RIA 1627, VKM Ac-928, VTT E-032076, CCRC 12165",1,Streptomyces mobaraensis,1223523.3,obligate aerobe
,,,,,1223523.8,
,,,,,2537561865,
,,,,,GCA_000342125,
,,,,,GCA_017916255,
16220,SF-337,"DSM 40503, ATCC 19166, CBS 717.72, IFO 13416, ISP 5503, NBRC 13416, RIA 1377, JCM 4673, BCRC 15169, CGMCC 4.1986, CIP 108145, JCM 4793, KCTC 19944, NRRL B-12429, VKM Ac-1916, KCC S-0793",1,Streptomyces morookaensis,1970.3,obligate aerobe
,,,,,1970.4,
,,,,,GCA_013030945,
,,,,,GCA_014656115,
16167,4779,"DSM 40259, ATCC 23940, CBS 924.68, ETH 15974, IFO 12893, IPV 1720, IPV 880, ISP 5259, JCM 4063, JCM 4655, NBRC 12893, NRRL B-2268, RIA 1184, BCRC 13374, CECT 3265, CIP 108153, HUT 6086, IFM 1035, IFO 3723, LMG 5979, NBRC 3723, NCB 266, NCIMB 9592, NRRL 2268, PCM 2251, RIA 605, VKM Ac-820, CCRC 13374, KCC S-0655",1,Streptomyces netropsis,2863263905,obligate aerobe
,,,,,55404.1,
,,,,,55404.11,
,,,,,GCA_014203545,
,,,,,GCA_014648835,
16168,FI 1096/13,"DSM 40846, IFO 15815, JCM 4544, KCC S-0544, NBRC 15815, NCIB 8936, NRRL 2886, VKM Ac-948, IPV 1983, BCRC 12453, CECT 3248, CGMCC 4.1650, CIP 108154, KCTC 9721, MTCC 2533, NCB 70, NCIMB 8936, RIA 1624",0,Streptomyces netropsis,2582581499,obligate aerobe
16172,"1882, FI 1882","DSM 40571, ATCC 23202, CBS 767.72, IFO 13466, IPV 1901, ISP 5571, JCM 4546, JCM 4807, NBRC 13466, NRRL B-3379, RIA 1427, BCRC 15173, CECT 3267, CGMCC 4.1989, CIP 108141, IFM 1226, KCTC 9870, VKM Ac-929, KCC S-0807",1,Streptomyces orinoci,GCA_003121295,obligate aerobe
14968,"B-28, BK-513","DSM 40799, ATCC 14510, BCRC 12331, CCRC 12331, CGMCC 4.1633, CIP 104431, JCM 4166, KCTC 9671, NBRC 13812, NRRL B-24287, VKM Ac-598, KCC S-0166, IFO 13812",1,Streptomyces pathocidini,GCA_001418495,obligate aerobe
15310,"BJ 6, 12096","DSM 40823, ATCC 14607, CGMCC 4.1873, CIP 106832, IFO 13786, IFO 13982, JCM 4954, LMG 19950, NBRC 13786, NBRC 13982, NRRL B-3248, KCTC 9782",1,Streptomyces platensis,249580.3,obligate aerobe
,,,,,249580.4,
,,,,,GCA_009811575,
,,,,,GCA_014656235,
15586,RL-34,"DSM 41658, ATCC 49173, JCM 7914, CFBP 4517, CGMCC 4.1765, CIP 105438, ICMP 12542, KACC 20101, KACC 20124, LMG 20323, MTCC 4733, NCPPB 4066, NRRL B-16523, VTT E-011978",1,Streptomyces scabiei,1930.6,obligate aerobe
,,,,,2897050335,
,,,,,GCA_000738715,
,,,,,GCA_001005405,
16397,IMSNU-1,"DSM 41840, IMSNU 21266, KCTC 9819, JCM 10116, CIP 105312, IFO 16255, IFO 16668, NBRC 16255, NBRC 16668, NRRL B-24310, IMSNU 1, IFO (now NBRC) 16255, IFO (now NBRC) 16668",1,Streptomyces seoulensis,2857083903,obligate aerobe
,,,,,73044.9,
,,,,,GCA_000725795,
,,,,,GCA_004328625,
16384,PK-BLUE,"DSM 41797, ATCC BAA-411, CIP 108060, JCM 12682, KCTC 9973, NBRC 101001, NRRL B-24240, BCRC 16379, NBRC 100916",1,Streptomyces speibonae,GCA_000715605,obligate aerobe
16126,04889,"DSM 40243, ATCC 27479, CBS 654.72, IFO 13353, ISP 5243, JCM 4859, NBRC 13353, NRRL 2414, RIA 1314, CCUG 37512, BCRC 11870, CGMCC 4.1770, IMET 43514, KCTC 9145, NCIMB 9824, VKM Ac-1769, VKM Ac-618, CCRC 11870, NCIB 9824, NRRL ISP-5243, CIP 108230",1,Streptomyces viridosporus,2806311004,obligate aerobe
,,,,,67581.3,
,,,,,GCA_002078235,
16365,CGLCC 4.1004,"DSM 41793, CCRC 16301, CGMCC 4.1004, YIM 41004, JCM 12115, BCRC 16301, CGMCC 4.3555, CIP 107977, KCTC 9969, NBRC 100781, NRRL B-24306",1,Streptomyces yunnanensis,156453.3,obligate aerobe
,,,,,2667527450,
,,,,,GCA_900142595,
7490,K300,"DSM 13056, ATCC BAA-168, CCUG 43135, JCM 11267, CIP 106947, IAM 15123, NBRC 103085, NCIMB 13774, VKM Ac-2508",1,Subtercola boreus,120213.8,obligate aerobe
,,,,,120213.9,
,,,,,2814123445,
,,,,,2832552210,
,,,,,GCA_003399685,
,,,,,GCA_006716115,
1081,RSH,"DSM 6307, ATCC 51227, CCM 4369, IFO 15565, NBRC 15565, JCM 12300, CGMCC 1.3671, CIP 104587, HAMBI 2098, KCTC 3572, LMG 16678, VTT E-011772",1,Sutcliffiella cohnii,1314751.3,obligate aerobe
,,,,,2731957650,
,,,,,2773857892,
,,,,,33932.3,
,,,,,GCA_001591425,
,,,,,GCA_002250055,
1142,"PN 121, JP 277","DSM 8719, ATCC 700161, CIP 105300",1,Sutcliffiella horikoshii,1076414.5,obligate aerobe
,,,,,2731957965,
,,,,,GCA_001648575,
2237,,"DSM 8309, ATCC 25869, NCTC 10717, CCUG 2341, JCM 1478, CCM 3592, CIP 80.20",1,Suttonella indologenes,13276.5,obligate aerobe
,,,,,2831780769,
,,,,,GCA_900460215,
166147,DRYC-M-16,"CGMCC 1.13881, KCTC 72015",1,Tabrizicola sediminis,GCA_004745575,obligate aerobe
68,170/96,"DSM 14915, CIP 107418, CCUG 55703",1,Roseomonas ludipueritiae,198093.3,obligate aerobe
,,,,,GCA_014490445,
5651,"R-2, R2","DSM 17995, ATCC 43398, IAM 14317, IFO 15946, NBRC 15946, NCIMB 2154, CCUG 35198, LMG 11612, CIP 103528, JCM 21157",1,Tenacibaculum maritimum,1349785.3,obligate aerobe
,,,,,2568526045,
,,,,,2802429273,
,,,,,GCA_000509405,
,,,,,GCA_900119795,
5647,KK10306,"DSM 13764, IFO 16307, NBRC 16307, MBIC 1140, CIP 107215",1,Tenacibaculum mesophilum,104268.2,obligate aerobe
,,,,,104268.24,
,,,,,104268.6,
,,,,,2695420951,
,,,,,2840679509,
,,,,,GCA_003867075,
,,,,,GCA_009362255,
,,,,,GCA_900129475,
3021,TU-16,"DSM 19605, CIP 108724, LMG 23030",1,Tepidicella xavieri,2770939514,obligate aerobe
,,,,,360241.4,
,,,,,GCA_004363315,
6138,4BON,"DSM 15512, CIP 107790",1,Tepidiphilus succinatimandens,224436.3,obligate aerobe
,,,,,GCA_006503695,
6285,,"DSM 20308, ATCC 6947, CCM 1655, IMET 10431, NCIB 8914, NCTC 4216, CCUG 23850, LMG 3818, CCTM La2715, CIP 102515, JCM 1365, BCRC 17052, CCUG 23928, CGMCC 1.2032, IAM 12345, IAM 14295, IFO 12960, IMSNU 21313, KCTC 9133, NBRC 12960, NCDO 1574, NCIMB 8914, NRIC 0156, NRRL B-4012, VKM Ac-1120, VKM B-669",1,Terrabacter tumescens,60443.3,obligate aerobe
,,,,,GCA_014646815,
6291,"1344-199, ID 3871","DSM 44267, CCM 4701, CIP 105511, IFO 16165, IMET 7848, NBRC 16165, JCM 10981, ATCC 700812, CCUG 39186, CCUG 43285, IAM 15303, IMSNU 22113, KCTC 9823",1,Terracoccus luteus,2778260946,obligate aerobe
,,,,,53356.3,
,,,,,GCA_003635045,
1518,002-051,"DSM 21620, IAM 15310, JCM 21760, KCTC 13937, CGMCC 1.7684, CIP 109484",1,Terribacillus halophilus,2675903149,obligate aerobe
,,,,,361279.6,
,,,,,GCA_900101385,
1519,002-048,"DSM 21619, IAM 15309, JCM 21759, KCTC 13936, CGMCC 1.7685, CIP 109483",1,Terribacillus saccharophilus,2636416060,obligate aerobe
,,,,,361277.14,
,,,,,361277.15,
,,,,,GCA_002335735,
,,,,,GCA_900110015,
17755,3576,"DSM 30193, ATCC 13524, IAM 15098, LMG 4021, NBRC 14992, CCUG 33443, JCM 21559, BCRC 17944, IFO 14992, LMG 10403, NCIMB 11299, CIP 109225",1,Terrimonas ferruginea,1123356.3,obligate aerobe
,,,,,2523533530,
,,,,,GCA_000425585,
1392,HS286,"DSM 21635, CCM 7597, JCM 15722",1,Thalassobacillus cyri,2675903014,obligate aerobe
,,,,,571932.3,
,,,,,GCA_900107755,
1391,G-19.1,"DSM 16966, CCM 7282, CECT 7046, CIP 108959",1,Thalassobacillus devorans,279813.4,obligate aerobe
,,,,,279813.5,
,,,,,2824388614,
,,,,,GCA_011761345,
,,,,,GCA_014635125,
1393,"18 OM, 18OM","DSM 22784, CECT 7566, JCM 16412",1,Thalassobacillus pellis,2901096299,obligate aerobe
,,,,,748008.3,
,,,,,GCA_016908295,
13966,M-5,"DSM 17429, CGMCC 1.3998, CIP 109533",1,Thalassospira xiamenensis,1123366.3,obligate aerobe
,,,,,1123366.5,
,,,,,1123366.7,
,,,,,2534681947,
,,,,,2681813519,
,,,,,GCA_000300235,
,,,,,GCA_900156715,
166266,ZS-4,"KCTC 72399, MCCC 1K03630",1,Thalassotalea mangrovi,2891238260,obligate aerobe
,,,,,GCA_005116735,
140797,,"KACC 18563, CGMCC 1.15922, YM 155",1,Thalassotalea profundi,2036687.3,obligate aerobe
,,,,,GCA_014653195,
13917,S2,"DSM 14742, LMG 26917, CIP 110164",1,Thauera aminoaromatica,1234381.3,obligate aerobe
,,,,,2537561694,
,,,,,GCA_000310185,
13921,"Bu B1211, BUB-1211","DSM 2080, ATCC 43655, IAM 12574, CCUG 51053, JCM 20651, NBRC 103042, CIP 107886",1,Thauera butanivorans,1219356.5,obligate aerobe
,,,,,2731957639,
,,,,,GCA_001591165,
13913,47Lol,"DSM 12138, CCUG 41526, JCM 21573, CIP 105981, IAM 15112",1,Thauera linaloolentis,1123367.11,obligate aerobe
,,,,,1123367.4,
,,,,,2531839277,
,,,,,2556921623,
,,,,,GCA_000310205,
,,,,,GCA_000621305,
13918,B4P,"DSM 14743, LMG 26918, CIP 110163",1,Thauera phenylacetica,1234382.3,obligate aerobe
,,,,,2531839276,
,,,,,GCA_000310225,
18040,7p75a,"DSM 12885, JCM 10246, ATCC 700841",1,Thermaerobacter marianensis,644966.3,obligate aerobe
,,,,,649633101,
,,,,,GCA_000184705,
132007,"A-0077, 1900","DSM 43795, CECT 3324, CIP 105591, CUB 1002, CUB 432, DSM 43310, IFM 1271, IFO (now NBRC) 15853, IFO (now NBRC) 16095, IMET 9528, IMSNU 22187, JCM 3077, KCC A-0077, KCTC 9618, NBRC 15853, NBRC 16095, NCIB 10169, IPV 1900, IFO 15853, IFO 16095, NCIMB 10169",1,Thermobifida alba,GCA_023208015,obligate aerobe
11256,"190 Th, T-322, 190Th, A-0263","DSM 43792, ATCC 27730, CUB 1000, IFO 14071, JCM 3263, NBRC 14071, NCIB 11185, BCRC 12532, CECT 3320, CIP 105594, HAMBI 1548, HAMBI 483, IMSNU 22189, KCTC 9052, MTCC 1754, NCIMB 11185, NRRL B-8184, VKM Ac-1952, CCRC 12532",1,Thermobifida fusca,1223522.4,obligate aerobe
,,,,,1223522.5,
,,,,,2681813022,
,,,,,2731957678,
,,,,,GCA_001313945,
,,,,,GCA_001592045,
17577,SGM-6,"DSM 14834, ATCC BAA-470, CIP 108356",1,Thermomonas hydrothermalis,213588.7,obligate aerobe
,,,,,2582581272,
,,,,,GCA_900129205,
16921,"B9, B<SUB>9</SUB>, A-0096","DSM 43183, ATCC 19995, CBS 141.67, IAM 14296, IMET 9551, JCM 3096, KCC A-0096, NCIMB 10081, CECT 3319, CIP 105592, HAMBI 1549, IFO 15933, IMSNU 22171, KACC 20052, KCTC 9072, NBIMCC 3643, NBRC 15933",1,Thermomonospora curvata,471852.6,obligate aerobe
,,,,,646311963,
,,,,,GCA_000024385,
167789,13-15A,"KCTC 15750, MCCC 1A13986",1,Thiomicrorhabdus indica,CP033040,obligate aerobe
,,,,,GCA_004293625,
11910,AL3,"DSM 13739, CBS 100465",1,Thioalkalimicrobium aerophilum,717772.5,obligate aerobe
,,,,,GCA_000227665,
11913,ASL8-2,"DSM 17327, UNIQEM U242",1,Thiomicrospira microaerophila,2593339162,obligate aerobe
,,,,,GCA_000934765,
17953,3As,"DSM 22701, CIP 110005",1,Thiomonas arsenitoxydans,651053077,obligate aerobe
,,,,,GCA_000253115,
140939,Z8,"CGMCC 1.12944, JCM 30358",1,Tianweitania sediminis,GCA_017813335,obligate aerobe
1970,GP25-8,"DSM 18235, CIP 109628, KACC 11589, LMG 24076, CCUG 54942, JCM 16392",1,Trinickia soli,2889805101,obligate aerobe
,,,,,380675.5,
,,,,,GCA_002879855,
,,,,,GCA_902859815,
13786,N-615G15,"DSM 23403, CIP 109181, MBIC 01146, NBRC 101030",1,Tritonibacter mobilis subsp. mobilis,2693429875,obligate aerobe
,,,,,2816332498,
,,,,,379347.143,
,,,,,379347.178,
,,,,,GCA_001681715,
,,,,,GCA_900106635,
17085,RQ-24,"DSM 17093, CIP 108686, LMG 22925",1,Truepera radiovictrix,646564586,obligate aerobe
,,,,,649638.3,
,,,,,GCA_000092425,
216,"1W3/01, W3/01","DSM 17162, CIP 109229, NCTC 13354, CCUG 59862",1,Trueperella bialowiezensis,2867050372,obligate aerobe
,,,,,312285.3,
,,,,,GCA_900637955,
17087,,"DSM 20162, ATCC 8368, CECT 3055, CIP 100753, IFO 12160, IFO 16083, IFO 16120, IMET 11082, JCM 10117, NBRC 12160, NBRC 16083, NBRC 16120, CCUG 35730, BCRC 16391, CECT 5333, IFM 0811, JCM 7663, KCTC 9821, NCDO 2349, NCIMB 702349, NCTC 13232",1,Tsukamurella paurometabola,2061.4,obligate aerobe
,,,,,2856776985,
,,,,,521096.18,
,,,,,521096.6,
,,,,,646564587,
,,,,,GCA_000092225,
,,,,,GCA_900460355,
17100,,"DSM 44142, CCUG 35732, JCM 10111, IMMIB D-1321, ATCC 700081, CIP 104791, IFM 0809, KCTC 9963, NCTC 13230, PCM 2578",1,Tsukamurella pulmonis,2634166370,obligate aerobe
,,,,,2700989555,
,,,,,2835265895,
,,,,,47312.1,
,,,,,47312.12,
,,,,,47312.13,
,,,,,GCA_001575165,
,,,,,GCA_900103175,
,,,,,GCA_900460155,
17093,"N1171, N 1171","DSM 44113, NCIMB 13947, CCUG 48751, JCM 12608, CIP 108213, IFM 10523",1,Tsukamurella spumae,44753.4,obligate aerobe
,,,,,GCA_012396015,
17101,,"DSM 44234, CCUG 38499, CIP 106771, JCM 10112, IMMIB D-1397, IFM 0810, KCTC 19177, KCTC 9965, NCTC 13231, PCM 2579",1,Tsukamurella tyrosinosolvens,2639762617,obligate aerobe
,,,,,2667527978,
,,,,,57704.13,
,,,,,57704.16,
,,,,,57704.19,
,,,,,GCA_001575155,
,,,,,GCA_900104775,
,,,,,GCA_900637875,
5658,,"DSM 16195, CCUG 47093, KCTC 12104, KMM 3912, CIP 108343",1,Ulvibacter litoralis,227084.13,obligate aerobe
,,,,,227084.16,
,,,,,2675903215,
,,,,,GCA_014651275,
,,,,,GCA_900102055,
11373,CMB NF1b,"DSM 19792, CCUG 49009, CIP 109318, UCCCB16",1,Undibacterium pigrum,2770939554,obligate aerobe
,,,,,401470.3,
,,,,,GCA_003201815,
164488,S11R28,"JCM 33224, KCTC 62668",1,Undibacterium piscinae,2883689839,obligate aerobe
,,,,,GCA_003970805,
23756,4400831,"DSM 27596, CCUG 49529, CIP 108446, KCTC 13178",1,Ureibacillus massiliensis,1211035.3,obligate aerobe
,,,,,1211035.4,
,,,,,2627853741,
,,,,,GCA_000772965,
,,,,,GCA_002200855,
1394,"p-11, HAMBI:1900","DSM 10633, HAMBI 1900, CIP 104857, KCTC 13004",1,Ureibacillus thermosphaericus,2861563776,obligate aerobe
,,,,,51173.6,
,,,,,51173.7,
,,,,,GCA_012396605,
,,,,,GCA_014202525,
3008,"351, B13-0-1 D, B13-0-1D","DSM 30034, ATCC 17713, DSM 66, IFO 15149, NBRC 15149, CCUG 1777, LMG 1797, JCM 20526, IAM 12373, IAM 13535, ICPB 3985, JCM 20895, CIP 103459, NCIMB 11964",1,Variovorax paradoxus,1321610.3,obligate aerobe
,,,,,2731957648,
,,,,,GCA_001591365,
141060,CV58,"NCIMB 15011, DSM 100910",1,Ventosimonas gracilis,2728369576,obligate aerobe
,,,,,GCA_001580025,
17316,1397-6,"DSM 21557, ATCC 51183, CAIM 609, CCUG 28805, CIP 103381, LMG 15976",1,Vibrio navarrensis,2690315860,obligate aerobe
,,,,,29495.14,
,,,,,GCA_000764325,
140872,KN3-8-4,"JCM 30071, LMG 28282, TISTR 2279, PCU 345",1,Virgibacillus kapii,1638645.3,obligate aerobe
1476,C-20Mo,"DSM 11483, ATCC 700290, CCM 4646, JCM 30552, CCUG 52350, CIP 105608, KACC 10867, KACC 14582, KCTC 3704, KCTC 3844, LMG 21520",1,Virgibacillus salexigens,1462526.12,obligate aerobe
,,,,,61016.3,
,,,,,61016.4,
,,,,,61016.5,
,,,,,GCA_014905415,
8036,Yu 438-5,"DSM 44794, CCUG 46559, CIP 107212, IFO 16421, JCM 11002, KCTC 13916, NBRC 16421, BCRC 16331, CGMCC 4.5555",1,Virgisporangium aurantiacum,175570.3,obligate aerobe
,,,,,GCA_016863635,
2000,"335, R-10-e","DSM 531, ATCC 17697, CCUG 1776, LMG 1199, IMET 10383, JCM 11282, BCRC 17389, CECT 4634, CIP 104763, IAM 12368, IAM 13533, ICPB 3984, JCM 20521, JCM 20893, KACC 10467, KACC 10791, NBRC 102504, NCIMB 11842, NRRL B-14690, NRRL B-4383, JCM 9691",1,Wautersia eutropha,1218105.7,obligate aerobe
,,,,,2731957713,
,,,,,GCA_001598755,
5661,"CL345/78, 9751","DSM 16922, ATCC 43766, CDC 9751, CIP 103040, NCTC 11634, CCUG 30538, JCM 21250, IAM 14551, IFO 16016, LMG 12995, NBRC 16016",1,Weeksella virosa,1014.5,obligate aerobe
,,,,,650377986,
,,,,,865938.3,
,,,,,GCA_000189415,
,,,,,GCA_900637795,
132995,CZ1127,"DSM 100787, CCTCC AB 2015089, KCTC 42864",1,Wenyingzhuangia fucanilytica,1790137.5,obligate aerobe
,,,,,2718217755,
,,,,,GCA_001697185,
17375,,"DSM 44902, CCUG 50873, CIP 109147, IMMIB RIV-956, JCM 13662, IFM 10667",1,Williamsia deligens,2596583530,obligate aerobe
,,,,,GCA_024171765,
17377,MT8,"DSM 44944, CIP 109299, NCIMB 14085, JCM 14345, BCRC 16833",1,Williamsia muralis,2756170164,obligate aerobe
,,,,,322609.6,
,,,,,GCA_003096955,
17374,SJS 0289/JS1,"DSM 44693, JCM 12070, NCIMB 13945, CIP 108354, KCTC 9945",1,Williamsia maris,2596583531,obligate aerobe
,,,,,GCA_024171815,
17378,,"DSM 45037, CCUG 53151, CIP 109522, IMMIB SR-4, JCM 14883, IFM 10863",1,Williamsia serinedens,2596583524,obligate aerobe
,,,,,GCA_024171725,
17439,7d,"DSM 21355, ATCC BAA-298, KCTC 12306, VKM B-2253, CIP 108462",1,Xanthobacter viscosus,2928234723,obligate aerobe
17584,P 25,"DSM 3586, ATCC 33913, NCPPB 528, PDDCC 13, CCUG 47691, LMG 568, CECT 97, ICMP 13, CFBP 5251, JCM 13371, BCRC 12846, CFBP 2350, CFBP 5241, CIP 100069",1,Xanthomonas campestris,190485.4,obligate aerobe
,,,,,637000344,
,,,,,GCA_000007145,
,,,,,GCA_020813135,
17596,,"DSM 3850, ATCC 11672, NCPPB 571, JCM 20466, CIP 107796, IAM 12307, ICMP 571, ICPB XB103, LMG 546, Dye XB1",0,Xanthomonas campestris,149696.4,obligate aerobe
17599,A960701,"DSM 16794, CFBP 4188, CIP 106774",1,Xanthomonas hortorum,109214.3,obligate aerobe
,,,,,2878089750,
,,,,,GCA_002939985,
,,,,,GCA_021352995,
5190,Rar,"DSM 16338, CIP 108895, NCIMB 14019",1,Xenorhabdus szentirmaii,1427518.3,obligate aerobe
,,,,,1427518.5,
,,,,,2597490185,
,,,,,GCA_000531455,
,,,,,GCA_002632585,
166369,CJ1-R5,"KACC 21265, CCTCC AB 2020030",1,Xylophilus rhododendri,2697032.3,obligate aerobe
,,,,,2883377308,
,,,,,GCA_009906855,
5729,TD-ZE3,"DSM 18435, CCUG 53613, NBRC 101990, CIP 109560",1,Zeaxanthinibacter enoshimensis,2731639225,obligate aerobe
,,,,,392009.4,
,,,,,GCA_004362865,
5853,JC2044,"DSM 15267, KCTC 12044, IMSNU 14003, CIP 108300",1,Zooshikella ganghwensis,1123509.3,obligate aerobe
,,,,,2524614643,
,,,,,GCA_000428585,
5731,SM-A87,"DSM 18752, CCTCC AB 206139, UCCCB18",1,Zunongwangia profunda,646564591,obligate aerobe
,,,,,655815.4,
,,,,,GCA_000023465,