ID,designation_header,strain_number_header,is_type_strain_header,species,Genome seq. accession number,Temperature
159652,R-68213,"DSM 105287, LMG 29911",1,Abditibacterium utsteinense,1960156.3,20
,,,,,GCA_002973605,
159837,OUC007,"KCTC 52933, MCCC 1K03450, JCM 32025",1,Abyssibacter profundi,2831460164,Oct-45
,,,,,GCA_003151135,
132478,L81,"DSM 29592, JCM 30920",1,Vallitalea guaymasensis,1185412.3,15-42
,,,,,GCA_003313305,
24718,FYK2218,"DSM 28897, KCTC 12899, NBRC 101209",1,Acanthopleuribacter pedis,442870.4,15-30
,,,,,GCA_017377855,
7517,CSC,"DSM 14247, CCUG 49701, NBRC 107788, CIP 109141, JCM 14300",1,Acaricomes phytoseiuli,1120917.3,15-30
,,,,,2517572146,
,,,,,GCA_000376245,
164491,HSLZ-75,"JCM 33270, CICC 6269",1,Acetilactobacillus jinshanensis,GCA_004359375,20-40
2,L 40,"DSM 3508, ATCC 15973, NCIB 8621, CCUG 18122, LMG 1261-t1, LMG 1261 1, CCTM 3043, NBRC 14818, JCM 7641, BCRC 11688, CCM 3620, CECT 298, CGMCC 1.1809, CIP 103111, ICMP 8807, IFO 14818, LMD 23.1, LMG 1261, LMG 1504, NCCB 23001, NCIMB 8621, VTT E-042567, VTT E-97828",1,Acetobacter aceti,2547132264,10
,,,,,2784746776,
,,,,,887700.1,
,,,,,887700.6,
,,,,,887700.7,
,,,,,GCA_000193495,
,,,,,GCA_000963905,
,,,,,GCA_004341595,
12,,"DSM 14362, ATCC 23765, LMG 1625, NCIMB 8894, JCM 17273, CIP 107722, VTT E-042461",1,Acetobacter cerevisiae,178900.5,10
,,,,,2724679583,
,,,,,GCA_001580535,
15,4H-1,"DSM 15549, IFO 16605, JCM 11196, NBRC 16605, NRIC 0482, CIP 107380",1,Acetobacter cibinongensis,1231339.3,10
,,,,,146475.5,
,,,,,2901808964,
,,,,,GCA_000963925,
,,,,,GCA_007989305,
13,,"DSM 14337, CIP 108768, LMG 1746, JCM 17274, ATCC 14337, BCRC 17641, VTT E-042462",1,Acetobacter malorum,178901.12,10
,,,,,2713897233,
,,,,,GCA_001580615,
16,21F-2,"DSM 15550, IFO 16606, NBRC 16606, NRIC 0481, JCM 11195, CIP 107379",1,Acetobacter orientalis,1231341.3,10
,,,,,146474.1,
,,,,,2899144674,
,,,,,GCA_000963965,
,,,,,GCA_007989335,
11,,"DSM 11825, LTH 2458, CIP 105762",1,Acetobacter pomorum,2828617574,10
,,,,,65959.23,
14,9H-2,"DSM 15548, IFO 16604, JCM 11197, NBRC 16604, NRIC 0483, CIP 107378",1,Acetobacter syzygii,1231343.3,10
,,,,,146476.13,
,,,,,2905254764,
,,,,,GCA_000964225,
,,,,,GCA_007989285,
5409,"Z-4391, Z-S11",DSM 8239,1,Acetobacterium bakii,2654587740,20
,,,,,52689.1,
,,,,,52689.11,
,,,,,GCA_001263355,
,,,,,GCA_008086625,
5407,"Z-4092, Z-B12",DSM 8237,1,Acetobacterium paludosum,52693.4,20
,,,,,GCA_008086595,
133323,AVA-1,"LMG 29108, NBRC 111463, PCU 352, TISTR 2383",1,Achromobacter aloeverae,2881412998,20.0-42.0
,,,,,GCA_004121055,
318,"12, 55B","DSM 30026, ATCC 15173, NCTC 8582, CCUG 407, LMG 1231, CIP 77.15, JCM 5490, LMG 3510, CECT 449, BCRC 12838, BCRC 14342, CCM 3427, CGMCC 1.1800, IAM 12370, IFO 15125, JCM 9657, NBRC 15125, NCIMB 11961, VTT E-991293, NCIB 11961",1,Achromobacter denitrificans,1255278.4,15-41
,,,,,2731957627,5
,,,,,2811995195,
,,,,,32002.3,
,,,,,32002.36,
,,,,,32002.39,
,,,,,GCA_001571365,
,,,,,GCA_900444675,
,,,,,GCA_902859715,
136807,Aulb.court,"CIP 60.83, CCUG 61949, LMG 1860, JCM 20672, IAM 12595",0,Achromobacter denitrificans,32002.37,15-37
,,,,,GCA_902859985,5
322,,"DSM 23807, CCUG 47057, LMG 6003, CIP 108202, API 201-3-84, Gilardi 3038",1,Achromobacter insolitus,217204.13,15-37
,,,,,217204.3,5
,,,,,217204.5,
,,,,,2751185845,
,,,,,2855745187,
,,,,,GCA_001971645,
,,,,,GCA_002209555,
,,,,,GCA_902859615,
136829,,"CIP 60.81, ATCC 13138, JCM 20671, IAM 12594, LMG 3415, JCM 9658",0,Achromobacter mucicolens,1389922.7,15-41
,,,,,GCA_902859995,5
320,366-5,"DSM 10342, ATCC 43552, CIP 60.75, IAM 12591, LMG 1873, JCM 20668, CGMCC 1.10399, NBRC 102461, NCTC 11970, CCUG 724, NBIMCC 557, Hugh 366-5",1,Achromobacter piechaudii,1216977.3,15-37
,,,,,2681812971,5
,,,,,72556.17,
,,,,,GCA_001571245,
,,,,,GCA_902859685,
309,,"DSM 653, ATCC 15749, CCUG 38886, LMG 1866, JCM 20676, CGMCC 1.10394, CIP 77.26, IAM 12600, IAM 12693, IAM 12694, JCM 20751, JCM 20752, NCIMB 11475, VKM B-1333, CCM 7494",1,Achromobacter ruhlandii,72557.63,15-41
,,,,,GCA_902859695,5
323,,"CIP 108199, DSM 23806, CCUG 47062, LMG 5911, API 198-2-84",1,Achromobacter spanius,217203.1,15-37
,,,,,217203.24,5
,,,,,2802429335,
,,,,,GCA_002812705,
,,,,,GCA_902859605,
168915,,"LMG 30378, CCUG 71558",1,Achromobacter veterisilvae,2069367.3,4.0-45.0
,,,,,GCA_900496975,
,,,,,UFQC01000000,
136825,,"CIP 71.33, JCM 9660, ATCC 27062, IAM 12685, LMG 3429, NCTC 10808",0,Achromobacter xylosoxidans,2841492466,15-41
,,,,,85698.131,5
,,,,,GCA_900475575,
297,KM543,"DSM 2402, ATCC 27061, DSM 10346, NRRL 84082, CCUG 56438, CIP 71.32, NCTC 10807, LMG 1863, CCM 2741, IFO 15126, NCIMB 12033, JCM 9659, CCUG 12689, CECT 467, CECT 927, IAM 12684, NBRC 15126, NRRL B-4082, NCIB 12033",1,Achromobacter xylosoxidans subsp. xylosoxidans,1216976.3,15-41
,,,,,1216976.8,5
,,,,,2558309085,
,,,,,2667527485,
,,,,,2731957707,
,,,,,85698.244,
,,,,,85698.28,
,,,,,GCA_000508285,
,,,,,GCA_001457475,
,,,,,GCA_001598595,
166226,G45-3,"CGMCC 1.16069, KCTC 62275",1,Acidibrevibacterium fodinaquatile,2841042143,20-45
,,,,,GCA_003352165,
133383,SK-11,"DSM 100508, NBRC 111227",1,Acidicapsa acidisoli,GCA_025685625,Oct-35
159709,4GSKX,"CGMCC 1.15449, LMG 29213",1,Acidicapsa dinghuensis,GCA_025685685,Dec-37
143,WH120,"DSM 25248, LMG 26244, NCCB 100371, VKM B-2677",1,Acidicapsa ligni,GCA_025685655,10
166169,MS2-2,"MCCC 1K02682, NBRC 112978",1,Acidimangrovimonas sediminis,2833082749,16-41
,,,,,GCA_002871005,
158421,JS278,"DSM 106790, VTT E-113202",1,Acidipropionibacterium virtanenii,2834914592,Dec-37
,,,,,GCA_003325455,
168482,"HW T5.17, UBOCC-M-3365","DSM 111007, UBOCC M-3365",1,Acidisoma cellulosilyticum,GCA_020621385,20
168457,"HW T2.11, UBOCC-M-3364","UBOCC M-3364, DSM 111006",1,Acidisoma silvae,GCA_020618775,20
67,HS-AP3,"DSM 16009, JCM 10600",1,Acidisphaera rubrifaciens,1231350.12,20-40
,,,,,GCA_000964365,
159192,CJ-2,"DSM 105150, KCTC 4683",1,Acidithiobacillus sulfuriphilus,1867749.3,15-30
,,,,,2840828123,
,,,,,GCA_003721225,
137426,,"CIP 104766, ATCC 19703, NCIMB 8345",0,Acidithiobacillus thiooxidans,2730918.3,10
,,,,,GCA_018853445,5
133033,PMMR2,"DSM 27394, LMG 28340",1,Acidobacterium ailaaui,2558860986,15.0-55.0
,,,,,GCA_000688455,
2900,P1G31,"DSM 16745, CFBP 3232, CCUG 64016, CIP 107058",1,Acidovorax anthurii,2636415976,10
,,,,,78229.3,5
2891,,"DSM 7227, ATCC 19860, ICMP 3183, ICPB PA117, NCPPB 1011, CCUG 15838, LMG 2117, CIP 106500, JCM 20985, CFBP 2425, IAM 13658",1,Acidovorax avenae,643561.4,10
,,,,,650716004,5
,,,,,GCA_000176855,
2903,R-24608,"DSM 19327, LMG 24103",1,Acidovorax caeni,2634166357,15-37
,,,,,2740892283,
,,,,,343013.6,
,,,,,GCA_001298675,
,,,,,GCA_900116825,
2902,,"DSM 17101, ATCC 33619, CFBP 2423, ICMP 2826, ICPB PC21, LMG 2364, NCPPB 961, NRRL B835, CCUG 21975, NRRL B-835, CIP 106435, LMG 5286",1,Acidovorax cattleyae,2634166355,10
,,,,,80868.3,5
,,,,,GCA_900104515,
2898,,"DSM 12644, CIP 106824, CCUG 49021, BSB 411",1,Acidovorax defluvii,2756170235,30-May
,,,,,86669.4,
2888,,"DSM 649, ATCC 11228, CCUG 2113, LMG 6221, LMG 2193, CCM 4561, CIP 103302, NCIMB 9938",1,Acidovorax facilis,GCA_023913775,30-Oct
,,,,,,5
158808,KNDSW-TSA6,"MTCC 12652, KCTC 52819, VTCC B-910010",1,Acidovorax kalamii,2839292028,20-37
,,,,,GCA_002245625,
2893,K2,"DSM 7481, ATCC 33996, CCUG 17394, ICMP 7733, LMG 5691, JCM 2397, CIP 106439, CFBP 4460, NCPPB 3698",1,Acidovorax konjaci,2634166315,10
,,,,,32040.4,5
,,,,,GCA_900112675,
135927,,"CIP 106433, CCUG 15836, LMG 1806, NCPPB 1392, ATCC 19882, ICMP 3960, CFBP 2426",0,Acidovorax oryzae,1408420.3,10
,,,,,2563366540,5
,,,,,GCA_000687165,
2905,N35,"DSM 23535, LMG 25767",1,Acidovorax radicis,2547132374,10.0-35.0
,,,,,999386.3,
,,,,,GCA_000204195,
2904,BL21,"DSM 25157, JCM 15909, KCTC 22399",1,Acidovorax soli,2675903230,Oct-42
,,,,,592050.4,
,,,,,GCA_900107605,
2892,,"DSM 7270, ATCC 49665, CCUG 11779, LMG 7169, CIP 103457, CCM 4562",1,Acidovorax temperans,2818991434,10
,,,,,80878.16,5
,,,,,GCA_006716905,
2899,,"DSM 16619, CFBP 4730, NCPPB 4283, CIP 107997",1,Acidovorax valerianellae,187868.3,30-Oct
,,,,,2615840716,5
,,,,,GCA_900102625,
8093,"2208, 81","DSM 30007, ATCC 19606, CIP 70.34, DSM 6974, JCM 6841, CCUG 19096, CGMCC 1.6769, IAM 12088, KCTC 2508, LMG 1041, LMG 10545, NBRC 109757, NCIMB 12457, NCTC 12156",1,Acinetobacter baumannii,1236532.3,10
,,,,,2534682196,
,,,,,2585427930,
,,,,,2609460113,
,,,,,2700989282,
,,,,,2916668946,
,,,,,470.10973,
,,,,,470.11567,
,,,,,470.11738,
,,,,,470.11739,
8095,,"DSM 30011, ATCC 23220, NCIMB 8208, NRRL B-551, CIP 68.38, LMG 1049, NCDO 709",0,Acinetobacter baumannii,470.3048,10
,,,,,GCA_001936675,
,,,,,GCA_022466815,
132687,"Piéchaud 5377, Piéchaud strain Rochefort","DSM 105126, ATCC 17978, CIP 53.77, LMG 1025, NCDC KC755, Bouvet and Grimont 8",0,Acinetobacter baumannii,2671180557,10
,,,,,2860756204,
,,,,,400667.121,
,,,,,400667.143,
,,,,,400667.7,
,,,,,400667.79,
,,,,,400667.8,
,,,,,400667.91,
,,,,,400667.92,
,,,,,400667.93,
135661,,"CIP 70.10, ATCC 15151",0,Acinetobacter baumannii,2684623147,10
,,,,,470.1738,
,,,,,470.4461,
,,,,,GCA_001457535,
138562,7788,"CIP 70.32, ATCC 17961",0,Acinetobacter baumannii,470.12449,10
,,,,,470.2202,
,,,,,GCA_015910475,
139048,,"CIP 70.22, ATCC 17945",0,Acinetobacter baumannii,470.3102,10
,,,,,GCA_001997285,
8126,B2,"DSM 14961, CIP 107474, CCUG 50765, CCM 7195",1,Acinetobacter baylyi,1120924.3,Oct-41
,,,,,1120924.5,
,,,,,2556921654,
,,,,,2565956683,
,,,,,GCA_000368685,
,,,,,GCA_000621045,
8145,69,"DSM 25435, ATCC 17924, CIP 70.12, LMG 1003, NIPH 521, CCUG 26493, ATCC 13702, NCIMB 9019",1,Acinetobacter bereziniae,1217650.3,Oct-37
,,,,,2547132297,
,,,,,2565956640,
,,,,,981324.3,
,,,,,GCA_000248295,
,,,,,GCA_000368925,
8131,"4BO2, 4B02","CCUG 50766, DSM 14964, CIP 107468, JCM 18991, CCM 7196, GTC 3697, KCTC 12414, NBRC 112580",1,Acinetobacter bouvetii,1120925.3,Oct-41
,,,,,1120925.4,
,,,,,202951.3,
,,,,,202951.7,
,,,,,2517093005,
,,,,,2565956682,
,,,,,2660238193,
,,,,,GCA_000368865,
,,,,,GCA_000373725,
,,,,,GCA_001485025,
8057,,"DSM 30006, ATCC 23055, CIP 81.08, CIP 81.8, LMD 22.16, CCUG 12804, LMG 1046, IFO 13718, Delft L360, JCM 6842, CECT 441, IAM 12087, KCTC 2357, LMG 10511, NBIMCC 3730, NBRC 13718, NCCB 22016, NCIMB 10694, NCTC 12983, VTT E-981117, LMD 98116",1,Acinetobacter calcoaceticus,2534682017,Oct-37
,,,,,2547132303,
,,,,,2660238279,
,,,,,471.18,
,,,,,471.46,
,,,,,981331.3,
,,,,,981331.5,
,,,,,GCA_000248175,
,,,,,GCA_000368965,
,,,,,GCA_000931735,
164592,WCHAc060005,"JCM 33509, CCTCC AB 2019139, GDMCC 1.1622",1,Acinetobacter chengduensis,GCA_003664645,20-37
,,,,,RCHC00000000,
140537,,"CCM 8641, CIP 110478, CCUG 67966, CNCTC 7573, DSM 107593, NIPH 2036",1,Acinetobacter colistiniresistens,1217696.3,15-35
,,,,,2565956665,
,,,,,GCA_000413935,
141331,,"CCUG 887, ATCC 17905, NCTC 10304, CIP 64.2, CNCTC 7582, NIPH 1860",0,Acinetobacter colistiniresistens,1217694.3,Oct-37
,,,,,2547132309,
,,,,,2565956660,
,,,,,981224.3,
,,,,,GCA_000248215,
,,,,,GCA_000369645,
139534,,"CIP 110480, NIPH 3623, ANC 3623, CCUG 67960, CCM 8635",1,Acinetobacter courvalinii,1217698.3,15-37
,,,,,2565956649,
,,,,,280147.3,
,,,,,280147.4,
,,,,,GCA_000369785,
,,,,,GCA_008802255,
,,,,,GCA_014635545,
140606,WCHA30,"KCTC 52503, GDMCC 1.1101, CCTCC AB 2016203, DSM 107594",1,Acinetobacter defluvii,2767802242,20-37
,,,,,GCA_001704615,
8132,"9AO1, 9A01","DSM 14967, CIP 107464, CCM 7197",1,Acinetobacter gerneri,1120926.3,Oct-41
,,,,,2565956694,
,,,,,GCA_000368565,
,,,,,GCA_000430245,
8097,O1,"DSM 590, ATCC 11171, CCUG 2491, CIP 63.46, LMG 988, NCIB 8250, NCIMB 8250",1,Acinetobacter guillouiae,106649.19,10
,,,,,1217655.3,
,,,,,2565956705,
,,,,,GCA_000368145,
,,,,,GCA_008802215,
8092,2446/60,"DSM 6962, ATCC 17906, CIP 64.3, NCTC 10305, CCUG 888, KCTC 12404, CCM 2358, LMG 996, NCIMB 12458",1,Acinetobacter haemolyticus,1217659.3,10
,,,,,2537561554,
,,,,,2582581441,
,,,,,29430.12,
,,,,,29430.62,
,,,,,GCA_000369065,
,,,,,GCA_000430205,
,,,,,GCA_900444835,
137495,,"CIP 64.4, ATCC 17907, NCTC 10306, CCUG 891",0,Acinetobacter haemolyticus,29430.61,Oct-41
,,,,,GCA_900444825,
137522,,"CIP 70.27, ATCC 19194",0,Acinetobacter haemolyticus,647000202,10
,,,,,707232.3,
,,,,,GCA_000164055,
139603,,"CIP 53.82, ATCC 17976",0,Acinetobacter indicus,1144671.3,Oct-41
,,,,,2565956663,
,,,,,756892.117,
,,,,,GCA_000369465,
,,,,,GCA_013449545,
8088,3865/60,"DSM 6963, ATCC 17909, CIP 64.6, NCTC 10308, CCUG 19095, NCTC 12154, LMG 999, NCIMB 12460",1,Acinetobacter johnsonii,1217663.3,10
,,,,,1217663.8,
,,,,,2537561556,
,,,,,2657245534,
,,,,,40214.15,
,,,,,40214.169,
,,,,,40214.29,
,,,,,40214.47,
,,,,,GCA_000368045,
,,,,,GCA_000949655,
138934,,"CIP 68.41, ATCC 9036, IAM 1517, LMG 983, NCDO 715, NCIMB 8154, JCM 20194, NBRC 102197",0,Acinetobacter johnsonii,40214.62,10
,,,,,GCA_007989645,
8086,64.5,"DSM 6964, ATCC 17908, NCTC 10307, CCUG 889, KCTC 12406, CIP 64.5, CCM 2376, LMG 998, NCIMB 12459",1,Acinetobacter junii,40215.64,10
,,,,,GCA_900444875,
8087,17AO4,"CCUG 50767, DSM 14968, CIP 107470, CCM 7198",0,Acinetobacter junii,1217666.3,10
,,,,,1217666.5,
,,,,,2534682023,
,,,,,GCA_000368665,
,,,,,GCA_000430225,
133403,BRTC-1,"ACCC 19936, JCM 31367",1,Acinetobacter larvae,1789224.3,Oct-45
,,,,,2767802241,
,,,,,GCA_001704115,
139049,,"CIP 70.36, ATCC 17987, NCTC 5867",0,Acinetobacter lwoffii,28090.77,Oct-37
,,,,,GCA_900444925,
139604,,CIP 102136,0,Acinetobacter lwoffii,1144665.3,Oct-37
,,,,,2565956644,
,,,,,GCA_000369685,
139605,,"CIP 64.7, ATCC 17910, NCTC 10309",0,Acinetobacter lwoffii,1144673.3,10
,,,,,2565956647,
,,,,,GCA_000369745,
139606,,"CIP 70.31, ATCC 9957, CCUG 61662, LMG 985, CNCTC Mi 3/65",0,Acinetobacter lwoffii,1217667.3,10
,,,,,2534682025,
,,,,,GCA_000369125,
139612,,CIP 101966,0,Acinetobacter lwoffii,1144662.3,Oct-37
,,,,,2565956646,
,,,,,GCA_000369725,
163942,GC2,"JCM 31073, DSM 26953",0,Acinetobacter mesopotamicus,1538357.4,Oct-35
,,,,,GCA_011058205,
139492,,"CIP 110444, NIPH 236, CCUG 67964, CCM 8639",1,Acinetobacter modestus,1217711.3,15-37
,,,,,1776740.3,
,,,,,2565956686,
,,,,,GCA_000367965,
,,,,,GCA_014636095,
8139,,"DSM 16617, CCM 7030, CCUG 48866, LMG 21765, NIPH 384, LUH 4616, CIP 108168",1,Acinetobacter parvus,2547132305,Oct-37
,,,,,2565956642,
,,,,,981333.4,
,,,,,981333.9,
,,,,,GCA_000248155,
,,,,,GCA_000368025,
134448,2288,CIP 102129,0,Acinetobacter parvus,1144664.3,10
,,,,,2565956675,
,,,,,GCA_000368305,
158638,LW15,"MCCC 1K03337, CICC 24241, KCTC 62134, JCM 32101",1,Acinetobacter piscicola,2791355509,Apr-32
,,,,,GCA_002233755,
8146,,"CCUG 61664, NCDC KC739, DSM 25618, ATCC 19004, CIP 70.29, LMG 1035, NIPH 519, RUH 2206",1,Acinetobacter pittii,1217672.3,10
,,,,,2537561555,
,,,,,2667527755,
,,,,,48296.27,
,,,,,48296.505,
,,,,,GCA_000369045,
,,,,,GCA_000836015,
,,,,,GCA_024390955,
139427,,"CIP 110482, NIPH 809, CCUG 14818, CCUG 67965, CCM 8640",1,Acinetobacter proteolyticus,1217713.3,15-37
,,,,,2565956687,
,,,,,GCA_000367945,
164465,S23,"JCM 33150, KACC 19921",1,Acinetobacter pullicarnis,GCA_006352475,May-32
8134,,"DSM 16038, CNCTC 6736, LMG 19576, NIPH 1034, CCUG 45560, KCTC 12409, CIP 107287, LUH 5832",1,Acinetobacter schindleri,1217988.3,Oct-41
,,,,,2565956681,
,,,,,GCA_000368625,
139607,,CIP 101934,0,Acinetobacter schindleri,1144661.3,Oct-41
,,,,,2565956657,
,,,,,GCA_000369585,
139608,,CIP 56.2,0,Acinetobacter sp.,1144672.3,Oct-37
,,,,,2565956668,
,,,,,GCA_000368445,
141333,,"CCUG 996, CIP 70.18, NCDC KC727, ATCC 17988, LMG 1031",0,Acinetobacter higginsii,1217700.3,Oct-37
,,,,,2565956678,
,,,,,GCA_000369525,
8133,4N13,"DSM 14970, CIP 107469, CCM 7199",1,Acinetobacter tandoii,1120927.3,Oct-41
,,,,,1120927.5,
,,,,,2556921011,
,,,,,2565956702,
,,,,,GCA_000400735,
,,,,,GCA_000621065,
8130,7N16,"DSM 14971, CIP 107465, CCUG 50768, CCM 7200",1,Acinetobacter tjernbergiae,1120928.3,30-Oct
,,,,,1120928.5,
,,,,,202955.4,
,,,,,2517572243,
,,,,,2565956679,
,,,,,2700989278,
,,,,,GCA_000374425,
,,,,,GCA_000488175,
,,,,,GCA_000759995,
8123,AB1110,"DSM 14962, CIP 107472, CCUG 50769, CCM 7201",1,Acinetobacter towneri,1120929.3,10
,,,,,1120929.6,
,,,,,2556921621,
,,,,,2565956698,
,,,,,GCA_000368785,
,,,,,GCA_000688495,
8135,,"CCUG 45559, ATCC BAA-617, KCTC 12410, CCM 7024, CIP 107286, DSM 16037, CNCTC 6735, LMG 19575, NIPH 137, LUH 3792",1,Acinetobacter ursingii,108980.91,Oct-37
,,,,,2547132306,
,,,,,2565956639,
,,,,,981336.4,
,,,,,981336.6,
,,,,,GCA_000248135,
,,,,,GCA_000368825,
139493,,"CIP 110483, NIPH 2168, RUH 65, CCUG 67967, CCM 8642",1,Acinetobacter vivianii,1217706.3,15-37
,,,,,1776742.3,
,,,,,2565956661,
,,,,,GCA_000369705,
,,,,,GCA_014635885,
159758,WCHA60,"CCTCC AB 2016204, GDMCC 1.1100, KCTC 52505",1,Acinetobacter wuhouensis,2767802240,20-35
,,,,,GCA_001696605,
24522,R46,"DSM 28448, CECT 7668, KCTC 23349",1,Actibacterium mucosum,1454373.5,15-37
,,,,,2576861736,
,,,,,2667527933,
,,,,,GCA_000647975,
141146,JN33,"CGMCC 1.16012, KCTC 52653, DSM 109121",1,Actibacterium pelagium,2029103.7,Oct-35
,,,,,2832254508,
,,,,,GCA_002285415,
,,,,,GCA_014644355,
141055,LS-811,"BCRC 80823, JCM 30681",1,Actibacterium ureilyticum,2832212542,15-40
,,,,,GCA_002285435,
17012,TTN02-30,"DSM 45449, KCTC 19541, NBRC 103687",1,Actinoallomurus purpureus,GCA_024055795,15-30
17006,"FYU A 116, A-116","DSM 43459, ATCC 27298, BCRC 13386, CBS 261.72, CIP 105479, IFO 14099, IMET 9752, JCM 3146, KCC A-0146, KCTC 9252, NBRC 14099, NCIB 11118, NRRL B-16128, IMSNU 20015, MTCC 2556, NCIMB 11118, CCRC 13386, BRCC 13386",1,Actinoallomurus spadix,GCA_024055725,15-41
,,,,,,5
13192,"Y388=As 4.1159, Y-388","DSM 43889, IFO 14455, IMET 43868, JCM 6095, NBRC 14455, NRRL B-16252, CGMCC 4.1159, CIP 106755, KCCM 12121, VKM Ac-1271, AS 4.1159",1,Actinoalloteichus caeruleus,1120930.3,10
,,,,,2524614639,
,,,,,2585427525,
,,,,,GCA_000429185,
13193,RMV-1378,"DSM 44848, JCM 12472, MTCC 6194, BCRC 16823, CBS 11706, CIP 109023, NBRC 102582, NCIMB 14384",1,Actinoalloteichus spitiensis,1114962.3,20-37
,,,,,2563366745,
,,,,,GCA_000239155,
11688,P. 907,"DSM 22258, ATCC 13376, CCUG 24862, CIP 107664, MCCM 00398, CCM 5500, Wetmore 1706, HIM 1034-2",1,Actinobacillus arthritidis,GCA_029774155,15
11676,"11-61, P243","DSM 19761, ATCC 51571, CCUG 12396, CIP 103283, NCTC 11408",1,Actinobacillus capsulatus,1120931.3,15
,,,,,2519899771,
,,,,,GCA_000374285,
11690,"F 154, 8-11272","DSM 22436, CCUG 19799, NCTC 13195, CIP 107709",1,Actinobacillus equuli subsp. haemolyticus,GCA_029773665,15
138198,"NM305, NM 305","CIP 105314, CCUG 38923, DSM 113419",1,Actinobacillus minor,637911.3,15
,,,,,GCA_000175195,
11684,"NM319, NM 319","DSM 22435, CCUG 38924, CIP 105315",1,Actinobacillus porcinus,GCA_900773985,15
,,,,,GCA_901764995,
11683,"5, A51 and A65, K3844/C","DSM 22263, ATCC 15768, CCUG 27187, CIP 102633, NCTC 10851, Simmons K3844-C",1,Actinobacillus seminis,2806310645,15
,,,,,2834290966,
,,,,,722.6,
,,,,,722.7,
,,,,,GCA_002263215,
,,,,,GCA_900460625,
11687,130Z,"DSM 22257, ATCC 55618, CCUG 43843, CIP 106512",1,Actinobacillus succinogenes,339671.7,15
,,,,,640753001,
11670,3520/59,"DSM 5568, ATCC 25976, NCTC 10219, CCUG 2139, CIP 62.8, CCM 5774",1,Actinobacillus ureae,649989900,15
,,,,,887324.3,
,,,,,GCA_000188255,
144,,"DSM 20639, ATCC 33144, CCUG 19206, CIP 105361, LMG 18291, Soltys 50052",1,Actinobaculum suis,1657.8,10
,,,,,2675903157,
,,,,,GCA_900102025,
7796,KV-744,"DSM 45336, NBRC 101916, NRRL B-24477, JCM 15920",1,Actinocatenispora sera,390989.4,13-37
,,,,,GCA_000720965,
,,,,,GCA_018324685,
159707,A251,"CGMCC 4.7421, JCM 32178",1,Actinocorallia populi,2866127916,Oct-45
,,,,,GCA_002995495,
132014,OB1,"DSM 45618, ATCC BAA-2771",1,Actinocrinis puniceicyclus,977794.5,10
,,,,,GCA_018283645,13-30
,,,,,,20
,,,,,,20-25
132668,MI503-A4,"DSM 45934, NBRC 109632",1,Actinocrispum wychmicini,1213861.3,20.0-34.0
,,,,,2799112271,
,,,,,GCA_004345645,
13511,Mar-39,"DSM 45114, CCM 7461, KCTC 19294, JCM 17965, NBRC 106985",1,Actinokineospora alba,2775506708,20-37
,,,,,504798.7,
,,,,,GCA_004362515,
,,,,,GCA_900099755,
13206,YU 961-1,"DSM 44650, IFO 16518, NBRC 16518, JCM 11646, CIP 107896",1,Actinokineospora auranticolor,2731957505,Oct-37
,,,,,GCA_002934265,
24443,44EHW,"DSM 46700, BCC 53155, NBRC 108932",1,Actinokineospora bangkokensis,2865852738,Dec-39
,,,,,GCA_001940455,
13205,YU 924-101,"DSM 44649, IFO 16517, NBRC 16517, JCM 11647, CIP 107895",1,Actinokineospora enzanensis,1120934.3,10
,,,,,2518285603,
,,,,,GCA_000374445,
16924,SF2197,"DSM 43919, IFO 14695, JCM 6250, NBRC 14695, CGMCC 4.2100, CIP 107393, HUT 6547, IMSNU 22157, IMSNU 22161, KCTC 9620, MTCC 2560, NCIMB 12618",1,Actinomadura atramentaria,1120936.3,15
,,,,,2519899649,5
,,,,,GCA_000381885,
16996,3-46-b(3),"DSM 45347, JCM 13933, MTCC 8057",1,Actinomadura bangladeshensis,2866640805,20-45
,,,,,453573.3,
,,,,,GCA_004348335,
16988,3.24,"DSM 44772, AS 4.1522, IFO 16341, NBRC 16341, JCM 10667, CGMCC 4.1522, CIP 107903",1,Actinomadura catellatispora,2870794168,15
,,,,,95160.4,5
,,,,,GCA_014205085,
158480,LHW63021,"DSM 106125, CCTCC AA 2018015",1,Actinomadura craniellae,2856664274,20-40
,,,,,GCA_003289645,
16999,,"DSM 45200, CCTCC AA 208017, JCM 16896, YIM 61435",1,Actinomadura flavalba,2518645623,15-37
,,,,,561175.3,
,,,,,GCA_000374305,
16966,C-36820,"DSM 43997, ATCC 49059, IFO 14204, JCM 7474, NBRC 14204, BCRC 16355, CIP 105595, IFO 15870, IMSNU 22194, KCTC 9647, LMG 29178, NBRC 15870, NCIMB 12773, NRRL B-16984, VKM Ac-1954",1,Actinomadura formosensis,1220557.3,15
,,,,,2731957572,20
,,,,,2898624239,5
,,,,,GCA_001552155,
,,,,,GCA_900659625,
17005,A8036,"DSM 45508, KCTC 19868, JCM 19952",1,Actinomadura geliboluensis,GCA_005889745,20-45
16987,80-60,"DSM 44770, AS 4.1202, CIP 107902, DSM 43891, IFO 14668, JCM 6161, NBRC 14668, VKM Ac-1273, CGMCC 4.1202",1,Actinomadura glauciflava,2571042017,15
,,,,,GCA_024648845,5
16931,S-0203,"DSM 40398, ATCC 25469, CBS 702.69, CGMCC AS 4.1382, IFO 13057, ISP 5398, JCM 4203, KCC S-0203, KCC S-0491, NBRC 13057, RIA 1249, OEU 719, BCRC 16250, CECT 3283, CGMCC 4.1382, CGMCC 4.1516, CIP 105484, IMET 9672, IMSNU 20009, JCM 4491, KCTC 9341, NRRL B-12327, VKM Ac-1509",1,Actinomadura luteofluorescens,2844792859,15
,,,,,46163.3,5
,,,,,GCA_013409365,
16932,"FD 25934, A-0287","DSM 43862, ATCC 31286, IFO 14102, IMET 9754, JCM 3287, KCC A-0287, NBRC 14102, BCC 49509, BCRC 13378, CGMCC 4.1513, CIP 105532, IMSNU 22164, KCTC 9342, MTCC 2559, NCIMB 14303, NRRL B-16124, TBRC 2223",1,Actinomadura macra,1220564.3,15
,,,,,2731957575,5
,,,,,GCA_001552215,
16933,,"DSM 43067, ATCC 19425, CCM 136, IAM 14277, IFO 14623, IMRU 1190, JCM 7436, NBRC 14623, NCTC 5654, CCUG 32944, CCTCC AB 2010169, CECT 3043, CGMCC 4.1224, CIP 105487, HAMBI 1926, IFM 0585, IMET 9585, KCTC 9192, MTCC 1120, NCIMB 13469, NRRL B-3843, VKM Ac-809, IFO 13909, NBRC 13909",1,Actinomadura madurae,1993.7,15
,,,,,2634166331,5
,,,,,GCA_900115095,
16985,A290,"DSM 44485, NRRL B-24203, JCM 13236, CIP 108420",1,Actinomadura mexicana,134959.3,15
,,,,,2724679706,5
,,,,,GCA_900188105,
140490,CYP1-1B,"JCM 16995, KCTC 39784, PCU 349, TISTR 2400",1,Actinomadura montaniterrae,2898631135,20-45
,,,,,GCA_008923365,
16986,"FH-A 1198, ID 90-506, FH A 1198","DSM 44197, CIP 108365, NRRL B-24153, HAG 010767, JCM 13238, CPCC 201670",1,Actinomadura namibiensis,182080.3,15
,,,,,2861542065,5
,,,,,GCA_014138665,
16950,A19,"DSM 43383, ATCC 33385, JCM 3388, NCTC 4162, CCUG 38891, CIP 105483, HUT 6549, IAM 12634, IMET 9693, IMSNU 22169, KCTC 9110, NBRC 103052, NRRL B-3997",1,Actinomadura pelletieri,1120940.3,15
,,,,,2728369498,5
,,,,,GCA_003634705,
164563,LD22,"JCM 33455, CCTCC AA 2018050",1,Actinomadura physcomitrii,2898562265,20-45
,,,,,GCA_008923205,
166237,,"LMG 30035, CECT 9808, ATCC 53664",1,Actinomadura roseirufa,111802.3,15-37
,,,,,2094049.3,
,,,,,GCA_900659635,
17003,CS5-AC15,"DSM 45251, KCTC 19559",1,Actinomadura rupiterrae,2863206357,20-42
,,,,,GCA_024172125,
16970,2991,"DSM 43750, ATCC 49883, IFO 15178, IMET 9705, JCM 7345, NBRC 15178, BCRC 16817, CIP 105486, IFO 15275, IMSNU 22192, INMI 2991, KCTC 9493, NBRC 15275, VKM Ac-1470",0,Actinomadura viridilutea,1220567.3,15
,,,,,2731957576,5
,,,,,GCA_001552235,
16945,"Mt-1, A-0325","DSM 43175, ATCC 27103, CBS 833.70, IMET 9546, JCM 3112, KCC A-0112, BCRC 13398, CIP 105478, IFO 15238, IMSNU 20019, KCTC 9290, NBRC 15238, VKM Ac-1315, CCRC 13398",1,Actinomadura viridis,2880505610,May-41
,,,,,58110.3,
,,,,,GCA_015751755,
177,"M1327/95/1, M1327/96/1","DSM 15435, CCUG 37421, CIP 106647",1,Actinomyces bowdenii,131109.7,10
,,,,,GCA_017592395,
189,R18165,"DSM 19115, CCUG 48064, CIP 108337, KCTC 15232",1,Actinomyces dentalis,1120941.3,10
,,,,,2523533597,5
,,,,,GCA_000429225,
149,Sh8/4303,"DSM 20671, ATCC 43322, NCTC 11490, CCUG 32758, CIP 103126",1,Actinomyces denticolens,2808606642,10
,,,,,52767.4,
,,,,,52767.5,
,,,,,52767.7,
,,,,,GCA_001995055,
,,,,,GCA_002072185,
,,,,,GCA_900445045,
159,2-606-032,"DSM 6844, ATCC 23860, CDC W838, CIP 105418, JCM 12963, VPI 12594, CCUG 32936, CCUG 34703",1,Actinomyces gerencseriae,1120943.3,10
,,,,,2524023137,
,,,,,GCA_000429265,
151,Jr 277 (CDC W855),"DSM 43320, ATCC 12102, JCM 12964, CCUG 18307, IMET 10792, CCUG 2271, NIH 277, WVU 46, CIP 103259, KCTC 15377, NCTC 12972",1,Actinomyces israelii,1120944.3,10
,,,,,1659.4,
,,,,,2565956542,
,,,,,2843235134,
,,,,,GCA_000711965,
,,,,,GCA_900637225,
154,,"DSM 43013, ATCC 12104, CCUG 2238, NCTC 10301, CDC W826, JCM 8349, NIH 279, WVU 45, CCUG 18310, CIP 103128",1,Actinomyces naeslundii,1655.49,10
,,,,,2531839542,
,,,,,GCA_001956585,
176,AO 96-06841,"DSM 15433, CCUG 36733, CIP 106352",1,Actinomyces radicidentis,111015.3,10
,,,,,2687453525,
,,,,,GCA_001553565,
178,,"DSM 15434, CCUG 38702, CIP 106421",1,Actinomyces urogenitalis,525246.3,10
,,,,,643886015,
,,,,,GCA_000159035,
157,,"DSM 43327, ATCC 15987, CCUG 14476, NCTC 10951, WVU 745, NIH T-6, JCM 8353, CCUG 35450, CECT 488, CIP 103147, KCTC 15382, NBIMCC 71",1,Actinomyces viscosus,1656.7,10
,,,,,1656.9,
,,,,,2868063378,
,,,,,2868359304,
,,,,,GCA_004525795,
,,,,,GCA_900637975,
140287,VUL7,"DSM 103437, CGMCC 4.7366",1,Actinomyces vulturis,2791355098,Apr-55
,,,,,GCA_001687305,
159747,A-T 8314,"TBRC 5722, NBRC 113235",1,Actinomycetospora endophytica,GCA_021026375,15-30
,,,,,,20-25
132566,MB20,"DSM 46746, CECT 8960",1,Actinophytocola algeriensis,1768010.3,15
,,,,,1768010.4,20-40
,,,,,2863340477,
,,,,,2870820038,
,,,,,GCA_014203735,
,,,,,GCA_014874055,
13512,,"DSM 45499, BCC 31372, NBRC 105245, JCM 17236, TBRC 158",1,Actinophytocola oryzae,2728369520,30-Dec
,,,,,502181.3,
,,,,,GCA_004364325,
133108,11-183,"KCTC 39690, MCCC 1K02062, DSM 109075",1,Actinophytocola xanthii,2791354901,15-37
,,,,,GCA_001921205,
7847,A4029,"DSM 45518, KCTC 19984, NRRL B-24835, JCM 19953, NBRC 110796",1,Actinoplanes abujensis,2870584755,20-37
,,,,,882441.3,
,,,,,882441.4,
,,,,,GCA_014204895,
,,,,,GCA_016861995,
164277,,"JCM 32512, CGMCC 4.7580, LAM 7112",1,Actinoplanes solisilvae,GCA_003999975,20-45
7844,MN07-A0371,"DSM 45572, NBRC 105297, VTCC D9-10",1,Actinoplanes tereljensis,2919860931,20-28
,,,,,571912.3,
,,,,,GCA_016862435,
7843,Mar-72,"DSM 45184, CCM 7527, KCTC 19461, JCM 16606, NBRC 106528",1,Actinoplanes xinjiangensis,2695420963,Oct-37
,,,,,512350.3,
,,,,,512350.4,
,,,,,GCA_003148685,
,,,,,GCA_016862475,
11160,,"DSM 45243, CCTCC AA 208030, JCM 16897, YIM 48868",1,Actinopolymorpha alba,1120950.3,Oct-45
,,,,,2515154155,
,,,,,GCA_000373925,
11161,"06-2230, I06-2230","DSM 45117, CCM 7466, KCTC 19293, JCM 17964, CPCC 202808",1,Actinopolymorpha cephalotaxi,2675903058,20-28
,,,,,2827628540,
,,,,,504797.4,
,,,,,504797.5,
,,,,,GCA_013408535,
,,,,,GCA_900113145,
11159,,"DSM 18448, CCTCC AA 206004, JCM 16537, YIM 45725",1,Actinopolymorpha rutila,2830934857,15-37
,,,,,446787.3,
,,,,,GCA_013407855,
11158,IM 7744,"DSM 22024, CIP 107343, JCM 10761, KCTC 19907, NBRC 100040, NRRL B-24113, NCIMB 14324",1,Actinopolymorpha singaporensis,117157.3,15
,,,,,2636416006,5
,,,,,GCA_900104745,
24730,H55,"DSM 45460, CCUG 62965",1,Actinopolyspora mzabensis,2619619027,20-30
,,,,,995066.3,20-40
,,,,,GCA_900101095,
17634,GE134766,"DSM 44926, NRRL B-24431, JCM 14896, BCRC 16838, NBRC 102107",1,Actinospica acidiphila,GCA_000717315,17-33
17635,GE134769,"DSM 44927, JCM 14908, NRRL B-24432, BCRC 16839, NBRC 102112",1,Actinospica robiniae,2510065062,17-33
,,,,,479430.3,
,,,,,GCA_000504285,
133106,EBR-4-2,"KCTC 33604, JCM 30447",1,Actinotalea caeni,1348467.3,Oct-55
,,,,,2890385099,
,,,,,GCA_009733795,
133962,CF5-4,"KCTC 29134, CCTCC AB 2012198, DSM 112671, JCM 31479",1,Actinotalea ferrariae,2588254172,Apr-40
,,,,,948458.3,
,,,,,GCA_000603945,
158625,THG-T121,"KACC 19191, CGMCC 4.7389, JCM 32747",1,Actinotalea solisilvae,2072922.3,Oct-40
,,,,,GCA_016464425,
145,B 5329,"DSM 15541, CCUG 27420, CIP 105739, LMG 18293, CCM 4738",1,Actinotignum schaalii,1120932.3,10
,,,,,2524614731,
,,,,,2585427650,
,,,,,59505.5,
,,,,,GCA_000429205,
,,,,,GCA_000724605,
146,R9242,"KCTC 15231, DSM 15805, CCUG 46093, CIP 107424",1,Actinotignum urinale,1120933.3,10
,,,,,2524614758,
,,,,,GCA_000420445,
159835,J103,"DSM 104434, MCCC 1K03288",1,Acuticoccus kandeliae,2073160.3,20-30
,,,,,2832851782,
,,,,,GCA_003073115,
166457,PTG4-2,"MCCC 1A01274, KCTC 52323",1,Acuticoccus sediminis,2889575115,Apr-40
,,,,,GCA_003258595,
168438,HG15A2,"VKM B-3444, CECT 30427, DSM 29816",1,Adhaeretor mobilis,GCA_007741515,20
133587,6515J-31,"KACC 14117, NBRC 106133",1,Adhaeribacter aerolatus,670289.3,Oct-35
,,,,,GCA_007991635,
3764,MBRG1.5,"DSM 16391, NCIMB 14008",1,Adhaeribacter aquaticus,2511231049,Apr-37
,,,,,926549.3,
,,,,,GCA_000473365,
158784,17mud1-7,"KCTC 52873, NBRC 112824",1,Adhaeribacter swui,2086471.3,18-37
,,,,,GCA_014217805,
132905,M-07,"DSM 104993, JCM 17746, KCTC 23732",1,Advenella faeciporci,797535.4,Oct-45
,,,,,GCA_014652395,
385,,"DSM 23814, CCUG 45225, LMG 22250, CIP 108657",1,Advenella incenata,267800.3,15-37
,,,,,2802429727,5
,,,,,GCA_004217095,
383,WT001,"DSM 17095, LMG 22965, MTCC 7002",1,Advenella kashmirensis,1036672.2,Oct-42
,,,,,1036672.3,
,,,,,2515154053,
,,,,,GCA_000219915,
384,DPN7,"DSM 17166, LMG 22922",1,Advenella mimigardefordensis,1247726.11,15-40
,,,,,1247726.3,
,,,,,2548877156,
,,,,,GCA_000521505,
160122,Pan181,"DSM 29370, LMG 31346, CECT 9840, VKM B-3426",1,Aeoliella mucimassa,GCA_007748035,Oct-39
166411,,"KACC 15529, NBRC 108213, IMCC 3088",1,Aequoribacter fuscus,GCA_009910365,Oct-35
139658,,"CIP 107457, DSM 14231, LMG 21431, ACAM 640",1,Aequorivita antarctica,153266.3,15-30
,,,,,2835100215,20
,,,,,GCA_900489835,5
140229,D-24,"DSM 101732, KCTC 42708",1,Aequorivita aquimaris,2608642109,Apr-43
,,,,,GCA_001573155,
5479,A71,"DSM 23843, JCM 15070, KCTC 22183",1,Aequorivita capsosiphonis,1120951.3,Apr-40
,,,,,2524023070,
,,,,,GCA_000429125,
5476,Y10-2,"DSM 14236, ACAM 641, CIP 107455, LMG 21430",1,Aequorivita lipolytica,153267.3,20
,,,,,153267.4,25-May
,,,,,GCA_007997135,
139670,,CIP 111184,0,Aequorivita sp.,2211356.3,20
,,,,,2835107702,
,,,,,GCA_900489465,
5477,3-Sep,"DSM 14238, ACAM 643, CIP 107454, LMG 21432",1,Aequorivita sublithincola,2509276063,-27
,,,,,746697.3,15-25
,,,,,GCA_000265385,10-Feb
,,,,,,5
24014,8-1b,"DSM 26349, CGMCC 1.11023, JCM 18497",1,Aequorivita viscosa,2622736533,Apr-39
,,,,,2667527447,
,,,,,797419.3,
,,,,,797419.4,
,,,,,GCA_900106795,
,,,,,GCA_900141955,
139663,,"CIP 108845, KMM 3516, IFO 16718, NBRC 16718, JCM 11732",1,Aequorivita vladivostokensis,171194.13,15-37
,,,,,2627853707,5
,,,,,GCA_000952855,
226,"UW06, UW 06","DSM 15819, CCM 4911, CCUG 28831, CIP 106115, JCM 18985, ATCC 48849, LMG 19525",1,Aerococcus christensenii,2687453475,10
,,,,,2728369595,
,,,,,525247.5,
,,,,,87541.3,
,,,,,GCA_001466745,
,,,,,GCA_001543105,
224,SS-1647,"DSM 15633, CCUG 43001, CDC 348-00, CIP 106533, JCM 11549, ATCC BAA-465",1,Aerococcus sanguinicola,119206.53,10
,,,,,2687453481,
,,,,,GCA_001543145,
223,E2,"DSM 7446, ATCC 51268, JCM 18986, NCFB 2893, NCTC 12142, CCM 4310, CCUG 29291, CCUG 29564, CCUG 34223, CCUG 36881, CIP 104688, IFO 15544, LMG 17750, LMG 19527, NBRC 15544, NCIMB 702893",1,Aerococcus urinae,1216979.3,10
,,,,,1376.123,
,,,,,1376.307,
,,,,,1376.448,
,,,,,2681812972,
,,,,,2687453482,
,,,,,GCA_001543175,
,,,,,GCA_001544335,
,,,,,GCA_002087935,
225,,"CCUG 42038 B, CCM 7338, DSM 15634, ATCC BAA-464, CIP 106675, JCM 18987, CCUG 42038, CCUG 42038b",1,Aerococcus urinaehominis,128944.7,10
,,,,,2619619005,
,,,,,GCA_001543245,
,,,,,GCA_900103385,
221,M1,"DSM 20340, ATCC 11563, CCM 1914, IAM 13649, JCM 20461, NCDO 1225, NCTC 8251, WDCM 00061, CCUG 4311, CIP 54.145, IAM 12302, IFO 12219, LMG 17931, NBRC 12219, NISL 7400, IMET 11154, NCIMB 11775, CECT 978",1,Aerococcus viridans,1377.15,10
,,,,,1377.3,
,,,,,2684623177,
,,,,,2811995224,
,,,,,647000207,
,,,,,655812.3,
,,,,,GCA_000178435,
,,,,,GCA_001543285,
,,,,,GCA_900445095,
133328,9H-4,"ZIM B1021, LMG 29165, CCM 8650, JCM 32379",1,Aeromicrobium choanae,2708742384,8.0-39.0
,,,,,GCA_900167475,
168559,M2KJ-4,"KCTC 49174, CGMCC 1.13666",1,Aeromicrobium endophyticum,GCA_003586285,4.0-30
,,,,,QUBR00000000,
11062,,"DSM 22238, JCM 14732, KCTC 19207, GBS 39, Gsoil 098",1,Aeromicrobium ginsengisoli,2866597551,30-Apr
,,,,,363867.3,
,,,,,GCA_004134905,
159668,,"DSM 105424, NBRC 112936, CPCC 204604",1,Aeromicrobium lacus,2834379153,Apr-37
,,,,,GCA_003426855,
11057,T2,"DSM 15272, LMG 21768, JCM 13314, CIP 108216",1,Aeromicrobium marinum,585531.4,10
,,,,,645951844,15-30
,,,,,GCA_000160775,
11063,SSW1-57,"DSM 19087, JCM 13811, NRRL B-24466, CIP 109549",1,Aeromicrobium tamlense,2833982808,Oct-42
,,,,,375541.3,
,,,,,GCA_013408555,
280,868E,"DSM 19111, CECT 7113, LMG 23376, CIP 109539",1,Aeromonas bivalvium,2639762879,4
,,,,,440079.3,
,,,,,GCA_000819765,
253,B-968,"DSM 7323, ATCC 15468, NRRL B-968, WDCM 00062, NCTC 12244, JCM 1060, BCRC 16001, CCM 4491, CCUG 25939, CECT 838, CGMCC 1.1960, CIP 76.16, GTC 00465, LMG 12160, LMG 3775, NCAIM B.01931, NCIMB 13016, CIP 110812",1,Aeromonas caviae,2654587763,10
,,,,,2852469294,5
,,,,,648.115,
,,,,,648.21,
,,,,,648.319,
,,,,,GCA_000819785,
,,,,,GCA_018360005,
,,,,,GCA_900476005,
237,"256, 544","DSM 30188, ATCC 15467, IFO 13282, NBRC 13282, CCUG 25938, LMG 3755, CIP 76.15, JCM 1043, BCRC 11554, CCM 7231, CECT 4221, IAM 12334, KCTC 12487, NCIMB 13740",0,Aeromonas caviae,2648501863,Oct-41
,,,,,648.22,5
,,,,,GCA_000820265,
269,P21,"DSM 17689, CCM 7146, CCUG 45377, CIP 107500, LMG 19562",1,Aeromonas dhakensis,196024.6,10
,,,,,2648501391,5
,,,,,GCA_000820305,
258,"S181, S-181","DSM 11577, CECT 4342, LMG 16330, CIP 104608, ATCC 51929",1,Aeromonas encheleia,2639762835,4
,,,,,73010.3,
,,,,,GCA_000819825,
248,J11,"DSM 6394, ATCC 49803, JCM 8355, CECT 4487, CIP 104434, LMG 12646, NCIMB 13209",1,Aeromonas enteropelogenes,2651869850,Oct-41
,,,,,29489.3,5
,,,,,29489.34,
,,,,,29489.38,
,,,,,29489.4,
,,,,,29489.44,
,,,,,GCA_000819845,
249,AH2,"DSM 7312, ATCC 49657, LMG 12223, JCM 8315, BCRC 15866, CCM 4368, CCUG 29544, CCUG 30367, CECT 4255, CECT 4256, CIP 103677, CNCTC 5358",0,Aeromonas enteropelogenes,2645727889,10
,,,,,29489.29,15
,,,,,29489.33,
,,,,,29489.39,
,,,,,29489.43,
,,,,,GCA_000820205,
265,"546, CDC-RH63","DSM 17534, ATCC 23309, CCEB 704, CCTM 885, CDC RH63, CIP 76.17, LMG 3774, NCIMB 74, JCM 8238, BCRC 13017, BCRC 14134, CCM 4354, CCUG 25942, CCUG 30340, CECT 4224, CNCTC 5356",1,Aeromonas eucrenophila,2645727995,May-41
,,,,,649.3,
,,,,,GCA_000819865,
283,717,"DSM 23621, CECT 7401, LMG 24681, CIP 110205",1,Aeromonas fluvialis,2639762841,4
,,,,,591962.3,
,,,,,GCA_000819885,
241,"NCIMB(QC) 50013, 543","DSM 30187, ATCC 7966, LMG 2844, NCDC 359-60, NCMB 86, NCTC 8049, WDCM 00063, CCUG 14551, CIP 76.14, JCM 1027, BCRC 13018, CCM 7232, CDC 359-60, CECT 839, HAMBI 1847, IAM 12337, IAM 12460, KCTC 2358, LMG 12156, LMG 13439, NCAIM B.01923, NCIMB 9240",1,Aeromonas hydrophila subsp. hydrophila,2906233676,May-41
,,,,,380703.7,
,,,,,639633004,
,,,,,644.2,
,,,,,644.645,
,,,,,644.85,
,,,,,GCA_000014805,
,,,,,GCA_001999685,
,,,,,GCA_018360025,
,,,,,GCA_900445175,
270,Au-1D12,"DSM 17695, CCM 7147, CCUG 46211, CIP 107985, LMG 19707",1,Aeromonas hydrophila subsp. ranae,208958.3,Oct-37
,,,,,2645728022,5
,,,,,GCA_000820325,
242,RM,"CCUG 14453, CCM 3653, JCM 2385, LMG 9073, DSM 4881, ATCC 33907, BCRC 12211, BCRC 14129, CECT 4232, CIP 103208, LMG 7907, NCIMB 2237",1,Aeromonas media,2645727928,4
,,,,,651.65,May-37
,,,,,651.66,
,,,,,651.7,
,,,,,GCA_000819985,
,,,,,GCA_018359985,
262,"848T, 848","DSM 17090, CECT 5864, LMG 22214, CCUG 50741, CIP 108676",1,Aeromonas molluscorum,2534681676,4
,,,,,,30-May
279,O-a-10-3,"CCUG 39350, ATCC BAA-243, NCIMB 13618, DSM 19604, CCM 4708, CECT 5176, CIP 105493, LMG 17541, DSM 1904",1,Aeromonas popoffii,2648501773,May-41
,,,,,70856.3,
,,,,,GCA_000820025,
288,WB4.1-19,"DSM 22539, CECT 7518, MDC 2511, CIP 110301",1,Aeromonas rivuli,2645728067,Jul-37
,,,,,648794.3,
,,,,,GCA_000820045,
275,20,"DSM 19634, ATCC 33658, CAIM 346, CECT 894, CIP 103209, JCM 7874, LMG 3780, NCIMB 1102, NCTC 12959, GTC 02802, IMET 11051, KCTC 12266, DSM 3241",1,Aeromonas salmonicida,2648501469,10
,,,,,2744054639,20
,,,,,29491.11,5
,,,,,29491.22,
,,,,,645.114,
,,,,,GCA_000820065,
,,,,,GCA_001643305,
,,,,,GCA_900445115,
278,,"DSM 21281, ATCC 33659, CECT 895, CIP 104001, HAMBI 1990, JCM 7875, LMG 14900, NCIMB 1110, CCUG 42781, BCRC 80543, LMG 3781",1,Aeromonas salmonicida subsp. achromogenes,645.182,20
,,,,,GCA_006246315,30-May
274,"T. Kimura 1-a-1, I-a-1","DSM 21760, ATCC 27013, CCM 4124, CECT 896, CIP 103210, IFO 13784, JCM 8191, LMG 3782, NCIMB 2020, JCM 7873, JCM 8234, NBRC 13784",1,Aeromonas salmonicida subsp. masoucida,1216980.4,May-37
,,,,,2576861489,
,,,,,645.18,
,,,,,GCA_000647955,
,,,,,GCA_006246135,
259,"34mel, 34 mel","DSM 12609, CAIM 16, CECT 5752, CCUG 44929, CIP 107036",1,Aeromonas salmonicida subsp. pectinolytica,1324960.19,May-37
,,,,,1324960.3,
,,,,,GCA_000447435,
,,,,,GCA_002735225,
273,"138, AS20/1/1","DSM 21293, ATCC 49393, CCM 4103, CECT 5179, CIP 104757, NCIMB 13210",1,Aeromonas salmonicida subsp. smithia,645.181,20
,,,,,GCA_006246305,25-Apr
,,,,,,22-May
286,A2-67,"DSM 24094, CECT 7402, LMG 24682, CIP 110203",1,Aeromonas sanarellii,2639763092,4
,,,,,633415.3,
,,,,,GCA_000820085,
261,,"DSM 16559, CCUG 47378, CIP 107798, IBS S6874",1,Aeromonas simiae,218936.3,10
,,,,,2648501404,5
,,,,,GCA_000820125,
276,strain 208,"DSM 19176, ATCC 43979, CCM 2807, CCUG 14830, CECT 4245, CIP 74.33, JCM 2139, LMG 3783, NCIMB 12065, NCTC 12979, CIP 74-33, BCRC 13066, CECT 837, HAMBI 1974, LMG 12159, VTT E-032002",1,Aeromonas sobria,2639763156,30-May
,,,,,646.37,
,,,,,646.4,
,,,,,GCA_000820145,
,,,,,GCA_018359945,
285,A2-50,"DSM 24096, CECT 7403, LMG 24683, CIP 110204",1,Aeromonas taiwanensis,2585427983,4
,,,,,2651869660,
,,,,,633417.3,
,,,,,633417.4,
,,,,,GCA_000699185,
,,,,,GCA_000820165,
256,,"CCUG 56447, CIP 107763, NCIM 5147, CCM 7323, CECT 5761, DSM 17676, MTCC 3249, NCIMB 5147",0,Aeromonas veronii,2645727532,Oct-41
,,,,,654.25,5
,,,,,GCA_000820285,
159185,Dysh456,"DSM 105662, NBRC 112897",1,Aerosticca soli,GCA_003967035,13-48
437,JC2043,"DSM 15266, KCTC 12043, IMSNU 14007, CIP 108412",1,Aestuariibacter halophilus,GCA_020687825,10
,,,,,,15-40
,,,,,,5
438,JC2042,"DSM 15300, KCTC 12042, IMSNU 14006, CIP 108413",1,Aestuariibacter salexigens,1120953.3,10
,,,,,2524614540,20-40
,,,,,GCA_000429145,5
12671,R27,"DSM 21549, JCM 14204, KCTC 19182, CIP 109737",1,Aestuariimicrobium kwangyangense,1120954.3,Apr-40
,,,,,2523533600,
,,,,,GCA_000421525,
160775,,"DSM 105254, KCTC 52945, NBRC 112960, SYSU M10001",1,Aestuariivirga litoralis,2219703.3,20
,,,,,2893929457,20-37
,,,,,GCA_003234965,
13874,BN 126,"DSM 2698, ATCC 35675, CIP 104405, NBRC 100434, NCIMB 2201",1,Afifella marina,1120955.3,Oct-41
,,,,,1120955.6,
,,,,,2595699009,
,,,,,GCA_003258905,
,,,,,GCA_016584015,
,,,,,GCA_900102695,
1782,34632,"DSM 17499, CCUG 43108, CIP 106344",1,Afipia birgiae,1197906.5,15-30
,,,,,2551306146,
,,,,,GCA_000308295,
1780,B91-007286,"DSM 7327, ATCC 49717, CCUG 30458, CIP 103517",1,Afipia broomeae,2537561905,15-37
,,,,,883078.3,
,,,,,GCA_000314675,
1777,"Cleveland clinic foundation strain, 411m, B91-007353, F6703, G1849","CCUG 30457, DSM 7315, ATCC 49720, CIP 103516",1,Afipia clevelandensis,2537561906,10
,,,,,883079.3,15
,,,,,GCA_000336555,
1781,34633,"DSM 17498, CCUG 45153, CIP 107022",1,Afipia massiliensis,211460.6,15
,,,,,2861716478,
,,,,,GCA_014203115,
141009,feces2,"MCCC 1A11450, KCTC 52708",1,Agaribacterium haliotis,2788499912,16-40
,,,,,GCA_002312815,
133571,"CC-SBABM117, SBABM117","BCRC 17964, CCM 7684, DSM 22517",1,Agaricicola taiwanensis,591372.3,20-40
,,,,,GCA_014635245,
141010,"17, 017","KCTC 42584, MCCC 1H00123",1,Agarilytica rhodophyticola,GCA_002157225,15-40
132992,hydD622,"DSM 105029, CGMCC 1.12692, KCTC 32543",1,Agarivorans aestuarii,1563703.3,30-Oct
,,,,,GCA_019670125,
133657,,"IAM 14998, LMG 21761, MKT 106, JCM 21469, NBRC 102603, CIP 108457",1,Agarivorans albus,182262.5,30-Oct
,,,,,GCA_000414175,5
,,,,,GCA_019670105,
22908,WH0801,"DSM 26780, CGMCC 1.10131, NRRL B-59247",1,Agarivorans gilvus,680279.1,Oct-45
,,,,,GCA_001420915,
,,,,,GCA_014636215,
11752,,"DSM 8324, ATCC 33384, CCUG 13227, CIP 52.106, NCTC 9710",1,Aggregatibacter actinomycetemcomitans,1120957.3,15
,,,,,2515154019,
,,,,,GCA_000372365,
164183,MO-CFX2,"JCM 32065, KCTC 15625",1,Aggregatilinea lenta,913108.7,20-37
,,,,,GCA_003569045,
7249,DL-4,"DSM 14575, UCM Ac-620, VKM Ac-1804, JCM 12206, IAM 15124, IAM 15138, NBRC 103053, CIP 108057",1,Agreia bicolorata,GCA_000938265,10
,,,,,,15-30
7248,P229/10,"DSM 14246, LMG 21000, JCM 12145, CIP 108226, IAM 15151, IAM 15171, LMG 19918, NBRC 103054, VKM Ac-2510",1,Agreia pratensis,GCA_900177685,30-Oct
6668,,"DSM 18527, JCM 14202, NRIC 0689, CIP 109571",1,Agrilactobacillus composti,1236950.3,Oct-37
,,,,,1423734.3,
,,,,,2576861770,
,,,,,2700989152,
,,,,,GCA_000583695,
,,,,,GCA_001436375,
164664,54-2,"JCM 33824, CCM 8896, KCTC 21120, LMG 31058, NCIMB 15154",1,Agrilactobacillus yilanensis,2885664702,15-37
,,,,,GCA_003946725,
134643,AF3.10,"CIP 107320, ATCC 51759, CFBP 5473, KCTC 12935, NCPPB 4096",1,Agrobacterium larrymoorei,1336249.3,30-May
,,,,,160699.4,
,,,,,2540341200,
,,,,,2846786412,
,,,,,GCA_000518585,
,,,,,GCA_005145045,
13580,,"DSM 30147, ATCC 19358, IFO 13532, NBRC 13532, NCIB 9042, CCUG 3354, IAM 12048, EX 3.24.2 (L 624), JCM 20371, BCRC 10372, CECT 4112, CIP 104325, HAMBI 1814, ICMP 5785, KACC 10798, KCTC 22091, LMG 140, NCCB 27005, NCIMB 9042, NCPPB 3001, EX 3.24.2",1,Agrobacterium radiobacter,1336745.4,10
,,,,,2571042120,5
,,,,,2868989325,
,,,,,2916111912,
,,,,,358.128,
,,,,,358.266,
,,,,,358.277,
,,,,,358.72,
,,,,,GCA_000421945,
,,,,,GCA_001541305,
13581,A 1,"CCUG 3355, DSM 30150, ATCC 4720, CCM 1000, IAM 14141, IAM 1524, NCIB 8150, JCM 21034, CIP 104335, LMG 182, NCIMB 8150",0,Agrobacterium tumefaciens,358.278,30-Oct
,,,,,GCA_011684035,5
13584,"B 6, B6","DSM 30205, ATCC 23308, CCM 1040, CIP B6, DSM 60574, ICPB TT 3, NBRC 102589, NCPPB 397, CCUG 725, CIP 67.1, LMG 187, IAM 13129, JCM 20845, CCEB 758, HAMBI 1811, ICMP 5856, ICPB TT3, LMG 28, NCPPB 2437, NCTC 13543",0,Agrobacterium radiobacter,358.254,10
,,,,,GCA_900455815,5
137357,"TT134, 6-1-2","CIP 104336, ATCC 15955",0,Agrobacterium radiobacter,358.373,10
,,,,,GCA_013318185,5
137664,C58,"CIP 104333, ATCC 33970",0,Agrobacterium radiobacter,176299.53,30-Oct
,,,,,176299.54,5
13573,"TR3, TR 3","DSM 6772, ATCC 13335, NCPPB 1854, JCM 20918, CFBP 1317, CIP 104332, HAMBI 1812, IAM 13569, ICMP 6428, ICPB TR3, IFO 13261, LMG 13935, LMG 156, NBRC 13261",1,Agrobacterium rubi,1220582.3,10
,,,,,2600255076,5
,,,,,28099.16,
,,,,,2913290767,
,,,,,GCA_000739935,
,,,,,GCA_017873055,
7253,V-108,"DSM 14215, CCM 4953, JCM 12132, CGMCC 1.7256, CIP 107635, IAM 15147, NBRC 103055",1,Agrococcus baldri,153730.4,30-Oct
,,,,,153730.5,
,,,,,2623620613,
,,,,,GCA_900114805,
7256,"R-17892t 2, R-17892t2","DSM 18061, CIP 109629, LMG 22410, JCM 14916",1,Agrococcus casei,1255656.3,20-30
,,,,,2835022881,
,,,,,GCA_900163565,
7258,SSW1-48,"DSM 22002, JCM 14256, KCTC 19198",1,Agrococcus jejuensis,2634166279,Oct-37
,,,,,399736.3,
,,,,,GCA_900099705,
7250,2002-39/1,"DSM 9580, ATCC 700087, IFO 16126, NBRC 100415, NBRC 16126, CCUG 35514, CIP 106528, JCM 9950, CGMCC 1.7260, IAM 15121, IMSNU 22118, NCIMB 13857, VKM Ac-1839",1,Agrococcus jenensis,2781126042,30-Oct
,,,,,46353.3,
,,,,,GCA_003752465,
24181,DNG5,"DSM 28114, CGMCC 1.6960, JCM 17488, NBRC 104260",1,Agrococcus terreus,574649.3,20-40
,,,,,GCA_014645235,
7271,,"DSM 15934, UCM 623, VKM Ac-1800, JCM 13565, CIP 108259, IAM 15234, IAM 15338, NBRC 103057, UCM Ac-623",1,Agromyces albus,205332.3,Oct-41
,,,,,2867580314,
,,,,,GCA_004134825,
7279,UMS-62,"DSM 21551, JCM 13584, KCTC 19181, CIP 109546",1,Agromyces allii,393607.3,Apr-33
,,,,,GCA_009749385,
7281,P27,"DSM 23870, JCM 15913, KCTC 19593",1,Agromyces atrinae,2844837950,Oct-37
,,,,,592376.3,
,,,,,592376.5,
,,,,,GCA_004134805,
,,,,,GCA_013407835,
7269,,"DSM 14598, AS 4.1717, CCTCC 001012, YIM 21741, JCM 12113, BCRC 16310, CCTCC AA 001012, CGMCC 4.1717, CIP 107976, IAM 15154, KCTC 9967, CCRC 16310",1,Agromyces aurantiacus,165814.3,10
,,,,,2893554490,
,,,,,GCA_016907355,
132611,AR33,"DSM 101731, LMG 29235, JCM 32431",1,Agromyces aureus,453304.3,30-Oct
,,,,,453304.8,
,,,,,GCA_001660485,
,,,,,GCA_009749365,
132534,"OAct-353, OAct353","DSM 28305, CGMCC 4.7180, NRRL B-59115, JCM 32487",1,Agromyces binzhouensis,1817495.5,Dec-36
,,,,,2866589525,
,,,,,GCA_004135055,
7261,,"DSM 8595, ATCC 51762, IMET 11525, VKM Ac-1340, JCM 9083, CIP 103632, IAM 15140, IFO 15780, LMG 16155, NBRC 15780",1,Agromyces cerinus subsp. cerinus,232089.3,10
,,,,,2698536811,5
,,,,,GCA_900142065,
7275,"CD 5, CD5","DSM 16389, NBRC 109085, NCIMB 14012, HKI 0327, JCM 14319, CIP 108741, IAM 15274",1,Agromyces humatus,GCA_021228295,15-37
7276,CD1,"DSM 16388, NCIMB 14011, HKI 0325, JCM 14320, IAM 15273, CIP 108740",1,Agromyces italicus,1120959.3,Oct-37
,,,,,2524023150,
,,,,,279572.3,
,,,,,2895207311,
,,,,,GCA_000421545,
,,,,,GCA_009749375,
7274,CD55,"DSM 16390, NCIMB 14013, HKI 0324, JCM 14321, IAM 15275, CIP 108739",1,Agromyces lapidis,279574.3,Oct-37
,,,,,GCA_009749405,
7266,8,"DSM 14595, IFO 16235, NBRC 16235, VKM Ac-2085, JCM 11431, CIP 107131, IAM 15144, KCTC 13907, NCIMB 13882",1,Agromyces luteolus,88373.3,10
,,,,,GCA_009729855,
7265,,"DSM 20152, ATCC 14004, JCM 3346, NCIB 7206, CIP 104860, IFO 15704, KCTC 3136, NBRC 15704, NCIMB 7206, VKM Ac-1388",1,Agromyces mediolanus,41986.5,10
,,,,,GCA_014648575,
168515,FW100M-8,"KACC 19308, NBRC 113048",1,Agromyces protaetiae,CP03549,15-35
,,,,,GCA_004135405,
7273,"108989, 20-5","DSM 16198, HKI 0320, JCM 14323, CIP 108989, IAM 15297, NCIMB 13989, NCIMB 13990",1,Agromyces salentinus,269421.3,Oct-37
,,,,,424795.3,
,,,,,GCA_009749395,
7277,Z33,"DSM 16689, NCIMB 14025, HKI 0340, JCM 14324, IAM 15298, CIP 108957",1,Agromyces subbeticus,1120960.3,Jun-37
,,,,,2524023187,
,,,,,GCA_000421565,
159616,SJ-23,"DSM 105049, CGMCC 4.7419",1,Agromyces tardus,GCA_003710805,Apr-37
7280,DS-10,"DSM 22016, JCM 14581, KCTC 19216",1,Agromyces terreus,2844602033,Oct-35
,,,,,GCA_009749465,
,,,,,GCA_024172065,
7270,XIL01,"DSM 15747, CIP 108592, LMG 21954, NBRC 109083, JCM 13315, IAM 15233",1,Agromyces ulmi,1302723.3,10
,,,,,2734481940,15-37
,,,,,GCA_001313305,
159867,D13,"KACC 19270, JCM 31634",1,Ahniella affigens,2021234.3,15-35
,,,,,2833611726,
,,,,,GCA_003015185,
13649,B9,"DSM 5890, ATCC 25656, IAM 12618, JCM 20689, CIP 106964, IFO 15762, LMG 133, NBRC 15762, NCIMB 2205",1,Ahrensia kielensis,1120961.3,May-37
,,,,,2517572121,
,,,,,GCA_000374465,
132966,LZD062,"DSM 28886, JCM 30117, MCCC 1K00254",1,Ahrensia marina,2654587732,Oct-37
,,,,,GCA_001293565,
6086,,"DSM 19219, CCTCC AB 207002, KCTC 12885, YIM 90637",1,Aidingimonas halophila,2693429859,Oct-45
,,,,,574349.3,
,,,,,574349.7,
,,,,,GCA_014651655,
,,,,,GCA_900106955,
132956,Pyt,"DSM 100705, CIP 110913",1,Akkermansia glycaniphila,2846452581,15-40
,,,,,GCA_001683795,
14116,BZ42,"DSM 22554, CGMCC 1.10187, CIP 110134",1,Albibacterium bauzanense,2734482284,25-May
,,,,,653929.4,20-25
,,,,,GCA_004339765,
13844,DS2,"DSM 17890, KCTC 12586",1,Albimonas donghaensis,2693429856,Oct-38
,,,,,356660.7,
,,,,,GCA_900106695,
133988,P-50-3,"KACC 16527, CGMCC 1.11030",1,Albimonas pacifica,1114924.3,Oct-40
,,,,,2667527406,
,,,,,GCA_900113695,
133384,"AER 10, AER10","DSM 100498, KCTC 42688",1,Alcaligenes endophyticus,GCA_026344035,Oct-45
327,"16 (R. Hugh 135), 135, 16","DSM 30030, ATCC 8750, CCM 1052, CIP 60.80, IFO 13111, NBRC 13111, NCDO 868, NCIB 8156, CCUG 1814, NCTC 11953, LMG 1229, JCM 20522, BCRC 10828, CCUG 1325, CECT 928, CGMCC 1.1786, HAMBI 1907, IAM 12369, IAM 12586, JCM 1474, JCM 20663, KCTC 2678, LMG 2100, LMG 3366, LMG 3369, LMG 3371, NCAIM B.01104, NCAIM B.02076, NCIMB 8156, VKM B-1518, VTT E-97056, IMET 10443, NBIMCC 153, CIP 55.84",1,Alcaligenes faecalis subsp. faecalis,1218102.3,May-41
,,,,,1218102.4,
,,,,,134375.5,
,,,,,2600255060,
,,,,,2690316351,
,,,,,2846866227,
,,,,,511.55,
,,,,,GCA_000739855,
,,,,,GCA_001298815,
,,,,,GCA_001748345,
337,G,"DSM 13975, CCUG 48316, CIP 106866, CCM 7340",1,Alcaligenes faecalis subsp. parafaecalis,GCA_026344135,May-37
395,MACL04,"DSM 23776, CECT 5683, LMG 22508, CIP 109716",1,Alcanivorax balearicus,GCA_025532145,Apr-37
391,SK2,"DSM 11573, ATCC 700651, CIP 105606",1,Alcanivorax borkumensis,393595.15,15-41
,,,,,637000004,5
,,,,,GCA_000009365,
394,B-5,"DSM 16502, CGMCC 1.3690",1,Alcanivorax dieselolei,285091.9,15-45
,,,,,GCA_014644575,4
133431,A-11-3,"CGMCC 1.7084, LMG 24624, MCCC 1A01496",1,Alcanivorax hongdengensis,1177179.3,Oct-42
,,,,,2531839231,
,,,,,GCA_000300995,
159770,SW127,"CGMCC 1.16233, KCTC 62652",1,Alcanivorax indicus,2202653.3,Aug-42
,,,,,2883121650,
,,,,,GCA_003259185,
133994,R8-12,"MCCC 1A00382, LMG 24621, CCTCC AB 208234",1,Alcanivorax marinus,GCA_025532125,Oct-42
158801,MT13131,"MCCC 1A11581, KCTC 52985",1,Alcanivorax mobilis,2838983600,Oct-42
,,,,,GCA_002864685,
140512,19-m-6,"MCCC 1A05629, KCTC 52137",1,Alcanivorax nanhaiticus,2600255028,Apr-41
,,,,,GCA_000756665,
11043,,"DSM 45001, KCTC 19149, YIM 45607, JCM 15626",1,Aldersonia kunmingensis,2744054611,Oct-37
,,,,,408066.4,
,,,,,GCA_001646865,
140562,SK-16,"NBRC 110220, KCTC 32974",1,Algibacter aquaticus,2791354951,30-Oct
,,,,,GCA_001747085,15-20
,,,,,,20
5480,M-3Alg 15-1,"DSM 15365, KCTC 12103, KMM 3902, JCM 21761, IAM 15311, LMG 23347, LMG 22573, NBRC 100591",1,Algibacter lectus,221126.12,Apr-35
,,,,,2634166310,4.0-35
,,,,,GCA_900112395,
134060,WS-MY22,"KCTC 32381, CECT 8301",1,Algibacter lectus,1343161.3,Apr-35
,,,,,1343161.5,
,,,,,1343161.6,
,,,,,2772190795,
,,,,,GCA_004368925,
,,,,,GCA_009807485,
,,,,,GCA_009830375,
12675,B-10-31,"DSM 14643, JCM 11461, CIP 108220",1,Algicola sagamiensis,1120963.3,10
,,,,,2519899678,5
,,,,,GCA_000374485,
166449,,"KCTC 62395, MCCC 1K03486, HHTR 118",1,Algihabitans albus,GCA_003572205,15-37
18152,DG1253,"DSM 24793, ATCC BAA-2243",1,Algiphilus aromaticivorans,1415780.3,Apr-37
,,,,,2574179776,
,,,,,GCA_000733765,
161828,,"JCM 16590, CGMCC 1.10229",1,Algoriella xinjiangensis,GCA_900115015,10
133393,S2-A1,"KACC 18987, JCM 31546",1,Algoriphagus aestuariicola,1852016.3,15-40
,,,,,GCA_017254835,
17709,"AC-74, AC74","DSM 22703, CIP 108470, LMG 22694",1,Algoriphagus alkaliphilus,2595698204,10
,,,,,279824.5,5
,,,,,GCA_900103735,
17695,R-10710,"DSM 15986, LMG 21980",1,Algoriphagus antarcticus,238540.3,20-May
,,,,,238540.5,20
,,,,,2739367658,
,,,,,GCA_002150685,
,,,,,GCA_003387655,
17704,,"DSM 23399, CCUG 47101, KMM 3958, LMG 21971, CIP 108555",1,Algoriphagus aquimarinus,237018.6,Apr-34
,,,,,2634166319,15-30
,,,,,GCA_900112005,5
164479,F21,"JCM 33187, KCTC 72106, KEMB 2250-007",1,Algoriphagus aquimaris,2547398.3,Oct-42
,,,,,GCA_004358035,
,,,,,SMUW00000000,
17702,T22,"DSM 17298, ATCC BAA-1189, NBRC 101277, JCM 18970",1,Algoriphagus boritolerans,1120964.11,16-37
,,,,,1120964.3,
,,,,,2599185235,
,,,,,2734481938,
,,,,,GCA_001313265,
,,,,,GCA_900108085,
17705,,"CIP 108556, DSM 19830, CCUG 47095, KMM 3957, LMG 21970",1,Algoriphagus chordae,237019.4,Apr-32
,,,,,2593339285,15-30
,,,,,GCA_003254055,5
17698,JC2051,"DSM 15292, IMSNU 14013, KCTC 12051, CIP 108304",1,Algoriphagus halophilus,226505.5,15-37
,,,,,2698536714,5
,,,,,GCA_900129785,
17712,7-UAH,"DSM 19315, CCM 7449, CECT 7267",1,Algoriphagus hitonicola,2622736517,20-40
,,,,,435880.7,
,,,,,GCA_900113375,
133329,S61,"DSM 102044, CCTCC AB 2015446",1,Algoriphagus iocasae,1836499.3,4.0-37.0
,,,,,2828441503,
,,,,,GCA_014206875,
167490,XY-J91,"MCCC 1K03612, KCTC 72216",1,Algoriphagus kandeliae,GCA_004571135,10
,,,,,SPSB00000000,15-50
170941,N3,"KCTC 62622, MCCC 1H00308",1,Algoriphagus lacus,GCA_003583985,4.0-45.0
,,,,,QXML01000000,
17707,MSS-170,"DSM 23445, KCTC 12310, JCM 12597, CIP 108874",1,Algoriphagus locisalis,2639762564,Apr-35
,,,,,305507.7,
,,,,,GCA_900116615,
133541,S1-3,"KCTC 22630, CCUG 57608",1,Algoriphagus lutimaris,613197.3,Apr-40
,,,,,GCA_017051705,
23439,PR1,"DSM 24695, ATCC BAA-2233",1,Algoriphagus machipongonensis,640612202,Oct-40
,,,,,GCA_000166275,
17700,JC2050,"DSM 15301, IMSNU 14012, KCTC 12050, CIP 108302",1,Algoriphagus mannitolivorans,1120965.3,15-41
,,,,,2523533553,5
,,,,,GCA_000429425,
140525,am2,"KCTC 52549, MCCC 1H00178",1,Algoriphagus marinus,2791355058,Apr-40
,,,,,GCA_001936475,
17699,JC2052,"DSM 15282, IMSNU 14014, KCTC 12052, CIP 108303",1,Algoriphagus ornithinivorans,226506.7,15-45
,,,,,2622736437,5
,,,,,GCA_900115305,
17703,IC025,"DSM 22686, ACAM 646, CIP 107452, LMG 21435",1,Algoriphagus ratkowskyi,2593339288,10
,,,,,57028.4,
,,,,,57028.6,
,,,,,GCA_002150505,
,,,,,GCA_003254355,
133121,NH1,"MCCC 1H00140, KCTC 52228",1,Algoriphagus resistens,2724679001,13-37
,,,,,GCA_001442615,
164064,M8-2,"JCM 31446, LMG 29969",1,Algoriphagus sanaruensis,2667527547,15-40
,,,,,GCA_001593605,
17708,DS-44,"DSM 22685, CIP 108837, KCTC 12545",1,Algoriphagus terrigena,1120967.3,Oct-36
,,,,,2523231064,
,,,,,GCA_000429445,
17710,,"DSM 17529, KCTC 12716, KMM 6241",1,Algoriphagus vanfongensis,1120968.3,Dec-35
,,,,,2523231017,
,,,,,GCA_000429465,
17701,M-2Alg 14,"DSM 15360, CCUG 47094, KMM 3956, LMG 21969, CIP 108557, JCM 13505",1,Algoriphagus winogradskyi,2724679815,Apr-39
,,,,,,May-37
24720,12C11,"DSM 25035, CGMCC 1.11027, MCCC 1F01099",1,Algoriphagus zhangzhouensis,1073327.4,Apr-40
,,,,,1073327.6,
,,,,,2617270825,
,,,,,2667528185,
,,,,,GCA_004366575,
,,,,,GCA_900148515,
498,AAM1,"DSM 23064, BCRC 17888, JCM 15522, JCM 31907",1,Aliagarivorans marinus,1120969.3,15-37
,,,,,2523533543,
,,,,,GCA_000429485,
499,AAT1,"DSM 22990, BCRC 17889, JCM 15537",1,Aliagarivorans taiwanensis,1120970.3,15-37
,,,,,2524614757,
,,,,,GCA_000429505,
2906,K601,"DSM 14773, CIP 107495, CCUG 64014",1,Alicycliphilus denitrificans,596154.1,10
,,,,,596154.3,5
,,,,,650716008,
,,,,,GCA_000204645,
414,TA-67,"DSM 14558, IAM 14935, NRIC 0496, JCM 21417, CIP 107723, NBRC 100859, NRIC 6496",1,Alicyclobacillus acidiphilus,1255277.3,10
,,,,,2731957568,20-55
,,,,,GCA_001544355,
416,"104-IA, 104-1A","CCUG 28521, NRRL B-14509, DSM 446, ATCC 27009, CIP 106131, IFO 15652, JCM 5260, NBRC 15652, NCIB 11725, BCRC 14685, CECT 4328, KCTC 1825, NCIMB 11725, IMET 11356",1,Alicyclobacillus acidocaldarius subsp. acidocaldarius,521098.3,10
,,,,,521098.31,
,,,,,521098.32,
,,,,,521098.5,
,,,,,644736325,
,,,,,GCA_000024285,
400,GD3B,"DSM 3922, ATCC 49025, CIP 106132",1,Alicyclobacillus acidoterrestris,1356854.4,10
,,,,,2558860250,
,,,,,GCA_000444055,
,,,,,GCA_022674245,
435,TC-34,"DSM 22381, CGMCC 1.6357, JCM 15090",1,Alicyclobacillus ferrooxydans,2713896827,17-40
,,,,,471514.4,
,,,,,GCA_001399675,
411,FR-11,"DSM 12489, CIP 107290",1,Alicyclobacillus hesperidum subsp. hesperidum,2634166329,10
,,,,,89784.3,
,,,,,GCA_900107035,
424,"3A, 3AT","DSM 14955, IAM 14988, JCM 21459, CIP 108162, NBRC 100861",1,Alicyclobacillus pomorum,1111479.4,10
,,,,,2513237116,
,,,,,GCA_000472905,
166399,CA12,"DSM 100707, LMG 29076",1,Alienimonas californiensis,2883481223,Oct-40
,,,,,GCA_007743815,20
167924,"LzC2, LGMXXXX","LMG 31701, CECT 30038",1,Alienimonas chondri,GCA_013036045,15-30
,,,,,WTPX00000000,
166424,F3105,"MCCC 1H00223, KCTC 52891",1,Aliidiomarina celeris,2831692965,Apr-45
,,,,,GCA_003316875,
140844,GBPy7,"IBRC-M 10763, CECT 8339",1,Aliidiomarina iranensis,2889949872,Apr-45
,,,,,GCA_003987135,
140532,GBSy1,"CECT 8340, IBRC-M 10764",1,Aliidiomarina sedimenti,2890096513,Apr-40
,,,,,GCA_003986955,
133375,Y4G10-17,"CGMCC 1.15759, KCTC 52381",1,Aliidiomarina soli,2890070066,Apr-45
,,,,,GCA_003986975,
133686,AIT1,"JCM 16052, BCRC 80035, NCCB 100321",1,Aliidiomarina taiwanensis,2890094081,Apr-45
,,,,,GCA_003987015,
133344,7M-Z19,"NBRC 112240, KCTC 52134, CGMCC 1.15725, DSM 107831",1,Aliidongia dinghuensis,1867774.3,10.0-37.0
,,,,,GCA_014643535,
140832,2W32,"KCTC 42497, CICC 23869",1,Fodinibius halophilus,2890260962,20-45
,,,,,GCA_011059105,
24787,,"DSM 21986, ACCC 10715, KCTC 23442, YIM D15",1,Fodinibius roseus,1194090.4,20-42
,,,,,2695420936,
,,,,,GCA_900129315,
166301,WN023,"KCTC 52855, ACCC 19978",1,Aliifodinibius salipaludis,GCA_002287075,15-45
167731,ECH52,"KACC 19126, NBRC 112664",1,Fodinibius saliphilus,GCA_005869845,15-45
,,,,,VAWF00000000,
133419,E3,"CGMCC 1.7001, JCM 15139",1,Aliiglaciecola lipolytica,2531839189,Apr-36
,,,,,GCA_000314975,
24498,MA1-10,"DSM 27840, CCUG 60745, KCTC 23462",1,Aliiroseovarius halocynthiae,2617270828,Oct-37
,,,,,GCA_007004645,
167643,A6024,"KCTC 72114, MCCC 1K03595",1,Aliiroseovarius marinus,GCA_004360145,Apr-42
,,,,,SAIT00000000,
130625,M-M10,"DSM 29439, CCUG 62413, KCTC 23959",1,Aliiroseovarius sediminilitoris,1173584.3,Apr-37
,,,,,2687453744,
,,,,,GCA_900109955,
166218,MYP11,KCTC 62899 NBRC 113544,1,Aliishimia ponticola,2887003593,10
,,,,,GCA_004803475,4
17254,,"DSM 23419, CECT 7228, LMG 23869, CMJ 11.1",1,Aliivibrio finisterrensis,511998.14,4
,,,,,GCA_008933155,
17248,398,"DSM 507, ATCC 7744, JCM 18803, NCMB 1281, CCUG 13450, CAIM 329, LMG 4414, CIP 103206, NCCB 80039, BCRC 12900, CCUG 16305, CECT 524, CIP 75.08, CIP 75.8, KCTC 12272, KCTC 12386, NCIMB 1281, NRRL B-41164, NRRL B-761",1,Aliivibrio fischeri,1298605.61,15-30
,,,,,2734481910,5
,,,,,668.149,
,,,,,668.164,
,,,,,GCA_001312625,
,,,,,GCA_014647395,
,,,,,GCA_016464335,
,,,,,GCA_023983475,
17255,H1-1,"DSM 26449, KCTC 22535, NBRC 105001, CCUG 66541",1,Aliivibrio sifiae,566293.5,20
,,,,,GCA_002954715,
441,B11,"DSM 19476, KCTC 22051",1,Alishewanella aestuarii,1197174.4,18-44
,,,,,2531839095,
,,,,,GCA_000280055,
443,BL06,"DSM 24290, JCM 15597, KCTC 22400, CGMCC 1.10668",0,Alishewanella agri,1195246.3,Oct-44
,,,,,2534682187,
,,,,,GCA_000272005,
442,MS1,"DSM 24035, JCM 15561, KCTC 22429, CGMCC 1.10666",1,Alishewanella jeotgali,1129374.4,Apr-40
,,,,,2513237355,
,,,,,GCA_000245735,
22907,RCRI4,"DSM 27060, JCM 17275, KCTC 23723, LMG 26473",1,Alishewanella tabrizica,671278.3,Oct-40
,,,,,GCA_014652375,
545,4AG,"DSM 15448, ATCC BAA-956, CIP 109217, JCM 13893",1,Alkalibacillus filiformis,2926601655,15-45
549,ISL-17,"DSM 23520, CCUG 56753, KCTC 13258, ISL -17",1,Alkalibacillus flavidus,2928986558,Oct-55
535,WN 13,"DSM 5271, ATCC 700606, JCM 12303, CIP 106702, IAM 14937, LMG 17943, NBRC 103110",1,Alkalibacillus haloalkaliphilus,94136.4,10
,,,,,GCA_007991275,
22946,3AD-1,"DSM 25751, JCM 18271",1,Alkalibacterium gilvum,1130080.4,0-37
,,,,,2616644817,
,,,,,GCA_900109085,
2243,T22-1-2,"DSM 19180, NBRC 103247, NRIC 0724",1,Alkalibacterium kapii,426704.4,5-42.5
,,,,,GCA_007988865,
2242,WW2-SN4a,"DSM 13175, NCIMB 13710, CIP 107107",1,Alkalibacterium olivapovliticum,2731639256,Oct-37
,,,,,99907.4,
,,,,,GCA_003003275,
2246,T143-1-1,"DSM 19183, NBRC 103242, NRIC 0719",1,Alkalibacterium pelagium,2619619008,10-47.5
,,,,,426702.5,
,,,,,426702.6,
,,,,,GCA_007991315,
,,,,,GCA_900109325,
2244,T117-1-2,"DSM 19181, NBRC 103241, NRIC 0718",1,Alkalibacterium thalassium,2619619006,10-42.5
,,,,,426701.4,
,,,,,GCA_900101165,
5453,CP11,"CCUG 57164, DSM 22112, ATCC BAA-1772, KCTC 15124",1,Alkalibaculum bacchi,2770939553,15-40
,,,,,645887.4,
,,,,,GCA_003317055,
1278,,"DSM 19154, LMG 21005, NCIMB 14102",1,Alkalicoccobacillus murimartini,171685.4,30-Oct
,,,,,2639763118,17.5
,,,,,2926524226,
1277,CG-15,"DSM 18086, CCM 7371, CECT 7153, CGMCC 1.6292, CIP 109712",1,Alkalicoccus chagannorensis,1121087.3,Jun-40
,,,,,2524614595,
,,,,,GCA_000429725,
22921,,"DSM 26767, CGMCC 1.10369, DLS 13, JCM 17097, NBRC 107572",1,Alkalicoccus daliensis,2617270767,Oct-45
,,,,,745820.3,
,,,,,GCA_900103955,
140264,BZ-SZ-XJ29,"DSM 29191, CGMCC 1.12936, JCM 30193",1,Alkalicoccus halolimnae,GCA_008014775,May-41
1235,6AG,"DSM 15402, ATCC BAA-957",1,Alkalicoccus saliphilus,2889707501,Apr-50
,,,,,GCA_003044065,Oct-50
132547,BZ-SZ-XJ18,"DSM 29145, JCM 30195",1,Alkalicoccus urumqiensis,GCA_002993335,Aug-41
572,1,"DSM 485, ATCC 27647, JCM 5262, NCIB 10436, NCIB 8772, NCTC 4553, CCUG 28516, NRRL B-14309, BCRC 15419, CECT 1, CGMCC 1.3604, CIP 103410, IAM 12461, IFO 15653, KCTC 1824, KCTC 3884, LMG 17938, LMG 7120, NBRC 15653, NCIMB 10436, NCIMB 8772, NRRL NRS-1548, VTT E-87298",1,Alkalihalobacillus alcalophilus,1218173.3,10
,,,,,1218173.9,
,,,,,2519899572,
,,,,,GCA_000292245,
,,,,,GCA_004802515,
1294,SU1,"DSM 25300, KCTC 13244, NBRC 102646",1,Alkalihalobacillus trypoxylicola,1223507.3,17-37
,,,,,2724679199,
,,,,,2731957677,
,,,,,519424.4,
,,,,,GCA_001590785,
,,,,,GCA_001592025,
1300,GMBAE72,"DSM 21297, JCM 15719, GMBE 72",1,Alkalihalophilus marmarensis,1188261.3,15-45
,,,,,2563367048,
,,,,,GCA_000474275,
1109,"C 324, PN 3","DSM 8715, ATCC 700159, NCIB 10283, CIP 105299, NCIMB 10283",1,Alkalihalophilus pseudofirmus,GCA_029094545,Oct-45
166505,34079,"KCTC 62428, MCCC 1K03493",1,Alkalilacustris brevis,GCA_003350345,Oct-50
4267,MLHE-1,"DSM 17681, ATCC BAA-1101",1,Alkalilimnicola ehrlichii,187272.1,13-40
,,,,,637000005,
,,,,,GCA_000014785,
160373,LacV,"DSM 100017, JCM 30644",1,Alkaliphilus pronyensis,1482732.3,20-40
,,,,,GCA_009017275,
,,,,,WBZC00000000,
133913,JC133,"KCTC 15220, NBRC 109056",1,Alkalispirochaeta sphaeroplastigenens,2791354917,15-40
,,,,,GCA_002916695,
17816,SC/BZ-SP2,"DSM 24412, ATCC BAA-2172",1,Alkalitalea saponilacus,2595698211,Aug-40
,,,,,889453.3,
,,,,,GCA_002201795,
,,,,,GCA_900168165,
133636,B3A,"BCRC 17939, LMG 24826",1,Allobacillus halotolerans,570278.4,20-45
,,,,,GCA_018967645,
,,,,,GCA_028743495,
141012,,"NBRC 110719, DSM 29531, CPCC 204077",1,Allobranchiibius huperziae,1874116.3,Oct-32
,,,,,2857407679,
,,,,,GCA_013410455,
8051,Sco-B14,"DSM 45362, KCTC 19661",1,Allocatelliglobosispora scoriae,2870638204,20-30
,,,,,643052.3,
,,,,,GCA_014204945,
2436,,"DSM 173, ATCC 14959",1,Allochromatium warmingii,2675903030,20
,,,,,61595.4,
,,,,,GCA_900107145,
132683,,"DSM 101835, KCTC 42969, SYSU 10HL1970",1,Allofrancisella frigidaquae,1085644.3,18-37
132682,,"DSM 101834, KCTC 42968, SYSU YG23",1,Allofrancisella inopinata,1085647.3,18-37
,,,,,1085647.4,
,,,,,2784746783,
,,,,,GCA_004365555,
2249,,"DSM 7252, ATCC 51267, NCFB 2890, CCUG 32997, CIP 103508, CCM 4306, NCIMB 702890, IFO 1545",1,Alloiococcus otitis,2537561904,10
,,,,,883081.3,
,,,,,GCA_000315445,
11192,I10A-01259,"DSM 45601, CPCC 203428, KCTC 19844, JCM 31480, JCM 31481",1,Allonocardiopsis opalescens,1144618.3,20-40
,,,,,2728369266,
,,,,,GCA_003002095,
166247,,"KCTC 23617, CECT 7957, HME 7025",1,Aquirufa nivalisilvae,GCA_003143535,30-Oct
13641,DN316,"DSM 26385, CICC 10378, HAMBI 3454, LMG 23925",1,Allorhizobium borbori,2739367697,4.0-37
,,,,,2829903426,
,,,,,485907.3,
,,,,,GCA_014196535,
134338,505,"LMG 24253, CGMCC 1.7048",1,Allorhizobium oryzae,2617270885,Oct-40
,,,,,464029.1,
,,,,,GCA_900109605,
130597,,"DSM 100021, ACCC 14971, HAMBI 3214, CCNWSX 0483",1,Allorhizobium taibaishanense,2738541332,Apr-40
,,,,,2829949180,
,,,,,887144.6,
,,,,,GCA_014196735,
163970,CC-HIH110,"JCM 31228, BCRC 80932",1,Allorhizobium terrae,GCA_004801395,15-37
,,,,,SSOA00000000,
138767,,"CIP 105883, LMG 11875, JCM 21822, ATCC 700741, IAM 15378, ORS 992",1,Allorhizobium undicola,1370122.3,15-41
,,,,,2558860983,5
,,,,,GCA_000621665,
139548,K309,"CIP 105853, NCPPB 3554, ATCC 49767, ICMP 10752, HAMBI 1817, LMG 8750",1,Allorhizobium vitis,2728368991,15-30
,,,,,373.9,5
,,,,,GCA_001541345,
160006,"GLDI 4/2, GLDI4/2","DSM 106019, JCM 32430",1,Alloscardovia theropitheci,2867453920,0-46
,,,,,GCA_004332295,
24495,22DY03,"DSM 29329, CGMCC 1.12410, JCM 18866",1,Allosediminivita pacifica,1267769.4,Oct-40
,,,,,1267769.6,
,,,,,2739367657,
,,,,,GCA_003054175,
,,,,,GCA_014637495,
14296,YC7378,"DSM 21593, KCTC 22446",1,Allosphingosinicella vermicomposti,2832661309,Oct-37
,,,,,614671.3,
,,,,,GCA_003012815,
133062,,"DSM 42178, CGMCC 4.7247, YIM DR4008",1,Allostreptomyces psammosilenae,1892865.3,Oct-50
,,,,,2823648918,
,,,,,GCA_013407765,
7516,Cr8-25,"DSM 23737, LMG 26215, JCM 18951",1,Alpinimonas psychrophila,2820962504,20-Jan
,,,,,748908.3,15
,,,,,GCA_014137865,
159775,SH9,"JCM 32501, CCTCC AB 2017284",1,Alsobacter soli,2786546835,15-40
,,,,,GCA_003004785,
133228,100921-2,"CFCC 14287, KCTC 42844",1,Tsuneonella aeria,2915148944,Apr-50
,,,,,GCA_009827495,
166543,Ery1,"KCTC 62387, CGMCC 1.16499, MCCC 1A10037",1,Pelagerythrobacter aerophilus,2837529137,Oct-45
,,,,,GCA_003581645,
133618,KYW147,"KCTC 22735, JCM 16339, UCCCB31",1,Alteraurantiacibacter aestuarii,650004.3,10
,,,,,GCA_009827405,Oct-40
166461,NS1,"CGMCC 1.13679, NBRC 113553",1,Tsuneonella amylolytica,2841090181,15-40
,,,,,GCA_003626915,
140729,JSSK-8,"KCTC 52763, NBRC 112764",1,Pontixanthobacter aquaemixtae,1958940.3,Oct-37
,,,,,2915097460,
,,,,,GCA_009827395,
166167,SSKS-13,"KACC 19863, KCTC 62900, NBRC 113545",1,Alteraurantiacibacter aquimixticola,2894834840,Oct-40
,,,,,GCA_004965515,
133169,KEM-4,"KCTC 52259, NBRC 112305",1,Pontixanthobacter confluentis,1849021.3,30-Apr
,,,,,2915136994,
,,,,,GCA_009827615,
140745,THG-S3,"KACC 19190, CGMCC 1.15959",1,Tsuneonella deserti,2035528.3,15-35
,,,,,GCA_014644315,
140988,BR-75,"CECT 9129, LMG 29518, BR 75, UCCCB41",1,Altericroceibacterium endophyticum,1808508.3,18
,,,,,2915142722,18-37
,,,,,GCA_009827595,
134236,JCS350T,"KCCM 42314, JCM 13815, CGMCC 1.7731",1,Altererythrobacter epoxidivorans,2648501698,20-40
,,,,,361183.4,
,,,,,GCA_001281485,
159780,MS1-4,"MCCC 1K02683, NBRC 112977",1,Tsuneonella flava,2882388624,13-40
,,,,,GCA_002870965,
133814,KJ7,"KACC 16190, JCM 17802",1,Pontixanthobacter gangjinensis,1028742.5,May-35
,,,,,GCA_009827545,
140987,CPA5,"CECT 9130, LMG 29519, UCCCB42",1,Alteriqipengyuania halimionae,1926630.3,18
,,,,,2915088315,18-37
,,,,,GCA_009827575,
5397,MSSRF26,"DSM 18604, LMG 23789",1,Altericroceibacterium indicum,374177.5,Apr-42
,,,,,GCA_009828105,
166460,BPTF-M16,"KCTC 62421, KACC 19609, NBRC 113190",1,Altererythrobacter insulae,2835327256,Oct-37
,,,,,GCA_003444655,4
134119,SW-109,"KCTC 12311, JCM 12599, CIP 108783, CGMCC 1.7690",1,Pontixanthobacter luteolus,GCA_009828095,Apr-36
,,,,,,20
,,,,,,30-May
166532,GH1-16,"KCTC 52845, NBRC 113275",1,Parerythrobacter lutipelagi,2894892033,30-Oct
,,,,,GCA_005434975,
158561,C9-11,"MCCC 1K03311, JCM 32056",1,Tsuneonella mangrovi,2757321001,15-37
,,,,,GCA_002269345,
133493,H32,"CCTCC AB 208229, LMG 24629, MCCC 1A01070",1,Pelagerythrobacter marinus,2915110188,Oct-42
,,,,,GCA_009827515,
166512,,"KCTC 32463, KACC 17617, CECT 8417, HME 9302",1,Alteripontixanthobacter maritimus,GCA_003340475,Oct-32
133617,KYW48,"KCTC 22736, JCM 16345",1,Paraurantiacibacter namhicola,2751185748,15-37
,,,,,645517.4,
,,,,,GCA_001687545,
140815,WW3,"KCTC 42620, JCM 30975",1,Tsuneonella rigui,1708790.3,Apr-37
,,,,,2880984762,
,,,,,GCA_003958625,
133297,,"CAU 1172, KCTC 42453, NBRC 110917",1,Pontixanthobacter sediminis,1689985.3,20.0-37.0
,,,,,2915128050,
,,,,,GCA_009828115,
133807,,"KCTC 12303, JCM 17037, KMM 6042",1,Tsuneonella troitsensis,2744054484,Apr-39
,,,,,2839207979,
,,,,,292222.4,
,,,,,292222.6,
,,,,,GCA_001441535,
,,,,,GCA_003730315,
133643,S3-63,"CCTCC AB 207166, CIP 110125",1,Altericroceibacterium xinjiangense,2894831738,20-37
,,,,,762261.3,
,,,,,GCA_003958635,
140743,S36,"CGMCC 1.12804, NBRC 110413",1,Croceibacterium xixiisoli,GCA_009827305,Oct-37
1254,K1-5,"DSM 18675, CCM 7447, NCAIM B002265, CIP 109837",1,Alteribacter aurantiacus,1121086.3,Oct-45
,,,,,2524614609,20
,,,,,GCA_000429705,
164197,M30,"JCM 32118, CGMCC 1.16739, MCC 3010",1,Alteribacter natronophilus,GCA_006007885,12.0-43.0
,,,,,VCRO01000000,
158381,FJAT-45347,"DSM 104632, CCTCC AB 2016257",1,Alteribacter populi,GCA_002352765,15-35
449,R10SW13,"DSM 15446, KCTC 12195, KMM 3600, LMG 22532, CIP 108794",1,Alteromonas stellipolaris,2687453643,Apr-37
,,,,,GCA_001562195,30-May
140995,JDTF-113,"KCTC 52655, NBRC 112708",1,Alteromonas aestuariivivens,1938339.4,Oct-40
,,,,,2834719733,4
,,,,,GCA_003367475,
450,,"DSM 23844, CCUG 55340, LMG 24078",1,Alteromonas genovensis,471225.5,Apr-37
,,,,,GCA_010500895,
134153,F-32,"CECT 7067, LMG 22958, CIP 109083",1,Alteromonas hispanica,315421.4,Apr-40
,,,,,GCA_010500915,
159815,IO390401,"JCM 32638, CGMCC 1.13554, CCTCC AB 2018072, CGMCC AB 2018072",1,Alteromonas alterisediminis,GCA_003056425,Apr-37
133345,JW12,"CGMCC 1.15735, KCTC 52408, MCCC 1K03175",1,Alteromonas lipolytica,1856405.15,15.0-43.0
,,,,,2834723206,
,,,,,GCA_001758465,
,,,,,GCA_014643555,
444,107,"DSM 6062, ATCC 27126, CCUG 16128, CIP 103198, JCM 20772, LMG 2843, NBRC 102226, IAM 12920, NCIMB 1963",1,Alteromonas macleodii,2554235747,Oct-41
,,,,,529120.14,20-30
,,,,,GCA_000172635,5
23560,"AMUM4b, AMISUM4b, Ionian Sea UM4b, UM4b",DSM 26496,0,Alteromonas mediterranea,GCA_000439595,20
23563,"AMMED64, Aegean Sea MED64, AMASMED64","DSM 26499, MED 64",0,Alteromonas mediterranea,GCA_000439495,20
158616,S35,"KCTC 52449, CGMCC 1.16029",1,Alteromonas oceani,2855655360,4
,,,,,GCA_003731635,
140746,5.12,"LMG 29661, MCC 3250",1,Alteromonas pelagimontana,2791355104,May-40
,,,,,GCA_002499975,
166518,U0105,"KCTC 62080, MCCC 1H00299",1,Alteromonas sediminis,2899565944,20-40
,,,,,GCA_003820355,
447,"ANT69a, R-15466","DSM 15691, LMG 21861, CIP 108513, ANT 69a",1,Alteromonas stellipolaris,233316.13,20
,,,,,233316.3,30-May
,,,,,2687453500,May-37
446,R-15462,"DSM 15672, LMG 21856",0,Alteromonas stellipolaris,1160720.1,20
,,,,,1160720.19,
,,,,,2516493033,
,,,,,2684623042,
,,,,,GCA_001433715,
,,,,,GCA_900069365,
23153,IGB-41,"DSM 23761, CIP 110167, CIP 110334",1,Amantichitinum ursilacus,2648501275,Oct-35
,,,,,857265.4,20
,,,,,GCA_001294205,
139986,Ben-104,"DSM 101730, ACM 5096, CIP 107262, BEN 104",1,Amaricoccus macauensis,2861290981,May-41
,,,,,57001.3,
,,,,,GCA_014201905,
158376,FH042,"DSM 103574, JCM 31555",1,Aminipila butyrica,2883526296,Oct-35
,,,,,433296.3,
,,,,,GCA_010669305,
24744,4F6E,"DSM 25964, JCM 18417",1,Aminivibrio pyruvatiphilus,1005740.3,20-42
,,,,,2756170234,
,,,,,GCA_004366815,
11857,"TK3001, TK 3001","DSM 7048, ATCC 23314, JCM 7852, NCIB 9039, CCUG 2081, NCTC 2871, LMG 2122, CIP 106737, NCTC 10684, BCRC 15819, CCM 4329, CFBP 6720, IAM 15264, NCCB 26039, NCIMB 9039, VKM B-2058",1,Aminobacter aminovorans,2784746775,10
,,,,,2808606775,5
,,,,,83263.1,
,,,,,83263.12,
,,,,,GCA_004341645,
,,,,,GCA_900445235,
11858,,"DSM 10368, ATCC 29600, NCIMB 13986, CIP 107712",0,Aminobacter aminovorans,2827986130,10
,,,,,83263.15,5
,,,,,GCA_014195595,
13540,Z-1171,"DSM 1086, ATCC 51424, CIP 105722",1,Aminobacter carboxidus,376165.4,15-30
,,,,,GCA_014863355,5
11861,IMB-1,"DSM 17455, ATCC 202197, CCUG 50580, CIP 108660, JCM 21751, DSM 15910, IAM 15301",1,Aminobacter ciceronei,150723.3,10
,,,,,150723.4,5
,,,,,2861405929,
,,,,,2861419262,
,,,,,GCA_014138625,
,,,,,GCA_014138635,
11862,CC 495,"DSM 17454, CCUG 50579, CIP 108661, NCIMB 13798",1,Aminobacter carboxidus,2861412741,10
,,,,,305698.3,5
,,,,,GCA_014207495,
24308,728,DSM 24754,0,Aminobacter sp.,1072665.3,20
,,,,,2913427924,
11378,RAOx-1,"DSM 11538, ATCC 700649, HAMBI 2283, CIP 105538",1,Ammoniphilus oxalaticus,2831905167,Oct-37
,,,,,66863.3,
,,,,,GCA_003609605,
132587,CC-RT-E,"DSM 24738, BCRC 80314",1,Ammoniphilus resinae,2913422633,20-37
,,,,,861532.3,
,,,,,GCA_017873965,
166423,M8JJ-5,"KCTC 49089, CGMCC 1.16390",1,Amnibacterium flavum,2838890142,Apr-37
,,,,,GCA_003097495,
7508,KSL51201-037,"DSM 24782, JCM 16463, KEMC 51201-037, KACC 15557, NBRC 109360",0,Amnibacterium kyonggiense,2734482167,Oct-37
,,,,,595671.3,
,,,,,GCA_004364555,
164234,,"JCM 32266, KACC 19408",1,Amnimonas aquatica,GCA_002943415,20
17874,,"DSM 21202, CCTCC AA 208035, YIM D10",1,Amorphus orientalis,2926584956,15-37
1408,JW/BP-GSL-QD,"DSM 23721, ATCC BAA-2118, NBRC 11149",1,Amphibacillus cookii,2901114716,14.5-47.0
,,,,,767787.3,<12.5
,,,,,GCA_016908375,
1407,Y1,"DSM 24783, CGMCC 1.5123, JCM 16149",1,Amphibacillus jilinensis,2547132169,10
,,,,,562743.4,15.0-45.0
,,,,,GCA_000306965,
23742,J1,"DSM 27991, CGMCC 1.10434, JCM 17099",1,Amphibacillus marinus,2617270769,Jul-55
,,,,,872970.3,
,,,,,GCA_900110345,
1406,Shu-P-Ggiii25-2,"DSM 21624, IAM 15428, JCM 23213, KCTC 13120, MBIC 08269, NBRC 103570",1,Amphibacillus sediminis,1220586.4,10
,,,,,2731957578,17.0-55.0
,,,,,GCA_001552275,
11296,M41,"DSM 18887, LMG 24143, JCM 14776",1,Amphritea atlantica,2599185211,Apr-40
,,,,,355243.5,
,,,,,GCA_024347255,
,,,,,GCA_900111095,
134369,,"JCM 14781, ATCC BAA-1529, JAMM 1525",1,Amphritea balenae,452629.5,28-Apr
,,,,,GCA_003858655,20
,,,,,GCA_014646975,20-22
134368,,"JCM 14782, ATCC BAA-1530, JAMM 1866",1,Amphritea japonica,GCA_000381785,28-Apr
,,,,,GCA_024347275,20
166509,ANRC-JH13,"MCCC 1K03512, KCTC 62532",1,Amphritea opalescens,2490544.3,Oct-42
,,,,,2882759153,
,,,,,GCA_003957515,
141006,5-Feb,"KCTC 39523, JCM 30562",1,Amycolatopsis acidiphila,2899342247,15-40
,,,,,715473.3,
,,,,,GCA_007713745,
,,,,,GCA_021391495,
133131,WP1,"KCTC 39642, MCCC 1A10745",1,Amycolatopsis albispora,2856864784,4.0-45.0
,,,,,GCA_003312875,
167397,SYSUP0005,"KCTC 49024, CGMCC 4.7463",1,Amycolatopsis alkalitolerans,GCA_006152065,14-37
,,,,,VDFW00000000,
159864,AU-G6,"CGMCC 4.7351, NBRC 112404",1,Amycolatopsis antarctica,2856677671,15-20
,,,,,GCA_002262875,28-Apr
13241,FH 1894,"DSM 44591, JCM 12668, NRRL B-24207, CIP 108516",1,Amycolatopsis balhimycina,1089545.3,10
,,,,,2517434013,
,,,,,GCA_000384295,
24444,BNT52,"DSM 45679, JCM 31029, KCTC 29065, NRRL B-24886",1,Amycolatopsis cihanbeyliensis,1128664.3,20-37
,,,,,2806310631,
,,,,,GCA_006715045,
13252,"FH 1845, NNRL B-24209","DSM 44594, JCM 12669, NRRL B-24209, CIP 108517, NCIMB 14255",1,Amycolatopsis decaplanina,1284240.4,10
,,,,,2545824682,
,,,,,GCA_000342005,
166244,GLM-1,"TBRC 9315, NBRC 113658",1,Amycolatopsis eburnea,2868041214,20-40
,,,,,GCA_003937945,
13265,LC2,"DSM 45164, CCTCC AB 206019, CIP 109736, IAM 15387, JCM 21831",1,Amycolatopsis echigonensis,369930.3,5.0-45
,,,,,GCA_014174495,
133703,GY307,"NCIMB 14709, NRRL B-24844, DSM 45669",1,Amycolatopsis granulosa,185684.3,20-50
,,,,,2821246215,
,,,,,GCA_011758745,
13231,MG 417-CF 17,"DSM 44213, JCM 10140, CIP 106801, KCTC 9817, NRRL B-24138",1,Amycolatopsis japonica,208439.3,Oct-45
,,,,,208439.7,
,,,,,2585427649,
,,,,,GCA_000732925,
13262,N7-3,"DSM 45042, JCM 13280, NRRL B-24427, CIP 109183, NCIMB 14306",1,Amycolatopsis jejuensis,GCA_000717335,30-Oct
13245,,"DSM 44652, JCM 12670, LDDC 9447-99, NRRL B-24129, CIP 108186",1,Amycolatopsis kentuckyensis,GCA_002155975,Oct-41
13242,D2,"DSM 44409, CIP 107963, NRRL B-24117, JCM 12683, BCRC 16375, NCIMB 14256",1,Amycolatopsis keratiniphila subsp. keratiniphila,227715.4,10
,,,,,2772190668,
,,,,,GCA_001620365,
13246,,"DSM 44653, JCM 12672, LDDC 12275-99, NRRL B-24131, CIP 108185",1,Amycolatopsis lexingtonensis,218822.5,Oct-37
,,,,,2873422137,
,,,,,GCA_002156005,
,,,,,GCA_014873755,
13227,KT2025,"DSM 45510, JCM 31204, KCTC 29056",1,Amycolatopsis magusensis,2917971604,20-37
,,,,,882444.3,
,,,,,GCA_017875555,
13267,Ms392A,"DSM 45569, CGMCC 4.3568, NBRC 104263, JCM 16121",1,Amycolatopsis marina,2667527405,Oct-55
,,,,,490629.6,
,,,,,GCA_900111885,
13220,"Lepetit ME/83, Lepetit ME83/973, Schering 368","DSM 43304, ATCC 13685, CBS 121.63, CBS 716.72, DSM 40501, IFO 13142, IFO 13415, IMET 7651, ISP 5501, JCM 4789, KCC S-0789, LBG A 3136, NBRC 13142, NBRC 13415, NCIB 9613, NRRL B-3240, PSA 71, RIA 1376, VKM Ac-798, CIP 107074, CCUG 43144, ETH 28579, BCRC 12440, CGMCC 4.1213, IMSNU 20056, KCCM 11859, KCTC 1739, MTCC 14, NBIMCC 3395, NCIMB 9613, PCM 2320",1,Amycolatopsis mediterranei,2511231181,10
,,,,,GCA_000220945,
,,,,,GCA_026017845,
13259,CSC17Ta-90,"DSM 44992, CIP 109581, NRRL B-24473, HKI 0330, CSC 17TA-090, JCM 14717",1,Amycolatopsis nigrescens,2515075013,Nov-40
,,,,,GCA_000384315,
13266,LC11,"DSM 45165, CCTCC AB 206020, CIP 109735, IAM 15388, JCM 21832",1,Amycolatopsis niigatensis,2627854290,5.0-45
,,,,,369932.4,
,,,,,GCA_002846615,
13215,"M 43-05865, Pittinger M43-05865, CCTMLa 2924","DSM 40040, ATCC 19795, CBS 547.68, CCM 2778, IAM 14281, IFO 12360, IFO 12806, IMET 7510, IMET 7653, IMSNU 20058, ISP 5040, JCM 4235, JCM 4600, KCC S-0235, KCC S-0600, NBRC 12360, NBRC 12806, NIHJ 483, NRRL 2450, RIA 1074, BCRC 11615, CGMCC 4.1214, CIP 107113, HUT 6592, IFM 0528, KCCM 40595, KCTC 9412, NBIMCC 2297, NCIMB 12945, VKM Ac-866",1,Amycolatopsis orientalis,1125971.3,Oct-41
,,,,,2554235102,
,,,,,GCA_000478275,
13254,1BDZ,"DSM 44832, AS 4.1729, PCM 2600, JCM 12460, CGMCC 4.1729, CIP 108399",1,Amycolatopsis palatopharyngis,187982.4,10
,,,,,2866120936,Oct-40
,,,,,GCA_003385185,
159669,,"DSM 105902, CCTCC AA 2017044, KCTC 49031, YIM PH21725, JCM 33574",1,Amycolatopsis panacis,GCA_003600245,15-40
166702,RM579,"NBRC 106096, TBRC 1849, RM 579",1,Amycolatopsis pithecellobii,GCA_009707865,18-40
,,,,,WMBA00000000,
13247,ARC-OV1 0181,"DSM 44654, ARC OV1 0181, JCM 12673, NRRL B-24133, CIP 108184",1,Amycolatopsis pretoriensis,218821.8,10
,,,,,2675903153,
,,,,,GCA_002156025,
,,,,,GCA_900107925,
158797,DH51B-4-3,"TBRC 6029, NBRC 112509, JCM 32589",1,Amycolatopsis rhizosphaerae,2053003.4,12
,,,,,2899406411,15-45
,,,,,GCA_007713715,
13243,13.4,"DSM 44637, AS 4.1541, CIP 107102, JCM 10871, NRRL B-24150, ATCC BAA-726, CGMCC 4.1541, KCTC 19909, NBRC 100041",1,Amycolatopsis rubida,112413.4,10
,,,,,2675903692,
,,,,,GCA_900115345,
13260,2406-001,"DSM 44993, JCM 14909, NRRL B-24474, HKI 0457",1,Amycolatopsis saalfeldensis,2634166333,Oct-42
,,,,,394193.4,
,,,,,GCA_900110575,
13235,"A1714, K24, K24T","DSM 44468, JCM 11272, CIP 107029, KCTC 9863, NBRC 100339, NCIMB 13786",1,Amycolatopsis sacchari,115433.3,10
,,,,,2675903226,
,,,,,GCA_900114035,
166143,8-3EHSu,"TBRC 8488, NBRC 113449",1,Amycolatopsis suaedae,2866612099,15-45
,,,,,GCA_004214935,
13263,0345M-7,"DSM 45107, BCRC 16802, KCTC 19116, JCM 14925, NBRC 102103, NCIMB 14409, BCRC 0345.7",1,Amycolatopsis taiwanensis,1120984.3,20-40
,,,,,2515154032,
,,,,,GCA_000519205,
13239,"N-1165, T526","DSM 44574, CIP 106795, IFO 14333, JCM 10669, KCTC 9833, NBRC 14333, IMSNU 21194, NRRL B-24140, BCRC 16371, IFO (now NBRC) 14333",1,Amycolatopsis thermoflava,2512564010,10
,,,,,GCA_000473265,
13276,GY088,"DSM 45805, NCIMB 14699, NRRL B-24836",1,Amycolatopsis thermophila,2926647115,Oct-50
13238,"B-2847, FH6113","DSM 44544, ATCC 21177, CIP 108212, IFO 14664, NBRC 14664, NRRL B-24205, JCM 4936, CBS 242.71, CGMCC 4.5590, IFO 12554, IMSNU 20061, NBRC 12554",1,Amycolatopsis tolypomycina,208445.6,10
,,,,,2634166899,
,,,,,GCA_900105945,
13269,ABO,"DSM 45259, BCCM 24814, LMG 24814, JCM 17017",1,Amycolatopsis tucumanensis,GCA_021654135,15-55
13277,GY 115,"DSM 45668, NCIMB 14700, NRRL B-24837",0,Amycolatopsis viridis,185678.3,Oct-50
,,,,,2821236178,
,,,,,GCA_011758765,
13271,,"DSM 45285, CCM 7627, KCTC 19581, CPCC 202699, JCM 32380",1,Amycolatopsis xylanica,2675903050,Oct-45
,,,,,589385.3,
,,,,,GCA_900107045,
140730,H-12,"KCTC 52581, CGMCC 1.15880, DSM 108668",1,Amylibacter cionae,2035344.4,Oct-35
,,,,,GCA_014643735,
159735,4G11,"KY 463497, KCTC 52506, NBRC 112428",1,Amylibacter kogurei,2788500138,15-30
,,,,,GCA_002742285,30-May
159853,m18,"KACC 19229, JCM 32051",1,Amylibacter lutimaris,GCA_002860325,Oct-40
6411,B-4437,"CCUG 30137, NCIMB 11546, JCM 1125, DSM 20533, ATCC 49845, LMG 6900, NRRL B-4437, VKM B-2234, BCRC 14055, CCM 7001, CECT 4133, CGMCC 1.3394, CIP 102988, IFO 15881, KCTC 3161, NBRC 15881, NCAIM B.01457, NCFB 2503, NRRL B-4476, VTT E-95574, NCDO 2503",1,Amylolactobacillus amylophilus,1423721.3,15-37
,,,,,1423721.4,
,,,,,1423721.7,
,,,,,1603.4,
,,,,,2695420657,
,,,,,2721755795,
,,,,,2728369694,
,,,,,GCA_001311665,
,,,,,GCA_001436185,
,,,,,GCA_001936335,
6666,,"DSM 20534, LMG 11400, NRRL B-4436, JCM 1124, BCRC 17923, CIP 109878, KCTC 3160",1,Amylolactobacillus amylotrophicus,1423722.3,15-37
,,,,,2695420818,
,,,,,GCA_001434555,
158214,Utrecht P40,"DSM 107003, CCAP 1403/1B, PCC 6309, SAG 1403-4b, ATCC 29211, CCAP 1403/4B",0,Trichormus variabilis,447716.3,17
1559,MS 6,"DSM 22531, NCCB 100213, UNIQEM U377",1,Anaerobacillus alkalidiazotrophicus,2698536991,15-43
,,,,,2839700685,
,,,,,472963.4,
,,,,,GCA_001866055,
158471,B16-10,"DSM 29790, NCAIM B.02608",1,Anaerobacillus alkaliphilus,GCA_004116265,Oct-40
159174,NB2006,"DSM 100644, LMG 30032",1,Anaerobacillus isosaccharinicus,1532552.12,20
,,,,,GCA_001866075,
132584,,"DSM 100423, JCM 30819, SN 021",1,Anaerocolumna cellulosilytica,2861627031,15-40
,,,,,433286.3,
,,,,,GCA_014202875,
2829,HY-35-12,"DSM 15929, IMSNU 40003, KCTC 5026",1,Anaerocolumna jejuensis,1121322.3,Oct-40
,,,,,2585428173,
,,,,,GCA_900142215,
166118,MJB2,"KCTC 15800, MCCC 1K03631",1,Anaerophilus nitritogenes,GCA_004138215,15-37
166544,MCWD5,"KCTC 15595, DSM 105757",1,Anaerosacchariphilus polymeriproducens,GCA_003363435,20-42
11852,WN036,"DSM 21120, JCM 15094, KCTC 15145",1,Anaerosphaera aminiphila,1120995.4,Oct-37
,,,,,2585428066,
,,,,,GCA_900129925,
2868,HY-37-4,"DSM 15930, IMSNU 40011, KCTC 5027",1,Anaerosporobacter mobilis,1120996.3,15-40
,,,,,2588253509,
,,,,,GCA_900142955,
132583,FH052,"DSM 100431, JCM 30820",1,Anaerotaenia torta,2861347227,20-40
17403,Pla5,"DSM 2457, CIP 109301, NCIB 10516, CCUG 30553, AS 1.2800",1,Ancylobacter polymorphus,2926570559,May-45
158256,E130,"DSM 102029, LMG 29367",1,Ancylobacter pratisalsi,1745854.3,7-Apr
,,,,,2883754999,
,,,,,GCA_010669125,
17402,YCM 11671,"DSM 17131, AS 1.1761, JCM 11671, BCRC 17434, CGMCC 1.1761, CIP 108316, NCIMB 14355",1,Ancylobacter rudongensis,177413.3,May-44
,,,,,2596583652,10
,,,,,GCA_900100155,15-37
164306,M1P,"JCM 32614, KCTC 15718",1,Ancylomarina euxinus,GCA_003863355,18
,,,,,QQWG00000000,18-23
,,,,,,30-Apr
166210,SHSM-M15,"KACC 19862, NBRC 113749",1,Ancylomarina salipaludis,2883586328,4
,,,,,GCA_004122035,
133003,FA102,"DSM 28825, CICC 10902, KCTC 42257",1,Ancylomarina subtilis,1639035.3,8.0-33.0
,,,,,2795386138,
,,,,,GCA_004217115,
5416,MK-1,"DSM 1989, ATCC 43737",1,Andreesenia angusta,2775507286,18-45
,,,,,39480.3,
,,,,,39480.4,
,,,,,GCA_001855385,
10499,JS11-7,"DSM 18519, KACC 11608",1,Andreprevotia chitinilytica,1120999.3,5.0-35
,,,,,2565956517,
,,,,,GCA_000711875,
10500,GFC-1,"DSM 23236, BCRC 17832, LMG 24502",1,Andreprevotia lacus,1121001.3,15-37
,,,,,2568526002,
,,,,,GCA_900176275,
11380,Murayama,"DSM 5562, ATCC 12856, CIP 104007, IAM 1077, IFO 15521, JCM 9024, NBRC 15521, NRS 1589, LMG 15531, LMG 16001, NRRL NRS-1589",1,Bacillus aneurinilyticus,2563366762,10
,,,,,649747.3,
,,,,,GCA_000466385,
11400,DB4,"DSM 21566, IAM 15048, JCM 21510, NBRC 102444, NCIMB 13288, CIP 108430, KCTC 13009",1,Aneurinibacillus danicus,267746.3,10
,,,,,GCA_007991215,
11401,"R-12870, B-1599","DSM 18919, CIP 108308, KCTC 13001, LMG 22483, Logan B-1599",1,Aneurinibacillus terranovensis,1121002.4,10
,,,,,2524614808,20-55
,,,,,GCA_000430625,
11398,"L 420-91, L420-91","DSM 10154, CIP 104816, LMG 17165",1,Aneurinibacillus thermoaerophilus,143495.3,10
,,,,,2634166356,
6156,,"DSM 15561, NCIMB 1785, CIP 108770, VKM B-1336",1,Ancylobacter amanitiformis,2928225989,Oct-37
,,,,,,15-40
,,,,,,5
560,MR3C,"DSM 15939, ATCC BAA-872, CIP 108338, CIP 108305",1,Anoxybacteroides amylolyticum,2690315950,10
,,,,,2802428824,
,,,,,294699.3,
,,,,,294699.5,
,,,,,294699.6,
,,,,,GCA_001634285,
158563,Su22,"VKM B-2510, CECT 8731, DSM 21847",1,Anoxynatronum buryatiense,2706794923,20-40
130972,,"DSM 21100, KACC 14636, KCTC 22261, LMG 24494, Gsoil 524",1,Anseongella ginsenosidimutans,2784746790,15-37
,,,,,496056.3,
,,,,,GCA_004346135,
158772,JB01H24,"GDMCC 1.1229, KCTC 52984",1,Antarcticibacterium flavum,2058175.3,Apr-40
,,,,,2883447522,
,,,,,GCA_006159205,
163904,318-1,"JCM 30927, KCTC 72105, KEMB 7306-525",1,Antarcticimicrobium luteum,2547397.3,15
,,,,,GCA_004358185,20-37
13654,EL-219,"DSM 11445, CIP 106394",1,Antarctobacter heliothermus,2619619037,15-30
,,,,,74033.6,20
,,,,,GCA_900188425,5
166269,,"CGMCC 1.13856, KCTC 49093, CFH 30434",1,Antribacter gilvus,2304675.3,Apr-35
,,,,,GCA_003946865,
140874,wkB301,"NRRL B-65307, NCIMB 14986",1,Apibacter adventoris,2832372155,20-40
,,,,,GCA_002964975,
132969,R-53146,"DSM 100903, LMG 28357",1,Apibacter mensalis,2615840617,20
,,,,,GCA_001418685,
,,,,,GCA_900018365,
166255,G8,"LMG 30898, DSM 107922",1,Apibacter muscae,GCA_007845635,20
6572,YH-15,"CCUG 53901, CIP 107675, DSM 12361, ATCC 700308, JCM 16173, LMG 18925",1,Apilactobacillus kunkeei,1423768.3,10
,,,,,1423768.4,15
,,,,,2513237005,
,,,,,2654587709,
,,,,,2660237901,
,,,,,GCA_001281265,
,,,,,GCA_001433825,
158413,Hlig3,"DSM 104126, NRRL B-65473, JCM 33323",1,Apilactobacillus micheneri,2923762712,15-35
,,,,,GCA_002993975,
158411,HV_6,"DSM 104127, NRRL B-65474, JCM 33324",1,Apilactobacillus quenuiae,GCA_002994005,15-35
158412,HV_12,"DSM 104128, NRRL B-65472, JCM 33325",1,Apilactobacillus timberlakei,GCA_002993965,15-35
166268,Sn-9-2,"KCTC 62308, CCTCC AB 2018270",1,Aquabacter cavernae,2880987659,15-40
,,,,,GCA_003993795,
17926,B8,"DSM 11901, CCM 4957, CCUG 48318, CIP 106984, ATCC BAA-209",1,Aquabacterium commune,2795385467,15-37
,,,,,70586.3,5
,,,,,GCA_004362855,
17924,B6,"DSM 11968, CCM 4958, CCUG 48317, CIP 106983, ATCC BAA-208",1,Aquabacterium parvum,2684622550,15-37
,,,,,GCA_001447195,5
11864,NKK,"DSM 11603, CIP 105610",1,Aquamicrobium defluvii,2770939570,10
,,,,,69279.8,
,,,,,GCA_004363725,
11865,S1,"DSM 11099, CIP 106844",1,Aquamicrobium lusatiense,2861229971,10
,,,,,89772.3,5
,,,,,GCA_014201615,
10435,,"DSM 68, ATCC 12638, CCUG 2092, NCTC 10593, LMG 3734, NRRL B-2045, CIP 63.19, JCM 20995, IAM 13944, IFO 14924, NBRC 14924, NCIMB 8658, NRRL: B-2045",1,Aquaspirillum serpens,GCA_000420525,15-41
,,,,,,5
140816,Ar-125,"CGMCC 1.15295, JCM 30876, NRIC 0975",1,Aquaticitalea lipolytica,1247562.3,15-37
,,,,,GCA_014641635,
166239,BH258,"KACC 18680, NBRC 111875",1,Aquibacillus sediminis,GCA_005870085,15-45
158773,L1 8-17,"KACC 18806, JCM 31543",1,Aquicoccus porphyridii,GCA_008369105,20-40
166539,Z0201,"KCTC 62450, MCCC 1H00328",1,Cognataquiflexum aquatile,2249427.3,Apr-37
,,,,,2832066355,
,,,,,GCA_003316845,
17714,BA160,"DSM 16537, CIP 108445, LMG 22565",1,Aquiflexum balticum,2506520046,Apr-40
,,,,,758820.4,30-Oct
,,,,,GCA_900176595,
5596,ZC1,"DSM 21889, CCTCC AB 2010229, NBRC 107695",1,Aquimarina agarilytica,2551306140,30-Apr
,,,,,620914.3,
,,,,,GCA_000255455,
140504,RZW4-3-2,"JCM 30824, MCCC 1K00698",1,Aquimarina aggregata,GCA_001632745,Apr-42
24028,92V,"DSM 25232, NCIMB 14723",1,Aquimarina amphilecti,1038014.5,20
,,,,,2622736580,
,,,,,GCA_900109375,
5592,SMK-19,"DSM 17196, KCTC 12390",1,Aquimarina brevivitae,2799112219,Oct-41
,,,,,323412.3,
,,,,,GCA_004216895,
158803,NS08,"KCTC 52897, MCCC 1H00191",1,Aquimarina celericrescens,GCA_018066725,Oct-37
5591,SIO-1,"DSM 2041, ATCC 23177, IAM 14305, KCTC 22638, JCM 8515, CIP 104806, IFO 15938, KCTC 2912, LMG 1343, NBRC 15938, NCIMB 1399",1,Aquimarina latercula,1121006.3,20-30
,,,,,2523533620,30-May
,,,,,GCA_000430645,
133847,SW024,"CGMCC 1.11007, JCM 17859",1,Aquimarina longa,1379258.3,30-Apr
,,,,,2667528136,
,,,,,GCA_001401755,
133725,PSC33,"KCTC 23302, JCM 17454",1,Aquimarina mytili,874423.3,15-37
,,,,,GCA_016735115,
5595,A6,"DSM 22623, KCTC 22663",1,Aquimarina spongiae,2622736502,Oct-35
,,,,,570521.3,
,,,,,GCA_900141785,
17443,,"DSM 16957, JCM 12896, MTCC 6713, GPTSA 20, CIP 108872",1,Aquimonas voraii,2622736515,10
,,,,,265719.9,
,,,,,GCA_900101825,
164431,30S-ANTBAC,"JCM 32977, DSM 108553, LMG 31079",1,Aquirufa antheringensis,GCA_004307425,20
,,,,,,May-32
166196,"59G-WUEMPEL, 59G- WUEMPEL","LMG 31081, DSM 108554",1,Aquirufa nivalisilvae,GCA_004307455,May-35
1547,SH4s,"DSM 18090, CCM 7366, CECT 7149",1,Aquisalibacillus elongatus,2786546167,20-55
,,,,,485577.3,
,,,,,GCA_003843875,
4301,,"DSM 18102, CCM 7368, CECT 7151, CGMCC 1.6291, CG 12, CIP 109713",1,Aquisalimonas asiatica,2617270766,20-50
,,,,,406100.9,
,,,,,GCA_900110585,
140856,D11M-2,"CGMCC 1.12921, KCTC 42673",1,Aquisalinus flavus,1526572.5,Oct-35
,,,,,GCA_014534785,
,,,,,GCA_014640095,
,,,,,GCA_022559625,
166153,DS48-3,"KCTC 52068, CCTCC AB 2018061",1,Aquisediminimonas profunda,GCA_019443285,15-37
,,,,,,8
166152,CH68-4,"KCTC 62205, CCTCC AB 2018062",1,Aquisediminimonas sediminicola,2676787.3,15-37
,,,,,GCA_019740335,8
10512,5YN1-3,"DSM 21330, KACC 12729",1,Aquitalea denitrificans,GCA_009856625,Oct-40
10511,TRO-001DR8,"DSM 25134, ATCC BAA-1216, CCM 7607, LMG 23054, NBRC 103050",1,Aquitalea magnusonii,2703718752,Apr-45
,,,,,2770939555,
,,,,,332411.11,
,,,,,332411.13,
,,,,,GCA_001515285,
,,,,,GCA_003202035,
140914,P1297,"CCM 7557, LMG 28989, CCUG 67440",1,Aquitalea pelogenes,1293573.8,15-37
,,,,,2703718753,5
,,,,,GCA_001515305,
133396,,"DSM 22792, JCM 30984, KCTC 22820, Gsoil 809",1,Arachidicoccus ginsenosidivorans,GCA_007971385,Oct-37
166088,B29T1,"UCCCB43, CIP 110763, LMG 27745",1,Arboricoccus pini,2693429500,15
,,,,,GCA_900187945,
203,"M401624/00/2, 001127, M 601624/00/2","DSM 15539, CCUG 44697, CIP 106850",1,Arcanobacterium hippocoleae,2919380674,10
,,,,,,15
199,M1590/94/3,"DSM 10002, CCUG 38888, LMG 18722, CIP 105740",1,Arcanobacterium phocae,131112.3,10
,,,,,2634166335,15
,,,,,GCA_900105865,
202,M430/94/2,"DSM 13483, CCUG 42575, CIP 106442",1,Arcanobacterium pluranimalium,108028.3,10
,,,,,2893686931,15
,,,,,GCA_016907845,
3766,TNR-18,"DSM 22214, BCRC 17969, LMG 25207",1,Arcicella aurantiaca,2595698202,30-Oct
,,,,,591202.3,
,,,,,GCA_003148625,
2094,D2686,"DSM 8739, ATCC 49616, CDC D2686, LMG 10828, WDCM 00065, CCUG 30485, NCTC 12481, RM 4018, JCM 31724, CECT 8221, CIP 103493",1,Arcobacter butzleri,2799112925,30-Oct
,,,,,28197.218,
,,,,,28197.59,
,,,,,28197.75,
,,,,,367737.6,
,,,,,640753004,
,,,,,GCA_000014025,
,,,,,GCA_014648215,
,,,,,GCA_024584145,
,,,,,GCA_900187115,
2096,KH-2,"DSM 17680, CCUG 48482, LMG 21996, CIP 108697, CECT 7203",1,Arcobacter cibarius,1442598.4,18-22
,,,,,255507.13,
,,,,,255507.9,
,,,,,2576861106,
,,,,,GCA_000522465,
,,,,,GCA_005818875,
,,,,,GCA_013372265,
2091,"A169/B, 02766","DSM 7289, ATCC 43158, CCUG 17801, LMG 7536, NCTC 11885, WDCM 00066, MCCM 00660, CIP 104014, LMG 9904, CCM 3933",1,Arcobacter cryaerophilus,1032070.4,10
,,,,,1032070.5,5
,,,,,2847260338,
,,,,,GCA_003660105,
,,,,,GCA_006165035,
140702,MA5,"LMG 28652, JCM 31147",1,Arcobacter lekithochrous,2791355110,25-Oct
,,,,,710192.5,4
,,,,,GCA_003049765,
2097,LA31B,"CCUG 53805, DSM 18005, ATCC BAA-1022, CIP 108450",1,Arcobacter halophilus,197482.1,18-22
,,,,,197482.6,
,,,,,2847264534,
,,,,,2873824862,
,,,,,GCA_002837275,
,,,,,GCA_003346755,
132928,,"DSM 100870, CECT 8942, LFT 1.7",1,Arcobacter lekithochrous,1904463.13,15-25
,,,,,GCA_013283835,
2100,CL-S1,"DSM 24769, CECT 7727, KCCM 90072, JCM 15502",1,Malaciobacter marinus,2847249153,Oct-40
,,,,,2854842639,
,,,,,505249.19,
,,,,,505249.8,
,,,,,GCA_002723495,
,,,,,GCA_003544855,
2098,F2075,"DSM 23625, CECT 7386, LMG 24559, CIP 110066",1,Arcobacter mytili,1032238.5,18-42
,,,,,1032238.6,
,,,,,2795385496,
,,,,,2871078930,
,,,,,GCA_003346775,
,,,,,GCA_004116555,
2092,CI,"CCUG 15892, CECT 7204, DSM 7299, ATCC 33309, CCUG 15893, LMG 7604, NCTC 12251, JCM 33357, CIP 103745",1,Arcobacter nitrofigilis,572480.3,10
,,,,,646564506,
,,,,,GCA_000092245,
2099,strain 16389,"DSM 23385, CCUG 56902, LMG 24486",1,Arcobacter thereius,1032240.3,18-22
,,,,,1032240.8,
,,,,,2876158629,
,,,,,544718.59,
,,,,,GCA_001695395,
,,,,,GCA_004214815,
,,,,,GCA_005818985,
,,,,,GCA_024584025,
140651,MN12-7,"KCTC 32015, CIP 110422",1,Arcticibacter svalbardensis,1150600.3,18
,,,,,2541047992,25-Apr
,,,,,GCA_000403135,
23259,TF5-37.2-LB10,"DSM 23085, CIP 110085, MOLA 820",1,Arcticibacter tournemirensis,2818991316,Dec-37
,,,,,699437.5,
,,,,,GCA_006716645,
,,,,,GCA_008690275,
133367,SM1504,"KCTC 42716, CCTCC AB 2015348",1,Arcticibacterium luteifluviistationis,2887088641,20
,,,,,GCA_003258705,4.0-30.0
140943,SM1212,"MCCC 1K00234, KCTC 32514",1,Psychroserpens luteus,GCA_015319355,20
,,,,,,20-25
,,,,,,Apr-35
158623,P308H10,"GDMCC 1.1230, KCTC 52983",1,Arenibacter catalasegens,2791354975,20-25
,,,,,GCA_002909235,Apr-36
5484,,"DSM 19833, CCUG 48006, JCM 13507, KCTC 12113, KMM 3941, CIP 108496, NCIMB 14240",1,Arenibacter certesii,1121011.3,16
,,,,,228955.3,4.0-38
,,,,,2523231023,May-37
,,,,,GCA_000429545,
,,,,,GCA_014651295,
5485,,"DSM 23522, KCTC 22013, LMG 22574, KMM 6032",1,Arenibacter echinorum,2593339296,Apr-35
,,,,,440515.3,
,,,,,GCA_003259375,
133835,HP12,"KACC 16193, JCM 17788",1,Arenibacter hampyeongensis,1028743.3,May-35
,,,,,2835195961,
,,,,,GCA_002909255,
166366,JC631,"KCTC 72002, NBRC 114071",1,Arenibacter lacus,2891826598,20-40
,,,,,GCA_008711145,
5481,,"DSM 15913, CCUG 45454, CIP 106861, JCM 13508, KMM 426, LMG 19693, VKM B-2137D, LMG 19694",1,Arenibacter latericius,1121012.3,15-41
,,,,,2524614597,5
,,,,,GCA_000424985,
5482,PIBOC FEBRAS,"CCUG 48011, DSM 17539, CIP 108849, JCM 13509, KMM 3961, LMG 21972, NCIMB 14299",1,Arenibacter palladensis,237373.5,Apr-38
,,,,,2634166303,May-37
,,,,,GCA_900129275,
5483,R3674,"DSM 19835, JCM 11736, KMM 3674, NBRC 101532, CIP 108149",1,Arenibacter troitsensis,188872.3,May-37
,,,,,2595699007,
,,,,,GCA_900177645,
130841,,"DSM 100248, KCTC 12711, LMG 26983, KMM 6208",1,Arenicella chitinivorans,1329800.3,Apr-38
,,,,,GCA_014651515,
17916,Sd2-39,"DSM 24032, KMM 3895, NRIC 0759, JCM 16153",1,Arenicella xantha,2770939506,May-35
,,,,,644221.3,
,,,,,GCA_003315245,
159746,z29,"JCM 32091, CCTCC AB 2017067",1,Arenimonas caeni,2835097387,10
,,,,,GCA_003024235,15-42
17445,TR7-09,"DSM 18010, CIP 109794, KCTC 12666, KCTC 12557",1,Arenimonas composti,1121013.3,20-42
,,,,,1121013.4,
,,,,,2524614513,
,,,,,2630968769,
,,,,,GCA_000426365,
,,,,,GCA_000747175,
17444,HO3-R19,"DSM 18148, KACC 11381",1,Arenimonas donghaensis,1121014.3,Apr-37
,,,,,2574179743,
,,,,,2597489983,
,,,,,GCA_000743535,
17446,"CC-JY-1, CC-JY-1T","DSM 21305, CCUG 53596, CIP 109310, CCUG 53283",1,Arenimonas malthae,1384054.3,15-36
,,,,,2627854023,
,,,,,GCA_000747075,
24669,CF5-1,"DSM 27855, CCTCC AB 2010449, CGMCC 1.10787, KCTC 23460, KCTC 23904",1,Arenimonas metalli,1384056.3,Apr-37
,,,,,2645728050,
,,,,,GCA_000747155,
17448,"YC6267, Z0-2","DSM 21050, KCTC 22247",1,Arenimonas oryziterrae,1121015.3,15-37
,,,,,1121015.4,
,,,,,2524614729,
,,,,,2627854209,
,,,,,GCA_000420545,
,,,,,GCA_000747135,
140971,Y3L17,"CGMCC 1.15905, KCTC 52420",1,Arenimonas soli,2269504.3,15-45
,,,,,GCA_014643775,
164486,R29,"JCM 33216, KACC 19896",1,Arenimonas terrae,GCA_006265115,15.0-40.0
,,,,,SMDR00000000,
133984,P7-3-5,"CGMCC 1.12213, KACC 16457",1,Algibacter luteus,1178825.6,Apr-40
,,,,,2667528186,
,,,,,GCA_000283015,
,,,,,GCA_900141715,
6239,,"DSM 15745, CCUG 47306, JCM 13385, IAM 15342, NBRC 105202, CIP 108315",1,Arsenicicoccus bolidensis,1121017.3,Oct-37
,,,,,2524614535,
,,,,,GCA_000426385,
24107,KM894/11,"DSM 25571, CCOS 690, CCUG 62181",1,Arsenicicoccus dermatophilus,GCA_022568795,18-42
133299,42-50,"CCTCC AB 2014325, KCTC 42825",1,Arsenicitalea aurantiaca,2837662100,15.0-42.0
,,,,,GCA_003994485,
7625,S6-3,"DSM 22274, CGMCC 1.8950, JCM 17736",1,Arthrobacter alpinus,2634166197,25-Jan
,,,,,656366.8,15-25
,,,,,GCA_900105965,20
,,,,,,20-25
7603,R-5102,"DSM 16402, LMG 22283, JCM 21794, IAM 15349, CIP 108896, LMG 19502",1,Arthrobacter castelli,1121019.4,15-37
,,,,,2524023227,
,,,,,GCA_000430705,
158836,NEAU-SA2,"DSM 106718, CCTCC AB 2017272",1,Arthrobacter celericrescens,GCA_003614925,Oct-37
164638,SLN-3,"JCM 33723, ACCC 61595",1,Arthrobacter crusticola,2867555429,Oct-37
,,,,,GCA_004357995,
7629,Cr6-08,"DSM 23324, CGMCC 1.10698, CIP 110638, LMG 26052, JCM 18953",1,Arthrobacter cryoconiti,GCA_020905375,25-Jan
,,,,,,20
7630,D48,"DSM 24664, CGMCC 1.10783, CIP 110640, JCM 19662",1,Arthrobacter cupressi,1045773.1,Dec-37
,,,,,1045773.8,
,,,,,2663762744,
,,,,,2844849076,
,,,,,GCA_013409905,
,,,,,GCA_900099975,
132518,,"DSM 29935, CGMCC 1.15091, KCTC 39544, YIM CS25",1,Arthrobacter deserti,1742687.3,15-40
,,,,,2903049818,
,,,,,GCA_012395865,
132484,AM23,"DSM 29493, KACC 18260",1,Arthrobacter echini,2903061041,25-Oct
,,,,,GCA_004803505,20
7591,"R 5812, R5812","DSM 15046, CIP 108364, LMG 21285, CCUG 56033, JCM 13316",1,Arthrobacter gandavensis,169960.3,Oct-37
,,,,,GCA_009192735,
,,,,,GCA_029023805,
7522,168,"DSM 20124, ATCC 8010, NCIB 8907, JCM 1332, BCRC 10598, CCUG 12157, CCUG 28997, CCUG 51088, CCUG 581, CECT 388, CGMCC 1.1894, CIP 81.84, HAMBI 1863, HAMBI 88, IAM 12438, ICPB 3434, IFO 12137, IFO 12608, IMET 11240, IMSNU 20063, KCCM 40800, KCTC 9101, LMG 3813, MTCC 4446, NBIMCC 2369, NBRC 12137, NBRC 12608, NCIMB 8907, NRIC 0151, NRRL B-2979, PCM 2134, VKM Ac-1112",1,Arthrobacter globiformis,1077972.3,10
,,,,,2519899568,15
,,,,,GCA_000238915,
7627,LI2,"DSM 22825, JCM 17807, NCCB 100314",1,Arthrobacter livingstonensis,2866276103,15
,,,,,GCA_003219815,16
7618,KV-651,"DSM 25586, JCM 15922, NBRC 102055, NRRL B-24478",1,Arthrobacter oryzae,2757320374,Apr-34
,,,,,409290.3,
,,,,,GCA_003634095,
7531,B89,"DSM 20545, ATCC 13346, CCM 1653, NCIB 8910, CCUG 23843, JCM 11606, BCRC 12112, CDA 858, CIP 102362, HAMBI 1862, IAM 12343, IFO 12139, KCTC 3445, LMG 16255, NBRC 12139, NCIMB 8910, NRRL B-1814, VKM Ac-1116, VKM Ac-1128, IMET 10355",1,Arthrobacter pascens,1677.4,20-30
,,,,,GCA_017052465,
7605,R-5117,"DSM 16403, LMG 22284, JCM 21771, CIP 108899, IAM 15322",1,Arthrobacter pigmenti,271432.3,10
,,,,,2831304190,Oct-37
,,,,,GCA_011927905,15-37
169462,C1-1,DSM 112353,1,Arthrobacter polaris,GCA_021398215,20
7623,GP3,"DSM 23143, CGMCC 1.6355, JCM 13874",1,Arthrobacter psychrochitiniphilus,2844608859,0-25
,,,,,2866268577,20
,,,,,291045.4,
,,,,,291045.5,
,,,,,GCA_003185915,
,,,,,GCA_013408645,
7598,B7,"DSM 15612, ATCC 700733, JCM 12399, CIP 107481",1,Arthrobacter psychrolactophilus,2866272416,25-Oct
,,,,,GCA_003219795,
7590,,"DSM 14508, JCM 11881, MTCC 3712, CMS 90or, CIP 107726, NCIMB 14039, VTT E-072994, CMS 90r",1,Arthrobacter roseus,136274.3,25-Oct
,,,,,2893696664,
,,,,,GCA_016907875,
158722,MDB1-42,"CGMCC 1.9772, NBRC 113088",1,Arthrobacter ruber,1258893.3,0-34
,,,,,2859220365,
,,,,,GCA_002954225,
166341,,"KACC 19599, CGMCC 1.13474, MIC A30",1,Arthrobacter sedimenti,GCA_011750795,20-40
158438,NEAU-SA1,"DSM 106716, CCTCC AB 2017271",1,Arthrobacter silvisoli,2869329445,Oct-40
,,,,,GCA_003369445,
158257,KIS14-16,"DSM 27180, KACC 17303, NBRC 109660",1,Arthrobacter silviterrae,2026658.3,Apr-33
,,,,,2927224378,
,,,,,GCA_011045165,
7612,"AC 836, AC 8.36","DSM 16005, CCM 2783, CIP 108701, JCM 14116, IAM 15316, LMG 16145",1,Arthrobacter stackebrandtii,272161.3,30-Oct
,,,,,272161.4,
,,,,,2918386808,
,,,,,GCA_003217635,
,,,,,GCA_017876675,
7607,R-5305,"DSM 16406, LMG 19501, JCM 21773, CIP 108900, IAM 15324, VTT E-072668",1,Arthrobacter tumbae,163874.3,Apr-37
,,,,,2893579105,30-Oct
,,,,,GCA_016907495,
7580,,"CCUG 36790, JCM 11679, DSM 10495, CIP 104908, CUL 1808, DMMZ 1551, ATCC 700220, CCM 4575, IFM 10486, KCTC 9905, NBRC 107840",1,Arthrobacter woluwensis,1216974.3,10
,,,,,156980.3,15-41
,,,,,2639762519,
,,,,,2731957570,
,,,,,GCA_001552095,
,,,,,GCA_900105345,
168166,DPMB0001,"LMG 31078, PCM 3008",1,Arthrospiribacter ruber,GCA_019343195,20-40
,,,,,RPHB00000000,
159686,DMA-K-7a,"DSM 106737, NCAIM B.02641",1,Arundinibacter roseus,2070510.3,15-35
,,,,,2881096153,May-37
,,,,,GCA_004348825,
34,S60-1,"DSM 15972, CCM 7132, IFO (now NBRC) 16457, JCM 10715, KCTC 12914, MTCC 4042, NRIC 0323, IFO 16457, NBRC 16457, CIP 107278",1,Asaia siamensis,110479.3,10
,,,,,GCA_014635085,
7848,,"DSM 44099, ATCC 49966, IFO 14496, IMSNU 22009, JCM 7544, NBRC 14496, NRRL B-16430, CGMCC 4.1402, CIP 107013, HUT 6559, KCTC 9353, VKM Ac-1422",1,Asanoa ferruginea,2778260948,10
,,,,,53367.5,
,,,,,53367.6,
,,,,,GCA_003387075,
,,,,,GCA_016862495,
7850,TT 97-02,"DSM 44745, NBRC 100142, JCM 13312, BCRC 16825, CGMCC 4.5571, CIP 108714",1,Asanoa iriomotensis,234613.3,20-30
,,,,,GCA_016862515,
7849,6432-C,"DSM 44718, IFO 14551, IMSNU 22004, NBRC 14551, JCM 11895, CIP 107585",1,Asanoa ishikariensis,137265.3,10
,,,,,137265.4,
,,,,,2690315652,
,,,,,GCA_016862535,
,,,,,GCA_900107455,
2296,Z-0023,"DSM 16100, ATCC BAA-896",1,Asticcacaulis benevestitus,1121022.3,20
,,,,,1121022.4,
,,,,,2515154077,
,,,,,2576861677,
,,,,,GCA_000376105,
,,,,,GCA_000495775,
2294,"C-19, C19","DSM 4723, ATCC 27554, CIP 107000",1,Asticcacaulis biprosthecius,651285000,10
134105,T3-B7,"AS 1.3431, JCM 12463, CGMCC 1.3431, CIP 108788",1,Asticcacaulis taihuensis,2596583650,30-Oct
,,,,,260084.4,
,,,,,GCA_900100255,
168791,"3.1105, 31105","CCTCC AB 2018268, KCTC 62978",1,Asticcacaulis tiandongensis,GCA_006475605,Oct-40
,,,,,SSBC00000000,
3042,,"DSM 15642, ATCC 43386, CCUG 45424, CIP 106638, JCM 9981, NCTC 11919, VPB 2127",1,Atopobium fossor,1121023.3,10
,,,,,1121023.4,
,,,,,2523231056,
,,,,,GCA_000483125,
2250,,"DSM 17538, CCUG 48253, CIP 108502",1,Atopococcus tabaci,1121024.3,10
,,,,,2524023159,
,,,,,GCA_000429585,
164259,GH3-15,"JCM 32445, KCTC 62380",1,Aurantiacibacter suaedae,2896184354,20-40
,,,,,GCA_005434915,
161885,,"JCM 16856, NBRC 105389, NCIMB 14875",1,Aurantimicrobium minutum,GCA_002355535,20
141147,R14M6,"GDMCC 1.1202, KCTC 52919",1,Aurantimonas aggregata,2047720.3,Apr-36
,,,,,2891025999,
,,,,,GCA_010500835,
526,WP1,"DSM 14790, CCUG 53900, CIP 107386",1,Aurantimonas coralicida,1121027.3,4
,,,,,182270.4,May-37
,,,,,2523533557,
,,,,,2660238272,
,,,,,GCA_000421645,
,,,,,GCA_001463825,
133164,,"DSM 103570, CPCC 100904, KCTC 52296, EGI 6500337",1,Aurantimonas endophytica,1522175.3,5.0-35.0
,,,,,2830002646,
,,,,,GCA_014196845,
,,,,,GCA_024105745,
12672,,"DSM 23257, CECT 7672, LMG 25551, MON 2.2, JCM 18954",1,Auraticoccus monumenti,2636415982,15-30
,,,,,675864.4,
,,,,,GCA_900101785,
133899,SG-18,"NBRC 108814, KCTC 23967",1,Aureicoccus marinus,2886768321,15-37
,,,,,GCA_002954325,
532,S21B,"DSM 21988, CECT 7138, CIP 109525, KCTC 22106, LMG 23375",1,Aureimonas altamirensis,1121026.3,10
,,,,,2585427611,
,,,,,2663763019,
,,,,,370622.4,
,,,,,GCA_001463885,
,,,,,GCA_900141975,
140972,2T4P-2-4,"KCTC 52217, CGMCC 1.15367",1,Aureimonas endophytica,2027858.3,20-37
,,,,,GCA_014642635,
166448,M2BS4Y-1,"KCTC 62837, CGMCC 1.13747",1,Aureimonas flava,2838942589,30-Oct
,,,,,GCA_003583935,
534,CW5,"DSM 21987, JCM 14755, KCTC 12893",1,Aureimonas frigidaquae,2700989461,15
,,,,,424757.3,
,,,,,GCA_001463905,
133355,B5-2,"CGMCC 1.15493, KCTC 52395",1,Aureimonas glaciei,1776957.3,20
,,,,,GCA_014643375,Apr-35
166114,,"KCTC 72462, CGMCC 1.17389, YIM 132180",1,Aureimonas leprariae,2615207.3,15-35
,,,,,2894812573,
,,,,,GCA_008802405,
158604,4M3-2,"CFCC 11187, KCTC 42087",1,Aureimonas populi,1701758.3,<4
,,,,,GCA_017815515,
166383,,"KCTC 42691, NBRC 112412, YIM DR1026",1,Aureimonas psammosilenae,GCA_009176975,30-Apr
132997,PP-CE-2G-454,"DSM 102238, CCM 8665, LMG 29411, CIP 111015",1,Aureimonas pseudogalii,1744844.3,20-28
,,,,,2829993952,4
,,,,,GCA_014196835,
533,5715S-12,"DSM 18598, CIP 109815, KACC 11607",1,Aureimonas ureilytica,1121028.3,4
,,,,,1121028.4,
,,,,,2515154138,
,,,,,2834202456,
,,,,,GCA_000382705,
,,,,,GCA_001463945,
133711,S1-66,"NBRC 107741, KCTC 23434",1,Aureitalea marina,2832867752,15-30
,,,,,930804.4,20
,,,,,GCA_002943755,20-25
133872,VIII.04,"ATCC BAA-2394, LMG 26721",1,Aureivirga marina,1182451.3,15-37
,,,,,GCA_015767265,
166401,Q31a,"DSM 103537, LMG 29700",1,Aureliella helgolandensis,GCA_007752135,Oct-33
140460,S31,"CCUG 69858, KCTC 33611, MCC 3027, CIP 111652",1,Abyssicoccus albus,GCA_001989575,20-40
7792,,"DSM 45359, CCUG 57943, JCM 19109, IMMIB L-1656",1,Auritidibacter ignavus,2820977076,Oct-37
,,,,,678932.4,
,,,,,GCA_003703835,
,,,,,GCA_011758685,
11694,,"DSM 18554, CCM 6075, CCUG 12835, CIP 103453, HIM 668-7, ATCC 29545, NCTC 11296, IPDH 2403",1,Avibacterium paragallinarum,2823233258,15
,,,,,2837414230,
,,,,,728.107,
,,,,,728.9,
,,,,,GCA_002921155,
,,,,,GCA_900450705,
137676,,"CIP A62, CCM 5765, NCTC 4101, CCM 3839",0,Avibacterium volantium,1936169.3,15
170905,UR159,"CIP 111616, DSM 105483",1,Avrilella dinanensis,GCA_002807015,15-37
,,,,,NIPO00000000,
164174,CC-YHH838,"JCM 32001, BCRC 81059",1,Pseudothauera nasutitermitis,GCA_004801295,20-37
166474,SY39,"KCTC 62157, MCCC 1K03430",1,Pseudazoarcus pumilus,GCA_002872475,15-40
164175,CC-YHH848,"JCM 32002, BCRC 81060",1,Pseudothauera rhizosphaerae,GCA_004801305,20-37
339,"H-4, H4","DSM 1122, ATCC 29712, IAM 12599, LMG 3321, JCM 20675, CCUG 7831, CIP 103458, ICPB 4234, LMG 3323, LMG 3326, NBRC 102462, NCIMB 12188, CCUG 10983",1,Azohydromonas lata,1314749.5,10
,,,,,1314749.8,15-37
,,,,,2731957616,
,,,,,GCA_001571085,
,,,,,GCA_945878385,
17440,,"DSM 5975, ATCC 43989, CCUG 26647, LMG 6465, ORS 571, JCM 20966, IAM 13624, IFO 14845, LMG 8557, NBRC 14845, CIP 107330",1,Azorhizobium caulinodans,GCA_000010525,15-41
,,,,,,5
24668,NS12,"DSM 18749, CCM 7897, NEU 1219",1,Azorhizobium oxalatiphilum,980631.3,Oct-36
,,,,,GCA_014635325,
13893,,"DSM 18626, CCUG 55598, NRRL B-41660, LMG 23819, Sua SUA2, Sua 2",1,Azospira restricta,404405.4,20-40
,,,,,GCA_016858125,
140877,CC-HIH038,"BCRC 80909, JCM 30827, CECT 9207",1,Azospirillum agricola,2918249483,20-37
,,,,,2928819513,
,,,,,GCA_017876095,
138933,C610,"CIP 104028, ATCC 49958, CCM 4880, CCUG 33007",0,Azospirillum brasilense,192.153,10
,,,,,GCA_008365405,5
134232,DS2,"NCCB 100108, LMG 23617, CIP 109702",1,Azospirillum canadense,2928826531,20-37
,,,,,GCA_025961225,
134013,CC-LY743,"BCRC 80505, JCM 18688, LMG 27264",1,Azospirillum fermentarium,2928835693,20-37
,,,,,GCA_025961205,
166293,L-25-5 w-1,"CGMCC 1.13672, KCTC 62777",1,Azospirillum griseum,GCA_003966125,15-37
,,,,,,4
170908,RWY-5-1-1,"CGMCC 1.13426, KCTC 72259",1,Azospirillum oleiclasticum,GCA_013423485,15-37
,,,,,JABFFR000000000,
134118,COC8,"IAM 15130, CCTCC AB 204051, JCM 21588, BCRC 17901, NBRC 102291, CIP 108863",1,Azospirillum oryzae,GCA_008364795,Apr-37
,,,,,,10
,,,,,,15
166212,B2,"VKM B-3233, KCTC 62613",1,Azospirillum palustre,2756170225,15-40
,,,,,GCA_002573965,
166472,M2T2B2,"KACC 14063, NBRC 106460",1,Azospirillum ramasamyi,2846940193,15-45
,,,,,GCA_003233655,
167820,,"KCTC 62259, CFH 70021, CCTCC AB 2018121",1,Azospirillum thermophilum,CP029352,15.0-50.0
,,,,,CP029353,
,,,,,CP029354,
,,,,,CP029355,
,,,,,GCA_003130795,
14000,Bv-S,"DSM 21654, VKM B-2513",1,Azospirillum thiophilum,2630968760,15-40
,,,,,2645728001,
,,,,,528244.3,
,,,,,528244.4,
,,,,,GCA_000960825,
,,,,,GCA_001305595,
134266,N7,"NCCB 100147, LMG 23989",1,Azospirillum zeae,2918283513,20-41
,,,,,2928847503,
12725,"3, M.B. 2.3.","DSM 378, ATCC 19360, NCIB 8948, VKM B-1615, CCUG 53670, LMG 1265, BCRC 14360, CIP 106282, IAM 12683, JCM 20742, CECT 9204, ICMP 8673, NCAIM B.01800, NCIMB 8948, NRRL B-14367, NRRL B-14640",1,Azotobacter beijerinckii,170623.6,15
,,,,,2597490340,5
,,,,,GCA_900110885,
140963,N35-10-2,"MCCC 1A02146, KCTC 33710, LMG 28875, NBRC 113917, CIP 111456",1,Bacillus albus,GCA_001884185,15-40
1263,41KF2b,"DSM 21631, JCM 13350, MTCC 7306, BCRC 17879",1,Bacillus altitudinis,1178544.5,8
,,,,,2576861487,
,,,,,GCA_000691145,
577,,"DSM 1314, NCIB 8292, NRS 341, CIP 103264, ATCC 7046, NRRL : NRS-341",0,Domibacillus aminovorans,2744054583,10
,,,,,29332.5,
,,,,,GCA_001643235,
598,F,"DSM 7, ATCC 23350, CCUG 28519, NRRL B-14393, Fukumoto strain F, CIP 103265, LMG 9814, NRRL : B-14393",1,Bacillus amyloliquefaciens,GCA_000196735,10
,,,,,,<15
1290,B8W22,"DSM 21047, JCM 13839, MTCC 7755",1,Priestia aryabhattai,1358420.3,10
,,,,,GCA_000956595,
,,,,,GCA_900101665,
1077,,"DSM 7264, ATCC 49337, NRRL NRS-213, CCUG 28524, JCM 9070, CIP 107159, IFO 15539, KCTC 3701, LMG 16797, NBRC 15539, NCIMB 12899",1,Bacillus atrophaeus,1220587.3,10
,,,,,2731957673,10-May
,,,,,GCA_001584335,
,,,,,GCA_001591925,
1074,"1221A, NRS-1221 A","DSM 675, ATCC 9372, CIP 77.18, IFO 13721, NBRC 13721, NCDO 738, NCIB 8058, NRS 1221A, NCIMB 8058",0,Bacillus atrophaeus,2547132205,10
,,,,,2547132227,
,,,,,720555.4,
,,,,,720556.3,
,,,,,720557.3,
,,,,,720558.3,
,,,,,723892.3,
,,,,,876283.3,
,,,,,903520.3,
,,,,,GCA_000204705,
602,"663, Henry 110, 110, NRS-663","DSM 23, ATCC 14574, CCM 2113, NCIB 9364, NCTC 10333, CCUG 7412, CIP 58.52, IAM 11059, NRS 663, JCM 12228, BCRC 11699, CECT 17, HAMBI 1885, IFO 15713, KCTC 3739, LMG 7122, MTCC 1458, NBIMCC 2210, NBRC 15713, NCFB 1760, NCIMB 9364, NRRL NRS-663, VKM B-496, NCDO 1760",1,Bacillus badius,1348627.3,10
,,,,,1455.5,
,,,,,2636415587,
,,,,,2731957658,
,,,,,GCA_000829535,
,,,,,GCA_001591605,
1069,B1,"DSM 5391, ATCC 49005, CCM 3364, LMD 79.7, NCIB 12555, CIP 103477, LMG 9582, NCIMB 12555",1,Bacillus benzoevorans,1456.3,10
,,,,,2861430565,
,,,,,GCA_014207535,
158610,7578-1,"CGMCC 1.15374, KCTC 33845",1,Heyndrickxia camelliae,GCA_002844575,20-55
133067,,"DSM 103394, CGMCC 1.12820, KCTC 33514, EGI 6500252",1,Bacillus capparidis,1840411.3,10.0-40.0
,,,,,2901263064,
,,,,,GCA_017832095,
1281,PN5,"DSM 21993, JCM 15113, LMG 23935, MTCC 9127, CCUG 55698",1,Solibacillus cecembensis,2744054488,30-Apr
,,,,,459347.3,
,,,,,GCA_001439635,
624,"13, 971, Ford 13, Gibson 971","DSM 31, ATCC 14579, CCM 2010, LMG 6923, NCIB 9373, NCTC 2599, CCUG 7414, JCM 2152, BCRC 10603, BCRC 11026, CECT 148, CECT 5050, CGMCC 1.3760, CIP 66.24, HAMBI 1887, IAM 12605, IAM 14174, IFO 15305, KCTC 3624, NBRC 15305, NCAIM B.02078, NCCB 75008, NCFB 1771, NCIMB 9373, NRRL B-3711, VKM B-504, VTT E-93143",1,Bacillus cereus,1396.2169,10
,,,,,1396.725,
,,,,,226900.113,
,,,,,226900.8,
,,,,,226900.82,
,,,,,637000017,
,,,,,GCA_000007825,
,,,,,GCA_006094295,
,,,,,GCA_900445355,
622,F 4433/73,"DSM 4313, NCTC 11145, CCUG 6514, CIP 106508, ATCC 49064",0,Bacillus cereus,1396.2855,10
,,,,,GCA_018221725,
1299,,"DSM 23837, CCUG 57835, KCTC 13566, CAU 348",1,Bacillus chungangensis,2926488731,Apr-45
132385,NE-14,"DSM 28970, JCM 30397",1,Bacillus ectoiniformans,1494429.3,Oct-45
,,,,,2901210109,
,,,,,GCA_016908875,
167978,17-SMS-01,"KCTC 33949, MCCC 1K03483, MCCC 1K03483T",1,Bacillus fungorum,GCA_002746455,10.0-45.0
,,,,,NWUW00000000,
132364,FJAT-4402,"DSM 29500, CGMCC 1.12902",1,Bacillus gobiensis,2651869764,15-40
,,,,,GCA_001278705,
1154,"K 13, K13","DSM 12751, JCM 9943, ATCC 700778, CGMCC 1.3650, CIP 105746, KCTC 3838, LMG 18497",1,Bacillus horti,2926514369,10
,,,,,,15
,,,,,,5
1265,,"DSM 19098, JCM 13438, KCCM 90025, ABB 0427, CIP 109493, LMG 24756, SMC 4352-1",1,Bacillus infantis,2928344086,10
166102,YSP-3,"ACCC 60365, KCTC 33934",1,Alteribacter lacisalsi,2916893477,Oct-45
,,,,,GCA_003226345,
689,"Gibson 46, 46, 1264","DSM 13, ATCC 14580, CCM 2145, IFO 12200, NBRC 12200, NCIB 9375, NCTC 10341, WDCM 00068, CCUG 7422, JCM 2505, BCRC 11702, CECT 20, CGMCC 1.3649, CIP 52.71, IAM 13417, KCTC 1753, KCTC 1918, LMG 6933, NCFB 1772, NCIMB 9375, NRRL NRS-1264, VKM B-511, LMG 12363, NCDO 1772",1,Bacillus licheniformis,1402.266,10
,,,,,1402.297,
,,,,,279010.12,
,,,,,279010.13,
,,,,,GCA_000008425,
,,,,,GCA_000011645,
,,,,,GCA_006094335,
,,,,,GCA_900637645,
697,"1.1B, 1.1.B","DSM 12369, CIP 108208",0,Bacillus licheniformis,1648923.82,10
,,,,,GCA_007831315,
134785,,"CIP A156, NCTC 6816",0,Bacillus licheniformis,1402.351,10
,,,,,GCA_007832035,
140965,TD41,"MCCC 1A00359, KCTC 33716, LMG 28872, NBRC 113919, CIP 111458",1,Bacillus luti,GCA_001884105,Oct-39
140556,AK61,"JCM 31087, MTCC 12015, KCTC 33872",1,Metabacillus mangrovi,1491830.4,15-42
,,,,,GCA_009711125,
158585,NC2-31,"KCTC 33721, MCCC 1K01239",1,Bacillus marinisedimentorum,2744054838,20-45
,,,,,GCA_001644195,
140964,0711P9-1,"MCCC 1A05942, KCTC 33717, LMG 28877, NBRC 113918, CIP 111457",1,Bacillus mobilis,GCA_001884045,Oct-39
1093,RO-H-1,"DSM 9205, ATCC 51516, NRRL B-14698, JCM 12230, BCRC 17124, CIP 104095, IFO 15718, KCTC 3706, LMG 17797, NBRC 15718, NCIMB 13391, VTT E-011771",1,Bacillus mojavensis,1051501.3,10-May
,,,,,1051501.5,
,,,,,2545555827,
,,,,,2579778565,
,,,,,GCA_000245335,
,,,,,GCA_000507105,
,,,,,GCA_014499005,
1153,WS 2480,"DSM 11821, CCM 4872, CCUG 58725, LMG 18989, CIP 105772, KCTC 3975, WSBC 10204, WDCM 00222",0,Bacillus mycoides,1220585.4,10
,,,,,86662.17,Oct-37
,,,,,GCA_000513155,4
,,,,,,7
140967,4049,"MCCC 1A00732, KCTC 33713, LMG 28871, NBRC 113921, CIP 111460",1,Bacillus nitratireducens,GCA_001884135,Jul-39
140961,EB422,"MCCC 1A06182, KCTC 33858, CIP 111542, NBRC 113915",1,Bacillus pacificus,GCA_001884025,15-45
140968,NH24A2,"MCCC 1A04098, KCTC 33709, LMG 28876, NBRC 113922, CIP 111461",1,Bacillus paramycoides,GCA_001884235,15-39
140960,Mn5,"MCCC 1A00395, KCTC 33714, LMG 28873, NBRC 113914, CIP 111454",1,Bacillus paranthracis,GCA_001883995,15-45
140966,TD42,"MCCC 1A00365, KCTC 33715, LMG 28870, NBRC 113920, CIP 111459",1,Bacillus proteolyticus,GCA_001884065,Oct-39
1103,"PN 137, DP44","DSM 8725, ATCC 700166, CIP 105304",1,Alkalihalobacillus pseudalcaliphilus,2630968651,Oct-37
,,,,,79884.3,
,,,,,GCA_001038565,
1151,,"DSM 12442, NRRL B-617, JCM 12231, CIP 105700, LMG 18993, KCTC 3862, NBRC 101232, BCRC 17606, BCRC 17107",1,Bacillus pseudomycoides,527000.3,10
,,,,,643886172,15
,,,,,GCA_000161455,
756,272,"DSM 27, ATCC 7061, CCM 2144, IFO 12092, JCM 2508, NBRC 12092, NCIB 9369, NCTC 10337, NRS 272, BCRC 11706, CCUG 26015, CECT 29, CGMCC 1.3533, CIP 52.67, IAM 12469, IAM 14177, KCTC 3348, LMG 7132, NCIMB 9369, NRIC 1010, NRRL NRS-272, VKM B-508, VTT E-95572, NCDO 1766",1,Bacillus pumilus,1408.193,10
,,,,,2880148112,5
,,,,,536229.4,
,,,,,642791616,
,,,,,GCA_000172815,
,,,,,GCA_900186955,
166351,SPB7,"NRRL B-65559, CICC 24827, MCC 4185",1,Bacillus rugosus,GCA_011745685,20-45
1264,FO-36b,"DSM 19292, ATCC BAA-1126, LMG 26769, NBRC 100820, CIP 109412",1,Bacillus safensis subsp. safensis,1178541.1,10
,,,,,1178541.5,
,,,,,2576861488,
,,,,,GCA_000691165,
,,,,,GCA_003097715,
166417,,"LMG 30124, CECT 9344, BC 09",1,Bacillus safensis subsp. osmophilus,2163013.3,May-55
,,,,,GCA_003254445,
159795,AK72,"MTCC 12636, KCTC 33981, JCM 32183",1,Bacillus shivajii,1983719.3,Oct-42
,,,,,1983719.4,
,,,,,1983719.5,
,,,,,GCA_020519665,
1302,PD-A10,"DSM 25261, BCC 22614, KACC 16244, KCTC 13613, CIP 110217",1,Bacillus siamensis,1177185.3,Apr-55
,,,,,2548877022,
,,,,,GCA_000262045,
1201,"L87-10, TG8-8","DSM 13779, NRRL B-23154, JCM 12232, CIP 107271, KCTC 13918, NBRC 101234",1,Bacillus sonorensis,1220591.4,10
,,,,,1220591.6,15
,,,,,2571042128,
,,,,,2731957676,
,,,,,GCA_000507125,
,,,,,GCA_001592005,
1193,TU-B-10,"DSM 15029, NRRL B-23049, JCM 12233, CIP 106094, LMG 19156, NBRC 101239",1,Bacillus spizizenii,2511231064,10
,,,,,96241.37,
,,,,,GCA_000227465,
,,,,,GCA_007989785,
1187,"231, NRS-231","DSM 347, ATCC 6633, CCM 1999, IAM 1069, NCIB 8054, NCTC 10400, WDCM 00003, CCUG 10779, JCM 20035, AHU 1038, BCRC 10447, BUCSAV 425, CECT 356, CIP 52.62, IFO 3134, IID 506, IMET 10880, JCM 2499, KCTC 2189, LMG 8197, NBRC 3134, NCIMB 8054, NRIC 1022, NRIC 1521, NRRL B-209, NRRL B-354, OUT 8351, PCI 219, RIMD 0225013, VTT E-85231, NCDO 1733, CMCC (B) 63501",0,Bacillus spizizenii,1300158.3,10
,,,,,1423.767,
,,,,,2734481915,
,,,,,647000211,
,,,,,703612.22,
,,,,,703612.3,
,,,,,96241.1,
,,,,,GCA_000177595,
,,,,,GCA_001312785,
,,,,,GCA_006094475,
1172,"Marburg, 744","DSM 10, ATCC 6051, CCM 2216, IAM 12118, IFO 13719, JCM 1465, LMG 7135, NBRC 13719, NCIB 3610, NCTC 3610, NRS 744, CCUG 163 B, BCRC 10255, CECT 39, CIP 52.65, IFO 16412, IMET 10758, KCTC 3135, NBRC 16412, NCFB 1769, NCIMB 3610, NRRL B-4219, NRRL NRS-744, VKM B-501, VKM B-758, VKM B-919, VTT E-97009, UCCCB117, NCDO 1769",1,Bacillus subtilis,135461.13,10
,,,,,135461.32,
,,,,,1423.1861,
,,,,,1423.1862,
,,,,,1423.1863,
,,,,,1423.1864,
,,,,,1423.1865,
,,,,,1423.1866,
,,,,,1423.1867,
,,,,,1423.1868,
967,,"DSM 2109, ATCC 11774, NCTC 8236, CCUG 50054, NCIMB 8739, ICI 2/4, CIP 1.83",0,Bacillus subtilis,1423.741,10
,,,,,2925634727,
,,,,,GCA_004101945,
140573,RA9,"LMG 29736, CECT 9170",1,Siminovitchia terrae,1914933.3,15-45
,,,,,2881644220,
,,,,,GCA_003605405,
133977,SgZ-8,"CCTCC AB 2012108, KACC 16706",1,Bacillus thermotolerans,1221996.3,20-65
,,,,,GCA_000812025,
,,,,,GCA_011751085,
140962,N24,"MCCC 1A01406, KCTC 33711, LMG 28874, NBRC 113916, CIP 111455, MCCC 1A1406",1,Bacillus tropicus,GCA_001884035,15-45
1150,"DV1-F-3, DV-1-F3","DSM 11031, NRRL B-14890, JCM 12234, ATCC 700092, BCRC 17183, CIP 104792, KCTC 3707, LMG 18725, NBRC 101236",1,Bacillus vallismortis,1051502.3,10
,,,,,2547132131,10-May
,,,,,2880152234,
,,,,,72361.11,
,,,,,GCA_000245315,
,,,,,GCA_004116955,
23706,CBMB205,"DSM 28326, KACC 17006, KACC 13105, NCCB 100236",0,Bacillus velezensis,2630968484,15-45
,,,,,492670.1,20-45
,,,,,492670.316,
,,,,,GCA_000960265,
,,,,,GCA_002117165,
,,,,,GCA_003431885,
,,,,,GCA_900100225,
140354,FJAT-27215,"DSM 100757, CCTCC AB 2015266",1,Bacillus wudalianchiensis,GCA_001685015,Oct-60
164466,FJAT-46582,"JCM 33155, CCTCC AB 2017047",1,Bacillus xiapuensis,GCA_002797355,30-Oct
164475,XXST-01,"JCM 33181, MCCC 1A14143",1,Robertmurraya yapensis,2885763063,Oct-45
,,,,,GCA_003966255,
,,,,,GCA_005280205,
140879,DW5-4,"MCCC 1A08372, LMG 27144, KCTC 33531",1,Bacillus zhangzhouensis,2585427675,Aug-45
,,,,,GCA_000715205,
1574,UKi2,"DSM 12778, ATCC 27052, DSM 50722, ICPB 3291",1,Bacteriovorax stolpii,2756170350,15.0-35.0
,,,,,2802429278,
,,,,,960.3,
,,,,,960.4,
,,,,,GCA_002872415,
,,,,,GCA_004362635,
158883,KGMB02408,"DSM 107828, KCTC 15687, JCM 34008",1,Bacteroides faecalis,2447885.3,15-37
,,,,,2916288202,
,,,,,GCA_003865075,
1610,199,"DSM 17565, JCM 13345, CCUG 53890",1,Bacteroides finegoldii,2562617142,20-40
,,,,,483215.6,
,,,,,GCA_000156195,
1624,XDT-1,"CCUG 60910, DSM 19988, JCM 15093, KCTC 15146",1,Bacteroides graminisolvens,1121097.3,May-40
,,,,,1236499.3,
,,,,,2524614553,
,,,,,2585427863,
,,,,,GCA_000428125,
,,,,,GCA_000613825,
158670,YS-aM39,"KCTC 15520, JCM 31393",1,Bacteroides koreensis,1912896.5,15-40
,,,,,GCA_007341375,
158671,R2F3-3-3,"KCTC 15460, JCM 31391",1,Bacteroides kribbi,1912894.3,15-40
,,,,,GCA_007341395,
1621,SV434,"DSM 19291, JCM 14649, CCUG 60909",1,Bacteroides propionicifaciens,1121099.3,May-35
,,,,,1236495.3,
,,,,,2517093002,
,,,,,2585427866,
,,,,,GCA_000375405,
,,,,,GCA_000613745,
158509,,"DSM 108226, CGMCC 4.7547, KCTC 49229, YIM 75507",1,Bailinhaonella thermotolerans,2339229.3,15-55
,,,,,2861773553,
,,,,,GCA_003594875,
133009,KHALHBd91,"DSM 28579, JCM 19909",1,Balneicella halophila,1537566.3,20.0-50.0
,,,,,2756170310,
,,,,,GCA_003096835,
17738,"13IX/A01/164, 131X/A01/164","DSM 17893, CIP 109092, OOB 256",1,Balneola vulgaris,1121104.3,Oct-40
,,,,,2515154152,
,,,,,GCA_000375465,
1634,,"DSM 21432, CCUG 45774, CIP 105477, IBS 382",1,Bartonella alsatica,52764.3,10
,,,,,52764.4,15
,,,,,GCA_013388295,
,,,,,GCA_902728125,
1637,91-4,"DSM 21464, CCUG 43828, CIP 106692",1,Bartonella bovis,1094491.5,10
,,,,,155194.4,15
,,,,,2597489901,
,,,,,GCA_000384965,
,,,,,GCA_902728095,
1638,,"DSM 21569, CCUG 43827, CIP 106691, IBS 193",1,Bartonella capreoli,155192.3,10
,,,,,GCA_902813205,15
1639,A828,"DSM 21431, CCUG 47497, CIP 107869",1,Bartonella chomelii,236402.3,10
,,,,,2829854532,15
,,,,,GCA_014138465,
1635,C-29,"DSM 21570, ATCC 700693, CIP 107025, CCUG 50773",1,Bartonella koehlerae,1134510.3,10
,,,,,1134510.4,15
,,,,,2588253861,
,,,,,GCA_000706625,
,,,,,GCA_902825125,
1632,"E251, R1","DSM 13525, CCUG 50783, CIP 107819, NCTC 13165",1,Bartonella schoenbuchensis,165694.3,10
,,,,,2773858026,15
,,,,,687861.4,
,,,,,GCA_002022685,
,,,,,GCA_902810545,
23779,,"DSM 28219, CCUG 45778, CIP 105476, IBS 506",1,Bartonella tribocorum,382640.5,10
,,,,,382640.9,15
,,,,,641228478,
,,,,,GCA_000196435,
23780,"OK 94-513, 94-513","DSM 28218, ATCC 700727, CCUG 50775, CIP 106848",1,Bartonella vinsonii subsp. arupensis,1094562.4,10
,,,,,GCA_902825115,15
5363,,"DSM 19936, CCUG 55508, WCC 4188",1,Bavariicoccus seileri,1121105.4,Oct-40
,,,,,2523533538,
,,,,,GCA_000421665,
133124,D-402,"DSM 14946, UNIQEM U 779",1,Beggiatoa leptomitoformis,2654588010,8.0-35.0
,,,,,319938.3,
,,,,,GCA_001305575,
162511,TS-T86,"JCM 19468, CGMCC 1.12479, UCCCB124",1,Belliella aquatica,1323734.3,4
,,,,,GCA_014637795,
,,,,,GCA_022549755,
17716,"BA134, BA 134T","DSM 15883, CIP 108006, LMG 21964, UCCCB126",1,Belliella baltica,2509276058,Apr-37
,,,,,866536.3,15-41
,,,,,GCA_000265405,4
,,,,,,Apr-37
,,,,,,5
38,CP2C,"DSM 16746, ATCC BAA-1043, CIP 109215",1,Belnapia moabensis,1121106.3,15-30
,,,,,2571042000,
,,,,,GCA_000745835,
39,,"DSM 23312, CGMCC 1.10758, CPCC 100156",1,Belnapia rosea,2596583546,20
,,,,,938405.3,
,,,,,938405.4,
,,,,,GCA_900101615,
,,,,,GCA_900104205,
11297,RED65,"DSM 23232, CCUG 52064, CECT 7074",1,Bermanella marisrubri,638341141,15-42
,,,,,GCA_000153565,
,,,,,GCA_012295615,
3791,"Fx l1, Sio-4","DSM 6794, ATCC 23117, IFO 15988, NBRC 15988, CIP 106402, NCIMB 1366",1,Bernardetia litoralis,2509276059,15-25
,,,,,880071.3,5
,,,,,GCA_000265505,
1678,2163-026,"DSM 12333, ATCC BAA-8, IFO 16432, NBRC 16432, CCUG 43141, HKI 0122, JCM 11478, CIP 106362, NCIMB 13614",1,Beutenbergia cavernae,471853.5,10
,,,,,643692008,15-37
,,,,,GCA_000023105,
12009,ge10,"DSM 19037, CGMCC 1.6762",1,Bhargavaea beijingensis,2619618820,Jul-45
,,,,,426756.5,
,,,,,GCA_900101985,
12011,DSE10,"DSM 22132, JCM 14375, LMG 24411",1,Bhargavaea cecembensis,1235279.3,15-55
,,,,,2537561877,
,,,,,GCA_000348905,
12010,ge14,"DSM 19038, CGMCC 1.6763",1,Bhargavaea ginsengi,2617270926,Apr-45
,,,,,426757.4,
,,,,,GCA_900109165,
23197,ZMA-19,"DSM 26128, CCM 8429, LMG 27071, ZMA 19, CIP 110542",1,Bhargavaea ullalensis,2928332132,15-50
140310,RP115,"DSM 100238, CCM 8605, LMG 28779",1,Bifidobacterium apri,1769423.3,Oct-49
,,,,,GCA_009299485,
140884,R 54638,"LMG 28769, CCUG 67145",1,Bifidobacterium aquikefiri,1653207.3,Apr-37
,,,,,2791355241,
,,,,,GCA_002259795,
1739,BluCI/TP,"DSM 19703, ATCC BAA-1567, KCTC 15159",1,Bifidobacterium bombi,1341695.3,Oct-37
,,,,,1341695.4,
,,,,,2600255079,
,,,,,2663763384,
,,,,,GCA_000737845,
,,,,,GCA_000771085,
164528,2028B,"JCM 33352, CCUG 72814, LMG 30938",1,Bifidobacterium callimiconis,2867271487,20
,,,,,GCA_003952005,
164527,2020B,"JCM 33351, CCUG 72816, LMG 30937",1,Bifidobacterium castoris,2868066422,20
,,,,,GCA_003952025,
164531,2036B,"JCM 33355, CCUG 72818, LMG 30941",1,Bifidobacterium dolichotidis,2867278111,20
,,,,,GCA_003951975,
164529,2034B,"JCM 33353, CCUG 72815, LMG 30939",1,Bifidobacterium goeldii,2867275962,20-40
,,,,,GCA_003951095,
1747,,"DSM 21395, JCM 15461, YIT 10443, KCTC 5848",1,Bifidobacterium mongoliense,1437603.3,15-35
,,,,,1437603.4,
,,,,,2597489915,
,,,,,2695420510,
,,,,,GCA_000741285,
,,,,,GCA_000771525,
1738,T16,"DSM 22366, LMG 21775, NCIMB 13940, JCM 15958",1,Bifidobacterium psychraerophilum,1435464.3,Apr-42
,,,,,1435464.5,
,,,,,218140.3,
,,,,,2597490219,
,,,,,2627853606,
,,,,,GCA_000741705,
,,,,,GCA_000771565,
,,,,,GCA_002813205,
164530,2033B,"JCM 33354, CCUG 72817, LMG 30940",1,Bifidobacterium samirii,2867273872,20
,,,,,GCA_003952945,
141014,Tam10B,"LMG 30126, CCUG 70655, CCUG 70655 A",1,Bifidobacterium vansinderenii,2862017679,20
,,,,,GCA_002234915,
24299,"98-D-690B, M327/99/2, M327/99/2T","DSM 28231, CCUG 43067, NCTC 13475, CIP 106354",1,Bisgaardia hudsonensis,109472.3,15
,,,,,2795385461,
,,,,,GCA_004345785,
,,,,,GCA_013377195,
134133,"APA1-, APA-1","ACAM 1056, CIP 108533",1,Bizionia algoritergicola,291187.4,13
,,,,,,30-May
163765,,"JCM 30333, CGMCC 1.12751",1,Bizionia arctica,1495645.3,20
,,,,,GCA_014638915,
5714,"CCM-A-29 1259, JUB59",DSM 19628,1,Bizionia argentinensis,1046627.3,28-Feb
,,,,,2513237264,20
,,,,,GCA_000224335,
5715,,"DSM 23925, KCTC 22015, KMM 6177, LMG 25220",1,Bizionia echini,2622736504,Apr-39
,,,,,649333.4,
,,,,,GCA_900115185,
134126,IC164,"ACAM 107, CIP 108536, ACAM 1057",1,Bizionia gelidisalsuginis,GCA_008086185,12.5
,,,,,,20
,,,,,,22-May
134125,ADA-4,"ACAM 1058, CIP 108535",1,Bizionia myxarmorum,291186.3,14
,,,,,GCA_008086205,25-May
134127,HFD,"ACAM 1059, CIP 108534",1,Bizionia saleffrena,291189.3,12.5
,,,,,GCA_008086175,30-May
159723,P6,"NCIMB 15090, NRRL B-65468",1,Blastococcus atacamensis,2834479247,Oct-45
,,,,,GCA_002938425,
24054,,"DSM 45413, CCTCC AA 209045, KCTC 19998, YIM 68236, JCM 17896, JCM 31483",1,Trujillonella endophytica,2599185194,Oct-45
,,,,,673521.3,
,,,,,GCA_900110555,
159637,GP-S2-8,"DSM 106127, JCM 32354, KCCM 43275, KCTC 49078",1,Blastococcus litoris,2834497130,Apr-45
,,,,,GCA_003075095,
5813,,"CCUG 61911, DSM 44509, JCM 13239, NRRL B-24246, BC 444",1,Blastococcus saxobsidens,138336.4,20-37
,,,,,138336.5,
,,,,,2816332115,
,,,,,2837591487,
,,,,,GCA_002938435,
,,,,,GCA_004217455,
140448,,"DSM 46842, CECT 8884, BMG 862",1,Blastococcus xanthinilyticus,1564164.3,Oct-45
,,,,,2700988699,
,,,,,GCA_008124835,
163730,,"JCM 30179, CGMCC 1.12851",1,Blastomonas aquatica,1510276.3,20
,,,,,GCA_014639875,
140974,T2,"KCTC 42354, JCM 30467, DSM 112298",1,Blastomonas fulva,1550728.3,4
,,,,,GCA_003431825,Aug-37
140358,SSR2A-4-2,"DSM 103453, CGMCC 1.15297",1,Blastomonas marina,1867408.3,Oct-42
,,,,,GCA_014641655,
14141,"1, EY4220","DSM 3183, ATCC 35951, UQM 2507, JCM 12333, ACM 2507, CECT 4273, CIP 106842, IFO 15649, JCM 10396, KCTC 2886, LMG 17322, NBRC 15649, NCIMB 12085",1,Blastomonas natatoria,2756170222,10
,,,,,34015.5,5
,,,,,GCA_003201955,
160830,"Enrichment 8, Enr8","DSM 100415, LMG 29081, LMG 2908",1,Blastopirellula retiformator,2891333991,15-33
,,,,,GCA_007859755,
158642,KB1,"KCTC 15618, JCM 32276",1,Blautia hominis,GCA_002270465,15-42
1770,2017-12,"DSM 11294, CCUG 39178, HKI 88, JCM 11479, ATCC 700413, CIP 105404, NBRC 106158, HKI 0088",1,Bogoriella caseilytica,2781126043,10
,,,,,56055.3,15-41
,,,,,GCA_003752405,20-30
376,,"DSM 13414, ATCC 19395, CCUG 219, CIP 55.110, LMG 1232, NCTC 452, CCM 6082, NBRC 13691",1,Bordetella bronchiseptica,518.61,Oct-41
,,,,,GCA_021391275,5
,,,,,GCA_900445725,
375,B-140,"CCUG 2514, NRRL B-140, DSM 10303, ATCC 4617, NCIB 9935, NCTC 8344, PCI 1701, WHO 11, CIP 53.157, NCIMB 9935",0,Bordetella bronchiseptica,518.72,15-41
,,,,,GCA_900637995,5
368,522,"DSM 13415, ATCC 15311, CCUG 413, LMG 14449, NCTC 5952, CIP 64.11, LMG 1831",1,Bordetella parapertussis,2773857998,15
,,,,,2811995279,5
,,,,,519.1,
,,,,,519.102,
,,,,,519.18,
,,,,,519.3,
,,,,,GCA_900445785,
382,Se-1111R,"DSM 12804, CCUG 43448, CIP 107267, ATCC BAA-461, CCM 7166",1,Bordetella petrii,340100.3,15
,,,,,641228479,5
,,,,,GCA_000067205,
379,"1779, 22-93","DSM 11334, CCUG 32381, LMG 13506, CIP 105351",1,Bordetella trematum,123899.5,15
,,,,,GCA_900078335,5
166471,1131,"NRRL B-65405, LMG 30034",1,Bosea psychrotolerans,GCA_002917105,May-35
1786,BI-42,"DSM 9653, CCUG 55771, ATCC 700366",1,Bosea thiooxidans,2595698224,<20
,,,,,53254.5,
,,,,,GCA_900168195,
160713,BS-W15,"DSM 110602, KCTC 32576, CECT 8489",1,Boseongicola aestuarii,1470561.1,20
,,,,,2788500140,
,,,,,GCA_900184815,
166358,Pla108,"DSM 103355, LMG 29803",1,Botrimarina colliarenosi,GCA_007859955,Oct-33
160326,Pla111,"DSM 103485, STH 00945",1,Botrimarina hoheduenensis,GCA_007859815,Oct-33
160513,Spa11,"DSM 100745, LMG 31350, CECT 9852, VKM B-3431",1,Botrimarina mediterranea,GCA_007753265,Oct-36
166437,,"KCTC 52794, NBRC 112957, SYSU D60016",1,Botryobacter ruber,2171629.3,15-50
,,,,,GCA_003347595,
174,M1749/98/1,"DSM 15383, CCUG 41710, CIP 106509",1,Boudabousia marimammalium,156892.4,10
,,,,,2865869608,
,,,,,GCA_001936115,
188,R2014,"DSM 19116, CCUG 46092, CIP 107668",1,Bowdeniella nasicola,208480.4,10
,,,,,2855319728,
,,,,,GCA_001907295,
133432,W3-3A,"CGMCC 1.7086, LMG 24568, MCCC 1A01018",1,Bowmanella pacifica,502051.3,Oct-42
,,,,,GCA_014645355,
132661,KWS-1,"DSM 28796, JCM 30059, MTCC 11836",1,Brachybacterium aquaticum,1432564.3,20.0-37.0
,,,,,2868155942,
,,,,,GCA_014204755,
159799,M1HQ-2,"KCTC 49087, CGMCC 1.16391, JCM 33403",1,Brachybacterium endophyticum,2837086405,Apr-37
,,,,,GCA_003130585,
3911,R-5509,"DSM 14564, LMG 20336, CCUG 50350, JCM 12138, CIP 108248",1,Brachybacterium fresconis,173363.3,Oct-37
,,,,,2918358370,
,,,,,GCA_017876515,
3914,"C3H-21, C3H 21-2","DSM 15460, CCM 7047, JCM 14117, CCUG 50159, CCUG 50352, CIP 108210, DSM 14560",1,Brachybacterium muris,219301.5,10
,,,,,2893575648,
,,,,,GCA_016907455,
3903,"35, IMV-Ac 752","DSM 9573, IMV Ac-752, JCM 11648, CIP 104813, IAM 14582, IFO 15384, LMG 19549, NBRC 15384",1,Brachybacterium nesterenkovii,2865174459,10
,,,,,47847.3,
,,,,,GCA_900163655,
3917,JG 06,"DSM 23186, IMCC 252, JCM 19544",1,Brachybacterium saurashtrense,2848551377,Oct-45
,,,,,2866391516,
,,,,,556288.4,
,,,,,556288.5,
,,,,,GCA_003355475,
,,,,,GCA_003994295,
3910,,"CCUG 50353, CCM 4521, DSM 10673, CNRZ 926, JCM 11610, ATCC 700068, CIP 104812, IAM 14579, IFO 16119, LMG 19552, NBRC 16119, NCIMB 13430",1,Brachybacterium tyrofermentans,2893692521,30-Oct
2909,AIMA4,"DSM 19884, LMG 24400",1,Brachymonas chironomi,1121116.3,18-37
,,,,,2518285616,
,,,,,GCA_000374625,
343,LGM 19451,"DSM 13743, LMG 19451, NCIMB 13739, CCUG 47103, RKI 99-01984, CIP 107426",1,Brackiella oedipodis,1121118.3,15
,,,,,2556921113,20
,,,,,GCA_000621025,4
166188,39S1MB,"LMG 29934, HAMBI 3680",1,Bradyrhizobium amphicarpaeae,2844521893,10
,,,,,GCA_002266435,
1817,CTAW11,"DSM 23720, CECT 7749, LMG 25866",1,Bradyrhizobium cytisi,GCA_008123515,4
133742,,"LMG 26136, CGMCC 1.10948, HAMBI 3180, CCBAU 23303",1,Bradyrhizobium huanghuaihaiense,2596583587,28-Oct
,,,,,990078.3,
,,,,,GCA_007830635,
1805,3I1b6,"DSM 30131, ATCC 10324, CCUG 27876, LMG 6138, CECT 530, JCM 20679, BCRC 13518, BCRC 80814, CCTM La 3681, CIP 106093, HAMBI 2314, IAM 12608, ICMP 2864, NBRC 14783, NCIMB 11477, NRRL B-4507, NRRL L-241, NZP 5549, OUT 30002, USDA 505, VKM B-1967",1,Bradyrhizobium japonicum,375.87,10
,,,,,GCA_006539645,
1816,PAC68,"DSM 19632, CECT 7395, LMG 24556",1,Bradyrhizobium jicamae,2731957959,May-32
,,,,,GCA_001440395,
169343,I71,DSM 112639,0,Bradyrhizobium sp.,GCA_022354745,20
168996,85S1MB,"LMG 29937, HAMBI 3684",1,Bradyrhizobium symbiodeficiens,CP029427,28-Oct
,,,,,GCA_002266465,
166133,UFLA03-164,LMG 31509,1,Bradyrhizobium uaiense,GCA_010811875,15-37
134681,,"CIP 108027, CFNEB 101, CCBAU 10071",1,Bradyrhizobium yuanmingense,108015.31,10
,,,,,2617270741,
,,,,,GCA_900094575,
22967,BM,"DSM 24659, JCM 16868",1,Brassicibacter mesophilus,2861672352,16-44
160632,"Pan 97, Pan97","DSM 101992, LMG 29460",1,Bremerella volcania,2883475777,15-40
,,,,,GCA_007748115,
4309,,"CCUG 48887, ICMP 12481, ATCC 700181, CIP 104916, DSM 11811, NCPPB 3934, PVFi 20",1,Brenneria alni,2574179710,10
,,,,,2835052945,5
,,,,,71656.4,
,,,,,GCA_003666245,
166420,gBX10-1-2,"CFCC 11842, KCTC 42840",1,Brenneria corticis,2173106.3,Apr-41
,,,,,2891501747,
,,,,,GCA_003115855,
4306,"EN 101, WC1","CCUG 48853, NCPPB 564, CIP 105198, LMG 2694, CFBP 3616, ICMP 1578, DSM 30175, ATCC 13028",1,Brenneria nigrifluens,2574179731,30-May
,,,,,55210.4,
,,,,,55210.5,
,,,,,GCA_003115835,
,,,,,GCA_005484965,
4308,BS 1027,"DSM 30166, ATCC 15712, EX 2, NCPPB 447, CCUG 48855, CIP 105204, LMG 2698, CFBP 802",1,Brenneria salicis,2506783044,30-May
,,,,,2770939624,
,,,,,2839726999,
,,,,,714314.6,
,,,,,714314.7,
,,,,,714314.8,
,,,,,GCA_003315515,
,,,,,GCA_003666165,
,,,,,GCA_012932875,
11416,"13, NRS-1219","DSM 6348, ATCC 51663, CCUG 31345, NRRL NRS-1219, LMG 15103, NRS 1219, JCM 9067, CCM 4535, CGMCC 1.3103, CIP 104002, IFO 15538, KCTC 3573, LMG 15598, NBRC 15538",1,Brevibacillus agri,2841283598,10
,,,,,51101.7,
,,,,,51101.8,
,,,,,GCA_003710885,
,,,,,GCA_004117055,
,,,,,GCA_006540025,
11421,"B4, NRS-818","DSM 6347, ATCC 51668, CIP 104545, IFO 15714, JCM 9022, NBRC 15714, CCUG 51058, NRRL NRS-818, LMG 16009, NRS 818, CGMCC 1.3102",1,Brevibacillus borstelensis,45462.11,10
,,,,,GCA_003710865,
,,,,,GCA_006540165,
11402,"27B, 604","DSM 30, ATCC 8246, CCM 2050, JCM 2503, LMG 16703, NCIB 9372, NCTC 2611, CCUG 7413, NRS 604, BCRC 14682, CECT 5, CGMCC 1.3098, CIP 52.86, IFO 15304, KCTC 3743, LMG 7123, NBRC 15304, NCIMB 9372, NRRL B-14602, NRRL NRS-604, NRRL NRS-819, VKM B-503, NCDO 1770",1,Brevibacillus brevis,1393.21,10
,,,,,1393.23,
,,,,,2843783720,
,,,,,GCA_003012835,
,,,,,GCA_003385915,
,,,,,GCA_006539845,
,,,,,GCA_900637055,
11425,"NRRL-NRS 664, NRS-664","DSM 8445, ATCC 51661, CCUG 31347, NRRL NRS-664, NRS 664, JCM 9071, CGMCC 1.3104, CIP 104003, IFO 15540, KCTC 3863, KCTC 3887, LMG 15106, LMG 15603, NBRC 15540",1,Brevibacillus centrosporus,54910.5,10
,,,,,GCA_003710815,
,,,,,GCA_006540045,
11423,"HPD 52, HPD52","DSM 8552, ATCC 51359, CIP 103838, IFO 15518, JCM 8505, NBRC 15518, CCUG 51061, NRRL B-23247, LMG 15968, CGMCC 1.3099, KCTC 3836, NCIMB 13345",1,Brevibacillus choshinensis,54911.3,10
,,,,,GCA_001420695,18-37
11440,CJ71,"DSM 23904, JCM 15716, KACC 13381",1,Brevibacillus fluminis,2851217762,20-45
,,,,,511487.5,
,,,,,GCA_003710825,
132387,PDF4,"DSM 100115, NCCB 100559",1,Brevibacillus gelatini,1655277.4,20-50
,,,,,2839026242,
,,,,,GCA_003710935,
11436,"B2156, C3774, B2156T","DSM 16423, CIP 106911, LMG 18962, NCIMB 13772, JCM 12215",1,Brevibacillus invocatus,173959.4,10
,,,,,2851194356,
,,,,,GCA_003710915,
23172,DA2,"DSM 26674, JCM 15774, NCIMB 14531",1,Brevibacillus nitrificans,2851175764,16-44
,,,,,651560.4,
,,,,,GCA_003710965,
11439,,"DSM 22869, JCM 15085, KCTC 13206, DCY 35",1,Brevibacillus panacihumi,2854289608,15-42
,,,,,497735.1,
,,,,,GCA_003710985,
1834,CMD1,"DSM 20657, ATCC 35513, NCDO 2048, CCUG 29001, JCM 2594, BCRC 12214, CCM 4100, CECT 4161, CGMCC 1.1930, CIP 102111, IFO 14812, IMET 10997, KCTC 3082, KCTC 3085, NBRC 14812, NCIMB 702048, VKM Ac-2114, IAM 2594",1,Brevibacterium casei,1255625.3,10
,,,,,2600255381,15
,,,,,33889.2,
,,,,,GCA_900169275,
23808,"2C6-41, 2C6-41N","DSM 27938, JCM 17458, KCTC 19800",1,Brevibacterium daeguense,GCA_021729135,Oct-42
1838,C705,"DSM 20660, ATCC 35514, NCDO 2286, CCUG 30540, NCTC 11083, JCM 2593, BCRC 12215, CCM 4098, CECT 4162, CGMCC 1.1929, CIP 102110, IFO 14811, IMET 10998, KCTC 3090, LMG 21455, NBRC 14811, NCIMB 702286, VKM Ac-2108, VTT E-032416",1,Brevibacterium epidermidis,1349751.3,Oct-37
,,,,,2731957605,
,,,,,GCA_001570805,
130226,SJ5-8,"DSM 29217, JCM 18571, KACC 16911",1,Brevibacterium jeotgali,1262550.4,Oct-37
,,,,,2600255371,
,,,,,2806310637,
,,,,,GCA_007828155,
,,,,,GCA_900169175,
1842,"56b, 56-B","DSM 20425, ATCC 9172, NCIB 9909, CCUG 47677, CIP 101125, IMET 11075, JCM 1327, NCIMB 9909, BCRC 10631, CECT 69, CGMCC 1.1890, HAMBI 2038, IAM 12437, IFO 12142, IMSNU 12001, KCTC 9099, LMG 21451, MTCC 268, NBRC 12142, NRRL B-4210, VKM Ac-2112, VTT E-94529",1,Brevibacterium linens,1255617.3,10
,,,,,1255617.4,15-30
,,,,,2600255378,
,,,,,GCA_008868375,
,,,,,GCA_900169165,
1856,CF87,"DSM 15022, CCUG 46604, CIP 108129, JCM 12367, CCM 7149",1,Brevibacterium luteolum,199591.12,10
,,,,,199591.9,15
,,,,,2893558195,
,,,,,GCA_013004595,
,,,,,GCA_016907415,
1867,HFW-26,"DSM 18964, JBRI 2001, KCTC 19221, JCM 15618",1,Brevibacterium marinum,2831311770,30-Oct
,,,,,418643.3,
,,,,,GCA_011927955,
1848,"E2cr, 669","DSM 9583, ATCC 49030, CCUG 37313, JCM 11682, CIP 104342",1,Brevibacterium mcbrellneri,585530.3,10
,,,,,647000216,5
,,,,,GCA_000178455,
1866,BBH7,"DSM 21578, IAM 15353, JCM 21798, LMG 23457, BCRC 16991, NCIMB 14558, CIP 109608",1,Brevibacterium oceani,GCA_013623835,Oct-35
1851,"CF62, CF 62","CCUG 45688, DSM 13657, LMG 19814, JCM 11567, ATCC BAA-616, IFM 10521, CIP 107270",1,Brevibacterium paucivorans,170994.6,10
,,,,,2893675053,15
,,,,,GCA_016907735,
1871,01-Je-003,"DSM 22082, CCM 7649, CCUG 57423, JCM 30489",1,Brevibacterium sandarakinum,2634166182,Apr-36
,,,,,629680.3,
,,,,,GCA_900105045,
133018,FXJ8.269,"DSM 102229, CGMCC 1.15472, JCM 32488",1,Brevibacterium sediminis,1857024.4,8.0-37.0
,,,,,GCA_013623905,
,,,,,GCA_014643055,
22937,MB18,"DSM 23676, LMG 25772, JCM 30994",1,Brevibacterium siliguriense,1136497.4,20-37
,,,,,2634166531,
,,,,,GCA_900105315,
22938,MN-6-a,"DSM 24850, JCM 17779",1,Brevibacterium yomogidense,946573.5,Apr-37
,,,,,GCA_016107685,
133971,DC2c-G4,"NBRC 108608, CIP 110457",1,Brevifollis gellanilyticus,2886798102,Oct-37
,,,,,748831.3,
,,,,,GCA_007992435,
133873,TAR-001,"JCM 18150, CECT 8073, CIP 110627",1,Brevundimonas abyssalis,1391729.3,Feb-41
,,,,,2574180166,20
,,,,,GCA_000466985,
2318,EMB102,"DSM 17977, KCTC 12609",1,Brevundimonas aveniformis,1121123.3,15-35
,,,,,2524614798,
,,,,,GCA_000428765,
2303,CB 7,"DSM 4726, ATCC 15254, CIP 101031, KCTC 12439, LMG 15096",1,Brevundimonas bacteroides,1121124.3,10
,,,,,2561511096,5
,,,,,GCA_000701445,
2321,J22,"DSM 25335, JCM 15911, KCTC 22177",1,Brevundimonas basaltis,2861358767,Oct-42
,,,,,472166.3,
,,,,,GCA_014202075,
2298,Pickett K-248,"DSM 7234, ATCC 11568, CCEB 513, CCEB 516, CCM 2657, CCTM 1850, CCUG 1187, CCUG 1256, CCUG 1427, CECT 317, CIP 63.27, CNCTC Ps170/79, HNCMB 173005, IAM 1513, IMET 10409, JCM 2788, LMG 2088, LMG 2089, NCIB 9393, NCTC 8545, NRRL B-1496, USCC 1337, VKM B-893, AJ 2067, Hugh 342, Komagata KS 0016, BCRC 11894, CGMCC 1.1798, IAM 12691, IFO 12697, KCTC 12488, LMG 1793, NBRC 12697, NCIMB 9393, VKM B-1297",1,Brevundimonas diminuta,2814123189,Oct-37
,,,,,293.17,5
,,,,,293.26,
,,,,,651285001,
,,,,,751586.3,
,,,,,GCA_000204035,
,,,,,GCA_900445995,
2297,,"DSM 1635, ATCC 19146, CCUG 24715, LMG 10743, CCM 4623, PCI 818, JCM 2428, CECT 313, CGMCC 1.8867, CIP 103020, IFO 14213, NBRC 14213, NCIMB 11091",0,Brevundimonas diminuta,293.22,Oct-37
,,,,,293.23,5
,,,,,CP035093,
,,,,,GCA_006539485,
167374,LA-55,"LMG 30850, KACC 19639",1,Brevundimonas fluminis,GCA_003934285,15.0-40.0
,,,,,RQWJ00000000,
2322,,"DSM 24448, CCUG 58273, LMG 25346, MCS 24",1,Brevundimonas halotolerans,2828354178,Oct-40
,,,,,69670.5,
,,,,,GCA_014199165,
2319,DS-18,"DSM 23960, JCM 14602, KCTC 12871",1,Brevundimonas lenta,2829867983,Apr-34
,,,,,424796.3,
,,,,,GCA_014196335,
166488,NS26,"CGMCC 1.13680, NBRC 113554",1,Brevundimonas lutea,2834791825,20-37
,,,,,GCA_003704105,
2311,"V4.30.10, V4.BO.10","DSM 14878, CIP 107934, LMG 21911, KCTC 12441",1,Brevundimonas mediterranea,2829807637,Oct-37
,,,,,74329.1,5
,,,,,GCA_014196125,
2320,BIO-TAS2-2,"DSM 23858, CCUG 57609, KCTC 22631",1,Brevundimonas naejangsanensis,1121125.3,Apr-50
,,,,,2524614659,
,,,,,GCA_000421705,
2310,W1-2B,"DSM 14572, GTC 1043, JCM 11415, CGMCC 1.7035, CIP 108442, KCTC 12493",1,Brevundimonas nasdae,172043.4,Oct-37
,,,,,2928222302,5
,,,,,GCA_016654005,
23828,,"DSM 6839, ATCC 19262, IAM 12927, JCM 8845, LMG 2138, NCIMB 301, NCTC 10685, CECT 579, CGMCC 1.2911, CIP 104721, CIP 63.28, IAM 12376, NBRC 103033",0,Pseudoalteromonas atlantica,288.11,20
2305,CB 81,"DSM 4735, ATCC 15264, CCUG 48879, CIP 106453, LMG 14903, IFO 16000, VKM B-1503, KCTC 12442",1,Brevundimonas subvibrioides,633149.4,10
,,,,,648028010,5
,,,,,GCA_000144605,
2306,CB 17,"CCUG 48882, CIP 106445, DSM 4737, ATCC 15255, KCTC 12443",1,Brevundimonas variabilis,2829757494,Oct-37
,,,,,74312.3,5
,,,,,GCA_014199945,
2302,"13alt, Kosako 85012, Otto A117","DSM 7233, ATCC 11426, CCEB 857, CCM 3398, CCUG 2032, CECT 327, IAM 12105, JCM 1477, NCMB 1945, NCTC 10900, Stanier 500, BCRC 11012, CGMCC 1.7034, CIP 101035, DSM 7226, IFO 12165, LMG 2350, NBRC 12165, NCIMB 1945, VKM B-974, VTT E-981070",1,Brevundimonas vesicularis,1349759.3,30-May
,,,,,2731957683,
,,,,,GCA_001592205,
133756,F3,"CGMCC 1.10683, JCM 17426",1,Brevundimonas viscosa,2671180176,Oct-36
,,,,,871741.3,
,,,,,GCA_900116065,
12669,BL-34,"DSM 19609, LMG 23248, NRRL B-41418, CCUG 55599, JCM 14918, NBRC 106143",1,Brooklawnia cerclae,2820979626,Oct-40
,,,,,349934.3,
,,,,,GCA_011758645,
134292,,"BCCN 94-74, NCTC 12891",1,Brucella ceti,520457.4,20-40
1882,OgA9a,"DSM 13338, NBRC 102586, CCUG 46362, CIP 107373, LMG 18954",1,Brucella grignonensis,2834567989,15-37
,,,,,94627.15,Apr-40
,,,,,GCA_002252505,5
,,,,,GCA_012103085,
1893,Falu B 57617/97,"DSM 22355, CCUG 38531, CIP 109452",1,Brucella haematophila,419474.1,4
,,,,,419474.11,
,,,,,GCA_005938105,
,,,,,GCA_012103105,
1888,,"DSM 17986, CIP 105838, LMG 3301, NCTC 12171, CCUG 24694, CNS 2-75",1,Brucella intermedia,641118.3,18-22
,,,,,645058765,
,,,,,94625.13,
,,,,,94625.26,
,,,,,GCA_000182645,
,,,,,GCA_012103055,
,,,,,GCA_900454225,
1887,,"CCUG 54940, DSM 17471, MTCC 4195, NBRC 102588",1,Brucella oryzae,335286.8,Oct-37
,,,,,GCA_012103035,
134291,,"BCCN 94-73, NCTC 12890",1,Brucella pinnipedialis,520461.3,20-40
,,,,,520461.7,
1896,,"DSM 22207, CCUG 50899",1,Brucella pituitosa,571256.19,20
,,,,,571256.25,4
,,,,,GCA_003049685,
,,,,,GCA_008801705,
1892,,"DSM 22354, CCUG 30717, CIP 109451",1,Brucella pseudogrignonensis,2854890933,4
,,,,,419475.13,
,,,,,419475.2,
,,,,,GCA_002252525,
,,,,,GCA_012395205,
1884,SCII24,"DSM 13340, NBRC 102585, CCUG 47104, LMG 18957, UCCCB44",1,Brucella tritici,94626.11,4
,,,,,94626.9,Apr-40
,,,,,GCA_008932295,
,,,,,GCA_012395245,
140708,N62,"KCTC 42589, MCCC 1H00117",1,Brumimicrobium aurantiacum,2831584504,Apr-40
,,,,,GCA_003402975,
134651,IC156,"CIP 107451, LMG 21434, ACAM 645",1,Brumimicrobium glaciale,200475.3,10
,,,,,,15-May
133865,YH207,"KCCM 42331, JCM 14063",1,Brumimicrobium mesophilum,2831912403,Nov-36
,,,,,392717.5,
,,,,,GCA_003025005,
159793,LHR20,"KCTC 62372T, MCCC 1H00247",1,Brumimicrobium salinarum,2831918959,15-40
,,,,,GCA_002844555,
18092,,"DSM 18758, ATCC BAA-1390, MPL 3",1,Bryobacter aggregatus,2562617048,Apr-33
141,,"DSM 22489, LMG 25276, SN 10",1,Bryocella elongata,2684622995,20
,,,,,863522.6,20-24
,,,,,GCA_900108185,6
22996,D9,"DSM 21983, CCM 7845",1,Budvicia diplopodorum,1119056.3,Apr-34
,,,,,GCA_009800925,
1945,"J2863, W92B","ATCC BAA-698, CIP 108228, DSM 16086, CCUG 46047, LMG 20980",1,Burkholderia anthina,179879.2,10
,,,,,179879.31,5
,,,,,179879.36,
,,,,,GCA_016836725,
,,,,,GCA_902498995,
,,,,,GCA_902830395,
1952,"CF5610, J2315","CIP 108255, DSM 16553, ATCC BAA-245, CCM 4899, CCUG 48434, LMG 16656, NCTC 13227",1,Burkholderia cenocepacia,2630968810,10
,,,,,292.25,5
,,,,,95486.373,
,,,,,GCA_900446215,
1906,717,"DSM 7288, ATCC 25416, DSM 9897, ICPB PC25, NCTC 10743, JCM 5964, BCRC 13208, CCUG 12691, CCUG 13226, CECT 4137, CGMCC 1.1813, CGMCC 1.3393, CIP 80.24, IFO 14074, KCTC 2966, LMG 1222, NBRC 14074, NRRL B-14810, VTT E-94512, ACM 1771",1,Burkholderia cepacia,2509276048,May-37
,,,,,2731957558,
,,,,,2912464834,
,,,,,2916573127,
,,,,,292.148,
,,,,,292.7,
,,,,,983594.16,
,,,,,983594.23,
,,,,,983594.32,
,,,,,983594.35,
1947,"AU0645, R-5670","DSM 16088, CCUG 47727, LMG 18943, CIP 108406",1,Burkholderia dolosa,152500.12,10
,,,,,152500.3,5
,,,,,152500.41,
,,,,,152500.52,
,,,,,152500.66,
,,,,,GCA_902499135,
1911,PM 107,"DSM 4285, ATCC 10248, CIP 105410, ICPB PM 107, IFO 13700, NBRC 13700, NCPPB 1891, NRRL B-793, PDDCC 3950, CCUG 1782, LMG 2216, ICMP 3950",1,Burkholderia gladioli,1218079.3,Oct-41
,,,,,2600255057,5
,,,,,2639762983,
,,,,,28095.12,
,,,,,28095.22,
,,,,,28095.23,
,,,,,28095.24,
,,,,,GCA_000739755,
,,,,,GCA_000959725,
1919,"MD1, P1-22-1","DSM 9512, ATCC 33617, DSM 7169, NCPPB 2981, PDDCC 3655, CCUG 20835, LMG 2196, CIP 106418, CFBP 4900",1,Burkholderia glumae,1176492.12,10
,,,,,1176492.3,5
,,,,,1176492.5,
,,,,,1176492.7,
,,,,,1176492.8,
,,,,,2519103049,
,,,,,2648501169,
,,,,,GCA_000300755,
,,,,,GCA_000960995,
,,,,,GCA_902832765,
1941,Cepa 002,"DSM 13243, CIP 105495, LMG 13010, NCTC 13007, CCUG 34080, CCM 4863",1,Burkholderia multivorans,2916581165,10
,,,,,87883.262,5
,,,,,GCA_900446205,
1917,AZ 8201,"DSM 9509, ATCC 43733, ICMP 9424, JCM 5492, LMG 9035, CCUG 23368, NIAES 1723, CIP 105769, KACC 10679, KCTC 2972, NBRC 104884, NCCB 95038, NCPPB 3590, CFBP 3997",1,Burkholderia plantarii,2687453568,10
,,,,,41899.12,5
,,,,,41899.18,
,,,,,41899.3,
,,,,,GCA_001411805,
,,,,,GCA_902832905,
1938,2327,"DSM 10685, ATCC 15958, CCUG 41877, NCIMB 13695, LMG 14191, CIP 105874, CCRC 14939, CFBP 4794",1,Burkholderia pyrrocinia,2630968762,10
,,,,,60550.16,5
,,,,,60550.39,
,,,,,60550.9,
,,,,,GCA_001028665,
,,,,,GCA_902832895,
1942,E264,"CCUG 48851, CIP 106301, DSM 13276, ATCC 700388",1,Burkholderia thailandensis,271848.56,10
,,,,,271848.6,5
,,,,,271848.8,
,,,,,2900857987,
,,,,,441164.8,
,,,,,637000052,
,,,,,645058826,
,,,,,GCA_000012365,
,,,,,GCA_000152285,
,,,,,GCA_003568605,
1964,EY 3383,"DSM 17311, CCUG 48852, CIP 107078, NCTC 13147, LMG 20358",1,Burkholderia ubonensis,101571.35,10
,,,,,101571.351,5
,,,,,GCA_902499185,
,,,,,GCA_902833085,
1939,TVV75,"CCUG 34169, DSM 11319, LMG 10929, JCM 10562, ATCC BAA-248, CCM 4901, CIP 105875, KCTC 2974, NCIMB 13446, CFBP 4796",1,Burkholderia vietnamiensis,1449978.3,10
,,,,,1449978.4,5
,,,,,2582581767,
,,,,,2636415515,
,,,,,60552.132,
,,,,,60552.136,
,,,,,60552.154,
,,,,,60552.174,
,,,,,60552.72,
,,,,,GCA_000959445,
4316,S1/6-571,"DSM 9396, ATCC 51605, CCM 4876, CCUG 35509, CIP 106477, CDC 9510-94",1,Buttiauxella brennerae,1354251.4,May-37
,,,,,2791354934,
,,,,,GCA_001654925,
4313,78-31,"DSM 9390, ATCC 51602, CCM 4874, CDC 1180-81, CUETM 78-31, CCUG 35507, CIP 106355",1,Buttiauxella ferragutiae,1354252.4,May-37
,,,,,2791354921,
,,,,,GCA_001654915,
4314,S1/1-984,"CCUG 35508, DSM 9393, ATCC 51604, CCM 4875, CIP 106356, CDC 9509-94",1,Buttiauxella gaviniae,1354253.4,May-37
,,,,,2791354933,
,,,,,GCA_001654835,
4317,S3/2-161,"CCUG 35510, DSM 9397, ATCC 51606, CCM 4877, CIP 106357, CDC 9511-94",1,Buttiauxella izardii,2835010371,May-41
,,,,,82991.3,
,,,,,GCA_003601925,
4318,EG 59-like NSW 11,"DSM 9401, ATCC 51607, CCUG 35511, CCM 4864, CIP 106358, CDC 9512-94",1,Buttiauxella noackiae,1354255.3,May-37
,,,,,2791354922,
,,,,,GCA_001654865,
4319,EG 59-like NSW 326,"CCUG 35512, DSM 9404, ATCC 51608, CCM 4878, CIP 106359, CDC 9513-94, NSW 326",1,Buttiauxella warmboldiae,2835230308,May-37
,,,,,82993.3,
,,,,,GCA_003818135,
166365,Pla144,"DSM 104841, VKM B-3442",1,Bythopirellula polymerisocia,GCA_007860015,20-30
1915,"N 15, N15","DSM 50014, ATCC 29195, CIP 105421, CCUG 7431, CCM 2742, LMG 14190, JCM 10563, BCRC 13900, CFBP 4791, KCTC 2968",1,Caballeronia glathei,2630968591,May-37
,,,,,2636416141,
,,,,,60547.5,
,,,,,60547.6,
,,,,,GCA_000698595,
,,,,,GCA_000751215,
22942,R27,"DSM 25160, CGMCC 1.11013, LMG 27580",1,Caballeronia grimmiae,1071679.6,Oct-40
,,,,,2609460223,
,,,,,GCA_000698555,
,,,,,GCA_014636375,
133975,,"CCUG 63059, LMG 22934",1,Caballeronia humi,2724679456,15-30
,,,,,326474.3,
,,,,,GCA_001544475,
159714,RPE64,"NCIMB 15023, JCM 31142",1,Caballeronia insecticola,2597489944,15-35
,,,,,2773857905,
,,,,,GCA_000402035,
1962,"BL 011226, S5-B","DSM 17212, CCUG 49583, JCM 11778, KCTC 12081, CIP 108192, LMG 22029",1,Caballeronia sordidicola,196367.6,Oct-37
,,,,,2713896994,20-30
,,,,,GCA_001544455,5
133976,,"CCUG 63060, LMG 22936",1,Caballeronia telluris,2724679458,15-30
,,,,,326475.3,
,,,,,GCA_001544495,
133974,,"CCUG 63062, LMG 22937",1,Caballeronia terrestris,1226301.3,15-30
,,,,,2724679465,
,,,,,GCA_001544515,
23817,OP-1,"DSM 28073, CCTCC AB 2010354, KCTC 23300",1,Caballeronia zhejiangensis,2772190654,Apr-40
,,,,,GCA_000698575,
14151,ARi-1,"DSM 16702, ATCC BAA-531, IFO 16725, JCM 11434, NBRC 16725, CCUG 56307, CIP 107959, KCTC 12110",1,Caenibius tardaugens,1219035.3,10
,,,,,1219035.9,5
,,,,,2600255065,
,,,,,GCA_000466945,
,,,,,GCA_003860345,
166356,HX-9-20,"KCTC 72473, CCTCC AB 2019266",1,Caenimonas sedimenti,GCA_007833165,15-30
1222,AM-001,"DSM 16130, JCM 10596, CIP 109019",1,Caldalkalibacillus mannanilyticus,1236954.3,20-45
,,,,,2565956590,
,,,,,GCA_000615945,
138523,,"CIP 107619, JCM 10698, ATCC BAA-369, IFO 16448, NBRC 104253, NBRC 16448",1,Caldimonas manganoxidans,GCA_000381125,10
,,,,,,5
166387,"V22, AV28","DSM 29767, LMG 29080",1,Calycomorphotria hydatis,GCA_007745435,15-32
,,,,,,20
1674,M 2040,"DSM 22958, CCM 7696, CCUG 58638",1,Camelimonas lactis,2799112273,15-37
,,,,,659006.3,
,,,,,GCA_004342915,
2103,"Brussels, 1407","DSM 4689, ATCC 33559, CCM 7376, CCUG 11283, CIP 7080, LMG 6440, NCTC 11366, JCM 2529, CCUG 14540, LMG 15999, LMG 8847, CIP 70.80, WDCM 00072, CECT 8205",1,Campylobacter coli,1183378.1,10
,,,,,1183378.11,5
,,,,,1183378.12,
,,,,,1183378.4,
,,,,,1183378.9,
,,,,,195.1507,
,,,,,195.1513,
,,,,,195.249,
,,,,,GCA_003590975,
,,,,,GCA_008802085,
2119,,"DSM 9716, ATCC 33237, CCUG 13144, DSM 5360, FDC 484, LMG 7788, NCTC 11485, LMG 6441, CIP 103757",1,Campylobacter concisus,199.248,10
,,,,,2684623198,5
,,,,,GCA_001298465,
2128,,"CCUG 13146, NCTC 11649, LMG 7609, DSM 6644, ATCC 35224, DSM 7255, VPI 9584, CIP 103747",1,Campylobacter curvus,1121268.3,5
,,,,,200.17,
,,,,,200.22,
,,,,,200.23,
,,,,,200.7,
,,,,,2517572248,
,,,,,GCA_000376325,
,,,,,GCA_012978875,
,,,,,GCA_013372125,
2120,mouton 1,"CCUG 6823 A, DSM 5361, ATCC 27374, CCUG 6823, CIP 5396, LMG 6442, NCTC 10842, CIP 53.96, JCM 2527",1,Campylobacter fetus subsp. fetus,2844479891,15
,,,,,32019.46,5
,,,,,32019.5,
,,,,,32019.64,
,,,,,GCA_001816265,
,,,,,GCA_008693125,
,,,,,GCA_900475935,
140238,RC20,"DSM 102159, LMG 29375",1,Campylobacter geochelonis,1780362.3,18-22
,,,,,2740892344,
,,,,,GCA_013201685,
,,,,,GCA_900063025,
137358,,"CIP 104877, NCTC 12470, ATCC 51209, CCUG 30682",1,Campylobacter helveticus,2585428144,10
,,,,,2802429524,5
,,,,,2808606797,
,,,,,28898.29,
,,,,,28898.3,
,,,,,28898.33,
,,,,,28898.34,
,,,,,28898.35,
,,,,,28898.36,
,,,,,28898.37,
2138,CH001A,"DSM 21671, CCUG 45161, CIP 107682, LMG 19568, NCTC 13146",1,Campylobacter hominis,2808606638,10
,,,,,76517.4,18.0-22.0
,,,,,76517.51,5
,,,,,76517.52,
,,,,,76517.53,
,,,,,76517.54,
,,,,,GCA_900446395,
134415,,"CIP 104686, CCUG 34538, LMG 14432, NCTC 12901, CHY 5",1,Campylobacter hyointestinalis subsp. lawsonii,91353.15,5
,,,,,GCA_008802075,
2132,,"DSM 17739, CCUG 48653, CIP 108590, NCTC 12927",1,Campylobacter insulaenigrae,1031564.3,10
,,,,,260714.7,5
,,,,,2630968444,
,,,,,GCA_000816185,
,,,,,GCA_900637885,
23822,5636/77 Lucitt,"DSM 27585, NCTC 11168, WDCM 00073, CIP 107370, ATCC 700819, CCUG 6824, LMG 8842, CECT 8170",0,Campylobacter jejuni,1211776.3,10
,,,,,1385720.3,5
,,,,,1385721.3,
,,,,,1385722.3,
,,,,,1385723.3,
,,,,,1385724.3,
,,,,,192222.164,
,,,,,192222.6,
,,,,,197.16948,
,,,,,197.16949,
132840,,"DSM 104743, ATCC 29428, NCTC 11322, WDCM 00156, CCM 7212, CCUG 39973, CCUG 41359, CIP 103778, JCM 2013, VPI H840, BCRC 17705, CECT 8119",0,Campylobacter jejuni,1236539.3,15
,,,,,2609460084,5
,,,,,GCA_000614815,
132841,"093, 1141","DSM 104768, ATCC 49349, CCUG 24567, LMG 8803, NCTC 11951, IMVS 1141, LMG 8843, CIP 103751",1,Campylobacter jejuni subsp. doylei,1408360.3,10
,,,,,2561511059,5
,,,,,32021.1,
,,,,,GCA_000701745,
,,,,,GCA_900637255,
2121,91,"DSM 4688, ATCC 33560, CCUG 11284, CIP 702, NCTC 11351, LMG 6444, JCM 32890, CIP 70.2, LMG 8841",1,Campylobacter jejuni subsp. jejuni,197.5249,10
,,,,,2516143083,5
,,,,,2548876844,
,,,,,2663763118,
,,,,,2851792773,
,,,,,32022.686,
,,,,,32022.69,
,,,,,32022.896,
,,,,,889247.3,
,,,,,889247.4,
131136,,"DSM 101946, NCTC 13004, CCUG 44467, CIP 106785",1,Campylobacter lanienae,1031753.3,10
,,,,,GCA_002139935,5
2135,"FS253/72, 253/72","DSM 21682, ATCC 43264, CCUG 6822, CIP 103750, NCTC 11000, LMG 6448, LMG 6449",1,Campylobacter mucosalis,202.14,10
,,,,,202.15,5
,,,,,202.4,
,,,,,2609460082,
,,,,,GCA_000705255,
,,,,,GCA_012978755,
,,,,,GCA_013372205,
2136,SU A4,"DSM 19458, ATCC 51146, CCUG 30254, JCM 12989, CIP 103970, KCTC 15202, LMG 12635",1,Campylobacter showae,204.182,5
,,,,,553219.3,
,,,,,GCA_000175655,
,,,,,GCA_004803815,
134440,,"CIP 105558, CCUG 20703, LMG 8532",0,Campylobacter sputorum,1031920.3,10
,,,,,GCA_002220735,5
136424,,"CIP 105555, CCUG 30522, LMG 11764, LCDC 12978",0,Campylobacter sputorum,1032066.3,10
,,,,,GCA_002220755,5
2130,S-17,"LMG 7795, LMG 6450, KCTC 15215, DSM 10535, ATCC 35980, CCUG 9728, CIP 103749, NCTC 11528, KCTC 2682, VPI S-17",1,Campylobacter sputorum subsp. sputorum,32024.6,10
,,,,,32024.7,5
,,,,,GCA_008245005,
,,,,,GCA_008802035,
2126,"Ursing C231, C231","LMG 7796, KCTC 15213, DSM 5365, ATCC 43954, CCUG 14913, LMG 8850, NCTC 11541, CIP 103681",1,Campylobacter upsaliensis,1121269.3,15
,,,,,2556921624,5
,,,,,28080.103,
,,,,,28080.104,
,,,,,28080.106,
,,,,,28080.107,
,,,,,28080.109,
,,,,,28080.11,
,,,,,28080.112,
,,,,,28080.113,
390,BZ59,"DSM 22805, CGMCC 1.10190, LMG 26046",1,Candidimonas bauzanensis,2617270875,Jan-37
,,,,,658167.4,
,,,,,GCA_900129885,
158815,JR1,"MCCC 1K03323, KCTC 52869",1,Carboxylicivirga sediminis,GCA_018156225,15-42
2234,,"DSM 17211, ATCC BAA-694, CCUG 48245, CIP 108480, MDA 3079, NCTC 13294",1,Cardiobacterium valvarum,194702.3,10
,,,,,2808606637,
,,,,,GCA_900460955,
164552,SCR17,"JCM 33426, MCCC 1K03732",1,Carideicomes alvinocaridis,GCA_005473895,16-40
,,,,,SRJI00000000,
2266,pf4,"DSM 5972, ACAM 313, ATCC 49837, CCUG 34643, IFO 15548, CIP 105796",1,Carnobacterium alterfunditum,1449335.3,16-22
,,,,,2574179752,20
,,,,,GCA_000744115,30-May
2253,66,"DSM 20623, ATCC 35677, NCDO 2763, WDCM 00075, CCUG 30094, CCM 4117, JCM 5816, BCRC 14042, CECT 4016, CIP 101029, IFO 15683, JCM 9133, KCTC 3675, LMG 9199, NBRC 15683, NCIMB 11952, NRIC 1629, NRRL B-14830, VTT E-97850",1,Carnobacterium divergens,1449336.3,15-45
,,,,,1449336.4,
,,,,,2574180433,
,,,,,2700989267,
,,,,,GCA_000744255,
,,,,,GCA_001437085,
2264,pf3,"CCUG 34644, IFO 15549, DSM 5970, ACAM 312, ATCC 49836, JCM 12499, CIP 106503, LMG 13519, LMG 14461, NBRC 15549, NCFB 3002, NCIMB 13247",1,Carnobacterium funditum,1449337.3,16-18
,,,,,2574179782,20
,,,,,GCA_000744185,30-May
23826,,"DSM 28070, CCUG 62000, LMG 26642, JCM 31128",1,Carnobacterium iners,1073423.3,10
,,,,,1073423.4,20
,,,,,2622736582,4
,,,,,2622736627,
,,,,,GCA_900109585,
,,,,,GCA_900177385,
2268,K1,"DSM 13024, CCUG 31728, CIP 106863, JCM 12490, JCM 16168, CCM 7006, CECT 5963",1,Carnobacterium inhibens subsp. inhibens,1449339.3,15-37
,,,,,2574179783,5
,,,,,GCA_000746825,
2271,MS3,"DSM 23388, JCM 15539, KCTC 13251",1,Carnobacterium jeotgali,1449340.3,Apr-37
,,,,,2579778522,
,,,,,2585427852,
,,,,,GCA_000708655,
,,,,,GCA_000745125,
2258,"MX 5, MX5","DSM 20342, ATCC 27865, CCUG 30142, LMG 6903, JCM 1154, BCRC 14054, CECT 4134, CIP 103135, KCTC 3602, NCFB 2382, NCIMB 11966, NRIC 1691, NRRL B-14852, NCDO 2382",1,Carnobacterium maltaromaticum,1449341.3,15-37
,,,,,1449341.4,
,,,,,2579778520,
,,,,,2700989263,
,,,,,GCA_000744945,
,,,,,GCA_001437315,
2262,LV61,"DSM 20722, ATCC 43225, NCDO 2764, JCM 9135, CIP 103043",0,Carnobacterium maltaromaticum,2700989269,30-May
,,,,,2751.33,
,,,,,GCA_001437035,
2270,"FTR 1, FTR1","DSM 17715, ATCC BAA-754, CIP 108033, JCM 12174",1,Carnobacterium pleistocenium,GCA_000744285,25-May
2269,MPL-11,"DSM 14451, ATCC BAA-336, JCM 12222, CIP 107728",1,Carnobacterium viridans,174587.3,30-May
,,,,,2634166280,
,,,,,GCA_900102725,
346,"54Pin, 54 Pin","DSM 12141, CCUG 39790, CIP 105602, LMG 18538",1,Castellaniella defragrans,2861677110,15-41
,,,,,75697.1,5
,,,,,75697.11,
,,,,,GCA_008801975,
,,,,,GCA_014203015,
344,65Phen,"CCUG 39792, DSM 12143, CIP 105603",0,Castellaniella defragrans,1437824.5,15-41
,,,,,2619619095,5
,,,,,GCA_000612685,
7857,2-25(1),"DSM 44900, JCM 12950, NBRC 107358, CGMCC 4.5499, CIP 109162",1,Catellatospora chokoriensis,310353.4,15-30
,,,,,GCA_011297315,
,,,,,GCA_016862595,
7854,6183-E,"DSM 44097, ATCC 49964, IFO 14495, JCM 7542, NBRC 14495, NRRL B-16429, CGMCC 4.1507, CGMCC 4.5500, CIP 107011, HUT 6558, IMSNU 21348, IMSNU 22008, KCTC 9352, NCIMB 13470, VKM Ac-1421",1,Catellatospora citrea subsp. citrea,2756170263,10
,,,,,53366.3,
,,,,,53366.4,
,,,,,GCA_003610235,
,,,,,GCA_016862615,
7855,6257-B,"DSM 44098, ATCC 49965, IFO 14553, JCM 7543, NBRC 14553, NRRL B-16431, CGMCC 4.1401, CIP 107012, IMSNU 22006, KCTC 9558, VKM Ac-2008",1,Catellatospora citrea subsp. methionotrophica,121620.3,10
,,,,,121620.4,
,,,,,GCA_011297335,
,,,,,GCA_016862655,
7858,2-29(17),"DSM 44901, JCM 12951, NBRC 107359, CIP 109163",1,Catellatospora coxensis,310354.3,20-30
,,,,,GCA_016862635,
8043,"LM042, LM 042","DSM 44566, JCM 10976, IMSNU 50729, CGMCC 4.5570, CIP 107020, NBRC 105861",1,Catelliglobosispora koreensis,1121272.3,10
,,,,,2515154016,
,,,,,GCA_000379685,
17636,ID 139908,"DSM 44928, NRRL B-24433, JCM 14897, BCRC 16841, CIP 109381, NBRC 102108",1,Catenulispora acidiphila,479433.5,Nov-37
,,,,,644736339,4
,,,,,GCA_000024025,
17637,Aac-30,"DSM 44948, JCM 16000, NBRC 101179",1,Catenulispora rubra,280293.3,20-30
,,,,,GCA_015356825,
166388,Pan44,"DSM 29405, LMG 29788",1,Caulifigura coniformis,GCA_007745175,30-Oct
,,,,,,20
2326,CB 4,"DSM 4730, ATCC 15253, CCUG 49339, LMG 18392, CIP 106446",1,Caulobacter henricii,69395.1,Oct-37
,,,,,69395.9,
140721,THG-AG3.4,"KACC 18849, CCTCC AB 2016077, CCUG 72326",0,Caulobacter hibisci,2035993.3,15-35
,,,,,GCA_016135805,
140608,7F14,"CGMCC 1.15915, KCTC 52515",1,Caulobacter rhizosphaerae,2010972.4,30-Oct
,,,,,GCA_010977555,
,,,,,GCA_014645055,
2336,"TK 0059, TK0059","DSM 7131, ATCC 21756, IFO 13240, IFO 15250, LMG 17158, NBRC 13240, NBRC 15250, JCM 7823, CGMCC 4.1475, CIP 106962, KCTC 12505",1,Caulobacter segnis,509190.6,10
,,,,,646564519,
,,,,,88688.3,
,,,,,GCA_000092285,
2334,CB 51,"DSM 9893, KCTC 23677, CIP 106452, VKM B-1496",1,Caulobacter vibrioides,155892.14,10
,,,,,2851166323,
,,,,,GCA_002858865,
24724,RQ-33,"DSM 21411, LMG 24596",1,Cecembia calidifontis,1187080.3,20-50
,,,,,2814123038,
,,,,,GCA_004216715,
133802,LW9,"CCUG 58316, KCTC 22772",1,Cecembia lonarensis,1225176.3,Oct-40
,,,,,2519899594,
,,,,,GCA_000298295,
4321,"004, 0485-76","CCUG 12371, NCTC 11466, LMG 7863, JCM 1684, DSM 4587, ATCC 33432, CDC 0485-76, CIP 80.35, BCRC 14816, CDC 485-76",1,Cedecea lapagei,158823.5,May-37
,,,,,2836746200,
,,,,,GCA_900635955,
4322,"Grimont 002, 0621-75, 002","DSM 13693, ATCC 33855, CDC 0621-75, CCUG 18763, CECT 855, JCM 7582, CDC 621-75, CIP 103241, GTC 1717, LMG 7864, NBRC 105707, NCTC 12120",1,Cedecea neteri,1216978.4,May-37
,,,,,158822.24,
,,,,,2731957623,
,,,,,GCA_001571265,
,,,,,GCA_900461005,
23239,L-6,"DSM 27375, CCUG 60799, KCTC 23497",1,Celeribacter baekdonensis,2616644820,Apr-37
,,,,,875171.3,
,,,,,GCA_900102315,
13861,ZXM137,"DSM 26270, CGMCC 1.8891, LMG 24854",1,Celeribacter halophilus,2593339274,Apr-45
,,,,,2617270905,
,,,,,2728369168,
,,,,,576117.6,
,,,,,576117.7,
,,,,,GCA_001550085,
,,,,,GCA_003254175,
,,,,,GCA_900114135,
13855,"H 14, H14","DSM 26471, CIP 109922, KMM 6012",1,Celeribacter neptunius,2617270870,May-35
,,,,,588602.3,
,,,,,GCA_900113955,
140857,SBU1,"MCCC 1A00672, DSM 100434",1,Celeribacter persicus,1651082.3,Oct-45
,,,,,2734482187,
,,,,,GCA_003050785,
17835,S-G2-2,"DSM 18577, ATCC BAA-1368",1,Celerinatantimonas diazotrophica,2802428811,17-49
,,,,,412034.4,
,,,,,GCA_004339545,
2373,5420S-23,"DSM 18649, KACC 20692, JCM 16376, NBRC 106308, CIP 110191",1,Cellulomonas aerilata,515326.3,May-35
,,,,,GCA_007991755,
166213,TKZ-21,"NBRC 112905, TBRC 8129",1,Cellulomonas algicola,GCA_003851725,15-40
2369,69B4,"DSM 16987, CIP 108683, JCM 30720",1,Cellulomonas bogoriensis,1386082.3,10
,,,,,2651869835,15
,,,,,GCA_000767165,20-37
2375,T26,"DSM 26485, CCTCC AB 2010450, CGMCC 1.10786, KCTC 19824, JCM 19664, NBRC 110798",1,Cellulomonas carbonis,1386092.3,Apr-45
,,,,,2636415627,
,,,,,947969.5,
,,,,,GCA_000767175,
,,,,,GCA_014636275,
2351,"124, NRS-124","DSM 20118, ATCC 487, CCM 1925, NCIB 8078, JCM 9967, BCRC 14865, CFBP 4260, CIP 102222, IFO 3753, IFO 3774, KCCM 12154, KCTC 3410, LMG 16323, NBRC 3753, NBRC 3774, NCCB 29015, NCIMB 8078, VKM Ac-1136",1,Cellulomonas cellasea,1408250.3,10
,,,,,2630968797,15
,,,,,43670.3,
,,,,,GCA_000767135,
,,,,,GCA_006538745,
2372,XBU-b,"DSM 17922, KCTC 19133, JCM 16927, NBRC 110799",1,Cellulomonas chitinilytica,1305865.3,30-Apr
,,,,,2734481976,
,,,,,398759.3,
,,,,,GCA_001314205,
,,,,,GCA_016862675,
2367,W6929,"DSM 15764, ATCC BAA-788, NBRC 110783, CCUG 18431, JCM 14733, CIP 108914",1,Cellulomonas denverensis,1305869.3,10
,,,,,264297.6,15-45
,,,,,2734481980,
,,,,,GCA_001315285,
,,,,,GCA_012396125,
,,,,,GCA_016862695,
2354,"134, NRS-134","DSM 20109, ATCC 482, CCM 1926, NCIB 8073, CCUG 28996, JCM 18109, BCRC 11376, BUCSAV 180, CCUG 12162, CFBP 4223, CGMCC 1.1914, CIP 82.10, IAM 12109, IFO 3754, IFO 3775, IMET 10357, IMSNU 21278, JCM 1489, JCM 20412, KCCM 21192, KCTC 1038, KCTC 9104, LMG 16263, NBRC 3754, NBRC 3775, NCAIM B.01383, NCIMB 8073, PCM 2333, VKM Ac-1137, CCUG 23578",1,Cellulomonas flavigena,446466.7,Oct-41
,,,,,646564520,5
,,,,,GCA_000092865,
2359,PSU-16S,"DSM 14368, ATCC 25174, CCUG 35596, NRRL B-3752, JCM 11945, CIP 104614, NCIMB 10802, PCM 2416",1,Cellulomonas humilata,144055.3,10
,,,,,GCA_013359775,
2366,O,"DSM 14785, ATCC 700643, IFO 16734, NBRC 16734, JCM 18110, CIP 107678, JCM 12410, KCTC 9983, NBRC 101100",1,Cellulomonas iranensis,1223509.4,10
,,,,,1223509.5,15-45
,,,,,2731957583,
,,,,,2734481977,
,,,,,2927609659,
,,,,,GCA_001315225,
,,,,,GCA_001552375,
23832,FXJ8.089,"DSM 24960, CGMCC 4.6945, NBRC 110784, JCM 30777",1,Cellulomonas marina,2675903053,Apr-37
,,,,,988821.3,
,,,,,988821.4,
,,,,,GCA_016862715,
,,,,,GCA_900111925,
2376,Kc5,"DSM 24482, JCM 17534, NBRC 109435",1,Cellulomonas oligotrophica,2844845222,15-37
,,,,,931536.3,
,,,,,931536.4,
,,,,,931536.5,
,,,,,GCA_006386485,
,,,,,GCA_013409875,
,,,,,GCA_016862735,
2365,I,"DSM 14784, ATCC 700642, IFO 16733, NBRC 16733, JCM 18111, CIP 107677, JCM 12411, KCTC 9984, NBRC 101101",1,Cellulomonas persica,1305867.3,10
,,,,,2734481978,15-45
,,,,,76861.4,
,,,,,GCA_001315245,
,,,,,GCA_007989825,
164249,NEAU-TCZ24,"JCM 32383, CCTCC AA 2018042",1,Cellulomonas rhizosphaerae,2866408650,Oct-37
,,,,,GCA_003470205,
2377,Kc1,"DSM 24484, JCM 17535, NBRC 109434",1,Cellulomonas soli,2831319000,15-37
,,,,,931535.3,
,,,,,931535.4,
,,,,,GCA_007992535,
,,,,,GCA_013409305,
159213,,"DSM 105430, KCTC 39974, CPCC 204705",1,Cellulomonas telluris,2306636.3,20-45
,,,,,2898550215,
,,,,,GCA_004886325,
,,,,,QXFN00000000,
2370,"DB 5, DB5","DSM 17791, KCTC 19081, NBRC 100819, JCM 14899, CIP 108880",1,Cellulomonas terrae,1305858.3,Apr-45
,,,,,2734481970,10
,,,,,311234.4,15-37
,,,,,GCA_001314065,
,,,,,GCA_007990265,
2368,"XIL11, CIL11","DSM 16933, CECT 5729, LMG 21723, JCM 14281, CIP 108340, NBRC 101102",1,Cellulomonas xylanilytica,1305856.3,10
,,,,,233583.3,15
,,,,,2681813035,
,,,,,GCA_001314025,
,,,,,GCA_007989805,
5500,IC166,"DSM 14237, ACAM 630, CIP 107446, LMG 21425",1,Cellulophaga algicola,649633031,-30
,,,,,688270.3,20-Oct
,,,,,GCA_000186265,15-20
,,,,,,20
,,,,,,20-25
,,,,,,25-May
5501,NN015840,"DSM 24729, ATCC 700862, CIP 106307, LMG 18535, NCIMB 13610",1,Cellulophaga baltica,2622736528,30-May
,,,,,76594.4,
,,,,,GCA_900102165,
5502,NN015860,"DSM 24786, ATCC 700863, CIP 106308, JCM 21778, LMG 18536, NCIMB 13611, IAM 15330",1,Cellulophaga fucicola,2595699004,30-May
,,,,,76595.6,
,,,,,GCA_900119145,
5499,"LIM -21, LIM 21","DSM 7489, ATCC 23178, IAM 14306, Cy l20, JCM 8516, CECT 5014, CIP 103822, IFO 14961, KCTC 2913, KCTC 2914, LMG 1344, LMG 8371, NBRC 14961, NCIMB 1423, VKM B-1433, DSM 2039, LMG 14961",1,Cellulophaga lytica,649633032,-2
,,,,,867900.3,30-Oct
,,,,,GCA_000190595,4
169522,"Hel_I-12, Hel1_12",DSM 29332,0,Cellulophaga sp.,1249972.4,15
,,,,,GCA_000799565,
169523,HaHa_2_95,DSM 111037,0,Cellulophaga sp.,2745558.3,18
,,,,,GCA_019278565,
169524,HaHa_2_1,DSM 111038,0,Cellulophaga sp.,2749994.3,18
,,,,,GCA_019278585,
169525,HaHaR_3_176,DSM 111152,0,Cellulophaga sp.,1942464.3,18
,,,,,GCA_019021925,
5503,EM41,"DSM 21164, KCTC 22297",1,Cellulophaga tyrosinoxydans,2595698249,15-35
,,,,,504486.3,
,,,,,GCA_900176415,
12582,DS-61,"DSM 18665, KCTC 19206, JCM 15619, NBRC 106259",1,Cellulosimicrobium terreum,412439.4,Apr-34
,,,,,412439.6,
,,,,,GCA_004114655,
,,,,,GCA_014803435,
134262,YM26-026,"MBIC 082805, KCTC 12870, CIP 109746, MBIC 08280",1,Cerasicoccus arenae,424488.3,30-Oct
,,,,,424488.4,
,,,,,GCA_014651635,
,,,,,GCA_016595555,
13656,JA139,"DSM 18774, CCUG 53722, JCM 14338, BCRC 80280, KCTC 5728",1,Cereibacter changlensis,1188249.3,May-32
,,,,,2593339283,Oct-37
,,,,,402884.4,
,,,,,GCA_003034985,
,,,,,GCA_003254335,
166151,PRB40,"MCC 3406, GDMCC 1.1197, KCTC 52678, LMG 29985",1,Chakrabartia godavariana,GCA_005518185,15-40
158533,SM1355,"JCM 30336, CCTCC AB 2014246",1,Changchengzhania lutea,2883400621,20
,,,,,GCA_006974145,Apr-35
133085,PC-2,"DSM 101465, CGMCC 1.15283",1,Chelatococcus composti,1743235.3,20-60
,,,,,1743235.4,
,,,,,1743235.5,
,,,,,2861150374,
,,,,,2928726300,
,,,,,GCA_014201415,
,,,,,GCA_014641535,
,,,,,GCA_018398355,
133219,B2974,"DSM 105737, JCM 30308, CGMCC 1.12919",1,Chelatococcus reniformis,1494448.3,May-40
,,,,,GCA_014640075,
1653,HT4,"DSM 18167, JCM 14988",1,Chelatococcus sambhunathii,2615840613,20
,,,,,363953.4,
,,,,,GCA_001418005,
,,,,,GCA_001517345,
166177,YPA3-1-1,"MCCC 1A14042, KCTC 43019",1,Chengkuizengella marina,2507566.3,Oct-40
,,,,,GCA_009910845,
140684,J15A17,"KCTC 33759, MCCC 1H00137",1,Chengkuizengella sediminis,1885917.4,Apr-40
,,,,,GCA_010078385,
24683,CC-YHH031,"DSM 24163, BCRC 80273, JCM 17639, CECT 9202, DSM 24137",1,Chiayiivirga flava,2861615426,20-37
,,,,,659595.3,
,,,,,GCA_014202825,
133181,STM-7,"BCRC 80923, LMG 29289, KCTC 42982, DSM 107335",1,Chitinibacter fontanus,2927923272,15.0-37.0
,,,,,GCA_013423785,
10447,S1,"DSM 15459, BCRC 17254, CIP 108626, BCRC 17254 (S1)",1,Chitinibacter tainanensis,1121274.4,Oct-40
,,,,,2524614843,15
,,,,,GCA_000429785,5
10523,c14,"DSM 21506, BCRC 17533, LMG 23346",1,Chitinilyticum aquatile,1121275.4,15-40
,,,,,2524023225,
,,,,,GCA_000430805,
10524,c1,"DSM 21440, BCRC 17609",1,Chitinilyticum litopenaei,2524614555,15-40
,,,,,529086.3,
,,,,,GCA_000428145,
1993,"R2A43-10, R2A 43-10","DSM 17726, KACC 11467, CIP 109380",1,Chitinimonas koreensis,1121278.3,Oct-40
,,,,,2524614556,
,,,,,GCA_000428465,
,,,,,GCA_014353015,
23450,KL-9,"DSM 27165, BCRC 80168, LMG 25530",1,Chitinivorax tropicus,2861653689,15-40
,,,,,714531.3,
,,,,,GCA_014202905,
166466,T22,"ACCC 60125, KCTC 62518",1,Chitinophaga alhagiae,2840677318,20-45
,,,,,2896085136,
,,,,,GCA_003177275,
,,,,,GCA_003568665,
17742,M64,"DSM 3695, ATCC 51264, IAM 12650, JCM 2836, NCIB 11855, CECT 358, CIP 104804, IFO 14973, IFO 16136, KCTC 2943, NBRC 14973, NBRC 16136, NCIMB 11855",1,Chitinophaga arvensicola,2636416040,May-37
,,,,,29529.11,
,,,,,GCA_900110835,
159860,13,"CICC 24262, KCTC 62265",1,Chitinophaga caeni,GCA_002557795,Oct-34
134894,A37T2,"CIP 110584, UCCCB37, LMG 27458",1,Chitinophaga costaii,2671180112,15
,,,,,2840984945,
,,,,,GCA_003071385,
,,,,,GCA_900094705,
166493,XJ-2,"KCTC 62443, CCTCC AB 2018019",1,Chitinophaga deserti,2882785813,Oct-37
,,,,,GCA_003149455,
17744,Fx e1,"CCUG 12809, CIP 106401, DSM 527, ATCC 29495, IAM 14320, IFO 15056, NBRC 15056, JCM 21160, HAMBI 1966, LMG 23482, NCIMB 13250, VKM B-1400",1,Chitinophaga filiformis,104663.4,15-41
,,,,,2634166296,5
,,,,,GCA_900102545,
17747,M1-09,"DSM 18108, KCTC 12654, Gsoil 040",1,Chitinophaga ginsengisegetis,2595698247,Apr-42
,,,,,393003.3,
,,,,,GCA_900168065,
17745,758,"DSM 13484, IFO 16041, JCM 9735, CCUG 51324, CIP 105790, NBRC 16041",1,Chitinophaga japonensis,104662.3,15
,,,,,2596583629,5
,,,,,GCA_007830125,
166525,ZY74,"CCTCC AB 2018369, KCTC 72039",1,Chitinophaga lutea,2843493113,16-40
,,,,,GCA_003813775,
17750,JS13-10,"DSM 24787, JCM 15440, KACC 12952, NBRC 106412, UCCCB101",1,Chitinophaga niabensis,2636416022,May-40
,,,,,536979.4,5
,,,,,GCA_900129465,
17751,JS16-4,"DSM 24859, JCM 15441, KACC 12954",1,Chitinophaga niastensis,2728369470,30-May
,,,,,536980.3,
,,,,,GCA_003014755,
133769,YC7001,"KACC 14533, JCM 16595, NBRC 109756",1,Chitinophaga oryziterrae,1031224.3,15-40
,,,,,GCA_009758125,
159794,LY-1,"CCTCC AB 2018018, KCTC 62444",1,Chitinophaga parva,2882451716,20-45
,,,,,GCA_003071345,
17740,,"DSM 2588, ATCC 43595, IFO 15968, NBRC 15968, UQM 2034, CIP 107364, ACM 2034, NCIMB 11800",1,Chitinophaga pinensis,485918.6,Dec-37
,,,,,644736340,15
,,,,,GCA_000024005,5
140710,T16R-86,"KACC 18790, JCM 31600",1,Chitinophaga rhizosphaerae,2883068021,Oct-37
,,,,,GCA_003958645,
17752,CS5-B1,"DSM 21039, KCTC 22170",1,Chitinophaga rupis,2622736599,20-37
,,,,,573321.3,
,,,,,GCA_900109685,
17743,BA-3,"DSM 784, ATCC 23092, IFO 15057, NBRC 15057, CCUG 56030, LMG 8377, HAMBI 1988, VKM B-1428, CIP 107780, NCIMB 1379",1,Chitinophaga sancti,1004.4,15-30
,,,,,2563366652,5
,,,,,2595699005,
,,,,,GCA_900119105,
140711,TFL-3,"ACCC 19966, KCTC 52590",1,Chitinophaga sedimenti,GCA_023156195,Oct-40
166453,K20C18050901,"GDMCC 1.1411, KCTC 62860",1,Chitinophaga silvisoli,2291814.3,15-40
,,,,,2839167154,
,,,,,GCA_003412465,
17749,KP01,"DSM 23920, KCTC 12836, LMG 24015, CIP 109744",1,Chitinophaga terrae,2599185217,15-42
,,,,,408074.3,
,,,,,GCA_900107795,
159706,10-7W-9003,"GDMCC 1.1252, KACC 19415, KCTC 52926",1,Chitinophaga varians,2202339.7,Oct-42
,,,,,GCA_014529945,
133287,IITR-71,"MTCC 11059, JCM 30068, KCTC 52433",1,Chromobacterium alkanivorans,GCA_016937655,12
,,,,,,12.0-37.0
10451,PRAA4-1,"DSM 17043, NRRL B-30655",1,Chromobacterium subtsugae,2843400765,Apr-40
,,,,,GCA_001676875,
10449,"MK, Mentekab","DSM 30191, ATCC 12472, IFO 12614, NBRC 12614, NCIB 9131, NCTC 9757, CCUG 213, JCM 1249, BCRC 10636, CECT 494, CIP 103350, IAM 12470, ICMP 8644, KCTC 2897, LMG 1267, NCIMB 9131, VTT E-082793, RIMD 0315004",1,Chromobacterium violaceum,243365.4,15-41
,,,,,536.43,5
,,,,,536.44,
,,,,,536.53,
,,,,,637000074,
,,,,,GCA_000007705,
,,,,,GCA_900446805,
5995,L 593,"DSM 7218, ATCC 19372, NCIB 9041, CCUG 49679, CIP 106957, LMG 2148, NCCB 35008, NRRL B-3153, NCIMB 9041, JCM 21422, IAM 14940, JCM 13305, NBRC 103041, Delft E III.9.23.1, CCUG 106957",1,Chromohalobacter beijerinckii,GCA_023061185,Oct-41
,,,,,,5
5996,1/13/26,"DSM 6769, ATCC 43984, NRCC 41227, CIP 105571",1,Halomonas canadensis,GCA_023061155,15-41
,,,,,,5
5997,"Ba1, Ba<SUB>1</SUB>, 1-13-31","DSM 6768, ATCC 43985, CIP 105572",1,Halomonas israelensis,GCA_029478115,15-41
,,,,,,5
134283,43,"CECT 7219, CCM 7416",1,Chromohalobacter japonicus,GCA_023061175,15-42
6001,"4N, LTS-4N","DSM 14323, CECT 5315",1,Chromohalobacter nigrandesensis,GCA_023061285,15-40
5998,1H11,"DSM 3043, CIP 106854, CCM 4921, CECT 5384, ATCC BAA-138, NCIMB 13768",1,Halomonas israelensis,290398.11,15-41
,,,,,637000075,5
,,,,,GCA_000055785,
6000,LV4,"DSM 15547, ATCC BAA-761, CCUG 47987, CIP 108589",1,Chromohalobacter sarecensis,GCA_023061135,0-45
,,,,,,30-May
158328,1966/27,"DSM 107010, ATCC 29381, PCC 7433, SAG 39.79",0,Chroococcidiopsis cubana,2887013700,17
,,,,,388085.3,
,,,,,GCA_003991895,
134065,KM,"ATCC BAA-2160, NRRL B-59516, KCTC 23297",1,Chryseobacterium angstadtii,2645727576,20-30
,,,,,GCA_001045465,
5675,"AT 1013, AT1013","DSM 17047, IMSNU 14040, JCM 12381, KCTC 12225, CIP 108669",1,Chryseobacterium antarcticum,266748.16,15-Oct
,,,,,2687453776,15
,,,,,GCA_900109615,25-May
133494,NF 1366,"CCUG 52764, CIP 109762",1,Chryseobacterium anthropi,GCA_020480345,20-37
134323,"Oct-46, 10-46","KCTC 12483, CECT 7302",1,Chryseobacterium aquaticum,2713896886,May-37
,,,,,452084.6,
,,,,,GCA_001420285,
23025,CC-VM-7,"DSM 25208, CCM 7645, CCUG 57618, CIP 110186, DSM 22218",1,Chryseobacterium arthrosphaerae,2751185876,Nov-36
,,,,,GCA_001684965,
159792,F30,"KCTC 62135, MCCC 1K03457",1,Chryseobacterium aurantiacum,2871694252,Oct-35
,,,,,GCA_003020585,
164468,17S1E7,"JCM 33165, KACC 19920",1,Chryseobacterium aureum,2859292163,Oct-37
,,,,,GCA_003971235,
134062,CDCG229,"CCUG 60564, NCTC 13530",1,Chryseobacterium bernardetii,2797638.3,18-37
167682,lm2,"KCTC 72529, CCTCC AB 2019126",1,Chryseobacterium binzhouense,GCA_007474545,15-45
,,,,,VKOG00000000,
5691,H9,"DSM 19482, LMG 24227, CIP 110170",1,Chryseobacterium bovis,1121284.4,Jul-37
,,,,,2595699003,
,,,,,GCA_900108115,
5741,HM0024,"DSM 22323, CECT 7503, KCTC 22689",1,Chryseobacterium buanense,2595698221,15-30
,,,,,619805.3,
,,,,,GCA_900167905,
5681,N4,"DSM 17710, CCBAU 10201, CIP 109625, KCTC 12506",1,Chryseobacterium caeni,1121285.4,May-37
,,,,,2524614876,
,,,,,GCA_000426465,
168572,JC507,"MCC 4072, NBRC 113872, KCTC 52928",1,Chryseobacterium candidae,GCA_004916905,10.0-40.0
,,,,,SDLV00000000,
5711,Sa 1147-06,"DSM 23145, CCM 7737, CIP 110405, CCUG 58959",1,Chryseobacterium chaponense,2681813521,Apr-37
,,,,,713588.4,
,,,,,GCA_900156725,
133363,,"KACC 18798, JCM 31422, GSE 06",1,Chryseobacterium cucumeris,GCA_001593385,Oct-38
,,,,,,15
,,,,,,5
5709,R4-1A,"DSM 23031, CCM 7716, LMG 25442, CCUG 58784, CIP 110213",1,Chryseobacterium culicis,2687453786,Nov-36
,,,,,680127.5,
,,,,,GCA_900108365,
5689,K105,"DSM 19388, JCM 14362, KCTC 12841, CIP 110016",1,Chryseobacterium daeguense,1121286.4,Oct-41
,,,,,2523533536,
,,,,,GCA_000430825,
5668,"B2, B2T","DSM 14219, CIP 107207, CCUG 47675, KCTC 12434",1,Chryseobacterium defluvii,160396.5,15-41
,,,,,2681812957,5
,,,,,GCA_003634775,
132874,CW-E 2,DSM 18973,1,Chryseobacterium flavum,2928230509,5.0-42
5679,CC-H3-2,"DSM 17452, CCUG 49271, CIP 108367, KCTC 12435",1,Chryseobacterium formosense,236814.8,15-30
,,,,,2684622901,5
,,,,,GCA_900116415,
24035,PB4,"DSM 26000, LMG 27025",1,Chryseobacterium frigidisoli,1125876.4,0-25
,,,,,2684622856,20
,,,,,GCA_900113805,
158632,,"MTCC 12457, JCM 31156, KACC 19170, IHBB 10212",1,Chryseobacterium glaciei,1685010.5,28-Oct
,,,,,1685010.8,
,,,,,1685010.9,
,,,,,GCA_001648155,
5688,P 461/12,"DSM 19109, LMG 24052, CIP 110171",1,Chryseobacterium gregarium,1121287.4,30-Apr
,,,,,2523533548,
,,,,,GCA_000430845,
134032,THG-A18,"KACC 16227, LMG 26579",1,Chryseobacterium gwangjuense,GCA_021311115,4.0-35
5687,H38,"DSM 19056, LMG 24029, CIP 110174",1,Chryseobacterium haifense,1450526.3,Apr-41
,,,,,2600255101,
,,,,,GCA_000735695,
5510,H1,"DSM 19921, LMG 24401",1,Chryseobacterium halperniae,2619619117,May-33
,,,,,2622736498,
,,,,,421072.12,
,,,,,421072.8,
,,,,,GCA_000735105,
,,,,,GCA_900110605,
24039,AG13,"DSM 25574, CCUG 63019",1,Chryseobacterium hispalense,2585427834,Oct-40
,,,,,491205.5,
,,,,,GCA_000708615,
5695,P2K6,"DSM 19326, CIP 109575",1,Chryseobacterium hominis,2684622847,20-37
,,,,,420404.16,
,,,,,GCA_900108525,
5696,NF802,"DSM 22165, CCUG 52711, CIP 109415",1,Chryseobacterium hominis,2874339030,20-37
,,,,,420404.1,
,,,,,GCA_003730015,
5705,ECP37,"DSM 21580, LMG 24684, NBRC 104927, CIP 110175",1,Chryseobacterium humi,2684622890,Apr-37
,,,,,493375.5,
,,,,,GCA_900108025,
5694,CHB-20p,"DSM 19684, NCAIM B2269, NCAIM B.02269, CIP 110178",1,Chryseobacterium hungaricum,2684622908,May-37
,,,,,454006.31,
,,,,,GCA_900102265,
5702,JS17-8,"DSM 19299, KACC 12501, CIP 110176",1,Chryseobacterium jejuense,2684623012,May-35
,,,,,445960.1,
,,,,,GCA_900100075,
5676,AT1047,"DSM 17048, IMSNU 14049, JCM 12382, KCTC 12226, CIP 108670, NCTC 13459",1,Chryseobacterium jeonii,2639762901,15-Oct
,,,,,266749.4,15
,,,,,266749.8,30-May
,,,,,266749.9,
,,,,,2675903156,
,,,,,GCA_000812865,
,,,,,GCA_900112115,
,,,,,GCA_900638245,
5674,Ix 5a,"DSM 16927, CCM 7154, CCUG 46665, LMG 18212, CIP 105533",1,Chryseobacterium joostei,112234.4,May-37
,,,,,2681813505,
,,,,,GCA_003815775,
,,,,,GCA_900156585,
23022,Chj707,"DSM 25209, CCUG 49689, IAM 15050, JCM 21512, KCTC 12107, NBRC 103027, CIP 108606",1,Chryseobacterium koreense,1304281.5,15
,,,,,232216.8,5
,,,,,2648501397,
,,,,,2861269263,
,,,,,GCA_001045435,
,,,,,GCA_014201785,
133961,KJ1R5,"KACC 13029, JCM 15904",1,Chryseobacterium kwangjuense,2728369107,Oct-38
,,,,,GCA_001563495,
134063,"A140/68, F68, CDCKC1864","CCUG 60566, NCTC 11390",1,Chryseobacterium lactis,1241981.3,18-37
,,,,,2874367997,
,,,,,GCA_002899875,
5693,P 456/04,"DSM 18605, CIP 109792, LMG 23785",1,Chryseobacterium luteum,2617271211,4.0-37
,,,,,421531.5,
,,,,,GCA_000737785,
135739,90B,"CIP 107752, CCUG 51329",1,Chryseobacterium massiliense,204089.13,15-41
,,,,,2905979941,5
,,,,,GCA_003385535,
164558,CA10,"JCM 33443, KACC 21234",1,Chryseobacterium mulctrae,2906003320,Oct-37
,,,,,GCA_006175945,
134064,F91,"CCUG 60563, CDC G41, NCTC 13529",1,Chryseobacterium nakagawai,1241982.8,18-37
,,,,,2888289149,
,,,,,GCA_900637665,
5686,H8,"DSM 19055, CIP 109920, LMG 24030",1,Chryseobacterium oranimense,2684623028,May-37
,,,,,421058.6,
,,,,,GCA_900129755,
5706,3A10,"DSM 21579, LMG 24685, NBRC 104928, CIP 110180",1,Chryseobacterium palustre,1121288.4,Oct-37
,,,,,2523533629,
,,,,,GCA_000422265,
166185,7_F195,"LMG 30781, KCTC 62760",1,Chryseobacterium pennipullorum,GCA_003384725,15-32
164405,ISE14,"JCM 32876, KACC 19820",1,Chryseobacterium phosphatilyticum,2874358511,15-28
,,,,,GCA_002899825,
5704,VQ-6316s,"DSM 21068, CECT 7357, CIP 110179",1,Chryseobacterium piscicola,2681813514,28-Apr
,,,,,551459.4,15
,,,,,551459.6,
,,,,,GCA_002943675,
,,,,,GCA_900156685,
23024,,"CCUG 51923, CIP 109277, DSM 25207, CCUG 5192, LMG 23089",1,Chryseobacterium piscium,2905984197,Apr-32
,,,,,333702.1,
,,,,,GCA_003385415,
164701,NBC 122,"JCM 33980, KCTC 72248",1,Chryseobacterium salivictor,GCA_004359195,Apr-37
5673,MM1,"DSM 16779, ATCC 700039, CCM 4109, CCUG 33454, CIP 104199, LMG 13028",1,Chryseobacterium scophthalmum,2690315624,18-24
,,,,,59733.4,
,,,,,GCA_900143185,
5678,GUM-Kaji,"CCUG 55591, CIP 14047, DSM 17126, NCIMB 14047, BAMY 1001, CIP 108958",1,Chryseobacterium shigense,2681813504,30-May
,,,,,297244.4,
,,,,,297244.9,
,,,,,GCA_002943655,
,,,,,GCA_900156575,
5683,PSD1-4,"DSM 17072, KCTC 12382, NBRC 100864, CCUG 52904, CIP 109194",1,Chryseobacterium soldanellicola,2684622906,30-May
,,,,,311333.1,
,,,,,GCA_900100115,
5703,JS6-6,"DSM 19298, KACC 12502, CIP 110182",1,Chryseobacterium soli,2617271210,30-May
,,,,,445961.5,
,,,,,GCA_000737705,
5707,1YB-R12,"DSM 22468, CCUG 55604, DSM 1183, CIP 110201",1,Chryseobacterium solincola,2634166404,Apr-37
,,,,,510955.4,
,,,,,GCA_000812875,
5669,PHA3-4,"CCUG 52900, DSM 17071, KCTC 12381, NBRC 100863, CIP 109195",1,Chryseobacterium taeanense,2675903150,30-May
,,,,,311334.6,
,,,,,GCA_900099685,
5680,CC-TWGS1-8,"DSM 17453, CCUG 50001, CIP 108519",1,Chryseobacterium taichungense,2675903154,Nov-36
,,,,,295069.1,15-37
,,,,,GCA_900109935,5
133828,THMBM1,"CGMCC 1.10941, NBRC 108747",1,Chryseobacterium taihuense,1141221.4,15-45
,,,,,2663762742,
,,,,,GCA_900103755,
134196,Soil-3-27,"BCRC 17412, IAM 15317, LMG 23355, JCM 21767, CGMCC 1.11040, NCIMB 14327, CIP 109325",1,Chryseobacterium taiwanense,2600255398,May-42
133475,X-65,"CCTCC AB 208154, NRRL B-51322, CCUG 68730, NCTC 13490",1,Chryseobacterium taklimakanense,2765235860,18-37
,,,,,536441.3,
,,,,,GCA_900187185,
5509,EP105,"DSM 16811, NCIMB 14026",1,Chryseobacterium tenax,1121870.4,30-Apr
,,,,,2524023241,20
,,,,,GCA_000428485,
5708,,"DSM 22251, CCUG 57657, CIP 110413, IMMIB L-1519",1,Chryseobacterium treverense,2687453775,30-May
,,,,,631455.4,20
,,,,,GCA_900114045,
5701,F-Fue-04IIIaaaa,"DSM 18017, CCUG 52546, CIP 110146",1,Chryseobacterium ureilyticum,2681813509,15-42
,,,,,373668.4,
,,,,,GCA_900156735,
133773,687B-08,"CECT 7793, CCUG 60103",1,Chryseobacterium viscerum,2871710237,15-30
,,,,,GCA_002899945,
23023,,"DSM 25206, CCUG 50970, LMG 22846, CIP 108934",1,Chryseobacterium vrystaatense,2617271207,Apr-32
,,,,,307480.5,18
,,,,,GCA_000737765,
5682,R2A 10-2,"DSM 17724, KACC 11468, CIP 110181",1,Chryseobacterium wanjuense,2684622833,May-37
,,,,,356305.5,
,,,,,GCA_900111495,
159842,SDU1-6,"CGMCC 1.13492, JCM 32520",1,Chryseolinea flava,2831614218,13-37
,,,,,GCA_003286915,
24794,RYG,"DSM 24574, ATCC BAA-2075",1,Chryseolinea serpens,2617270831,13-37
,,,,,947013.3,
,,,,,GCA_900129725,
159857,ET03,"KCTC 33943, LMG 30119, JCM 32415, MCC 3378",1,Chryseomicrobium excrementi,2041346.3,20-40
,,,,,2882380101,
,,,,,GCA_002798305,
163760,Ys,"JCM 30318, LMG 30359",1,Chryseotalea sanaruensis,2482724.3,Oct-35
,,,,,GCA_003990915,
133409,ED7,"JCM 30603, KCTC 42450",1,Chthonobacter albigriseus,1683161.3,20-42
,,,,,GCA_013839445,4
158569,F43b,"CCTCC AB 2016062, KCTC 52231",1,Ciceribacter thiooxidans,GCA_014126615,20-42
7631,"4-O, 4-0","DSM 14442, CCM 4981, NBRC 106156, CCUG 51768, JCM 12134, CIP 107799, DSM 11442",1,Citricoccus muralis,169134.3,30-Oct
,,,,,2773857773,
,,,,,GCA_003386075,
7634,FS24,"DSM 23847, CGMCC 1.7064, JCM 15136",1,Citricoccus zhacaiensis,489142.4,Oct-37
,,,,,GCA_014645315,
4338,"167, 80-58","DSM 17596, ATCC 51113, CCUG 30792, CDC 80-58, CIP 104554",1,Citrobacter braakii,2878893965,Oct-41
,,,,,57706.144,5
,,,,,57706.2,
,,,,,GCA_002075345,
133060,97/79,"DSM 103031, CIP 106467",1,Citrobacter europaeus,1914243.13,20
,,,,,1914243.15,May-41
,,,,,1914243.18,
,,,,,1914243.21,
,,,,,2906139326,
,,,,,GCA_900079995,
4344,"E 3020, 2991-81","DSM 17655, ATCC 51112, CDC 2991-81, CIP 104553, CCUG 30798",1,Citrobacter farmeri,67824.35,Oct-41
,,,,,,5
4325,,"DSM 30039, ATCC 8090, IFO 12681, NBRC 12681, NCTC 9750, CCUG 418, ATCC 13316, JCM 1657, CECT 401, CIP 57.32, IAM 12471, KCTC 2509, LMG 3246, LMG 3247, MTCC 1658, NCIMB 11490, NRRL B-2643, Br (Braak)",1,Citrobacter freundii,1006003.13,Oct-41
,,,,,1006003.3,5
,,,,,1006003.7,
,,,,,1114920.3,
,,,,,2519899575,
,,,,,2588253794,
,,,,,2600255012,
,,,,,546.494,
,,,,,GCA_000312465,
,,,,,GCA_000734905,
4326,LRA 117.03.76,"CCUG 53829, CCM 7187, CIP 103547, DSM 24397, ATCC 43864, LMG 21265, WDCM 00006, CECT 7464, NCTC 13639",0,Citrobacter freundii,546.359,Oct-41
,,,,,,5
140426,A60,"DSM 104542, CECT 9236, CIP 111602",1,Citrobacter portucalensis,2874289006,20-37
,,,,,GCA_002042885,
4342,"876-58, 83I","DSM 17579, ATCC 51114, CDC 876-58, CIP 104555, CCUG 30793",1,Citrobacter werkmanii,67827.74,10
,,,,,67827.8,5
,,,,,67827.86,
4341,460-61,"CCUG 30791, DSM 17578, ATCC 29935, CDC 460-61, CECT 5335, CIP 105016",1,Citrobacter youngae,133448.7,May-41
,,,,,2903312461,
,,,,,GCA_003818115,
17783,158,"DSM 19522, JCM 14828",1,Cloacibacillus evryensis,2510065052,20-50
,,,,,866499.3,
,,,,,GCA_000585335,
23440,CL-84,"DSM 25858, CCUG 62631, KCTC 15364",1,Cloacibacillus porcorum,1197717.12,20-45
,,,,,2718217834,
,,,,,GCA_001701045,
5504,,"DSM 15886, ATCC BAA-825, CCUG 46293, CIP 108613, NRS 1",1,Cloacibacterium normanense,237258.25,18-36
,,,,,2634166320,
,,,,,GCA_900104195,
133580,R2A-16,"CGMCC 1.7656, NBRC 104931",1,Cloacibacterium rupense,517423.3,18-37
,,,,,GCA_014645495,
2869,37HS60,"DSM 22131, CCUG 53849, JCM 14354",1,Clostridiisalibacter paucivorans,1121289.3,20-50
,,,,,2556921093,
,,,,,GCA_000620125,
2833,JW/4JL B3,"DSM 17425, ATCC BAA-1220",1,Clostridium aciditolerans,339861.3,20-45
,,,,,GCA_016316925,
2846,HY-45-18,"DSM 19521, IMSNU 40129, JCM 13194, KCTC 5147",1,Clostridium aestuarii,GCA_026735135,15-30
2799,CK-58,"DSM 12554, ATCC BAA-166",1,Clostridium akagii,1121293.3,20
,,,,,2563366732,
,,,,,GCA_000686725,
2828,14D1,"DSM 16153, VKM B-2271",1,Clostridium algoriphilum,GCA_020443705,5
159739,BXX,"JCM 32382, CGMCC 1.5228",1,Clostridium bovifaecis,2896726320,20-45
,,,,,GCA_009738435,
2824,"A-1/C-an/C1, H11","DSM 14206, ATCC BAA-581",1,Clostridium bowmanii,132925.3,15
,,,,,GCA_018861315,
,,,,,GCA_020176155,
2855,BL-28,"DSM 21758, KCTC 15122, NRRL B-51352",1,Clostridium cavendishii,1121302.3,15-46
,,,,,2585428089,
,,,,,GCA_900141845,
2568,743B,"DSM 3052, ATCC 35296, OCM 3",1,Clostridium cellulovorans,573061.4,20-40
,,,,,573061.5,
,,,,,648028016,
,,,,,648276630,
,,,,,GCA_000145275,
,,,,,GCA_000180115,
2836,SL1,"DSM 12750, ATCC BAA-623",1,Clostridium drakei,2574180002,18-42
,,,,,GCA_000633595,
,,,,,GCA_003096175,
2776,MT1,"DSM 8809, ATCC 51377, NCIMB 12511, CIP 105093",1,Clostridium estertheticum subsp. estertheticum,1552.13,10
,,,,,1552.14,
,,,,,2721755605,
,,,,,GCA_001877035,
2807,NK1,"DSM 14864, ATCC 51254",1,Clostridium laramiense,205326.4,10
,,,,,2860493848,
,,,,,GCA_008933175,
2788,Z-2189,"DSM 9179, CIP 105360",1,Clostridium fimetarium,2675903166,20
,,,,,99656.3,
,,,,,GCA_900111235,
130245,14F,"DSM 17811, VKM B-2368",0,Clostridium frigoriphilum,2843317.3,5
,,,,,GCA_018861905,
2822,"D-1/D-an/II, H8","DSM 14204, ATCC BAA-579",1,Clostridium frigoris,205327.3,6
,,,,,GCA_018861865,
2842,HY-42-06,"DSM 18771, IMSNU 40127, JCM 13193, KCTC 5146",1,Clostridium ganghwense,GCA_026735165,15-40
2793,DB1A,DSM 12272,1,Clostridium gasigenes,2634166322,20
,,,,,94869.18,
,,,,,GCA_900104115,
169423,C5S11,"DSM 112608, NBRC 114689",1,Clostridium gelidum,GCA_019977655,10
2856,BL-20,"DSM 21757, NRRL B-51348",1,Clostridium hydrogeniformans,1121319.3,15-40
,,,,,2563366730,
,,,,,GCA_000686705,
2823,"C/C-an/B1, H10","DSM 14205, ATCC BAA-580",1,Clostridium lacusfryxellense,205328.3,10
,,,,,GCA_018861735,
2841,ISDg,"DSM 18823, ATCC 700394",1,Clostridium phytofermentans,357809.8,15
,,,,,,5
2825,"A-1/C-an/I, H12","DSM 14207, ATCC BAA-582",1,Clostridium psychrophilum,132926.3,4
,,,,,GCA_018861705,
2772,Pasteur III,"DSM 7534, ATCC 12464, CIP 61.10, NCIMB 547, NCTC 547, CCUG 4855, JCM 8144, BCRC 14552, CCM 5743, CECT 965, CN 3790, NCCB 47070",1,Clostridium septicum,1504.35,5
,,,,,1504.5,
,,,,,1504.51,
,,,,,2851764253,
,,,,,GCA_003606265,
2851,A121,"DSM 17763, KCTC 15160, VKM B-2369",1,Clostridium tagluense,GCA_003865095,15
,,,,,,15-28
,,,,,,17.5
2796,CK55,"DSM 12992, ATCC BAA-53",1,Clostridium uliginosum,119641.3,20
,,,,,2675903229,
,,,,,GCA_900112485,
2789,lac-1,DSM 10228,1,Clostridium vincentii,2916606478,12
,,,,,52704.3,
,,,,,GCA_002995745,
132376,XA,"DSM 29843, CGMCC 1.15041, JCM 33035",1,Cnuibacter physcomitrellae,1619308.9,15-37
,,,,,2865306879,
,,,,,GCA_002096055,
,,,,,GCA_014640535,
133504,JO1,"KCTC 22486, JCM 15644, NRIC 0824",1,Cobetia crustatorum,2568526450,30-Apr
,,,,,GCA_000591415,
133778,,"KMM 3880, NRIC 0814, CCUG 49563",1,Cobetia amphilecti,GCA_029846315,Apr-42
6002,,"DSM 4741, ATCC 25374, JCM 21022, CCUG 49558, CECT 4278, CIP 104765, IAM 14107, LMG 2217, NBRC 102605, NCIMB 1877",1,Cobetia marina,1268241.8,May-41
,,,,,2751185720,
,,,,,28258.9,
,,,,,GCA_001720485,
17918,Sh2,"DSM 24830, JCM 16494, KMM 3898, NRIC 0757",1,Cocleimonas flava,2802428810,Apr-33
,,,,,634765.3,
,,,,,GCA_004339015,
24507,"GSW-6, GSW-M6","DSM 28223, CCUG 60021, KCTC 23347",1,Cognatishimia maritima,2617270829,Oct-37
,,,,,870908.3,
,,,,,GCA_900129685,
17664,CL-GR15,"DSM 18289, KCCM 42319",1,Cohaesibacter gelatinilyticus,2728369261,15-31
,,,,,372072.6,
,,,,,GCA_900215605,
134000,JC131,"KCTC 32038, NBRC 109022",1,Cohaesibacter haloalkalitolerans,2833556347,15-40
,,,,,GCA_003574655,
166223,YE-B6,"MCCC 1A13131, KCTC 62716",1,Cohaesibacter intestini,2833506095,Oct-37
,,,,,GCA_003324485,
133627,,"CGMCC 1.9157, NCCB 100300, DQHS 21",1,Cohaesibacter marisflavi,2617270874,Oct-38
,,,,,655353.3,
,,,,,GCA_900115225,
158570,Pch-40,"KACC 19279, JCM 32033",1,Cohnella algarum,GCA_016937515,20-50
166535,M2MS4P-1,"KCTC 43011, CGMCC 1.13745",1,Cohnella endophytica,2882753622,Oct-37
,,,,,GCA_003628305,
11445,GR21-5,"DSM 18997, KACC 11771",1,Cohnella ginsengisoli,GCA_029525555,Oct-40
133071,KSS-154-50,"DSM 103658, CCM 8707, LMG 29763, CIP 111180",1,Cohnella lubricantis,2163172.3,15
,,,,,2163172.4,20.0-45.0
,,,,,2913573228,
,,,,,GCA_014212015,
,,,,,GCA_017874835,
11451,HY-22R,"DSM 24270, CCTCC AB 208254, NRRL B-59213",1,Cohnella luojiensis,2894166119,Oct-37
,,,,,652876.4,
,,,,,GCA_004564235,
134011,RLAHU4B,"LMG 27416, CECT 8236",1,Cohnella lupini,1294267.3,Oct-38
,,,,,2770939584,
,,,,,GCA_003386205,
11452,S1-3,"DSM 25241, KCTC 22296, PCU 306, TISTR 1890",1,Cohnella thailandensis,2913440105,20-50
,,,,,557557.3,
,,,,,557557.4,
,,,,,GCA_014212135,
,,,,,GCA_017874075,
11442,,"DSM 17683, CCUG 47242, CIP 108492",1,Cohnella thermotolerans,1121347.4,10
,,,,,2524023169,
,,,,,GCA_000429825,
11453,MX15-2,"DSM 25239, KCTC 22294, PCU 309, TISTR 1891",1,Cohnella xylanilytica,557555.3,20-50
,,,,,GCA_014212175,
158408,C3-17,"DSM 104040, KACC 19055",1,Collimonas antrihumi,1940615.3,20-30
,,,,,GCA_018304965,30-Apr
11310,,"DSM 21398, CCUG 54727, LMG 23964, NCCB 100031, TER Ter10, TER 10, UCCCB19",1,Collimonas arenae,GCA_001584165,20
11308,,"CCUG 48868, DSM 17622, LMG 21973, NCCB 100033, TER Ter6, TER 6, UCCCB6, CIP 108645",1,Collimonas fungivorans,GCA_001584145,20-30
,,,,,,20-35
,,,,,,30-May
11311,,"DSM 21399, CCUG 54728, LMG 23965, TER Ter91, TER 91, UCCCB20, CTO 91",1,Collimonas pratensis,GCA_001584185,20
2877,SMK-10,"DSM 17314, KCTC 12480, SMK 10",1,Colwellia aestuarii,329993.3,Apr-32
,,,,,GCA_002000025,
158534,NB097-1,"MCCC 1A11668, KCTC 52554",1,Colwellia beringensis,2751185795,0-25
,,,,,,13-Oct
,,,,,,13
2879,BCw111,"DSM 22576, CGMCC 1.9127, LMG 25329",1,Colwellia chukchiensis,2667527443,0-30
,,,,,2843543880,
,,,,,641665.3,
,,,,,641665.4,
,,,,,GCA_002104455,
,,,,,GCA_900109795,
158694,A3,"LMG 30125, NCIMB 15095",1,Colwellia echini,1982103.3,20
,,,,,GCA_002843355,25-May
138249,"C1TST4, IC035","CIP 105821, ACAM 607",1,Colwellia hornerae,89402.5,10
,,,,,GCA_007954355,18-May
133405,MTCD1,"ATCC TSD-5, JCM 30270",1,Colwellia marinimaniae,2791355059,6
,,,,,GCA_002207865,
133324,RA2-7,"KCTC 52417, NBRC 112381",1,Colwellia mytili,1888913.3,20
,,,,,2838787323,4
,,,,,GCA_002104475,
133697,Y223G,"JCM 11831, ATCC BAA-637",1,Colwellia piezophila,GCA_000378625,10
166230,OISW-25,"KCTC 62426, NBRC 113187",1,Colwellia ponticola,GCA_005885605,30-Apr
140622,YSM-23,"KCTC 52213, NBRC 111994",1,Colwellia sediminilitoris,1820336.3,30-Apr
,,,,,2843559686,
,,,,,GCA_002104535,
2931,No.12,"DSM 17552, IAM 14839, KCTC 12244, CCUG 51443, JCM 21345, CIP 108817",1,Comamonas badia,1121348.4,10
,,,,,2528768012,5
,,,,,GCA_000484635,
2937,YY287,"DSM 21721, BCRC 17659, LMG 24008",1,Comamonas composti,1121349.4,15.0-35.0
,,,,,2524614759,
,,,,,GCA_000429845,
166302,NLF-7-7,KCTC 62943,1,Comamonas flocculans,GCA_007954405,20-40
2930,AFG1,"CIP 107987, DSM 16026, CCUG 15333, LMG 3475",1,Comamonas kerstersii,225992.15,Oct-41
,,,,,GCA_008801935,5
2934,YH12,"DSM 18232, IMSNU 11158, KCTC 12005, CIP 108012",1,Comamonas koreensis,GCA_021026195,10
,,,,,,5
2929,23310,"DSM 13191, CCT 7062, NCCB 100007, CCUG 45781, CIP 107121",1,Comamonas nitrativorans,2574180442,10
,,,,,,5
132361,WYH22-41,"DSM 26017, CGMCC 1.12294",1,Comamonas phosphati,1211803.3,Apr-35
,,,,,GCA_014637085,
6410,"R 13, R13","DSM 20249, ATCC 29643, CCUG 30672, JCM 1095, BCRC 12932, CECT 570, CIP 102986, KACC 12425, KCTC 3593, LMG 9187, NBRC 106464, NCFB 2329, NCIMB 11994, NRIC 1640, NCDO 2329",1,Companilactobacillus alimentarius,1423720.3,10
,,,,,1423720.4,15
,,,,,1602.4,
,,,,,2700989133,
,,,,,2802429297,
,,,,,GCA_001434745,
,,,,,GCA_002849895,
,,,,,GCA_007991795,
164661,184-8,"JCM 33821, CCM 8895, KCTC 21131, LMG 31050, NCIMB 15152",1,Companilactobacillus baiquanensis,2882132615,15-37
,,,,,GCA_003946605,
6579,"203, Lb 203","DSM 19674, CECT 7310, JCM 16180, CIP 109926, KACC 16343, LMG 25239, NBRC 107149",1,Companilactobacillus bobalius,1423788.3,15
,,,,,2695420442,15-45
,,,,,83526.11,
,,,,,83526.4,
,,,,,GCA_001434855,
,,,,,GCA_002179915,
,,,,,GCA_007991895,
,,,,,GCA_009764355,
6455,"Rv4 na, Rv4na","DSM 20184, ATCC 29644, NCIB 11717, CCUG 30671, JCM 1097, BCRC 14043, CECT 571, CIP 103136, KCTC 3681, LMG 9200, NBRC 107150, NCFB 2330, NCIMB 11717, NRRL B-4566, VTT E-991267, NCDO 2330, IMET 11462",1,Companilactobacillus farciminis,1612.42,10
,,,,,2667527616,15-37
,,,,,2814123232,
,,,,,651324060,
,,,,,936140.3,
,,,,,936140.5,
,,,,,936140.8,
,,,,,936140.9,
,,,,,GCA_000184535,
,,,,,GCA_001434775,
164659,8-1(1),"JCM 33819, CCM 8898, KCTC 21115, LMG 31047, NCIMB 15156",1,Companilactobacillus hulinensis,2885679410,10
,,,,,GCA_003946555,15-37
132362,TMW1.2011,"DSM 29801, CECT 8802",1,Companilactobacillus insicii,1732567.3,Aug-45
,,,,,2881708693,
,,,,,GCA_003946015,
164663,204-8,"JCM 33823, CCM 8900, KCTC 21133, LMG 31054, NCIMB 15159",1,Companilactobacillus jidongensis,2885661930,10
,,,,,GCA_003946575,15
164662,116-2,"JCM 33822, CCM 8899, KCTC 21124, LMG 31051, NCIMB 15158",1,Companilactobacillus kedongensis,2885682009,15-37
,,,,,GCA_003946625,
164665,33-7,"JCM 33825, CCM 8936, KCTC 21118, LMG 31166, NCIMB 15153",1,Companilactobacillus keshanensis,2885684311,15
,,,,,GCA_003946205,
23074,L133,"DSM 24716, JCM 17702, KACC 15533",1,Companilactobacillus kimchiensis,2663763333,15-37
,,,,,993692.3,
,,,,,GCA_001438805,
6578,MT-1077,"CCUG 45370, ATCC BAA-131, CIP 107019, DSM 13961, JCM 10707, KCTC 8903P, KACC 12383, NBRC 106466, NRIC 0493",1,Companilactobacillus kimchii,1423765.3,Oct-37
,,,,,1423765.4,
,,,,,2700989131,
,,,,,2728369670,
,,,,,83526.1,
,,,,,83526.14,
,,,,,83526.5,
,,,,,GCA_001311095,
,,,,,GCA_001435445,
,,,,,GCA_002191155,
158793,Hime5-1,"JCM 31635, DSM 103730, Hime 5-1",1,Companilactobacillus metriopterae,1909267.3,10
,,,,,2881902429,15-37
,,,,,GCA_004117915,
6592,,"DSM 14500, CCUG 48642, LMG 21932, TMW 1.80, JCM 12532, CIP 107874, LMG 21508, NBRC 107162",1,Companilactobacillus mindensis,1423770.3,10
,,,,,167481.3,15-37
,,,,,2660238628,
,,,,,GCA_001434275,
,,,,,GCA_007992055,
164660,256-3,"JCM 33820, CCM 8901, LMG 31048, NCIMB 15160",1,Companilactobacillus mishanensis,2882791044,15-37
,,,,,GCA_003946505,
6628,LP33,"DSM 16982, CIP 108546, TMW 1.1265, JCM 16171, LMG 23510, NBRC 107153, NCIMB 14360",1,Companilactobacillus nantensis,1423774.3,Oct-37
,,,,,2660238488,
,,,,,305793.3,
,,,,,GCA_001435815,
,,,,,GCA_007991935,
6674,"IZ4B, iz4b-1","DSM 19682, CIP 109958, JCM 14932, NBRC 107160",1,Companilactobacillus nodensis,1236953.3,15-37
,,,,,1423775.4,
,,,,,1423775.5,
,,,,,2585427881,
,,,,,2681812987,
,,,,,2690315703,
,,,,,GCA_000615905,
,,,,,GCA_001435555,
,,,,,GCA_001592065,
6577,TB 1,"DSM 13238, JCM 10415, CCUG 43349, LMG 19152, CIP 106794, NBRC 107152, NCIMB 13723",1,Companilactobacillus paralimentarius,1122151.3,10
,,,,,1122151.5,15-37
,,,,,2700989141,
,,,,,83526.13,
,,,,,GCA_000615725,
,,,,,GCA_001434985,
,,,,,GCA_009764345,
6689,R 19c,"DSM 20183, CECT 5920, JCM 18037, CIP 110049, KCTC 21005",1,Companilactobacillus tucceti,1423811.3,15-37
,,,,,2657245013,
,,,,,GCA_001434665,
6593,"KU-3, BAFF Lb1201, KU-3T","CCUG 54626, DSM 14857, ATCC BAA-478, NCCB 100034, JCM 16174, CECT 5773, CIP 107931, KCTC 3814, LMG 21929, NBRC 106069",1,Companilactobacillus versmoldensis,1046598.4,10
,,,,,1423815.3,15-37
,,,,,2513237303,
,,,,,2700989145,
,,,,,GCA_000260455,
,,,,,GCA_001434295,
164658,M1575,"JCM 33818, CCM 8892, LMG 31045, NCIMB 15149",1,Companilactobacillus zhongbaensis,2885707605,15-37
,,,,,GCA_003946515,
7514,,"DSM 25625, KACC 13354, NBRC 106304, SMC 46",1,Compostimonas suwonensis,1048394.3,Oct-37
,,,,,2731639183,
,,,,,GCA_002797855,
3037,KV-962,"DSM 23288, NBRC 106558",1,Conexibacter arvalis,2828580265,May-46
,,,,,912552.3,
,,,,,GCA_014199525,
3036,ID131577,"DSM 14684, JCM 11494, CCUG 47730, CIP 108061, KCTC 19437, KCTC 9949, NBRC 100937",1,Conexibacter woesei,469383.5,10
,,,,,646311917,15
,,,,,GCA_000025265,
140749,XJNY,"KCTC 52638, MCCC 1H00183",1,Confluentibacter citreus,2788500167,Apr-37
,,,,,GCA_002807055,
166258,DSL-48,"KCTC 62648, MCCC 1K03537",1,Confluentibacter sediminis,GCA_003258355,Apr-37
17910,KT71,"DSM 17192, CECT 7588, NBRC 104960",1,Congregibacter litoralis,2597489864,Sep-33
,,,,,314285.4,
,,,,,GCA_000153125,
140951,ZD5-4,"JCM 30076, CGMCC 1.12813",1,Conyzicola nivalis,1477021.3,0-40
,,,,,GCA_014639655,14
,,,,,,20
17651,"04OKA010-24, 04OKA10-24","DSM 45221, IAM 15411, JCM 23193, KCTC 12865, MBIC 06463",1,Coraliomargarita akajimensis,583355.3,20-30
,,,,,646564524,
,,,,,GCA_000025905,
166446,WN38,"KCTC 62602, MCCC 1H00313",1,Coraliomargarita sinensis,2831668632,15-40
,,,,,GCA_003185655,
166176,C4,"ATCC BAA-2611, CICC 10839",1,Corallincola holothuriorum,GCA_003336225,17-33
166126,176GS2-150,"KACC 19890, LMG 31317",1,Corallincola spongiicola,GCA_004284785,15-30
140818,16B10-2-7,"CFCC 12884, KCTC 42249",1,Corticibacterium populi,1607949.3,Oct-37
,,,,,GCA_014652875,
166222,3d-2-2,"CFCC 11891, KCTC 52807",1,Corticimicrobacter populi,2882468358,Apr-41
,,,,,GCA_003123725,
3166,,"DSM 44278, ATCC 49725, CCUG 28779, CNCTC Th1/57, LMG 19042, JCM 8331, CGMCC 1.1940, CIP 104783, KCTC 3431",1,Corynebacterium accolens,525260.4,10
,,,,,643886058,15
,,,,,GCA_000159115,
,,,,,GCA_023520795,
135881,410,"CIP 103776, ATCC 13870, CCUG 38797",0,Corynebacterium acetoacidophilum,1718.77,10
,,,,,GCA_001912755,5
3080,9.6,"DSM 20306, AJ 1443, ATCC 6871, NCIB 8143, NCTC 2398, CCUG 38796, CIP 101283, JCM 1305, BCRC 10367, CGMCC 1.1883, IAM 1641, IFO 12071, IFO 12612, IMSNU 21212, KCCM 11740, KCTC 1018, NBRC 12071, NBRC 12612, NCCB 60030, NCIMB 8143, NRIC 1844, VKM Ac-2185, VKM B-672",1,Corynebacterium ammoniagenes,2623620528,10
,,,,,647000230,15
,,,,,649754.1,
,,,,,649754.3,
,,,,,GCA_000164115,
,,,,,GCA_001941425,
3134,S160,"DSM 6922, ATCC 49368, NCFB 2768, CCUG 35685, LMG 19043, JCM 7447, CCM 4123, CECT 4163, CGMCC 1.1939, CIP 103452, IFO 15207, KCTC 3432, NBRC 15207, NCIMB 13130",1,Corynebacterium amycolatum,2617270851,10
,,,,,43765.128,15
,,,,,43765.79,
3198,,"DSM 44531, JCM 11765, NRRL B-24151, CCUG 48298, IMMIB R-3491, CIP 107643",1,Corynebacterium appendicis,1161099.3,10
,,,,,2512047050,
,,,,,2681813517,
,,,,,GCA_900156665,
3211,S613,"DSM 44791, CCUG 46511, CECT 5993, CIP 108096, JCM 12268",1,Corynebacterium aquilae,1431546.4,10
,,,,,GCA_001941445,15-45
3161,,"DSM 44202, CIP 104296, CCUG 34893, IBS B10697, JCM 10392, ATCC 51927, LMG 19064, IBS 10697",1,Corynebacterium argentoratense,1348662.3,10
,,,,,2554235426,15-41
,,,,,GCA_000590555,
3213,R2070,"DSM 44849, CCUG 45804, CIP 107431, JCM 12368",1,Corynebacterium atypicum,191610.5,10
,,,,,2585427661,
,,,,,GCA_000732945,
3199,,"DSM 44532, CCUG 47449, CIP 107897, JCM 11766, NRRL B-24143, IMMIB D-1488",1,Corynebacterium aurimucosum,169292.149,10
,,,,,GCA_024138775,15
3200,CN-1,"DSM 44827, ATCC 700975, CCUG 48176, CIP 107346, JCM 12684, ATCC 700795",0,Corynebacterium aurimucosum,169292.148,10
,,,,,548476.11,15
,,,,,548476.19,
,,,,,548476.2,
,,,,,548476.21,
,,,,,548476.3,
,,,,,548476.7,
,,,,,643692018,
,,,,,645951870,
,,,,,GCA_000022905,
3201,M598/96/3,"JCM 12369, DSM 44609, CCUG 39938, CIP 106629, LMG 19530",1,Corynebacterium auriscanis,2627854278,10
,,,,,99807.3,15-41
,,,,,GCA_000767255,
3082,,"DSM 20582, ATCC 7715, NCTC 3224, CCUG 2705, JCM 11947, BCRC 12363, CIP 54.80, IMET 10632, JCM 1482, NCDO 1689, NCIMB 701689, PCM 2047",1,Corynebacterium bovis,2824244109,10
,,,,,36808.66,15
,,,,,651324023,
,,,,,927655.4,
,,,,,927655.8,
,,,,,GCA_000183325,
,,,,,GCA_014191555,
3202,CRS-51,"DSM 44610, CCUG 39412, CECT 4897, JCM 11664, ATCC BAA-77, CIP 105508, LMG 19039",1,Corynebacterium camporealense,161896.3,10
,,,,,161896.4,15
,,,,,2606217206,
,,,,,2808606813,
,,,,,GCA_000766885,
,,,,,GCA_000980815,
3203,"S108/98/2, 980914, S108/98/2*","DSM 44611, CCUG 39779, CIP 106739, JCM 12101, KCTC 19913",1,Corynebacterium capitovis,1121354.3,10
,,,,,2517572222,15
,,,,,GCA_000372085,
3207,,"CCUG 57201, CIP 107182, DSM 44701, DPC 5298, LMG S-19264, NCIMB 30130, JCM 12072, LMG 19264",1,Corynebacterium casei,1285583.3,10
,,,,,1285583.5,15-37
,,,,,GCA_000550785,
3214,M106/00/5,"DSM 44850, CCUG 44566, CIP 107965, JCM 13387",1,Corynebacterium caspium,1121355.3,10
,,,,,2515154055,15
,,,,,GCA_000379705,
166191,200CH,"CCM 8831, LMG 30628, CCUG 72166",1,Corynebacterium choanae,1862358.3,Apr-45
,,,,,GCA_003813965,
3216,"BIST 13, BS 13, BS13","DSM 44920, CCUG 47525, CECT 5779, CIP 108588, JCM 13388",1,Corynebacterium ciconiae,1121356.3,10
,,,,,2515154014,15
,,,,,GCA_000372385,
3159,,"CCUG 38194, LMG 19044, CIP 104919, JCM 10381, DSM 44184, CCUG 35014, DMMZ 214, ATCC 700219, CCM 4669",1,Corynebacterium coyleae,2634166170,10
,,,,,53374.4,15
,,,,,53374.54,
,,,,,GCA_900105505,
3160,,"DSM 44185, CCUG 35015, DMMZ 1075, CIP 104920",0,Corynebacterium coyleae,53374.55,10
,,,,,53374.59,15
,,,,,53374.6,
,,,,,53374.61,
3084,42 Fukuya,"DSM 20524, ATCC 29593, CCUG 28794, JCM 3715, BCRC 12320, CCM 5742, CECT 4048, CGMCC 1.1932, CIP 103424, IFO 15284, KCTC 3433, LMG 19065, NBRC 15284, NCTC 11863",1,Corynebacterium cystitidis,1121357.3,10
,,,,,2599185266,15
,,,,,2773857908,
,,,,,35757.3,
,,,,,GCA_900111265,
,,,,,GCA_900187295,
3181,,"IFO 16161, LMG 19045, CIP 105490, CCM 4727, DSM 45333, CCUG 37331, DSM 44351, JCM 11948, NBRC 16161",1,Corynebacterium durum,2623620526,10
,,,,,2856490523,15
,,,,,61592.134,
,,,,,GCA_013410305,
3195,"AJ-12310, YS-314","DSM 44549, JCM 11189, FERM 9246, AJ 12310, CCM 7123, CCUG 47130, CCUG 48037, CIP 107632, NBRC 100395",1,Corynebacterium efficiens,196164.1,10
,,,,,196164.21,15
,,,,,196164.22,
,,,,,196164.6,
,,,,,644736345,
,,,,,645951842,
,,,,,GCA_000011305,
,,,,,GCA_000160795,
170940,LMM-1653,"LMG 31164, CCM 8952",1,Corynebacterium endometrii,CP039247,20.0-42.0
,,,,,GCA_004795735,
3180,BL 8171,"DSM 44353, CCUG 33651, LMG 19046, CCM 4913, CIP 105466, JCM 11949, ATCC BAA-596, DMMZ 2537",1,Corynebacterium falsenii,108486.14,10
,,,,,108486.16,15-45
,,,,,108486.19,
,,,,,108486.9,
,,,,,1451189.3,
,,,,,1451189.4,
,,,,,2571042744,
,,,,,GCA_000525655,
3192,"M714/95/5, M714-95-5, 980915","DSM 44508, CCUG 39943, CIP 106740, ATCC BAA-468, JCM 12103, VTT E-072718",1,Corynebacterium felinum,2923453845,10
,,,,,GCA_029383185,15-41
3190,6695110,"CCUG 45704, CIP 106767, JCM 45704, DSM 44506, JCM 12104",1,Corynebacterium freneyi,134034.4,10
,,,,,134034.5,15
,,,,,2918343737,20
,,,,,GCA_017876455,
3191,20395347,"DSM 44507, CIP 106768",0,Corynebacterium freneyi,134034.1,15-41
,,,,,134034.11,
,,,,,134034.12,
,,,,,134034.6,
166189,W8,"CCM 8833, LMG 30629, CCUG 72165",1,Corynebacterium gerontici,2079234.3,Apr-45
,,,,,GCA_003813985,
3156,B 12915,"DSM 44288, CCUG 34780, CCUG 34888, CIP 104297, IBS B 12915, JCM 10394, ATCC 51866, IBS 12915",0,Corynebacterium glucuronolyticum,39791.12,15
,,,,,548478.3,5
,,,,,548478.6,
,,,,,643886137,
,,,,,GCA_000159595,
3092,534,"DSM 20300, ATCC 13032, NCIB 10025, CCUG 27702, CCTM La 2336, JCM 1318, BCRC 11384, CCM 2428, CECT 4157, CGMCC 1.1886, CIP 82.8, HAMBI 2052, IAM 12435, IFO 12168, IMET 10482, IMSNU 10063, IMSNU 21196, KCCM 40245, KCTC 1445, KCTC 9097, LMG 19741, LMG 3730, NBRC 12168, NCCB 70082, NCCB 72028, NCIMB 10025, NRRL B-2784",1,Corynebacterium glutamicum,1204414.5,10
,,,,,1310161.3,15-37
,,,,,1718.115,
,,,,,1718.163,
,,,,,1718.164,
,,,,,1718.219,
,,,,,1718.344,
,,,,,196627.13,
,,,,,196627.14,
,,,,,2859564202,
140638,S01,"KCTC 39608, CCTCC AB 2015423, GDMCC 1.1022, DSM 107476",1,Corynebacterium guangdongense,2923418710,Oct-45
10843,C7,"DSM 20307, ATCC 25729, ATCC 6939, CCUG 892, CIP 54.72, DSM 43349, HAMBI 2061, JCM 1311, JCM 3209, LMG 18452, NBRC 101255, NBRC 14956, NCTC 1621, NRRL B-16538, VKM Ac-953, WDCM 00028, ACM 4987, BCRC 12859, CCM 3429, CCUG 20987, CCUG 23606, CECT 555, CGMCC 4.1824, IAM 12426, IFM 0162, IFO 14956, IMET 7467, IMSNU 22213, KACC 20051, KCTC 9082, LMG 5358, NBIMCC 1230, NCAIM B.02034, NCIMB 12828, PCM 559",0,Rhodococcus equi,1219013.4,Oct-41
,,,,,1219013.5,
,,,,,2565956795,
,,,,,2731957591,
,,,,,2877074331,
,,,,,2922538253,
,,,,,43767.23,
,,,,,43767.56,
,,,,,GCA_000473915,
,,,,,GCA_001552575,
3240,MFC-5,"CCUG 59866, CGMCC 2452, DSM 45392, NBRC 106098",1,Corynebacterium humireducens,1223515.3,Apr-45
,,,,,1223515.4,
,,,,,2597490360,
,,,,,2731957615,
,,,,,GCA_000819445,
,,,,,GCA_001571025,
3162,,"LMG 19048, DSM 44264, CCUG 36877, IFO 16163, NBRC 100416, NBRC 16163, NCTC 13015, JCM 10386, ATCC 700354, CCM 4676, CIP 105130, DMMZ 2023",1,Corynebacterium imitans,156978.3,10
,,,,,156978.6,15
,,,,,2597490159,
,,,,,2773857867,
,,,,,GCA_000739455,
,,,,,GCA_900187215,
3142,D1076,"DSM 7171, ATCC 43734, CIP 103337, DSM 46361, IFO 15298, IMET 11513, NBRC 15298, NCTC 11913, CCUG 27192, LMG 19049, JCM 9384, NCIMB 14491",1,Corynebacterium jeikeium,2916410081,10
,,,,,38289.35,15
,,,,,38289.53,
,,,,,525262.3,
,,,,,647000231,
,,,,,GCA_000163435,
,,,,,GCA_001999385,
,,,,,GCA_028609885,
,,,,,GCA_900461185,
3184,,"DSM 44385, CCUG 35717, CIP 105744, LMG 19050, JCM 11950",1,Corynebacterium kroppenstedtii,161879.49,10
,,,,,643692019,15
,,,,,645127.4,
,,,,,GCA_000023145,
3101,,"DSM 20755, ATCC 15677, NCTC 11138, CCUG 27535, CIP 103423, JCM 9385, NBRC 15288, CECT 4035, IFO 15288, LMG 19169",1,Corynebacterium kutscheri,2606217205,10
,,,,,35755.3,15
,,,,,35755.9,
,,,,,GCA_000980835,
,,,,,GCA_900637605,
3174,,"DSM 44291, CCUG 37336, DMMZ 1944, LMG 19051, JCM 10383, ATCC 700352, CCM 4677, CIP 105127",1,Corynebacterium lipophiloflavum,525263.3,10
,,,,,643886002,15
,,,,,GCA_000159635,
3171,"JCP 2, JCL-2","DSM 44284, ATCC 51787, CCUG 32361, CIP 104099, JCM 11684, JCL 2, JCM 10393, LMG 19066",1,Corynebacterium macginleyi,2862073393,10
,,,,,38290.38,15
,,,,,38290.5,
,,,,,38290.6,
,,,,,38290.7,
,,,,,GCA_003688935,
3223,"7015, D7015","DSM 44953, CGMCC 1.6998, NRRL B-24779, JCM 17491, CIP 110199",1,Corynebacterium marinum,1224162.11,Apr-37
,,,,,1224162.12,
,,,,,1224162.3,
,,,,,2630968455,
,,,,,349751.5,
,,,,,GCA_000835165,
,,,,,GCA_014645275,
3178,S-8,"DSM 44356, CCUG 38654, CECT 4843, CIP 105509, IFO (NBRC) 16160, JCM 12269, IFO 16160, LMG 19040, NBRC 16160",1,Corynebacterium mastitidis,1121365.3,10
,,,,,2515154131,15
,,,,,GCA_000375365,
3102,47,"DSM 20635, ATCC 14266, DSM 43761, NCTC 10254, JCM 9386, BCRC 14869, CCUG 27545, CCUG 46620, CIP 81.82, IFO 15360, LMG 19647, NBRC 15360",1,Corynebacterium matruchotii,2808606759,10
,,,,,43768.438,15
,,,,,43768.6,
,,,,,553207.3,
,,,,,648276634,
,,,,,GCA_000175375,
,,,,,GCA_011612265,
,,,,,GCA_900447555,
3105,Barton,"DSM 20651, ATCC 23348, NCTC 10288, CCUG 541, JCM 9387, BCRC 14870, CCM 4728, CECT 4158, CIP 100652, IFO 15361, NBRC 15361",1,Corynebacterium minutissimum,1223512.3,10
,,,,,2645728081,15
,,,,,2731957584,
,,,,,2811995197,
,,,,,38301.16,
,,,,,38301.3,
,,,,,38301.37,
,,,,,GCA_000805675,
,,,,,GCA_001552395,
,,,,,GCA_900478045,
3163,,"DSM 44265, CCUG 36878, CIP 105129, DMMZ 2278, JCM 10384, ATCC 700355, CCM 4678, LMG 19067",1,Corynebacterium mucifaciens,2512047048,10
,,,,,57171.3,15
,,,,,GCA_012396315,
3245,GF 234/92,"CCUG 32254, DSM 8821, ATCC 51513, JCM 12146, CCM 4568, CIP 104075, IFM 10650, LMG 19071, NBRC 106139",1,Corynebacterium otitidis,2537561797,10
,,,,,2600255151,15
,,,,,2623620536,
,,,,,883169.3,
,,,,,883169.8,
,,,,,GCA_000296405,
,,,,,GCA_000297795,
3204,"Collins 31, M408/89/1, 31","DSM 44612, CCUG 38205, CIP 105741, LMG 19052, NCIMB 13757, JCM 12105",1,Corynebacterium phocae,161895.4,10
,,,,,161895.5,15-45
,,,,,2623620533,
,,,,,GCA_001941565,
,,,,,GCA_008693075,
132609,VDS11,"DSM 100104, KCTC 39687, MCC 2722",1,Corynebacterium pollutisoli,GCA_900177745,Oct-45
3172,"Riegel B 77159, B 77159","JCM 12106, DSM 44285, ATCC 51488, CCUG 33048, CIP 103792, LMG 19069",1,Corynebacterium propinquum,1121367.3,5
,,,,,2515154156,
,,,,,43769.22,
,,,,,GCA_000375525,
166190,812CH,"CCM 8832, LMG 30627, CCUG 72167",1,Corynebacterium pseudopelargi,2080757.3,Apr-45
,,,,,2862063619,
,,,,,GCA_003814005,
3116,"Charita a, Charita-a","DSM 20688, ATCC 19412, NCTC 7448, CCUG 27542, JCM 9391, BCRC 10657, CECT 4082, CIP 103421, HAMBI 2321, IFO 15290, NBRC 15290, PCM 2053",1,Corynebacterium renale,1724.11,10
,,,,,1724.8,15
,,,,,2627853607,
,,,,,2808606807,
,,,,,GCA_002563965,
,,,,,GCA_900478035,
3175,697-97,"LMG 19055, DSM 44326, CCUG 38180, CIP 105310, DMMZ 2415, JCM 10389, ATCC 700782, CCM 4679",1,Corynebacterium riegelii,156976.15,10
,,,,,,15
134608,,"CIP 107068, CCUG 37878, NCTC 934",0,Corynebacterium segmentosum,2851550974,10
,,,,,43990.3,15
,,,,,GCA_900637825,
3182,,"DSM 44357, CCUG 37330, CIP 105491, IBS B52218, IFO 16162, NBRC 16162, LMG 19056, CCM 4729, JCM 10385",1,Corynebacterium singulare,161899.3,10
,,,,,GCA_000833575,15
3212,"38, Garayzabal 38","DSM 44792, CCUG 46398, CECT 5990, CIP 108094, JCM 12270",1,Corynebacterium sphenisci,1437874.4,10
,,,,,2623620534,15
,,,,,GCA_001941505,
3210,"J11, PG 39","DSM 44757, CCUG 45512, CECT 5986, CIP 107875, JCM 12271",1,Corynebacterium spheniscorum,185761.3,Oct-45
,,,,,185761.5,
,,,,,GCA_008693095,
,,,,,GCA_900113445,
3078,622,"DSM 20302, ATCC 14403, CCUG 43497, CIP 104228, JCM 11611, NBRC 12144, VKM B-1228, CCTM La2748, NCIMB 565, BCRC 11885, CCM 317, CECT 4275, IFO 12144, KCCM 12153, KCTC 3254, NBIMCC 1435, VKM Ac-2184, CCTM La 2748",1,Corynebacterium stationis,1705.16,Oct-41
,,,,,1705.8,
,,,,,2623620535,
,,,,,GCA_001941345,
3123,,"DSM 20668, ATCC 6940, NCTC 764, CCUG 27949, CIP 81.15, IFO 15291, JCM 9390, CECT 4159, LMG 19648, NBRC 15291",1,Corynebacterium striatum,2916407222,10
,,,,,43770.1233,15
,,,,,43770.659,
,,,,,43770.812,
,,,,,525268.3,
,,,,,643886057,
,,,,,GCA_000159135,
,,,,,GCA_006538485,
,,,,,GCA_900447675,
3215,P81/02,"DSM 44851, DSM 45110, CCUG 46963, CECT 5724, CIP 108201, JCM 12370",1,Corynebacterium suicordis,2783663.3,Oct-37
,,,,,2918422303,
,,,,,GCA_015351405,
3208,Y-11,"DSM 44721, CIP 105927, IFO 14764, JCM 10555, NBRC 14764, VKM Ac-2071, CCUG 46354, CCUG 44585, LMG 22191",1,Corynebacterium terpenotabidum,1200352.3,10
,,,,,GCA_000418365,15
3206,M935/96/4,"DSM 44614, ATCC BAA-467, CCUG 41823, CIP 106763, JCM 12108, NCIMB 14414",1,Corynebacterium testudinoris,136857.5,Oct-37
,,,,,2615840659,
,,,,,GCA_001021045,
3221,LDC-20,"DSM 44922, ATCC 35529, ATCC 35692, CCUG 45418, CIP 107291, JCM 13389, Medalle X",1,Corynebacterium tuberculostearicum,2833975288,10
,,,,,38304.5,15
,,,,,38304.9,
,,,,,GCA_013408445,
3220,"8241rör1, 961*00004/99, 962*00016/99","DSM 44921, CCUG 41662, CIP 107067",0,Corynebacterium tuberculostearicum,1979527.25,10
,,,,,,15
137725,148A,"CIP 106714, ATCC 33035, CCUG 28787, CECT 763",0,Corynebacterium tuberculostearicum,2562617094,10
,,,,,525264.4,15
,,,,,GCA_000156615,
138055,610-86,CIP 102622,0,Corynebacterium tuberculostearicum,38304.8,10
,,,,,GCA_016613425,15
3147,20184,"ATCC 51799, LMG 19058, DSM 46325, CCUG 2708, IMET 11148, NCTC 7910, PCM 554, JCM 10387, CIP 106504",1,Corynebacterium ulcerans,2848159128,10
,,,,,65058.133,15
,,,,,65058.478,
,,,,,GCA_900187135,
3149,Bajo,"DSM 7110, ATCC 43043, CIP 103425",0,Corynebacterium urealyticum,43771.88,10
,,,,,,15
3124,FK 31,"DSM 20132, ATCC 15753, CCM 1565, NCIB 9455, JCM 2154, BCRC 12115, CCUG 23608, CCUG 45246, CECT 4178, CGMCC 1.1922, CIP 102112, HAMBI 1872, IAM 12346, IFO 15286, IMET 10433, LMG 22560, NBRC 15286, NCIMB 9455, NRRL B-4201, VKM Ac-1122, IFM 3030",1,Corynebacterium variabile,1727.16,10
,,,,,GCA_000720035,15-30
,,,,,GCA_006539825,
3127,,"DSM 44702, CIP 107183, DPC 5310, JCM 12073, LMG S-19265, NCIMB 30131, CCUG 57202, LMG 19265, LMG 21937, LMG S-19625",0,Corynebacterium variabile,2511231114,Oct-37
,,,,,858619.3,
,,,,,GCA_000179395,
3131,,"CCUG 56051, CCM 2824, NCTC 11861, CIP 100653, IFO 15287, DSM 20743, ATCC 373, JCM 1971, BCRC 14413, CCM 1.1919, CCUG 27544, CECT 4160, IFO 16721, KCCM 40941, KCTC 3435, LMG 19544, NBRC 15287, NBRC 16721",1,Corynebacterium xerosis,1223513.5,10
,,,,,1725.5,15-41
,,,,,2617270853,
,,,,,2648501103,
,,,,,2690315859,
,,,,,2811995212,
,,,,,29363.59,
,,,,,GCA_000988235,
,,,,,GCA_001552415,
,,,,,GCA_900461265,
5250,,"DSM 4482, ATCC 19692, BCRC 12222, CCRC 12222, CCUG 18769, CIP 106872, JCM 1670, LMG 7876, NCIMB 13273, NBRC 105711",1,Proteus myxofaciens,1354337.7,Oct-41
,,,,,2791354883,
,,,,,GCA_001654855,
134186,,"KCCM 42265, JCM 13411, KOPRI 13342",1,Costertonia aggregata,343403.3,Oct-35
,,,,,GCA_013402795,
159083,"Malle 65, Mal65","DSM 100706, LMG 29792",1,Crateriforma conspicua,2883346072,Oct-36
,,,,,GCA_007752935,
169331,"Pan14r, pan14rosa","DSM 29351, LMG 29012",1,Crateriforma conspicua,GCA_007859875,20
169332,"AV4, V7","DSM 29812, CECT 9853, VKM B-3427",1,Crateriforma conspicua,GCA_007860215,20
141068,,"JCM 19657, KACC 17825, YIM 78023",1,Crenalkalicoccus roseus,1485588.3,20-60
,,,,,2840042175,
,,,,,GCA_004761865,
166367,HX-7-9,"KCTC 72654, CCTCC AB 2019349",1,Crenobacter caeni,GCA_010435965,16-45
166425,K1W11S-77,"CGMCC 1.13527, NBRC 113452",1,Crenobacter cavernae,2832919849,30-Oct
,,,,,GCA_003355495,20
135526,,"CIP 108009, KCTC 12090, ATCC BAA-628, JCM 21780, IAM 15332",1,Croceibacter atlanticus,GCA_000196315,15-30
,,,,,,5
166154,SX2RGS8,"CGMCC 1.16402, KCTC 62090",1,Croceibacterium ferulae,GCA_003660445,Apr-45
133445,E4A9,"CGMCC 1.6776, JCM 14846",1,Croceicoccus marinus,2827117550,Apr-42
,,,,,GCA_001661675,
133014,Ery22,"DSM 101481, CGMCC 1.15360",1,Croceicoccus mobilis,1703339.6,15-45
,,,,,2890671501,
,,,,,GCA_001661965,
,,,,,GCA_014642595,
133013,Ery9,"DSM 101479, CGMCC 1.15358",1,Croceicoccus pelagius,1703341.5,15-45
,,,,,2832283248,
,,,,,GCA_001661915,
,,,,,GCA_014642495,
166514,GM-16,"KACC 19611, KCTC 62423, NBRC 113192",1,Croceicoccus ponticola,2843088573,15
,,,,,GCA_004004515,20-35
140752,HSG9,"MCCC 1A06690, KCTC 52589",1,Croceivirga radicis,2788500170,Oct-42
,,,,,GCA_002072105,
140753,"182, 0182","KCTC 42868, MCCC 1H00128",1,Crocinitomix algicola,2791354892,Oct-37
,,,,,GCA_001661595,
3814,H13,"DSM 4133, ATCC 23190, NCMB 1418, CIP 108127, NCIMB 1418",1,Crocinitomix catalasitica,1408433.3,30-May
,,,,,2556921666,
,,,,,GCA_000621625,
5239,CFS237,"CCUG 55851, DSM 18705, LMG 23823, DES 187, JCM 16467",1,Cronobacter dublinensis subsp. dublinensis,1159554.1,Jun-45
,,,,,1159554.4,
,,,,,1159554.7,
,,,,,2548876988,
,,,,,2663762850,
,,,,,GCA_000409225,
,,,,,GCA_001277235,
5237,E825,"CCUG 56035, DSM 18702, LMG 23826, API 76-2121, CDC 1058-77",1,Cronobacter malonaticus,1159491.19,Jun-45
,,,,,1159491.2,
,,,,,1159491.3,
,,,,,1159491.6,
,,,,,2548876974,
,,,,,2827186723,
,,,,,GCA_000409305,
,,,,,GCA_001277215,
5242,"83-07-023, E603, LRA 023 07 83","DSM 21870, ATCC 51329, CIP 103581, WDCM 00213, CECT 9143",1,Cronobacter muytjensii,1159613.3,Jun-45
,,,,,1159613.6,
,,,,,2548876993,
,,,,,2667527495,
,,,,,GCA_000409285,
,,,,,GCA_001277195,
135600,F37/50,"CIP 57.33, NCTC 8155, NCIMB 8272, CCUG 10788",0,Cronobacter sakazakii,1367848.3,10
,,,,,2602041574,5
,,,,,28141.37,
,,,,,28141.371,
,,,,,28141.372,
,,,,,28141.62,
,,,,,2841645194,
,,,,,GCA_000463095,
,,,,,GCA_001277275,
5236,,"DSM 4485, ATCC 29544, NCTC 11467, WDCM 00214, CCUG 14558, CECT 858, CDC 4562-70, JCM 1233, BCRC 13988, CGMCC 1.6765, CIP 103183, HUT 8109, IAM 12660, KCTC 2949, LMG 5740, NBRC 102416, NBRC 105698, VTT E-991283",1,Cronobacter sakazakii subsp. sakazakii,1218104.3,10
,,,,,2576861057,5
,,,,,2627854230,
,,,,,28141.119,
,,,,,28141.367,
,,,,,28141.368,
,,,,,28141.369,
,,,,,28141.373,
,,,,,28141.4,
,,,,,28141.659,
13288,TS-1980,"DSM 44230, ATCC 51143, IFO 14475, JCM 9111, NBRC 14475, NCIMB 13187, NRRL B-16238, CGMCC 4.1710, CIP 107132, IMSNU 21335, KCTC 9391, VKM Ac-1965",1,Crossiella cryophila,2870600976,10
,,,,,43355.3,
,,,,,GCA_014204915,
13289,,"DSM 44580, LDDC 22291-98, NRRL B-24104, JCM 12685, CIP 107800, NBRC 101840",1,Crossiella equi,130796.5,10
,,,,,2918413596,
,,,,,GCA_002155995,
,,,,,GCA_017876755,
7305,SK1,"DSM 22823, JCM 19546, NCCB 100316",1,Cryobacterium arcticum,GCA_003185895,20
158651,Hh31,"NBRC 107882, CGMCC 1.11213",1,Cryobacterium aureum,2837423432,0-18
,,,,,995037.3,14-Aug
,,,,,GCA_002954245,
24186,Hh8,"DSM 26475, CGMCC 1.11215, NBRC 107879, JCM 18568",1,Cryobacterium flavum,1424659.3,0-19
,,,,,1424659.4,10
,,,,,2663762753,
,,,,,GCA_004402625,
,,,,,GCA_900103805,
24187,Hh34,"DSM 28143, CGMCC 1.11211, NBRC 107883",1,Cryobacterium levicorallinum,2663762754,0-18
,,,,,995038.5,10
,,,,,995038.7,11
,,,,,GCA_004402405,
,,,,,GCA_007992355,
7306,Hh15,"DSM 26476, CGMCC 1.11210, NBRC 107880, JCM 18569",1,Cryobacterium luteum,1424661.3,0-20
,,,,,1424661.5,10
,,,,,2667527407,
,,,,,GCA_004402515,
,,,,,GCA_900110125,
166224,Hh39,"NBRC 107884, CGMCC 1.11212",1,Cryobacterium melibiosiphilum,995039.3,0-18
,,,,,GCA_003602235,15-Oct
7301,27-O-b,"DSM 4854, ATCC 43563, IAM 12024, IFO 15735, JCM 1463, NBRC 15735, NCIMB 2068, CCM 3311, CGMCC 1.1912, CGMCC 1.4292, CIP 105227, KCTC 3487, LMG 23845, VKM Ac-2100",1,Cryobacterium psychrophilum,2781126036,10
,,,,,41988.3,12-Oct
,,,,,41988.4,18
,,,,,GCA_004365915,15-May
,,,,,GCA_004403975,
7302,"0549, 549","DSM 21575, CGMCC 1.5382, JCM 13925, CIP 109566",1,Cryobacterium psychrotolerans,2667527402,27-Apr
,,,,,386301.1,20
,,,,,386301.9,20-22
,,,,,GCA_004564325,
,,,,,GCA_900101115,
7304,Rug 17,"DSM 21065, JCM 15131, CCUG 55701, CGMCC 1.10672",1,Cryobacterium roopkundense,1001240.6,0-18
,,,,,2844826561,15
,,,,,GCA_000764165,15-18
,,,,,GCA_014200405,16.5
,,,,,,8
164251,GCJ02,"JCM 32391, CCTCC M 2016604, MCCC 1K03549",1,Cryobacterium soli,CP030033.1,15
,,,,,GCA_003611035,18
,,,,,,26-Apr
162535,,JCM 19504,0,Cryobacterium sp.,GCA_000738085,15
134650,,"CIP 107453, LMG 21436, ACAM 647",1,Cryomorpha ignava,101383.4,10
6197,CL-GR60,"DSM 18995, KCCM 90027",1,Cucumibacter marinus,2524614806,15-40
,,,,,422296.3,
,,,,,GCA_000429865,
140669,Feb-36,"CCTCC AA 2016026, DSM 103787",1,Cumulibacter manganitolerans,2887435738,15-37
,,,,,GCA_009602465,
170943,G-1,"CCTCC AB 2019021, KCTC 49258",1,Cumulibacter soli,GCA_004382795,16-30
,,,,,SMSG00000000,
141129,S5,"JCM 30642, VKM B-2941",1,Cuniculiplasma divulgatum,2773858060,Oct-48
,,,,,GCA_900083515,
1997,RK1,"DSM 11853, CCUG 49340, LMG 19474, LMG 18990, ATCC BAA-699, CIP 106792",1,Cupriavidus basilensis,68895.15,May-37
,,,,,GCA_008801925,
2042,,"DSM 17293, CCUG 44526, CIP 107177, LMG 19282",1,Cupriavidus campinensis,151783.38,10
,,,,,GCA_905397395,5
2041,4325,"LMG 5886, CCM 4866, DSM 17292, ATCC 700815, CCUG 38401, CIP 105966, JCM 11283, BCRC 17471",1,Cupriavidus gilardii,82541.14,10
,,,,,82541.17,5
,,,,,GCA_008801915,
,,,,,GCA_013004615,
2038,CH34,"DSM 2839, LMG 1195, CIP 107179, CCUG 13724, ATCC 43123",1,Cupriavidus metallidurans,266264.4,10
,,,,,266264.41,5
,,,,,266264.42,
,,,,,266264.43,
,,,,,266264.44,
,,,,,266264.9,
,,,,,637000230,
,,,,,GCA_000196015,
140833,X1,"KCTC 42909, LMG 29218",1,Cupriavidus nantongensis,1796606.3,20-42
,,,,,1796606.6,
,,,,,2687453284,
,,,,,GCA_001598055,
2037,Ox1,"CCUG 2086, LMG 2235, LMG 5121, DSM 1105, ATCC 11883, NCIB 8642, JCM 11285, IFO 13593, NBRC 13593, NCIMB 8642, CIP 107389",1,Ralstonia oxalatica,1349762.5,10
,,,,,2731957685,5
,,,,,96344.7,
,,,,,GCA_001592245,
,,,,,GCA_016894385,
,,,,,GCA_900249725,
2043,E6793,"DSM 17313, CCM 4867, CCUG 12507, CDC E6793, CIP 105943, LMG 3244, JCM 11286, ATCC 700817, BCRC 17496",1,Cupriavidus pauculus,82633.14,15-45
,,,,,82633.2,5
,,,,,82633.22,
,,,,,82633.24,
,,,,,82633.27,
,,,,,GCA_008801835,
2045,AU3313,"DSM 17358, CCM 7175, CCUG 46809, CIP 108131, LMG 21510",1,Cupriavidus respiraculi,195930.1,10
,,,,,195930.4,5
,,,,,195930.6,
,,,,,195930.8,
,,,,,GCA_914271545,
2044,R1,"DSM 17343, CCUG 44338, CIP 107717, LMG 19424, CIP 107171",1,Cupriavidus taiwanensis,164546.7,10
,,,,,644736347,5
,,,,,977880.27,
,,,,,GCA_000069785,
7324,B55,"DSM 21577, JCM 14609, NBRC 101786, VTCC D6-11, CIP 109639",1,Curtobacterium ammoniigenes,1223517.3,15-37
,,,,,2690315830,
,,,,,GCA_001571045,
7312,CP 2,"DSM 20149, ATCC 9682, CCM 1587, JCM 1349, CECT 4213, CFBP 2403, CIP 107084, IAM 12439, ICMP 2562, ICMP 2566, ICPB CP2, IFO 12161, IMET 10506, LMG 3715, LMG 7319, NBRC 12161, NCPPB 854, CCM 1582, ICP CP2",0,Curtobacterium flaccumfaciens,159612.4,Oct-37
,,,,,GCA_018598335,
,,,,,GCA_026241875,
137335,,"CIP 107082, ICMP 2594, ICPB CB 104, PDDCC 2594, NCPPB 374, LMG 3596, CFBP 2402",0,Curtobacterium flaccumfaciens,83664.77,30-Oct
,,,,,GCA_018598505,
,,,,,GCA_026241855,
7320,"P 420/07, P420/07","DSM 14013, LMG 19917, JCM 12140, CIP 108224, IAM 15148, NBRC 103064, VKM Ac-2512",1,Curtobacterium herbarum,150122.5,30-Oct
,,,,,2893540075,
,,,,,GCA_016907335,
2939,146,"DSM 11558, ATCC 14667, CCUG 15846, LMG 4328, LMG 4327, IAM 14955, NBRC 14919, JCM 15147, BCRC 80545, IFO 14919, JCM 21432, CIP 107314, NCIMB 9419",1,Curvibacter delicatus,1349763.3,15
,,,,,2731957686,5
,,,,,GCA_001592265,
135266,,"CIP 108608, IAM 15033, ATCC BAA-807, CCUG 49445, JCM 21496",1,Curvibacter gracilis,GCA_000518645,15-37
,,,,,,5
138785,192,"CIP 103297, ATCC 14669, NCIMB 9461, CCUG 48175, IAM 14947, CFBP 5587, JCM 21429, BCRC 15829, LMG 21631, NBRC 103051",1,Curvibacter lanceolatus,1265504.3,10
,,,,,2519103180,5
,,,,,GCA_000381265,
12645,,"DSM 20700, ATCC 25564, CIP 110009, JCM 6498, LMG 16726, NCTC 11865, CCUG 32987, VPI 0507, BCRC 17368, CIP 103262, GIFU 7612, IFO 15672, NBRC 15672, NCFB 2586, NCIMB 702586, NCDO 2586, VPI 050",1,Cutibacterium granulosum,1160719.4,10
,,,,,1160719.7,
,,,,,2512047045,
,,,,,2518285595,
,,,,,2602041680,
,,,,,2814123075,
,,,,,33011.21,
,,,,,GCA_000463665,
,,,,,GCA_001700755,
,,,,,GCA_900186975,
132605,,"DSM 29427, CCUG 66358, NTS 31307302",1,Cutibacterium namnetense,1574624.3,20-42
134150,,"KCTC 12363, LMG 23026, KMM 6143, CIP 108848",1,Cyclobacterium amurskyense,2636415561,Apr-40
,,,,,320787.11,15-37
,,,,,GCA_001050135,Apr-40
,,,,,,5
17717,,"DSM 745, ATCC 25205",1,Cyclobacterium marinum,2506381023,20-25
,,,,,880070.3,
,,,,,GCA_000222485,
133805,M12-11B,"KCTC 23011, NBRC 106168, CCUG 58687",1,Cyclobacterium qasimii,1350429.3,18
,,,,,2545824641,20
,,,,,2890793229,30-Apr
,,,,,641524.5,
,,,,,GCA_000427295,
,,,,,GCA_007991695,
140388,TK-8,DSM 27168,0,Cycloclasticus sp.,1884353.3,20
,,,,,2695421048,
,,,,,GCA_900142045,
166288,,"DSM 103992, KCTC 52558, SYSU SYW-6",1,Cysteiniphilum halobium,2219059.3,18-37
,,,,,GCA_003574425,
140321,,"DSM 101832, CGMCC 1.15758, KCTC 52386, NBRC 112441, SYSU D3-2",1,Cysteiniphilum litorale,2056700.3,18-37
,,,,,2056700.4,
,,,,,2831476743,
,,,,,GCA_003428165,
,,,,,GCA_014643575,
158260,5L6,"DSM 104513, CICC 23855, KCTC 33663",1,Cytobacillus solani,GCA_006704205,Apr-45
675,"613, original","DSM 12, ATCC 14575, CCM 2213, JCM 2512, NCIB 9366, NCTC 10335, CCUG 7418, NRS 613, BCRC 11730, CECT 14, CIP 52.70, IAM 12464, IAM 14179, IFO 15306, KCTC 3626, LMG 7125, NBRC 15306, NCIMB 9366, NRRL B-14307, NRRL NRS-613, VKM B-498, VTT E-97061, NCDO 1762",1,Cytobacillus firmus,1314753.7,Oct-37
,,,,,1399.16,
,,,,,2731957652,
,,,,,2814123191,
,,,,,GCA_001591465,
,,,,,GCA_900445365,
1297,1P01SC,"DSM 23495, MTCC 9535, NRRL B-59162, CIP 110062",1,Cytobacillus horneckiae,GCA_002835735,Apr-49
1318,"do080905 5-1, G 5819","DSM 23667, CCUG 59877, LMG 25855, WCC 4582",1,Cytobacillus kochii,2926483779,Oct-40
1303,H2,"DSM 24771, CGMCC 1.10115, JCM 16506, BCRC 80336, CIP 110262",1,Cytobacillus oceanisediminis,2596583545,Apr-45
,,,,,665099.9,
,,,,,GCA_007830235,
140355,FJAT-25547,"DSM 101002, CCTCC AB 2015208",1,Cytobacillus praedii,GCA_001439605,15-40
1316,DS22,"DSM 23494, LMG 25783, NRRL B-59432",1,Bacillus purgationiresistens,2926528486,15-37
3771,,"DSM 3654, ATCC 12208, JCM 8511, NCIMB 8628, IAM 14300, IFO 15937, IFO 16043, LMG 1337, NBRC 15937, NBRC 16043",1,Cytophaga aurantiaca,1121373.3,20-25
,,,,,2515154146,
,,,,,GCA_000379725,
3767,D465,"DSM 1761, ATCC 33406, IFO 15051, NBRC 15051, NCIB 9469, Cy h1, JCM 20678, CIP 103989, IAM 12607, LMG 10844, LMG 8361, NCDO 2694, NCIMB 9469",1,Cytophaga hutchinsonii,2616644809,10
,,,,,269798.16,
,,,,,269798.25,
,,,,,637000087,
,,,,,GCA_000014145,
,,,,,GCA_900119565,
14114,N7,"DSM 19973, KACC 12821",1,Daejeonella oryzae,2523231054,15-35
,,,,,468059.3,
,,,,,GCA_000422945,
23258,W1,"DSM 24536, CIP 110258, LMG 26240",1,Daejeonella rubra,2675903227,Jan-36
,,,,,990371.3,15
,,,,,GCA_900103545,
17908,SE12,"DSM 21967, JCM 13441, KCTC 12566, KOPRI 20902",1,Dasania marina,1121374.3,20-Oct
,,,,,2515154073,20
,,,,,GCA_000373485,
10516,Nsw-4,"DSM 24713, BCRC 17934, LMG 24817",1,Deefgea chitinilytica,2931366155,15-37
,,,,,570276.4,
,,,,,GCA_016881405,
10515,,"DSM 18356, WB 3.4-79, CIP 109326",1,Deefgea rivuli,1121375.3,Apr-32
,,,,,2556921014,
,,,,,GCA_000620145,
133751,195,"ATCC BAA-2266, KCTC 15142",1,Dehalococcoides mccartyi,637000089,15-35
,,,,,GCA_000011905,
133898,IP3-3,"JCM 17062, NRRL B-59545",1,Dehalogenimonas alkenigignens,2802429288,18-42
,,,,,GCA_001466665,
140462,NSZ-14,"HAMBI 3672, JCM 19277, VKM B-3058",1,Dehalogenimonas formicexedens,2773857847,20-37
,,,,,GCA_001953175,
133531,BL-DC-9,"ATCC BAA-1523, JCM 15061",1,Dehalogenimonas lykanthroporepellens,552811.9,20-34
,,,,,648028022,
,,,,,GCA_000143165,
141115,BM2,"KEMB 5401-184, JCM 30700",1,Deinococcus actinosclerus,GCA_001507665,20
3897,5516T-9,"DSM 24781, JCM 15442, KACC 12745, CIP 110188",1,Deinococcus aerolatus,522487.3,May-40
,,,,,GCA_014647055,
3898,5516T-11,"DSM 24869, JCM 15443, KACC 12746, CIP 110189",1,Deinococcus aerophilus,522488.3,May-45
,,,,,GCA_014647075,
134316,ME-04-04-52,"LMG 24283, NRRL B-41948",1,Deinococcus alpinitundrae,468913.4,25-May
,,,,,GCA_009982895,10
3891,MIFE 35041/06,"DSM 23025, CCM 7524, CCUG 53370",1,Deinococcus aquatilis,1121378.3,15-36
,,,,,2519899682,
,,,,,GCA_000378445,
166257,OD32,"KCTC 33972, CICC 24671",1,Deinococcus arcticus,GCA_003028415,15-37
133034,FeSTC15-38,"DSM 101791, NCAIM B.02630",1,Deinococcus budaensis,1665626.3,20.0-37.0
,,,,,2861295632,
,,,,,GCA_014201885,
3888,5516J-15,"DSM 18568, CIP 109796, KACC 11606",1,Deinococcus cellulosilyticus,1223518.3,5.0-45
,,,,,GCA_007990775,
3900,"MJ27, B-17D","DSM 26465, JCM 16918, KCTC 13751",1,Deinococcus daejeonensis,1007098.3,15-37
,,,,,GCA_014647175,
166403,H1,"CGMCC 1.13938, JCM 33291",1,Deinococcus detaillensis,GCA_007280555,15
,,,,,,25-Apr
3885,CC-FR2-10,"DSM 19119, CCUG 51391, CIP 108832, CCUG 53391",1,Deinococcus ficus,1121379.3,Oct-40
,,,,,2524614857,
,,,,,2739367875,
,,,,,GCA_000430865,
,,,,,GCA_003444775,
158506,FeSDHB5-19,"DSM 106917, NCAIM B.02639",1,Deinococcus fonticola,2528713.3,Oct-32
,,,,,GCA_004634215,
3866,AA-692,"DSM 12807, CIP 109230, NRRL B-41046",1,Deinococcus frigens,1121380.3,15
,,,,,2561511139,
,,,,,GCA_000701425,
3855,AG-3a,"DSM 11300, CIP 105573",1,Deinococcus geothermalis,319795.16,10
,,,,,319795.25,
,,,,,319795.26,
,,,,,641228488,
,,,,,GCA_000196275,
3893,I-0,"DSM 21396, CGMCC 1.7299, JCM 16679",1,Deinococcus gobiensis,2512564069,15-35
,,,,,745776.12,
,,,,,745776.13,
,,,,,745776.14,
,,,,,745776.15,
,,,,,745776.16,
,,,,,745776.17,
,,,,,745776.4,
,,,,,GCA_000252445,
23889,MK03,"DSM 27939, JCM 17915, KCTC 13619",1,Deinococcus humi,2597489808,20-37
,,,,,2861281385,
,,,,,662880.4,
,,,,,662880.5,
,,,,,GCA_014201875,
,,,,,GCA_014647275,
159760,17bor-2,"KCTC 33907, NBRC 113037",1,Deinococcus irradiatisoli,GCA_003173015,18-37
159872,SJW1-2,"KACC 19332, NBRC 112908",1,Deinococcus koreensis,2895820470,Oct-37
,,,,,GCA_002901445,
166303,"HUT-8138, KR-1",KCTC 33977,1,Deinococcus kurensis,GCA_009687825,Oct-40
3869,AA-63,"DSM 12784, CIP 109039, NRRL B-41042",1,Deinococcus marmoris,1121381.3,15
,,,,,2561511138,25-Apr
,,,,,GCA_000701405,16-Sep
3858,ALT-1b,"DSM 11303, CCUG 50777, CIP 105574",1,Deinococcus murrayi,1121383.4,10
,,,,,2527291725,
,,,,,GCA_000482805,
3887,KR-200,"DSM 19664, CIP 109416, LMG 22246, CCUG 58334",1,Deinococcus peraridilitoris,2509276065,Oct-37
,,,,,937777.1,
,,,,,937777.11,
,,,,,937777.3,
,,,,,GCA_000317835,
159403,S14-83,"DSM 105285, CCTCC AB 2015449",1,Deinococcus psychrotolerans,GCA_003860465,20
,,,,,,30-Apr
3852,"R1, R<SUB>1</SUB>","CCUG 27074, DSM 20539, ATCC 13939, CCM 1700, JCM 16871, NCIB 9279, CIP 104750, HAMBI 1924, IFO 15346, LMG 4051, NBRC 15346, NCIMB 9279, UWO 288, VKM B-1422",1,Deinococcus radiodurans,1121384.3,15-30
,,,,,1408434.13,
,,,,,1408434.14,
,,,,,1408434.15,
,,,,,1408434.16,
,,,,,1408434.17,
,,,,,1408434.18,
,,,,,1408434.19,
,,,,,1408434.2,
,,,,,1408434.21,
3899,TM-1,"DSM 25938, CGMCC 1.10218, NBRC 106334",1,Deinococcus reticulitermitis,2617270904,20-40
,,,,,856736.3,
,,,,,GCA_900109185,
3890,TDMA-uv51,"DSM 22367, CCUG 53611, JCM 14370, NBRC 102117",1,Deinococcus roseus,392414.3,20-40
,,,,,GCA_014646895,
133314,JSH3-1,"KCTC 33790, JCM 31311",1,Deinococcus ruber,1848197.3,4.0-37.0
,,,,,GCA_014648095,
133032,,"DSM 29933, CGMCC 1.15089, YIM F302",1,Deinococcus soli,1765963.3,15.0-45.0
,,,,,GCA_014640655,
23887,R12,"DSM 28115, CGMCC 1.8884, CIP 110212, NBRC 105665",1,Deinococcus wulumuqiensis,1288484.1,Oct-55
,,,,,1288484.11,
,,,,,1288484.12,
,,,,,1288484.13,
,,,,,1288484.14,
,,,,,1288484.15,
,,,,,1288484.16,
,,,,,1288484.17,
,,,,,1288484.18,
,,,,,1288484.19,
23888,R13,"DSM 28106, CGMCC 1.8885, NBRC 105666, CIP 110211",0,Deinococcus wulumuqiensis,980427.7,Oct-55
,,,,,GCA_000478785,
,,,,,GCA_014645595,
2954,332,"DSM 21246, LMG 24775",1,Delftia lacustris,2675903026,3.0-37.0
,,,,,558537.5,
,,,,,GCA_900107225,
2952,T7,"DSM 17581, ATCC BAA-554, NBRC 16741",1,Delftia tsuruhatensis,1220577.3,10.0-40.0
,,,,,2839144908,
,,,,,GCA_001571325,
6598,M6A9,"DSM 15638, JCM 10491, NCIMB 13914, ATCC BAA-482, CCM 7143, CCUG 44587, CCUG 45366, CGMCC 1.3701, CIP 106688, LMG 19872",1,Dellaglioa algida,1423719.4,22-Oct
,,,,,2663763513,20
,,,,,GCA_001434695,
17840,HR08-7,"DSM 24865, NBRC 105854",1,Demequina flava,1095025.3,28-Oct
,,,,,2667527640,
,,,,,GCA_000975035,
17838,"RODXS3, SV 45","DSM 19970, LMG 24795, NBRC 106155, JCM 17019",1,Demequina lutea,2657245116,30-Apr
,,,,,2833986135,18
,,,,,431489.3,
,,,,,431489.6,
,,,,,GCA_000975075,
,,,,,GCA_013409005,
17842,HI08-69,"DSM 24868, NBRC 105856",1,Demequina mangrovi,1043493.3,15-28
,,,,,1043493.4,
,,,,,2687453759,
,,,,,2700989458,
,,,,,GCA_000759715,
,,,,,GCA_900109245,
17839,KV-810,"DSM 22060, NBRC 105323",1,Demequina salsinemoris,2671180261,Dec-34
,,,,,GCA_000974805,
17841,HR08-43,"DSM 24867, NBRC 105855",0,Demequina sediminicola,1095026.3,28-Oct
,,,,,2690315958,
,,,,,GCA_000975055,
3921,2002-46,"CCUG 39179, CCM 4700, CIP 105501, JCM 11480, DSM 11295, IFO 16164, NBRC 16164, HKI 0089, NCIMB 13517",1,Demetria terragena,1121385.3,10
,,,,,2521172561,
,,,,,GCA_000376825,
166499,K23C18032701,"GDMCC 1.1403, KCTC 62913",1,Deminuibacter soli,2291815.3,15-37
,,,,,2845931976,
,,,,,GCA_003412455,
13931,"AcBE2-1, AcBE2I","DSM 16959, JCM 12830",1,Denitratisoma oestradiolicum,311182.3,Apr-38
,,,,,311182.4,
,,,,,GCA_007844305,
,,,,,GCA_902813185,
3918,"S69, S-69","DSM 7083, ATCC 49369, NCFB 2769, CCUG 32998, JCM 7448, CCM 4122, CECT 4165, CIP 105144, IFM 10528, IMSNU 21318, NBRC 106157, NCIMB 13131",1,Dermabacter hominis,1349750.9,10
,,,,,2731957604,15-41
,,,,,GCA_001570785,
132563,32,"DSM 101003, NCCP 16133",1,Dermabacter jinjuensis,1667168.4,20-45
,,,,,1667168.5,
,,,,,2846849301,
3924,MT1.1,"DSM 17573, CIP 109302, NCIMB 14084, JCM 14339",1,Dermacoccus abyssi,2833109367,Oct-37
,,,,,GCA_003515945,
133843,HL-12,"BCRC 80208, KCTC 23311",1,Derxia lacustris,GCA_002105195,15-40
2272,,"DSM 20581, ATCC 8363, NCIB 9892, CCUG 38799, JCM 1969, BCRC 11883, CGMCC 1.1918, CIP 104227, IFO 12145, KCTC 3258, NBRC 12145, NCIMB 9892, CCTM La 2757",1,Desemzia incerta,2622736579,20
,,,,,82801.3,
,,,,,GCA_900115825,
158572,KJ1-10-99,"LMG 29918, KCTC 33878",1,Desertibacillus haloalkaliphilus,GCA_019039105,20-55
160770,,"DSM 105431, KCTC 39977, CPCC 204711",1,Desertihabitans aurantiacus,2282477.3,20-40
,,,,,2848708460,
,,,,,GCA_003344635,
168917,16Sb5-5,"KCTC 49116, CGMCC 1.16553",1,Desertihabitans brevis,GCA_003327535,15-40
,,,,,QOUI00000000,
3946,CV2803,"DSM 15576, ATCC BAA-743",1,Desulfatibacillum aliphaticivorans,1121392.3,15-40
,,,,,2522572160,
,,,,,GCA_000429905,
3996,HB1,"DSM 18734, JCM 14470",1,Desulfatirhabdium butyrativorans,1121394.3,15-37
,,,,,2524023145,
,,,,,GCA_000429925,
22990,S28bF,"DSM 23472, NBRC 107166",1,Desulfatitalea tepidiphila,2690315754,13-45
,,,,,GCA_001293685,
3963,B54,DSM 8776,1,Desulfobacter vibrioformis,1121398.3,May-38
,,,,,2571042011,
,,,,,GCA_000745975,
140353,NAW-5,"DSM 102911, NBRC 112242",1,Desulfocucumis palustris,2788500037,18-48
,,,,,GCA_002933875,
4069,VNs36,"DSM 17965, JCM 14038, AS As36, AS 36",1,Desulfocurvus vexinensis,1121406.3,20-50
,,,,,2541046937,
,,,,,GCA_000519125,
4015,Pro1,"DSM 18378, JCM 14043",1,Desulfogranum japonicum,1121403.3,15-35
,,,,,2524614762,
,,,,,GCA_000429945,
4014,86FS1,"DSM 13871, JCM 15784",1,Desulfogranum mediterraneum,1121404.3,20
,,,,,2523533605,
,,,,,GCA_000429965,
4159,RT2,"DSM 16529, JCM 12612",1,Desulfohalovibrio alkalitolerans,1121439.3,16-47
,,,,,2571042912,
,,,,,2619619068,
,,,,,GCA_000422245,
3997,AA1,"DSM 17682, ATCC BAA-1256",1,Desulfoluna spongiiphila,2654587882,20-37
,,,,,GCA_900101345,
160637,"J.5.4.2-L.4.2.8, J.5.4.2-L4.2.8","DSM 107105, NBRC 113990",1,Desulfolutivibrio sulfoxidireducens,2661838.3,15-37
,,,,,CP045508,
,,,,,GCA_013376475,
4034,Z-7935,DSM 9292,1,Desulfonatronovibrio hydrogenovorans,1121413.3,15-43
,,,,,2563366506,
,,,,,GCA_000686525,
4031,,"DSM 18488, JCM 14042, MSL 86",1,Desulfopila aestuarii,1121416.3,Oct-40
,,,,,1121416.5,
,,,,,2582581262,
,,,,,GCA_900143695,
,,,,,GCA_945863875,
4032,JS_SRB250Lac,"DSM 19738, NBRC 103921",1,Desulfopila inferna,468528.3,Oct-35
,,,,,GCA_016919005,
4021,ltk 10,DSM 9700,1,Desulforhopalus vacuolatus,40414.3,15
,,,,,GCA_016918505,
4001,PropA,"DSM 17721, VKM B-2385",1,Desulfosalsimonas propionicica,2861192947,15-40
,,,,,332175.3,
,,,,,GCA_013761005,
140361,PL12,"DSM 103901, JCM 31728",1,Desulfosarcina alkanivorans,571177.3,18-37
,,,,,GCA_009688945,
159613,28bB2T,"DSM 23484, NBRC 106234",0,Desulfosarcina ovata subsp. sediminis,AP021876,17-37
,,,,,AP021877,
,,,,,AP021878,
,,,,,GCA_009688985,
140360,PP31,"DSM 103921, JCM 31729",1,Desulfosarcina widdelii,2883713342,20-37
,,,,,947919.4,
,,,,,GCA_009688965,
140297,63.6F,"DSM 101609, JCM 31106",1,Desulfosporosinus fructosivorans,GCA_004766045,20-Oct
,,,,,,15
,,,,,,18
,,,,,,20
11780,343,"DSM 8344, VKM B-2003",1,Desulfosporosinus hippei,1121419.3,May-37
,,,,,2675903225,
,,,,,GCA_900100785,
140295,59.4F,"DSM 101562, JCM 31104",0,Desulfosporosinus nitroreducens,GCA_023897015,18
4030,LSv54,DSM 12343,1,Desulfotalea psychrophila,177439.6,-20.8
,,,,,637000094,10
,,,,,GCA_000025945,8
4167,"JS, JS1","DSM 19430, JCM 14597, KCTC 5573",1,Desulfovibrio psychrotolerans,415242.3,Oct-50
,,,,,GCA_013340305,
132457,TR1,"DSM 29984, JCM 30680",1,Desulfurella amilsii,GCA_002119425,20-52
133400,MLFW-2,"DSM 28709, JCM 30866, ATCC PTA-120556",1,Desulfuribacillus stibiiarsenatis,2751185656,Oct-43
,,,,,GCA_001742305,
132452,SPR,"DSM 100305, JCM 30857",1,Dethiosulfatarculus sandiegensis,2627853875,15-45
,,,,,GCA_000931935,
17983,C/G2,"DSM 17477, JCM 13356, NBRC 101112",1,Dethiosulfatibacter aminovorans,1121476.3,15-37
,,,,,2585428150,
,,,,,GCA_900142005,
6170,,"DSM 24953, CCM 7426, MTCC 8593, IPL 18",1,Devosia chinhatensis,429727.3,May-40
133408,S37,"TBRC 5145, LMG 29420",1,Devosia elaeis,2841880164,Oct-45
,,,,,GCA_001650025,
164309,IO390501,"JCM 32636, CCTCC AB 2018070, CGMCC 1.13555",1,Devosia indica,GCA_003056405,20-30
,,,,,PYVZ00000000.1,Apr-45
6167,DS-56,"DSM 17955, KCTC 12821",1,Devosia insulae,1116389.3,31-Oct
,,,,,2636415773,
,,,,,GCA_000970465,
164276,CM5-1,"JCM 32509, CGMCC 1.13553",1,Devosia naphthalenivorans,GCA_003056355,30-May
6173,Cr7-05,"DSM 22950, CGMCC 1.10210, CIP 110130",1,Devosia psychrophila,2617270931,20-Jan
,,,,,2627853832,15
,,,,,728005.4,
,,,,,GCA_000971275,
,,,,,GCA_900112505,
6168,HST3-14,"DSM 23447, JCM 14206, KCTC 12772, CGMCC 1.10441",1,Devosia soli,2830079415,20-42
,,,,,395930.6,
,,,,,GCA_014197055,
133922,,"NRIC 0884, JCM 18935, KMM 9415",1,Devosia submarina,1173082.4,May-38
,,,,,2848589509,
,,,,,GCA_003056345,
2957,RF3,"DSM 22780, KCTC 22225, LMG 24467",1,Diaphorobacter oryzae,2574179700,Jul-35
166540,Uno16,"NBRC 113154, BCRC 81115",1,Dictyobacter alpinus,2014873.3,Nov-37
,,,,,2837722614,20-30
,,,,,GCA_003967575,
140692,S-27,"NBRC 109595, InaCC B312",1,Dictyobacter aurantiacus,1936993.3,20-37
,,,,,GCA_003967515,
166541,Uno11,"NBRC 113153, LMG 30472, BCRC 81114",1,Dictyobacter kobayashii,2014872.3,20-30
,,,,,2848425531,20-37
,,,,,GCA_003967555,
4258,K30-10,"DSM 44907, JCM 13325, MTCC 7007, CCUG 54952, BCRC 16834, CIP 109330, NBRC 105042, NCIMB 14304",1,Dietzia kunjamensis subsp. kunjamensis,2728369259,20-37
,,,,,322509.3,
,,,,,GCA_003610395,
4261,,"DSM 45139, CCTCC AA 207015, JCM 16003, YIM 65001",1,Dietzia kunjamensis subsp. schimae,2724679793,Oct-45
,,,,,498198.3,
,,,,,GCA_900182685,
4241,AUCNM-A-593,"DSM 43672, ATCC 35013, AUCNM A-593, CIP 104188, IFO 15801, JCM 6166, NBRC 15801, VKM Ac-593, CCUG 44488, NCIMB 11744, IMV 195, CECT 4617, IFO 15529, IMSNU 21250, KCTC 9950, LMG 5361, NBRC 15529, NRRL B-16941, PCM 2292",1,Dietzia maris,2834342532,Oct-37
,,,,,37915.4,
,,,,,GCA_001630765,
4263,ID05-A0528,"DSM 45568, BTCC B-560, JCM 18295, NBRC 104184",1,Dietzia timorensis,2744054500,Oct-37
,,,,,GCA_001651825,
,,,,,GCA_001659785,
132486,DHOA34,"DSM 100059, CGMCC 1.15023, KCTC 42632",1,Dinghuibacter silviterrae,1539049.3,16-37
,,,,,2788499880,
,,,,,GCA_004366355,
13662,,"DSM 16493, DFL 12",1,Dinoroseobacter shibae,2501004205,15-38
,,,,,398580.3,
,,,,,398580.31,
,,,,,398580.32,
,,,,,398580.33,
,,,,,398580.34,
,,,,,GCA_000018145,
133856,LM2-5,"CGMCC 1.7659, JCM 15763",1,Dokdonella immobilis,2667527410,16-37
,,,,,578942.3,
,,,,,GCA_900115085,
17450,DS-123,"DSM 17203, KCTC 12396",1,Dokdonella koreensis,1300342.5,Oct-39
,,,,,2687453174,
,,,,,GCA_001632775,
5505,DSW-1,"DSM 17200, KCTC 12391, CIP 109306",1,Dokdonia donghaensis,1300343.3,Apr-35
,,,,,1300343.5,
,,,,,2627853639,
,,,,,GCA_000769435,
,,,,,GCA_001653755,
167968,SH27,"MCCC 1H00358, KCTC 62962, CCTCC AB 2018323",1,Dokdonia sinensis,GCA_003688895,15-37
24015,PR095,DSM 26625,0,Dokdonia sp.,1239415.5,30-Oct
169638,"Hel_I_63, Hel1_63",DSM 29407,0,Dokdonia sp.,1249996.3,12
,,,,,GCA_007827285,
229,2991-95,"DSM 15742, ATCC BAA-56, CCM 4936, CIP 106314, CCUG 39307",1,Dolosicoccus paucivorans,2622736585,10
,,,,,84521.3,
,,,,,GCA_900100125,
135725,"R-91/1468, R91/1468","CIP 104051, ATCC 51524, IFO 15550, NCFB 2975, LMG 19521, KCTC 15002, CCUG 33392, LMG 15126, NBRC 15550, NCIMB 702975",1,Dolosigranulum pigrum,2513237341,10
,,,,,883103.3,
,,,,,GCA_000245815,
141063,XD80,"CCTCC AB 2015053, KCTC 33636, DSM 104295",1,Domibacillus antri,1714264.4,15-42
,,,,,2788500367,
,,,,,GCA_001936625,
140688,,"KCTC 33830, MTCC 12575, DSM 100929, SAB 38, JCM 32632",1,Domibacillus epiphyticus,GCA_001975785,20-45
132389,S6,"DSM 29979, CCTCC AB 2015183",1,Domibacillus iocasae,1714016.4,Oct-45
,,,,,2791354958,
,,,,,GCA_001750285,
140687,,"KCTC 33820, MTCC 12571, DSM 100930, SAOS 44, JCM 32631",1,Domibacillus mangrovi,GCA_001906925,15-40
22934,"WS 4628, isolate G 6512, WS 4628, isolate G 6512","DSM 25058, LMG 26645",1,Domibacillus robiginosus,GCA_000966195,13-45
24510,SW-277,"DSM 29127, JCM 13604, KCTC 12735, CIP 109518",1,Donghicola eburneus,2684622851,Oct-42
,,,,,393278.4,
,,,,,GCA_900115865,
133612,LM22,"CGMCC 1.7660, JCM 15798, BCRC 80546",1,Dongia mobilis,2667527396,20-40
,,,,,578943.3,
,,,,,GCA_004363235,
164191,DM2,"JCM 32096, BCRC 81069",1,Dongshaea marina,GCA_003072645,15-35
,,,,,,10-Apr
166326,FT93W,"GDMCC 1.1683, KACC 21475",1,Duganella fentianensis,2915260304,Apr-34
,,,,,GCA_009857835,
141131,,"KCTC 42409, JCM 30745, DCY 83",1,Massilia ginsengisoli,1462440.3,Apr-40
,,,,,2915254074,
,,,,,GCA_009720865,
166327,CY13W,"GDMCC 1.1669, KACC 21461",1,Duganella qianjiadongensis,GCA_009857915,Apr-34
133834,Sac-41,"KCTC 22382, NCIMB 14476",1,Duganella radicis,551988.3,15-37
,,,,,GCA_009720825,
133833,Sac-22,"KCTC 22381, NCIMB 14475",1,Duganella sacchari,2651870174,20-37
,,,,,GCA_900143065,
158327,,"DSM 106972, PCC 7102, SAG 35.79, ATCC 27901",0,Dulcicalothrix desertica,232991.3,18
,,,,,232991.5,
,,,,,2509887024,
,,,,,GCA_003991905,
,,,,,GCA_007830875,
3780,12116,"DSM 23607, CCTCC AB 207176, NRRL B-51268",1,Dyadobacter alkalitolerans,1121481.4,30-Apr
,,,,,2524023163,
,,,,,GCA_000428845,
132146,R-S7-29,"DSM 102865, CCTCC AB 2011022, NRRL B-59659",1,Dyadobacter arcticus,1078754.3,20
,,,,,2828453682,
,,,,,GCA_011762185,
23879,A54,"DSM 21582, CGMCC 1.6375, JCM 14200, CIP 109570",1,Dyadobacter beijingensis,1121482.3,Apr-35
,,,,,2522125168,
,,,,,365489.3,
,,,,,GCA_000382205,
,,,,,GCA_014645155,
3777,"CP 183-8, CP183-8","DSM 16708, ATCC BAA-1036, KCTC 23639, CIP 109009, VTT E-072669",1,Dyadobacter crusticola,1121483.3,30-May
,,,,,2561511040,5.0-30
,,,,,GCA_000701505,
132636,65,"DSM 100786, CGMCC 1.15288",1,Dyadobacter endophyticus,1749036.3,20-45
,,,,,GCA_014641595,
3776,"NS 114, NS114","DSM 18053, ATCC 700827, CIP 107007, KCTC 52180",1,Dyadobacter fermentans,471854.5,15
,,,,,644736356,15-37
,,,,,GCA_000023125,4
,,,,,,5
168496,NS28,"MCCC 1K03764, NBRC 113854",1,Dyadobacter flavalbus,GCA_006149045,Oct-35
,,,,,VBSN00000000,
167837,AR-3-8,"NBRC 113791, KACC 21173, KEMB 9005-744",1,Dyadobacter frigoris,GCA_005280585,0-30
,,,,,SZVO00000000,15-20
3778,,"DSM 21015, KCTC 12589, LMG 23409, Gsoil 043",1,Dyadobacter ginsengisoli,2574179707,30-Apr
130271,AM1R11,"DSM 100346, JCM 17918, KACC 16446",1,Dyadobacter jejuensis,1082580.3,15-37
,,,,,2731639220,
,,,,,GCA_003149085,
3779,WPCB 159,"DSM 19938, KCTC 12537, NBRC 101116",1,Dyadobacter koreensis,2622736476,30-Apr
,,,,,408657.4,
,,,,,GCA_900108855,
164417,RS19,"JCM 32940, ACCC 60381, CGMCC 1.13719",1,Dyadobacter luteus,2839216549,Jan-37
,,,,,GCA_003383615,15-30
166429,T17,"KCTC 52981, CCTCC AB 2017091",1,Dyadobacter luticola,GCA_005860805,Oct-32
3782,BZ26,"DSM 22270, CGMCC 1.8951, KCTC 23640, CIP 110129",1,Dyadobacter psychrophilus,2595698219,30-Jan
,,,,,651661.3,15-Oct
,,,,,GCA_900167945,20
167791,AR-3-6,"KEMB 9005-743, KACC 21172, NBRC 113790",1,Dyadobacter psychrotolerans,GCA_004349265,0-30.0
,,,,,SMFL00000000,15-20
23880,MJ20,"DSM 25329, JCM 16232, KCTC 22481",1,Dyadobacter soli,2619619010,15-30
,,,,,659014.3,
,,,,,GCA_900101885,
134005,Y620-1,"JCM 18589, CGMCC 1.12215",1,Dyadobacter tibetensis,1434325.3,Apr-35
,,,,,2585427797,
,,,,,GCA_000566685,
141034,DHOB09,"CGMCC 1.15434, LMG 29202",1,Dyella caseinilytica,1849581.3,Oct-42
,,,,,GCA_014642815,
,,,,,GCA_016865235,
166486,4 M-K27,"GDMCC 1.1189, LMG 30267",1,Dyella choica,GCA_003977665,Dec-37
166487,DHOA06,"KCTC 52129, NBRC 111978",1,Dyella dinghuensis,2884429793,Dec-37
,,,,,GCA_003977615,
141035,DHOC52,"NBRC 111979, KCTC 52128",1,Dyella flava,GCA_016904955,Oct-42
17453,XD53,"DSM 16301, ATCC BAA-939, IAM 15069, CCUG 58062, JCM 21530, NBRC 102414",1,Dyella japonica,1440762.4,Oct-37
,,,,,2639762820,
,,,,,GCA_001010355,
24670,SBZ3-12,"DSM 26119, CCTCC AB 2012160, KACC 16539",1,Dyella jiangningensis,GCA_000632805,Oct-37
,,,,,GCA_900100425,
141036,DHON07,"CGMCC 1.15400, NBRC 111475",1,Dyella mobilis,GCA_016904945,Oct-37
166465,4 G-K06,"LMG 30268, GDMCC 1.1188",1,Dyella monticola,GCA_003363155,Oct-37
166464,4MSK11,"KCTC 62280, GDMCC 1.1185",1,Dyella psychrodurans,2894698865,Apr-42
,,,,,GCA_003363265,
17457,JS12-10,"DSM 23154, JCM 15423, KACC 12747",1,Dyella soli,522319.3,Oct-35
,,,,,GCA_004336905,
17458,JS14-6,"DSM 23153, JCM 15424, KACC 12748",1,Dyella terrae,2894703127,Oct-35
,,,,,522259.3,
,,,,,GCA_004322705,
12516,,"DSM 22835, CCUG 17996, CIP 107043, LMG 11519, JCM 16697, CDC F9047",1,Dysgonomonas capnocytophagoides,1121485.3,15
,,,,,2526164513,
,,,,,GCA_000426485,
12515,,"DSM 22811, ATCC BAA-286, CCUG 42882, CIP 106420, JCM 16698",1,Dysgonomonas gadei,GCA_000213555,15
17719,,"DSM 19836, KCTC 12368, KMM 6172, LMG 23350",1,Echinicola pacifica,1121859.3,Jun-41
,,,,,2515154083,Jun-41
,,,,,346377.3,
,,,,,GCA_000373245,
,,,,,GCA_014651455,
140501,JL3085,"NBRC 111782, CGMCC 1.15407",1,Echinicola rosea,1807691.4,Apr-50
,,,,,2836705604,
,,,,,GCA_005281475,
,,,,,GCA_014642715,
133368,,"MEBiC 08714, KCTC 52052, JCM 31307",1,Echinicola strongylocentroti,1795355.3,20.0-35.0
,,,,,GCA_003260975,
17718,,"DSM 17526, CIP 109902, LMG 23754, KMM 6221",1,Echinicola vietnamensis,2509276020,Jun-44
,,,,,926556.3,Jun-44
,,,,,GCA_000325705,
140755,4G-K17,"CGMCC 1.15447, LMG 29212",1,Edaphobacter acidisoli,2040573.3,Oct-42
,,,,,GCA_014642855,
,,,,,GCA_025685745,
133,Wbg-1,"DSM 19364, ATCC BAA-1497",1,Edaphobacter aggregans,1121860.3,15
,,,,,2571042012,15-25
,,,,,GCA_000745965,
159869,4MSH08,"GDMCC 1.1317, KCTC 62475",1,Edaphobacter bradus,GCA_025685645,Oct-37
132350,DHF9,"DSM 29920, CGMCC 1.12997",1,Edaphobacter dinghuensis,1560005.4,Oct-33
,,,,,GCA_014640335,
,,,,,GCA_025685705,
158304,,"DSM 104462, SBC 68, VKM B-3208",1,Tunturiibacter lichenicola,2051959.1,20-30
,,,,,GCA_025264645,Jul-37
132,Jbg-1,"DSM 18101, ATCC BAA-1329",1,Edaphobacter modestus,2816332117,15
,,,,,388466.3,
,,,,,GCA_004217555,
166115,HME-24,"KCTC 62977, CGMCC 1.13935",1,Edaphocola flava,2881955468,15-37
,,,,,GCA_004118155,
4357,Feb-78,"DSM 13771, ATCC 33379, CIP 78.56, JCM 1679, NCTC 12121, CCUG 14800, NBRC 105699",1,Edwardsiella hoshinae,1216966.6,10
,,,,,2563367140,5
,,,,,2851255004,
,,,,,93378.6,
,,,,,93378.7,
,,,,,GCA_000474215,
,,,,,GCA_900447315,
4356,"GA 77-52, 1976-78","CCUG 18764, CECT 885, DSM 13697, ATCC 33202, CDC 1976-78, JCM 16934, JCM 1680, CGMCC 1.1873, CIP 81.96, KCTC 12264, LMG 7860, NBRC 105724, NCIMB 13272, NCTC 12122",1,Edwardsiella ictaluri,1027360.4,15
,,,,,2547132403,
,,,,,2850123092,
,,,,,67780.22,
,,,,,GCA_000264785,
,,,,,GCA_900447225,
141116,,"CGMCC 1.14988, KCTC 33612, EGI 80432, JCM 33036",1,Egicoccus halophilus,1670830.4,20-40
,,,,,GCA_004300825,
,,,,,GCA_014640475,
10458,333/54-55,"DSM 8340, ATCC 23834, KCTC 15198, CCUG 2138, JCM 12952, CIP 70.75, LMG 15557, LMG 3978, LMG 7827, NCTC 10596",1,Eikenella corrodens,2823405847,15
,,,,,539.195,5
,,,,,539.196,
,,,,,539.197,
,,,,,539.198,
,,,,,539.2,
,,,,,546274.4,
,,,,,643886208,
,,,,,GCA_000158615,
,,,,,GCA_900187105,
3788,"Fx a2, NZ-1","DSM 3317, ATCC 23112, IAM 14319, IFO 15055, NBRC 15055, JCM 21159, ATCC 19594, ATCC 23180, CIP 104801, LMG 10750, LMG 3988, NCIMB 1385",1,Eisenibacter elegans,1121902.6,15
,,,,,2524614599,5
,,,,,GCA_000430505,
3833,BiosLi/39,"DSM 19307, CIP 109600, OOB 398, BiosLi 39",1,Ekhidna lutea,2687453772,20-37
,,,,,447679.3,
,,,,,GCA_900188325,
5507,W3-B1,"CCUG 58416, JCM 11413, DSM 14571, CIP 108250, GTC 862, KCTC 12492, BCRC 17371",1,Elizabethkingia miricola,172045.52,15-37
,,,,,172045.68,5
,,,,,2593339301,
,,,,,GCA_008124555,
,,,,,GCA_900092045,
140756,TH019,"CGMCC 1.15802, LMG 29721",1,Elstera cyanobacteriorum,2022747.4,20-37
,,,,,GCA_002251735,
,,,,,GCA_014643715,
14027,"Dia-1, Nil","DSM 19532, LMG 24234",1,Elstera litoralis,2636416186,25-Oct
,,,,,GCA_000963705,
16401,KM-4927,"DSM 41855, CIP 108319, JCM 11712, NRRL B-24202, NBRC 100760",1,Embleya scabrispora,1123320.3,10
,,,,,2515154197,18-36
,,,,,GCA_000372745,
159732,ZYL,"KCTC 62328, JCM 32378, MCCC 1K03526",1,Paremcibacter congregatus,2786546679,30-Apr
,,,,,GCA_002740695,
,,,,,GCA_006385135,
166207,MRS2,"KCTC 62904, NBRC 113550",1,Empedobacter tilapiae,2890122093,10
,,,,,GCA_004785645,15-35
164447,17J42-9,"JCM 33056, KCTC 62270",1,Emticicia agri,GCA_004168285,Oct-37
168208,THG-DN6.14,"KACC 18540, CGMCC 1.15958",1,Emticicia aquatilis,GCA_014644295,Apr-42
3783,GPTSA100-15,"DSM 17448, CIP 109782, MTCC 6937",1,Emticicia oligotrophica,2506485001,15-42
,,,,,929562.1,
,,,,,929562.3,
,,,,,929562.6,
,,,,,929562.7,
,,,,,929562.8,
,,,,,929562.9,
,,,,,GCA_000263195,
133844,"M1MS02, MIMS02","LMG 26838, CECT 8088, CIP 110365",1,Endobacter medicaginis,1181271.4,20-37
,,,,,1181271.5,
,,,,,2824439340,
,,,,,GCA_013376135,
,,,,,GCA_014192375,
,,,,,GCA_026341395,
140757,Acr-14,"BCRC 80922, LMG 29482, KCTC 42901",1,Endozoicomonas acroporae,2839589109,20-30
,,,,,GCA_002864045,
134023,EF212,"NCCB 100458, DSM 26535",1,Endozoicomonas euniceicola,GCA_025562755,15-30
134024,PS125,"NCCB 100438, CECT 8353",1,Endozoicomonas gorgoniicola,GCA_025562715,15-30
133557,CL-33,"LMG 24815, BCRC 17933",1,Endozoicomonas montiporae,1027273.5,15-35
,,,,,2574179789,
,,,,,2687453173,
,,,,,570277.3,
,,,,,GCA_000722565,
,,,,,GCA_001583435,
23035,HC50,"DSM 25634, NBRC 108893",1,Endozoicomonas numazuensis,1137799.5,15-37
,,,,,2574179790,
,,,,,GCA_000722635,
13548,,"DSM 5851, ATCC 35423, LMG 6217, USDA 205, CCUG 27877, JCM 20967, HAMBI 2075, IAM 13625, ICMP 11139, IFO 14780, NBRC 14780, NCIMB 12104, NRRL B-14241, NRRL B-14594, OUT 30005, CIP 107333, ORS 669T",1,Ensifer fredii,380.55,10
,,,,,GCA_006539605,
13546,3D0a2,"DSM 30135, ATCC 9930, CCUG 27879, LMG 6133, JCM 20682, CFBP 5561, HAMBI 2148, IAM 12611, ICMP 12623, IFO 14782, NBRC 14782, NCAIM B.01520, NRRL L-45, NZP 4027, OUT 30010, USDA 1002, CIP 107332, ORS 665T",1,Ensifer meliloti,382.1072,10
,,,,,GCA_006539625,
13551,,"DSM 11273, LMG 7837, ORS 609, CIP 107336, ATCC 51690, ORS 609T",1,Ensifer saheli,2751185839,10
,,,,,36856.3,
,,,,,GCA_001651875,
7794,,"DSM 24083, JCM 17352, YIM 100590",1,Enteractinococcus coprophilus,1027633.3,Oct-37
,,,,,2816332111,
,,,,,GCA_006716305,
7793,"G-5, G5","DSM 22966, MTCC 9846, JCM 17931",1,Enteractinococcus fodinae,2923486541,15-37
4374,,"DSM 17506, ATCC 35953, CCUG 25714, CDC 1497-78, CIP 103358, JCM 6051, NCTC 12123, CCUG 25588, HUT 8116, KCTC 23920, NBRC 109912, CCM 8619",1,Enterobacter asburiae,1298604.3,Oct-41
,,,,,2734481909,5
,,,,,61645.133,
,,,,,61645.134,
,,,,,61645.135,
,,,,,61645.136,
,,,,,61645.169,
,,,,,61645.358,
,,,,,61645.86,
,,,,,GCA_001312605,
4375,A-1,"DSM 17580, ATCC 33241, CCM 2421, LMG 2693, NCPPB 2176, CCUG 25231, PDDCC 5706, CIP 103787",1,Enterobacter cancerogenus,69218.16,Oct-41
,,,,,69218.48,5
,,,,,GCA_900185905,
166451,"GDMCC1.1427, 90028","CCTCC AB 2018173, CNCTC 7649",1,Enterobacter chuandaensis,GCA_003594915,Apr-42
4373,,"DSM 30054, ATCC 13047, CIP 60.85, IFO 13535, NBRC 13535, NCTC 10005, WDCM 00083, NCDC 279-56, JCM 1232, ACM 1975, BCRC 10401, CCUG 28448, CCUG 29301, CCUG 6323, CDC 442-68, CECT 194, HAMBI 1295, HAMBI 96, HUT 8108, IAM 12349, KCTC 2361, LMG 2783, NCIMB 10101, VTT E-84198",1,Enterobacter cloacae subsp. cloacae,134375.18,Oct-41
,,,,,2627854262,5
,,,,,2663762965,
,,,,,550.1096,
,,,,,550.124,
,,,,,550.1674,
,,,,,550.2797,
,,,,,550.3089,
,,,,,646564529,
,,,,,716541.4,
4371,"W-4, 8122-86","DSM 16657, ATCC 23373, CIP 105586, ICMP 1570, NCPPB 1850, NRRL B-154, CCUG 25230, LMG 2683, JCM 6049, ICPB ED 105, ICPB 1570",1,Enterobacter cloacae subsp. dissolvens,69219.9,Oct-41
,,,,,GCA_009660455,5
170909,E1,"DSM 111347, LMG 31875",1,Enterobacter dykesii,GCA_008364625,Oct-43
,,,,,VTTY00000000,
4368,992-77,"DSM 12409, ATCC 49162, CCUG 26642, CCUG 27126, CIP 103441, CCM 8620",1,Enterobacter hormaechei subsp. hormaechei,158836.1173,Oct-41
,,,,,2916426963,5
,,,,,651324029,
,,,,,888063.3,
,,,,,888063.8,
,,,,,GCA_000213995,
,,,,,GCA_001875655,
131087,EN-314,"DSM 16687, CCM 8660, CCUG 53905, CIP 108490",1,Enterobacter hormaechei subsp. oharae,2721755540,Oct-41
,,,,,301102.37,5
,,,,,301102.8,
,,,,,301102.81,
,,,,,301102.82,
,,,,,301102.83,
,,,,,GCA_001729705,
131104,EN-562,"DSM 16691, CCM 8661, CCUG 53904, CIP 108489",1,Enterobacter hormaechei subsp. steigerwaltii,158836.1172,Oct-41
,,,,,2721755484,5
,,,,,299766.39,
,,,,,GCA_001729725,
166452,"GDMCC1.1426, 90008","CCTCC AB 2018174, CNCTC 7648",1,Enterobacter huaxiensis,GCA_003594935,Apr-40
131083,,"DSM 13645, CCUG 49023, JCM 8580, NIH 1485-79, ATCC BAA-260, CIP 105566, DSM 27110, VTT E-052846",1,Enterobacter kobei,208224.12,Oct-41
,,,,,208224.15,5
,,,,,208224.167,
,,,,,208224.25,
,,,,,2721755753,
,,,,,2916417672,
,,,,,GCA_001729765,
,,,,,GCA_001940295,
,,,,,GCA_018323985,
,,,,,GCA_900156385,
4372,EN-119,"CCUG 51323, DSM 16688, CCM 8602, CIP 108491, KCTC 23921",1,Enterobacter ludwigii,2636415448,Oct-41
,,,,,2718218030,5
,,,,,299767.2,
,,,,,299767.3,
,,,,,GCA_000818595,
,,,,,GCA_001750725,
170910,E13,"DSM 110788, LMG 31764",1,Enterobacter vonholyi,GCA_008364555,Aug-46
,,,,,VTUC00000000,
133990,L34,"CCM 8433, LMG 27164, DSM 107709",1,Enterococcus alcedinis,1274384.3,15-42
,,,,,1274384.4,
,,,,,2913599697,
,,,,,GCA_014635985,
,,,,,GCA_017874975,
5334,,"DSM 11492, CCUG 44928, CIP 108239, AS 2",1,Enterococcus asini,57732.3,10
,,,,,GCA_001885725,
5270,"E6844, W17","DSM 20679, ATCC 14025, NCDO 2369, NCTC 9938, CCUG 7983, JCM 8722, BCRC 10801, BCRC 14728, CCM 4049, CECT 968, CIP 103019, LMG 10744, NBRC 100477, NCIMB 702369, VKM B-1673, VTT E-97804, IMET 3257",1,Enterococcus avium,1140002.3,Oct-41
,,,,,1140002.4,
,,,,,2541047449,
,,,,,2545824652,
,,,,,33945.1,
,,,,,33945.4,
,,,,,GCA_000406965,
,,,,,GCA_000407245,
,,,,,GCA_001885775,
,,,,,GCA_900447655,
5343,,"DSM 17029, CCUG 46666, CIP 108093, LMG 12316, NBRC 100695",1,Enterococcus canis,1349765.3,10
,,,,,214095.3,
,,,,,2681813000,
,,,,,GCA_001544375,
,,,,,GCA_001885805,
5276,"20, W 99","DSM 20680, ATCC 25788, CCM 2478, NCDO 2372, NCIB 11449, CCUG 18657, NCTC 12361, JCM 8723, CECT 969, CGMCC 1.9124, CIP 103018, KCTC 3638, LMG 10745, NBRC 100478, NCIMB 11449, NRRL B-3502, VTT E-97775",1,Enterococcus casseliflavus,1218087.3,Oct-45
,,,,,2731957559,
,,,,,37734.14,
,,,,,37734.151,
,,,,,37734.39,
,,,,,GCA_001544095,
,,,,,GCA_001885845,
,,,,,GCA_900447665,
5272,CA 2,"DSM 7370, ATCC 49996, CCM 4239, CCUG 30567, CIP 103525, CCM 439",0,Enterococcus casseliflavus,1158603.3,10
,,,,,1158603.5,
,,,,,2545824673,
,,,,,2558860903,
,,,,,37734.149,
,,,,,GCA_000393915,
,,,,,GCA_000407405,
5328,,"DSM 7374, ATCC 51263, NCIMB 13013, CCUG 27894, STR 345, CIP 103675, LMG 11740",1,Enterococcus columbae,1121865.3,10
,,,,,1121865.4,
,,,,,1121865.5,
,,,,,1121865.7,
,,,,,2515154086,
,,,,,2541047448,
,,,,,2541047998,
,,,,,GCA_000373065,
,,,,,GCA_000406925,
,,,,,GCA_000407225,
140476,ETRF1,"LMG 28312, CCUG 65857",1,Enterococcus crotali,GCA_000633635,10
5348,"L. Devriese M 52, M 52","DSM 22802, CCM 7299, CCUG 37865, LMG 14595, CIP 109076",1,Enterococcus devriesei,319970.3,Apr-41
,,,,,GCA_001885905,
24004,ORL-24,"DSM 29072, JCM 18359, KACC 16708",1,Enterococcus diestrammenae,1155073.5,Oct-37
,,,,,2901213754,
5278,"98 D, D3","DSM 20633, ATCC 19432, CCM 5612, NCDO 596, NCTC 8307, JCM 8725, BCRC 10790, CCUG 7972, CECT 411, CGMCC 1.2284, CIP 55.125, LMG 10746, LMG 12691, NBRC 100479, NCAIM B.02010, NCIMB 700596, VTT E-97805",1,Enterococcus durans,1218088.3,Oct-45
,,,,,2731957564,
,,,,,53345.186,
,,,,,GCA_001544215,
5292,Tissier,"DSM 20478, ATCC 19433, NCDO 581, NCIB 775, NCTC 775, WDCM 00009, CCUG 19916, JCM 8726, JCM 5803, BCRC 10066, CCM 7000, CECT 481, CGMCC 1.2135, CIP 103015, HAMBI 1711, KCTC 3206, KCTC 3512, LMG 7937, NBIMCC 3360, NBRC 100480, NBRC 100481, NCAIM B.01312, NCIMB 775, VTT E-93203",1,Enterococcus faecalis,1169286.3,Oct-45
,,,,,1218089.3,
,,,,,1351.123,
,,,,,1351.3961,
,,,,,2558860282,
,,,,,2731957565,
,,,,,GCA_000392875,
,,,,,GCA_001544235,
,,,,,GCA_015311765,
,,,,,GCA_900447895,
5279,Portland,"DSM 2570, ATCC 29212, WDCM 00087, CCUG 9997, NCTC 12697, LMG 8146, JCM 7783, BCRC 10789, CCM 4224, CECT 795, CIP 103214, JCM 2875, KCTC 2011, NBRC 100482, NCAIM B.01881, NCCB 100299, NCCB 90047, NCCB 93062, NCIMB 13280, LMG 8222",0,Enterococcus faecalis,1201292.1,Oct-45
,,,,,1201292.11,
,,,,,1201292.12,
,,,,,1201292.13,
,,,,,1201292.14,
,,,,,1201292.15,
,,,,,1201292.16,
,,,,,1201292.21,
,,,,,1201292.22,
,,,,,1201292.3,
5284,NJ-3,"DSM 12956, ATCC 51299, WDCM 00085, CCUG 34289, CIP 104676, LMG 16216, CCM 4647, WDCM 00152, CECT 8120, NCTC 13379",0,Enterococcus faecalis,1351.114,Oct-45
,,,,,2636415664,
,,,,,GCA_000772515,
5301,,"DSM 20477, ATCC 19434, NCDO 942, NCTC 7171, WDCM 00010, CCUG 542, LMG 8149, LMG 11423, CCM 7167, JCM 5804, BCRC 10067, CECT 410, CFBP 4248, CGMCC 1.2136, CIP 103014, HAMBI 1710, JCM 8727, NBRC 100485, NBRC 100486, NCIMB 11508, VTT E-93204",1,Enterococcus faecium,1218090.3,Oct-45
,,,,,1352.4067,
,,,,,2731957566,
,,,,,2916553101,
,,,,,GCA_001544255,
,,,,,GCA_026953455,
,,,,,GCA_900447735,
139460,,"CIP 106876, NCTC 13169, WDCM 00178, CCM 7800, CECT 8293, DSM 109923, WR 63",0,Enterococcus faecium,1352.407,Oct-45
,,,,,GCA_900447945,
166174,Gos25-1,"CIP 110956, LMG 29007, NBRC 111461, TISTR 2382",1,Enterococcus florum,GCA_004309355,Oct-45
,,,,,,8
5314,"F87/276, PB21","DSM 24841, ATCC 49573, JCM 8728, CCUG 18658, NCTC 12359, NCDO 2313, BCRC 15477, CCM 4054, CECT 970, CGMCC 1.2517, CGMCC 1.9125, CIP 103013, DSM 20628, LMG 13129, NBRC 100675, NCIMB 702313, NCTC 11428, VTT E-97776, LMG 11207",1,Enterococcus gallinarum,1218091.3,10
,,,,,1353.11,
,,,,,1353.41,
,,,,,2731957567,
,,,,,GCA_001544275,
,,,,,GCA_001886155,
,,,,,GCA_900447935,
137163,"PB18, LRA 086 10 84","CIP 103692, ATCC 49608, NCDO 2311, NCTC 12360",0,Enterococcus gallinarum,1353.176,10
,,,,,1353.42,
,,,,,GCA_900461195,
5337,PQ1,"DSM 15689, ATCC BAA-350, CCUG 45553, CIP 107662, CCM 7168, NBRC 100696",1,Enterococcus gilvus,160453.3,10
,,,,,GCA_001885915,
5341,"Svec 440, 440","CCUG 45916, DSM 15920, CCM 4851, LMG 19487, CIP 107129",1,Enterococcus haemoperoxidus,155618.3,Oct-37
,,,,,GCA_001885985,
5344,,"DSM 17122, CCUG 48100, CIP 108559, LMG 12317",1,Enterococcus hermanniensis,249189.3,Oct-37
,,,,,GCA_001885945,13.5
5316,,"DSM 20160, ATCC 8043, CCM 2423, CCUG 18659, CIP 53.48, CIP 82.112, JCM 8729, LMG 6399, NCDO 1258, NCIMB 6459, WDCM 00089, ATCC 9790, BCRC 11054, BCRC 12496, BCRC 80016, CCUG 1332, CCUG 19917, CECT 279, CECT 294, CECT 302, CFBP 4250, CGMCC 1.2140, HAMBI 1709, HAMBI 644, IAM 1262, IFO 3181, KCTC 2022, KCTC 3616, NBRC 3181, NCCB 46070, NCCB 58005, NCIMB 8123, NCIMB 8191, NCTC 12367, VKM B-2107, VTT E-97046, NCDO 997, NCTC 6459",1,Enterococcus hirae,1354.212,Oct-45
,,,,,1354.25,
,,,,,1354.364,
,,,,,2521172711,
,,,,,2545824653,
,,,,,2558860905,
,,,,,768486.1,
,,,,,768486.11,
,,,,,768486.24,
,,,,,768486.3,
5315,M 19,"CCUG 32258, NCIMB 8192, CCM 4533, DSM 3320, ATCC 10541, CIP 58.55, NCIB 8192, WDCM 00011, NBRC 113010, LMG 10274, CECT 4081, NCTC 13383",0,Enterococcus hirae,1354.358,Oct-45
5342,TP 1.5,"DSM 15952, CCUG 50447, LMG 22039, CIP 108583",1,Enterococcus italicus,649989943,10
,,,,,888064.11,Oct-45
,,,,,888064.3,
,,,,,GCA_000185365,
,,,,,GCA_001885995,
5362,BT159,"DSM 23655, LMG 25958",1,Enterococcus lactis,2928549275,Oct-45
,,,,,357441.21,
,,,,,GCA_015904215,
5317,6,"DSM 20681, ATCC 43197, NCDO 846, CCUG 30572, CCM 4056, JCM 8730, BCRC 17125, CECT 971, CGMCC 1.2493, CIP 103012, HAMBI 1569, KCTC 3641, LMG 10747, NBRC 100489, NCIMB 700846, NCTC 12365",1,Enterococcus malodoratus,1158601.3,Oct-41
,,,,,1158601.4,
,,,,,2545824647,
,,,,,2558860908,
,,,,,71451.3,
,,,,,71451.7,
,,,,,GCA_000393875,
,,,,,GCA_000407185,
,,,,,GCA_001886025,
,,,,,GCA_900447955,
138613,,"CIP 105126, NCTC 12366, ATCC 49613, NCDO 847",0,Enterococcus malodoratus,71451.6,Oct-41
,,,,,GCA_900447925,
5340,"Svec 330, 330","DSM 15919, CCM 4856, LMG 19486, CCUG 45913, CIP 107130",1,Enterococcus moraviensis,155617.3,Oct-37
,,,,,GCA_001886065,
5318,W 102,"DSM 4838, ATCC 43186, NCDO 2375, MUTK 559, CCUG 18656, JCM 8731, BCRC 17141, BCRC 17356, CCM 4058, CECT 972, CIP 103010, HAMBI 1570, KCTC 3630, LMG 10748, NBRC 100490, NCIMB 13132, NCIMB 702375, NCTC 12363",1,Enterococcus mundtii,53346.33,Oct-45
,,,,,53346.38,
,,,,,53346.54,
,,,,,GCA_001886035,
,,,,,GCA_002813755,
,,,,,GCA_007990125,
5338,PQ2,"CIP 107663, CCM 7169, NBRC 100697, DSM 15690, ATCC BAA-351, CCUG 45554",1,Enterococcus pallens,160454.3,10
,,,,,GCA_001886075,
5335,JLB-1,"CCUG 48923, KCTC 3818, DSM 14726, ATCC BAA-412, CIP 108361, NBRC 100711",1,Enterococcus phoeniculicola,154621.3,Oct-41
,,,,,GCA_001886115,
5361,C27,"DSM 26408, CCM 7889, LMG 26214",1,Enterococcus plantarum,1077675.3,Oct-45
,,,,,GCA_001730295,
5326,"1789/79, 1789-79","DSM 5633, ATCC 49427, NCTC 12192, CCUG 29292, CIP 103329, LMG 12888, JCM 8733, NBRC 100492, CCM 4216, CDC 1789-79, NCAIM B.02061, NCIMB 12901, VTT E-97812",1,Enterococcus raffinosus,1218093.3,10
,,,,,2731957560,
,,,,,71452.3,
,,,,,GCA_001544115,
,,,,,GCA_001886185,
5336,DS 2705-87,"DSM 15687, ATCC 700914, CCUG 43228, CDC 2705-87, CIP 107173, NCIMB 13635",1,Enterococcus ratti,150033.3,Oct-45
,,,,,GCA_001886195,
132142,strain 1971,"DSM 102982, CCM 4630, CCUG 61593, LMG 26678",1,Enterococcus rotai,118060.4,Oct-42
,,,,,2687453606,
,,,,,2928218588,
,,,,,GCA_001465345,
5323,HF 62,"DSM 20726, ATCC 43076, CCUG 27643, CCUG 33311, CIP 103246, JCM 8734, LMG 11427, NBRC 100493, NCDO 2594, NCIMB 702594, CCM 4377, CECT 4309, CGMCC 1.2485, HAMBI 1576, KACC 10783, KCTC 3643",1,Enterococcus saccharolyticus subsp. saccharolyticus,1139996.3,10
,,,,,1139996.4,
,,,,,2541047445,
,,,,,2545824663,
,,,,,41997.3,
,,,,,GCA_000407005,
,,,,,GCA_000407285,
,,,,,GCA_001886235,
5349,W442,"DSM 22801, CCM 7319, CCUG 53830, CIP 109179, LMG 23085",1,Enterococcus silesiacus,2687453605,Oct-37
,,,,,332949.6,
,,,,,332949.8,
,,,,,GCA_001465115,
,,,,,GCA_001886225,
5350,"C.J. Portricus UAD1, UAD1","CCM 7300, DSM 22803, CCUG 53831, CIP 109180, LMG 8895",1,Enterococcus termitis,2916559209,Oct-45
,,,,,332950.4,
,,,,,332950.6,
,,,,,GCA_001730305,
,,,,,GCA_001886275,
5352,FP48-3,"DSM 21767, CCM 7793, KCTC 13134, NBRC 101867, NRIC 0107, PCU 282, TISTR 933",1,Enterococcus thailandicus,417368.11,15-45
,,,,,417368.6,
,,,,,GCA_001886265,
,,,,,GCA_007989705,
132143,,"DSM 102981, CCM 4629, CCUG 48799, LMG 26676",1,Enterococcus ureilyticus,1131292.3,Oct-42
,,,,,1131292.4,
,,,,,1131292.5,
,,,,,2901250893,
,,,,,GCA_001730315,
,,,,,GCA_002806915,
,,,,,GCA_016908995,
135017,88-5474,"CIP 107282, LMG 12287, CCM 4887, CCUG 45025, NBRC 100699, JCM 11557, KCTC 13904",1,Enterococcus villorum,112904.202,10
,,,,,GCA_007990225,
5339,"DS 1390-83, Johnson 2757, SS1503","DSM 15688, ATCC 700913, CCUG 43229, CIP 107172, NCIMB 13634",0,Enterococcus villorum,1158604.3,Oct-45
,,,,,1158604.4,
,,,,,2545824674,
,,,,,2558860910,
,,,,,GCA_000393935,
,,,,,GCA_000407205,
158309,MN05,"DSM 104047, CGMCC 1.15942",1,Enterococcus wangshanyuanii,2005703.8,10
,,,,,GCA_002197645,
,,,,,GCA_014644255,
166112,A649,"CBAS 716, CBRVS P1061",1,Enterovibrio baiacu,2881972992,Oct-32
,,,,,GCA_004120195,
,,,,,GCA_014863865,
17215,"RE35/F12, RE35F12","DSM 14347, ATCC BAA-606, CCUG 48319 B, CECT 7414, CIP 107077, CCUG 48319",1,Enterovibrio calviensis,1121867.3,15-30
,,,,,2556921009,5
,,,,,GCA_000621165,
17217,,"DSM 19135, CAIM 912, CBMAI 623, LMG 22228",1,Enterovibrio coralii,2724679056,20-30
,,,,,294935.3,
,,,,,GCA_001559595,
17218,,"DSM 22720, CAIM 661, CECT 7320, DAl 1-1-5",1,Enterovibrio nigricans,1121868.4,15-28
,,,,,2568526010,
,,,,,2834490561,
,,,,,504469.3,
,,,,,GCA_002835505,
,,,,,GCA_900167155,
17216,R-3710,"DSM 15893, LMG 19839, CCUG 47417, CAIM 430, CIP 108237",1,Enterovibrio norvegicus,1121869.4,30-May
,,,,,2599185265,
,,,,,GCA_900115495,
132372,SW014,"DSM 25033, KCTC 42425, MCCC 1K00500, CAIM 1920, JCM 17855",1,Veronia pacifica,1080227.5,Oct-37
,,,,,2791354993,
,,,,,GCA_001707825,
168558,QZS01,"CGMCC 1.13498, KCTC 62495",1,Entomomonas moraniae,CP029822,15.0-40.0
,,,,,GCA_003991975,
164343,F02,"JCM 32722, FBCC 500047, KCTC 62567",1,Ephemeroptericola cinctiostellae,2848339753,30-Apr
,,,,,GCA_003339525,
24523,U95,"DSM 24752, LMG 26464",1,Epibacterium ulvae,2622736501,Dec-34
,,,,,GCA_002796795,
,,,,,GCA_900102795,
158621,EPI-7,"KCCM 90264, JCM 31644",1,Epidermidibacterium keratini,2883308892,10
,,,,,GCA_009834025,15-35
230,M1832/95/2,"CIP 106310, ATCC BAA-57, CCM 4939, DSM 15696, CCUG 38207",1,Eremococcus coleocola,1121871.3,10
,,,,,2524614563,
,,,,,GCA_000428865,
4403,X001,"DSM 19347, IAM 14479, JCM 21238, CFBP 6829, CIP 106296, LMG 24877, NBRC 102417",1,Erwinia aphidicola,68334.5,May-37
,,,,,GCA_014773485,
4402,"HK 204, 9108-82","DSM 19328, ATCC 35998, CDC 9108-82, IAM 12843, JCM 3704, AJ 2716, CFBP 3622, CIP 105199, ICMP 12532, LMG 11254, NBRC 102418, NCIMB 13181, NCPPB 3774",1,Erwinia persicina,1219360.3,30-May
,,,,,2731957625,
,,,,,GCA_001571305,
4397,,"DSM 17597, LMG 7039, NCPPB 3555, IBSBF 435, PDDCC 8426, CIP 105200, CFBP 3627, ICMP 8426",1,Erwinia psidii,2898987143,30-Oct
,,,,,69224.3,5
,,,,,GCA_003846135,
4393,"Ep16/96, Ep 16/96","DSM 12163, CIP 106111, CFBP 4172",1,Erwinia pyrifoliae,644651.11,30-May
,,,,,644651.12,
,,,,,644651.13,
,,,,,644651.14,
,,,,,644651.3,
,,,,,646862321,
,,,,,GCA_000026985,
4390,52,"DSM 21139, CFPB 2355, CIP 105205, LMG 2906, NCPPB 2452",1,Erwinia tracheiphila,2576861418,10
,,,,,,5
5372,"02-143, MF-EP02","DSM 15511, CIP 107935",1,Erysipelothrix inopinata,225084.5,10
,,,,,2894492305,20-40
,,,,,GCA_014396165,5
5367,,"DSM 5055, ATCC 19414, NCTC 8163, CCUG 221, CIP 105957",1,Erysipelothrix rhusiopathiae,1648.245,10
,,,,,2562617150,5
,,,,,2836765118,
,,,,,525280.3,
,,,,,GCA_000160815,
,,,,,GCA_900637845,
5371,T-305,"DSM 14972, ATCC 43339, CCUG 31352, CIP 105960, JCM 8533",1,Erysipelothrix tonsillarum,1121874.3,10
,,,,,2515154211,5
,,,,,GCA_000373785,
134092,"SW110, SW-110","KCCM 41818, JCM 12189, CGMCC 1.8484, CIP 108636",1,Qipengyuania aquimaris,255984.3,Oct-40
,,,,,GCA_009827445,15-37
,,,,,,5
140998,JSSK-14,"KCTC 52764, NBRC 112765",1,Aurantiacibacter aquimixticola,2851252389,Oct-37
,,,,,GCA_003605475,4
140758,RC-4-10-4,"CGMCC 1.15507, JCM 31277",1,Aurantiacibacter arachoides,1850444.4,0-35
,,,,,GCA_009827335,20
,,,,,GCA_014643415,
5393,ALC-2,"DSM 12079, CIP 108282, ATCC BAA-386",1,Erythrobacter cryptus,1122970.3,15
,,,,,2523231068,
,,,,,GCA_000422985,
5396,DSW-74,"DSM 17193, KCTC 12395, DSW 74",1,Erythrobacter dokdonensis,2842993287,Oct-43
,,,,,328225.4,
,,,,,GCA_001677335,
,,,,,GCA_002155305,
5394,SW-132,"DSM 16220, KCTC 12229",1,Erythrobacter donghaensis,267135.4,Oct-45
,,,,,2840396641,
,,,,,GCA_002155425,
133565,K7-2,"KCTC 22330, JCM 15420",1,Aurantiacibacter gangjinensis,2721755453,15-37
,,,,,502682.17,
,,,,,GCA_001010925,
,,,,,GCA_001886695,
166688,JBTF-M21,"KACC 19864, NBRC 113584",1,Erythrobacter insulae,GCA_007004095,4
,,,,,VHJK00000000,
133796,,"KCTC 23090, JCM 16677, CNU 001",1,Parerythrobacter jejuensis,795812.3,15-37
,,,,,GCA_009827995,
5381,T4,"DSM 8509, IAM 14332, CIP 106926",1,Erythrobacter litoralis,2585427957,5
,,,,,2811995009,
,,,,,39960.1,
,,,,,39960.13,
,,,,,39960.3,
,,,,,GCA_000714795,
,,,,,GCA_001719165,
5380,,"DSM 6997, ATCC 33941, IAM 14242, IFO 14126, JCM 6170, NBRC 14126, OCh 101, CECT 5010, CGMCC 1.8459, CIP 104268, KCTC 2829, LMG 3982, LMG 5510, NCIMB 2174",1,Erythrobacter longus,1044.3,15-30
,,,,,2585427956,5
,,,,,GCA_000715015,
166340,EB310,"KCTC 72109, MCCC 1K03690",1,Erythrobacter mangrovi,2911804801,Oct-45
,,,,,GCA_013260645,
133748,HWDM-33,"KCTC 23554, CCUG 60528",1,Aurantiacibacter marinus,2648501438,Apr-34
,,,,,874156.11,
,,,,,GCA_001013305,
,,,,,GCA_001021555,
166195,KEM-5,"KACC 19865, KCTC 62896, NBRC 113546",1,Qipengyuania marisflavi,2896273336,Apr-35
,,,,,GCA_005884405,
133552,T30,"CGMCC 1.7715, JCM 16125",1,Qipengyuania nanhaisediminis,2619618819,Apr-45
,,,,,604088.3,
,,,,,GCA_900115585,
5388,,"DSM 9434, ACM 2844, CIP 104070",1,Erythrobacter neustonensis,1112.5,Oct-37
,,,,,2751185752,5
,,,,,GCA_001663175,
134033,JA747,"KCTC 23981, NBRC 108930",1,Aurantiacibacter odishensis,1155476.3,Dec-40
,,,,,2839076428,
,,,,,GCA_003605195,
133677,UST081027-248,"JCM 17468, NRRL 59511",1,Qipengyuania pelagi,994320.4,Oct-42
,,,,,GCA_009827295,
5387,E5,"DSM 8510, IAM 14333, NCIMB 13404, JCM 10282, ATCC 700003, CIP 106927, NBRC 102621",1,Erythrobacter ramosus,2828010827,15-45
,,,,,35811.5,5
,,,,,35811.6,
,,,,,GCA_009828055,
,,,,,GCA_014195675,
5391,A91,"DSM 11032, ATCC 25659, IAM 12620, ICPB 4167, IFO 15763, NBRC 15763, JCM 20691, LMG 160, NCIMB 1539, CIP 107821",1,Erythrobacter sanguineus,198312.3,15-37
,,,,,198312.6,5
,,,,,2582580729,
,,,,,2848682527,
,,,,,GCA_002155655,
,,,,,GCA_900143235,
4932,19982,"DSM 17582, CCUG 46494, CIP 107988, LMG 20976, CCM 7160, JCM 17328, CIP 107-988, NBRC 107761",1,Escherichia albertii,1115511.3,Oct-41
,,,,,GCA_000759775,5
,,,,,GCA_022833075,
4907,"U5/41, U 5/41","DSM 30083, ATCC 11775, CCM 5172, CIP 54.8, IAM 12119, JCM 1649, NCDO 1989, NCTC 9001, WDCM 00090, BCRC 10675, CCUG 24, CCUG 29300, CECT 515, CGMCC 1.2993, KCTC 2441, LMG 2092, NBRC 102203, NCIMB 11943, VTT E-94564, UCCCB113, WDCM 00155",1,Escherichia coli,2528311135,Oct-41
,,,,,2574180325,5
,,,,,2588253787,
,,,,,2687453512,
,,,,,2897341779,
,,,,,562.7382,
,,,,,866789.18,
,,,,,866789.5,
,,,,,866789.6,
,,,,,866789.7,
4420,"MacLeod, McLeod","CCUG 3274, DSM 682, ATCC 10536, NCIB 8879, NCTC 10418, CIP 54.127, IMET 10907, NCIMB 8879",0,Escherichia coli,562.3414,10
,,,,,GCA_900448155,5
4422,,"DSM 787, ATCC 11229, CCUG 17931, AMC 198, CIP 103795",0,Escherichia coli,562.58153,10
,,,,,GCA_010374945,5
4433,"Crooks, Crookes","DSM 1576, ATCC 8739, NCIB 8545, WDCM 00012, CCUG 10979, CIP 53.126, NCTC 12923, CCM 4517, NCDO 904, NCIMB 8545, LMG 8063, CECT 516, IFO 3972, NBRC 3972, CMCC (B) 44102",0,Escherichia coli,481805.41,10
,,,,,481805.51,5
,,,,,481805.6,
,,,,,562.15132,
,,,,,562.34149,
,,,,,641522623,
,,,,,GCA_000019385,
,,,,,GCA_001997065,
,,,,,GCA_003591595,
,,,,,GCA_016864475,
4484,"K12 DH1, DH1","DSM 4235, ATCC 33849, NCIB 12045, CIP 104745",0,Escherichia coli,536056.19,10
,,,,,536056.3,5
,,,,,646862325,
,,,,,GCA_000023365,
,,,,,GCA_000270105,
4507,C,"DSM 4860, ATCC 13706, NCIB 10544, CCUG 48888, CIP 104337, ATCC 25312, NCIMB 12416",0,Escherichia coli,2875683775,Oct-41
,,,,,2913137851,5
,,,,,GCA_002079225,
,,,,,GCA_002092895,
,,,,,GCA_003287245,
4737,"Bacdive 4737, Stoke W","DSM 10234, NCIMB 13058, NCTC 9111, CCUG 11412, ATCC 33780, CIP 52.167",0,Escherichia coli,562.34293,10
,,,,,GCA_900449905,5
4881,K12 O Rough H48,"DSM 11250, CIP 54.117, IFO 3301, NBRC 3301, NCDO 1984, NCIB 10083, NCTC 10538, NCIMB 10083",0,Escherichia coli,562.34148,Oct-41
,,,,,562.50454,5
,,,,,562.58158,
,,,,,GCA_006538505,
,,,,,GCA_010509415,
,,,,,GCA_900448235,
23925,,"DSM 19683, CIP 106878, NCTC 13167, WDCM 00179, WR 1, CCM 7801, CECT 8296",0,Escherichia coli,562.34134,Oct-41
,,,,,GCA_900448075,5
136612,56-54,"CIP 105183, NCTC 9708, CCUG 11427",0,Escherichia coli,562.34159,May-41
,,,,,GCA_900448385,
137703,B6914-MS1 (3417-86),"CIP 105917, ATCC 43888, CCUG 29188",0,Escherichia coli,83334.297,10
,,,,,GCA_007922655,5
138607,F 41,"CIP 52.171, NCTC 8960",0,Escherichia coli,562.34312,10
,,,,,GCA_900450095,5
139456,1064,"CIP 52.170, NCTC 8959",0,Escherichia coli,562.3415,10
,,,,,GCA_900448265,5
139463,Canioni,"CIP 62.24, NCTC 8623, CCUG 11424",0,Escherichia coli,2870469529,10
,,,,,562.39532,5
,,,,,GCA_900636175,
145674,C984,"CCUG 29193, ATCC 43890, CIP 106325",0,Escherichia coli,83334.299,10
,,,,,GCA_009650175,5
145678,,"CCUG 29197 B, ATCC 43895, CIP 106327, CCRC 14824, CECT 4783, CCTM La 2949, WDCM 00188, CDC EDL 933",0,Escherichia coli,155864.295,10
,,,,,,5
145680,B1409-C1,"CCUG 29199, ATCC 43889, CIP 106324",0,Escherichia coli,478007.5,10
,,,,,562.50496,5
,,,,,GCA_006874785,
4930,568-73,"DSM 13698, ATCC 35469, CDC 0568-73, CCUG 18766, JCM 21226, CIP 103357, CIP 104947, IAM 14443, LMG 7866, NBRC 102419, NCTC 12128",1,Escherichia fergusonii,564.206,May-41
,,,,,564.246,
,,,,,564.28,
,,,,,564.285,
,,,,,564.336,
,,,,,585054.21,
,,,,,585054.5,
,,,,,643692022,
,,,,,GCA_000026225,
,,,,,GCA_900450565,
137175,3296-73,"CIP 104948, ATCC 35470",0,Escherichia fergusonii,564.46,May-41
,,,,,GCA_008064915,
4927,980-72,"DSM 4560, ATCC 33650, CIP 103176, CCUG 15714, CDC 980-72, JCM 1473, BCRC 13982, CGMCC 1.3439, CGMCC 1.6766, HAMBI 1693, LMG 7867, NBRC 105704, NCTC 12129",1,Escherichia hermannii,1115512.3,10
,,,,,2514752030,5
,,,,,565.17,
,,,,,565.8,
,,,,,GCA_000248015,
,,,,,GCA_900635495,
17689,YUAN-3,"DSM 18485, CGMCC 1.5033, JCM 12961",1,Ethanoligenens harbinense,649633043,20-44
,,,,,663278.4,
,,,,,GCA_000178115,
,,,,,GCA_003020045,
5730,AS06/20a,"DSM 19308, CIP 109577, OOB 358",1,Eudoraea adriatica,1121875.29,15-33
,,,,,2522572201,
,,,,,GCA_000382125,
159886,,"DSM 104446, MCCC 1k03290, DSW 09",1,Euzebya rosea,2052804.3,15-45
133572,F10,"NBRC 105439, KCTC 19736",1,Euzebya tangerina,2831856209,15-35
,,,,,591198.3,20-28
,,,,,GCA_003074135,
133394,,"CCTCC AB 2014348, KCTC 42440, CY 01",1,Euzebyella marina,1761453.5,15-37
133614,7SM30,"CECT 7477, KCTC 22655, CIP 109943",1,Euzebyella saccharophila,679664.3,15-37
,,,,,GCA_014855495,
1242,N-4,"DSM 2522, ATCC 21833, FERM P-1141, JCM 9156, CIP 109017, FERM 1141",1,Evansella cellulosilytica,649633010,20-40
,,,,,649639.5,
,,,,,GCA_000177235,
1132,"PN 102, VP 395","DSM 8720, ATCC 700162, CIP 105301",1,Evansella clarkii,2898074128,10
,,,,,79879.3,
,,,,,GCA_002019695,
1111,"JaH, Ja H","DSM 9768, ATCC 700130, CIP 105292",1,Evansella vedderi,2926552592,10
24783,1-Dec,"DSM 21148, CCM 8459",1,Exiguobacterium alkaliphilum,2585427936,May-40
,,,,,506480.4,
,,,,,GCA_000714435,
,,,,,GCA_025234775,
18107,H2,"DSM 14480, CIP 107163, KCTC 3809, CCUG 47137",1,Exiguobacterium antarcticum,1397700.3,Oct-41
,,,,,2563366501,18
,,,,,GCA_000685865,
133762,IMTB-3094,"MTCC 10958, JCM 17977",1,Exiguobacterium aquaticum,GCA_025234795,15-42
18117,8N,"DSM 16483, CIP 108859, CCUG 55490",1,Exiguobacterium mexicanum,GCA_025234665,Oct-41
18115,T-2-2,"DSM 17272, JCM 12280, NCIMB 13980, CCUG 51936, CIP 108684, CIP 108634",1,Exiguobacterium oxidotolerans,1397699.3,Apr-40
,,,,,2562617200,Oct-37
,,,,,GCA_000702625,
18119,10c,"DSM 17289, CCUG 50949, CNCM I-2962",1,Exiguobacterium profundum,GCA_025234635,Dec-49
18120,,"DSM 22015, JCM 14376, MTCC 4816, DVS 3Y",1,Exiguobacterium soli,2913394191,2.5-30
,,,,,309483.3,
18108,L2,"CCUG 47136, DSM 14481, CIP 107162, KCTC 3810",1,Exiguobacterium undae,1397693.3,Oct-41
,,,,,169177.4,18
,,,,,2556921110,
,,,,,2831332355,
,,,,,GCA_000620805,
,,,,,GCA_001650325,
131261,S4,"DSM 100911, CGMCC 1.10977, JCM 17803",1,Extensimonas vulgaris,1031594.3,15-50
,,,,,1031594.4,
,,,,,2596583579,
,,,,,2770939495,
,,,,,GCA_003337425,
,,,,,GCA_007830535,
,,,,,GCA_007996985,
166289,,"DSM 103991, KCTC 52556, SYSU SYW-5",1,Facilibium subflavum,2219058.3,18-37
,,,,,GCA_003574485,
138280,,"CIP 105962, CCUG 36813, CCM 4931",1,Facklamia hominis,2531839288,10
,,,,,883111.3,
,,,,,GCA_000301035,
137693,164/97,"CCM 4932, CIP 105583, CCUG 37419, ATCC 700631",1,Facklamia ignava,2531839287,10
,,,,,883112.3,
,,,,,GCA_000301055,
138281,1144-97,"CCM 4946, CIP 105964, CCUG 37842",1,Facklamia languida,2513237358,10
,,,,,883113.3,
,,,,,GCA_000245795,
132842,strain A/G13/99/2,"ATCC BAA-466, DSM 104273, CCUG 42728, CIP 106764",1,Facklamia miroungae,120956.4,10
,,,,,GCA_012396555,
132844,GF112B,"DSM 104272, CCUG 30090, CIP 106117, ATCC 700838, CCM 4934",1,Facklamia tabacinasalis,2913588957,5
,,,,,87458.4,
,,,,,87458.5,
,,,,,GCA_015863285,
167635,,"KCTC 52109, YIM 102668, CCTCC AB 2016016",1,Faecalibacter macacae,2479857.3,Oct-50
,,,,,GCA_003687725,
,,,,,RDOJ00000000,
2621,,"DSM 1287, ATCC 13619, ATCC 25750, JCM 1429, NCIB 10650, BCRC 14529, LMG 3286, NCCB 73016, NCIMB 10650, VPI 0565",1,Faecalicatena orotica,2928587524,20-40
7586,M597/99/10,"DSM 13988, CCUG 42953, CIP 107054, JCM 11677",1,Falsarthrobacter nasiphocae,2919378658,Oct-41
166490,GY 10110,"CGMCC 1.13648, NBRC 113502",1,Falsibacillus albus,2832792268,15-37
,,,,,GCA_003668575,
1409,CW 7,"DSM 25281, CCTCC AB 207188, KCTC 13200, LMG 24451, CIP 109936, BCRC 80032",1,Falsibacillus pallidus,2770939515,15-42
,,,,,493781.3,15.0-42.0
,,,,,GCA_003350505,
166344,,"KCTC 52106, CCTCC AB 2016031, YIM 102744-1",1,Falsigemmobacter faecalis,GCA_003863335,15-40
5754,UST040201-002,"DSM 21703, JCM 14605, NRRL B-41860",1,Fangia hongkongensis,1121876.3,16-40
,,,,,2515154119,
,,,,,GCA_000379445,
3043,,"DSM 15829, ATCC BAA-55, CCUG 38953, CIP 106431, KCTC 15240",1,Fannyhessea vaginae,2562617091,10
,,,,,525256.4,
,,,,,525256.5,
,,,,,648276620,
,,,,,82135.84,
,,,,,GCA_000159235,
,,,,,GCA_000178335,
140144,ING2-E5B,"DSM 28696, CECT 8609, LMG 28429",1,Fermentimonas caenicola,2645727949,15-45
159721,An22,"JCM 30584, NBRC 112974, ATCC TSD-51",1,Ferrigenium kumadai,1682490.3,Dec-37
,,,,,2927562029,
,,,,,GCA_018324385,
5455,A4D-4,"DSM 16917, CIP 109004, MBIC 06480, NBRC 102583",1,Ferrimonas marina,2588254304,15-37
,,,,,299255.3,
,,,,,GCA_900129905,
24008,JYr13,"DSM 23317, LMG 25564, JCM 17552",1,Ferrimonas sediminum,2634166324,16
,,,,,718193.3,16-42
,,,,,GCA_900100175,
5458,P2S11,"DSM 18821, ATCC BAA-1480",1,Ferrimonas senticii,1121880.3,20-37
,,,,,2523533614,
,,,,,GCA_000422665,
166235,WD2A32,"KCTC 52888, MCCC 1H00201",1,Ferruginivarius sediminum,2881447080,20-45
,,,,,GCA_003344765,
166120,HYT19,"CCTCC AB 2018342, JCM 33105",1,Fibrisoma montanum,2832102650,16-37
,,,,,GCA_003583365,
1205,"V2-BIII-A2, V<SUB>2</SUB>-BIII-A<SUB>2</SUB>","DSM 14730, CCM 4982, CIP 108015",1,Fictibacillus barbaricus,182136.3,10
,,,,,182136.4,
,,,,,GCA_014635025,
,,,,,GCA_017052555,
1245,ZFHKF-1,"DSM 17262, JCM 13285, CIP 109160, NCIMB 14300",1,Fictibacillus macauensis,1196324.3,20-40
,,,,,2524023182,
,,,,,GCA_000269865,
1304,,"DSM 23009, KCTC 13712, JSM 082006",1,Fictibacillus nanhaiensis,742169.3,15-45
,,,,,742169.4,
1285,YC1,"DSM 25243, CGMCC 1.6854, KCTC 13181, JCM 14863, BCRC 80435",1,Fictibacillus solisalsi,2619618871,15-53
,,,,,459525.17,
,,,,,GCA_900103485,
166480,TB-66,"CIP 111629, LMG 30660, CCM 8866, DSM 107336",1,Filibacter tadaridae,GCA_900609045,2
,,,,,,20
,,,,,,30-Apr
167944,TTM-71,"BCRC 81160, LMG 31017, KCTC 62871",1,Filimonas effusa,GCA_004118675,15-37
,,,,,SDHZ00000000,20
17763,YT21,"DSM 21054, NBRC 104114",1,Filimonas lacunae,2681813554,Oct-35
,,,,,2802429281,
,,,,,477680.4,
,,,,,477680.5,
,,,,,GCA_002355595,
,,,,,GCA_900156765,
132574,772,"DSM 100760, CGMCC 1.15290",1,Filimonas zeae,1737353.3,15-37
,,,,,2861385466,
,,,,,GCA_014641615,
1326,SH 714,"DSM 13259, ATCC 700960, JCM 12288, CIP 107088",1,Filobacillus milosensis,2887134966,10
,,,,,GCA_004402015,
133340,SP5,"LMG 29572, VKM B-3045",1,Fimbriiglobus ruber,2786546892,10.0-30.0
,,,,,GCA_002197845,20.0-25.0
164419,,"JCM 32942, KACC 19790, AST 0115",1,Flagellimonas algicola,GCA_005937185,15-37
159764,ECD12,"KCTC 52351, JCM 32292",1,Flagellimonas aquimarina,GCA_003149745,Oct-35
163089,,"JCM 21138, ATCC 23126, CIP 104807, IAM 14298, IFO 15941, NBRC 15941, NRRL B-14729",1,Flammeovirga aprica,2892985999,15-37
,,,,,694437.4,5
,,,,,GCA_012844305,
24011,YS10,"DSM 26273, IAM 15451, JCM 23196, NCIMB 14281",1,Flammeovirga kamogawensis,2861514905,15-30
,,,,,373891.4,
,,,,,373891.5,
,,,,,GCA_007097495,
,,,,,GCA_014207545,
,,,,,GCA_018736065,
24012,WPAGA1,"DSM 24597, CCTCC AB 2010364, LMG 26175, MCCC 1A06425",1,Flammeovirga pacifica,2648501771,Apr-42
,,,,,915059.3,
,,,,,GCA_000807855,
164470,L12M1,"JCM 33169, KCTC 62750",1,Flammeovirga pectinis,2494373.3,4.0-25.0
,,,,,CP034562,
,,,,,GCA_003970675,
164473,17J68-12,"JCM 33179, KCTC 62219",1,Flaviaesturariibacter flavus,2837647644,18-42
,,,,,GCA_004337505,
23525,H5,"DSM 24315, CICC 10486",1,Flaviflexus huanghaiensis,1111473.3,20-37
,,,,,GCA_014118685,
133534,T41,"CGMCC 1.7723, NBRC 106054",1,Flavihumibacter petaseus,1220578.3,20-37
,,,,,2627853666,
,,,,,GCA_000974785,
133189,CJ663,"KACC 18874, JCM 31431",1,Flavihumibacter sediminis,GCA_022352285,20.0-37.0
133199,YS-17,"CCTCC AB 2016053, KCTC 52205",1,Flavihumibacter stibioxidans,2920284866,16.0-37.0
,,,,,GCA_014332695,
140822,MDM-7,"KCTC 42722, CECT 8899",1,Flavimaricola marinus,1819565.5,Apr-37
,,,,,2791354889,
,,,,,GCA_900184895,
169271,"Hel_I_48, Hel1_48",DSM 29652,0,Flavimarina sp.,GCA_000733945,15
14040,19-Jan,"DSM 19083, CGMCC 1.3457, CIP 109015, JCM 12547",1,Flavimobilis marinus,2622736429,15-37
,,,,,285351.4,
,,,,,285351.5,
,,,,,GCA_014653315,
,,,,,GCA_900113055,
159790,RB1R16,"CGMCC 1.16126, NBRC 113112",1,Flavipsychrobacter stenotrophus,2077091.3,18-20
,,,,,2831999959,
,,,,,GCA_002954265,
5511,H35,"DSM 18180, CIP 109091",1,Flaviramulus basaltis,2675903155,20
,,,,,369401.5,
,,,,,GCA_900114265,
166534,X7X,"KCTC 62326, CGMCC 16451",1,Flavisolibacter nicotianae,2832303850,20-40
,,,,,GCA_003628535,
140505,LCS9,"KCTC 42070, JCM 19972",1,Flavisolibacter tropicus,2602042012,Oct-37
,,,,,2758568004,
,,,,,GCA_001644645,
140955,ECD14,"KCTC 52352, JCM 31797",1,Flavivirga eckloniae,2788500147,Oct-35
,,,,,GCA_002886045,
24021,JJ013,"DSM 25663, JCM 18211, KACC 16594",1,Flavobacterium aciduliphilum,1101402.3,20-30
,,,,,2728369510,
,,,,,GCA_003268855,
166415,SSM4.2,"KCTC 72807, MCCC 1K04370",1,Flavobacterium ajazii,2922510852,Apr-37
,,,,,GCA_010614725,
159806,HYN0059,"KACC 19183, NBRC 112744",1,Flavobacterium album,2848964341,Apr-40
,,,,,GCA_003096035,
158819,HR-AY,"KACC 19407, JCM 32264",1,Flavobacterium alvei,GCA_002920895,20
,,,,,,30-May
166172,LLJ-11,"BCRC 81124, LMG 30599, KCTC 62514",1,Flavobacterium amnicola,GCA_004122165,20-30
158535,KYPY10,"BCRC 81006, LMG 29727, KCTC 52443",1,Flavobacterium amniphilum,GCA_023634845,20-30
5570,D3,"DSM 22555, CGMCC 1.6859, KCTC 22128, JCM 14864, CIP 109938",1,Flavobacterium anhuiense,2596583647,May-37
,,,,,459526.1,
,,,,,GCA_900101855,
5557,AT1026,"DSM 19726, CIP 108750, IMSNU 14042, JCM 12383, KCTC 12222, KCTC 23290, KCTC 52532, LMG 25319",1,Flavobacterium antarcticum,1111730.5,15
,,,,,2513237111,5-24.1
,,,,,GCA_000419685,
5517,"F 36, Taylor F36","DSM 1132, ATCC 11947, CIP 55.141, DSM 30095, NCIB 8694, CCUG 29304, NCIMB 8694, JCM 20475, CCEB 768, CIP 103744, IAM 12316, LMG 2952, LMG 4008, LMG 4427, NBRC 15052, NCMB 644, NCTC 9758, NRRL B-14834, VKM B-1173, IFO 15052",1,Flavobacterium aquatile,1453498.8,20
,,,,,245.1,5
,,,,,245.13,
,,,,,2617271337,
,,,,,GCA_000757385,
,,,,,GCA_002217235,
,,,,,GCA_006539785,
132986,TMd3a3,"DSM 100880, JCM 30987, BCRC 81042",1,Flavobacterium aquicola,1682742.3,30-Apr
,,,,,2739367662,
,,,,,GCA_003385115,
5550,"WB1.1-56, 1.1-56","DSM 18293, CCUG 59847, CIP 109242, KCTC 22840, WB 1.1-56",1,Flavobacterium aquidurense,2693429908,13-30
,,,,,362413.16,
,,,,,362413.7,
,,,,,GCA_002217195,
,,,,,GCA_900107365,
5585,LM-19-Fp,"DSM 24704, CCM 7939, CCUG 61031, LMG 26359",1,Flavobacterium araucananum,2695420947,20
,,,,,946678.6,30-Apr
,,,,,946678.8,
,,,,,GCA_002222055,
,,,,,GCA_003148525,
133125,SM1502,"KCTC 42668, CCTCC AB 2015346",1,Flavobacterium arcticum,1784713.5,Oct-40
,,,,,2847339297,
,,,,,GCA_003344925,
,,,,,GCA_004634185,
158736,TH167,"CGMCC 1.15805, LMG 29719",1,Flavobacterium aurantiibacter,GCA_002251775,Apr-32
133598,F44-8,"CCTCC AB 209067, LMG 25233, MCCC 1A02877",1,Flavobacterium beibuense,1406840.3,Apr-41
,,,,,2630968333,
,,,,,GCA_000769915,
136420,,"CIP 105534, ATCC 29585, LMG 1342, UASM B-2-25",0,Flavobacterium bizetiae,2704140.3,30-May
,,,,,2704140.5,
,,,,,2903889922,
,,,,,GCA_902804475,
,,,,,GCA_904425415,
136421,,"CIP 105535, ATCC 29586, UASM E-1-25",0,Flavobacterium bizetiae,GCA_904424765,30-May
5552,BGD-7721,"DSM 24789, ATCC 35035, CIP 103527, IFO 15030, LMG 13707, NBRC 15030, NCIMB 12904, CCUG 58915",1,Flavobacterium branchiophilum,1218110.3,20
,,,,,2818991269,
,,,,,55197.12,
,,,,,55197.6,
,,,,,GCA_002217205,
,,,,,GCA_006716585,
,,,,,GCA_007990815,
133522,LM5,"CGMCC 1.7031, NBRC 104239, CIP 110388",1,Flavobacterium caeni,2596583574,Oct-35
,,,,,490189.4,
,,,,,GCA_900101895,
167772,AR-3-4,"KEMB 9005-740, KACC 21171, NBRC 113787",1,Flavobacterium cellulosilyticum,GCA_004349355,0.0-25.0
,,,,,SMFK00000000,10.0-15.0
166270,1E403,"KCTC 62960, MCCC 1H00356",1,Flavobacterium cerinum,2876995545,Apr-37
,,,,,GCA_004028155,
5572,NJ-26,"DSM 22462, CGMCC 1.6844, NBRC 103934, CIP 109891, KACC 14365",1,Flavobacterium cheniae,2596583558,18-32
,,,,,2757320365,
,,,,,295428.4,
,,,,,295428.5,
,,,,,GCA_004363695,
,,,,,GCA_007830415,
166438,,"KACC 19592, NBRC 113424, IMCC 34759",1,Flavobacterium cheongpyeongense,GCA_003202435,30-Oct
,,,,,,20
5586,LM-09-Fp,"DSM 24724, CCM 7940, LMG 26360, CCUG 61032",1,Flavobacterium chilense,2700988709,20-30
,,,,,2724679197,30-Apr
,,,,,946677.7,
,,,,,946677.8,
,,,,,GCA_001602525,
,,,,,GCA_900142685,
133489,CJ7,"KACC 13353, JCM 15651, CCUG 58910, CIP 110025, LMG 26729",1,Flavobacterium chungangense,1453505.4,May-35
,,,,,2609460032,
,,,,,2654844.3,
,,,,,554283.6,
,,,,,GCA_000735715,
,,,,,GCA_903819445,
5551,1-S-2cl (Anacker 1956),"DSM 18644, ATCC 23463, CIP 103531, JCM 21141, LMG 10406, LMG 13035, NBRC 100251, NCIMB 2248, IAM 14301, NCMB 1038",1,Flavobacterium columnare,1218111.3,10
,,,,,996.48,15
,,,,,996.64,15-30
,,,,,GCA_002530675,15-37
,,,,,GCA_007990835,20
,,,,,,5
139541,,"CIP 103533, ATCC 49512",0,Flavobacterium columnare,1041826.3,Oct-37
,,,,,2511231122,5
,,,,,GCA_000240075,
158765,PK15,"KCTC 52562, JCM 32115, CIP 111714",1,Flavobacterium commune,2765235939,Apr-40
,,,,,GCA_001857965,
133395,LPB0076,"KACC 18706, JCM 31219",1,Flavobacterium crassostreae,2721755704,15-30
,,,,,2772190676,
,,,,,GCA_001686945,
,,,,,GCA_001831475,
159807,HYN0056,"KACC 19182, NBRC 112743",1,Flavobacterium crocinum,2844330942,Apr-40
,,,,,GCA_003122385,
5565,R2A45-3,"DSM 18830, CIP 109888, KACC 11732",1,Flavobacterium cucumis,2698536819,May-37
,,,,,416016.4,
,,,,,GCA_900148835,
24023,E89,"DSM 25795, CIP 110384, LMG 26922",1,Flavobacterium cutihirudinis,1265740.4,30-Oct
,,,,,2695421040,
,,,,,GCA_003385895,
158657,TH021,"LMG 29720, CGMCC 1.16325",1,Flavobacterium cyanobacteriorum,2773857927,Apr-32
,,,,,GCA_002251835,
5546,GH1-10,"DSM 17708, CIP 109900, KACC 11422, CIP 110192",1,Flavobacterium daejeonense,1121887.3,May-35
,,,,,2523533615,
,,,,,GCA_000425425,
5587,"ARSA-19, ARSA-19(T)","DSM 25687, JCM 17065, KACC 14968, KCTC 23179",1,Flavobacterium dankookense,2695421041,Apr-37
,,,,,706186.4,
,,,,,GCA_004362665,
5567,EMB 117,"CCUG 59869, DSM 17963, CIP 109898, KCTC 12612",1,Flavobacterium defluvii,2695420958,Oct-40
,,,,,370979.5,
,,,,,GCA_900129555,
5536,R-9106,"DSM 15718, CIP 108386, LMG 21915",1,Flavobacterium degerlachei,229203.5,30-May
,,,,,2693429883,20
,,,,,GCA_900106645,
5539,ED5,"DSM 15936, ATCC BAA-842, CIP 109214",1,Flavobacterium denitrificans,1121888.3,30-Oct
,,,,,2523533577,
,,,,,GCA_000425445,
133825,DK69,"CCTCC AB 2011144, KCTC 23775",1,Flavobacterium enshiense,1107311.3,Apr-32
,,,,,1107311.5,
,,,,,2576861554,
,,,,,2627853659,
,,,,,GCA_000498495,
,,,,,GCA_000769895,
5569,"EMB 34, EMB34","DSM 17961, KCTC 12610, CIP 109743",1,Flavobacterium filum,1121889.3,Oct-40
,,,,,2523533606,
,,,,,GCA_000425465,
5513,A-34,"DSM 1076, ATCC 27944, IAM 14303, JCM 21143, ACAM 579, CCM 2740, CCUG 14832, CIP 104740, IFO 14960, LMG 8328, NBRC 14960, NCIMB 12056",1,Flavobacterium flevense,2700988729,0-24
,,,,,983.1,30-Oct
,,,,,983.4,15
,,,,,GCA_006539745,20
,,,,,GCA_900142775,
5579,H7,"DSM 19978, KACC 12818, CIP 110184",1,Flavobacterium fluvii,2695420956,15-35
,,,,,468056.5,
,,,,,GCA_900129545,
158613,CJ42,"KACC 19302, JCM 32085",1,Flavobacterium foetidum,2026681.3,15-37
,,,,,2882034188,
,,,,,GCA_004634245,
24022,,"DSM 25660, JCM 18212, KACC 16593, MIC 3010",1,Flavobacterium fontis,1124188.3,15-42
,,,,,2695420946,
,,,,,GCA_900129405,
5543,"NICMB 13737, A2i","DSM 17623, ATCC 700810, CIP 107124, NBRC 102676, NCIMB 13737",1,Flavobacterium frigidarium,1121890.3,15
,,,,,2523533550,5
,,,,,GCA_000425505,
5538,KUC-1,"DSM 15937, CCUG 59364, JCM 12218, CIP 109029",1,Flavobacterium frigidimaris,262320.5,20
,,,,,262320.7,20-30
,,,,,2695420960,
,,,,,GCA_002217275,
,,,,,GCA_900129595,
5537,R-9014,"DSM 15719, CIP 108385, LMG 21922",1,Flavobacterium frigoris,229204.1,25-May
,,,,,2693429909,15
,,,,,GCA_900111075,20
,,,,,,25-May
5541,,"DSM 16209, CIP 108325, LMG 22022",1,Flavobacterium fryxellicola,249352.3,25-May
,,,,,249352.5,20
,,,,,2695420925,22-May
,,,,,2744054791,
,,,,,GCA_001637185,
,,,,,GCA_900143245,
5532,R-8899,"DSM 15343, LMG 21477, CIP 108171",1,Flavobacterium gelidilacus,1121891.3,15-25
,,,,,2523533607,20
,,,,,GCA_000422685,5
5553,,"DSM 22376, ACAM 601, LMG 21422",1,Flavobacterium gillisiae,150146.5,20
,,,,,2693429912,
,,,,,GCA_900107635,
133319,EM1308,"KACC 18113, JCM 30144",1,Flavobacterium gilvum,2609460187,30-Apr
,,,,,2718217955,
,,,,,GCA_000735535,
,,,,,GCA_001761465,
134059,,"KCTC 23318, JCM 17336, DCY 54, BCRC 81040, CIP 110819",1,Flavobacterium ginsengisoli,GCA_029625315,Apr-35
5566,"0499, 499","DSM 19728, CGMCC 1.5380, JCM 13953, CCUG 60844, CIP 109489, BCRC 81081",1,Flavobacterium glaciei,2596583583,20
,,,,,2770939517,
,,,,,386300.4,
,,,,,386300.6,
,,,,,GCA_003350545,
,,,,,GCA_007994155,
133551,Gm-149,"ICMP 17618, NBRC 105008, CIP 110235",1,Flavobacterium glycines,2660237900,Oct-35
,,,,,2772190675,
,,,,,551990.4,
,,,,,551990.7,
,,,,,GCA_001686935,
,,,,,GCA_007989005,
,,,,,GCA_900100165,
140383,JM-222,"DSM 100397, CCM 8610, LMG 28821, CIP 111493, CIP 110906",1,Flavobacterium gossypii,1646119.3,15-30
,,,,,2830104207,
,,,,,GCA_014138495,
5547,KW05,"DSM 17797, IAM 15099, JCM 21560, KCTC 12201, NBRC 102009, DSM 19729, CIP 108709",1,Flavobacterium granuli,2695420922,15-37
,,,,,2695420924,30-May
,,,,,280093.5,
,,,,,280093.7,
,,,,,GCA_003003155,
,,,,,GCA_900129705,
5580,LQY-7,"DSM 22807, ACCC 05409, KCTC 23008, CIP 110398",1,Flavobacterium haoranii,2695421039,15-37
,,,,,683124.3,
,,,,,683124.6,
,,,,,GCA_009363055,
,,,,,GCA_900142055,
5568,WB4.2-33,"DSM 18292, LMG 26768, CIP 109241, WB 4.2-33",1,Flavobacterium hercynium,2724679814,29-Dec
,,,,,387094.4,
,,,,,GCA_002217285,
5531,LCI,"DSM 12611, ACAM 376, ATCC 51468, CIP 105745",1,Flavobacterium hibernum,2648501293,20
,,,,,37752.5,30-May
,,,,,37752.9,
,,,,,GCA_000832125,
,,,,,GCA_002217315,
133360,THG-HG1.4,"KACC 18852, CCTCC AB 2016178",1,Flavobacterium hibisci,GCA_020026925,15-35
5512,N,"DSM 2063, ATCC 29551, CCUG 35201, NCIMB 2215, LMG 8385, Cy aq1, CIP 104741, Cy aq 1",1,Flavobacterium hydatis,2617271209,10
,,,,,991.14,20-25
,,,,,991.19,May-35
,,,,,GCA_000737695,
,,,,,GCA_002217335,
166439,,"KACC 19591, NBRC 113423, IMCC 34758",1,Flavobacterium hydrophilum,GCA_003202405,30-Oct
,,,,,,20
5515,UW 101,"CCUG 35202, NCIMB 11054, LMG 1341, CFBP 3036, CIP 100931, JCM 8514, DSM 2064, ATCC 17061, IAM 14304, IFO 14942, NBRC 14942, NCIB 11054, Cy j3, MYX 1.1.1, BCRC 14874, GIFU 2500, LMG 1340, NCCB 96103, MYX 1.1.1.",1,Flavobacterium johnsoniae subsp. johnsoniae,2698536700,30-Oct
,,,,,376686.1,5
,,,,,376686.29,
,,,,,644736369,
,,,,,986.1,
,,,,,GCA_000016645,
,,,,,GCA_002221975,
,,,,,GCA_900142355,
158639,WV39,"KCTC 42908, CECT 9085",1,Flavobacterium kingsejongi,1981981.3,Oct-37
,,,,,GCA_003076475,
166500,LB2P30,"CGMCC 1.11271, NBRC 113059",1,Flavobacterium laiguense,2169409.3,20-Apr
,,,,,2879209363,
,,,,,GCA_003097655,
158745,THG-AG6.4,"KACC 18851, CGMCC 1.16060",1,Flavobacterium limi,2045105.3,Oct-35
,,,,,2045105.4,
,,,,,2906870539,
,,,,,GCA_010645075,
,,,,,GCA_014644395,
5535,ST-82,"DSM 15094, JCM 11473, CCUG 58906, LMG 21930, CIP 107957, KCTC 12494, NBRC 103156",1,Flavobacterium limicola,180441.4,15
,,,,,2698536747,20
,,,,,GCA_003634755,15-May
134073,JC2902,"KACC 16937, JCM 18661",1,Flavobacterium limnosediminis,2571042671,Oct-37
,,,,,GCA_000498535,
5571,IP-10,"DSM 21886, CCM 7424, MTCC 8597, CIP 109890",1,Flavobacterium lindanitolerans,2708743162,Oct-37
,,,,,2731639123,
,,,,,428988.11,
,,,,,428988.6,
,,,,,GCA_002846575,
,,,,,GCA_003663835,
,,,,,GCA_014385425,
158743,,"KCTC 52572, NBRC 112527, IMCC 26026",1,Flavobacterium luteum,2026654.3,20
,,,,,2906829834,Apr-37
,,,,,GCA_008806775,
140887,HQQ,"CGMCC 1.15347, KCTC 42935",1,Flavobacterium lutivivi,1677894.3,18-37
,,,,,GCA_014642275,
167796,,"YIM 102600, CCTCC AB 201632, KCTC 52099",1,Flavobacterium macacae,2488993.3,4.0-30.0
,,,,,GCA_003865365,
,,,,,RQVR00000000,
159809,HYN0048,"KACC 19180, NBRC 112740",1,Flavobacterium magnum,2791355216,Apr-35
,,,,,GCA_003055625,
133979,SW105,"CGMCC 1.10825, JCM 18132",1,Myroides aquimaris,1159016.3,15-45
,,,,,2596583585,
,,,,,GCA_900108395,
5544,R-9192,"DSM 17659, CIP 108161, LMG 21919, KCTC 2284",1,Flavobacterium micromati,229205.4,25-May
,,,,,2695420959,15
,,,,,GCA_900129585,15-May
164350,GS13,"JCM 32765, KCTC 62569",1,Flavobacterium nackdongense,2848968057,30-Oct
,,,,,GCA_004355225,20
133920,N1,"MTCC 11155, JCM 17678",1,Flavobacterium nitratireducens,GCA_029625335,15-37
133902,R-HLS-17,"CGMCC 1.10076, NBRC 108844",1,Flavobacterium noncentrifugens,1128970.3,0-29
,,,,,1128970.6,15
,,,,,2619618994,
,,,,,GCA_007992475,
,,,,,GCA_900100375,
5555,ZF-8,"DSM 19742, AS 1.2747, JCM 11313, CGMCC 1.2747, CIP 108050, KCTC 12490",1,Flavobacterium omnivorum,178355.3,10
,,,,,2617270789,11
,,,,,GCA_900099915,15-May
133311,SP3,"CGMCC 1.12506, NBRC 109717",1,Flavobacterium orientale,1756020.3,30-Apr
,,,,,GCA_014638005,
159808,HYN0049,"KACC 19181, NBRC 112741",1,Flavobacterium pallidum,2847327234,30-Apr
,,,,,GCA_003097535,
5528,81,"DSM 6368, ATCC 19366, IAM 14307, NCIB 9059, Dorey 81, Cy p1, JCM 8518, CIP 104742, IFO 15945, LMG 4031, LMG 8366, NBRC 15945, NCIMB 9059, VKM B-1171",1,Flavobacterium pectinovorum,2698536748,30-Oct
,,,,,29533.3,
,,,,,29533.5,
,,,,,GCA_002217365,
,,,,,GCA_900142715,
166492,ICH-30,"BCRC 81122, LMG 30579, KCTC 62513",1,Flavobacterium piscinae,2506424.5,15-35
,,,,,2882799759,20-30
,,,,,GCA_004122145,
,,,,,GCA_014451095,
5540,R-7582,"DSM 16141, CIP 108326, LMG 22018, KCTC 22843",1,Flavobacterium psychrolimnae,249351.3,25-May
,,,,,2879198178,20
,,,,,GCA_003312425,25-May
5529,3068,"DSM 3660, IAM 14308, NCMB 1947, JCM 8519, ATCC 49418, CCM 3594, CCUG 35200, CIP 103534, IFO 15942, LMG 13179, NBRC 100250, NBRC 15942, NCIMB 1947",1,Flavobacterium psychrophilum,1121894.3,22-Oct
,,,,,2622736523,15-20
,,,,,96345.93,20
,,,,,GCA_002217405,23-May
,,,,,GCA_900101925,
5530,TG 02/86,"DSM 21280, ATCC 49511, CIP 103535, JIP 02/86",0,Flavobacterium psychrophilum,402612.5,15
159751,P3922,"LMG 30616, CCM 8827",1,Flavobacterium psychroterrae,2133767.3,25-Jan
,,,,,GCA_018380615,
168505,RB1R5,"NBRC 113060, CGMCC 1.23024",1,Flavobacterium psychrotolerans,2169410.3,14-18
,,,,,GCA_003097635,4.0-25
,,,,,QCZI00000000,
140761,EA-12,"CGMCC 1.15345, NBRC 111769",1,Flavobacterium quisquiliarum,GCA_019308285,15-37
133758,FCS-5,"MTCC 10967, JCM 17928, CIP 110368",1,Flavobacterium rakeshii,1038845.3,20-37
,,,,,GCA_009741375,
166271,LB2P22,"CGMCC 1.11361, NBRC 113777",1,Flavobacterium ranwuense,2541725.3,0-25
,,,,,GCA_004349315,20
5577,WB3.2-61,"DSM 21791, CIP 109866, WB 3.2-61",1,Flavobacterium reichenbachii,362418.11,30-Jun
,,,,,GCA_002217435,20-26
5573,BD-b365,"DSM 19382, CIP 109941, KCTC 22078, CCUG 59848",1,Flavobacterium resistens,2724679687,15-40
,,,,,443612.6,20-30
,,,,,443612.9,
,,,,,GCA_009674815,
,,,,,GCA_900182645,
5575,WB3.3-2,"DSM 21788, CIP 109865, CCUG 58934, WB 3.3-2",1,Flavobacterium rivuli,1121895.5,29-Apr
,,,,,1121895.7,16-24
,,,,,2519103183,20
,,,,,GCA_000378485,
,,,,,GCA_000769825,
5516,024,"DSM 1811, IAM 14309, NCMB 2072, JCM 8520, ACAM 581, ATCC 49530, CIP 104743, IFO 15944, LMG 8384, NBRC 15944, NCIMB 2072",1,Flavobacterium saccharophilum,2698536752,30-Oct
,,,,,29534.3,30-Apr
,,,,,GCA_900142735,
5558,S13,"DSM 21664, CGMCC 1.3801, JCM 13331, CCUG 60843, CIP 109164",1,Flavobacterium saliperosum,1341155.3,20-34
,,,,,2576861653,
,,,,,2596583547,
,,,,,329186.7,
,,,,,GCA_000498515,
,,,,,GCA_900100625,
5574,"SS7, YC06274","DSM 21067, CIP 110183, KCTC 22246",1,Flavobacterium sasangense,1121896.3,Oct-35
,,,,,2563366726,
,,,,,GCA_000686885,
158690,YSM-43,"KACC 19435, KCTC 62142, NBRC 113020",1,Flavobacterium sediminilitoris,GCA_023008245,10
,,,,,,4
159816,,"KCTC 62132, JCM 32291, MEBiC 07310",1,Flavobacterium sediminis,2201181.3,17-43
,,,,,GCA_003148385,
5561,AT1048,"DSM 19741, CIP 109332, IMSNU 14050, JCM 12385, KCTC 12224",1,Flavobacterium segetis,2695420957,14.3-18.9
,,,,,271157.3,15
,,,,,GCA_900129575,5-21.8
,,,,,,7
166201,RD-2-33,"KEMB 9005-742, KACC 21178, NBRC 113789",1,Flavobacterium silvisoli,2882029220,15-40
,,,,,GCA_004329815,
133555,"0533, 533","CGMCC 1.8704, JCM 16398, CIP 110296",1,Flavobacterium sinopsychrotolerans,2619618873,25-Apr
,,,,,604089.3,20
,,,,,GCA_900110375,
5559,DS-6,"DSM 19725, CIP 108840, KCTC 12542",1,Flavobacterium soli,1121897.4,Apr-33
,,,,,2522572162,
,,,,,GCA_000422705,
141075,G16-7,"CGMCC 1.15461, KCTC 42947",1,Flavobacterium suaedae,1767027.3,15-40
,,,,,GCA_014642915,
5576,WB4.1-42,"DSM 21790, CIP 109867, WB 4.1-42",1,Flavobacterium subsaxonicum,1121898.3,Feb-38
,,,,,1121898.5,
,,,,,2524614667,
,,,,,GCA_000422725,
,,,,,GCA_000769935,
5526,8,"DSM 4002, IAM 14311, IFO 14905, NBRC 14905, Cy su3, JCM 21151, BCRC 81041, CIP 104744, LMG 10402, NCIMB 2277, Cy su 3",1,Flavobacterium succinicans,1450525.5,22-Oct
,,,,,2585427837,
,,,,,2693429891,
,,,,,29536.15,
,,,,,GCA_000611675,
,,,,,GCA_900114945,
166491,BBQ-12,"BCRC 81049, LMG 30051, KCTC 52809",1,Flavobacterium sufflavum,2885489574,30-Oct
,,,,,GCA_004016525,
5545,"GH 29-5, GH29-5","DSM 17707, CIP 109901, KACC 11423",1,Flavobacterium suncheonense,1121899.3,15-37
,,,,,1121899.5,
,,,,,2524614632,
,,,,,2630968897,
,,,,,GCA_000430025,
,,,,,GCA_000769835,
5578,WB2.3-68,"DSM 21789, CIP 109868, WB 2.3-68",1,Flavobacterium swingsii,2599185297,26-Mar
,,,,,498292.3,
,,,,,GCA_900111965,
5554,,"DSM 22377, ACAM 602, LMG 21423, CCUG 58907, CIP 107447",1,Flavobacterium tegetincola,1121901.3,20
,,,,,2524023138,25-May
,,,,,GCA_000425485,
5564,R2A1-13,"DSM 18829, CIP 109887, KACC 11731",1,Flavobacterium terrae,2695421047,May-37
,,,,,415425.3,
,,,,,GCA_900142035,
5549,DS-20,"DSM 17934, CIP 109939, KCTC 12761",1,Flavobacterium terrigena,2600255390,30-Oct
,,,,,402734.4,
,,,,,GCA_900108955,
133486,"0563, 563","CGMCC 1.6847, JCM 15087, CIP 110391",1,Flavobacterium tiangeerense,2596583560,26-Apr
,,,,,459471.3,18
,,,,,GCA_007830355,
166416,YH5,"CICC 24247, KCTC 62174",1,Flavobacterium tibetense,GCA_003293845,Oct-37
141070,GB 56.1,"TISTR 1612, KCTC 42679",1,Flavobacterium tistrianum,GCA_003254545,15-30
141064,THG-DN8.8,"KCTC 42726, CCTCC AB 2015295",1,Flavobacterium tyrosinilyticum,GCA_023656565,Apr-33
133685,Sr25,"CGMCC 1.9230, NBRC 106480",1,Flavobacterium urumqiense,2617270781,14.5
,,,,,935224.4,17-Feb
,,,,,GCA_900108015,
166281,T13,"KCTC 62874, ACCC 60126",1,Flavobacterium ustbae,GCA_003946915,30-Apr
5560,AT1042,"DSM 19727, CIP 109334, IMSNU 14048, JCM 12384, KCTC 12223",1,Flavobacterium weaverense,2698536818,15
,,,,,271156.3,15-19
,,,,,GCA_003688495,5-19.9
5542,5-O-C,"DSM 3661, ACAM 81, IAM 12026, NCMB 2069, JCM 20358, IFO 14972, LMG 8372, NBRC 14972, NCIMB 2069, CIP 107448",1,Flavobacterium xanthum,2700988712,10
,,,,,69322.3,15
,,,,,GCA_900142695,20
,,,,,,25-May
5556,ZF-6,"DSM 19743, AS 1.2749, JCM 11314, CGMCC 1.2749, CIP 108285, KCTC 12491",1,Flavobacterium xinjiangense,178356.3,10
,,,,,2663762760,11
,,,,,GCA_900142885,15-May
133684,Sr22,"CGMCC 1.9227, NBRC 106479",1,Flavobacterium xueshanense,2617270785,14
,,,,,935223.3,18-Feb
,,,,,GCA_900112975,
3784,,"DSM 103, ATCC 29496, BKM B-859, VKM B-859, CCUG 14833, CCM 2921",1,Flectobacillus major,2509601041,20-30
,,,,,929703.3,
,,,,,GCA_000427405,
3790,"CR-63, Fx f1","DSM 6793, ATCC 23079, CIP 103988, CCUG 5119, IFO 15060, LMG 3990, NCIMB 12853, NCMB 1377",1,Flexibacter flexilis,2675903165,15-30
,,,,,927664.3,
,,,,,GCA_900112255,
167595,BO-16,"KACC 19647, LMG 30859",1,Flexivirga caeni,GCA_003724155,Oct-40
,,,,,NZ_RJJQ00000000,
140492,,"KCTC 39536, CGMCC 1.15085, YIM 7505, JCM 30628",1,Flexivirga endophytica,1849103.3,20-45
,,,,,1849103.4,
,,,,,GCA_014640635,
,,,,,GCA_014652735,
140254,R1,"DSM 105369, JCM 31060, KACC 18597",1,Flexivirga oryzae,1794944.3,10.0-37.0
,,,,,2821263656,
,,,,,GCA_014190805,
158536,HibF3,"LMG 29831, JCM 31735",1,Floricoccus penangensis,1859475.4,15-40
,,,,,2788500174,7
,,,,,GCA_001832885,
158537,DF1,"LMG 29833, JCM 31733",1,Floricoccus tropicus,1859473.4,15-40
,,,,,2788500173,7
,,,,,GCA_001832905,
167730,SM1902,"KCTC 72045, MCCC 1K03596, CCTCC AB 2018346",1,Meridianimarinicoccus aquatilis,GCA_004358675,10.0-37.0
,,,,,SMZO00000000,
132964,4DR5,"DSM 105135, JCM 19370, KCTC 32475",1,Fluviicoccus keumensis,1435465.3,Oct-40
,,,,,2802429732,
,,,,,GCA_004217445,
166121,MAH-3,"KACC 19742, CGMCC 1.13750",1,Fluviicola chungangensis,2890755264,Oct-40
,,,,,GCA_007558725,
3249,RW262,"DSM 16823, NCIMB 13979",1,Fluviicola taffensis,2503707007,25-Apr
,,,,,755732.3,20
,,,,,GCA_000194605,
164432,33A1-SZDP,"JCM 32978, DSM 107810",1,Fluviispira multicolorata,2654512.3,20
,,,,,GCA_009208585,
,,,,,WFLN00000000,
17736,,"DSM 19247, JCM 14718, HKI 0501",1,Fodinicola feengrottensis,435914.3,Oct-32
,,,,,GCA_010993775,
14023,,"DSM 21160, CCTCC AA 208037, YIM D812",1,Fodinicurvata fenggangensis,2563366728,15-42
,,,,,570967.3,
,,,,,GCA_000686045,
14024,,"DSM 21159, KCTC 22351, YIM D82",1,Fodinicurvata sediminis,2523533601,15-42
,,,,,570952.8,
,,,,,GCA_000420625,
24294,P11-6,"DSM 28129, CECT 7605, CIP 110592, KCTC 13564",1,Fontibacillus panacisegetis,2634166350,15-42
,,,,,670482.3,
,,,,,GCA_900102215,
5588,M-2Alg 35-1,"DSM 15362, KCTC 12365, LMG 23005, KMM 3901, DSM 19837",1,Formosa agariphila,1347342.6,Apr-33
,,,,,2585427664,20
,,,,,GCA_000723205,
131144,,"DSM 16476, KMM 3553",1,Formosa algae,225843.5,May-35
,,,,,2724678980,
,,,,,2926654377,
,,,,,GCA_001439665,
169501,Hel3_A1_48,DSM 29894,0,Formosa sp.,1336795.4,20
,,,,,GCA_001735715,
133320,AHQ-12,"BCRC 80690, LMG 27847, KCTC 32501, DSM 109231",1,Formosimonas limnophila,1384487.3,10.0-37.0
,,,,,2923739291,20
,,,,,GCA_014652675,
5753,Shimane-1,"DSM 23729, LMG 26062",1,Francisella halioticida,2773857878,20
,,,,,549298.4,
,,,,,GCA_002211785,
141095,DL503,"LMG 29914, CGMCC 1.15944",1,Franconibacter daqui,2047724.3,Oct-50
,,,,,GCA_014644275,20-45
4377,513/05,"DSM 18396, CCUG 54944, CIP 109630, LMG 23732, JCM 16470",1,Franconibacter helveticus,1387568.4,Oct-44
,,,,,1405120.4,
,,,,,2617271155,
,,,,,GCA_000463115,
,,,,,GCA_000485945,
4380,601/05,"DSM 19144, LMG 24057, JCM 16471, CIP 110811",1,Franconibacter pulveris,1121863.3,Oct-44
,,,,,2556921006,
,,,,,GCA_000621185,
158273,"DLB, Dho","DSM 106169, NCCB 100648",1,Frateuria defendens,GCA_001182895,15-42
17461,VA24,"DSM 26515, CGMCC 1.7053, NBRC 104236",1,Frateuria terrea,2597490373,19-36
,,,,,2617270826,
,,,,,529704.3,
,,,,,529704.4,
,,,,,GCA_900109025,
,,,,,GCA_900115705,
12617,"A34_1, FA1","DSM 21741, NBRC 104963, KY 13132",1,Friedmanniella luteola,2630969010,18-28
,,,,,546871.3,
,,,,,GCA_900105065,
158179,"SLM-1, SP32","DSM 108390, CGMCC 1.13995, NBRC 109671",1,Frigidibacter albus,1465486.6,20
,,,,,1465486.8,
,,,,,2887307167,
,,,,,GCA_009881095,
,,,,,GCA_009908165,
,,,,,GCA_010993795,
,,,,,GCA_014640395,
7325,801,"DSM 10309, ATCC BAA-3, JCM 11265, KCTC 39911, CIP 107823, IAM 15122, NBRC 103066, VKM Ac-2505",1,Frigoribacterium faeni,145483.3,10
,,,,,145483.7,30-Oct
,,,,,2820973839,20
,,,,,GCA_007988805,
,,,,,GCA_014137965,
166983,PL17,"CECT 9407, VKM B-3467",1,Frigoriglobus tundricola,CP053452,15-22
,,,,,GCA_013128195,28-Apr
7502,E1HC-02,"DSM 17894, JCM 13598, CIP 109654",1,Frondihabitans australicus,2775506716,15-37
,,,,,386892.3,
,,,,,GCA_003634555,
6696,F9-1,"DSM 22689, JCM 16035, NRIC 0771",1,Fructilactobacillus florum,1423745.3,15
,,,,,1423745.4,
,,,,,2657244926,
,,,,,2728369675,
,,,,,GCA_001311215,
,,,,,GCA_001436645,
6461,,"CCUG 32260, NCIMB 8039, JCM 1117, IFO 13954, DSM 20203, ATCC 8288, NCIB 8039, BCRC 14623, CECT 4785, CIP 103042, KCTC 3543, LMG 9201, NBRC 13954, NCFB 2167, NRIC 0973, NRRL B-1841, VTT E-91473, NCDO 2167",1,Fructilactobacillus fructivorans,2660238229,10
,,,,,2901599293,15
,,,,,651324061,
,,,,,941770.3,
,,,,,941770.4,
,,,,,941770.5,
,,,,,GCA_000185465,
,,,,,GCA_001434095,
,,,,,GCA_003368395,
6519,L-12,"DSM 20451, ATCC 27651, NRRL B-3934, CCUG 30143, LMG 7946, JCM 5668, BCRC 14063, CIP 103252, KCTC 3205, LMG 16002, LMG 17498, NRIC 1548, NRRL: B-3934",1,Fructilactobacillus sanfranciscensis,1423800.3,15-37
,,,,,1423800.4,
,,,,,1625.37,
,,,,,2667527754,
,,,,,GCA_001436035,
,,,,,GCA_002907365,
,,,,,GCA_003369815,
6864,D-24,"DSM 19113, CCUG 49949, CIP 108761, LAB 1679, LMG 22556, JCM 17831, BCRC 81233, CECT 7089, NRIC 0663",1,Fructobacillus durionis,2603880187,20
,,,,,283737.4,5.0-35
,,,,,GCA_900112405,
6862,FS-1,"DSM 13613, JCM 12225, LMG 21928, NRRL B-23447, BCRC 81231, CIP 107593",1,Fructobacillus ficulneus,157463.3,10
,,,,,2775506870,15-37
,,,,,GCA_001047075,
6863,"LC-51, LC51","DSM 15468, CECT 5759, JCM 17832, BCRC 81234, CIP 109309, LMG 23899, NCIMB 14364, NRIC 0698",1,Fructobacillus pseudoficulneus,220714.3,15-37
,,,,,220714.4,
,,,,,2600254955,
,,,,,2814123065,
,,,,,GCA_001047115,
,,,,,GCA_900108455,
6865,F214-1,"DSM 23246, JCM 16675, BCRC 81232",1,Fructobacillus tropaeoli,2775506866,Oct-45
,,,,,GCA_001047135,
158488,NH11,DSM 27554,1,Fuerstiella marisgermanici,1891926.3,20
,,,,,GCA_001983935,
528,,"DSM 15513, ATCC BAA-666, KCTC 12091, CCUG 52903, CIP 108376, HTCC 2506",1,Fulvimarina pelagi,217511.4,10
,,,,,2657245493,4
,,,,,GCA_001463845,
133772,AK7,"MTCC 11053, JCM 17390",1,Fulvivirga imtechensis,1237149.6,20-40
,,,,,2531839228,
,,,,,GCA_000331535,
134217,,"CCTCC AB 206119, KCTC 12832, KMM 6220, JCM 16186, NBRC 106557",1,Fulvivirga kasyanovii,396812.3,14-44
,,,,,GCA_009711405,
141065,TM-6,"KCTC 42720, CECT 9024",1,Fulvivirga lutimaris,1819566.3,Oct-33
,,,,,GCA_009711525,4
18033,BELH1,"DSM 24436, JCM 17481",1,Fusibacter tunisiensis,1008308.3,15-40
,,,,,2901118534,
,,,,,GCA_016908355,
5590,SMK-12,"DSM 17032, KCTC 12379, JCM 12931, IAM 15373, CIP 108967",1,Gaetbulibacter saemankumensis,1121909.4,13-40
,,,,,2524614665,
,,,,,GCA_000425645,
160213,"JZ-R-35, JZ R-35","DSM 107699, LMG 30901",1,Galactobacter valiniphilus,GCA_003575975,15
,,,,,,4
133892,ck-I2-15,"CCTCC AB 209062, LMG 25228, MCCC 1A03044",1,Galbibacter marinus,2519899576,Oct-37
,,,,,GCA_000300875,
134228,Mok-17,"NBRC 101624, CIP 109219",1,Galbibacter mesophilus,GCA_023721415,Oct-42
17912,CEE_131,"DSM 21945, CECT 7479",1,Gallaecimonas pentaromativorans,2784746796,20-37
,,,,,584787.4,
,,,,,GCA_003751625,
130813,3-C-1,"DSM 100312, CCTCC AB 209060, LMG 25226, MCCC 1A01354",1,Gallaecimonas xiamenensis,2565956799,Oct-42
,,,,,745411.6,
,,,,,GCA_000299915,
135432,CNPA63,"CIP 104143, CCM 5995, CCUG 23138",0,Gallibacterium anatis,1396513.3,15
,,,,,2833294882,
,,,,,GCA_000771805,
140312,RP51,"DSM 100235, CCM 8606, LMG 28778",1,Galliscardovia ingluviei,1769422.3,15-49
,,,,,GCA_014635685,
1757,594,"DSM 4944, ATCC 14018, CCUG 3717, NCTC 10915, NCTC 10287, LMG 7832, JCM 11026, BCRC 17040, CIP 70.74, KCTC 5096, LMG 14323",1,Gardnerella vaginalis,2630968301,10
,,,,,2702.105,15
,,,,,2702.194,
,,,,,2841333980,
,,,,,2854645441,
,,,,,585528.11,
,,,,,585528.15,
,,,,,585528.19,
,,,,,585528.6,
,,,,,648276678,
135327,AmMS 117,"CIP 103660, ATCC 49145",0,Gardnerella vaginalis,2702.107,10
,,,,,2702.154,15
,,,,,2854671940,
,,,,,2854673377,
,,,,,GCA_001913835,
,,,,,GCA_003034925,
5597,,"DSM 12408, ACAM 536, ATCC 700364",1,Gelidibacter algens,2593339300,10
,,,,,49280.1,
,,,,,49280.15,
,,,,,GCA_001678675,
,,,,,GCA_003259265,
134131,IC158,"ACAM 1054, CIP 108531",1,Gelidibacter gilvus,2889945841,13.5
,,,,,GCA_004115975,15-30
,,,,,,5
5598,2SM29,"DSM 14095, ATCC BAA-813, CECT 5103, CCUG 47181, CIP 107655",1,Gelidibacter mesophilus,1121912.8,15-37
,,,,,2523231061,20
,,,,,GCA_000423005,5
134132,IC162,"ACAM 1053, CIP 108532",1,Gelidibacter salicanalis,291193.3,11.5
,,,,,GCA_007997285,30-May
158276,RAM11,"DSM 29853, NCAIM B.02618",1,Gellertiella hungarica,1572859.3,15-45
,,,,,2830095549,20-37
,,,,,GCA_014197145,
18122,M60449/99/1,"DSM 15828, CCUG 42726, CIP 106481, ATCC BAA-287",1,Gemella cuniculi,1121914.3,Oct-41
,,,,,2523533578,
,,,,,GCA_000425665,
138670,Neisseria haemolysans,"CIP 101126, ATCC 10379, NCTC 12968, CCUG 37985, DSM 107751, LMG 18984",1,Gemella haemolysans,1379.125,10
,,,,,1379.126,
,,,,,1379.127,
,,,,,1379.128,
,,,,,546270.5,
,,,,,645058834,
,,,,,GCA_000173915,
18121,2917 B,"DSM 20572, ATCC 27824, JCM 12968, VPI 5424, CCUG 15561, CCUG 18164, CECT 991, CIP 81.10, LMG 18985, NCDO 2228, NCIMB 702228, NCTC 11323",1,Gemella morbillorum,2808606651,10
,,,,,29391.35,
,,,,,29391.36,
,,,,,29391.37,
,,,,,29391.38,
,,,,,29391.4,
,,,,,GCA_900476045,
135122,M663-98-1,"CIP 106318, CCUG 39489, ATCC BAA-58",1,Gemella palaticanis,81950.3,10
,,,,,GCA_013415235,
17872,D2-3,"DSM 18922, ATCC BAA-1445, UCCCB102",1,Geminicoccus roseus,1089551.3,15
,,,,,2517093010,
,,,,,GCA_000427665,
162600,CC-PW-75,"JCM 19754, BCRC 80759",1,Gemmobacter aestuarii,2891415116,20-37
,,,,,GCA_004799285,
133579,A1-9,"CGMCC 1.7029, NBRC 104254, DSM 108272",1,Gemmobacter aquaticus,490185.6,Oct-40
,,,,,GCA_007859075,15-40
,,,,,GCA_014645295,
13657,DCA-1,"DSM 21823, CGMCC 1.7745",1,Gemmobacter caeni,2596583642,15-40
,,,,,2739367660,
,,,,,589035.3,
,,,,,589035.6,
,,,,,GCA_003054195,
,,,,,GCA_007830625,
134036,Orc-4,"BCRC 80378, LMG 26667, KCTC 23714",1,Gemmobacter lanyuensis,1054497.3,15-40
,,,,,GCA_014652355,
164373,YJ-T1-11,"JCM 32828, KCTC 62715",1,Gemmobacter lutimaris,2835163134,Apr-45
,,,,,GCA_003570715,
133682,Y12,"CCTCC AB 2010218, KCTC 23298",1,Gemmobacter nanjingensis,488454.3,Oct-40
,,,,,GCA_014652195,
13655,,"DSM 15620, JCM 11959, NBRC 100046, AST 4, CGMCC 1.8899, CGMCC 1.8904",1,Gemmobacter nectariphilus,1121271.3,15-40
,,,,,2524614723,20-37
,,,,,GCA_000429765,
141098,CAM-8,"KACC 19224, JCM 31905",1,Gemmobacter straminiformis,GCA_014243445,20-37
133896,Ruye-53,"BCRC 80261, KCTC 23310",1,Gemmobacter tilapiae,875041.3,Oct-37
,,,,,GCA_014652215,
1437,"BD 53, T 281, NRS-81","DSM 7263, ATCC 8005, NCIMB 8547, NRRL NRS-81, CCUG 28890, CIP 106929, LMG 9819, NCCB 30003, JCM 20319, BCRC 11223, IAM 11001, NBRC 102445",1,Geobacillus kaustophilus,1220595.3,10
,,,,,1220595.8,
,,,,,2600255052,
,,,,,2843255297,
,,,,,GCA_000739955,
,,,,,GCA_005160065,
1419,"R-35646, 26","DSM 22, ATCC 12980, CCM 2062, CCUG 26241, IAM 11062, LMG 6939, NBRC 12550, NCIMB 8923, NCTC 10339, VKM B-2231, IFO 12550, NCA 26, JCM 2501, BCRC 11092, CIP 66.23, KCTC 1665, KCTC 1752, NCFB 1768, NRRL B-1172, VKM B-510, VTT E-81128, UCCCB118, NCDO 1768",1,Geobacillus stearothermophilus,1366047.4,10
,,,,,2654587565,
,,,,,GCA_001277805,
1420,"N.R. Smith T17, 1518","DSM 5934, ATCC 7953, NCA 1518, NCIB 8157, NCTC 10007, JCM 9488, BCRC 10285, CCUG 621, CIP 52.81, IAM 11002, IFO 13737, LMG 13578, NBRC 13737, NCFB 733, NCIMB 8157, NCIMB 8925, VKM B-715, NCDO 733",0,Geobacillus stearothermophilus,2609459972,10
,,,,,937593.4,
,,,,,GCA_000705495,
1444,10,"DSM 13240, CIP 106956",0,Geobacillus stearothermophilus,272567.18,10
,,,,,272567.8,
134307,Rf4,"ATCC BAA-1134, JCM 13001",1,Geotalea uraniireducens,GCA_000016745,Oct-34
159073,LHW52908,"DSM 106570, CCTCC AA 2018014",1,Geodermatophilus marinus,GCA_003428645,20-40
24057,CF5/3,"DSM 45417, CCUG 62814, MTCC 11412, JCM 30064",1,Geodermatophilus normandii,1137989.5,15-40
,,,,,2585427554,
,,,,,GCA_003182485,
5823,,"DSM 45317, CCM 7619, CPCC 201356, JCM 17967",1,Geodermatophilus ruber,2622736605,Oct-40
,,,,,504800.3,
,,,,,GCA_900114385,
130341,AA-682,"DSM 44400, IFAM AA-682",0,Geodermatophilus sp.,1550230.4,15
,,,,,2599185197,
,,,,,GCA_900107175,
5822,CF9/1/1,"DSM 45421, CCUG 62764, MTCC 11415",1,Geodermatophilus telluris,1190417.3,15-40
,,,,,2602042050,
,,,,,GCA_900102745,
141033,HF401,"KCTC 42595, MCCC 1H00119",1,Geofilum rhodophaeum,2791354897,Apr-45
,,,,,GCA_002210225,
133723,JAM-BA0501,"JCM 15548, NCIMB 14482",1,Geofilum rubicundum,1236989.1,Oct-36
,,,,,2627853860,
,,,,,GCA_000974365,
18133,BH1,"DSM 21769, JCM 15647",1,Geomicrobium halophilum,2861595016,20-40
,,,,,549000.3,
,,,,,GCA_014207655,
23031,OSK6,"DSM 24905, JCM 17780",1,Geomobilimonas luticola,1114878.3,20-40
,,,,,GCA_018476905,
5803,Bem,"DSM 16622, ATCC BAA-1014, JCM 12645",1,Geomonas bemidjiensis,642555129,15-37
164428,S-16,"JCM 32971, KACC 19792",1,Piscinibacter terrae,2881451160,20-40
,,,,,GCA_003852895,
164571,ZLJ0423,"JCM 33470, CGMCC 1.13681",1,Georgenia faecalis,GCA_003710105,Apr-40
1771,1A-C,"DSM 14418, CCM 4963, JCM 12241, CIP 107920, NBRC 103560",1,Georgenia muralis,154117.3,10
,,,,,2784132082,15
,,,,,GCA_003814705,4
1773,,"DSM 17458, CCTCC AB 204065, KCTC 19029, NBRC 103883, YIM 004, JCM 15130",1,Georgenia ruanii,348442.3,10
,,,,,348442.4,
,,,,,GCA_009193175,
,,,,,GCA_009362295,
23795,"JC82, 5NBRC 107612","DSM 27632, KCTC 19802, NBRC 107612",1,Georgenia satyanarayanai,860221.5,Apr-40
,,,,,GCA_009193135,
167839,"WS11, WS 11","MCCC 1K03498, KCTC 62439",1,Georhizobium profundi,CP032509,20-30
,,,,,GCA_003952725,
5807,FRC-32,"DSM 22248, JCM 15807",1,Geotalea daltonii,GCA_000022265,20-35
134675,,"CIP 107877, ATCC 35958, NCIMB 9012, NRRL B-2067, CCUG 49446, IAM 14948, IFO 14917, ATCC 11879, ATCC 19259, JCM 21430, NBRC 14917",1,Giesbergeria anulus,180197.3,15-30
,,,,,2597490351,5
,,,,,GCA_900111115,
134128,IC154,"ACAM 1061, CIP 108528, KCTC 62006",1,Gillisia hiemivivida,291190.3,11.5
,,,,,GCA_007997295,30-May
5600,R-8282,"DSM 15749, LMG 21470, CIP 108418",1,Gillisia limnaea,2506783053,25-May
,,,,,865937.3,20
,,,,,GCA_000243235,22-May
133955,CBA3202,"KACC 16693, KCTC 32030, JCM 18402",1,Gillisia marina,2548877032,30-Apr
,,,,,GCA_000258765,15
169550,"Hel_I_29, Hel1_29",DSM 29331,1,Gillisia sp.,1249975.4,15
,,,,,GCA_000744275,
169551,"Hel_I_86, Hel1_86",DSM 29334,0,Gillisia sp.,1249981.3,12
,,,,,GCA_007827275,
134214,Mok-1-36,"NBRC 101626, CIP 109286",1,Gilvibacter sediminis,GCA_028561565,15-37
17899,,"DSM 19667, CGMCC 1.7008, QM 42",1,Gilvimarinus chinensis,1121921.14,Apr-40
,,,,,2519103187,
,,,,,GCA_000377745,
160642,"Pan241weiss, Pan241w","DSM 100744, LMG 31345, CECT 9841, VKM B-3430",1,Gimesia alba,GCA_007744675,15-33
166414,Pan161,"CECT 30192, STH 00943, LMG 29130",1,Gimesia algae,GCA_007746795,30-Oct
160299,V144,"DSM 101710, VKM B-3433",1,Gimesia aquarii,GCA_007748195,15-30
169440,"AV41, V6","DSM 29811, LMG 29078",1,Gimesia chilikensis,GCA_007748135,20
160477,"Enrichment17, Enr17","DSM 100710, VKM B-3429",1,Gimesia fumaroli,GCA_007754425,30-Oct
160662,"Enrichment 10, Enr10","DSM 100416, LMG 29082",1,Gimesia panareensis,GCA_007748155,15-37
451,"ICO29, C12ST5","DSM 14239, ACAM 615, CIP 105819",1,Glaciecola pallidula,1121922.3,10
,,,,,2524023167,15-Oct
,,,,,2531839186,15
,,,,,GCA_000315035,18-20
,,,,,GCA_000428905,18-May
136875,ICO 67,"CIP 105817, ACAM 611",1,Glaciecola punicea,1121923.3,10
,,,,,GCA_000252165,18
,,,,,,15-May
7505,,"DSM 21135, NBRC 104264, AHU 1791",1,Glaciibacter superstes,1121924.6,15
,,,,,2524614536,20
,,,,,GCA_000421145,
166145,RP-3-7,"KEMB 9005-731, KACC 21151, NBRC 113769",1,Glaciihabitans arcticus,2866619316,15-20
,,,,,GCA_004310685,28-Apr
163876,,"JCM 30778, CGMCC 1.12484, KCTC 29148",1,Glaciihabitans tibetensis,1266600.3,20
,,,,,2718217681,
,,,,,GCA_003003265,
11376,Cr9-30,"DSM 23240, LMG 25547, UCCCB32",1,Glaciimonas immobilis,2861618822,1
,,,,,728004.4,20-Jan
,,,,,728004.5,10
,,,,,GCA_011947285,20
,,,,,GCA_014202815,
164247,GS1,"JCM 32375, BCRC 81091",1,Glaciimonas soli,2590999.3,15-Oct
,,,,,GCA_009497155,15
,,,,,,25-Apr
11715,1374,"DSM 21448, ATCC 19417, CCUG 3712, CIP 100918, CIP 58.8, NCTC 4557, KCTC 15419",1,Glaesserella parasuis,2834240801,15
,,,,,2837132019,
,,,,,738.59,
,,,,,738.85,
,,,,,GCA_002015085,
,,,,,GCA_900450925,
179,M343/98/2,"DSM 15436, CCUG 41708, CIP 106873",1,Gleimia coleocanis,525245.3,10
,,,,,643886017,5
,,,,,GCA_000159015,
234,,"DSM 15739, CCUG 44365, CIP 107175, LMG 18844, GEM 604",1,Globicatella sulfidifaciens,1121925.5,10
,,,,,2524614644,
,,,,,GCA_900167405,
134017,T6203-4-1a,"JCM 19092, NCIMB 14860, LMG 27801",1,Gluconacetobacter aggeris,1286186.4,15-30
,,,,,2910459275,
,,,,,GCA_014174395,
133744,K8617-1- 1b,"JCM 17772, NCIMB 14759, BCRC 80741, LMG 27724",1,Gluconacetobacter asukensis,1017181.4,15-30
,,,,,GCA_014174375,
41,,"DSM 5603, ATCC 14835, CCUG 18124, IAM 1834, IFO 12388, LMG 1381, LMG 1382, NBRC 12388, NCIMB 9136, JCM 17840, BCRC 12950, CCM 3621, CIP 103109",1,Gluconacetobacter liquefaciens,2756170231,10
,,,,,89584.5,
,,,,,89584.7,
,,,,,89584.9,
,,,,,GCA_003350405,
,,,,,GCA_006539085,
,,,,,GCA_014174285,
134019,T61213-20-1a,"JCM 19094, NCIMB 14859, LMG 27800",1,Gluconacetobacter takamatsuzukensis,1286190.4,15-30
,,,,,2910470307,
,,,,,GCA_014174275,
133743,K5929-2-1b,"JCM 17774, NCIMB 14760, BCRC 80742, LMG 27725",1,Gluconacetobacter tumulicola,1017177.4,15-30
,,,,,GCA_014174215,
134018,T611xx-1-4a,"JCM 19097, NCIMB 14861, LMG 27802",1,Gluconacetobacter tumulisoli,1286189.4,15-30
,,,,,2910421449,
,,,,,GCA_014174155,
55,,"DSM 7148, ATCC 49206, JCM 21279, CIP 104733, IAM 14721, IFO 3276, LMG 1390, NBRC 3276, NCIMB 13199",0,Gluconobacter cerinus,38307.39,10
,,,,,GCA_018812125,5
53,40,"DSM 7146, ATCC 49207, IFO 3264, NBRC 3264, CIP 104735",1,Gluconobacter frateurii,38308.3,10
,,,,,GCA_002723955,5
46,,"DSM 2343, ATCC 621H, NCIB 8036, CIP 104215, NCIMB 8036",0,Gluconobacter oxydans,290633.11,10
,,,,,290633.23,5
,,,,,290633.24,
,,,,,290633.25,
,,,,,290633.26,
,,,,,290633.27,
137575,F149-1,"CIP 108781, BCC 14116, NBRC 100600, PCU 225, TISTR 1533, JCM 12310, LMG 23137",1,Gluconobacter thailandicus,1231357.3,10
,,,,,1231357.4,
,,,,,257438.4,
,,,,,2728368905,
,,,,,GCA_000964465,
,,,,,GCA_001580935,
,,,,,GCA_007990185,
7602,Re117,"DSM 16368, CIP 108037, JCM 13566, IAM 15318, NCIMB 14258, VTT E-072719",1,Glutamicibacter arilaitensis,649633006,30-Oct
,,,,,861360.22,
,,,,,861360.23,
,,,,,GCA_000197735,
7534,M-570,"DSM 20168, ATCC 19271, CCEB 282, CIP 106987, JCM 1973, LMG 16324, NBRC 12128, VKM Ac-2104, BCRC 12118, CCM 4749, CGMCC 1.1921, IFO 12128, KACC 10933, KCTC 3385, NCIMB 12765, CCRC 12118",1,Glutamicibacter protophormiae,2918390780,Oct-37
,,,,,37930.4,
,,,,,37930.6,
,,,,,GCA_014647495,
,,,,,GCA_017876615,
164440,ZYF765,"JCM 33028, MCCC 1K03554",1,Glycocaulis profundi,GCA_007050995,16.0-37.0
,,,,,VJOU00000000,
5840,LLR-39Z-86,"DSM 44727, JCM 14910, NRRL B-16327, NBRC 103888",1,Glycomyces algeriensis,2923461097,15-37
,,,,,GCA_027622855,
5841,DPL-G-76,"DSM 44726, JCM 14911, NRRL B-16153, NBRC 103886",1,Glycomyces arizonensis,1121926.3,20-37
,,,,,2523533535,
,,,,,GCA_000482705,
164532,18,"JCM 33362, CGMCC 4.7610",1,Glycomyces buryatensis,GCA_004912275,15-35
158370,SJ-25,"DSM 105121, CGMCC 4.7414",1,Glycomyces dulcitolivorans,2835077007,20-40
,,,,,GCA_003265355,
5842,LLR-37B-118,"DSM 44724, JCM 14912, NBRC 107746, NRRL B-16149, NBRC 104152",1,Glycomyces lechevalierae,2923443038,15-37
,,,,,GCA_027622945,
158367,,"DSM 102295, KCTC 39745, CPCC 204357",1,Glycomyces paridis,2126555.3,15-30
,,,,,2891549231,
,,,,,GCA_004912155,
5845,E71,"DSM 45047, CGMCC 4.3147, CIP 109798, NBRC 105523, JCM 15472",1,Glycomyces sambucus,2671180087,20-37
,,,,,380244.4,
,,,,,GCA_900102815,
159666,01 029 clonal,"DSM 107014, SAG 52.96",0,Gomphosphaeria aponina,1521640.3,17
,,,,,GCA_016903655,
13508,,"DSM 43935, CIP 109303, INA 3564, JCM 9110, NBRC 14988, NRRL B-24058, VKM Ac-1083, CGMCC 4.1709, IFO 14988, IMSNU 20127, KCTC 9390",1,Goodfellowiella coeruleoviolacea,2596583534,15-45
,,,,,GCA_000715825,
,,,,,GCA_024171785,
10578,"E9028, N934","DSM 43978, ATCC 33611, JCM 6046, CIP 104184, IFO 16046, KCTC 9808, NBRC 108223, NBRC 16046, NRRL B-16934, PCM 2573",1,Gordonia aichiensis,1220583.3,Oct-41
,,,,,2523231036,
,,,,,GCA_000332975,
10585,2102-488,"DSM 44369, IFO 16433, JCM 10677, NBRC 16433, HKI 0136, CIP 106363, IFM 10352, KCTC 9951, NCIMB 13615",1,Gordonia alkanivorans,1027371.3,10
,,,,,2512047058,
,,,,,GCA_000225505,
10576,"Se6, A-0171","DSM 43392, ATCC 27808, CCM 2753, DSM 43376, DSM 43587, IMET 7518, IMRU 3960, JCM 3171, KCC A-0171, NCIB 11222, BCRC 13728, CECT 5704, CGMCC 4.1126, CGMCC 4.1494, CIP 104501, HAMBI 2282, IFM 0210, IFO 15530, IMSNU 21177, KCTC 9803, NBRC 15530, NCIMB 11222, NRRL B-16281, NRRL B-8176, VKM Ac-801",1,Gordonia amarae,1075090.3,10
,,,,,2514885044,
,,,,,GCA_000241345,
10601,IEGM,"DSM 44461, CIP 108824, KCTC 9940, CCUG 48822, JCM 11271, KCTC 9899, NBRC 100051, BCRC 16387, IFM 10353",1,Gordonia amicalis,1220574.3,Oct-37
,,,,,1220574.5,
,,,,,2523231037,
,,,,,2734481960,
,,,,,89053.6,
,,,,,GCA_000332995,
,,,,,GCA_001313725,
,,,,,GCA_012395955,
10542,3410,"DSM 43247, ATCC 25592, JCM 3198, KCC A-0198, NCTC 10667, BCRC 13721, CCM 2631, CCUG 20989, CCUG 34317, CCUG 34956, CIP 100847, IFM 0150, IFO 16047, IMET 7370, IMSNU 22088, JCM 3231, KCTC 3076, LMG 5355, NBRC 16047, PCM 2167, VKM Ac-956",1,Gordonia bronchialis,2054.5,Oct-37
,,,,,2854968586,
,,,,,526226.15,
,,,,,526226.8,
,,,,,646311932,
,,,,,GCA_000024785,
,,,,,GCA_900450805,
10545,"50006, Gdf N885","DSM 46035, CIP 104658, IMET 7420, Tsukamura 50006, Tsukamura E3413",0,Gordonia bronchialis,2054.13,10
,,,,,2054.14,
,,,,,2054.16,
,,,,,2054.8,
10621,ON-33,"DSM 45645, CCUG 57507, KCTC 19599, JCM 16947",1,Gordonia hankookensis,GCA_014673215,Oct-37
10580,K 718a,"CCUG 38498, DSM 44140, CIP 105097, JCM 10105, ATCC 700255, CECT 7018, IFO 16056, KCTC 9816, NBRC 16056, PCM 2574",1,Gordonia hirsuta,1121927.3,10
,,,,,2526164525,
,,,,,2563367079,
,,,,,GCA_000333015,
,,,,,GCA_000420685,
133133,HKU50,"CCOS 955, CIP 111027, NBRC 111234, NCCP 16210, JCM 31934, NCTC 13704",1,Gordonia hongkongensis,GCA_023078355,20-48
10579,1610/1b,"DSM 44015, ATCC 700089, CIP 104672, IFO 16057, NBRC 16057, CCUG 38497, CECT 7021, JCM 10086, BCRC 16394, KCTC 9814, PCM 2575",1,Gordonia hydrophobica,1223541.3,10
,,,,,2675903489,
,,,,,GCA_001592365,
10604,NAM-BN063A,"DSM 44568, NCIMB 13800, JCM 12074, BCRC 16392, CCUG 47264, CIP 107614, IFM 10356, KCTC 9952, NBRC 108229",1,Gordonia namibiensis,1208314.3,10
,,,,,2523231041,
,,,,,GCA_000298235,
166494,RS15-1S,"TBRC 8485, NBRC 113446",1,Gordonia oryzae,2866513116,17-37
,,,,,GCA_003797185,
10607,"AS4.1730, HD321","DSM 44604, JCM 12461, BCRC 16372, CGMCC 4.1730, CIP 108331, IFM 10631, NBRC 108238, NCIMB 14305, AS 4.1730",1,Gordonia paraffinivorans,1223543.3,10
,,,,,2523231042,
,,,,,GCA_000344155,
141149,QH-11,"CICC 24107, KCTC 39933, DSM 108671",1,Gordonia phthalatica,2648501237,15-40
,,,,,GCA_001305675,
10598,Kd2,"DSM 44302, ATCC BAA-14, IFO 16320, JCM 10675, NBRC 16320, CIP 106350, IFM 10351, KCTC 9953, NCIMB 13616",1,Gordonia polyisoprenivorans,1077976.3,10
,,,,,1077976.8,
,,,,,2523231043,
,,,,,2734481953,
,,,,,GCA_000241325,
,,,,,GCA_001313585,
,,,,,GCA_012396285,
10596,141,"DSM 44383, IFO 16068, NBRC 16068, JCM 10426, BCRC 16393, CIP 105727, IFM 10357, KCTC 9824, NCIMB 13848, VKM Ac-2072",1,Gordonia rhizosphera,1108045.3,10
,,,,,2523231044,
,,,,,GCA_000298195,
10559,,"DSM 43197, ATCC 14352, JCM 3204, KCC A-0204, NCIB 9664, CCUG 34957, LMG 5367, CIP 104661, BCRC 12520, IFM 10321, IFO 16048, IMET 7277, KCTC 9802, LMG 4083, NBRC 101908, NBRC 16048, NCIMB 9664, VKM Ac-1016, IMET 7217, ICPB 4415",1,Gordonia rubripertincta,1077975.4,Oct-41
,,,,,2523231045,
,,,,,36822.12,
,,,,,GCA_000327325,
,,,,,GCA_012396225,
10617,SD29,"DSM 45094, CGMCC 4.3492, JCM 13907, CIP 109551",1,Gordonia shandongensis,1121928.3,20-37
,,,,,2524614582,
,,,,,GCA_000423025,
10606,KAIST,"DSM 44576, CIP 108158, NRRL B-24155, SPR 2, JCM 13435, BCRC 16380, IFM 10619, NBRC 108236",1,Gordonia sihwensis,1223544.3,10
,,,,,2523231046,
,,,,,GCA_000333035,
10570,3884,"DSM 43896, ATCC 29627, IMET 7569, JCM 3228, KCC A-0228, CCUG 47138, CIP 100849, BCRC 13698, CCM 3354, IFO 16049, KCTC 3436, NBRC 100414, NBRC 16049, PCM 2576",1,Gordonia sputi,1089453.3,10
,,,,,2513237321,
,,,,,36823.3,
,,,,,GCA_000248055,
,,,,,GCA_012396255,
10548,3612,"DSM 43249, ATCC 25594, NCTC 10669, JCM 3206, BCRC 13382, CCM 2633, CCUG 34959, CECT 5707, CIP 104295, IFM 0161, IFO 16050, IMET 7371, JCM 3229, KCTC 9807, LMG 5369, NBRC 100016, NBRC 16050, NRRL B-16283, VKM Ac-1023, CCUG 12164",1,Gordonia terrae,1089454.3,10
,,,,,2055.17,
,,,,,2055.8,
,,,,,2513237320,
,,,,,GCA_000248035,
,,,,,GCA_000716975,
,,,,,GCA_001698225,
,,,,,GCA_901542405,
10603,"ID 3752, Kb 2","DSM 44215, JCM 11757, NRRL B-24152, CCUG 46924, CIP 107642, IFM 10629, KCTC 9954, NBRC 108237",1,Gordonia westfalica,1305624.4,10
,,,,,158898.6,
,,,,,158898.7,
,,,,,2636416072,
,,,,,2675903634,
,,,,,GCA_001313785,
,,,,,GCA_900105725,
1256,B1761,"DSM 18845, CIP 107105, JCM 12212, KCTC 3846, LMG 18422",1,Gottfriedia luciferensis,178774.9,10
,,,,,2916864039,15-20
,,,,,GCA_002156865,
158259,NEAU-cbsb5,"DSM 100485, CGMCC 1.14993",1,Gottfriedia solisilvae,1516104.166,15-40
,,,,,1516104.3,
,,,,,GCA_002128405,
,,,,,GCA_014640495,
1461,T-16x,"DSM 17256, ATCC BAA-1190, CIP 109592, IAM 15263, JCM 21714",1,Gracilibacillus boraciitolerans,1298598.3,16.0-37.0
,,,,,2609459992,
,,,,,GCA_000521485,
1459,DD1,"DSM 11125, NCFB 3027, CIP 105095",1,Gracilibacillus dipsosauri,GCA_003176895,10
1460,NN,"DSM 11805, JCM 10718, ATCC 700849",1,Gracilibacillus halotolerans,2829726240,6.0-50.0
,,,,,74386.3,
,,,,,GCA_014206945,
1468,K170,"DSM 23178, CGMCC 1.10681",1,Gracilibacillus kekensis,1027249.3,4.0-50.0
,,,,,2667528169,
,,,,,GCA_900143085,
1464,BH312,"DSM 19029, KCTC 13129",1,Gracilibacillus lacisalsi,1121929.3,15.0-50.0
,,,,,2519103189,
,,,,,GCA_000377765,
1465,,"DSM 19802, CCTCC AA 208015, YIM 91119",1,Gracilibacillus saliphilus,543890.3,4.0-45.0
,,,,,GCA_010994085,
1466,TP2-8,"DSM 23862, JCM 15569, PCU 304, TISTR 1881, CGMCC 1.10450",1,Gracilibacillus thailandensis,GCA_009659515,15.0-55.0
,,,,,GCA_010994055,
158807,LA399,"CGMCC 1.16248, KCTC 52885",1,Gracilimonas amylolytica,2833079920,20-40
,,,,,GCA_002911695,
24739,,"DSM 21985, ACCC 10717, YIM J14",1,Gracilimonas mengyeensis,1302730.3,20-37
,,,,,2724679790,
,,,,,GCA_900182705,
17764,CL-CB462,"DSM 19535, KCCM 90063",1,Gracilimonas tropica,1121930.3,20-40
,,,,,2515154158,
,,,,,GCA_000375425,
133966,BS12,"KACC 16188, JCM 17790",1,Christiangramia aestuarii,2891820663,May-40
,,,,,GCA_009735585,
24046,KT0803,"DSM 17595, CGMCC 1.15422",1,Christiangramia forsetii,411153.5,2.0-30.0
,,,,,411154.11,
,,,,,639633025,
,,,,,GCA_000060345,
,,,,,GCA_014642775,
5718,UST040801-001,"DSM 23547, JCM 13192, NBRC 101534, NRRL B-41137, CIP 109020, KCTC 22434",1,Christiangramia portivictoriae,1121932.6,Apr-36
,,,,,2524614725,
,,,,,GCA_000423045,
159710,LPB0144,"KACC 18894, JCM 31560",1,Christiangramia salexigens,2718217989,Apr-40
,,,,,GCA_001889005,
169682,"Hel_I_59, Hel1_59",DSM 29336,0,Christiangramia sp.,1249978.3,15
,,,,,GCA_006714895,
2274,GaD,"DSM 9848, ATCC 49175, CIP 103243, CCUG 27637 A, CCUG 27809",1,Granulicatella adiacens,46124.66,10
,,,,,46124.67,5
,,,,,46124.71,
,,,,,46124.72,
,,,,,638301.3,
,,,,,638301.55,
,,,,,645951817,
,,,,,GCA_000160675,
,,,,,GCA_025150565,
2276,M1975/96/1,"DSM 15827, ATCC 700813, CCUG 37380, CIP 105938",1,Granulicatella balaenopterae,137733.3,10
,,,,,2684622850,
,,,,,GCA_900111135,
2275,"B1333, B-1333","DSM 11693, CCUG 38949, CCM 4945, CIP 105513",1,Granulicatella elegans,137732.26,10
,,,,,137732.27,
138,TPB6028,"DSM 22516, LMG 25274, VKM B-2571",1,Granulicella aggregans,GCA_025685565,18.0-22.0
,,,,,,2.0-33.0
,,,,,,20
22898,MP5ACTX2,"DSM 23128, ATCC BAA-1858",1,Granulicella arctica,GCA_025685605,20
,,,,,,28-Apr
22899,MP5ACTX8,"DSM 23137, ATCC BAA-1857",1,Granulicella mallensis,2503982037,20
,,,,,682795.3,28-Apr
,,,,,GCA_000178955,
139,OB1010,"DSM 22464, LMG 25275",1,Granulicella paludicola,GCA_025685545,18.0-22.0
,,,,,,2.0-33.0
,,,,,,20
137,TPB6011,"DSM 21001, VKM B-2509",1,Granulicella pectinivorans,2687453730,18.0-22.0
,,,,,474950.3,2.0-33.0
,,,,,GCA_900114625,20
136,"T4, TPO-1014","DSM 18704, ATCC BAA-1396, TPO 1014",1,Granulicella rosea,2681813547,18.0-22.0
,,,,,474952.3,2.0-33.0
,,,,,GCA_900188085,20
158483,AF10,"DSM 104461, VKM B-3276",1,Granulicella sibirica,2880944282,Feb-30
,,,,,GCA_004115155,
22901,MP5ACTX9,"DSM 23138, ATCC BAA-1859",1,Granulicella tundricola,1198114.1,20
,,,,,1198114.11,28-Apr
,,,,,1198114.7,
,,,,,1198114.8,
,,,,,1198114.9,
,,,,,649633002,
,,,,,GCA_000178975,
12620,PG-02,"DSM 17626, ATCC BAA-1292, CIP 109593, JCM 15570, NBRC 107789",1,Granulicoccus phenolivorans,1121933.4,15-37
,,,,,1220580.4,
,,,,,1303682.4,
,,,,,2522572156,
,,,,,2731957581,
,,,,,2734481947,
,,,,,GCA_000423085,
,,,,,GCA_001313465,
,,,,,GCA_001552335,
140804,96-237,"CECT 9029, KCTC 42960, LMG 29238",1,Grimontia celeris,1796497.3,15-40
,,,,,2713897040,4
,,,,,GCA_900055185,
168512,2DFW10M-5,"NBRC 113049, KACC 19316",1,Gryllotalpicola protaetiae,2419771.3,Oct-37
,,,,,CP032624,
,,,,,GCA_003627055,
10518,HT27,"DSM 17901, JCM 15969",1,Gulbenkiania indica,2616644830,15-45
,,,,,375574.1,
,,,,,375574.9,
,,,,,GCA_001418035,
,,,,,GCA_001517245,
10519,E4FC31,"DSM 18507, CCUG 54946, LMG 23770",1,Gulbenkiania mobilis,2799112276,15-45
,,,,,397457.6,
7478,S7-7,"CCUG 50209, DSM 17450, IAM 14848, TISTR 1511, JCM 12920, CIP 108567, NBRC 103089",1,Gulosibacter bifidus,1349787.3,10
,,,,,2731957611,15
,,,,,GCA_001570925,
7330,,"DSM 26462, CAU 9625, CCUG 60841, KCTC 13959",1,Gulosibacter chungangensis,979746.3,15-40
,,,,,GCA_008831155,
7329,ON4,"DSM 13485, CCUG 49965, LMG 21909, JCM 13320, CIP 108515, IAM 15172, NCIMB 14246",1,Gulosibacter molinativorax,1121934.3,Oct-37
,,,,,2524614660,Oct-41
,,,,,2802429658,
,,,,,GCA_000425685,
,,,,,GCA_003010915,
6092,R3,"DSM 7121, ATCC 51453",1,Guyparkeria hydrothermalis,GCA_023555375,Nov-45
140661,YC6258,"NBRC 109345, KCCM 43015",1,Gynuella sunshinyii,1445510.6,Oct-40
,,,,,2630968578,
,,,,,GCA_000940805,
166445,,"CGMCC 1.15525, NBRC 112424, HBUM 179779",1,Gynurincola endophyticus,GCA_003991195,15-40
136703,9,"CIP 107725, CCUG 47968",1,Haematobacter massiliensis,195105.32,May-37
,,,,,2600255081,
,,,,,GCA_000740795,
11708,536,"DSM 21417, ATCC 10014, CCUG 3716, CIP 56.86, NCTC 8479",1,Haemophilus parahaemolyticus,1095744.7,15
,,,,,2916270391,
,,,,,2924818472,
,,,,,735.3,
,,,,,735.52,
,,,,,GCA_002015035,
,,,,,GCA_900450675,
11707,Wound,"DSM 8978, ATCC 33392, NCTC 7857, CCUG 12836, KCTC 15417, CIP 102513",1,Haemophilus parainfluenzae,2916268294,15
,,,,,651324039,
,,,,,729.2141,
,,,,,888828.15,
,,,,,888828.3,
,,,,,888828.6,
,,,,,GCA_000191405,
,,,,,GCA_000746485,
,,,,,GCA_900450845,
11709,HK 85,"DSM 17240, CCUG 48703, NCTC 13334, CIP 108658",1,Haemophilus pittmaniae,249188.3,15
,,,,,2773857811,
,,,,,GCA_000223275,
,,,,,GCA_900186995,
4938,Type 32011,"DSM 30163, ATCC 13337, CIP 57.31, NCDC 434-68, NCTC 8105, WDCM 00095, JCM 1666, CCUG 15720, CCUG 41547, CECT 158, CGMCC 1.2026, HAMBI 1876, LMG 10392, NBRC 105685, NCIMB 11999, NCIMB 13060, NRRL B-4260, VTT E-022142, VTT E-991294",1,Hafnia alvei,2588253788,Oct-41
,,,,,569.79,5
,,,,,910996.3,
,,,,,910996.5,
,,,,,GCA_000735375,
,,,,,GCA_003668715,
,,,,,GCA_900451105,
139255,5632-72,"CIP 104949, ATCC 29926",0,Hafnia alvei,569.29,May-41
,,,,,GCA_000980975,
133593,4510-73,"CDC 4510-73, LMG 24706, ATCC 29927, CIP 104950",1,Hafnia paralvei,1354263.4,May-41
,,,,,GCA_001655005,
,,,,,GCA_023698525,
163702,,"JCM 30077, CGMCC 1.12806",1,Hafnia psychrotolerans,1477018.4,15
,,,,,GCA_014639435,
162354,,"JCM 18949, IMSNU 11157, KCTC 2396",1,Hahella chejuensis,349521.8,20
,,,,,637000128,
,,,,,GCA_000012985,
5851,FR1050,"DSM 17046, JCM 12486, KCTC 12277, CIP 108747, IMSNU 60136",1,Hahella ganghwensis,1121935.11,15-40
,,,,,2519899685,May-41
,,,,,GCA_000376785,
5972,D43,"DSM 19505, JCM 15962, KCTC 4055",1,Haladaptatus cibarius,1455608.3,15-50
,,,,,2582580505,
,,,,,GCA_000710615,
1516,BH2,"DSM 18494, JCM 14192, BCRC 80128, CIP 109651",1,Halalkalibacillus halophilus,1121936.5,20-40
,,,,,2524023153,
,,,,,GCA_000423105,
1261,1139,"DSM 21942, ATCC 43226, CIP 109018, JCM 9157",1,Halalkalibacter akibai,1236973.3,20-45
,,,,,1236973.5,
,,,,,2609459843,
,,,,,GCA_000513135,
,,,,,GCA_001315085,
1241,C-11,"DSM 16731, JCM 9152, CIP 109021, FERM 3071",1,Halalkalibacter hemicellulosilyticus,1236971.3,Oct-40
,,,,,1236971.4,
,,,,,2609459771,
,,,,,GCA_000513115,
,,,,,GCA_001315065,
1252,AM31D,"DSM 18225, IAM 15000, JCM 11691, NCIMB 13904, CIP 108137, NBRC 102362",1,Halalkalibacter krulwichiae,1220588.3,10
,,,,,2731957674,
,,,,,2773857802,
,,,,,GCA_001591945,
,,,,,GCA_002109385,
23707,NH3,"DSM 27953, CGMCC 1.10116, JCM 16507",1,Halalkalibacter nanhaiisediminis,2596583586,Oct-43
,,,,,688079.3,
,,,,,GCA_007830185,
132157,SW109,"DSM 100579, CGMCC 1.12347",1,Halalkalibacter oceani,2926558313,Apr-50
158505,FJAT-45385,"DSM 104651, CCTCC AB 2016263",1,Halalkalibacter urbisdiaboli,GCA_002156385,20-40
1240,N-1,"DSM 2521, ATCC 21832, FERM P-1138, JCM 9140, CIP 109022, FERM 1138",1,Halalkalibacter wakoensis,1236970.3,Oct-40
,,,,,1236970.4,
,,,,,2609459807,
,,,,,GCA_000513095,
,,,,,GCA_001315045,
1112,"PN 80, B-3881","DSM 497, ATCC 27557, NRRL B-3881, CIP 105296",1,Halalkalibacterium halodurans,86665.8,10
,,,,,GCA_004376175,
1199,"No. 44, 44","DSM 13666, CIP 107631, JCM 10945, GTC 854, KCTC 3795",0,Halalkalibacterium halodurans,136160.3,10
,,,,,2648501690,
,,,,,GCA_001274915,
5982,CEJFG43,"DSM 23230, JCM 16696",1,Halanaerobacter jeridensis,2901107112,20-60
,,,,,706427.3,
,,,,,GCA_016908315,
5977,MH1-52-1,"DSM 22442, CECT 7534, JCM 16109",1,Halarchaeum acidiphilum,1261545.1,15-45
,,,,,1261545.11,
,,,,,2648501790,
,,,,,2648501819,
,,,,,GCA_000400975,
,,,,,GCA_000474235,
134070,MH1-136-2,"JCM 16331, CECT 7573",1,Halarchaeum nitratireducens,489913.3,18-55
,,,,,GCA_014647155,
24088,MH1-16-3,"DSM 22443, CECT 7535, JCM 16108",1,Halarchaeum rubridurum,2913406730,20-50
,,,,,489911.3,
,,,,,GCA_014647115,
,,,,,GCA_017873775,
24087,MH1-34-1,"DSM 27207, CECT 7574, JCM 16330",1,Halarchaeum salinum,2913502468,15-45
168511,LZ-16-2,"KCTC 62344, CCTCC AB 2017229",1,Haliea alexandrii,GCA_003719295,15-33
,,,,,RFLW00000000,
495,3x/A02/235,"DSM 19537, CECT 7478, CIP 109602, MOLA 286, OOB 286",1,Haliea salexigens,1121937.15,Oct-37
,,,,,2523533559,
,,,,,GCA_000423125,
23576,S1-36,"DSM 27941, KCTC 23429, NBRC 107739",1,Halioglobus japonicus,930805.12,15-30
,,,,,930805.5,
,,,,,930805.6,
,,,,,930805.7,
,,,,,930805.8,
,,,,,GCA_001983995,
,,,,,GCA_002869505,
,,,,,GCA_014652255,
158634,HF004,"KCTC 42395, MCCC 1H00127",1,Pseudohalioglobus lutimaris,GCA_002866825,15-37
23577,S1-72,"DSM 27932, KCTC 23430, NBRC 107742",1,Halioglobus pacificus,930806.9,15-30
,,,,,GCA_014652275,
166510,U0301,"CTC 62082, MCCC 1H00234",1,Seongchinamella sediminis,GCA_003457605,20-37
133110,,"DSM 45977, CGMCC 4.7115, AFM 10258",1,Haloactinomyces albus,2919883261,20-45
17826,,"DSM 45211, KCTC 19409, YIM 93246",1,Haloactinopolyspora alba,2728369474,23-Jul
,,,,,648780.3,
,,,,,648780.4,
,,,,,GCA_003014555,
,,,,,GCA_004138525,
11262,,"DSM 45015, CCTCC AA 206008, JCM 16004, YIM 90648",1,Haloactinospora alba,2818991471,20-45
,,,,,405555.3,
,,,,,GCA_006717075,
5906,arg-1,"DSM 12282, JCM 9737, ATCC 700875, CGMCC 1.4296, CGMCC 1.6166, CIP 105173, NCIMB 13542",1,Haloarcula argentinensis,1230451.3,15
,,,,,2554235479,5
,,,,,GCA_000336895,
133624,HST01-2R,"BCC 40029, JCM 15759, PCU 313",1,Haloarcula salaria,575195.35,15-45
,,,,,GCA_014647095,
1347,AD-6,"DSM 18198, CGMCC 1.3703, CIP 109013, JCM 12771",1,Halobacillus aidingensis,240303.4,15.0-40.0
,,,,,2675903131,
,,,,,GCA_900104185,
130201,NEAU-ST10-40,"DSM 25866, CGMCC 1.12153",1,Halobacillus andaensis,1176239.3,4.0-60.0
,,,,,1176239.4,
,,,,,2913453739,
,,,,,GCA_014636475,
,,,,,GCA_017874135,
1348,D-8,"DSM 18199, CGMCC 1.3704, JCM 12772, CIP 109012",1,Halobacillus dabanensis,240302.16,15.0-50.0
,,,,,2617270759,
,,,,,GCA_900114165,
1352,IGA7-4,"DSM 21559, IAM 15427, KCTC 13121, MBIC 08268, JCM 23212, NBRC 103569",1,Halobacillus faecis,360184.3,15.0-45.0
,,,,,GCA_007991335,
1344,"X78, MA-2, MA-2T","DSM 14948, CIP 108359, LMG 21515",1,Halobacillus karajensis,195088.4,10
,,,,,2651870103,10.0-49.0
,,,,,GCA_900108515,15-41
,,,,,,5
1349,"JS-Hb7, IS-Hb7","DSM 18393, JCM 14155, CIP 109650",1,Halobacillus kuroshimensis,1121938.3,9.0-48.0
,,,,,2523533634,
,,,,,GCA_000425705,
1343,SL-4,"DSM 10405, CIP 104798",1,Halobacillus litoralis,GCA_009856445,Oct-37
,,,,,,10.0-43.0
1351,"HSL-3, SL-3","DSM 18897, CIP 108052, JCM 11546, KCCM 41590, CGMCC 1.3705, KCTC 3842",1,Halobacillus salinus,2894530364,10
,,,,,GCA_004684905,15-41
,,,,,,4
,,,,,,5
1354,ISL-50,"DSM 22302, CCUG 54358, KCTC 13145",1,Halobacillus seohaensis,2901090068,4
,,,,,447421.3,
1342,SL-5,"DSM 10404, CIP 104797",1,Halobacillus trueperi,156205.9,Oct-37
,,,,,,10.0-44.0
1346,MSS-402,"DSM 17110, KCTC 3957, JCM 12929",1,Halobacillus yeomjeoni,2755037.3,10
,,,,,GCA_015905325,15
164426,BL9,"JCM 32962, MCCC 1K03527",1,Halobacteriovorax vibrionivorans,GCA_003346865,15-45
141038,ZS-54-S2,"CGMCC 1.12562, JCM 30038",1,Halobacterium litoreum,GCA_021233415,20-50
166103,ZY21,"CGMCC 1.16343, NBRC 113439",1,Halobellus captivus,GCA_007655485,20-55
134047,YC20,"CGMCC 1.12120, JCM 18361",1,Halobellus inordinatus,GCA_024464655,20-50
2441,JA134,"DSM 18859, ATCC BAA-1363, JCM 14151, CIP 109733",1,Halochromatium roseum,391920.5,20-35
,,,,,GCA_016653315,
5929,H4,"DSM 14522, ATCC BAA-364, NCIMB 13803, JCM 12289, CIP 108355",1,Halococcus dombrowskii,GCA_022870485,15
,,,,,,5
5923,"P-423, P423","DSM 5350, ATCC 49257, CCM 4147, CIP 108107, JCM 8878, CGMCC 1.6994, NCIMB 12837, VKM B-1770",1,Halococcus saccharolyticus,1227455.4,15
,,,,,2554235495,5
,,,,,GCA_000336915,
159820,ZJ1,"CGMCC 1.16025, NBRC 112867, JCM 34382",1,Halococcus salsus,GCA_009900715,20-45
163812,,"JCM 30530, KCTC 42129",1,Halocynthiibacter arcticus,GCA_000812665,20
4161,,"DSM 17919, ATCC 29578, NCIMB 9335, Sylt 3",1,Halodesulfovibrio aestuarii,1121444.3,10.0-40.0
,,,,,2518645586,
,,,,,2585428154,
,,,,,876.1,
,,,,,GCA_000384815,
,,,,,GCA_900142115,
4153,"NMRC 101113, C/L 2","DSM 17456, JCM 14577, NBRC 101113",1,Halodesulfovibrio marinisediminis,1121457.4,15-40
,,,,,2585428071,15.0-40.0
,,,,,GCA_900129975,
133061,JC271,"DSM 100016, KCTC 15474",1,Halodesulfovibrio spirochaetisodalis,2751185719,15.0-40.0
,,,,,GCA_001672295,
13515,,"DSM 45207, CCTCC AB 208140, YIM 93221",1,Haloechinothrix alba,2724679784,20-45
,,,,,664784.3,
,,,,,GCA_900188115,
24079,TM,"DSM 27206, CIP 107620, JCM 10717, KCTC 12962, NBRC 16590, CGMCC 1.5398, IFO 16590",1,Haloferax alexandrinum,1227458.3,15
,,,,,2554235481,5
,,,,,GCA_000336735,
5935,Aa 2.2,"DSM 14919, CCM 7023, CECT 5871, CIP 107410, JCM 9276, CGMCC 1.2151, CGMCC 1.5396, CGMCC 1.6161, NCIMB 13854",1,Haloferax lucentense,1230452.3,15
,,,,,2554235494,5
,,,,,GCA_000336795,
5936,M6,"DSM 16227, CCM 7217, CIP 108334, JCM 12327, CGMCC 1.6100, CGMCC 1.6246",1,Haloferax sulfurifontis,2508501015,May-45
,,,,,2529293243,
,,,,,255616.6,
,,,,,GCA_000337835,
,,,,,GCA_014635105,
134080,06SJR1-1,"MBIC 08340, KCTC 22201",1,Haloferula rosea,490093.3,20-37
,,,,,GCA_016595525,
133412,XJ16,"KCTC 42259, MCCC 1H00120, CICC 23817",1,Halofilum ochraceum,GCA_001614315,20-45
133594,RO1-6,"CGMCC 1.8711, JCM 16054",1,Halogeometricum limi,2617270895,20-50
,,,,,555875.3,
,,,,,GCA_900115785,
5850,,"DSM 45210, JCM 16899, KCTC 19481, YIM 92370",1,Haloglycomyces albus,1089549.3,15-40
,,,,,2516653079,
,,,,,GCA_000527155,
133561,RO2-11,"CGMCC 1.7738, JCM 15772",1,Halogranum rubrum,2619618990,20-50
,,,,,553466.4,
,,,,,GCA_900114455,
134325,H-5,"CGMCC AS1.6843, NBRC 103919",1,Halolactibacillus alkaliphilus,442899.5,15-45
,,,,,GCA_007991355,
1357,M2-2,"DSM 17073, IAM 15242, NBRC 100868, NRIC 0628, JCM 21694",1,Halolactibacillus halophilus,2675903232,10.0-40.0
,,,,,306540.4,
,,,,,306540.5,
,,,,,GCA_007990285,
,,,,,GCA_900115605,
1358,M23-1,"DSM 17074, IAM 15247, NBRC 100873, NRIC 0633",1,Halolactibacillus miurensis,2675903221,5.0-45.0
,,,,,306541.5,
,,,,,306541.6,
,,,,,GCA_007990305,
,,,,,GCA_900116255,
24089,WSY15-H1,"DSM 26232, CGMCC 1.12371, JCM 18548",1,Halolamina salifodinae,2913474752,20-45
,,,,,GCA_017874235,
5874,arg-2,"DSM 12286, ATCC 700874, JCM 9738, NCIMB 13541, CGMCC 1.6192, CIP 105174, KCTC 12965",1,Halomicrobium mukohataei,485914.12,15
,,,,,485914.2,5
,,,,,644736372,
,,,,,GCA_000023965,
133717,TBN51,"CGMCC 1.10457, JCM 17095",1,Halomicrobium zhouii,2667527389,20-55
,,,,,767519.3,
,,,,,GCA_900114435,
167389,"H22, NRRC 113 231","CGMCC 1.16291, NBRC 113231",1,Halomicrococcus hydrotolerans,GCA_003298465,20-55
,,,,,QNGA00000000,
158746,Hb3,"KCTC 52253, JCM 31415",1,Halomonas aestuarii,2718217703,May-45
,,,,,GCA_001886615,
6034,YKJ-16,"DSM 15356, JCM 10888, KCCM 41042, KCTC 12950, CGMCC 1.3500, CIP 107381",1,Halomonas alimentaria,147248.4,May-45
,,,,,GCA_009902005,
6056,LC6,"DSM 19434, CCUG 54844, LMG 24243",1,Halomonas andesensis,2498861.3,Apr-45
,,,,,2900696506,
,,,,,GCA_003989795,
6043,FP35,DSM 16096,1,Halomonas anticariensis,1121939.1,20-45
,,,,,1121939.11,
,,,,,2524614562,
,,,,,2571042376,
,,,,,GCA_000409775,
,,,,,GCA_000428505,
6010,558,"DSM 30161, ATCC 14400, KCTC 22193, NCMB 557, CCUG 16157, LMG 3416, LMG 2853, IAM 12550, ZoBell and Upham 558, BCRC 12878, CECT 5000, CGMCC 1.2324, CIP 105454, LMD 73.17, NCIB 557, NCIMB 557, Zobell 558, ZoBell and Upham 558T, Zobell & Upham 55",1,Halomonas aquamarina,2639762508,20
,,,,,GCA_900110265,30-May
6058,,"DSM 23549, CGMCC 1.6494, JCM 14607, LMG 23978, AJ 282, CIP 109669",1,Halomonas arcis,2617270787,4.0-48
,,,,,416873.6,
,,,,,GCA_900103865,
6040,"1723a, Althf1","DSM 15723, ATCC BAA-802, CECT 5812, KCTC 22194, CCM 7103, CIP 108042",1,Halomonas aquamarina,115555.24,15-41
,,,,,2930057488,5
,,,,,GCA_007163885,
6036,LC1,"DSM 15516, ATCC BAA-759, CIP 108425",1,Halomonas boliviensis,1072583.17,0-45
,,,,,1072583.4,May-37
,,,,,2548876524,
,,,,,2856158536,
,,,,,GCA_000236035,
,,,,,GCA_002265845,
6035,"4A, A4","DSM 15413, ATCC 700597, CIP 106639",1,Halomonas campisalis,GCA_022341425,10
,,,,,,5
6069,,"DSM 23509, CGMCC 1.6773, JCM 14802, AJ 261",1,Halomonas caseinilytica,2617270935,Apr-48
,,,,,2773858001,
,,,,,438744.6,
,,,,,GCA_001662305,
,,,,,GCA_900109905,
6067,SP4,"DSM 23438, CECT 7282, LMG 24145",1,Halomonas cerina,2824403443,Apr-45
,,,,,447424.3,
,,,,,GCA_014192215,
6015,,"DSM 4740, ATCC 27124, CCUG 16075, LMG 3448, CIP 74.06, JCM 20632, CECT 5001, CIP 103199, IAM 12552, NBRC 102219, NCIMB 1978, CIP 74.6",1,Halomonas cupida,2599185207,May-41
,,,,,44933.4,
,,,,,44933.8,
,,,,,GCA_007991155,
,,,,,GCA_900142755,
134359,DQD2-30,"CGMCC 1.6443, LMG 23896",1,Halomonas desiderata,2617270887,Oct-50
,,,,,419596.3,
,,,,,GCA_900108215,
6049,M29,"DSM 18045, CIP 109894, KCTC 12665",1,Halomonas denitrificans,370769.4,May-50
,,,,,GCA_003056305,
6011,"1H9, 1 H 9","DSM 2581, ATCC 33173, IAM 14166, JCM 21044, CCM 3756, CECT 4279, CIP 104264, LMG 9076, NBRC 15536, NCIMB 2198",1,Halomonas elongata,648028030,Oct-37
,,,,,768066.3,5
,,,,,GCA_000196875,
158800,MC28,"KCTC 52999, MCCC 1K03343",1,Halomonas endophytica,2859108715,Oct-45
,,,,,GCA_002879615,
133446,5CR,"CECT 7341, LMG 24455",1,Halomonas fontilapidosi,2824407391,15-45
,,,,,616675.3,
,,,,,GCA_014192285,
6054,SL014B-69,"DSM 23417, CGMCC 1.6133, LMG 23610",1,Halomonas gudaonensis,2617270877,Oct-42
,,,,,376427.9,
,,,,,GCA_900100195,
6027,HMSMF 1.1,"DSM 5349, ATCC 19717, IAM 14439, NCMB 1971, JCM 21222, ACAM 71, CIP 105455, IFO 15537, LMG 4023, NBRC 15537, NCIB 8718, NCIMB 1971, NCIMB 8718",1,Halomonas halmophila,252.3,15-30
,,,,,GCA_006540005,5
6031,2.1.2,"DSM 14573, CIP 107736, KMM 1376",1,Halomonas halocynthiae,1121940.3,15-37
,,,,,2526164533,5
,,,,,GCA_000425725,
6014,,"DSM 735, ATCC 13511, CCM 286, NCMB 700, CIP 105456, IAM 13950, IFO 14912, NCIMB 700, CECT 5012",1,Halomonas halodenitrificans,1121941.3,15-30
,,,,,2556921012,5
,,,,,GCA_000620045,
6016,"F 5-7, F5-7","DSM 4770, CCM 3662, JCM 20791, ATCC 49969, CGMCC 1.2316, CIP 103512, IAM 13009, LMG 6456, NBRC 102604, NCIMB 12996",1,Halomonas halophila,29573.3,May-41
,,,,,GCA_007989465,
6073,W1025,"DSM 21196, KCTC 22154",1,Halomonas hamiltonii,502829.3,Oct-40
,,,,,GCA_014651775,
6041,"1878c, Slthf2","DSM 15725, ATCC BAA-800, CECT 5814, CIP 108044",1,Halomonas venusta,115561.14,Feb-40
,,,,,GCA_011399095,15-30
,,,,,,5
6074,T68687,"DSM 21197, KCTC 22157",1,Halomonas hamiltonii,502832.6,Oct-40
,,,,,GCA_014651795,
6060,XK1,"DSM 19633, CGMCC 1.6981",1,Halomonas korlensis,2617270784,Apr-43
,,,,,463301.7,
,,,,,GCA_900116705,
6070,,"DSM 23508, CCTCC AB 206093, KCTC 12847, YIM 91125",1,Halomonas lutea,1121943.4,Apr-45
,,,,,2518645611,
,,,,,453962.4,
,,,,,GCA_000378505,
,,,,,GCA_014651575,
133225,Q1U,"CGMCC 1.15122, KCTC 42517",1,Halomonas lutescens,1602943.3,Feb-37
,,,,,GCA_014640815,
166357,204,"MCCC 1H00366, KCTC 62957",1,Halomonas marinisediminis,GCA_004347715,15-40
6020,,"DSM 5425, ACAM 246, ATCC 49692, KCTC 22196, UQM 3352, CIP 104043, IFO (now NBRC) 15608",1,Halomonas aquamarina,2698536813,Oct-37
,,,,,29570.7,5
,,,,,GCA_900129255,
6032,R-5058,"DSM 14789, CIP 108825, LMG 20969",1,Halomonas muralis,119000.3,May-37
,,,,,2599185144,
,,,,,GCA_900102945,
24094,,"DSM 25561, CCTCC AB 2012911, JCM 18142, YIM 13059, YIM M 13059",1,Halomonas nanhaiensis,2498860.3,28-May
,,,,,2885257956,
,,,,,GCA_003990185,
6038,"A1, BAA-805, Eplume 1","DSM 15720, CIP 108039, ATCC BAA-805, CECT 5815, CCM 7107",1,Halomonas neptunia,115551.3,15-30
,,,,,115551.4,5
,,,,,GCA_019903445,
6068,11S,"DSM 23437, CECT 7281, LMG 24185",1,Halomonas nitroreducens,2902691746,Apr-45
,,,,,GCA_003966155,
6044,G-16.1,"DSM 16226, CCM 7142, CECT 5995, CIP 108269",1,Halomonas organivorans,257772.3,15-41
,,,,,2824377609,15-45
,,,,,GCA_014192055,5
6017,62,"DSM 4742, ATCC 27122, JCM 20633, ACAM 345, CIP 103200, CIP 74.05, IAM 12553, LMG 3446, NBRC 102220, NCIMB 1977, CCUG 16079",1,Halomonas pacifica,77098.3,15-41
,,,,,GCA_007989625,5
6029,AAP,"DSM 9661, CIP 105506, ATCC 700273",1,Halomonas pantelleriensis,2654587879,May-41
,,,,,GCA_900102875,
168332,EAR18,"CECT 9077, LMG 29859",1,Halomonas radicis,CAAHFN01,15.0-37.0
6057,,"DSM 23548, CGMCC 1.6493, JCM 14606, LMG 23976, AJ 275, CIP 109670",1,Halomonas saccharevitans,2617270933,4.0-48
,,,,,416872.17,
,,,,,GCA_900116405,
158650,LCB169,"CGMCC 1.15818, KCTC 52618",1,Halomonas saliphila,2844988376,Oct-52
,,,,,GCA_002930105,
166135,,"MTCC 12313, LMG 30344, SBS 10",1,Halomonas sambharensis,GCA_003973725,15-60
6055,SL014B-85,"DSM 23416, CGMCC 1.6444, LMG 23897",1,Halomonas shengliensis,2617270760,Oct-42
,,,,,419597.17,
,,,,,GCA_900104135,
23064,AAD6,"DSM 21644, JCM 15723",1,Halomonas smyrnensis,2551306539,May-40
,,,,,339656.4,
,,,,,GCA_000265245,
6075,S18214,"DSM 21198, KCTC 22148",1,Halomonas stevensii,1177117.3,Oct-40
,,,,,2551306145,
,,,,,GCA_000275725,
6023,,"DSM 4683, ACAM 12, ATCC 43668, IAM 14167, UQM 2926, JCM 21045, CIP 104042, LMG 8824, NBRC 14766, NCIMB 12994",1,Halomonas subglaciescola,GCA_900142895,15
,,,,,,30-May
6059,ZG16,"DSM 23550, CGMCC 1.6495, JCM 14608, LMG 23977, CIP 109673",1,Halomonas subterranea,2617270764,4.0-48
,,,,,416874.6,
,,,,,GCA_900111305,
6045,"BH539, 29.101","DSM 16463, CIP 109003, KCTC 12284",1,Halomonas taeanensis,GCA_900100755,Oct-45
6076,BH1,"DSM 22872, ATCC BAA-1257, CECT 7585, JCM 16411, LMG 25388",1,Halomonas titanicae,1204738.3,Apr-42
,,,,,2571042251,
,,,,,GCA_000336575,
140845,BZ-SZ-XY27,"JCM 30202, CGMCC 1.12917, DSM 29014",1,Halomonas urumqiensis,1684789.7,Apr-43
,,,,,GCA_002879635,
,,,,,GCA_014653135,
6025,65,"DSM 3051, III 65, IAM 14440, JCM 21223, ATCC 49240, CIP 105504, NBRC 102410, CECT 5286",1,Halomonas utahensis,31910.4,15-37
,,,,,86177.9,5
,,,,,GCA_007991175,
,,,,,GCA_019903425,
6042,Al12,"DSM 15911, CECT 5797, CIP 108433",1,Halomonas ventosae,229007.12,15
,,,,,2770939578,15-50
,,,,,GCA_004363555,5
6019,,"DSM 4743, ATCC 27125, CCUG 16063, LMG 3445, CIP 74.07 103201, IAM 12553, JCM 20634, CIP 103201, CIP 74.07, IAM 12554, NBRC 102221, NCIMB 1979",1,Halomonas venusta,44935.11,May-41
,,,,,44935.14,
,,,,,GCA_007989605,
,,,,,GCA_016107635,
133645,A-1,"CGMCC 1.6848, JCM 14849",1,Halomonas xianhensis,2617270878,Oct-42
,,,,,442341.9,
,,,,,GCA_900113605,
6072,,"DSM 21076, CCTCC AB 208031, KCTC 22279, JSM 078169",1,Halomonas zhanjiangensis,2517572236,Apr-40
,,,,,574966.4,
,,,,,GCA_000377665,
134028,B6,"CGMCC 1.12450, JCM 18472",1,Halomonas zincidurans,1446475.3,Apr-37
,,,,,2585427838,
,,,,,GCA_000731955,
133592,RO5-2,"CGMCC 1.7739, JCM 15773",1,Halopelagius inordinatus,2617270917,20-50
,,,,,553467.4,
,,,,,GCA_900113245,
134022,BC12-B1,"CGMCC 1.12397, JCM 18758",1,Halopelagius longus,1236180.3,20-55
,,,,,2671180169,
,,,,,GCA_003351065,
,,,,,GCA_900100875,
159759,MBLA0036,"KCTC 4239, JCM 31425",1,Haloplanus salinarum,GCA_009762275,15-55
131491,H195,"DSM 46680, MTCC 12101",1,Halopolyspora algeriensis,1500506.4,20-45
,,,,,2818991235,
,,,,,GCA_006716575,
133308,SB9,"JCM 19565, CGMCC 1.14959",1,Haloprofundus marisrubri,1514971.4,15-45
,,,,,2690315683,
,,,,,GCA_001469955,
168456,"S-­6-2, S-6-2","KCTC 52539, CGMCC 1.15798",1,Halopseudomonas phragmitis,CP020100,Oct-41
,,,,,GCA_002056295,
5882,SARL4B,"DSM 18392, JCM 14471",1,Halorhabdus tiamatea,1033806.12,15-55
,,,,,1033806.93,
,,,,,2562617191,
,,,,,2654588040,
,,,,,GCA_000215915,
5944,Ch2,"DSM 10284, ACM 3911, JCM 9275, CGMCC 1.2929, CGMCC 1.3492, CIP 105331",1,Halorubrobacterium coriense,1227466.3,15
,,,,,2554235473,5
,,,,,GCA_000337035,
138190,,"CIP 105238, ATCC 51197, JCM 9100, NCIMB 13203, VKM B-1733, CGMCC 1.3491, JCM 10118",1,Halorubrum distributum,1227467.4,15
,,,,,1227468.4,5
,,,,,GCA_000337055,
,,,,,GCA_000337335,
5946,4p,"DSM 23453, JCM 10247, CGMCC 1.5397, CGMCC 1.8971, CIP 108318, VKM B-1739",0,Halorubrum distributum,1227486.3,15
,,,,,2554235509,5
,,,,,GCA_000337435,
5940,,"DSM 5036, ACAM 34, ATCC 49239, JCM 8891, UQM 3107, ACM 3107, CGMCC 1.2925, CGMCC 1.3490, CIP 105334, NCIMB 12997, VKM B-1753",1,Halorubrum lacusprofundi,416348.21,15-45
,,,,,416348.31,5
,,,,,643692025,
,,,,,GCA_000022205,
5938,M6,"DSM 1137, ATCC 29252, NCIMB 2081, JCM 8865, CCM 2887, CGMCC 1.2924, CIP 105329, IAM 13168, IFO 14717, NBRC 14717, VKM B-1747",1,Halorubrum saccharovorum,1227484.4,15
,,,,,2524614823,5
,,,,,GCA_000337915,
5939,RD 26,"DSM 3755, ATCC 33755, NCMB 2197, JCM 8880, CGMCC 1.2928, CIP 105330, IFO 14740, NBRC 14740, NCIMB 2197, VKM B-1771",1,Halorubrum sodomense,GCA_900111935,15-37
,,,,,,5
5942,,"DSM 12287, CIP 105807, JCM 10477, NCIMB 13488, NRC 34021, CGMCC 1.4297",1,Halorubrum trapanicum,2913354236,15
,,,,,GCA_017873555,5
5949,BD-1,"DSM 21996, CIP 108550, JCM 12388, AS 1.3527, CGMCC 1.3527",1,Halorubrum xinjiangense,261291.3,15-45
,,,,,2617270761,5
,,,,,GCA_900102375,
135088,,"CIP 108098, JCM 11222, ATCC BAA-75, CGMCC 1.10340",1,Halosimplex carlsbadense,GCA_000337455,15
,,,,,,5
5970,194-10,"DSM 22427, JCM 16110, CECT 7536",1,Halostagnicola kamekurae,2639762563,20-45
,,,,,619731.3,
,,,,,GCA_900116205,
141067,CBA1114,"JCM 30111, KCTC 4206",1,Halostella salina,GCA_003675855,20-50
133550,JX313,"CGMCC 1.8909, NBRC 105739, JCM 18238",1,Natronorubrum daqingense,2681812915,20-50
,,,,,2740891999,
,,,,,588898.4,
,,,,,GCA_001971705,
,,,,,GCA_900156445,
5883,4,"DSM 5511, VKM B-1734, JCM 9101, ATCC 51198, CIP 106419, NCIMB 13204",1,Haloterrigena turkmenica,543526.13,15
,,,,,543526.25,5
,,,,,543526.26,
,,,,,543526.27,
,,,,,543526.28,
,,,,,543526.29,
,,,,,543526.3,
,,,,,646311934,
,,,,,GCA_000025325,
6089,"c2, ParkerX, X, X (X44)","DSM 15147, NCIMB 8539, CIP 104769, ATCC 23641",1,Halothiobacillus neapolitanus,2756170244,Oct-41
,,,,,555778.5,5
,,,,,927.3,Aug-39
,,,,,GCA_000024765,
,,,,,GCA_004361875,
132477,,"DSM 100517, CGMCC 4.7289, CPCC 204160, KCTC 39591, YIM C0533, JCM 32491",1,Hamadaea flava,2852728668,15-37
,,,,,GCA_024172085,
8044,"6420-P, 6420P","DSM 44101, ATCC 49365, CIP 107014, FERM BP-1195, IFO 14552, JCM 9105, NBRC 14552, NRRL B-16491, VKM Ac-2010, IMSNU 22005, CGMCC 4.1403, CGMCC 4.1506, CGMCC 4.5568, KCTC 9355",1,Catellatospora tsunoensis,1121946.6,10
,,,,,2523533533,
,,,,,GCA_000428945,
166127,W1-2-3,"KACC 18307, LMG 28594",1,Hankyongella ginsenosidimutans,GCA_005144965,Oct-37
159765,L53,"KCTC 62247, MCCC 1H00246",1,Hanstruepera ponticola,2831748538,Apr-40
133200,LIP-5,"CCTCC AB 2015365, KCTC 42956",1,Haoranjiania flava,GCA_025631005,16.0-42.0
132644,V20-281a,"DSM 100433, CECT 8892",1,Harryflintia acetispora,1849041.17,20-25
,,,,,2788499847,
24519,,"DSM 29318, JCM 16214, KCCM 90082, KME 002",1,Hasllibacter halocynthiae,2681812958,13-35
,,,,,595589.3,
,,,,,GCA_003003095,
17992,,"DSM 17243, CCUG 47334, CIP 108183",1,Helcococcus sueciensis,1121947.8,10
,,,,,2524614727,
,,,,,GCA_000423145,
135551,,"CIP 104752, ATCC 51630, MIT Hb1",1,Helicobacter bilis,135569.3,10
,,,,,1408441.3,5
,,,,,1548018.3,
,,,,,1548147.3,
,,,,,1548148.3,
,,,,,1548149.3,
,,,,,1548150.3,
,,,,,1548151.3,
,,,,,1548152.3,
,,,,,216.5,
139200,,"CIP 104753, ATCC 51401, NCTC 12739, CCUG 32756",1,Helicobacter canis,29419.1,10
,,,,,GCA_017979455,5
6098,Fennel 165,"DSM 5359, ATCC 35683, CCUG 18818, LMG 7543, NCTC 12423, CIP 103752",1,Helicobacter cinaedi,213.64,10
,,,,,537971.15,
,,,,,537971.5,
,,,,,643886141,
,,,,,GCA_000155475,
,,,,,GCA_000349975,
,,,,,GCA_003215615,
,,,,,GCA_017979495,
138206,86-8853,"CIP 105370, CCUG 19503, LMG 8778, LMG 9357",0,Helicobacter cinaedi,213.46,10
,,,,,GCA_003216315,5
134450,3B1/Hh1,"CIP 104102, ATCC 51449, CCUG 44777",0,Helicobacter hepaticus,235279.5,10
,,,,,637000131,5
,,,,,GCA_000007905,
135474,H152,"CIP 104787, ATCC 51801, CCUG 33837, NCTC 12824, DSM 23160",1,Helicobacter pullorum,552535.3,10
,,,,,552535.4,5
,,,,,GCA_008801855,
,,,,,GCA_017979475,
6220,26III/A02/215,"DSM 19091, CIP 109500, OOB 269",1,Hellea balneolensis,1121948.5,15-37
,,,,,2524614726,
,,,,,GCA_000428525,
140993,,"LMG 29152, CCUG 67844, MCS 27",1,Henriciella algicola,1608422.3,Oct-40
,,,,,2832873813,20-40
,,,,,GCA_003576245,
133491,P38,"CCTCC AB 208227, LMG 24711, MCCC 1A01086",1,Henriciella aquimarina,2832863383,Oct-42
,,,,,545261.3,
,,,,,GCA_002088975,
140992,,"LMG 28705, CCUG 66934, MCS 23",1,Henriciella barbarensis,2831698200,15-40
,,,,,86342.3,20-40
,,,,,GCA_003576345,
6222,SD10,"DSM 22014, KACC 13700",1,Henriciella litoralis,2831707323,15-40
,,,,,568102.3,
,,,,,GCA_002088935,
140997,LA220,"CGMCC 1.15928, KCTC 52577",1,Henriciella pelagia,1977912.17,15-40
,,,,,2839925148,
,,,,,GCA_002088945,
,,,,,GCA_014644035,
11351,"SA 32, SA32","DSM 732, ATCC 29984, CCUG 12808, LMG 4326, CIP 107295, IAM 14942, NBRC 15327, JCM 21424, IFO 15327, VKM B-1394, UCCCB7",1,Herbaspirillum autotrophicum,180195.5,10
,,,,,2654587661,15-30
,,,,,GCA_001189915,5
166333,"AB 2018017, WT00C",KCTC 62527,1,Herbaspirillum camelliae,GCA_001929405,15-40
11366,CPW301,"DSM 17796, IAM 15024, JCM 21487, KCTC 12096, NBRC 102525, CCUG 52898, CIP 108432, UCCCB8",1,Herbaspirillum chlorophenolicum,1349766.3,30-May
,,,,,2645727693,
,,,,,2731957620,
,,,,,GCA_001189955,
,,,,,GCA_001571165,
11364,"P6-12, Strain P6-12","DSM 17154, CCUG 48869, CECT 5661, LMG 21710, UCCCB3, CIP 108242",1,Herbaspirillum lusitanum,1161913.3,30-Oct
,,,,,2548876994,5
,,,,,GCA_000256565,
11367,UMS-37,"DSM 21885, CIP 108917, KCTC 12558",1,Herbaspirillum rhizosphaerae,2654587705,Apr-34
,,,,,GCA_001189965,
158710,HZ10,"JCM 31754, CCTCC AB 2014352",1,Herbaspirillum robiniae,2839094727,Apr-45
,,,,,GCA_002213415,
11356,B579,"DSM 9440, ATCC 19308, DSM 11543, LMG 2286, NCPPB 1027, JCM 21447, BCRC 15833, CCUG 17392, CCUG 17679, CFBP 1202, CIP 105019, IAM 14976, ICMP 5777, KACC 12181, NBRC 102523, PDDCC 5777",1,Herbaspirillum rubrisubalbicans,1223495.3,10
,,,,,2681812979,5
,,,,,80842.11,
,,,,,GCA_001591225,
,,,,,GCA_003719195,
7512,,"DSM 26474, NBRC 16403, VKM Ac-2058",1,Herbiconiux flava,2844852863,May-37
,,,,,881268.3,
,,,,,GCA_013409865,
7509,wged11,"DSM 19088, CGMCC 4.3491, JCM 13908, NBRC 104580, CIP 109552, KCTC 19440",1,Herbiconiux ginsengi,2667527392,Apr-37
,,,,,381665.4,
,,,,,GCA_900107435,
7511,RB-62,"DSM 25800, JCM 16117, KCTC 19653",0,Herbiconiux moechotypicola,GCA_024979255,15-30
133559,0385M-1,"FIRDI 004, BCRC 16876, LMG 24336, JCM 18061, NBRC 106372",1,Herbidospora daliensis,2724679243,20-40
,,,,,295585.3,
,,,,,GCA_001570585,
133560,0351M-12,"FIRDI 003, BCRC 16875, LMG 24337, JCM 18062, NBRC 106371",1,Herbidospora yilanensis,2724679242,20-40
,,,,,354426.3,
,,,,,GCA_001570565,
132633,,"DSM 101727, NBRC 111774, CPCC 204279",1,Herbihabitans rhizosphaerae,1872711.3,20-40
,,,,,2795385472,
,,,,,GCA_004216555,
11303,ULPAs1,"DSM 17148, CCUG 53683, CCM 7303, LMG 22961, CIP 109323",1,Herminiimonas arsenicoxydans,640069313,30-Apr
24261,,"DSM 28178, CCM 7991, CCUG 53591",1,Herminiimonas contaminans,1111140.3,30-Apr
6128,Hp a2,"DSM 589, NBRC 112828",1,Herpetosiphon giganteus,2029754.3,20-37
,,,,,2901034711,
,,,,,GCA_016907925,
1207,105-2,"DSM 14745, ATCC BAA-366, CIP 109006, NRRL B-23453",1,Heyndrickxia acidicola,GCA_001636425,15-45
654,"609, NRS-609","DSM 1, CCM 2013, NCIB 9365, NCTC 10334, WDCM 00002, CCUG 7417, ATCC 7050, IAM 1115, NRS 609, JCM 2257, BCRC 10606, CECT 12, CFBP 4225, CIP 66.25, CN 2202, HAMBI 1931, IAM 12463, IFO 12583, IMET 10993, KCTC 3625, LMG 6326, NBRC 12583, NCCB 77025, NCFB 1761, NCIMB 9365, NRIC 1005, NRRL NRS-609, VKM B-497, VTT E-98150, NCDO 1761",1,Heyndrickxia coagulans,1121088.1,10
,,,,,1121088.13,
,,,,,1121088.3,
,,,,,1121088.9,
,,,,,2524614861,
,,,,,2630968645,
,,,,,GCA_000290615,
,,,,,GCA_000420205,
,,,,,GCA_000832905,
,,,,,GCA_900128875,
1102,RT 10,"DSM 9356, CIP 104972, LMG 17952",1,Heyndrickxia oleronia,38875.15,10
,,,,,38875.25,
,,,,,38875.4,
,,,,,38875.5,
,,,,,GCA_002009555,
,,,,,GCA_017809215,
,,,,,GCA_025263665,
1257,B1724,"DSM 18868, CIP 107762, KCTC 13003, LMG 18435",1,Heyndrickxia shackletonii,157838.12,10
,,,,,157838.3,15-55
,,,,,GCA_001420715,
,,,,,GCA_011008805,
1149,"M 215, MB581, MB 581","DSM 10599, LMG 17668, CIP 104910, LMG 17894",1,Heyndrickxia sporothermodurans,46224.121,10
,,,,,46224.122,20-55
,,,,,46224.123,
,,,,,46224.124,
,,,,,46224.125,
,,,,,46224.126,
,,,,,46224.127,
,,,,,46224.128,
,,,,,46224.129,
,,,,,46224.13,
6200,GSW-2,"DSM 19733, JCM 14974",1,Hirschia maritima,2519899518,30-Oct
,,,,,551275.6,
,,,,,GCA_000378345,
138525,8917974,"CIP 107676, ATCC 700025",0,Histophilus somni,GCA_023502925,15
11868,AM1V30,"DSM 16655, CECT 5682",1,Hoeflea alexandrii,GCA_024105735,Oct-42
11870,DFL-43,"DSM 17068, CIP 109233, CCUG 59890, NCIMB 14078",1,Hoeflea phototrophica,2663763045,0-33
,,,,,411684.3,
,,,,,GCA_000154705,
17886,,"DSM 45258, CIP 109864, NBRC 109631, OFN S31, JCM 18112",1,Hoyosella altamirensis,2824239402,20-37
,,,,,2832161093,20.0-37.0
,,,,,616997.4,5.0-15.0
,,,,,616997.7,
,,,,,GCA_001653095,
,,,,,GCA_014191505,
132659,J12GA03,"DSM 101985, CGMCC 1.15478, JCM 32492",1,Hoyosella rhizosphaerae,1755582.3,20.0-42.0
,,,,,GCA_014643175,
,,,,,GCA_017152025,
8593,DQS3-9A1,"DSM 45089, CGMCC 4.3532, JCM 17490, NBRC 109087",1,Hoyosella subflava,443218.12,15-42
,,,,,443218.13,20.0-37.0
,,,,,650716009,5.0-15.0
,,,,,GCA_000214175,
3792,CR-155,"DSM 9546, ATCC 23088, IFO 16707, NBRC 16707, CIP 106406, LMG 13856, NCIMB 1433",1,Hugenholtzia roseola,1121903.5,15-37
,,,,,2523533540,5
,,,,,GCA_000422585,
6309,KV-663,"DSM 21776, NBRC 101803, NRRL B-24471, JCM 15923",1,Humibacillus xanthopallidus,2818991578,Jul-32
,,,,,412689.4,
,,,,,GCA_006716675,
,,,,,GCA_006717145,
4168,,"DSM 15450, JCM 14124, CY 1",1,Humidesulfovibrio idahonensis,2574180452,Oct-37
23513,W37,"DSM 24525, CIP 110261, LMG 26243",1,Humitalea rosea,2734482251,30-Jan
,,,,,990373.3,
,,,,,GCA_003253705,
164420,Gri0909,"JCM 32943, KACC 19793",1,Hwanghaeella grinnelliae,2882163504,Oct-37
,,,,,GCA_004005845,
13857,Y26,DSM 22009,1,Palleronia aestuarii,2593339276,15-35
,,,,,568105.3,
,,,,,GCA_003253995,
166146,Soil36-7,"MCCC 1A12105, KCTC 62334",1,Hydrocarboniclastica marina,GCA_004851605,Apr-40
133605,B2-9,"CGMCC 1.7049, NBRC 104238",1,Hydrocarboniphaga daqingensis,2619618894,Oct-37
,,,,,490188.4,
,,,,,GCA_900129825,
782,MA-48,"DSM 2000, ATCC 43741, CCUG 26017, CIP 106933, LMG 7133",1,Hydrogenibacillus schlegelii,1484.13,10
,,,,,1484.14,
,,,,,2675903597,
,,,,,GCA_001543875,
167823,LA-38,"LMG 30805, KACC 19730",1,Hydrogenophaga borbori,GCA_003417535,15.0-40.0
,,,,,NZ_QVLS00000000,
140762,LPB0072,"KACC 18705, JCM 31188",1,Hydrogenophaga crassostreae,2718217877,Apr-35
,,,,,2744054811,
,,,,,GCA_001640105,
,,,,,GCA_001761385,
2969,S1,"DSM 5680, JCM 21401, IAM 14919, CIP 107269",1,Hydrogenophaga intermedia,2619619207,10
,,,,,65786.5,5
,,,,,GCA_000723405,
,,,,,GCA_001571205,
,,,,,GCA_005938115,
2968,2K1,"DSM 2082, ATCC 49743, CCUG 15921, LMG 7170, JCM 21411, CIP 106727, IAM 14929, KCTC 12153, NBRC 102512, CCM 4458",1,Hydrogenophaga taeniospiralis,1349793.3,10
,,,,,2731957688,5
,,,,,GCA_001592305,
11929,XCL-2,DSM 25203,0,Hydrogenovibrio crunogenus,637000325,20
11933,HL 5,"DSM 15072, CIP 109407, UNIQEM U 221",1,Hydrogenovibrio halophilus,1123516.3,20
,,,,,2517572244,
,,,,,GCA_000384235,
11923,JB-A1,"DSM 12350, ATCC 700877",1,Hydrogenovibrio kuenenii,1168067.3,3.5
,,,,,2540341246,
,,,,,GCA_000526715,
2973,D4,"DSM 9158, ATCC 19624, CCUG 56031, LMG 8201, NBRC 14920, IFO 14920, CIP 107756",1,Hylemonella gracilis,651324043,15
,,,,,887062.3,5
,,,,,GCA_000211835,
3803,"Collins 1187, IFR 1187","DSM 15310, CCUG 39621, CIP 106628, KACC 17382",1,Hymenobacter actinosclerus,2622736539,15-30
,,,,,82805.3,5
,,,,,GCA_900111515,
3797,I/26Cor1,"DSM 13606, CIP 107733, LMG 19658, CCUG 49624, LMG 19657",1,Hymenobacter aerophilus,1121953.3,15-30
,,,,,2521172633,20-30
,,,,,GCA_000382225,5
133120,16F3P,"KCTC 52194, JCM 31653",1,Hymenobacter aquaticus,1867101.3,10
,,,,,2895852395,
,,,,,GCA_004765605,
164676,BRD72,"JCM 33837, KCTC 72649",1,Hymenobacter baengnokdamensis,GCA_008728635,30-Oct
158672,K1E01-27,"CGMCC 1.15197, NBRC 112610",1,Hymenobacter cavernae,2044852.3,15
,,,,,GCA_014641455,Apr-35
140596,P5239,"LMG 29441, CCM 8649",1,Hymenobacter coccineus,1884790.3,20-May
,,,,,2791355030,
,,,,,GCA_001816125,
3810,,"DSM 21074, KCTC 22258, LMG 24498, Dae 14",1,Hymenobacter daecheongensis,1121955.3,30-Apr
,,,,,2582581872,17
,,,,,GCA_900141805,
166209,NL,"KCTC 62521, CCTCC AB 2018028",1,Hymenobacter edaphi,2840912660,Apr-37
,,,,,GCA_003258365,
161979,,JCM 17223,1,Hymenobacter elongatus,877208.3,18
,,,,,GCA_004745955,
140764,B1789,"JCM 30595, CGMCC 1.14966",1,Hymenobacter frigidus,1524095.3,15-Oct
,,,,,GCA_014640435,15
,,,,,,20-May
133822,,"KCTC 23674, JCM 17841, DCY 57",1,Hymenobacter ginsengisoli,2864219.3,Apr-34
,,,,,GCA_019492335,
140598,P5086,"LMG 29440, CCM 8648",1,Hymenobacter glacialis,1884789.3,25-May
,,,,,2791355031,
,,,,,GCA_001816165,
133140,B1909,"JCM 30596, CGMCC 1.12990",1,Hymenobacter glacieicola,1562124.3,10
,,,,,GCA_014640315,30-Apr
158673,ANT-18,"BCRC 80966, LMG 29477, KCTC 52166",1,Hymenobacter gummosus,1776032.3,20-37
,,,,,2895866647,
,,,,,GCA_003970915,
166198,P6312,"CCM 8763, LMG 30612",1,Hymenobacter humicola,2303334.3,25-Jan
,,,,,2840904412,
,,,,,GCA_003417065,
140597,P3150,"LMG 29435, CCM 8643",1,Hymenobacter lapidarius,1884788.3,25-Jan
,,,,,2788500485,
,,,,,GCA_001816145,
164559,KIGAM108,"JCM 33444, KCTC 72263",1,Hymenobacter lutimineralis,GCA_008271285,20-25
,,,,,,Apr-37
164337,9PBR-2,"JCM 32699, GDMCC 1.1492",1,Hymenobacter metallilatus,2493666.3,30-Oct
,,,,,2895872347,
,,,,,GCA_003944705,
133201,P3,"DSM 101755, NBRC 111535",1,Hymenobacter nivis,1850093.3,0-25
,,,,,2848472540,15
,,,,,GCA_003149515,
3808,NS/50,"DSM 15439, LMG 21876",1,Hymenobacter norwichensis,1121957.3,20-28
,,,,,2524614724,
,,,,,GCA_000420705,
137418,A1-12,"CIP 110166, LMG 26000, UCCCB30",1,Hymenobacter perfusus,1236770.3,4
,,,,,2898455262,
,,,,,GCA_003944765,
158732,M2,"CCTCC AB 2017185, KCTC 62120",1,Hymenobacter profundi,GCA_019334315,Apr-33
3804,Tibet-IIU11,"DSM 18569, CGMCC 1.6365",1,Hymenobacter psychrotolerans,1121959.3,28-Apr
,,,,,2585428192,18
,,,,,GCA_900142395,20-25
166087,WPCB131,"UCCCB13, IMSNU 14116, KCTC 12533, NBRC 101118",1,Hymenobacter rigui,2895832707,4
,,,,,334424.3,
,,,,,GCA_003944715,
3796,AA-718,"DSM 11622, CIP 106397",1,Hymenobacter roseosalivarius,2502422321,9
,,,,,645990.3,
,,,,,GCA_900176135,
158615,NY03-3-30,"CCTCC AB 2017095, KCTC 62163, CCM 8852",1,Hymenobacter rubripertinctus,2029981.3,20
,,,,,2881489277,28-Apr
,,,,,GCA_003583925,
166359,BT18,"KCTC 62610, NBRC 114380",1,Hymenobacter russus,2724192.3,30-Oct
,,,,,2884753936,
,,,,,GCA_012273015,
159821,2ED5,"CGMCC 1.16466, JCM 32612",1,Hyphobacterium indicum,2162714.3,Oct-40
,,,,,2887176471,
,,,,,GCA_003129605,
133956,NL23,"ATCC BAA-2476, LMG 27277",1,Hyphomicrobium nitrativorans,1029756.8,15-35
,,,,,2528311098,
,,,,,GCA_000503895,
6203,VP5,"DSM 5152, ATCC 33886, CIP 106773",1,Hyphomonas hirschiana,1280951.3,10
,,,,,2576861493,5
,,,,,GCA_000685255,
168571,T58,"KCTC 72081, MCCC 1H00359",1,Hyunsoonleella flava,GCA_004310325,10.0-37.0
,,,,,SIRT00000000,
5739,CNU-004,"DSM 21035, KCTC 22242, CNU 004",1,Hyunsoonleella jejuensis,2684622907,15-35
,,,,,419940.5,
,,,,,GCA_900111025,
17737,F12,"DSM 19957, KCTC 19879, NBRC 102561",1,Iamia majanohamensis,GCA_028532485,15-40
141119,JBKA-6,"ATCC BAA-2465, JCM 18228",1,Ichthyobacterium seriolicida,2775506813,18-28
,,,,,GCA_002369955,
17955,1a22,"DSM 21438, JCM 15503",1,Ideonella azotifigens,513160.3,Apr-35
,,,,,GCA_006519715,8-Jun
137263,,"CIP 104251, CCUG 30977, CCUG 30898, ATCC 51718",1,Ideonella dechloratans,2510461017,10
,,,,,36863.4,5
,,,,,36863.8,
,,,,,GCA_008801845,
,,,,,GCA_021049305,
141120,KBP-31,"BCRC 80524, KCTC 32238",1,Ideonella paludis,1233411.3,Oct-37
,,,,,GCA_018069865,
140803,201-F6,"NBRC 110686, TISTR 2288, DSM 112585",1,Piscinibacter sakaiensis,GCA_001293525,15-42
6228,,"DSM 15222, ATCC BAA-312, KMM 227, CIP 107408",1,Idiomarina abyssalis,2642422567,May-41
,,,,,2648501134,
,,,,,86102.5,
,,,,,86102.6,
,,,,,GCA_001294685,
,,,,,GCA_900116625,
6226,OS145,"DSM 15154, LMG 21691, CIP 107824",1,Idiomarina baltica,314276.4,15-41
,,,,,638341106,5
,,,,,GCA_000152885,
6231,F23,DSM 16139,1,Idiomarina fontislapidosi,2843563119,Apr-45
,,,,,GCA_003987025,
133925,SW104,"CGMCC 1.10824, JCM 18138",1,Idiomarina indica,1159017.3,Dec-50
,,,,,2596583643,
,,,,,GCA_900104245,
166504,ZQ330,"MCCC 1K03495, KCTC 62455",1,Pseudidiomarina mangrovi,2881714928,Oct-40
,,,,,GCA_003999375,
6232,R22,DSM 16140,1,Idiomarina ramblicola,2898309190,15-40
,,,,,GCA_003987255,
6234,CL-SP19,"DSM 21922, JCM 12526, KCTC 12296, CIP 108665",1,Idiomarina seosinensis,2895657507,15-37
,,,,,GCA_003987275,5
133294,CC-PW-9,"JCM 19757, BCRC 80745",1,Idiomarina tyrosinivorans,2895617523,20.0-40.0
,,,,,GCA_003987475,
6230,,"DSM 15924, KMM 231, CIP 107407, ATCC BAA-313",1,Idiomarina zobellii,2643221445,May-41
,,,,,2713896804,
,,,,,86103.6,
,,,,,86103.7,
,,,,,GCA_001294745,
,,,,,GCA_900100855,
17527,L1/68,"DSM 13226, CCUG 54526, NCAIM B01938, CIP 107108, NCAIM B1938",1,Ignatzschineria larvae,1111732.3,10
,,,,,2513237114,5
,,,,,GCA_000510805,
235,1607-97,"DSM 15695, ATCC 700630, CCUG 37658, CIP 105896",1,Ignavigranum ruoffiae,2634166308,10
,,,,,89093.3,
,,,,,GCA_900110675,
133934,YM16-304,"NBRC 103263, KCTC 29153",1,Ilumatobacter coccineus,GCA_000348785,Dec-36
133933,YM16-303,"NBRC 29153, KCTC 29139",1,Ilumatobacter nonamiensis,2565956804,30-Oct
,,,,,GCA_000350145,
133093,TR3.2,"DSM 103040, ATCC TSD-58",1,Immundisolibacter cernigliae,2775507249,20-36
,,,,,GCA_001697225,
5746,K1,"DSM 24931, JCM 17677, MTCC 11055",1,Imtechella halotolerans,2534681666,20-45
,,,,,946077.8,
,,,,,GCA_000260835,
,,,,,GCA_028743515,
133554,LW1,"KCTC 22604, CCUG 57479",1,Indibacter alkaliphilus,1189612.12,15-40
,,,,,2516653045,
,,,,,GCA_000295935,
166144,CCP-18,"BCRC 81120, LMG 30595, KCTC 62511",1,Inhella crocodyli,2881021045,20-37
,,,,,GCA_004004565,
13941,AU476,"CIP 108342, CCM 7171, DSM 16000, CCUG 45653, LMG 20952",1,Inquilinus limosus,1122125.13,10
,,,,,2523533609,5
,,,,,GCA_000423185,
14019,MF 19,"CCUG 49449, IAM 14946, LMG 5407, DSM 11589, ATCC 33334, IFO 13617, NBRC 13617, JCM 21428, CIP 107757",1,Insolitispirillum peregrinum subsp. integrum,2681813507,15-37
,,,,,80876.3,20-30
,,,,,GCA_900156605,5
6246,Q5-1,"DSM 25801, CCTCC Aa 2010019, CGMCC 1.10750, KCTC 19811, NRRL B-59521, JCM 18316",1,Intrasporangium chromatireducens,2588253842,Oct-45
,,,,,584657.9,
,,,,,GCA_000576575,
6245,KV-657,"DSM 22331, JCM 15924, NBRC 101802, NRRL B-24470, CIP 109705",1,Intrasporangium oryzae,GCA_000576595,Aug-40
133277,C-3,"JCM 17843, LMG 28660",1,Iodidimonas muriae,1236965.3,4.0-40.0
,,,,,261467.5,
,,,,,GCA_008579105,
,,,,,GCA_014647255,
164502,H11R3,"JCM 33283, KCTC 62666, DSM 109119",1,Iodobacter ciconiae,GCA_003952345,15
,,,,,,30-Apr
2277,M577-94,"DSM 13760, CCUG 37660, CIP 107375",1,Isobaculum melis,142588.3,Oct-37
,,,,,2634166323,
,,,,,GCA_900111355,
158282,D4N98,"DSM 105030, LMG 30066",1,Izhakiella australiensis,2791354900,Oct-37
,,,,,GCA_002006995,
132465,N6PO6,"DSM 29293, LMG 28430",1,Izhakiella capsodis,2651870110,Jan-37
,,,,,GCA_900115045,
6265,H2.16B,"DSM 18333, CCUG 49715, CIP 108728, JCM 14734, IAM 15369, JCM 21813, NBRC 107843, NCIMB 14557",1,Janibacter anophelis,1216968.3,10
,,,,,2681812985,15-37
,,,,,GCA_001570945,20-40
24109,HR08-44,"DSM 26154, NBRC 107693",1,Janibacter cremeus,1285192.3,30-Oct
,,,,,2844630888,
,,,,,GCA_013409205,
6248,2003-10,"DSM 11140, IAM 14889, IFO 16128, NBRC 16128, CCUG 37980, HKI 83, ATCC 700321, CIP 105276, JCM 10980, KCTC 9994",1,Janibacter limosus,1216970.3,Oct-37
,,,,,2731957613,
,,,,,GCA_001570985,
6263,CM2104,"CCUG 54528, CIP 108643, DSM 16063, JCM 12321, KCTC 9987, NBRC 107855",1,Janibacter melonis,GCA_020567375,10
,,,,,,Oct-40
,,,,,,15-37
6260,CS12,"DSM 13876, JCM 10705, KCCM 80001, CCUG 45369, ATCC BAA-130, CIP 107018, KCTC 19953, NBRC 107853, NCIMB 14349, NBRC 107842",1,Janibacter terrae,1216972.3,10
,,,,,2690315844,15
,,,,,GCA_001591405,
6261,10N,"DSM 13953, IAM 14781, JCM 12887, CIP 106967, KCTC 19032, KCTC 9986, NBRC 107854",0,Janibacter terrae,1053688.3,10
,,,,,1053688.4,15-37
,,,,,2731957720,
,,,,,2734481964,
,,,,,GCA_001313905,
,,,,,GCA_001598955,
24489,GSW-M26,"DSM 28248, CCUG 60899, KCTC 23555, KCTC 23555T",1,Jannaschia aquimarina,2603880180,15-37
,,,,,2681813552,
,,,,,935700.4,
,,,,,935700.5,
,,,,,GCA_000877395,
,,,,,GCA_900188045,
13666,5SM22,"DSM 16310, CECT 5294, DSM 14426, CCUG 49437, CIP 108961",0,Jannaschia cystaugens,1123361.3,13-37
,,,,,2585427601,
,,,,,266809.9,
,,,,,2713896961,
,,,,,GCA_001458315,
,,,,,GCA_900141945,
131163,DSW-17,"DSM 102233, JCM 14563, KCTC 12862, CECT 7802, CIP 109732",1,Jannaschia donghaensis,2671180308,Apr-32
,,,,,420998.4,
,,,,,GCA_001403795,
166522,12N15,"MCCC 1H00325, KCTC 62582",1,Jannaschia formosa,2835214827,Oct-40
,,,,,GCA_003340555,
13665,,"DSM 14858, HEL Hel10, HEL 10, CIP 108047, NCIMB 13941",1,Jannaschia helgolandensis,188906.3,15-30
,,,,,2622736446,5
,,,,,GCA_900109285,
13667,H1-M8,"DSM 19073, KACC 11609",1,Jannaschia pohangensis,2622736536,May-35
,,,,,390807.13,
,,,,,GCA_900113875,
13664,4SM3,"DSM 16279, CECT 5088, DSM 14425, CCUG 49434, CIP 108401",1,Jannaschia rubra,2622736430,25-Apr
,,,,,2711768026,14.5
,,,,,282197.4,
,,,,,282197.5,
,,,,,GCA_001403735,
,,,,,GCA_900113265,
13668,SMK-146,"DSM 25227, CCUG 55326, KCTC 22172",1,Jannaschia seohaensis,2675903158,Apr-43
,,,,,475081.3,
,,,,,475081.4,
,,,,,GCA_003149265,
,,,,,GCA_900116765,
132846,CL-SP26,"DSM 104837, JCM 13035, KCCM 42114, CECT 7799, CIP 109167",1,Jannaschia seosinensis,2711768077,May-35
,,,,,313367.4,
,,,,,GCA_001408515,
11315,W1R3,"CCUG 43140, CIP 106332, DSM 9628, NCPPB 3945, JCM 21444, IAM 14973, NBRC 102515",1,Janthinobacterium agaricidamnosum,1349767.1,30-May
,,,,,1349767.4,
,,,,,2585427668,
,,,,,2731957621,
,,,,,GCA_000723165,
,,,,,GCA_001571185,
23030,S9-650,"DSM 45627, KACC 16232",1,Jatrophihabitans endophyticus,1206085.4,Oct-32
,,,,,2695420949,
,,,,,GCA_900129455,
158645,N237,"KCTC 39922, NRRL B-65477",1,Jatrophihabitans telluris,GCA_023516435,30-Oct
166138,KSNA2,"KCTC 72234, CCTCC AB 2019098",1,Jejubacter calystegiae,2579935.4,Apr-45
,,,,,2836662228,
,,,,,GCA_005671395,
5728,EM39,"DSM 21165, KCTC 22298",1,Jejuia pallidilutea,2728369277,15-35
,,,,,504487.8,
,,,,,GCA_002973595,
24800,Jchi,"DSM 28058, BCRC 80367, KCTC 23701",1,Jeongeupia chitinilytica,1041641.3,20-37
,,,,,GCA_014652315,
10529,BIO-TAS4-2,"DSM 24253, CCUG 57610, KCTC 22633",1,Jeongeupia naejangsanensis,613195.3,Oct-50
,,,,,GCA_016865585,
140572,1805-02,"CCUG 69147, CECT 9157",1,Jeotgalibaca arthritidis,1868794.8,15
,,,,,2883942875,
,,,,,GCA_011100465,
140571,1804-02,"CECT 9156, CCUG 69148",1,Jeotgalibaca porci,1868793.4,15
,,,,,2883945316,
,,,,,GCA_011299095,
1511,YKJ-13,"DSM 18867, CIP 107405, JCM 10872, KCCM 80002, CCM 7134, KCTC 13914",1,Jeotgalibacillus alimentarius,135826.4,10
,,,,,2630968752,10
,,,,,GCA_000829445,4
1512,SF-57,"DSM 18983, CIP 108511, JCM 11810, KCCM 41644",1,Jeotgalibacillus campisalis,220754.4,Oct-37
,,,,,GCA_000829515,4.0-39
1499,581,"DSM 1297, ATCC 29841, CCUG 28884, CIP 103308, LMG 6930, NRRL B-14558, NCIMB 2140",1,Jeotgalibacillus marinus,2651869825,30-Oct
,,,,,86667.3,20
159771,22-7,"MCCC 1H00228, KCTC 33930",1,Jeotgalibacillus proteolyticus,2835032339,Oct-40
,,,,,GCA_002926065,
1513,ASL-1,"DSM 23492, CCUG 56751, KCTC 13257, ASL -1",1,Jeotgalibacillus salarius,2891177262,Apr-40
,,,,,GCA_004405125,
1514,P9,"DSM 23228, LMG 25523",1,Jeotgalibacillus soli,2630968740,15-40
,,,,,GCA_000829435,
130206,,"DSM 22174, KCTC 13528, JSM 081008",1,Jeotgalibacillus terrae,2901080661,10.0-45.0
,,,,,587735.6,
,,,,,GCA_016908195,
14411,"YKJ-101, YRJ-101","DSM 17274, CCM 7135, CCUG 47728, CIP 107958, JCM 11198, KCCM 41448, CGMCC 1.6779",1,Jeotgalicoccus halotolerans,157227.3,Oct-41
,,,,,2770939612,
,,,,,GCA_003387165,
14413,,"DSM 19772, CCTCC AA 207028, KCTC 13189, JSM 076033",1,Jeotgalicoccus marinus,1122128.4,Oct-45
,,,,,2523533549,
,,,,,GCA_000425825,
14410,A/G14/99/10,"DSM 17030, CCUG 42722, CIP 107946",1,Phocicoccus pinnipedialis,110845.3,10
,,,,,110845.4,
,,,,,2913376348,
,,,,,GCA_017873645,
,,,,,GCA_903994035,
14412,YKJ-115,"DSM 19085, JCM 11199, KCCM 41449, CCUG 47729, CCM 7136, CGMCC 1.6772, CIP 107952",1,Jeotgalicoccus psychrophilus,1122129.3,Oct-37
,,,,,2524614585,
,,,,,GCA_000425845,
132617,140805-STR-02,"DSM 102815, CCM 8667, LMG 29445, CIP 111030",1,Phocicoccus schoeneichii,1812261.3,4
,,,,,GCA_014635565,
17823,,"DSM 45237, CCTCC AA 208023, JCM 16901, YIM 61503",1,Jiangella alba,2630968302,15-45
,,,,,2839637960,
,,,,,561176.4,
,,,,,561176.5,
,,,,,GCA_001708125,
,,,,,GCA_900106035,
17822,D8-87,"DSM 45079, JBRI 2008, KCTC 19222, JCM 15620",1,Jiangella alkaliphila,2639762615,20-37
,,,,,2639763038,
,,,,,419479.6,
,,,,,419479.7,
,,,,,GCA_001005145,
,,,,,GCA_900105925,
17821,,"DSM 44835, CCTCC AA 204001, KCTC 19044, YIM 002, JCM 13367, BCRC 16824, CIP 108735, NCIMB 14350",1,Jiangella gansuensis,2509601042,10
,,,,,987045.5,
,,,,,GCA_000515395,
158485,NEAU-YY265,"DSM 106774, CGMCC 4.7475, JCM 32551",1,Jiangella rhizosphaerae,2839627365,20-45
,,,,,GCA_003579925,
159791,,"NBRC 113144, TBRC 7644, PLAI 1-1, JCM 32592",1,Micromonospora zingiberis,GCA_004331455,Dec-40
140837,JN14-9,"MCCC 1A00733, KCTC 42153",1,Jiulongibacter sediminis,GCA_001306455,15-37
,,,,,GCA_004329705,
6315,QH3A7,"DSM 15701, CGMCC 1.3459, CIP 108595, JCM 13009",1,Jonesia quinghaiensis,1122130.4,Oct-37
,,,,,2524614800,20-30
,,,,,GCA_000423205,5
10620,NP8-5,"DSM 45133, CIP 110031, KCTC 19360, JCM 16948",1,Jongsikchunia kroppenstedtii,2519899672,30-Oct
,,,,,468556.3,
,,,,,GCA_000380485,
5732,EN5,"DSM 19592, CGMCC 1.6973, KCTC 12518",1,Joostella marina,2509276026,Oct-37
,,,,,926559.3,
,,,,,GCA_000260115,
13563,CHj 404,"DSM 17808, IAM 15023, JCM 21486, KCTC 12095, CIP 108816",1,Kaistia adipata,1122131.7,15-37
,,,,,2524614770,5
,,,,,GCA_000423225,
159825,,"JCM 31803, KACC 19096, LYH 11",1,Kaistia algarum,GCA_002930635,May-37
,,,,,GCA_026343945,
133806,B6-12,"KCTC 23766, JCM 18034",1,Kaistia defluvii,GCA_026343955,30-Oct
13564,Ko04,"DSM 23481, KCTC 12575, LMG 23410",1,Kaistia granuli,1122132.6,18-30
,,,,,2521172615,
,,,,,GCA_000380505,
24471,E94,"DSM 25966, CCM 8401, CIP 110381, LMG 26925",1,Kaistia hirudinis,1293440.3,15-37
,,,,,2829893694,
,,,,,GCA_014196455,
13565,5YN9-8,"DSM 19436, KACC 12605",1,Kaistia soli,1122133.4,May-40
,,,,,2582581302,
,,,,,GCA_900129325,
13566,5YN7-3,"DSM 21341, KACC 12910",1,Kaistia terrae,GCA_026344005,May-35
159856,XY-R6,"MCCC 1K01498, KCTC 52266, DSM 104294",1,Oceaniglobus roseus,2831393767,Aug-42
,,,,,GCA_002869745,
397,SW-154,"DSM 16071, KCTC 12183, JCM 12318",1,Kangiella aquimarina,1122134.4,Oct-37
,,,,,2515154212,
,,,,,GCA_000374105,
133675,YCS-5,"KCTC 23420, CCUG 60526",1,Kangiella geojedonensis,2630968673,Oct-40
,,,,,914150.17,
,,,,,GCA_000981765,
396,SW-125,"DSM 16069, KCTC 12182, JCM 12317",1,Kangiella koreensis,523791.5,Apr-43
,,,,,644736377,
,,,,,GCA_000024085,
133836,BB-Mw22,"KCTC 23892, CCUG 62217",1,Kangiella sediminilitoris,1144748.3,Oct-40
,,,,,2751185718,
,,,,,GCA_001708405,
133783,KT1,"BCRC 80330, JCM 17727",1,Kangiella taiwanensis,GCA_020005165,15-40
354,"3925, R-20010","DSM 16618, CCUG 47000, LMG 5906, CIP 108214, Api 184-2-84",1,Kerstersia gyiorum,206506.12,15-41
,,,,,206506.8,5
,,,,,2799112210,
,,,,,GCA_004216755,
,,,,,GCA_008801725,
159863,GI5,"KCTC 52659, JCM 31835",1,Ketobacter alkanivorans,2833902402,18-40
,,,,,GCA_002863865,
17694,LD81,"DSM 19542, JCM 14845, NCIMB 14374",1,Kiloniella laminariae,1122135.3,20
,,,,,2515154130,
,,,,,GCA_000374005,
166142,F02,"KCTC 52616, MCCC 1H00224",1,Kineobactrum sediminis,2832788571,15-40
,,,,,GCA_002868715,
6316,RA 333,"DSM 7487, ATCC 51238, IFO 15268, NBRC 15268, CCUG 44589, CIP 105426, JCM 10180, CCM 4366, NCFB 3013, NCIMB 13309, VKM Ac-1947",1,Kineococcus aurantiacus,2844801912,15
,,,,,37633.4,5
,,,,,GCA_013409345,
6317,"SRS30216, SRS 30216","DSM 14245, ATCC BAA-149, JCM 12686, CIP 107704, NBRC 101839",1,Kineococcus radiotolerans,266940.11,15
,,,,,640753031,5
,,,,,GCA_000017305,
6319,S2-20,"DSM 22857, KCTC 19474, CCTCC AB 207179, JCM 16219, NBRC 107624, CIP 110123",1,Kineococcus xinjiangensis,2731639219,14-40
,,,,,512762.3,
,,,,,GCA_002934625,
6327,VN05A0415,"DSM 45444, JCM 31032, NBCR 104154, VTCC A-0961, NBRC 104154",1,Kineosporia babensis,GCA_021129305,28-Oct
,,,,,,19
6328,,"DSM 45271, CCTCC AA 208061, JCM 16902, YIM 65293",1,Kineosporia mesophila,GCA_021129235,Oct-32
6325,I-463,"DSM 44390, JCM 9961, CIP 105755, IFO 16234, NBRC 16234",1,Kineosporia mikuniensis,1307457.3,15-37
,,,,,2734482001,5
,,,,,GCA_001315725,
6322,I-132,"DSM 44387, JCM 9954, CIP 105752, IFO 16231, NBRC 16231",1,Kineosporia rhamnosa,1307454.6,10
,,,,,2734481998,
,,,,,GCA_001315665,
6323,I-273,"DSM 44388, JCM 9957, CIP 105753, IFO 16232, NBRC 16232",1,Kineosporia succinea,1307455.5,15-30
,,,,,2734481999,5
,,,,,2923649072,
,,,,,GCA_001315685,
133070,KNHs209,"DSM 100556, ATCC TSD-26",1,Kineothrix alysoides,1469948.5,15.0-40.0
,,,,,2574179786,
,,,,,2788499853,
,,,,,GCA_000732725,
,,,,,GCA_004345255,
10462,A358/72,"DSM 10202, ATCC 33394, NCTC 10995, CIP 103473, CCUG 6516",1,Kingella denitrificans,2844173828,5
,,,,,502.4,
,,,,,502.6,
,,,,,649989956,
,,,,,888741.3,
,,,,,GCA_000190695,
,,,,,GCA_900451365,
3031,KIN192,"DSM 25082, CCUG 53117, CECT 7319",1,Roseateles asaccharophilus,2770939493,20-37
,,,,,582607.3,
,,,,,GCA_004362405,
133556,,"KCCM 90076, JCM 15607, KMD 001, DSM 21796, NCIMB 14710",1,Kistimonas asteriae,517724.3,15-30
14858,SK-3255,"DSM 44780, CIP 107255, IFO 16452, JCM 10915, KCTC 19932, NBRC 16452, NRRL B-23134, BCRC 16811, IAM 15157, NCIMB 14261, NRRL B-24134",1,Kitasatospora cineracea,2781126035,10
,,,,,88074.3,
,,,,,GCA_003751605,
14861,2050-015,"DSM 44786, HKI 0314, NCIMB 13974, JCM 13003, IAM 15269, NBRC 101835",1,Kitasatospora gansuensis,258050.3,Jun-32
,,,,,2863349733,
,,,,,GCA_014203705,
14859,SK-3406,"DSM 44781, CIP 107256, IFO 16453, JCM 10916, KCTC 19933, NBRC 16453, NRRL B-24135, BCRC 16812, IAM 15156",1,Kitasatospora cineracea,2786546131,10
,,,,,88075.4,
,,,,,GCA_003814885,
14867,52108a,"DSM 44826, AS 4.1878, JCM 14111, CGMCC 4.1878",1,Kitasatospora viridis,281105.3,Oct-37
,,,,,2818991472,
,,,,,GCA_007829815,
4358,,"NCDC 819-56, IFO 13534, DSM 30053, ATCC 13048, CCUG 1429, CECT 684, CIP 60.86, DSM 26516, JCM 1235, KCTC 2190, LMG 2094, NBRC 13534, NCTC 10006, WDCM 00175, CDC 819-56, ACM 4982, BCRC 10370, CGMCC 1.2021, HAMBI 101, HAMBI 1898, HUT 8111, IAM 12348, LMG 2968, NCIMB 10102, PCM 532, VTT E-88325, CCM 7797",1,Klebsiella aerogenes,1028307.3,Oct-41
,,,,,548.355,5
,,,,,548.405,
,,,,,548.864,
,,,,,650716035,
,,,,,GCA_000215745,
,,,,,GCA_003417445,
,,,,,GCA_900635435,
4941,479-2,"DSM 5175, ATCC 13182, IAM 14201, JCM 1665, CCUG 15717, CECT 860, CIP 103434, KACC 11934, LMG 3055, NBRC 102593, NBRC 105695, NCIMB 12259, VTT E-97766, CRBIP28.103",1,Klebsiella oxytoca,1218097.3,May-41
,,,,,2731957710,
,,,,,571.1124,
,,,,,GCA_001598695,
,,,,,GCA_020115535,
4948,240,"DSM 2026, ATCC 15380, NCIB 418, NCTC 418, CIP 103733, NCDO 711, NCTC 240",0,Klebsiella pneumoniae,1226680.3,10
,,,,,2740892456,5
,,,,,2922810722,
,,,,,548.407,
,,,,,573.148,
,,,,,573.18084,
,,,,,GCA_000949515,
,,,,,GCA_003076915,
,,,,,GCA_019336325,
,,,,,GCA_900635995,
4968,,"DSM 681, ATCC 10031, NCIB 9111, NCTC 7427, CCUG 10785, NCDC 401-68, PCI 602, CIP 53.153, NCIMB 9111",0,Klebsiella pneumoniae,573.20129,10
,,,,,GCA_900451675,5
4969,,"CCUG 58866, DSM 789, ATCC 4352, NCIB 10341, WDCM 00192, JCM 20348, CIP 104216, IAM 12015, IFO 13277, NBRC 13277, NCIMB 10341, CECT 8453, NCTC 13635",0,Klebsiella pneumoniae,573.30826,10
,,,,,GCA_010374885,5
138440,B 5055,"CIP 52.145, NCTC 5055",0,Klebsiella pneumoniae,2634166475,10
,,,,,573.1488,5
,,,,,573.20128,
,,,,,GCA_000412575,
137233,"F5052, O30","CIP 52.213, ATCC 11298, NCTC 5052",0,Klebsiella pneumoniae subsp. ozaenae,573.20138,10
,,,,,GCA_900451765,5
4959,"298-53, 298/53","CCUG 225, NCDC 410-68, DSM 30104, ATCC 13883, IAM 14200, JCM 1662, NCTC 9633, WDCM 00097, BCRC 10692, CECT 143, CIP 82.91, IFO 14940, LMG 2095, NBRC 14940, NCDC 298-53, NCIMB 13883, NCIMB 13281, CCM 7798",1,Klebsiella pneumoniae subsp. pneumoniae,1162296.3,Oct-41
,,,,,1218099.3,5
,,,,,1236531.3,
,,,,,2671180284,
,,,,,2731957630,
,,,,,2916615176,
,,,,,2916633671,
,,,,,573.1353,
,,,,,573.18136,
,,,,,573.272,
4966,F2R9,"DSM 15968, ATCC BAA-830, CFNE 2004, CCUG 53906, CIP 108585",1,Klebsiella variicola subsp. variicola,244366.17,Oct-41
,,,,,244366.674,5
,,,,,2630968774,
,,,,,GCA_000828055,
,,,,,GCA_017638945,
,,,,,GCA_020115545,
133650,LX3,"DSM 16265, JCM 12419, CCUG 57108, CIP 108642, LMG 23571",0,Klebsiella variicola,244366.305,Oct-41
,,,,,244366.635,5
,,,,,2916621918,
,,,,,GCA_001969305,
,,,,,GCA_018324045,
23033,PB34,"DSM 45843, JCM 17785, KCTC 19880",1,Klenkia soli,1052260.5,30-Apr
,,,,,2599185180,
,,,,,GCA_900103975,
24062,3-wff-81,"DSM 45962, CGMCC 1.12303, NBRC 109416, JCM 31768",1,Klenkia taihuensis,1225127.3,Apr-37
,,,,,1225127.4,
,,,,,2599185298,
,,,,,GCA_014653095,
,,,,,GCA_900112525,
7332,"44C3, C44","DSM 18031, ATCC BAA-1524, JCM 16542",1,Klugiella xanthotipulae,244735.3,30-Apr
,,,,,2818991320,
,,,,,GCA_006716695,
4979,,"DSM 9409, ATCC 51603, CDC 2891-76, JCM 16938, CCUG 35513, CCM 4865, CIP 106361",1,Kluyvera georgiana,1354264.4,Oct-41
,,,,,2802429590,5
,,,,,GCA_001654985,
4971,E86,"CCUG 14183, CIP 79-27, NCTC 12125, LMG 2785, DSM 4581, ATCC 33110, CIP 79.27, CUETM 77.130, IAM 14238, JCM 1238, BCRC 14808, CCM 3433, CUETM 77-130, HAMBI 1299, HUT 8114, NBRC 102594, NCIMB 13626, VTT E-97862",1,Enterobacter intermedius,1218113.4,Oct-37
,,,,,2731957696,5
,,,,,61648.17,
,,,,,GCA_001598315,
,,,,,GCA_900635475,
6271,5317S-21,"DSM 18566, KACC 20583, JCM 16377, NBRC 106306",1,Knoellia aerolata,1385519.3,May-35
,,,,,2639762785,
,,,,,GCA_000768695,
6272,TL1,"DSM 25785, CGMCC 1.10749, KCTC 19810, JCM 18318",1,Knoellia flava,1385518.3,Apr-37
,,,,,2630968446,
,,,,,913969.3,
,,,,,GCA_000768675,
,,,,,GCA_014636255,
133714,DMZ1,"KACC 15114, JCM 17313, NBRC 109775",1,Knoellia locipacati,882824.3,Oct-37
,,,,,GCA_007992835,
134268,3-M5-R-4,"ATCC BAA-1496, CIP 109413, JCM 15662, KCTC 39578, NCIMB 14307",1,Knoellia remsis,GCA_003002895,15-45
6269,2162-038,"DSM 12331, CIP 106775, KCTC 19936, CCUG 47139, HKI 0119, JCM 11536, IAM 15304, NBRC 100350, NCIMB 14353",1,Knoellia sinensis,1385520.3,10
,,,,,2630968646,
,,,,,GCA_000768705,
6270,2163-021,"CCUG 48178, HKI 0120, DSM 12332, CIP 106776, KCTC 19937, JCM 11537, IAM 15305, NBRC 100351",1,Knoellia subterranea,1385521.3,10
,,,,,2634166482,
,,,,,GCA_000768685,
159437,,"DSM 27811, SCSIO 13007, NBRC 109942",1,Kocuria coralli,GCA_008831305,Oct-40
,,,,,SZWF01000000,
7657,,"DSM 16420, KCTC 9943, KMM 3905, CCUG 51442, JCM 13363, NBRC 110801",1,Kocuria marina,223184.2,Apr-43
7643,TAGA27,"DSM 11925, CCM 4949, IFO 16318, NBRC 16318, CCUG 52395, CIP 105971, JCM 11652, IAM 15064, LMG 19167",1,Kocuria palustris,2562617128,10
,,,,,2893684298,
,,,,,71999.21,
,,,,,GCA_016907795,
7650,,"DSM 14382, CIP 107764, MTCC 3702, CCUG 52397, CMS 76or, JCM 12076, IAM 15066, NBRC 103063",1,Kocuria rosea subsp. polaris,GCA_000786195,20
7646,,"DSM 348, ATCC 9341, PCI 1001, JCM 20050, BCRC 10449, CCM 552, CECT 241, CIP 53.45, CNCTC 5039, IAM 1099, IFO 12708, LMG 8194, LMG 8764, LMG 8789, LMG 8816, NBRC 103217, NBRC 12708, NBRC 3232, NCIMB 8553, NCTC 8340, IMET 10397, NCDO 758",0,Kocuria rhizophila,378753.5,10
,,,,,72000.33,15-41
,,,,,GCA_000010285,
,,,,,GCA_900637835,
7641,,"DSM 20447, ATCC 186, CCM 679, NCTC 7523, CCUG 4312, IAM 1315, IFO 3768, JCM 11614, BCRC 11044, CECT 5052, CECT 52, CIP 71.15, IAM 14818, IMSNU 11063, IMSNU 21322, JCM 7236, KCCM 40158, KCTC 3137, KCTC 3199, KCTC 3488, LMG 14224, NBRC 3768, NCFB 975, NCIMB 11696, NRRL B-2977, PCM 548, VKM Ac-2200, VKM B-1236, VKM B-1823, NCDO 975",1,Kocuria rosea,1275.17,Oct-41
,,,,,1275.18,
,,,,,1275.9,
,,,,,2818991576,
,,,,,GCA_003124035,
,,,,,GCA_006094695,
,,,,,GCA_006717035,
7640,,"DSM 12801, ATCC 49321, JCM 21325, CIP 106741, IAM 14819, IFO 15588, NBRC 15588",0,Kocuria rosea,1275.7,10
,,,,,GCA_003124025,
166538,M5W7-7,"KCTC 49195, CGMCC 1.13744",1,Kocuria soli,2866510393,Oct-37
,,,,,GCA_003797835,
7642,"G 33, G33","DSM 20033, ATCC 15306, CCM 884, NCDO 777, NCTC 7564, JCM 7238, BCRC 12152, CCUG 35392, CCUG 3705, CECT 230, CIP 81.73, GIFU 9844, HAMBI 1951, HAMBI 40, IAM 13594, IFO 15358, LMG 14231, NBRC 15358, NCFB 624, NCFB 777, NCIMB 11697, VKM Ac-2215, VKM B-1232, VKM B-1827, VTT E-97857, NCDO 624",1,Kocuria varians,1272.7,15-30
,,,,,GCA_006539885,
159749,WE7,"CGMCC 1.15338, JCM 31140",1,Komagataeibacter cocois,2846455291,15-37
,,,,,GCA_003311635,
45,G5-1,"DSM 24098, JCM 25156, LMG 26206, NRIC 0798, BCRC 80743",1,Komagataeibacter kakiaceti,1234672.3,15-30
,,,,,2579778616,
,,,,,2828350867,
,,,,,943261.6,
,,,,,GCA_000613305,
91,,"DSM 11826, JCM 16937, LMG 18849, NCIMB 13557, LTH 2460, BCC 36445, BCRC 17057, CIP 105763",1,Komagataeibacter oboediens,2846433441,10
,,,,,65958.4,
,,,,,GCA_003207815,
95,,"DSM 15973, BCC 7227, JCM 9730, LMG 18788, BPR 2001, ATCC 700178, BCRC 80162, CECT 7291, CIP 106078",1,Komagataeibacter sucrofermentans,1053551.5,10
,,,,,2846444558,
,,,,,GCA_003207865,
88,,"DSM 6513, ATCC 23767, BCC 7226, JCM 7644, LMG 1515, NBRC 15237, NCIMB 11664, BCRC 12952, CCM 3611, CCUG 37299, CECT 7351, CIP 103107, IFO 15237, NCTC 4112, VTT E-97831",1,Acetobacter aceti subsp. xylinus,1220579.3,10
,,,,,2731957626,
,,,,,28448.11,
,,,,,2846462022,
,,,,,GCA_001571345,
,,,,,GCA_003207915,
133649,OT-1,"KCTC 8814P, NBRC 1000336",1,Kordia algicida,391587.3,30-Apr
,,,,,641380434,May-40
,,,,,GCA_000154725,
134041,,"KCTC 32292, NBRC 109401, IMCC 3317",1,Kordia antarctica,1218801.3,30-Apr
,,,,,,15
,,,,,,20
133812,101-1,"KACC 16184, JCM 17742",1,Kordiimonas aestuarii,GCA_025574465,15-40
133810,,"KCCM 42940, JCM 16665, MEBiC 06554",1,Kordiimonas aquimaris,GCA_025574485,10.5-35
,,,,,,20
17858,GW14-5,"DSM 19435, CIP 109032, JCM 12864, KCCM 42021",1,Kordiimonas gwangyangensis,1122137.3,17-44
,,,,,1236957.3,
,,,,,2517093004,
,,,,,2585427871,
,,,,,GCA_000375545,
,,,,,GCA_000616065,
17859,S3-22,"DSM 23258, CGMCC 1.9109, JCM 16261",1,Kordiimonas lacus,2617270924,Oct-43
,,,,,2690315885,
,,,,,637679.5,
,,,,,GCA_001550055,
,,,,,GCA_900101935,
140838,M41,"CGMCC 1.15304, JCM 30877",1,Kordiimonas lipolytica,2791354939,15-45
,,,,,GCA_001550065,
158811,N18,"MCCC 1K03436, KCTC 62164",1,Kordiimonas pumila,GCA_015240255,Oct-37
4383,Ah-143,"DSM 25165, KCTC 22375, LMG 26131, NCIMB 14469, CCUG 66539, CIP 110809",1,Kosakonia arachidis,2651870175,20-30
,,,,,GCA_900116535,
4376,"888-76, KSK 246, UM-79, KSK246, U11-79","DSM 18146, CIP 107300, JCM 10956, LMG 23569, CCUG 45998",1,Kosakonia cowanii,1300165.3,Oct-41
,,,,,2734481920,5
,,,,,2773858034,
,,,,,GCA_001312885,
,,,,,GCA_001975225,
133472,,"LMG 24251, CGMCC 1.7012, Ola 51",1,Kosakonia oryzae,2675902965,Oct-40
,,,,,497725.6,
,,,,,GCA_900112145,
164525,"GDMCC1.1570, WCHEs120001","JCM 33347, GDMCC 1.1570, NCTC 14272",1,Kosakonia quasisacchari,GCA_004331415,2
,,,,,,Apr-40
4370,D5/23,"CCUG 50898, DSM 16656, CIP 108468, LMG 23767",1,Kosakonia radicincitans,1177180.1,10
,,,,,1177180.11,5
,,,,,1177180.18,
,,,,,1177180.3,
,,,,,2811995038,
,,,,,GCA_000280495,
12605,CC 0387,"DSM 21481, CCTCC AA 208024, JCM 16551",1,Krasilnikoviella flava,2596583702,10.0-40.0
,,,,,526729.3,
,,,,,GCA_900167525,
24247,,"DSM 26744, JCM 30547, NRRL B-24917, BC 640",1,Kribbella albertanoniae,1266829.3,20-45
,,,,,2866673921,
,,,,,GCA_004348455,
11079,,"DSM 18824, JCM 14599, HKI 0478, CIP 109731, NBRC 104151",1,Kribbella aluminosa,2918305061,20-37
,,,,,416017.3,
,,,,,GCA_017876295,
11083,,"DSM 24683, NBRC 107914, XMU 198",1,Kribbella amoyensis,2816332119,Oct-37
,,,,,996641.3,
,,,,,GCA_007828865,
11069,,"DSM 15501, CCRC 16318, CCTCC AA 00102, JCM 13523, NBRC 101882, YIM 31530, BCRC 16318, CCTCC AA 001021, KCTC 19026, CIP 108764",1,Kribbella antibiotica,190195.3,30-Oct
,,,,,2866832330,
,,,,,GCA_004349055,
11081,,"DSM 19601, JCM 14968, BC 631, NBRC 105864",1,Kribbella catacumbae,1122138.3,30-Oct
,,,,,2515154140,
,,,,,GCA_000372465,
11076,65-N86,"DSM 17836, IFO 14399, JCM 10339, KCTC 9580, NBRC 14399, KACC 20248, CIP 107494, IMSNU 22160, NCIMB 13631, NRRL B-16234",1,Kribbella flavida,479435.6,10
,,,,,646311938,
,,,,,GCA_000024345,
11073,HD9,"DSM 17305, CIP 108509, JCM 12204, KACC 20266, NBRC 101070",1,Kribbella jejuensis,236068.3,10
,,,,,2806310635,
,,,,,GCA_006715085,
157980,"NEAU-THZ 27, NEAU-THZ27","DSM 105535, CGMCC 4.7504, NEAU THZ 27",1,Kribbella jiaozuonensis,GCA_005233875,15-37
158430,NEAU-SW521,"DSM 105770, CGMCC 4.7465",1,Kribbella monticola,2838804460,15-37
,,,,,GCA_003261635,
11070,"C-49,009","DSM 15626, ATCC 39419, KCTC 9609, JCM 10340, CIP 107493, IMSNU 22170, IMSNU 22181, KACC 20249, NBRC 100341",1,Kribbella sandramycini,2864715011,10
,,,,,60450.3,
,,,,,60450.4,
,,,,,GCA_013131805,
,,,,,GCA_014207795,
11072,DSA1,"DSM 17294, CIP 108508, JCM 12205, KACC 20196, NBRC 101071",1,Kribbella solani,236067.3,10
,,,,,2873330523,
,,,,,GCA_014205295,
164414,16K104,"JCM 32914, KCTC 49224",1,Kribbella turkmenica,GCA_004348725,20-37
5738,,"DSM 19886, KCTC 22188, KMM 3665, JCM 11734, CECT 7617",1,Kriegella aquimaris,192904.4,Apr-37
,,,,,2622736525,
,,,,,GCA_900103215,
169731,"Hel_I_53, Hel1_53",DSM 29410,0,Dokdonia sp.,1566287.3,15
,,,,,GCA_007827465,
11952,13-2,"DSM 4747, ATCC 49154, CCM 3477, VKM V-1549, JCM 8563, BCRC 17017, CIP 103418, LMG 17317, NBRC 101530, NCIMB 13254, NRRL B-41083, VKM B-1549",1,Kurthia sibirica,202750.4,25-Oct
,,,,,202750.5,17
,,,,,2891118952,
,,,,,GCA_003143975,
,,,,,GCA_007989725,
6084,A10,"DSM 21353, CCM 7415, CECT 7220, JCM 18992, JCM 15469",1,Kushneria aurantia,1122139.9,20-40
,,,,,2521172634,
,,,,,GCA_000382245,
6083,Mw2a,"DSM 23439, CECT 7193, CIP 109711, JCM 18993, CCM 7396",1,Kushneria avicenniae,2684623008,Dec-40
,,,,,402385.4,
,,,,,GCA_900112585,
132885,CG2.1,"DSM 14324, CECT 5902, CIP 109528, LMG 23625, JCM 19369",1,Kushneria indalinina,1122140.3,15-40
,,,,,2756170352,
,,,,,GCA_003385845,
140736,X49,"KACC 14623, JCM 16805",1,Kushneria konosiri,2751185544,Oct-37
,,,,,698828.3,15-25
,,,,,GCA_002155145,
6082,SW32,"DSM 15357, CIP 107103, JCM 10873, KCCM 80003, CGMCC 1.3499",1,Halomonas marisflavi,157779.3,15-30
,,,,,157779.6,5
,,,,,2751185713,
,,,,,2756170257,
,,,,,GCA_002157205,
,,,,,GCA_003610515,
159726,EAod3,"CECT 9073, LMG 29856",1,Kushneria phyllosphaerae,2839383563,Apr-37
,,,,,GCA_900312995,
6085,Z35,"DSM 23229, CCTCC AB 209027, NRRL B-59197",1,Kushneria sinocarnis,2757320357,Apr-42
,,,,,595502.3,
,,,,,GCA_003633775,
3928,"541, 54","CCUG 33030, DSM 20547, ATCC 14392, CCM 314, JCM 11482, BCRC 17469, CECT 4619, CIP 81.72, IAM 13003, IFO 15357, IMSNU 21324, LMG 14228, NBRC 15357, NCIMB 13236, NCIMB 14423, NCMB 555, NCTC 11040, VKM Ac-2222, VKM B-1316, VKM B-1824, NCIMB 555",1,Kytococcus sedentarius,1276.16,10
,,,,,1276.6,
,,,,,2839721034,
,,,,,478801.5,
,,,,,644736380,
,,,,,GCA_000023925,
,,,,,GCA_900452405,
7497,KSW2-17,"DSM 21548, JCM 14008, KCTC 19176, NBRC 106262",1,Labedella gwakjiensis,2734482166,Oct-37
,,,,,390269.3,
,,,,,GCA_003014675,
,,,,,GCA_003990035,
133336,HQYD1,"MCCC 1K02304, KCTC 42583",1,Saccharicrinis aurantiacus,GCA_001660705,10
,,,,,,4.0-33.0
,,,,,,4.0-37.0
164461,,"JCM 33138, MCCC 1K03739, CG 51",1,Labilibacter sediminis,GCA_005877885,Apr-37
,,,,,VCHY00000000,
166111,SPP2,"NBRC 111151, CECT 9460",1,Labilibaculum antarcticum,2775506819,0-25
,,,,,GCA_002356295,18-22
164274,A4,"JCM 32481, KCTC 15662",1,Labilibaculum euxinus,GCA_009795715,20-28
,,,,,WTCR00000000,Apr-35
158271,59.10-2M,"DSM 102944, JCM 31100",0,Labilibaculum manganireducens,2648501603,15
,,,,,GCA_002843385,
17410,JLW10,"DSM 16812, ATCC BAA-1080, JCM 21796, IAM 15351",1,Labrys methylaminiphila,2565956506,Oct-35
17414,W1215-PCA-4,"DSM 19619, NRRL B-51088",1,Labrys wisconsinensis,2928284429,Oct-40
132396,DLD10,"DSM 28816, JCM 30818",1,Lachnotalea glycerini,1763509.6,Dec-37
,,,,,2756170264,
,,,,,GCA_002251105,
,,,,,GCA_003201285,
133442,NJ-8,"CGMCC 1.7271, NBRC 104930",1,Lacibacter cauensis,2596583623,20-37
,,,,,510947.5,
,,,,,GCA_007830055,
168437,TTM-7,"KCTC 62870, LMG 30926, BCRC 81159",1,Lacibacter luteus,GCA_004118265,20-30
,,,,,SDHW00000000,
141137,X13M-12,"CGMCC 1.12923, KCTC 42674",1,Lacimicrobium alkaliphilum,1526571.11,Apr-40
,,,,,2832081228,
,,,,,GCA_002591895,
,,,,,GCA_014640135,
133839,E4-9a,"CIP 110310, KCTC 23612",1,Lacinutrix himadriensis,2713896817,20-Apr
,,,,,641549.4,18
,,,,,GCA_001418105,20
134366,,"KCCM 42306, JCM 13824, AKS 432",1,Lacinutrix mariniflava,2731957952,0-22
,,,,,342955.4,17
,,,,,,17.5
169600,"Hel_I_90, Hel1_90",DSM 29335,0,Lacinutrix sp.,1249999.4,15
164320,CHu50b-6-2,"JCM 32673, KCTC 49081",1,Lacisediminihabitans profunda,GCA_008040105,30-Apr
164323,CHu64-6-4,"JCM 32676, KCTC 62287",1,Lacisediminimonas profundi,2886751880,Apr-37
,,,,,GCA_008831265,
6670,MCH3-1,"DSM 22697, BCC 21233, CIP 109883, JCM 13995, NRIC 0672, PCU 273",1,Lacticaseibacillus camelliae,1423730.3,15
,,,,,1423730.4,
,,,,,2657244955,
,,,,,2728369674,
,,,,,GCA_001311195,
,,,,,GCA_001436615,
6559,"03, 7, O3","CCUG 21451, IAM 12473, LMG 6904, DSM 20011, ATCC 393, NCDO 161, WDCM 00100, JCM 1134, BCRC 10697, CECT 475, CIP 103137, IFO 15883, KCTC 3109, NBRC 15883, NCIMB 11970, NRRL B-1922, VTT E-85225, IID 892, CCM 7088, NCTC 13641",1,Lacticaseibacillus casei,1236939.3,10
,,,,,1423732.4,15-45
,,,,,219334.1,
,,,,,219334.11,
,,,,,219334.4,
,,,,,2585427874,
,,,,,2630968676,
,,,,,2700989128,
,,,,,GCA_000615205,
,,,,,GCA_000829055,
6583,,"CCUG 42894, DSM 13343, LMG 18010, OND 32, JCM 12514, CIP 105851, KCTC 21010",1,Lacticaseibacillus manihotivorans,1423769.3,Oct-45
,,,,,1423769.4,
,,,,,2713896728,
,,,,,2728369672,
,,,,,GCA_001311155,
,,,,,GCA_001435035,
6607,A24-2-1,"DSM 15945, AS 1.2826, LMG 21017, JCM 12539, CGMCC 1.2826, CIP 107744, NBRC 106106",1,Lacticaseibacillus pantheris,1423783.3,10
,,,,,1423783.4,15
,,,,,1423783.5,
,,,,,2663763308,
,,,,,2728369673,
,,,,,2731957670,
,,,,,GCA_001311175,
,,,,,GCA_001435155,
,,,,,GCA_001591865,
6548,RO94,"DSM 5622, ATCC 25302, NCDO 151, CCUG 32212, LMG 13087, JCM 8130, CIP 103918, NBRC 15889, AS 1.2826, BCRC 12248, CECT 4022, IFO 15889, KCTC 3510, NCFB 151, NRIC 0950",1,Lacticaseibacillus paracasei subsp. paracasei,1226298.1,15-37
,,,,,1226298.3,
,,,,,1226298.9,
,,,,,1423829.3,
,,,,,2667528038,
,,,,,2912347755,
,,,,,47714.15,
,,,,,47714.17,
,,,,,525337.3,
,,,,,643886051,
6434,Jul-74,"DSM 20258, ATCC 25599, NCIB 9709, CCUG 34829, JCM 1171, BCRC 14628, CCM 7092, CECT 4175, CIP 102994, CIP 103024, IFO 15906, KCTC 3074, LMG 9191, NBRC 15906, NCFB 2742, NCIMB 9709, NRIC 1045, NCDO 2742, NCFB 2774",1,Lacticaseibacillus paracasei subsp. tolerans,113557.4,Oct-37
,,,,,1423830.3,
,,,,,2657245104,
,,,,,GCA_001436485,
,,,,,GCA_007989185,
24130,R-42633,"DSM 28071, CCUG 62266, LMG 26767, KCTC 21027, JCM 19617",1,Lacticaseibacillus porcinae,1123687.3,15-37
,,,,,GCA_003946305,
6427,,"DSM 20021, ATCC 7469, CCM 1825, NCDO 243, NCIB 6375, WDCM 00101, CCUG 21452, NCTC 6375, JCM 1136, BCC 49729, BCRC 10940, CECT 278, CIP A157, IAM 1118, IFO 3425, KCTC 1046, LMG 6400, NBRC 3425, NCAIM B.01147, NCCB 46033, NCFB 243, NCIMB 6375, NCTC 12953, NRIC 1043, NRRL B-176, NRRL B-442, VKM B-574, IMET 10691, NCIMB 8010",1,Lacticaseibacillus rhamnosus,1236940.3,15-45
,,,,,1423797.16,
,,,,,1423797.7,
,,,,,2585427882,
,,,,,2690315983,
,,,,,GCA_000615245,
,,,,,GCA_001435405,
,,,,,GCA_002849515,
,,,,,GCA_007990855,
6671,MCH5-2,"DSM 22698, BCC 21235, CIP 109884, JCM 13996, NRIC 0671, PCU 272",1,Lacticaseibacillus thailandensis,1423810.3,15-37
,,,,,1423810.4,
,,,,,2693429543,
,,,,,2734481919,
,,,,,GCA_001312865,
,,,,,GCA_001436135,
2287,MIC1-18,"DSM 19658, NBRC 101988",1,Lacticigenium naphthae,1122143.3,30-Apr
,,,,,2524023191,
,,,,,GCA_000425865,
6626,,"DSM 16365, CIP 108320, CCUG 50787, DKO 22, JCM 16169, BCRC 17638, NBRC 106468, NRIC 0653",1,Lactiplantibacillus argentoratensis,1423831.3,10
,,,,,2700989149,15-37
,,,,,271881.5,
,,,,,271881.7,
,,,,,2902495512,
,,,,,GCA_001435215,
,,,,,GCA_003641165,
,,,,,GCA_007991855,
6682,R-34115,"DSM 21115, LMG 24284",1,Lactiplantibacillus fabifermentans,1578.21,Oct-37
,,,,,2563367174,
,,,,,GCA_000498955,
6629,"Lp 39, No. 39","DSM 20174, ATCC 14917, NCDO 1752, WDCM 00104, CCUG 30503, IAM 12477, JCM 1149, BCRC 10069, CCM 7039, CECT 748, CIP 103151, IFO 15891, KCTC 3108, LMG 6907, LMG 7945, NBRC 15891, NCFB 1752, NCIMB 11974, NRIC 1067, NRRL B-4496, VKM B-2209, VTT E-79098, NCTC 13644",1,Lactiplantibacillus plantarum subsp. plantarum,1236942.4,15-30
,,,,,1590.1803,
,,,,,1590.625,
,,,,,2562617181,
,,,,,2585427927,
,,,,,2700989139,
,,,,,337330.69,
,,,,,525338.16,
,,,,,525338.3,
,,,,,GCA_000143745,
6493,P1,"DSM 2601, ATCC 10241, NCDO 343, NCIB 7220, JCM 1551, BCRC 12251, CECT 749, CIP 71.39, KCTC 3104, LMG 9208, NCFB 343, NCIMB 7220, NCIMB 8184, NCTC 7220",0,Lactiplantibacillus plantarum subsp. plantarum,1590.345,10
,,,,,GCA_001888655,15
6498,,"DSM 13273, ATCC BAA-171, NRRL B-14768, CCUG 45396, CIP 106786, JCM 11125, NCIMB 14068",0,Lactiplantibacillus plantarum,1590.166,10
,,,,,2663763241,15-45
,,,,,GCA_001436855,
6499,17-5,"DSM 20205, ATCC 8014, CCM 1904, NCDO 82, NCIB 6376, JCM 1057, AHU 1413, ATU L-2, BCRC 10357, BUCSAV 214, BUCSAV 449, CCUG 11253, CCUG 9289, CECT 220, CECT 4308, CGMCC 1.1856, CIP A159, IAM 1041, ICPB 2080, IFO 3070, JCM 6651, KCTC 1048, KCTC 21024, LMG 1284, NBIMCC 1009, NBRC 3070, NCCB 46043, NCFB 82, NCIMB 6376, NCIMB 8014, NCIMB 8030, NCIMB 8864, NCIMB 8960, NCTC 6376, NRIC 1064, VKM B-1922, VKM B-578, VTT E-71034, IMET 10698",0,Lactiplantibacillus plantarum subsp. plantarum,1590.586,10
,,,,,1590.602,15
,,,,,1590.619,
,,,,,2916487279,
,,,,,651717167,
,,,,,GCA_002370965,
,,,,,GCA_002631775,
,,,,,GCA_002749655,
6402,,"DSM 20749, ATCC 43578, JCM 3825, CCUG 32229, LMG 10751, CIP 103180, NCIMB 12799, NBI 3014, CECT 4019, NCFB 2798",1,Lactobacillus acetotolerans,1423714.3,10
,,,,,1423714.4,15
,,,,,1423714.7,
,,,,,2681813023,
,,,,,2700989123,
,,,,,GCA_001311725,
,,,,,GCA_001436775,
,,,,,GCA_014648715,
6404,"L917, Scav","DSM 20079, ATCC 4356, NCDO 1748, NCIB 8690, WDCM 00098, CCUG 5917, IFO 13951, CCM 4833, JCM 1132, BCRC 10695, CECT 903, CGMCC 1.1878, CIP 76.13, HAMBI 84, KCTC 3111, KCTC 3164, LMG 13550, LMG 9433, NBRC 13951, NCCB 98067, NCFB 1748, NCIMB 8690, NCTC 12980, NRIC 1547, NRRL B-23431, NRRL B-4239, NRRL B-4495, VKM B-1660, VPI 6032, VTT E-96276, IID 893, IMET 10710, PCM 249",1,Lactobacillus acidophilus,1226675.3,10
,,,,,1236547.3,15
,,,,,1423717.3,
,,,,,1423717.5,
,,,,,1579.22,
,,,,,1579.223,
,,,,,2585427872,
,,,,,2602041530,
,,,,,2627854057,
,,,,,2663762958,
6571,LA 5,"DSM 11664, CCUG 39901, CIP 107338, JCM 12529, LMG 18796",1,Lactobacillus amylolyticus,2671180773,10
,,,,,585524.3,15
,,,,,585524.9,
,,,,,647000263,
,,,,,83683.14,
,,,,,GCA_000178475,
,,,,,GCA_001435665,
,,,,,GCA_004354545,
6413,B-4540,"DSM 20531, ATCC 33620, NRRL B-4540, CCUG 27201, JCM 1126, BCRC 11648, CCM 4380, CECT 4132, CGMCC 1.3395, CIP 102989, KCTC 3597, LMG 17752, LMG 9496, NCAIM B.01458, NCFB 2657, NCIMB 13276, VTT E-95576, NCDO 2657",1,Lactobacillus amylovorus subsp. amylovorus,1423723.1,15
,,,,,1423723.12,
,,,,,2681813110,
,,,,,2822017380,
,,,,,GCA_001433985,
,,,,,GCA_002706375,
159711,BS-W1,"BCRC 80970, NBRC 112377",1,Levilactobacillus bambusae,GCA_003124125,10
,,,,,,15-40
,,,,,,4
166164,47-3,"NCIMB 15165, CCM 8903, LMG 31064",1,Lacticaseibacillus baoqingensis,GCA_003946165,15-40
166234,54-5,"NCIMB 15151, CCM 8894",1,Lapidilactobacillus bayanensis,GCA_003946695,15-37
137682,S8-64,"CIP 105137, ATCC 367, CCRC 12310, JCM 1170, LMG 11437, NCDO 477, NCFB 477, NCIMB 947, NCIMB 8169, NCTC 947, CCUG 36840, BCRC 12310",0,Levilactobacillus brevis,387344.15,10
,,,,,387344.34,15-37
,,,,,387344.35,
,,,,,639633027,
,,,,,GCA_000014465,
138175,"S8-40, P-2","CIP 105136, ATCC 27305, CCRC 14040, CCUG 21958, JCM 1102, LMG 7934, NRIC 1036, BCRC 14040",0,Levilactobacillus brevis,525310.3,10
,,,,,643886059,15-37
,,,,,GCA_000159175,
133069,"L1, 111144-L1, L1(historical number)","DSM 101872, KCTC 21086",1,Lactobacillus colini,1819254.3,20
,,,,,2913564238,
,,,,,GCA_017874575,
6442,,"DSM 20584, ATCC 33820, CCUG 30722, JCM 1185, LMG 9479, CIP 102990, VPI 3199, BCRC 14618, CECT 4840, NCFB 2752, NRIC 1717, NCDO 2752",1,Lactobacillus crispatus,1423736.3,15
,,,,,1423736.4,
,,,,,2690315996,
,,,,,2728369695,
,,,,,47770.576,
,,,,,47770.64,
,,,,,47770.84,
,,,,,GCA_001311685,
,,,,,GCA_001434005,
,,,,,GCA_002088015,
137068,58-098-135,CIP 104459,0,Lactobacillus crispatus,47770.572,15
,,,,,GCA_008079315,
139287,,"CIP 105002, JCM 5810, KCTC 3178, LMG 18191",0,Lactobacillus crispatus,2690315764,10
,,,,,47770.37,15
,,,,,GCA_001567095,
134233,,"CCUG 53174, CIP 109613, LMG 23699, JCM 15951, NBRC 107159",1,Companilactobacillus crustorum,1423737.3,Oct-37
,,,,,2663763277,15-45
,,,,,2695420765,
,,,,,392416.14,
,,,,,392416.3,
,,,,,GCA_001434585,
,,,,,GCA_001438825,
,,,,,GCA_007992035,
133853,S1L19,"JCM 18524, CCTCC M 2011381",1,Lentilactobacillus curieae,GCA_000785105,15-45
6449,"14, Lb.14","DSM 20081, ATCC 11842, NCDO 1489, WDCM 00102, CCUG 41390, CIP 101027, LMG 6901, IMET 10708, JCM 1002, BCRC 10696, CCM 7190, CCUG 21450, CECT 4005, IAM 12472, IFO 13953, KCTC 3635, LMG 13551, NBRC 13953, NCFB 1489, NCIMB 11778, NCTC 12712, NRIC 1688, VKM B-1923, VTT E-96662",1,Lactobacillus delbrueckii subsp. bulgaricus,1585.83,10
,,,,,2728369678,15
,,,,,2916485263,
,,,,,390333.12,
,,,,,390333.13,
,,,,,390333.7,
,,,,,GCA_000056065,
,,,,,GCA_001311275,
,,,,,GCA_001437195,
,,,,,GCA_006539405,
6450,"730, Calvert, Calbert","CCUG 34222, CCM 7191, DSM 20074, ATCC 9649, NCDO 213, NCIB 8130, JCM 1012, BCRC 12195, CECT 286, CGMCC 1.2624, CIP 57.8, IAM 12474, IFO 3202, KCTC 1047, LMG 6412, NBRC 3202, NCIMB 8130, NRIC 1053, NRRL B-763, VKM B-1596, VTT E-98097",1,Lactobacillus delbrueckii subsp. delbrueckii,1236545.3,10
,,,,,1423823.3,15
,,,,,1423823.4,
,,,,,2585427925,
,,,,,2657244991,
,,,,,2721755550,
,,,,,83684.12,
,,,,,GCA_000615095,
,,,,,GCA_001433875,
,,,,,GCA_001908495,
6610,,"DSM 15996, LMG 22083, CCUG 51390, CIP 108704, JCM 15610, NCC 725",1,Lactobacillus delbrueckii subsp. indicus,1423824.3,10
,,,,,249265.3,
,,,,,249265.4,
,,,,,249265.7,
,,,,,249265.8,
,,,,,2648501283,
,,,,,2671180553,
,,,,,2721755737,
,,,,,GCA_001189855,
,,,,,GCA_001435795,
6451,L 110,"DSM 20072, ATCC 12315, NCDO 1438, CCUG 31454, IAM 12476, JCM 1248, BCRC 12256, CGMCC 1.2132, CGMCC 1.2625, CIP 101028, KACC 12417, KCTC 3636, LMG 7942, NBIMCC 1012, NBRC 102622, NCFB 1438, NRIC 1683, NRRL B-4525, VTT E-93488",1,Lactobacillus delbrueckii subsp. lactis,2534682072,10
,,,,,2663763110,15
,,,,,2879984508,
,,,,,2916482346,
,,,,,888027.3,
,,,,,888027.6,
,,,,,888027.7,
,,,,,888027.8,
,,,,,GCA_000192165,
,,,,,GCA_001434635,
6453,"326, F 59","DSM 20076, ATCC 4797, CCM 2344, NCDO 299, NCIB 7854, CCUG 21454, ATCC 7831, JCM 1148, BCRC 10699, CECT 287, CIP 54.3, IAM 1196, IFO 3073, LMG 13136, LMG 6891, NBRC 3073, NCCB 49006, NCFB 299, NCFB 301, NCIMB 7854, NCIMB 8117, NCIMB 8183, NRRL B-1924, NRRL B-735",0,Lactobacillus leichmannii,GCA_021134395,10
,,,,,GCA_021134495,15
,,,,,GCA_024701915,
6454,"313, Ld 5, Ld5","DSM 20355, ATCC 7830, NCDO 8118, NCIB 302, JCM 1557, BCRC 11051, BCRC 80015, CCUG 19776, CECT 282, CIP 53.61, IAM 12066, IFO 3376, KCTC 1058, KCTC 3035, LMG 6401, NBRC 3376, NCDO 302, NCIMB 8118, PCM 2583",0,Lactobacillus delbrueckii subsp. lactis,2718218337,10
,,,,,29397.16,15
,,,,,29397.69,
,,,,,GCA_001888985,
,,,,,GCA_006538625,
,,,,,GCA_021134475,
135973,,CIP 101810,0,Lactobacillus delbrueckii subsp. lactis,GCA_021134835,10
,,,,,,15
137310,MB 367,"CIP 105924, ATCC 10697, JCM 1107, BCRC 14003, CECT 374, NCIMB 8170",0,Lactobacillus delbrueckii subsp. lactis,GCA_021134415,10
,,,,,,15
166156,218-6,"NCIMB 15171, CCM 8908, KCTC 21134, LMG 31067",1,Levilactobacillus fujinensis,2885693819,15-33
,,,,,GCA_003946335,
133700,,"JCM 17355, BCRC 80278, YM 0097",1,Companilactobacillus futsaii,1423818.3,15-Oct
,,,,,2667527675,
,,,,,GCA_001435505,
166158,244-4,"NCIMB 15168, CCM 8906, KCTC 21137, LMG 31052",1,Levilactobacillus fuyuanensis,2881569214,15-37
,,,,,GCA_003946395,
6565,7 CCr87,"CCUG 30724, JCM 2011, CCM 4383, CIP 103611, DSM 10532, ATCC 33199, NCFB 2235, VPI 1294, BCRC 17266, KCTC 5048, LMG 9435, NCIMB 13223",1,Lactobacillus gallinarum,1236533.3,15
,,,,,1423748.3,
,,,,,2585427877,
,,,,,2663762633,
,,,,,GCA_000614735,
,,,,,GCA_001434975,
6466,AM 63,"CCUG 31451, DSM 20243, ATCC 33323, NCDO 2233, NCIB 11718, JCM 1131, BCC 49728, BCRC 14619, CCM 7009, CECT 4479, CGMCC 1.3396, CIP 102991, KCTC 3163, LMG 9203, NCFB 2233, NCIMB 11718, NCTC 13722, NRIC 1546, NRRL B-14168, NRRL B-4240, VTT E-991245, PCM 2500",1,Lactobacillus gasseri,1236546.3,15
,,,,,1596.11,
,,,,,2585427878,
,,,,,324831.13,
,,,,,324831.46,
,,,,,639633030,
,,,,,GCA_000014425,
,,,,,GCA_000615125,
,,,,,GCA_008868295,
,,,,,GCA_029823575,
6700,202,"DSM 23908, CRBIP24.85, KCTC 21043, CRBIP 24.85",1,Lactobacillus gigeriorum,1423751.3,20-45
,,,,,2597489909,
,,,,,2700989126,
,,,,,872325.3,
,,,,,GCA_000296855,
,,,,,GCA_001436575,
6471,"12, Lh12","DSM 20075, ATCC 15009, CCUG 30139, IMET 10709, LMG 6413, CCTM 3036, JCM 1120, BCRC 12936, CCM 7193, CECT 4305, CIP 103146, IFO 15019, KCTC 3545, LMG 13555, NBRC 15019, NCFB 2712, NCIMB 11971, NRIC 1545, NRRL B-4526, NCDO 2712",1,Lactobacillus helveticus,1587.663,10
,,,,,2700989140,15
,,,,,585520.12,
,,,,,585520.17,
,,,,,585520.4,
,,,,,645951865,
,,,,,GCA_000160855,
,,,,,GCA_001434945,
,,,,,GCA_015698225,
,,,,,GCA_029823695,
136298,H2,"CIP 104345, ATCC 10386, NCDO 261, NCIMB 8024",0,Lactobacillus helveticus,1587.2,10
,,,,,2627853918,15
,,,,,GCA_000765465,
137106,H-80,"CIP 57.15, ATCC 12046, JCM 1554, NCDO 1829, NCIMB 8733, BCRC 12259",0,Lactobacillus helveticus,1587.184,10
,,,,,GCA_002868275,15
139090,B2,"CIP 104344, NCDO 99, JCM 1004, LMG 11446, NCIMB 700099",0,Lactobacillus helveticus,1587.708,10
,,,,,GCA_018408455,15
6705,"61D, 361 D","DSM 23910, KCTC 21045, JCM 18988, CRBIP24.179, CRBIP 24.179",1,Lactobacillus hominis,1423758.3,15
,,,,,2537561925,
,,,,,2663763150,
,,,,,872328.3,
,,,,,GCA_000296835,
,,,,,GCA_001436125,
166202,395-6.2,"CCM 8927, NCIMB 15188, LMG 31179",1,Companilactobacillus huachuanensis,2559914.3,15-37
,,,,,GCA_005404815,5
166160,151-2B,"NCIMB 15164, CCM 8913, KCTC 21129, LMG 31063",1,Levilactobacillus huananensis,2881571838,15-37
,,,,,GCA_003946145,
6580,,"DSM 13335, CCUG 28746, CIP 105923, LMG 18914, NCIMB 13718, CCM 4943, JCM 12513",1,Lactobacillus iners,2663763267,15
,,,,,525328.13,
,,,,,525328.4,
,,,,,645951832,
,,,,,GCA_000160875,
,,,,,GCA_001435015,
6535,"Th4, Th 4","CCUG 30727, DSM 6629, ATCC 49335, JCM 7548, BCRC 14741, CIP 104793, KCTC 5052, LMG 14196, NCIMB 13719",1,Lactobacillus intestinalis,1423761.3,10
,,,,,2700989157,15
,,,,,GCA_001435325,
,,,,,GCA_024397795,
133267,Ru20-1,"LMG 29008, NBRC 111239, PCU 346, TISTR 2381, JCM 32627",1,Fructilactobacillus ixorae,GCA_024029915,15.0-40.0
6475,62G,"DSM 20557, ATCC 25258, JCM 15953, BCRC 12939, CCUG 21961, CCUG 35572, CECT 4306, CIP 69.17, JCM 1146, KCTC 3599, KCTC 5194, LMG 6414, NCFB 2165, NCIMB 13279, NRRL B-4550, NCDO 2165",1,Lactobacillus jensenii,109790.239,15
,,,,,1423762.3,
,,,,,2657245084,
,,,,,GCA_001436455,
,,,,,GCA_018094625,
166163,257-1,"NCIMB 15166, CCM 8904, LMG 31065",1,Loigolactobacillus jiayinensis,2885699577,13-33
,,,,,GCA_003946445,
166165,159-4,"NCIMB 15175, CCM 8911",1,Lacticaseibacillus jixianensis,2885702642,15-37
,,,,,GCA_003946485,
6560,,"DSM 10533, ATCC 33200, NCFB 2241, CCUG 30725, JCM 2012, KCTC 3801, VPI 7960, CCM 4384, CGMCC 1.3348, CGMCC 1.3397, CIP 103620, KCTC 5085",1,Lactobacillus johnsonii,2657245008,15
,,,,,525330.3,
,,,,,525330.7,
,,,,,643886046,
,,,,,GCA_000159355,
,,,,,GCA_001433975,
136238,,"CCUG 44519, IFO 13952, LMG 9437, JCM 8794, CIP 103653, ATCC 11506, NCIMB 8795, NCIMB 8892, JCM 1101, BCRC 14004, BUCSAV 419, CCM 2935, CECT 289, NBRC 13952, VPI 11088",0,Lactobacillus johnsonii,651716998,15
6622,WT-2B,"CCUG 32248, LMG 9916, CIP 103307, DSM 5016, ATCC 43761, JCM 6985, BCRC 16059, CECT 5954, CGMCC 1.3402, KCTC 5075, LMG 19149, NCFB 2797, NCIMB 702797, NRIC 1718",1,Lactobacillus kefiranofaciens subsp. kefiranofaciens,1236946.3,15
,,,,,1423827.3,
,,,,,2585427926,
,,,,,2597490363,
,,,,,2667528030,
,,,,,267818.5,
,,,,,GCA_000615685,
,,,,,GCA_001435275,
,,,,,GCA_900103655,
6566,1701,"DSM 10550, JCM 8572, CCUG 49353, ATCC 51647, LMG 19819, CIP 104241, LMG 15132, GCL 1701, CCUG 39467, CECT 5919, CGMCC 1.3398, CGMCC 1.3689, KCTC 5086, LMG 19150, NCIMB 13720",1,Lactobacillus kefiranofaciens subsp. kefirgranum,1423828.3,15-37
,,,,,1423828.4,
,,,,,2675903544,
,,,,,2728369681,
,,,,,GCA_001311335,
,,,,,GCA_001434195,
133577,,"KCTC 12976, JCM 15530, DCY 51",1,Secundilactobacillus kimchicus,1302272.4,15-45
,,,,,1302272.5,
,,,,,2657245468,
,,,,,2734481936,
,,,,,GCA_001313205,
,,,,,GCA_001433995,
6627,"Ch-J-2-11, S1-99","CCUG 53874, CIP 108218, DSM 16761, JCM 1039, KCTC 3155, BCRC 17387, LMG 23133",1,Lactobacillus kitasatonis,1236941.3,10
,,,,,1423767.3,15
,,,,,2565956592,
,,,,,2660238082,
,,,,,GCA_000615285,
,,,,,GCA_001434435,
166161,220-4,"NCIMB 15163, CCM 8902, KCTC 21136",1,Levilactobacillus lindianensis,2885674207,15-33
,,,,,GCA_003946095,
166155,112-3,"NCIMB 15174, CCM 8909, KCTC 21123, LMG 31049",1,Levilactobacillus mulengensis,2886212900,15-37
,,,,,GCA_003946045,
141152,313,"NBRC 112868, BCRC 81020",1,Companilactobacillus musae,1903258.3,15
,,,,,1903258.4,
,,,,,2881237380,
,,,,,GCA_003573575,
,,,,,GCA_003967595,
137411,,"CIP 109963, LMG 11984, ATCC 53295, JCM 30911, BCRC 81080",1,Levilactobacillus parabrevis,1267003.3,15-37
,,,,,1267003.4,
,,,,,2519103178,
,,,,,2657245447,
,,,,,2667527803,
,,,,,357278.3,
,,,,,GCA_000383435,
,,,,,GCA_001434055,
,,,,,GCA_001437515,
137568,,"CIP 107868, ATCC 334, CCUG 31169",0,Lacticaseibacillus paracasei,321967.11,Oct-37
,,,,,321967.3,
,,,,,639633028,
,,,,,GCA_000014525,
6465,F 164,"DSM 20077, ATCC 19992, WDCM 00103, CCUG 39972, CIP 103699, JCM 1130, KCTC 3162, VPI 6033, LMG 13047, NCIMB 13081, CECT 8109, NCTC 13643",0,Lactobacillus paragasseri,1596.86,15-45
,,,,,GCA_003307255,
165142,B3,"JCM 5344, ATCC 9857, CIP 62.18, KCTC 3173, LMG 11444, NCFB 3, NCIMB 2948, NCTC 2948, VPI 11089, NCDO 3, VPI 11759",0,Lactobacillus paragasseri,1596.88,10
,,,,,GCA_003307295,15
6489,1517,"DSM 23907, KCTC 21048, JCM 18989, CRBIP24.76, CRBIP 24.76",1,Lactobacillus pasteurii,1203066.3,15
,,,,,1423790.3,
,,,,,2563366755,
,,,,,2660238722,
,,,,,2916475386,
,,,,,872327.3,
,,,,,GCA_000297025,
,,,,,GCA_001433915,
,,,,,GCA_004354755,
136607,61 BB,CIP 104448,0,Lactiplantibacillus plantarum,1590.145,15-30
,,,,,2648501382,
,,,,,GCA_000956195,
6594,"SVA B 1491/99, 1491","DSM 15354, CCUG 42378, CIP 106492, JCM 11552, BCRC 17924, KCTC 13905",1,Lactobacillus psittaci,1122152.3,10
,,,,,1122152.4,15
,,,,,2523533622,
,,,,,2660238387,
,,,,,GCA_000425905,
,,,,,GCA_001435695,
166328,R7,"BCRC 81127, NBRC 113530",1,Companilactobacillus suantsaicola,2487723.3,0-10
,,,,,GCA_004745525,20-37
166329,R19,"BCRC 81129, NBRC 113532",1,Levilactobacillus suantsaiihabitans,2487722.3,0-10
,,,,,GCA_004745505,20-37
6690,FI RDI 006,"DSM 21401, BCRC 17755, CIP 110030, JCM 18086",1,Lactobacillus taiwanensis,1423809.3,15-45
,,,,,2660238553,
,,,,,GCA_001436695,
166159,137-3,"NCIMB 15170, CCM 8907, KCTC 21125, LMG 31053",1,Levilactobacillus tangyuanensis,2886210734,15-33
,,,,,GCA_003946545,
159887,NIBRBAC000499792,"KCTC 21093, JCM 32269",0,Companilactobacillus metriopterae,1993866.3,15-45
,,,,,GCA_002762335,
166157,218-10,"NCIMB 15167, CCM 8905, KCTC 21135, LMG 31055",1,Levilactobacillus tongjiangensis,2885651285,15-40
,,,,,GCA_003946345,
166149,HBUAS52074,"GDMCC 1.1417, KCTC 21106",1,Companilactobacillus zhachilii,2304606.3,15-40
,,,,,2896853475,
,,,,,GCA_003606365,
166162,187-3,"NCIMB 15172, CCM 8910",1,Loigolactobacillus zhaoyuanensis,2885696797,15-33
,,,,,GCA_003946385,
166279,1JSPR-7,"KACC 19319, NBRC 113068",1,Lactococcus allomyrinae,2419773.3,Oct-37
,,,,,GCA_003627095,4
14709,,"CIP 109874, DSM 22330, CCUG 55099, KCTC 13185, CAU 28, JCM 17100",1,Lactococcus chungangensis,1122154.4,30-Apr
,,,,,1122154.8,15-37
,,,,,1122154.9,
,,,,,GCA_002441885,
,,,,,GCA_900119835,
14691,HP,"DSM 20069, ATCC 19257, NCDO 607, NCIB 8662, CCUG 21953, LMG 6897, IMET 10707, JCM 16167, BCRC 12586, CECT 7100, CIP 102301, CNCTC 6910, HAMBI 1588, NBRC 100676, NCFB 607, NCIMB 8662",1,Lactococcus cremoris subsp. cremoris,1348655.3,10
,,,,,1359.117,15-30
,,,,,1359.227,
,,,,,1359.37,
,,,,,2731957663,
,,,,,2740892534,
,,,,,2903255457,
,,,,,GCA_000534815,
,,,,,GCA_001591705,
,,,,,GCA_001622215,
14710,L105,"DSM 21502, LMG 24662, JCM 31125",1,Lactococcus cremoris subsp. tructae,2859217666,20
,,,,,542833.3,
,,,,,GCA_002441825,
134042,516,"NBRC 109475, BCRC 80576, JCM 31966, LMG 29105",1,Lactococcus formosensis,1281486.5,20-37
,,,,,GCA_018403745,
14686,"0159, O159","DSM 20684, ATCC 43921, JCM 10343, NCDO 2155, CCUG 32208, NCIMB 702155, BCRC 17074, CECT 4531, CIP 102507, HAMBI 1592, JCM 12256, KCTC 3772, LMG 8893, NBRC 100934, NCFB 2155, LMG 9893, ATCC 49156",1,Lactococcus garvieae subsp. garvieae,1223498.3,Oct-41
,,,,,1363.315,
,,,,,1363.6,
,,,,,2600255050,
,,,,,2876473875,
,,,,,2906019534,
,,,,,GCA_000739975,
,,,,,GCA_002441675,
,,,,,GCA_008692985,
167746,S-13,"NBRC 113348, KCTC 21096",1,Lactococcus kimchii,GCA_004210295,10
,,,,,SDAK01000001,15.0-37.0
14702,"OJ, N30","DSM 20481, ATCC 19435, CCM 1877, NCDO 604, NCIB 6681, NCTC 6681, WDCM 00016, JCM 5805, ATCC 9936, BCC 49730, BCRC 12312, CCUG 32211, CCUG 7980, CECT 185, CIP 70.56, HAMBI 1591, KCTC 3769, LMG 6890, NBIMCC 4000, NBRC 100933, NCAIM B.02070, NCIMB 6681, NRIC 1149, VKM B-1662, VTT E-90395",1,Lactococcus lactis,1236944.3,10
,,,,,1236944.5,
,,,,,1358.133,
,,,,,1358.88,
,,,,,1360.26,
,,,,,1360.523,
,,,,,1360.89,
,,,,,1360.96,
,,,,,2597490350,
,,,,,2609460085,
158748,159469,"LMG 30040, DSM 104842, CIP 111606",1,Lactococcus petauri,2791355161,20-40
,,,,,GCA_002154895,4
,,,,,,Jun-40
14706,5L,"DSM 20686, ATCC 43199, NCDO 1869, CCUG 39180, JCM 11056, CCM 4542, CIP 102506, HAMBI 1593, KCTC 3645, LMG 8517, NBRC 100936, NCIMB 11945, VTT E-90411",1,Lactococcus plantarum,1348632.3,Oct-37
,,,,,1365.4,
,,,,,2731957665,
,,,,,2903266210,
,,,,,GCA_001591745,
,,,,,GCA_002441715,
166304,2DFWM-2,"KACC 19320, NBRC 113069",1,Lactococcus protaetiae,2592653.3,Oct-37
,,,,,2888328292,
,,,,,GCA_006965445,
158388,Rs-Y01,"DSM 105715, JCM 32106",1,Lactococcus reticulitermitis,2025039.3,Oct-40
,,,,,2791355155,
,,,,,GCA_002260845,
133905,0905C15,"NBRC 109049, BCRC 80460, JCM 32014",1,Lactococcus taiwanensis,1151742.5,20-37
,,,,,2921895997,
,,,,,GCA_014905395,
158433,NtB2,"DSM 107259, JCM 32569",1,Lactococcus termiticola,2169526.3,20-30
,,,,,2882205748,
,,,,,GCA_003116835,
167800,,"CGMCC 1.17071, KCTC 42886, YIM MLB12",1,Lampropedia aestuarii,GCA_004803635,15.0-35.0
,,,,,SSWX00000000,
132456,CT6,"DSM 100029, KCTC 42939, MCC 2711",1,Lampropedia cohaerens,GCA_001005215,20-55
2975,,"DSM 16112, ATCC 11041, CCUG 48573, IAM 14890, CIP 108560, JCM 21380, NBRC 102468",1,Lampropedia hyalina,1122156.3,10
,,,,,2582581266,5
,,,,,GCA_900129055,
6636,C-5-1,"DSM 17758, AS 1.5017, LMG 22739, JCM 14153, CGMCC 1.5017, CIP 108991, KACC 12410, NBRC 106101",1,Lapidilactobacillus concavus,1423735.3,Oct-42
,,,,,2671180578,
,,,,,287844.3,
,,,,,GCA_001435835,
,,,,,GCA_007989025,
6534,L95,"DSM 20335, ATCC 33087, CIP 103407, JCM 5887, LMG 11485, NCDO 1561, CCUG 18834, CCM 3457, BCRC 12842, CECT 4791, CGMCC 1.2693, KCTC 3506, LMG 10649, NCIMB 701561, VKM B-1603, VTT E-93494",1,Lapidilactobacillus dextrinicus,1423738.3,15-37
,,,,,2663762931,
,,,,,GCA_001436095,
6302,R-AC-013,"DSM 18607, KCTC 19200, JCM 15623, NBRC 106263, NCIMB 14544",1,Lapillicoccus jejuensis,2806310636,20-37
,,,,,402171.3,
,,,,,GCA_006715055,
10465,"HKU1, HKUI","DSM 14985, LMG 21516, CCUG 45813, CIP 107139",1,Laribacter hongkongensis,1122157.5,10
,,,,,2524023164,5
,,,,,GCA_000423285,
134165,,"NCIMB 14103, CCUG 55608, LMG 22510",1,Larkinella insperata,GCA_026248825,Oct-40
158687,15J6-3T6,"KCTC 42998, JCM 31989",1,Larkinella knui,2025310.3,30-Apr
,,,,,2882134870,
,,,,,GCA_003858645,
166350,"KCTC 62876, ZZJ9",CCTCC AB 2018215,1,Larkinella punicea,2832541779,16-28
,,,,,GCA_003334855,
141153,MIMbqt9,"MCCC 1K01309, KCTC 42800",1,Larkinella soli,2882593062,May-40
,,,,,GCA_003703975,
132991,ST307,"DSM 22428, CGMCC 1.8902",1,Larsenimonas suaedae,GCA_023712105,May-45
6444,1,"DSM 20019, ATCC 25601, NCIB 9710, CCUG 30669, LMG 9198, JCM 1096, BCRC 12189, CECT 904, CIP 102992, IFO 15884, KCTC 3767, LMG 13553, NBRC 15884, NCFB 2739, NCIMB 9710, NRIC 1052, NRRL B-4562, VTT E-90391, NCDO 2739",1,Latilactobacillus curvatus,1293592.4,10
,,,,,1293592.5,15-37
,,,,,1293592.9,
,,,,,2663762934,
,,,,,2728369693,
,,,,,28038.112,
,,,,,2877511904,
,,,,,GCA_001311645,
,,,,,GCA_001435495,
,,,,,GCA_004101845,
6588,B5M10,"DSM 14340, JCM 11249, CCUG 47133, CCM 7144, CIP 107633, KCTC 3797, LMG 21669, NCIMB 14046, CIP 07633",1,Latilactobacillus fuchuensis,1236949.3,10
,,,,,1423747.3,15-30
,,,,,2585427876,20
,,,,,2700989144,
,,,,,GCA_000615805,
,,,,,GCA_001435065,
6468,"G90(1), G90","DSM 20719, ATCC 51150, CIP 105164, NCIB 12808, CCUG 32238, JCM 9503, CECT 4017, KCTC 3542, LMG 9825, NCFB 2806, NCIMB 12808, NRIC 1775, NRRL B-14857",1,Latilactobacillus graminis,1423752.3,10
,,,,,2671181128,15
,,,,,GCA_001436415,
6602,R 14b/a,"DSM 15831, CCUG 31331, CIP 105422, JCM 11031, KCTC 3802, BCRC 17500, CECT 5766, KCTC 5053, LMG 17302, NBRC 107868",1,Lactobacillus sakei subsp. carnosus,214325.5,Oct-41
,,,,,525363.3,
,,,,,GCA_001435715,
,,,,,GCA_007992315,
6570,T.S.,"CCUG 30501, DSM 20017, ATCC 15521, WDCM 00015, JCM 1157, BCRC 14622, CECT 906, CGMCC 1.2142, CIP 103139, IFO 15893, KCTC 3603, LMG 9468, NBRC 15893, NCFB 2714, NCIMB 13090, NRIC 1071, VTT E-991032, NCDO 2714, CCM 7203, NCTC 13636",1,Lactobacillus sakei subsp. sakei,1236943.3,Oct-37
,,,,,1423833.3,
,,,,,1423833.5,
,,,,,1423833.6,
,,,,,214326.6,
,,,,,214326.8,
,,,,,2585427929,
,,,,,2690316289,
,,,,,2916471385,
,,,,,GCA_000615365,
2054,AB2188,"CCUG 34794, CIP 106317, DSM 11362, ATCC 51599, NCTC 12852, SSI AB 2188",1,Lautropia mirabilis,47671.4,10
,,,,,649989970,5
,,,,,887898.3,
,,,,,GCA_000186425,
,,,,,GCA_900637555,
3812,4M15,"DSM 17132, KACC 11308, JCM 16389, NBRC 106382",1,Leadbetterella byssophila,649349.3,15-45
,,,,,649633063,
,,,,,GCA_000166395,
1212,MB800,"DSM 15595, LMG 17892, CIP 108417",1,Lederbergia galactosidilytica,217031.9,10
,,,,,2913365302,
,,,,,GCA_017873565,
683,"670, Gibson 165, 883, 165","DSM 9, ATCC 10840, CCM 2214, NCIB 8773, NCTC 4824, CCUG 1816, NRS 670, JCM 2511, BCRC 11735, CECT 18, CIP 52.74, HAMBI 1918, IAM 12466, IAM 14178, IFO 15655, IFO 16413, IFO 16444, LMG 12355, LMG 16798, LMG 9579, NBRC 15655, NBRC 16413, NBRC 16444, NCCB 48017, NCFB 1127, NCIMB 8713, NCIMB 8773, NRRL B-396, NRRL NRS-883, VKM B-500, NCDO 1127, CIP 52.73",1,Lederbergia lenta,1348624.3,Oct-37
,,,,,1467.3,
,,,,,2731957655,
,,,,,2808606624,
,,,,,GCA_001591545,
,,,,,GCA_900478165,
10520,HW7,"DSM 17879, KCTC 12585",1,Leeia oryzae,1122158.3,Oct-40
,,,,,2519899688,
,,,,,GCA_000376945,
5602,,"DSM 3653, ATCC 19326, IAM 14116, NCMB 397, JCM 31008, IFO 14170, IFO 15939, JCM 8517, KCTC 2915, LMG 1345, NBRC 14170, NBRC 15939, NCIMB 397",1,Leeuwenhoekiella marinoflava,1122159.4,20
,,,,,2582581269,20-25
,,,,,2772190910,
,,,,,988.5,
,,,,,GCA_004104035,
,,,,,GCA_900129005,
140891,G18,"CCTCC AB 2015204, KCTC 42729",1,Leeuwenhoekiella nanhaiensis,2775506714,Apr-40
,,,,,GCA_002744755,
5603,,"DSM 19859, KCTC 22020, KMM 6264, LMG 24856",1,Leeuwenhoekiella palythoae,2622736499,Apr-38
,,,,,2772190912,
,,,,,573501.11,
,,,,,573501.8,
,,,,,GCA_004104045,
,,,,,GCA_900130045,
7341,"DB103, DBI03","DSM 15166, JCM 10592, CCUG 51931, CIP 106799, IAM 15089, KCTC 19441, NBRC 103131",1,Leifsonia naganoensis,150025.3,Oct-37
,,,,,2856447022,
,,,,,GCA_013410615,
7347,LI1,"DSM 22824, JCM 19551, NCCB 100313",1,Leifsonia psychrotolerans,2856451187,16
,,,,,GCA_013410665,
138800,,"CIP 107783, MTCC 4210, DSM 21193, LMG 24410, JCM 15064, CMS 76r",1,Leifsonia rubra,GCA_000477555,15-Oct
,,,,,,18
7340,"DB102, DBI02","CCUG 51930, CIP 106805, DSM 15165, JCM 10591, BCRC 17580, IAM 15088, KCTC 19444, NBRC 103132",1,Leifsonia shinshuensis,150026.7,10
,,,,,2856442703,15
,,,,,GCA_013410375,
7346,TG-S248,"DSM 23871, JCM 15679, LMG 24767",1,Leifsonia soli,2844841374,Oct-35
,,,,,582665.3,
,,,,,GCA_013408745,
13670,R-26159,"DSM 24565, CCUG 55860, LMG 24366",1,Leisingera aquimarina,2521172617,Apr-37
,,,,,999611.3,20
,,,,,GCA_000473165,
13734,,"DSM 24564, CCUG 55859, LMG 24369",1,Leisingera caerulea,2512047087,Apr-45
,,,,,999549.4,20
,,,,,GCA_000473325,
13732,TF-218,"DSM 23529, JCM 13606, KCTC 12794, CECT 7309, CIP 109576, LMG 24139",1,Leisingera daeponensis,2521172619,Apr-42
,,,,,999547.5,
,,,,,GCA_000473145,
13669,MB2,"DSM 14336, ATCC BAA-92",1,Leisingera methylohalidivorans,2512564009,20
,,,,,999552.17,
,,,,,999552.18,
,,,,,999552.6,
,,,,,GCA_000511355,
4359,,"DSM 4486, ATCC 33072, LMG 2784, CCUG 14182, CECT 4078, JCM 1237, NCTC 12124, CUETM 77-118, BCRC 13987, CCM 3430, CIP 103169, HAMBI 1297, HUT 8113, NBRC 105700, NCIMB 2118, VTT E-97863",1,Lelliottia amnigena,1219085.5,Oct-37
,,,,,2731957555,5
,,,,,2837279015,
,,,,,61646.66,
,,,,,61646.72,
,,,,,61646.97,
,,,,,GCA_001514515,
,,,,,GCA_002553545,
,,,,,GCA_900635465,
158809,PFL01,"KCCM 43247, JCM 31901",1,Lelliottia jeotgali,2757320903,Oct-45
,,,,,GCA_002271215,4
4379,E 62,"DSM 18955, ATCC 9912, CIP 104980, LMG 10245, NCPPB 2045, CCUG 25894, JCM 6050, ICMP 1577",1,Lelliottia nimipressuralis,2843132434,10
,,,,,69220.11,5
,,,,,69220.3,
,,,,,GCA_001875645,
,,,,,GCA_004115925,
4982,BE2-2083,"CCUG 20910, NCTC 12151, LMG 7911, JCM 5905, DSM 14849, ATCC 33998, CDC 978-82, JCM 31908, CCM 4004, CIP 103360, CDC 0978-82",1,Leminorella richardii,158841.3,Oct-37
,,,,,2887760073,5
,,,,,GCA_900478135,
1367,Grbi,"DSM 23924, JCM 15795, KCTC 13300",1,Lentibacillus jeotgali,2548876534,10.0-45.0
,,,,,GCA_000224785,
134103,IS40-3,"JCM 12147, PCU 229, TISTR 1535, DSM 16577, CGMCC 1.6153, CIP 108664",1,Lentibacillus juripiscarius,1293599.7,10
,,,,,2728369697,Oct-45
,,,,,GCA_001311805,
1363,PN7-6,"DSM 19124, JCM 12580, PCU 259, TISTR 1551, CIP 109544",1,Lentibacillus kapialis,340214.3,15.0-45.0
,,,,,GCA_014646635,
164308,SSKP1-9,"JCM 32625, TISTR 2597",1,Lentibacillus lipolyticus,2510307.3,20-50
,,,,,GCA_004145795,
166345,G56,,1,Lentibacillus panjinensis,GCA_013387165,Oct-50
1368,Amb31,"DSM 22530, CCM 7683, CECT 7524, LMG 25304",1,Lentibacillus persicus,2651870107,15.0-50.0
,,,,,640948.4,
,,,,,GCA_900112705,
133029,WD4L-1,"DSM 101738, CGMCC 1.15454",1,Lentibacillus populi,1827502.3,15.0-50.0
1359,SF-20,"DSM 16425, CIP 107807, JCM 11462, KCCM 41560, ATCC BAA-719, CGMCC 1.3447, CGMCC 1.6154",1,Lentibacillus salicampi,GCA_004565465,10
,,,,,,10
,,,,,,15
140768,0W14,"KCTC 33835, MCCC 1H00171",1,Lentibacillus sediminis,2791354936,16-45
,,,,,GCA_002763455,
6591,JKD6,"DSM 14421, LMG 19667, JCM 12183, CIP 107499, KCTC 13927, NBRC 107869",1,Lentilactobacillus diolivorans,1423739.3,10
,,,,,179838.8,15
,,,,,2657245078,
,,,,,GCA_001434255,
,,,,,GCA_007992335,
6643,,"DSM 18382, JCM 14108, NRIC 0676, CIP 109567",1,Lentilactobacillus farraginis,1236511.3,10
,,,,,1423743.5,15-45
,,,,,2576861775,
,,,,,2681813158,
,,,,,GCA_000583655,
,,,,,GCA_001435875,
6473,9,"DSM 20176, ATCC 8290, NCDO 264, NCIB 8040, CCUG 30140, LMG 6895, JCM 1155, BCRC 12937, CECT 4786, CIP 103007, IFO 15886, KCTC 3500, NBIMCC 3445, NBRC 15886, NCFB 264, NCIMB 8040, NRIC 1060, NRRL B-1843, VTT E-991266",1,Lentilactobacillus hilgardii,1423757.3,10
,,,,,1588.22,15-37
,,,,,2660237994,
,,,,,525327.3,
,,,,,643886044,
,,,,,GCA_000159315,
,,,,,GCA_001434655,
,,,,,GCA_004354795,
6477,"AK, A-K","DSM 20587, ATCC 35411, VKM B-2244, CCUG 30673, JCM 5818, BCRC 14011, CGMCC 1.3399, CIP 103006, IFO 15888, KCTC 3611, LMG 9480, NBRC 15888, NCFB 2737, NCIMB 12798, NRIC 1693, VTT E-93520, NCDO 2737, PCM 2501",1,Lentilactobacillus kefiri,1423764.4,10
,,,,,1423764.5,15-37
,,,,,2663763418,
,,,,,2675903327,
,,,,,33962.8,
,,,,,GCA_001311745,
,,,,,GCA_001436175,
,,,,,GCA_007989105,
6685,,"DSM 19908, JCM 15040, NRIC 0742, YIT 11163, CIP 110027",1,Lentilactobacillus otakiensis,1291737.4,15-37
,,,,,1423780.3,
,,,,,1423780.4,
,,,,,2602041559,
,,,,,2663763512,
,,,,,2728369684,
,,,,,GCA_000415925,
,,,,,GCA_001311395,
,,,,,GCA_001434145,
6544,R7-84,"DSM 15352, CIP 106749, JCM 12511, LMG 22038, NCIMB 13725",0,Lentilactobacillus parabuchneri,152331.3,10
,,,,,2660238081,15
,,,,,GCA_001437335,
6644,,"DSM 18390, JCM 14109, NRIC 0677, CIP 109568",1,Lentilactobacillus parafarraginis,1423786.3,10
,,,,,1423786.4,15
,,,,,2700989151,20-37
,,,,,2728369682,
,,,,,GCA_001311355,
,,,,,GCA_001435895,
6567,1731,"CCUG 39468, GCL 1731, ATCC 51648, DSM 10551, IFO 15890, JCM 8573, NBRC 15890, CGMCC 1.3400, CIP 104242, KCTC 5044, KCTC 5087, LMG 15133, NCIMB 13300, JCM 8753",1,Lactobacillus parakefiri,1423787.3,15-37
,,,,,152332.3,
,,,,,152332.7,
,,,,,2660238146,
,,,,,2901596593,
,,,,,2916479636,
,,,,,GCA_001434215,
,,,,,GCA_002157585,
,,,,,GCA_004354625,
6686,,"DSM 19907, JCM 15042, NRIC 0743, YIT 11204, CIP 110029, NBRC 109618",1,Lentilactobacillus rapi,1423795.4,15-37
,,,,,1423795.5,
,,,,,2700989137,
,,,,,2728369686,
,,,,,481723.4,
,,,,,GCA_001311445,
,,,,,GCA_001436255,
,,,,,GCA_007992555,
6687,,"DSM 19904, JCM 15039, NRIC 0744, YIT 11161, CIP 110028",1,Lentilactobacillus sunkii,1423808.3,15-37
,,,,,2660238337,
,,,,,GCA_001435575,
140821,TBC1,"JCM 30898, DSM 100618",1,Lentimicrobium saccharophilum,GCA_001192835,20-40
13298,701,"DSM 40034, ATCC 23870, CBS 609.68, CIP 107109, IFO 13195, IFO 3837, ISP 5034, NBRC 13195, NBRC 3837, NRRL B-3298, RIA 1108, Shinobu 701, JCM 4150, BCRC 13661, CCM 2777, CGMCC 4.1712, IMET 7515, IMSNU 21350, JCM 4614, KCTC 9379, MTCC 1533, NCIMB 12944, VKM Ac-1081",1,Lentzea aerocolonigenes,2596583536,10
,,,,,2645727610,
,,,,,68170.11,
,,,,,GCA_000719205,
,,,,,GCA_000974445,
,,,,,GCA_024171805,
13309,,"DSM 44073, AS 4.1519, CIP 104842, IFO 15855, JCM 9732, NBRC 100372, NBRC 15855, CCUG 48294, IMSNU 21253, IMMIB D-958, ATCC 51859, BCRC 16971, CGMCC 4.1519, CIP 107111, HUT 6595, KACC 20017, NRRL B-24057",1,Lentzea albidocapillata subsp. albidocapillata,2595698253,10
,,,,,40571.7,15
,,,,,GCA_000719115,
,,,,,GCA_900176525,
13305,C61,"DSM 45479, CGMCC 4.5536, NRRL B-24706, JCM 17492",1,Lentzea atacamensis,2756170238,20-40
,,,,,531938.3,
,,,,,GCA_003269295,
140311,,"DSM 103464, CGMCC 4.7367, KCTC 39804, NBRC 112394, SYSU K10001",1,Lentzea cavernae,2020703.3,Apr-35
,,,,,GCA_014653695,
13306,C68,"DSM 45480, CGMCC 4.5535, NRRL B-24707, JCM 17493",1,Lentzea atacamensis,2756170278,20-40
,,,,,531939.3,
,,,,,GCA_003148865,
13297,,"DSM 43885, ATCC 29533, CIP 107110, INA 2171, JCM 3296, KCC A-0296, NCIB 11447, BCRC 13328, CGMCC 4.1715, IFO 14521, IMET 9748, IMSNU 21358, KCTC 9393, NBRC 14521, NCIMB 11447, NRRL B-16131, VKM Ac-906",1,Lentzea flava,103732.3,10
,,,,,2596583535,15
,,,,,GCA_014648475,
,,,,,GCA_024171845,
13312,AS4.0578,"DSM 44664, AS 4.0578, JCM 11373, BCRC 16960, CGMCC 4.0578, CIP 107743, NBRC 100042",1,Lentzea flaviverrucosa,200379.4,10
,,,,,2770939509,15
,,,,,GCA_003350445,
,,,,,GCA_900110985,
13304,Z6,"DSM 45099, CGMCC 4.3506, JCM 14205, NBRC 106318, CIP 109572",1,Lentzea fradiae,200378.4,15-45
,,,,,2663762758,
,,,,,GCA_900100955,
164639,PSKA42,"JCM 33729, MCC 4127, MTCC 12936",1,Lentzea indica,GCA_012184385,20-30
23216,FXJ1.034,"DSM 45855, CGMCC 4.6609, NBRC 106680",1,Lentzea jiangxiensis,2675903132,Oct-37
,,,,,641025.3,
,,,,,GCA_900104175,
13314,,"DSM 44909, CIP 109797, JCM 14913, LDDC 2876-05, NRRL B-24416",1,Lentzea kentuckyensis,GCA_002150765,Oct-37
24445,NJ2035,"DSM 45680, JCM 31207, KCTC 29057, NRRL B-24881",1,Lentzea nigeriaca,1128665.3,20-45
,,,,,2901015569,
,,,,,GCA_016907955,
158291,,"DSM 108672, CGMCC 4.7319, KCTC 39694, DHS C021",1,Lentzea pudingi,1789439.3,15-37
,,,,,GCA_014646255,
159642,NEAU-LZS 42,"DSM 105696, CGMCC 4.7428, JCM 32385",1,Lentzea terrae,GCA_003265345,15-45
13303,R24,"DSM 45081, CGMCC 4.3525, JCM 15473, NBRC 106319",1,Lentzea xinjiangensis,2667527444,Oct-45
,,,,,402600.4,
,,,,,GCA_900110955,
133935,"ATCC, BAA-2439, 79601","ATCC, BAA-2439",1,Leptospira alstonii,1218565.3,Dec-36
,,,,,GCA_000347175,
167977,"Yale, CLEP00288","KIT0258, ATCC-TDS- 162, ATCC TSD-162, KIT 0258",1,Leptospira stimsonii,GCA_003545885,13
,,,,,QHCT00000000,
6807,"Hualin, LT 11-33","DSM 21521, ATCC 700639",1,Leptospira terpstrae,1257025.3,Dec-36
,,,,,GCA_000332495,
133936,,"ATCC 700522, WaZ Holland",1,Leptospira vanthielii,1218591.3,Dec-36
,,,,,GCA_000332455,
158606,CLM-U50,"CIP 111407, DSM 105752",1,Leptospira venezuelensis,2882300135,13
,,,,,GCA_002150035,
6808,Saopaulo,"DSM 21522, ATCC 700523",1,Leptospira yanagawae,1249483.3,Dec-36
,,,,,GCA_000332475,
170939,"CLEP00287, F1","ATCC TSD-163, KIT 0259",1,Leptospira yasudae,GCA_003545925,13
,,,,,QHCU00000000,
7350,"L-9, L9","DSM 17380, CIP 108388, LMG 22507, JCM 13321, IAM 15253, UCCCB9",1,Leucobacter aridicollis,283878.3,Oct-37
,,,,,283878.4,20
,,,,,2844811294,
,,,,,GCA_013409595,
,,,,,GCA_016758215,
7355,MM2LB,"DSM 19883, LMG 24399, JCM 17022",1,Leucobacter chironomi,1122175.4,17-37
,,,,,2524023214,
,,,,,GCA_000421845,
7357,"L-1, L1","DSM 17381, CIP 108389, LMG 22506, JCM 13322, IAM 15254, KCTC 19683, UCCCB10",1,Leucobacter chromiireducens subsp. chromiireducens,660067.3,Oct-37
,,,,,GCA_003917135,20
,,,,,GCA_016758255,
7348,,"DSM 8803, IAM 1093, IFO 15245, NBRC 15245, JCM 9414, CCUG 49676, CIP 105084, KCTC 19682, LMG 22181, NCIMB 13513, VKM Ac-2073, UCCCB2",1,Leucobacter komagatae,2814123040,10
,,,,,55969.1,15-30
,,,,,GCA_006716085,
7352,"RF 6, RF-6, RF6","DSM 18278, CIP 108818, LMG 23118, JCM 14920, KCTC 19681, UCCCB15",1,Leucobacter luti,340320.7,Oct-41
,,,,,GCA_004217175,
158508,924/12,"DSM 101948, CCM 8761",1,Leucobacter muris,1935379.3,20-37
,,,,,2841129318,
,,,,,GCA_004028235,
140342,A2,"DSM 104477, JCM 19316, KACC 17571",1,Leucobacter ruminantium,GCA_017565705,20-45
7354,K 70/01,"DSM 19811, LMG 24388, JCM 16030",1,Leucobacter tardus,GCA_017583045,Apr-37
158382,JW-1,"DSM 105188, LMG 30083",1,Leucobacter triazinivorans,2841126146,Dec-42
,,,,,GCA_004208635,
7391,S27,"DSM 20621, CCM 8762, JCM 32600",1,Leucobacter weissii,GCA_017565745,15-Oct
6827,SML40,"DSM 5576, ATCC 49367, NCFB 2776, CCUG 30059, JCM 9695, CECT 4024, CIP 103319, KCTC 3525, LMG 11498, NCIMB 12898, NRIC 1722",1,Leuconostoc carnosum,1046593.3,30-Oct
,,,,,1252.25,
,,,,,1252.31,
,,,,,2547132109,
,,,,,2861435432,
,,,,,GCA_000260375,
,,,,,GCA_014207505,
,,,,,GCA_019655915,
6828,B2399,"DSM 5577, ATCC 49370, NCDO 1837, CCUG 30060, JCM 9698, CCM 4544, CECT 4025, CGMCC 1.2461, CIP 103315, KCTC 3526, LMG 9849, NCFB 1837, NCIMB 13121, NRIC 1776, VTT E-93504",1,Leuconostoc citreum,33964.176,Oct-37
,,,,,33964.186,
,,,,,GCA_004354555,
,,,,,GCA_008326545,
6838,TB1-10,"DSM 15947, CCUG 46042, LMG 18811, JCM 12535, CECT 5767",1,Leuconostoc gasicomitatum,649633064,20-30
,,,,,762550.4,
,,,,,GCA_000196855,
139580,MFPA44A14-01,CIP 110927,0,Leuconostoc gasicomitatum,115778.38,20
6830,SML9,"DSM 5578, ATCC 49366, NCFB 2775, NCIMB 12897, JCM 9697, CCM 4189, CCUG 30198, CCUG 32249, CCUG 32696, CECT 4026, CIP 103318, KCTC 3527, LMG 18297, LMG 9850, NRIC 1778, VTT E-98972",1,Leuconostoc gelidum subsp. gelidum,651324068,25-Oct
,,,,,927691.3,
,,,,,GCA_000166715,
6839,,"DSM 21478, CCUG 54536, LMG 23990, JCM 16942, NCIMB 14555",1,Leuconostoc holzapfelii,434464.4,Oct-37
,,,,,434464.6,
,,,,,GCA_012396485,
,,,,,GCA_019655995,
6837,IH003,"DSM 15101, KCTC 3774, JCM 17833, CECT 7026, CIP 108081, LMG 22919, NRIC 0562",1,Leuconostoc inhae,178001.5,25-Oct
,,,,,651324069,
,,,,,927694.4,
,,,,,GCA_000166735,
,,,,,GCA_019656015,
6818,,"CCUG 30064, NRRL B-3468, DSM 20202, ATCC 19256, NCDO 533, JCM 6123, BCRC 12261, CCM 4545, CECT 4173, CGMCC 1.2137, CIP 102422, HAMBI 2346, KCTC 3528, LMG 8894, NBRC 107866, NCIMB 13091, NRIC 1540, VTT E-98974",1,Leuconostoc lactis,2547132286,10
,,,,,935294.3,15
,,,,,935294.6,
,,,,,935294.7,
,,,,,GCA_000185085,
,,,,,GCA_014651235,
,,,,,GCA_019656035,
6814,LL76,"DSM 8581, JCM 11052, CCUG 38887, CECT 5746, CIP 103889, KCTC 3773, LMG 18543",0,Leuconostoc lactis,651324066,Oct-41
,,,,,886872.3,5
,,,,,GCA_000179875,
6820,LF2,"DSM 20346, ATCC 19254, CCM 2078, NCDO 543, CCUG 21965, LMG 6909, NCIMB 12008, JCM 16943, CCTM 2731, CIP 103009, IMET 10693, NBRC 107766, NCFB 543, NRRL B-3252, VKM B-1420",1,Leuconostoc mesenteroides subsp. cremoris,33965.25,10
,,,,,586220.3,15
,,,,,643886109,
,,,,,GCA_000160595,
,,,,,GCA_007992255,
,,,,,GCA_029823385,
6822,,"DSM 20484, ATCC 19255, CCM 2086, NCDO 529, NRRL B-3469, JCM 9700, CCUG 21966, CCUG 30065, CECT 912, CGMCC 1.2141, CIP 102423, IMET 10694, KCTC 3530, LMG 6908, NBRC 100495, NCFB 529, NCIMB 12007, NRIC 1539, VKM B-1225, VTT E-93492, VKM 1225",1,Leuconostoc mesenteroides subsp. dextranicum,2645727607,Oct-37
,,,,,33966.1,
,,,,,33966.4,
,,,,,33966.9,
,,,,,GCA_001047695,
,,,,,GCA_007990145,
140557,DRC1506,"JCM 31787, KCCM 43249, BCRC 81165",1,Leuconostoc mesenteroides subsp. jonggajibkimchii,GCA_001886915,Oct-40
6825,"37 Y, 37Y","DSM 20343, ATCC 8293, CCM 1803, NCDO 523, NCIB 8023, CCUG 30066, NRRL B-3470, JCM 6124, CIP 102305, IMET 10695, LMG 8205, NCIMB 8023",1,Leuconostoc mesenteroides subsp. mesenteroides,203120.23,15-37
,,,,,203120.7,
,,,,,639633034,
,,,,,GCA_000014445,
,,,,,GCA_029823215,
6841,M2,"DSM 25624, JCM 17445, KACC 15353",1,Leuconostoc miyukkimchii,910540.4,Apr-35
,,,,,GCA_019656055,
6840,,"DSM 21144, LMG 24510, TMW 2.694, JCM 16944, CIP 110077",1,Leuconostoc palmae,501487.4,15-45
,,,,,GCA_019656075,
6833,39,"DSM 20193, ATCC 12291, CCM 2083, DSM 284, NCDO 768, NCIB 8699, CCUG 30063, JCM 9696, ATCC 49371, BCRC 11651, BCRC 16065, CECT 4027, CIP 103316, KCTC 3652, LMG 11482, NCCB 83005, NCFB 768, NCIMB 8699, NRIC 1777, VTT E-98970",1,Leuconostoc pseudomesenteroides,2547132075,10
,,,,,33968.66,15-37
,,,,,935295.4,
,,,,,935295.8,
,,,,,GCA_000185065,
,,,,,GCA_012396745,
,,,,,GCA_014634745,
,,,,,GCA_029823355,
6831,798,"DSM 5624, NCDO 1590, NCIB 3740, JCM 11045, CIP 103325, NCIMB 3740, NCTC 3740",0,Leuconostoc pseudomesenteroides,2766470.4,Oct-37
17078,1,"DSM 2157, ATCC 25107, Le m9",1,Leucothrix mucor,2517093012,20
,,,,,998674.3,
,,,,,GCA_000419525,
166283,C3212,"MCCC 1K03600, KCTC 72121",1,Leucothrix sargassi,GCA_004010795,Aug-37
6661,"R-19065, R-16065","CCUG 50162, DSM 19394, CCM 7240, LMG 22200, JCM 15949, BCRC 80774, CIP 108702, NBRC 107156",1,Levilactobacillus acidifarinae,1423715.3,Oct-37
,,,,,267364.3,7.5
,,,,,2700989134,
,,,,,GCA_001434835,
,,,,,GCA_007991975,
6655,"14, Bb14, Bb 14","DSM 20054, ATCC 14869, NCDO 1749, WDCM 00099, CCUG 30670, JCM 1059, BCRC 12187, CCM 3805, CECT 4121, CIP 102806, KCTC 3498, LMG 6906, LMG 7944, NBRC 107147, NCFB 1749, NCIMB 11973, NRIC 1638, NRRL B-4527, VTT E-91458, IMET 10711",1,Levilactobacillus brevis,2597490301,Oct-37
,,,,,2671180997,
,,,,,649758.3,
,,,,,649758.4,
,,,,,GCA_000469365,
,,,,,GCA_001433855,
140403,2301,"DSM 100836, TUM BP 140423000-2250, CIP 111489, LMG 29073",1,Levilactobacillus cerevisiae,1704076.3,Apr-37
,,,,,2881695158,
,,,,,GCA_003946245,
6624,LP38,"DSM 16381, CIP 108387, TMW 1.1236, CCUG 51325, JCM 16170, BCRC 80779, LMG 23074",1,Levilactobacillus hammesii,1423753.3,10
,,,,,2700989150,15-37
,,,,,GCA_001434395,15-45
6667,,"DSM 19117, CCUG 52843, CIP 109498, LMG 23583, JCM 15612, BCRC 80773, NBRC 107158",1,Levilactobacillus namurensis,1423773.3,15
,,,,,2695420716,15-37
,,,,,380393.5,
,,,,,GCA_001434785,
,,,,,GCA_007992015,
6695,1.1424,"DSM 22467, JCM 18045, LMG 25291, TMW 1.1424",1,Levilactobacillus paucivorans,2663762834,15-45
,,,,,616990.3,
,,,,,GCA_001437125,
6679,L13,"DSM 21775, NBRC 103853, TISTR 1847, CIP 109886",1,Levilactobacillus senmaizukei,1423803.3,15
,,,,,1423803.4,15-37
,,,,,2663763016,
,,,,,2731957679,
,,,,,GCA_001436675,
,,,,,GCA_001592085,
6595,,"DSM 15429, LMG 21871, LTH 5753, JCM 15956, BCRC 80775, CIP 108581, NBRC 107155",1,Levilactobacillus spicheri,1423805.4,10
,,,,,216463.4,15-37
,,,,,2700989146,
,,,,,GCA_001435095,
,,,,,GCA_007991955,
130365,THK-V8,"DSM 29216, JCM 18023, KACC 16236, BCRC 81079",1,Levilactobacillus yonginensis,1054041.3,Apr-40
,,,,,2881698443,
,,,,,GCA_003946265,
6660,R-18615,"DSM 19395, CCM 7241, LMG 22198, CCUG 50163, JCM 15957, BCRC 80776, CIP 108703, NBRC 107157",1,Levilactobacillus zymae,1423817.3,Oct-37
,,,,,2660238323,7.5
,,,,,267363.7,
,,,,,GCA_001434115,
,,,,,GCA_007991995,
14049,SST-19,"DSM 24740, JBRI 2009, JCM 14216, KCTC 12774",1,Lewinella agarilytica,2693429910,Apr-37
,,,,,478744.3,
,,,,,GCA_900110645,
133425,,"KCCM 42688, NBRC 103142, IMCC 3223, DSM 105096",1,Lewinella antarctica,2830033918,25-Mar
,,,,,442734.4,20
,,,,,GCA_011927835,
133002,HDW-36,"DSM 105137, CECT 8901, KCTC 42719",1,Lewinella aquimaris,1835722.3,4
,,,,,2831038743,
,,,,,GCA_014197245,
14046,II-2,"DSM 23179, ATCC 23123, NBRC 102661, NCIMB 12855",1,Lewinella cohaerens,1122176.3,30-Oct
,,,,,2515154030,4
,,,,,GCA_000379805,
140717,,"KCTC 42187, CECT 8679, HME 9359",1,Lewinella lacunae,1517758.3,15-37
,,,,,2920444975,
,,,,,GCA_014349155,
167343,HSMS-39,"KACC 19866, NBRC 113585",1,Lewinella litorea,GCA_004803465,Oct-40
,,,,,SRSF00000000,4
132093,MKG-38,"DSM 104084, NBRC 102633, NCIMB 14312",1,Lewinella marina,2830012823,Apr-42
,,,,,2891513237,
,,,,,438751.4,
,,,,,GCA_002631205,
,,,,,GCA_011927705,
140713,,"KACC 17619, CECT 8419, HME 9321",1,Lewinella maritima,GCA_923081025,Oct-37
166128,RmlP026,"KCTC 72077, VKM B-3277",1,Lichenibacterium minus,2882620940,30-Oct
,,,,,GCA_004137685,20-26
166129,RmlP001,"KCTC 72076, VKM B-3263",1,Lichenibacterium ramalinae,2882626817,30-Oct
,,,,,GCA_004137085,
164610,,"JCM 33604, KCCM 43315",1,Lichenicola cladoniae,GCA_013201075,15
164609,,JCM 33603,0,Lichenicola cladoniae,GCA_013166815,15
164516,,"JCM 33311, KCCM 43293, PAMC 29148",1,Lichenihabitans psoromatis,2528642.3,15
,,,,,GCA_004323635,20-Apr
164515,,"JCM 33310, KCCM 43292",0,Lichenihabitans psoromatis,GCA_004327155,15
6606,FS60-1,"CCUG 46556, CIP 106750, PCU 207, DSM 15836, HSCC 1411, JCM 10692, NRIC 0300, TISTR 1386, NBRC 102163",1,Ligilactobacillus acidipiscis,1423716.3,10
,,,,,2667527822,15
,,,,,89059.1,
,,,,,89059.4,
,,,,,GCA_001435755,
,,,,,GCA_002117995,
,,,,,GCA_007991135,
6605,LMK3,"DSM 15353, CCUG 42961, CIP 106393, ATCC BAA-288, JCM 11551, KCTC 13900, NBRC 102164",0,Ligilactobacillus acidipiscis,1046599.3,10
,,,,,2513237304,15
,,,,,2663763314,
,,,,,89059.3,
,,,,,GCA_000260635,
,,,,,GCA_001436945,
6416,"PPI/1535, PP1/1535","DSM 20602, ATCC 35046, NCDO 2425, CCUG 33906, JCM 5670, BCRC 14617, CECT 4060, CGMCC 1.2623, CIP 103152, IAM 13547, IFO 15882, KCTC 3501, LMG 9843, NBRC 15882, NCFB 2425, NCIMB 13278, NRRL B-14176, VTT E-991268",1,Ligilactobacillus animalis,2657245445,10
,,,,,651324057,15
,,,,,930942.11,
,,,,,930942.3,
,,,,,GCA_000183825,
,,,,,GCA_001434535,
6646,"ASB1, ASB-1","DSM 16634, CIP 108913, JCM 16172, NCIMB 14359",1,Ligilactobacillus apodemi,1236952.3,10
,,,,,1423724.4,15
,,,,,2585427873,
,,,,,2675903500,
,,,,,GCA_000615885,
,,,,,GCA_001434405,
6417,ML2,"CCUG 32231, JCM 5667, DSM 20653, ATCC 43235, CIP 103145, LMG 23560, NCFB 2785",1,Ligilactobacillus araffinosus,1423820.4,15
,,,,,2660238151,
,,,,,GCA_001435375,
6677,142-2,"DSM 22408, CCUG 53626, CECT 7185, JCM 15609, CIP 109847, KCTC 5852",1,Ligilactobacillus ceti,1122146.3,15-37
,,,,,1122146.4,
,,,,,2523231024,
,,,,,2700989270,
,,,,,GCA_000423245,
,,,,,GCA_001438785,
6604,,"DSM 15833, ATCC BAA-261, CCUG 47129, CIP 107382, JCM 10991, KCTC 13921, YIT 0455",1,Ligilactobacillus equi,1236948.3,10
,,,,,1423740.3,15
,,,,,2585427875,
,,,,,2660238440,
,,,,,GCA_000615765,
,,,,,GCA_001435735,
6675,,"DSM 18933, CIP 109885, JCM 14209, CCUG 56036, KBL 13, KCTC 5851",1,Ligilactobacillus hayakitensis,1236951.3,15
,,,,,1423755.3,
,,,,,2585427880,
,,,,,2681813136,
,,,,,GCA_000615845,
,,,,,GCA_001434455,
6484,313,"DSM 20452, ATCC 35020, CNRZ 220, CCUG 33904, LMG 14189, CIP 104818, JCM 1717, BCRC 14020, CECT 4135, CGMCC 1.2626, IFO 14221, KCTC 3546, LMG 18317, LMG 9475, NBRC 14221, NCFB 2808, NCIMB 702808",1,Ligilactobacillus murinus,1423772.3,10
,,,,,1423772.4,15
,,,,,2663762947,
,,,,,2731957662,
,,,,,GCA_001436015,
,,,,,GCA_001591685,
6665,"H066, HO 66","CCUG 31453, LMG 9477, DSM 20555, ATCC 11741, NCDO 929, JCM 1231, BCRC 14759, CECT 4063, CIP 103140, NCFB 2747, NCIMB 11975, NRRL B-1949, NCDO 2747",1,Ligilactobacillus salivarius,1423799.3,10
,,,,,1624.113,15
,,,,,1624.127,
,,,,,1624.128,
,,,,,1624.129,
,,,,,2663763409,
,,,,,2898118425,
,,,,,525364.3,
,,,,,643886048,
,,,,,GCA_000159395,
6664,"HO268, HO 268","DSM 20554, ATCC 11742, NCDO 1555, CCUG 39464, JCM 1150, NRIC 1072, BCRC 12574, CECT 4062, CIP 103155, KCTC 3600, LMG 9476, NBRC 102160, NCFB 1555, NRRL B-1950",0,Ligilactobacillus salivarius,1624.112,15
,,,,,1624.124,
,,,,,1624.125,
,,,,,1624.126,
,,,,,1624.58,
,,,,,2898124533,
,,,,,GCA_002079585,
,,,,,GCA_002735985,
166384,Pla85_3_4,"DSM 103796, LMG 29741",1,Lignipirellula cremea,GCA_007751035,30-Oct
130608,LL-001,"DSM 29954, CECT 8072, JCM 18161",1,Limimaricola cinnabarinus,2602041674,15-35
,,,,,GCA_000466965,
13675,UST950701-009P,"DSM 17492, JCM 12479, NRRL B-41039, CIP 108639",1,Limimaricola hongkongensis,1122180.13,Aug-44
,,,,,1122180.14,15-37
,,,,,1122180.3,5
,,,,,1122180.6,
,,,,,2517434011,
,,,,,GCA_000365005,
,,,,,GCA_000600975,
13678,JJM85,"DSM 21424, KCTC 22372",1,Limimaricola pyoseonensis,2636416063,30-Apr
,,,,,521013.3,
,,,,,GCA_900102015,
166352,LZ-4,"CCTCC AB 2019004, KCTC 72281",1,Limnobacter alexandrii,2890930897,Oct-42
,,,,,GCA_005871185,
2055,CS-K2,"DSM 13612, CIP 107302, LMG 19593",1,Limnobacter thiooxidans,131080.4,4
,,,,,2785510713,May-37
,,,,,2786546107,
,,,,,2795386119,
,,,,,GCA_004291335,
166503,HYN0051,"KACC 19186, NBRC 112742",1,Limnobaculum parvum,2833575075,30-Apr
,,,,,GCA_003096015,
3032,MWH-C5,"DSM 21645, CCUG 56720, KCTC 42562, CCUG 57770",1,Limnohabitans curvus,2684622876,4.0-34.0
,,,,,323423.8,
,,,,,GCA_003063475,
3034,II-B4,"DSM 21592, CIP 109845, CCUG 56787",1,Limnohabitans parvus,1293052.5,4.0-34.0
,,,,,2834088864,
,,,,,GCA_003063455,
3035,II-D5,"CCUG 56788, DSM 21594, CIP 109844",1,Limnohabitans planktonicus,1293045.4,4.0-34.0
,,,,,GCA_001270065,
6613,Kx146A4,"DSM 16041, CCUG 48456, CIP 109960, LMG 22111, JCM 15950",1,Limosilactobacillus antri,2671180689,15-45
,,,,,525309.3,
,,,,,525309.8,
,,,,,645951838,
,,,,,GCA_000160835,
,,,,,GCA_001435475,
140356,MOZM2,"DSM 100239, CCM 8609, LMG 28780",1,Limosilactobacillus caviae,1769424.3,20-45
,,,,,2901223847,
,,,,,GCA_014635905,
6587,,"LMG 21591, JCM 11550, DSM 14060, CCUG 44007, CIP 106820, KCTC 21007",1,Limosilactobacillus coleohominis,2700989143,10
,,,,,887896.3,15
,,,,,GCA_001435055,
6678,,"DSM 18793, JCM 14505, NRIC 0697, CIP 109834",1,Limosilactobacillus equigenerosi,1423742.3,15
,,,,,1423742.4,
,,,,,2700989153,
,,,,,2724679251,
,,,,,2728369683,
,,,,,417373.4,
,,,,,GCA_001311375,
,,,,,GCA_001435245,
,,,,,GCA_001570685,
6458,"28, Bb28","DSM 20052, ATCC 14931, NCDO 1750, CCUG 30138, LMG 6902, JCM 1173, BCRC 12190, CECT 4007, CIP 102980, IFO 15885, KCTC 3112, NBRC 15885, NCIMB 11840, NRIC 1752, NRRL B-4524, VTT E-93489",1,Limosilactobacillus fermentum,1613.432,10
,,,,,1613.547,15-45
,,,,,525325.3,
,,,,,525325.5,
,,,,,643886061,
,,,,,GCA_000159215,
,,,,,GCA_013394085,
,,,,,GCA_029823225,
,,,,,GCA_905371965,
6576,,"CCUG 56446, CIP 106922, JCM 11122, DSM 13145, LMG 19473, TMW 1.666",1,Limosilactobacillus frumenti,1423746.3,10
,,,,,2667528021,15
,,,,,GCA_001436045,
6617,Kx156A7,"DSM 16045, CCUG 48454, LMG 22113, CIP 109873, JCM 15952",1,Limosilactobacillus gastricus,1423749.3,15
,,,,,2700989147,
,,,,,GCA_001434365,
6609,KR3,"CIP 107876, KCTC 3800, DSM 15946, CCUG 45722, LMG 20380, JCM 12531",1,Limosilactobacillus ingluviei,1423760.3,10
,,,,,2667527875,15
,,,,,GCA_001435775,
6608,"G35, G 35","DSM 14792, JCM 11425, CCUG 48824, AHU 1736, CIP 109877, CIP 108373, NITE 335",0,Limosilactobacillus ingluviei,148604.4,15
,,,,,2700989262,15-45
,,,,,GCA_001437235,
6584,S32,"DSM 13345, CCUG 43179, CIP 106485, JCM 12515, KCTC 21011, LMG 19534, NCIMB 13705",1,Limosilactobacillus mucosae,1423771.3,10
,,,,,2657245411,15
,,,,,GCA_001436025,
6486,5A1,"DSM 4864, ATCC 49062, CIP 105162, NCDO 2160, NCIB 8831, CCUG 37396, JCM 11028, CECT 4021, CIP 103255, JCM 7507, KCTC 3670, LMG 9848, NCIMB 8831",1,Limosilactobacillus oris,1423779.3,10
,,,,,2663763371,15
,,,,,GCA_001434465,
6575,1,"DSM 6035, JCM 11053, CCUG 37482, CIP 109875",1,Limosilactobacillus panis,1423782.3,15
,,,,,1423782.4,
,,,,,2630968969,
,,,,,2700989156,
,,,,,GCA_001027985,
,,,,,GCA_001435935,
6562,,"DSM 8475, ATCC 51518, JCM 11051, LMG 14187, CCUG 33456, LTH 2587, CIP 104232",1,Limosilactobacillus pontis,1423794.3,15-45
,,,,,2700989158,
,,,,,GCA_001435345,
6507,F 275,"DSM 20016, ATCC 23272, CIP 109823, CCUG 33624, JCM 1112, BCC 49727, BCRC 14625, CECT 925, CIP 101887, IFO 15892, KCTC 3594, LMG 13557, LMG 9213, NBRC 15892, NCDO 2589, NCIMB 11951, NRRL B-14171, VTT E-92142",1,Limosilactobacillus reuteri,2671180761,10
,,,,,557433.4,15
,,,,,557436.17,
,,,,,557436.4,
,,,,,640427118,
,,,,,642555135,
,,,,,GCA_000010005,
,,,,,GCA_000016825,
,,,,,GCA_001434615,
6558,Lac 19,"DSM 5837, ATCC 49540, NCTC 12197, CCUG 31452, JCM 9505, BCRC 14735, CECT 4089, CIP 105932, KCTC 3515, LMG 12891, NCFB 2810, NCIMB 702810, CSCC 5252",1,Limosilactobacillus vaginalis,1423814.24,10
,,,,,1423814.6,15
,,,,,2667527865,
,,,,,525366.3,
,,,,,643886050,
,,,,,GCA_000159435,
,,,,,GCA_001435915,
,,,,,GCA_905371805,
132632,,"DSM 102030, CGMCC 4.7224, EGI 80537",1,Lipingzhangella halophila,1783352.3,15.0-40.0
,,,,,2863364417,
,,,,,GCA_014203805,
6691,,"DSM 21051, CECT 7355, IMCC 1736, JCM 16869",1,Liquorilactobacillus aquaticus,1423725.3,15-45
,,,,,2667527752,
,,,,,GCA_001436755,
6681,R-34119,"DSM 21116, LMG 24285",1,Liquorilactobacillus cacaonum,1423729.3,Oct-37
,,,,,2700989124,
,,,,,GCA_001436735,
6680,,"DSM 19910, BCRC 17811, JCM 15044, YIT 11306, LMG 29533, CIP 109977",1,Liquorilactobacillus capillatus,1423731.3,15-30
,,,,,2700989136,
,,,,,GCA_001434915,
6657,L489,"DSM 18630, CCUG 53453, CIP 109616, JCM 15611",1,Liquorilactobacillus ghanensis,1423750.3,10
,,,,,2663762875,15-45
,,,,,GCA_001435235,
6672,UCC128,"DSM 19519, CIP 109892, JCM 16179, LMG 24241",1,Liquorilactobacillus hordei,1423759.13,20-40
,,,,,1423759.3,
,,,,,2663762946,
,,,,,GCA_001434845,
,,,,,GCA_019443985,
6586,"LuE10, LuE<SUB>10</SUB>","DSM 13675, ATCC 700692, CCUG 43575, JCM 12492, KCTC 21009, CIP 107647",1,Liquorilactobacillus nagelii,1122150.23,Oct-45
,,,,,1122150.3,
,,,,,2574179724,
,,,,,2660238052,
,,,,,GCA_001434225,
,,,,,GCA_019444005,
6676,59b,"DSM 19972, CECT 7334, JCM 18036, CIP 110039",1,Liquorilactobacillus oeni,1423777.3,15-37
,,,,,2681813159,15-45
,,,,,GCA_001436275,
6621,,"DSM 16230, NRIC 0604, CCUG 52399, JCM 12392, CIP 109882, NCIMB 14549",1,Liquorilactobacillus satsumensis,1423801.3,15-45
,,,,,1423801.4,
,,,,,2671180250,
,,,,,2728369706,
,,,,,GCA_001312045,
,,,,,GCA_001435195,
6692,,"DSM 21376, JCM 15457, NRIC 0736",1,Liquorilactobacillus sucicola,1236534.3,15-45
,,,,,1423806.3,
,,,,,2609460075,
,,,,,2657245546,
,,,,,GCA_000612445,
,,,,,GCA_001436705,
6683,"8, Lb8","DSM 19971, CECT 7335, CIP 109959, JCM 16870",1,Liquorilactobacillus uvarum,1423812.3,15-37
,,,,,2700989138,
,,,,,GCA_001434935,
133499,H6,"CGMCC 1.7005, JCM 15141",1,Lishizhenia tianjinensis,2667527393,Apr-36
,,,,,477690.3,
,,,,,GCA_900116425,
158422,"88L, ILCC801","DSM 29886, KCTC 33909, MCC 3285, LCC 801",1,Listeria goaensis,GCA_900186125,18-42
6869,F-9,"DSM 20596, ATCC 25401, CIP 76124, NCTC 10812, CIP 76.124, CCM 5990, SLCC 4426, CLIP 12515",0,Listeria murrayi,1641.14,May-45
,,,,,2896525116,
,,,,,GCA_900638015,
6871,58,"DSM 20649, ATCC 33090, NCTC 11288, WDCM 00017, CCUG 15531, CIP 80.11, CECT 910, JCM 32814, BCRC 14843, CCM 4030, LMG 11387",1,Listeria innocua,AGCN00000000,Oct-41
,,,,,GCA_028596125,5
6872,Li 1979,"CCUG 15528, CCM 5884, NCTC 11846, CIP 78.42, CECT 913, DSM 20750, ATCC 19119, WDCM 00018, SLCC 2379, JCM 7681, BCRC 14844, KCTC 3444, LMG 11388, NCAIM B.02035, NRRL B-33017, VTT E-97771",1,Listeria ivanovii subsp. ivanovii,202751.4,Oct-41
,,,,,2823437510,5
,,,,,GCA_900187025,
6879,CNL 89/5081,"CCUG 36672, CCM 4698, DSM 12491, ATCC 49954, CIP 103466, CLIP 12229, JCM 32891, NCTC 12701",1,Listeria ivanovii subsp. londoniensis,1638.7,Oct-41
,,,,,202752.8,5
,,,,,2675903700,
,,,,,GCA_900106685,
,,,,,GCA_900637745,
6875,53 XXIII,"DSM 20600, ATCC 15313, NCTC 10357, CCUG 15526, CIP 82.110, JCM 32892",1,Listeria monocytogenes,1273540.4,10
,,,,,1639.2993,5
,,,,,2874802799,
,,,,,GCA_900187225,
24152,1071/53,"DSM 27575, ATCC 13932, NCTC 10527, WDCM 00021, JCM 7675, CCM 5580, CIP 59.53, CCM 7202, LMG 21264, CECT 935, SLCC 1071/53, CLIP 78959",0,Listeria monocytogenes,1639.4432,Oct-41
,,,,,2859606962,5
,,,,,GCA_003031895,
131740,Li 20,"DSM 102976, ATCC 35152, CCM 5576, CCUG 15527, CECT 5873, LMG 13304, NCTC 7973, WDCM 00109, JCM 7671, CIP 104794, NCAIM B.01371, CLIP 74902",0,Listeria monocytogenes,1639.6115,May-41
,,,,,2859609986,
,,,,,GCA_900637785,
135910,,"CIP 105457, CIP 78.37, ATCC 19114, CIP 60.88, NCTC 5214, CECT 934, LMG 16783, WDCM 00110, JCM 7674, CCM 5579, CLIP 74908, SLCC 2374",0,Listeria monocytogenes,1639.1038,Oct-41
,,,,,,5
137585,10,"CIP 78.39, ATCC 19116, CCM 5882, JCM 7679, SLCC 2376",0,Listeria monocytogenes,1639.1037,Oct-41
,,,,,,5
139466,21,"CIP 105458, ATCC 19117, CCM 5883, NCTC 10888, CIP 78.40, CCUG 35751, CCM 4699, JCM 7680, CLIP 74912, SLCC 2377",0,Listeria monocytogenes,1639.6589,May-41
,,,,,2540341109,
,,,,,882095.3,
,,,,,882095.8,
,,,,,GCA_000307025,
,,,,,GCA_001454905,
139552,"14, strain 14","CIP 105459, ATCC 19118, CIP 78.41, SLCC 2378, CLIP 74913, DSM 115292",0,Listeria monocytogenes,1639.1036,May-41
6876,1120,"CCUG 15530, CIP 100.100, CECT 917, NCTC 11856, CCM 3970, DSM 20751, ATCC 35967, CIP 100100, SLCC 3954, JCM 32815, BCRC 15361, LMG 11386, NCAIM B.01873",1,Listeria seeligeri,GCA_000027145,10
,,,,,,5
23078,WS 4560,"DSM 24698, LMG 26374",1,Listeria weihenstephanensis,1006155.5,15-34
,,,,,1006155.6,
,,,,,1006155.7,
,,,,,1006155.8,
,,,,,GCA_003534205,
6878,V8,"DSM 20650, ATCC 35897, CIP 8149, SLCC 5334, CCUG 15529, CIP 81.49, NCTC 11857, CECT 919, CCM 3971, JCM 32816, BCRC 14851, LMG 11389, NCAIM B.01872",1,Listeria welshimeri,1643.7,Oct-41
,,,,,2773857882,5
,,,,,GCA_000060285,
,,,,,GCA_900187315,
17279,,"DSM 21597, ATCC 19264, CAIM 696, CCTM 2283, CCUG 47265, CECT 522, CIP 63.36, IFO 13266, LMG 4410, LMG 4437, NBRC 13266, NCCB 72050, NCIMB 6, NCTC 12159, RIMD 2202001, JCM 33359",1,Listonella anguillarum,2916734906,20-30
,,,,,55601.109,May-37
,,,,,55601.211,
,,,,,GCA_001989995,
,,,,,GCA_900452855,
17317,"99, Baumann 99","DSM 21205, ATCC 25916, CCUG 16398, CECT 4202, NCIMB 1900, NCTC 11316, LMG 3897, JCM 21191, BCRC 12918, CAIM 324, CECT 527, CIP 102762, CIP 106865, CIP 75.06, IAM 14408, IFO 15639, JCM 1145, KCTC 2732, NBRC 15639, NCCB 76038",1,Listonella pelagia,GCA_024347575,15-37
,,,,,,5
1282,"BA288, 18.101","DSM 16976, CIP 110635, KCTC 3947",1,Litchfieldia alkalitelluris,304268.3,15-40
,,,,,GCA_002019645,
23240,,"DSM 26922, JCM 16493, NRIC 0773, KMM 3851",1,Litoreibacter albidus,2617270827,Apr-37
,,,,,670155.3,
,,,,,GCA_900107015,
13858,GA2-M15,"DSM 19593, KACC 12675",1,Litoreibacter arenae,1123360.3,May-35
,,,,,GCA_000442275,
130644,P-MA1-7,"DSM 29467, CCUG 63416, KCTC 32213",1,Litoreibacter halocynthiae,1242689.3,30-Apr
,,,,,2681812955,
,,,,,GCA_004365635,
23241,,"DSM 26921, JCM 16492, NRIC 0772, KMM 3842",1,Litoreibacter janthinus,2617270836,Apr-37
,,,,,670154.3,
,,,,,GCA_900111945,
130643,MA1-1,"DSM 29466, CCUG 61486, KCTC 23699, KCTC 23699T",1,Litoreibacter meonggei,1049199.3,Apr-37
,,,,,2681812954,
,,,,,GCA_003663885,
133622,,"ACCC 05414, KCTC 22899, YIM CH208",1,Litoribacter ruber,702568.3,20-37
,,,,,GCA_018500185,
166110,RZ04,"MCCC 1K03616, KCTC 62835",1,Litorilituus lipolyticus,2887464734,30-Jul
,,,,,GCA_006439335,
159817,FSX-11,"JCM 32715, MCCC 1K03503",1,Litorivita pollutaquae,GCA_003205515,15-37
,,,,,,20-30
6642,L-1062,"DSM 18080, JCM 18665, LMG 23555",1,Loigolactobacillus backii,375175.92,Oct-37
,,,,,GCA_003946275,
6421,N2,"CCUG 32234, DSM 20003, ATCC 35409, JCM 1094, BCRC 12934, CGMCC 1.1876, CIP 102811, KCTC 5061, LMG 9845, NCFB 2736, NCIMB 12863, NCDO 2736",1,Loigolactobacillus bifermentans,1423726.3,10
,,,,,2657245519,15-37
,,,,,GCA_001434575,
6437,34,"CCUG 30666, DSM 20001, ATCC 25602, NCIB 9711, JCM 1164, BCRC 12935, CECT 982, CIP 103133, KCTC 3167, LMG 9196, NCFB 2741, NCIMB 9711, NRRL B-4391, VTT E-93487, NCDO 2741",1,Loigolactobacillus coryniformis subsp. coryniformis,2667528105,15
,,,,,2814123233,
,,,,,651324058,
,,,,,913848.3,
,,,,,913848.6,
,,,,,913848.7,
,,,,,GCA_000166795,
,,,,,GCA_001433765,
,,,,,GCA_002706425,
6439,30,"DSM 20004, ATCC 25600, NCIB 9712, CCUG 30667, JCM 1166, BCRC 14629, CECT 4129, CIP 103134, KCTC 3535, LMG 9197, NCFB 2740, NCIMB 9712, NRIC 1051, NRRL B-4390, NCDO 2740",1,Loigolactobacillus coryniformis subsp. torquens,1423822.1,10
,,,,,1423822.11,15-37
,,,,,1423822.12,
,,,,,1423822.7,
,,,,,1423822.8,
,,,,,1423822.9,
,,,,,2700989130,
,,,,,2814123226,
,,,,,651324059,
,,,,,929500.3,
24134,IWT246,"DSM 26942, JCM 18838, KCTC 21046",1,Loigolactobacillus iwatensis,1267156.3,Apr-37
,,,,,2881701018,
,,,,,GCA_003950295,
24491,IG8,"DSM 29326, IAM 15450, JCM 23210, NCIMB 14280, CIP 109738, IAM 15540",1,Loktanella atrilutea,2695420928,30-Aug
,,,,,366533.3,
,,,,,GCA_900128995,
13674,R-7670,"DSM 16213, LMG 22007, JCM 21635, CIP 108323, IAM 15180, NBRC 102485",1,Loktanella fryxellensis,245187.6,20
,,,,,2622736532,25-May
,,,,,GCA_900110065,5.0-30
13672,R-8904,"DSM 16199, LMG 21507, JCM 21636, CIP 108322, IAM 15181, NBRC 102486",1,Loktanella salsilacus,195913.7,15-30
,,,,,2622736595,20
,,,,,GCA_900114485,5
,,,,,,5.0-30
140500,WDS2C18,"KCTC 52045, MCCC 1H00132",1,Longibacter salinarum,1850348.3,20-50
,,,,,2788499893,
,,,,,GCA_002554795,
132517,CB-286315,"DSM 29007, CECT 8660",1,Longimicrobium terrae,1639882.6,Oct-33
,,,,,1639882.7,
,,,,,2824268934,
,,,,,2861666540,
,,,,,GCA_013000925,
,,,,,GCA_014198875,
,,,,,GCA_014202995,
24460,,"DSM 46696, CGMCC 4.5737, NBRC 107726, TRM 46004",1,Longimycelium tulufanense,907463.3,20-45
,,,,,GCA_014645795,
160507,,"DSM 105158, CGMCC 1.16550, SCSIO 06110",1,Longirhabdus pacifica,GCA_004115085,15-37
5251,1,"DSM 4561, ATCC 29281, CCUG 48867, CFBP 3617, CIP 105201, ICMP 1845, ICPB EQ 101, LMG 2724, NCPPB 1852, PDDCC 1845",1,Lonsdalea quercina,1082705.14,May-41
,,,,,2579778530,
,,,,,2597490349,
,,,,,71657.5,
,,,,,GCA_000688655,
,,,,,GCA_900107885,
166204,B210,"KCTC 42951, CGMCC 1.16770",1,Lujinxingia litoralis,2882524911,20-42
,,,,,GCA_003260125,
159925,SEH01,"DSM 101859, KCTC 42950",1,Lujinxingia sediminis,2887455215,20-42
,,,,,GCA_004005565,
17465,,"DSM 23190, CCM 7598, CCUG 25036",1,Luteibacter anthropi,564369.3,15-37
,,,,,GCA_011759365,
17463,LJ96,"DSM 16549, ATCC BAA-1015, CCUG 50033",1,Luteibacter rhizovicinus,1440763.5,30-May
,,,,,2630968465,17.5
,,,,,2718218334,
,,,,,GCA_001010405,
,,,,,GCA_001887595,
134069,CC-AMWY-103B,"JCM 18817, BCRC 80551",1,Luteibaculum oceani,1294296.4,20-35
,,,,,2886904261,
,,,,,GCA_007995015,
17887,R19-04,"DSM 22413, NBRC 105647",1,Luteimicrobium subarcticum,2728369740,Oct-35
,,,,,620910.3,
,,,,,GCA_002798015,
17469,RIB1-20,"DSM 22088, BCRC 17731, LMG 24212",1,Luteimonas aquatica,GCA_022662575,15-37
141071,26-35,"KCTC 42824, CCTCC AB 2014326",1,Luteimonas arsenica,2881082673,Oct-42
,,,,,GCA_004352825,
166305,,"KACC 19469, CCTCC AB 2017256, MIC 1.5",1,Luteimonas cellulosilyticus,GCA_016879515,20-45
24674,Y4,"DSM 28068, CGMCC 1.10821, KCTC 23627",1,Luteimonas cucumeris,2596583559,20-40
,,,,,985012.3,
,,,,,GCA_007830035,
162196,Gr-4,"JCM 18203, KACC 16614",1,Luteimonas granuli,2841064495,18-42
,,,,,GCA_007795095,
24675,HB2,"DSM 26429, CICC 11005s",1,Luteimonas huabeiensis,1442599.3,20-45
,,,,,2585427721,
,,,,,GCA_000559025,
17470,FR1330,"DSM 22943, IMSNU 60306, JCM 12488, KCTC 12327",1,Luteimonas marina,GCA_007859325,20-42
17466,B1953/27.1,"DSM 12574, ATCC BAA-11, CCUG 48040, CIP 107229",1,Luteimonas mephitis,1122183.3,10
,,,,,2524023249,
,,,,,GCA_000422305,
140846,THG-MD21,"KACC 18131, JCM 30122",1,Luteimonas terrae,GCA_004358165,Apr-45
17473,BZ92r,"DSM 22344, CGMCC 1.8985, CIP 110133",1,Luteimonas terricola,2897465725,25-Jan
,,,,,645597.4,15-Oct
,,,,,GCA_004352845,
,,,,,GCA_014645675,
166355,WF-2,"KCTC 62441, CGMCC 1.13633",1,Cognatiluteimonas weifangensis,GCA_003416885,20-37
133519,MN07-A0370,"NBRC 105296, VTCC D9-09",1,Luteipulveratus mongoliensis,2645727824,20-28
,,,,,GCA_001190945,
140275,HEG_-6_39,"DSM 100886, KCTC 52215",1,Luteitalea pratensis,1855912.4,0-36
,,,,,2687453111,20-30
,,,,,GCA_001618865,
133874,PIII.02,"ATCC BAA-2393, LMG 26723",1,Luteivirga sdotyamensis,1182408.3,15-35
12621,,"DSM 10546, ATCC 51526, CIP 104067, IFO 12422, JCM 9415, NBRC 12422, OUT 8086, CCUG 38731, IMSNU 21283, KCTC 9794, NCIMB 13388, NRIC 1092, VKM Ac-1951",1,Luteococcus japonicus,2781126037,10
,,,,,33984.3,15-30
,,,,,GCA_003752415,
134331,A4T-83,"KCTC 22041, MBIC 08322",1,Luteolibacter pohnpeiensis,454153.3,20-37
,,,,,GCA_016595435,
133924,EBTL01,"KCTC 23678, JCM 18052",1,Luteolibacter yonseiensis,1144680.3,30-Oct
,,,,,GCA_016595465,
24048,KYW566,"DSM 29150, JCM 18281, KCTC 23842",1,Lutibacter agarilyticus,1109740.3,20-28
,,,,,2724679779,
,,,,,GCA_900188235,
24047,,"DSM 27993, IMCC 1507, KACC 14312, NBRC 107589",1,Lutibacter flavus,2622736608,15-37
,,,,,691689.3,
,,,,,GCA_900188355,
134184,CL-TF09,"KCCM 42118, JCM 13034, CIP 109245",1,Lutibacter litoralis,321268.3,30-May
,,,,,GCA_014646675,
5721,S7-2,"DSM 24450, CCUG 57524, KCTC 22635",1,Lutibacter maritimus,2622736611,Apr-37
,,,,,593133.4,
,,,,,GCA_900116115,
132984,LP1,"DSM 100437, JCM 30586, JCM 30585",1,Lutibacter profundi,1622118.21,13-34
,,,,,2663763042,
,,,,,GCA_001543325,
130637,W11-2B,"DSM 29620, CCTCC AB 208224, LMG 24619, MCCC 1A01034",1,Lutimaribacter pacificus,2695420927,Oct-41
,,,,,391948.4,
,,,,,GCA_900142185,
24514,SMK-117,"DSM 28010, CCUG 55760, KCTC 22244",1,Lutimaribacter saemankumensis,2675903213,Oct-45
,,,,,490829.3,
,,,,,GCA_900100005,
140203,,"DSM 101424, CCY 9616, PCC 8106",0,Lyngbya sp.,313612.5,18
,,,,,639857035,
,,,,,GCA_000169095,
133312,Y2A20,"CGMCC 1.15760, KCTC 33825",1,Lysinibacillus alkalisoli,1911548.3,Oct-45
,,,,,GCA_014643595,
1538,10a,"DSM 17140, ATCC BAA-1146, IAM 15262, JCM 21713, CIP 109652, NBRC 103108",1,Lysinibacillus boronitolerans,1294264.5,16
,,,,,1294264.6,16.0-45.0
,,,,,1294264.9,
,,,,,2627853777,
,,,,,2728369705,
,,,,,GCA_000772935,
,,,,,GCA_001312025,
,,,,,GCA_002200915,
166376,,"KCTC 43130, CGMCC 1.17492, SYSU K30005",1,Lysinibacillus cavernae,GCA_009724685,15-37
23760,FSt3A,"DSM 25560, CCM 8383, CIP 110362, CCUG 62186",1,Lysinibacillus contaminans,1293441.3,15-45
,,,,,2648501842,
,,,,,GCA_001278945,
1542,1741-1b,"DSM 54, ATCC 12905, LMG 18474, SAG 1741-1b, JCM 21742, IAM 15292, LMG 18473",1,Lysinibacillus macroides,GCA_001281525,20-45
1537,34hs-1,"DSM 18869, ATCC PTA-4993, CIP 108263, KCTC 3961, NBRC 100172, NRRL B-30641",1,Lysinibacillus odysseyi,1220589.3,10
,,,,,1220589.4,
,,,,,1220589.5,
,,,,,2627854238,
,,,,,2731957675,
,,,,,GCA_000773015,
,,,,,GCA_001591965,
,,,,,GCA_002200835,
1539,BAM-582,"DSM 25242, KCTC 13154, NBRC 103144, JCM 18861",1,Lysinibacillus parviboronicapiens,1293591.3,Oct-37
,,,,,2681813020,
,,,,,2802429647,
,,,,,GCA_001311625,
,,,,,GCA_003049575,
1532,"Gibson 1013, 1013","DSM 28, ATCC 14577, CCM 2120, JCM 2502, NCIB 9370, NCTC 10338, CCUG 7428, LMG 7134, BCRC 12825, CECT 33, CIP 65.30, IAM 13420, IFO 15095, KCTC 3346, NBRC 15095, NCCB 75018, NCIMB 9370, NRRL B-23268, VKM B-509, NCDO 1767",1,Lysinibacillus sphaericus,1354027.3,10
,,,,,1421.65,
,,,,,1421.85,
,,,,,2554235285,
,,,,,2855314903,
,,,,,GCA_000427235,
,,,,,GCA_002982115,
,,,,,GCA_005217555,
,,,,,GCA_006539805,
,,,,,GCA_900445465,
140558,S5H2222,"MCC 3065, KACC 18714, LMG 29294",1,Lysinibacillus telephonicus,GCA_003966145,Oct-55
1540,XDB9,"DSM 23493, CCUG 57438, KCTC 13423",1,Lysinibacillus xylanilyticus,2639763065,Oct-40
,,,,,2740891852,
,,,,,582475.14,
,,,,,582475.4,
,,,,,GCA_001183605,
,,,,,GCA_004365535,
140892,S2-C,"KACC 18502, JCM 31130",1,Lysobacter aestuarii,1706195.3,15-40
,,,,,2896281107,
,,,,,GCA_006546775,
23344,ZS79,"DSM 27222, CGMCC 1.10752, KCTC 23365",1,Lysobacter arseniciresistens,2634166449,Apr-37
,,,,,913325.4,
,,,,,GCA_000768335,
17484,GH1-9,"CCUG 55492, KACC 11406, DSM 17634, CIP 109292",1,Lysobacter daejeonensis,1385517.3,Oct-37
,,,,,2627854223,
,,,,,GCA_000768355,
17486,DS-58,"DSM 17958, KCTC 12822",1,Lysobacter dokdonensis,1300345.3,Apr-38
,,,,,2634166411,
,,,,,GCA_000770795,
163929,UKS-15,"JCM 30983, KACC 18719",1,Lysobacter lacus,GCA_008274655,30-Oct
,,,,,VTRV00000000,4
17489,GH41-7,"DSM 18481, CIP 109587, KACC 11588",1,Lysobacter niastensis,380629.4,Oct-40
,,,,,GCA_015453285,
166108,83-4,"CGMCC 1.13464, NRBC 113451",1,Lysobacter oculi,GCA_003293695,15-37
17495,"YC6269, Z 3-12","DSM 21044, KCTC 22249",1,Lysobacter oryzae,2571042365,15-42
166306,,"KCTC 72062, CGMCC 1.16662, SYSU H10001",1,Lysobacter prati,GCA_009765215,Apr-37
166459,ZS60,"CGMCC 1.15509, NBRC 112614",1,Lysobacter psychrotolerans,2849961538,Apr-37
,,,,,GCA_003719825,
17500,CTN-1,"DSM 22393, CGMCC 1.10136, KCTC 23715",1,Lysobacter ruishenii,2596583561,15-37
,,,,,686800.3,
,,,,,GCA_007830115,
157768,AM20-91,"DSM 104734, LMG 30011",1,Lysobacter silvestris,2834284710,0
,,,,,GCA_002895945,30-Oct
17498,,"DSM 24712, KCTC 22011, LMG 24126, DCY 21",1,Lysobacter soli,2838987433,Apr-42
,,,,,453783.3,
,,,,,GCA_003382285,
17492,,"DSM 21749, JCM 14760, KMM 329, NRIC 0728, KCTC 23742",1,Lysobacter spongiicola,1122188.5,May-41
,,,,,2568526003,
,,,,,GCA_900167055,
166520,C8-1,"KCTC 62034, CGMCC 1.16271",1,Lysobacter tabacisoli,2849997214,Oct-40
,,,,,GCA_003586305,
164448,17J7-1,"JCM 33057, KCTC 62217",1,Lysobacter terrigena,2488749.3,Oct-42
,,,,,GCA_004361065,
17499,RCML-52,"DSM 25188, CCTCC AB 208194, KCTC 22558, CIP 110460",1,Lysobacter xinjiangensis,546892.4,18-42
,,,,,GCA_014651995,
12524,LIND7H,"DSM 23697, CCUG 60892, JCM 16313",1,Macellibacteroides fermentans,2849162381,20-45
,,,,,879969.3,
,,,,,GCA_013409575,
14421,"C2F4, DD4516, DD 4516","CCUG 38365, CCM 4655, DSM 15607, ATCC 51825, CIP 105714",1,Macrococcus bovicus,2895704629,10
,,,,,69968.3,
,,,,,GCA_004359575,
14423,,"DSM 19358, CCM 4811, CCUG 47200, CIP 108167, LMG 21712",1,Macrococcus brunensis,198483.3,10
,,,,,2898327042,
,,,,,GCA_004359615,
133084,KM 45013,"DSM 101690, CCOS 969, CCUG 68920, CIP 111363",1,Macrococcus canis,GCA_002119805,18
14420,"DD9348, H8b16, DD 9348","DSM 15608, ATCC 51828, CCUG 38360, CCM 4650, CIP 105711",1,Macrococcus carouselicus,2895711821,Oct-37
,,,,,69969.3,
,,,,,GCA_004359515,
14422,"DD9350, H8h3, DD 9350","DSM 15609, ATCC 51831, CCUG 38363, CCM 4653, CIP 105716",1,Macrococcus equipercicus,2895714182,10
,,,,,69967.3,
,,,,,GCA_004359525,
14424,,"DSM 19357, CCM 4809, CCUG 47201, CIP 108166, LMG 21711",1,Macrococcus hajekii,198482.3,10
,,,,,198482.4,
,,,,,2898324690,
,,,,,GCA_004359505,
,,,,,GCA_014634985,
14425,,"DSM 19359, CCM 4815, CCUG 47199, CIP 108165, LMG 21713",1,Macrococcus lamae,198484.3,10
,,,,,2895696325,
,,,,,GCA_004359545,
133811,MC-1,"ATCC BAA-1437, JCM 17883",1,Magnetococcus marinus,156889.1,May-35
,,,,,639633036,
,,,,,GCA_000014865,
132529,SO-1,"DSM 28995, VKM B-2936",1,Magnetospirillum caucaseum,2534681903,18-42
,,,,,GCA_000342045,
132530,SP-1,"DSM 29006, VKM B-2938",1,Magnetospirillum marisnigri,2791355011,18-42
,,,,,GCA_001650715,
132531,BB-1,"DSM 29455, VKM B-2939",1,Magnetospirillum moscoviense,2791355008,18-38
,,,,,GCA_001650635,
23250,MV-1,"DSM 18854, ATCC BAA-1436",1,Magnetovibrio blakemorei,2751185681,Apr-31
,,,,,GCA_001746755,
166389,"Mal4, Malle4","DSM 100296, LMG 29133",1,Maioricimonas rarisocia,GCA_007747795,Oct-39
2978,P1,"DSM 15619, CIP 108194, JCM 12706, CCUG 64012",1,Malikia granosa,263067.3,Oct-41
,,,,,2887120766,5
,,,,,GCA_002980595,
141072,MM-10,"KCTC 42721, CECT 8898",1,Maliponia aquimaris,1673631.4,Apr-40
,,,,,2788500141,
,,,,,GCA_900184945,
13854,JLT354-W,"DSM 26384, CGMCC 1.7290, LMG 24665",1,Mameliella alba,2593339298,30-Oct
,,,,,2663762746,
,,,,,561184.4,
,,,,,561184.7,
,,,,,GCA_003051025,
,,,,,GCA_900101505,
14648,241,"DSM 13212, ATCC BAA-274, CIP 106114, CCUG 43834",1,Staphylococcus fleurettii,150056.28,Oct-41
,,,,,GCA_003970575,
14631,,"DSM 20345, ATCC 29062, BCRC 12927, CCM 3473, CCUG 15598, CNCTC 5683, JCM 2425, NCTC 12103, SC 116, CIP 81.62, MTCC 6154, NRRL B-14777",1,Staphylococcus sciuri,147467.21,Oct-45
,,,,,147467.22,
,,,,,147467.8,
,,,,,2627854141,
,,,,,GCA_001046995,
,,,,,GCA_002901825,
,,,,,GCA_900474615,
14664,"R1-33, BM 12492","DSM 16827, ATCC 700061, CIP 105829, CCUG 37923, CCM 4657",0,Staphylococcus sciuri,147469.3,Oct-45
,,,,,GCA_003968855,
14660,DD756,"CCUG 33636, DSM 15615, ATCC 51145, CIP 104850",1,Staphylococcus vitulinus,2917439556,Oct-41
,,,,,71237.13,
,,,,,71237.31,
,,,,,GCA_002902265,
14658,"B92/78, NT215","CCUG 33938, CIP 104364, CCM 4481, DSM 9930, ATCC 51698, PCM 2443",0,Staphylococcus vitulinus,71237.2,Oct-41
,,,,,71237.27,
,,,,,71237.29,
,,,,,GCA_003970525,
,,,,,GCA_014635645,
140470,MP23,"KCTC 42580, DSM 100250",1,Mangrovibacter phragmitis,2791354903,20-40
,,,,,GCA_001655675,
5243,MSSRF40,"DSM 19579, LMG 24236",1,Mangrovibacter plantisponsor,2770939621,15-40
,,,,,451513.3,
,,,,,GCA_003182475,
159731,5T4P-12-1,"KCTC 62053, CGMCC 1.16279",1,Mangrovicella endophytica,2831606981,Oct-42
,,,,,GCA_002893625,
159777,T1lg56,"CCTCC AB 2016238, KCTC 52623",1,Mangrovicoccus ximenensis,GCA_003056725,18-42
140578,S3Cf-2,"DSM 100693, CGMCC 4.7299",1,Mangrovihabitans endophyticus,1751298.3,20-37
,,,,,GCA_014646155,
133912,LYYY01,"CGMCC 1.12280, LMG 27142",1,Mangrovimonas yunxiaonensis,1197477.1,Oct-38
,,,,,GCA_014636995,
158538,M11-4,"MCCC 1K03312, JCM 32104",1,Mangrovitalea sediminis,2788500092,Oct-40
,,,,,GCA_002514725,
11723,"B558, P925","DSM 19638, CCUG 38457, CIP 106063",1,Mannheimia glucosida,2517572203,15
11721,"1266/56A&B, 1266 A & B","DSM 10531, ATCC 33396, NCTC 9380, CIP 103426, CCM 5141, CCUG 408",1,Mannheimia haemolytica,2784746788,15
,,,,,2850321154,
,,,,,75985.156,
,,,,,75985.166,
,,,,,GCA_004342115,
,,,,,GCA_900452985,
166412,ZY170218,"CGMCC 1.13620, KCTC 15731",1,Mannheimia pernigra,2887918653,Dec-45
,,,,,GCA_009828705,
11725,177,"DSM 19166, CCUG 38462, CIP 106064",1,Mannheimia varigena,GCA_013377235,15
133998,GY20,"KACC 16440, JCM 18631",1,Maribacter aestuarii,GCA_027474845,30-Oct
164418,PoM-212,"JCM 32941, KACC 19789",1,Maribacter algicola,GCA_003933245,20-40
,,,,,QUSX00000000,
5614,CL-AP4,"DSM 21422, JCM 15445, KCCM 90069",1,Maribacter antarcticus,1122191.4,15-Apr
,,,,,2556921603,10
,,,,,GCA_000621125,
5606,,"KMM 3949, CIP 108495, DSM 16478, CCUG 48009, KCTC 12968",1,Maribacter aquivivus,228958.3,4.0-30
,,,,,2622736581,30-May
,,,,,GCA_900142175,
5613,,"DSM 23546, JCM 14790, KCTC 22053, KOPRI 20941, CIP 110780",1,Maribacter arcticus,2595698209,30-Apr
,,,,,561365.3,20
,,,,,GCA_900167935,20-22
141154,B1,"CGMCC 1.15508, KCTC 52882, MCCC 1K03318",1,Maribacter cobaltidurans,1178778.6,15-37
,,,,,2758568010,
,,,,,GCA_002269385,
,,,,,GCA_014643435,
5608,DSW-8,"DSM 17201, KCTC 12393, CIP 108966",1,Maribacter dokdonensis,1300346.8,Apr-35
,,,,,2690315862,
,,,,,GCA_001447995,
5612,"KT02ds 18-6, ODDS18-6, KT02ds18-6","DSM 18668, CIP 109504",1,Maribacter forsetii,1392498.4,Apr-32
,,,,,2574179767,20
,,,,,GCA_000744105,
159839,SDRB-Phe2,"JCM 32373, KCTC 62273, DSM 106042",1,Maribacter litoralis,2834232880,20-30
,,,,,GCA_003075045,Apr-37
5605,,"DSM 16471, CCUG 48008, KCTC 12967, KCTC 42563, KMM 3947, CIP 108494",1,Maribacter orientalis,228957.5,15-30
,,,,,2622736438,4.0-32
,,,,,GCA_900109345,5
5609,,"DSM 23514, KCTC 22021, KMM 6151, LMG 23671",1,Maribacter polysiphoniae,2595698208,Apr-41
,,,,,429344.11,
,,,,,429344.6,
,,,,,GCA_003148665,
,,,,,GCA_014673435,
5604,,"DSM 19840, CCUG 47098, KCTC 12966, KMM 3903, CIP 108493",1,Maribacter sedimenticola,228956.4,4.0-33
,,,,,2622736538,30-May
,,,,,GCA_900188415,
131365,W15M10,"DSM 25233, NCIMB 14725",1,Maribacter spongiicola,1206753.3,20
,,,,,2731957517,
,,,,,GCA_004364165,
5615,,"DSM 19891, KCTC 22023, LMG 22581, KMM 6046",1,Maribacter stanieri,2622736542,Apr-35
,,,,,440514.5,
,,,,,GCA_900112245,
5607,M-3Alg 46-1,"DSM 15366, KCTC 12969, KMM 3951, CIP 108844, KCTC 12669",1,Maribacter ulvicola,228959.3,4.0-32
,,,,,2681813549,30-May
,,,,,GCA_900155985,
131366,W13M1A,"DSM 25230, NCIMB 14724",1,Maribacter vaceletii,1206816.3,20
,,,,,2734482098,
,,,,,GCA_003634105,
166182,XSD2,"KCTC 62994, MCCC 1H00347",1,Maribellus luteus,2887138616,20-40
,,,,,GCA_003576475,
167419,Y2-1-60,"MCCC 1K04285, KCTC 72884",1,Maribellus sediminis,GCA_011799805,15
,,,,,,20-45
23234,B5-6,"DSM 26893, JCM 14009, KCCM 42336, CIP 109553, CECT 7801",1,Palleronia pelagia,2616644821,Oct-40
,,,,,387096.5,
,,,,,GCA_900110115,
23235,CL-SP27,"DSM 26892, JCM 13037, KCCM 42113, CIP 109545, CECT 7800",1,Palleronia salina,2619618996,Oct-35
,,,,,313368.3,
,,,,,GCA_900141995,
6208,CM 11,"DSM 4734, ATCC 15268, JCM 21108, CIP 106103, IAM 14255, NBRC 102484, NCIMB 2209, VKM B-1510",1,Maricaulis maris,2757320355,10
,,,,,74318.5,
,,,,,GCA_003634045,
6211,,"DSM 16078, CIP 107440, LMG 19863, MCS 25, KCTC 12215",1,Maricaulis parjimensis,144023.3,10
,,,,,GCA_016817355,
6210,,"DSM 16077, CIP 107439, LMG 19864, MCS 18, KCTC 12216",1,Maricaulis salignorans,144026.3,Oct-41
,,,,,2634166316,
,,,,,GCA_900103475,
4147,SRL 4225,"DSM 16055, ATCC BAA-903",1,Maridesulfovibrio bastinii,1121441.3,20-50
,,,,,2524023158,
,,,,,GCA_000429985,
4158,61,"DSM 16995, JCM 12925",1,Maridesulfovibrio ferrireducens,246191.4,20
,,,,,2599185335,
,,,,,GCA_900101105,
4157,18,"DSM 17176, JCM 12924",1,Maridesulfovibrio frigidus,1121447.3,20
,,,,,2565956520,20-23
,,,,,GCA_000711735,
6310,HG667,"DSM 18935, JCM 16543, MBIC 07497",1,Marihabitans asiaticum,2816332116,18-34
,,,,,415218.3,
,,,,,GCA_007828725,
160214,GH1-19,"DSM 106292, KCTC 62376",1,Marimonas lutisalis,2837687090,Oct-40
,,,,,CP029347,
,,,,,GCA_005434965,
11263,,"DSM 45154, CCTCC AA 208041, JCM 16903, SCSIO 00652, NBRC 110046",1,Marinactinospora thermotolerans,1122192.6,Oct-55
,,,,,2524614583,
,,,,,GCA_900167435,
140894,Z1,"ATCC BAA-2617, CICC 10859",1,Marinagarivorans algicola,2788499911,Oct-33
,,,,,GCA_001292705,
140461,FC18,"LMG 29748, DSM 26290",1,Mariniblastus fucicola,980251.5,30-Oct
,,,,,GCA_001642875,
,,,,,GCA_008087665,
133923,P-1 km-3,"KACC 16526, CGMCC 1.11031",1,Marinicauda pacifica,1133559.7,Jun-40
,,,,,2889699639,
,,,,,GCA_004793635,
,,,,,GCA_009806145,
,,,,,GCA_014636415,
166179,WD6-1,"KCTC 62348, MCCC 1H00282",1,Marinicauda salina,GCA_003122085,15-45
159701,SY-3-19,"MCCC 1K03432, KCTC 62156",1,Marinicaulis flavus,2786546860,Apr-40
,,,,,GCA_002943565,
17915,,"DSM 25488, JCM 16154, KMM 3900, NRIC 0758",1,Marinicella litoralis,2757320364,May-35
,,,,,2833851722,
,,,,,644220.3,
,,,,,644220.5,
,,,,,GCA_002591915,
,,,,,GCA_004363335,
132977,sw153,"DSM 25600, CGMCC 1.12181, JCM 18208",1,Marinicella pacifica,1171543.3,Oct-42
,,,,,GCA_014636635,
159708,F2,"KCTC 42953, MCCC 1H00149",1,Marinicella sediminis,GCA_002000055,Oct-37
,,,,,,<10
159845,JC075,"KCTC 15646, MCCC 1K03477, JCM 32401, MCC 1K03477",1,Marinifilum breve,2832567879,Oct-37
,,,,,GCA_003202155,16
24786,M30,"DSM 21950, CECT 7448",1,Marinifilum flexuosum,1117708.3,20-28
,,,,,2728369260,
,,,,,GCA_003610555,
133508,JC2469,"IMSNU 14138, KCTC 22488, JCM 15579",1,Marinifilum fragile,1236979.6,20-37.4
,,,,,2728369664,
,,,,,GCA_001310955,
5722,SW5,"DSM 18792, CIP 109502",1,Mariniflexile fucanivorans,264023.4,Apr-32
,,,,,2799112275,
,,,,,GCA_004341235,
134195,,"KCTC 12570, LMG 22578, KMM 6038",1,Mariniflexile gromovii,362523.3,Apr-37
,,,,,GCA_017814435,
166463,WTE16,"KCTC 62599, MCCC 1H00311",1,Marinilabilia rubra,2832482636,20-40
,,,,,GCA_003121985,
131750,,"DSM 26891, ATCC 19041, CIP 104809, IFO (now NBRC) 15948, JCM 21150, LMG 1346, NCIMB 2216, DSM 6480, IAM 14310, NBRC 15948, IFO 15948",1,Marinilabilia salmonicolor,1168289.1,15
,,,,,1168289.11,5
,,,,,2548877031,
,,,,,2585427883,
,,,,,GCA_000259075,
,,,,,GCA_000614895,
2278,LT20,"DSM 16108, JCM 12337, CIP 108666",1,Marinilactibacillus piezotolerans,258723.5,Apr-50
,,,,,2636415975,15-37
,,,,,GCA_900114235,5
2279,M13-2,"DSM 19582, IAM 14980, NBRC 100002, NCIMB 13873, JCM 21451, NRIC 0510, CIP 108048",1,Marinilactibacillus psychrotolerans,191770.1,15-37
,,,,,191770.5,5
,,,,,2619619009,
,,,,,GCA_007989385,
,,,,,GCA_900101525,
456,"M18, 27.101","DSM 16975, KCTC 12357, CIP 109192",1,Marinimicrobium agarilyticum,1122194.5,Dec-40
,,,,,2524023067,
,,,,,GCA_000423345,
166430,SW121,"CGMCC 1.16166, KCTC 62651",1,Marinimicrobium alkaliphilum,2202654.3,Jun-42
,,,,,2883774514,
,,,,,GCA_003259155,
455,M9,"DSM 16974, KCTC 12356, CIP 109193",1,Marinimicrobium koreense,2786546140,Oct-45
,,,,,306545.3,
,,,,,GCA_003762925,
132988,NH83,"DSM 101478, CGMCC 1.15462",1,Marinirhabdus gelatinilytica,1703343.6,Apr-37
,,,,,2756170273,
,,,,,GCA_003353425,
140293,59.4M,"DSM 102940, JCM 31103",1,Marinisporobacter balticus,2018667.3,15-30
,,,,,2795385446,20
,,,,,GCA_004345705,
157905,TPS16,"DSM 46825, TBRC 5138",1,Marinitenerispora sediminis,2852029117,6.0-12.0
,,,,,GCA_003336425,
133861,KYW371,"KCTC 23449, JCM 17452",1,Hyunsoonleella aestuarii,912802.3,30-Oct
,,,,,GCA_006148925,
493,HP15,"DSM 23420, CIP 110141, NCBI AY241552",1,Marinobacter adhaerens,225937.19,4
,,,,,225937.2,
,,,,,225937.3,
,,,,,650377991,
,,,,,GCA_000166295,
482,DG893,"DSM 16394, CIP 109780, NCIMB 14009",1,Marinobacter algicola,443152.3,May-40
,,,,,640963027,
,,,,,GCA_000170835,
133761,ZS2-30,"CGMCC 1.10835, KCTC 23684",1,Marinobacter antarcticus,2667527391,Apr-35
,,,,,564117.3,
,,,,,GCA_900142385,
141140,D15-8P,"CGMCC 1.11015, KCTC 23781",1,Marinobacter aromaticivorans,2791355103,Oct-40
,,,,,GCA_002806975,
159844,T17,"KCTC 52710, MCCC 1K03282",1,Marinobacter bohaiensis,GCA_003258515,15-40
480,114-50-11,"DSM 15401, KMM 3840",1,Marinobacter bryozoorum,GCA_023156245,Jul-42
483,SW-156,"DSM 16072, JCM 12324, KCTC 12184, CIP 108614",1,Marinobacter daepoensis,1122197.3,4
,,,,,2526164527,May-41
,,,,,GCA_000421165,
481,SW145,"DSM 16070, JCM 12323, CGMCC 1.8487, KCTC 12185, CIP 108615",1,Marinobacter flavimaris,262076.4,4
,,,,,GCA_003363485,May-41
159754,NH169-3,"MCCC 1K03455, KCTC 62226",1,Marinobacter fuscus,2855205042,15-40
,,,,,GCA_003007675,
490,En6,"DSM 19471, KCTC 12515",1,Marinobacter goseongensis,GCA_023156235,Oct-37
488,SLO14B-61A,"DSM 18066, CGMCC 1.6294, CIP 109534, LMG 23509",1,Marinobacter gudaonensis,2617270919,Oct-45
,,,,,375760.4,
,,,,,GCA_900115175,
134296,M3B,"LMG 24048, CECT 7243",1,Marinobacter guineae,2834661177,Apr-42
,,,,,432303.3,
,,,,,GCA_002744735,
133354,CP12,"KACC 18381, NBRC 110910",1,Marinobacter halotolerans,1569211.4,10.0-37.0
,,,,,2899480561,
,,,,,GCA_008795985,
478,SM19,"DSM 15157, CCM 7048, CIP 107627, NCIMB 13907",1,Marinobacter lipolyticus,1318628.3,15-40
,,,,,2571042755,15-41
,,,,,GCA_000397065,5
484,"T 5054, BCRC/CCRC 17087, T5054","DSM 17466, BCRC 17087, CCRC 17087, JCM 11179, CIP 108251",1,Marinobacter lutaoensis,135739.3,15
,,,,,,5
486,CK47,"DSM 16561, JCM 12521, MTCC 6519, CGMCC 1.6490, CIP 108870, LMG 23847",1,Marinobacter maritimus,GCA_007671675,Apr-37
,,,,,,May-41
134085,,"CGMCC 1.7059, JCM 15154, CN 46",1,Marinobacter mobilis,2617270765,15-42
,,,,,488533.3,
,,,,,GCA_900106945,
473,SP. 17,"DSM 8798, ATCC 49840, CIP 103578",1,Marinobacter nauticus,2540341173,Oct-45
,,,,,2743.3,5
,,,,,GCA_000284615,
474,VT8,"DSM 11845, ATCC 700491, CIP 106100",0,Marinobacter nauticus,GCA_000015365,May-41
475,"179, A 179","DSM 50418, ATCC 27132, ICPB 3529, NCIMB 1967, CCUG 16007, CIP 74.11, DSM 6819, JCM 20777, IAM 12929, LMG 2226, NBRC 103161, CCUG 16032, NCIMB 1267",0,Marinobacter nauticus,2743.16,May-41
,,,,,2757320410,
,,,,,GCA_003634635,
134311,HS225,"CGMCC 1.6775, JCM 14804",1,Marinobacter pelagius,2619618995,Apr-48
,,,,,379482.7,
,,,,,GCA_900114925,
134346,20041,"CGMCC 1.6499, JCM 14643, BCRC 80070",1,Marinobacter psychrophilus,2636415955,0-22
,,,,,GCA_001043175,17
,,,,,,18
134282,ISL-40,"KCTC 129725, CCUG 54357, KCTC 12972, CIP 109719",1,Marinobacter salicampi,GCA_011074795,Apr-39
133343,Hb8,"KCTC 52255, JCM 31416",1,Marinobacter salinus,2718217953,10.0-37.0
,,,,,GCA_001854125,
489,SD-14B,"DSM 18347, CIP 109893, LMG 23697",1,Marinobacter salsuginis,1260625.5,Oct-45
,,,,,2516653033,
,,,,,GCA_004936695,
479,R 65,"DSM 15400, KMM 3657",1,Marinobacter sediminum,256323.4,Apr-42
134254,SS011B1-4T,"LMG 23928, CGMCC 1.6489",1,Marinobacter segnicrescens,2617270929,15-45
,,,,,430453.7,
,,,,,GCA_900111555,
170942,F01,"MCCC 1H00290, KCTC 52700",1,Marinobacter vulgaris,GCA_007559285,Apr-40
,,,,,VMBE00000000,
133669,UST090418-1611,"JCM 17469, NRRL B-59512",1,Marinobacter xestospongiae,GCA_023156385,15-42
134086,,"CGMCC 1.7061, JCM 15156, CN 74",1,Marinobacter zhejiangensis,2617270916,15-42
,,,,,488535.3,
,,,,,GCA_900114775,
158614,ST58-10,"KCTC 52193, NBRC 112103",1,Marinobacterium aestuarii,2687453330,20-25
,,,,,GCA_001651805,Apr-35
459,KW-40,"DSM 11526, ATCC 700074, JCM 21667, CIP 105236, IAM 15212, NBRC 102606, CECT 7200",0,Marinobacterium iners,1122198.3,10
,,,,,2634166328,Apr-41
,,,,,GCA_900107855,5
461,,"DSM 23545, KCTC 12756, LMG 23872, CCUG 54309, IMCC 1877",1,Marinobacterium litorale,1122201.3,20
,,,,,2522572179,8.0-42
,,,,,GCA_000428985,
463,AN9,"DSM 22012, KACC 13703",1,Marinobacterium lutimaris,2693429862,15-40
,,,,,568106.5,
,,,,,GCA_900108065,
133470,,"CGMCC 1.7286, JCM 15523, CN 44",1,Marinobacterium nitratireducens,518897.3,15-40
,,,,,GCA_014645375,
140895,,"KCCM 43095, JCM 30410, PAMC 27536",1,Marinobacterium profundum,GCA_001528745,Apr-32
462,CL-YJ9,"DSM 18822, KCCM 42386",1,Marinobacterium rhizophilum,1122202.3,30-May
,,,,,2518645605,
,,,,,GCA_000378045,
133471,,"CGMCC 1.7287, JCM 15524, CN 47",1,Marinobacterium sediminicola,2617270783,15-42
457,146,"DSM 7027, ATCC 27130, CCUG 16021, CIP 106697, LMG 6847, CECT 7202",1,Marinobacterium stanieri,2681813548,Oct-41
,,,,,49186.3,5
,,,,,GCA_900155945,
140627,WM3,"CGMCC 1.15341, KCTC 42782",1,Marinobacterium zhoushanense,1679163.3,15-43
,,,,,GCA_014641945,4
1369,HK 718,"DSM 20408, ATCC 27964, CCM 2706, JCM 2479, NRCC 14033, CIP 104819, IAM 12844, KCTC 2843, LMG 17439, NBRC 102359, NCIMB 13496, VKM Ac-1985",1,Marinococcus halophilus,1371.6,15
,,,,,1371.9,5
,,,,,2832122235,
,,,,,GCA_002265875,
,,,,,GCA_007989565,
1371,,"DSM 23126, KCTC 13214, YIM 91094, CCTCC AA 208014",1,Marinococcus luteus,1122204.3,10.0-37.0
,,,,,2684622904,
,,,,,GCA_900106595,
167268,QM202,"KCTC 52475, MCCC 1H00145, QM 202",1,Marinomonas agarivorans,GCA_002173415,15.0-37.0
,,,,,NHNK00000000,
137366,11SM4,"CIP 108405, CECT 5080, CCUG 49439",1,Marinomonas aquimarina,295068.7,15-37
,,,,,GCA_900089755,5
134354,328,"CGMCC 1.6498, JCM 14976",1,Marinomonas arctica,2837145084,0-37
,,,,,383750.7,
,,,,,GCA_003259225,
,,,,,GCA_014645175,
133529,,"NRIC 0752, JCM 15737, KMM 3893",1,Marinomonas arenicola,2530201.3,Apr-37
,,,,,2884663762,
,,,,,GCA_004352855,
133502,IVIA-Po-101,"CECT 7378, NCIMB 14432",1,Marinomonas balearica,2772190798,15-25
,,,,,491947.3,
,,,,,GCA_004362145,
166251,ANRC-JHZ47,"MCCC 1K03604, KCTC 72113",1,Marinomonas flavescens,GCA_004352835,Apr-37
133771,HDW-15,"KCTC 23661, CCUG 61321",1,Marinomonas hwangdonensis,2834262506,Apr-37
,,,,,GCA_003721245,
11270,MMB-1,"DSM 23531, ATCC 700492, CECT 4803, JCM 21426, CIP 106128, IAM 14944, NBRC 103028",1,Marinomonas mediterranea,2506210002,15-30
,,,,,717774.3,5
,,,,,GCA_000192865,
,,,,,GCA_028472825,
11272,CK13,"DSM 16579, JCM 12522, MTCC 6645, CGMCC 1.6484, CIP 109165",1,Marinomonas polaris,1122206.4,Apr-37
,,,,,2582581270,
,,,,,GCA_900129155,
133501,IVIA-Po-185,"CECT 7375, NCIMB 14435",1,Marinomonas pollencensis,2770939627,May-37
,,,,,491954.3,
,,,,,GCA_003387375,
11274,46-16,"DSM 17793, KMM 3492, LMG 22531, UCM 11075",1,Marinomonas pontica,GCA_026191375,4.0-33
140861,SMJ19,"CECT 8886, KCTC 42958",1,Marinomonas spartinae,1792290.7,Apr-37
,,,,,2751185771,
,,,,,GCA_900089775,
11271,U1,"DSM 15871, JCM 12170, MTCC 6143, CGMCC 1.8483, CGMCC 1.8710, CIP 108668",1,Marinomonas ushuaiensis,1122207.3,30-May
,,,,,2563366749,
,,,,,GCA_000521805,
133447,MRN461,"KCCM 42325, JCM 14064",1,Marinoscillum pacificum,GCA_024714495,15-40
11277,v1c_Sn-red,"DSM 18438, LMG 24610, VKM 2416, VKM B-2416",1,Marinospirillum celere,1122252.3,13-55
,,,,,2600254929,
,,,,,GCA_900112235,
11279,K,"DSM 21763, LMG 21802, NBRC 100033",1,Marinospirillum insulare,1122211.3,Apr-37
,,,,,2563366729,
,,,,,GCA_000686905,
168658,F3212,"KCTC 52892, MCCC 1H00198",1,Marinospirillum perlucidum,GCA_003336805,15-40
,,,,,QFWJ01000000,
13679,FF3,"DSM 10251, ATCC 51440, JCM 21266, CECT 5396, CIP 104267, IAM 14591, IFO 16653, NBRC 16653",1,Marinovum algicola,2615840718,Oct-37
,,,,,2833233958,
,,,,,42444.5,
,,,,,42444.9,
,,,,,GCA_900172245,
133387,,"KCTC 52409, MCCC 1K03210, CDA 4",1,Maribacter aurantiacus,1882343.4,15-40
,,,,,2886535277,
,,,,,GCA_005780245,
7507,ZS314,"DSM 22350, CCTCC AB 209077, JCM 19552, NBRC 109630",1,Marisediminicola antarctica,GCA_009930795,0-26
,,,,,,15-20
,,,,,,18-23
,,,,,,20
164693,,"JCM 33936, LMG 31795, MCC 4327",1,Marisediminicola senii,GCA_011057645,20
167342,GS-14,"KCTC 72401, MCCC 1K03622",1,Marisediminitalea mangrovi,GCA_006494365,Apr-40
,,,,,VHIP00000000,
140775,JC444,"KCTC 15554, DSM 103365",1,Marispirochaeta aestuarii,2881371823,15-42
,,,,,GCA_002087085,
133451,E6,"CGMCC 1.7002, JCM 15144",1,Maritalea mobilis,2617270922,Apr-42
,,,,,483324.5,
,,,,,GCA_004363175,
6196,CL-SK30,DSM 19524,1,Maritalea myrionectae,1122213.3,Oct-40
,,,,,2524614608,
,,,,,GCA_000423365,
130632,,"DSM 100037, KCCM 42376, NBRC 102057, HTCC 2654, CIP 109640",1,Maritimibacter alkaliphilus,2693429867,16-37
140776,ZC80,"CGMCC 1.15697, NBRC 112461",1,Marivibrio halodurans,2039722.4,Oct-50
,,,,,GCA_017963645,
5473,H-43,"DSM 4126, ATCC 23168, CIP 106410, IFO 15989, KCTC 2958, NBRC 15989, NCIMB 1408, VKM B-1430",1,Marivirga tractuosa,643867.13,15-37
,,,,,643867.3,5
,,,,,649633065,
,,,,,GCA_000183425,
13851,CL-SK44,"DSM 21340, JCM 15447, KCCM 90070",1,Marivita cryptomonadis,2791354908,15-35
,,,,,GCA_002115725,
130640,DPG-138,"DSM 29432, CCUG 62112, KCTC 23882",1,Marivita geojedonensis,1123756.6,Oct-40
,,,,,2728369485,
,,,,,GCA_002115805,
,,,,,GCA_003002975,
130639,DPG-28,"DSM 29431, CCUG 60522, KCTC 23421",1,Marivita hallyeonensis,2695421018,Oct-40
,,,,,996342.4,
,,,,,GCA_900129875,
140928,AM-4,"KCTC 42776, CECT 8947",1,Marivivens donghaensis,GCA_023541015,Oct-40
134220,,"NRIC 0684, JCM 14121, KMM 3046, CIP 109555",1,Marixanthomonas ophiurae,2887695450,May-32
,,,,,387659.5,
,,,,,GCA_003413745,
11086,SST-45,"DSM 21547, CIP 109645, JCM 13812, NRRL B-24464",1,Nocardioides aequoreus,GCA_000720335,Oct-37
11084,,"DSM 12652, JCM 10917, NBRC 105375, BC 361, CIP 106770, NCIMB 13748",1,Nocardioides aurantiacus,2781126051,10
,,,,,86796.3,
,,,,,GCA_003752505,
11087,MSL-05,"DSM 19426, KCTC 19287, NBRC 105376, MSL 05, JCM 15624",1,Nocardioides marmoribigeumensis,2923456805,20-37
158677,8BXZ-J1,"KCTC 39789, CGMCC 1.16067",1,Marmoricola endophyticus,2040280.3,Oct-35
,,,,,GCA_014644415,
132514,,"DSM 22772, KACC 14267, Gsoil 097, JCM 32748",1,Nocardioides marmoriginsengisoli,GCA_003725695,Oct-37
166481,4Q3S-7,"KCTC 39790, CGMCC 4.7424",1,Nocardioides mangrovicus,2839776089,Oct-35
,,,,,GCA_003674065,
132515,,"DSM 22773, KACC 14275, Gsoil 818, JCM 32749",1,Nocardioides pocheonensis,GCA_003725535,Oct-40
166469,ZX-21,"MCCC 1K03431, KCTC 62160",1,Zhongshania marina,2882413536,Oct-35
,,,,,GCA_002915595,4
133970,YC6887,"KCCM 43011, NBRC 109149",1,Martelella endophytica,2619619303,Apr-40
,,,,,GCA_000960975,
531,MACL11,"DSM 17316, CECT 5861, LMG 22193, CIP 108716",1,Martelella mediterranea,1122214.1,10
,,,,,1122214.3,4
,,,,,1122214.8,
,,,,,1122214.9,
,,,,,2515154079,
,,,,,GCA_000376125,
,,,,,GCA_002043005,
140977,J9,"KEMB 9005-359, JCM 31605",1,Massilia agilis,GCA_024756255,Apr-45
140986,K-3-1,"KEMB 9005-446, KACC 19000, JCM 31661",1,Massilia agri,GCA_024753255,20-40
,,,,,,Apr-45
11325,45,"CCUG 52214, DSM 17472, CCTCC AB 204071, KCTC 12343, CIP 109189",1,Massilia albidiflava,2843757166,Oct-45
,,,,,321983.3,
,,,,,321983.5,
,,,,,GCA_004322755,
,,,,,GCA_014651415,
11324,,"DSM 17462, CCTCC AA 204003, KCTC 12194, YIM 31775, CCUG 50882, CIP 108793",1,Massilia alkalitolerans,1111733.3,Apr-55
,,,,,2513237112,15-45
,,,,,GCA_000427785,5
169417,P8398,"DSM 114430, CCM 8941, LMG 32108",1,Massilia antarctica,2765360.3,15
169990,P3165,"CCM 8693, LMG 31211",1,Massilia aquatica,2609000.3,30-Jan
,,,,,GCA_011682045,
,,,,,VVIW00000000,
166339,FT127W,"GDMCC 1.1690, KACC 21482",0,Massilia aquatica,2920929050,Apr-34
,,,,,GCA_009857595,
159643,ZMN-3,"DSM 104676, CGMCC 1.16209",1,Massilia armeniaca,2788500515,Oct-45
,,,,,GCA_003028855,
166521,SOD,"KCTC 62720, LMG 30840",1,Massilia atriviolacea,2882150419,Apr-33
,,,,,GCA_003953935,
158678,A9,"DSM 103547, CGMCC 1.15931, KCTC 52429",1,Massilia buxea,1949069.3,Oct-37
,,,,,1949069.4,
,,,,,2920891533,
,,,,,GCA_009720835,
,,,,,GCA_014644155,
11328,16,"DSM 17513, CCTCC AB 204070, KCTC 12342, CCUG 52213, CIP 109188",1,Massilia dura,321982.3,Oct-45
,,,,,321982.4,
,,,,,GCA_009727155,
,,,,,GCA_014651395,
132947,B528-3,"DSM 104958, CGMCC 1.12828, JCM 30074, CCM 8735",1,Massilia eurypsychrophila,1485217.3,10
,,,,,2791355051,15
,,,,,GCA_002760655,
11340,Y9,"DSM 26639, CGMCC 1.10685, KCTC 23585",0,Massilia flava,2596583581,Oct-45
,,,,,871742.3,
,,,,,871742.4,
,,,,,GCA_007830495,
,,,,,GCA_009789595,
167398,P5534,"CCM 8695, LMG 31212",1,Massilia frigida,2609281.3,25-Jan
,,,,,GCA_011682175,
,,,,,WHJG00000000,
140777,B448-2,"JCM 30271, CGMCC 1.12920, CCM 8861",1,Massilia glaciei,2791355050,15
,,,,,GCA_003011895,20
,,,,,,30-Apr
166330,DS3,"GDMCC 1.1636, KACC 21312",1,Massilia guangdongensis,2920906855,Oct-37
,,,,,GCA_009857475,
133930,D5,"CGMCC 1.10822, KCTC 23880",1,Massilia lurida,1036180.3,Oct-37
,,,,,2596583599,
,,,,,GCA_007830455,
11326,101,"DSM 17473, CCTCC AB 204073, KCTC 12345, CCUG 52216, CIP 109190",1,Massilia lutea,2843750665,Oct-45
,,,,,321985.3,
,,,,,GCA_004209755,
167415,P5902,"CCM 8733, LMG 31210",1,Massilia mucilaginosa,2609282.3,25-Jan
,,,,,GCA_011682145,
,,,,,WHJH00000000,
11342,333-1-0411,"DSM 25159, CGMCC 1.11014",1,Massilia namucuonensis,1035707.5,Apr-37
,,,,,2671180040,
,,,,,GCA_900116645,
11335,5516S-1,"DSM 21313, CIP 110038, KACC 12599",1,Massilia niastensis,1122215.3,May-40
,,,,,2521172636,
,,,,,GCA_000382345,
140695,12-OD1,"CCTCC AB 2016251, LMG 29956, KCTC 52513",1,Massilia phosphatilytica,2791355049,Apr-37
,,,,,GCA_002968015,
140511,T33,"KACC 18748, KEMB 9005-368, JCM 31316",1,Massilia pinisoli,GCA_024753285,Oct-37
11327,76,"DSM 17505, CCTCC AB 204072, KCTC 12344, CIP 109191",1,Massilia plicata,2847005498,Oct-45
,,,,,321984.3,
,,,,,321984.4,
,,,,,GCA_004421005,
,,,,,GCA_014651435,
133173,B1555-1,"CGMCC 1.15196, JCM 30813",1,Massilia psychrophila,1603353.3,10.0-25.0
,,,,,1603353.4,15
,,,,,2791355047,
,,,,,GCA_002760665,
,,,,,GCA_014641415,
167414,P3094,"CCM 8692, LMG 31213",1,Massilia rubra,2607910.3,25-Jan
,,,,,GCA_011682065,
,,,,,VUYU00000000,
140975,J18,"KEMB 9005-366, JCM 31607",1,Massilia solisilvae,GCA_024753215,Apr-45
140976,J11,"KEMB 9005-360, JCM 31606",1,Massilia terrae,GCA_024753145,Apr-45
11323,UR/MT95,"DSM 16850, CCUG 45783, CIP 105350",1,Massilia timonae,2531839286,Oct-37
,,,,,883126.3,
,,,,,GCA_000315425,
140929,CAVIO,"CECT 8897, LMG 28941",1,Massilia violacea,1715466.3,Oct-35
,,,,,2824303488,
,,,,,GCA_014191875,
132911,Y1243-1,"DSM 105394, CGMCC 1.12041, KACC 16569, JCM 18139",1,Massilia yuzhufengensis,1164594.3,Feb-35
,,,,,2667527446,
,,,,,GCA_900112225,
4151,SB1,"DSM 16681, JCM 14635",1,Megalodesulfovibrio paquesii,2571042346,Apr-40
,,,,,,Oct-45
17131,,"DSM 16981, VTT E-032341",1,Megasphaera paucivorans,2596583540,15-37
,,,,,349095.5,
,,,,,GCA_900103535,
158578,KBB12,"KCTC 32230, JCM 18740",1,Melaminivora jejuensis,1267217.3,15-45
,,,,,GCA_017811175,<10
130322,,"DSM 29964, ATCC 35311, LMG 20360, NCDO 2443, CIP 104052, LMG 19520",1,Melissococcus plutonius,2861600701,10
,,,,,33970.54,
,,,,,650716050,
,,,,,940190.2,
,,,,,940190.3,
,,,,,GCA_000270185,
,,,,,GCA_014202715,
140896,CZ-AZ5,"CGMCC 1.13179, JCM 18886",1,Membranihabitans marinus,GCA_021729155,20-40
166428,TG-679,"KCTC 62454, MCCC 1K03496",1,Meridianimarinicoccus roseus,GCA_003172915,Oct-40
1268,CV53,"DSM 19613, CIP 108889, LMG 23174, UCCCB11",1,Mesobacillus foraminis,GCA_004340465,10
,,,,,GCA_013618915,
1250,YKJ-10,"DSM 18226, CIP 107104, JCM 10885, KCCM 41040, BCRC 20126, CCM 7133, CGMCC 1.3651, KCTC 3839",1,Mesobacillus jeotgali,129985.4,10
,,,,,2908928733,Oct-45
,,,,,GCA_002874535,
22925,B48,"DSM 25386, CECT 8001, IBRC-M 10115",1,Mesobacillus persicus,2651870116,Oct-45
,,,,,930146.3,
,,,,,GCA_900109925,
140266,JJ-247,"DSM 103964, CCM 8726, LMG 29876",1,Mesobacillus zeae,1917180.7,10
,,,,,2913584337,20-30
,,,,,GCA_003570705,
,,,,,GCA_013618945,
5616,M-2Alg 33-2,"DSM 15361, CCUG 47092, KCTC 12089, KMM 3909, CIP 108200",1,Mesonia algae,213248.1,Apr-34
,,,,,2593339303,30-May
,,,,,GCA_003253545,
140348,15-S14-6,"DSM 102814, CGMCC 1.16020, KCCM 43197, NCAIM B.02633",1,Mesonia maritima,2830107710,Oct-35
5617,,"DSM 19841, KCTC 12708, KMM 6059, LMG 23670",1,Mesonia mobilis,1122226.16,Apr-39
,,,,,2523231063,
,,,,,369791.4,
,,,,,GCA_000423405,
,,,,,GCA_014651475,
5618,MDSW-25,"DSM 21425, KCTC 22373",1,Mesonia phycicola,2622736520,30-Oct
,,,,,579105.3,
,,,,,GCA_900141885,
132147,AC98c,"DSM 29665, HAMBI 3306, LMG 26967",1,Mesorhizobium abyssinicae,2928199739,0-35
166307,Z1-4,"KCTC 72512, CCTCC AB 2019101",1,Mesorhizobium alexandrii,GCA_004000235,15-37
159849,6GN-30,"ACCC 60073, KCTC 62410",1,Mesorhizobium ephedrae,GCA_003012745,15-45
130531,AC99b,"DSM 29666, HAMBI 3301, LMG 26968",1,Mesorhizobium hawassense,2928380500,0-35
,,,,,GCA_003289945,
133271,,"MAFF 303099, LMG 29417, CECT 9101, JCM 21590, IAM 15132",1,Mesorhizobium japonicum,266835.36,10
,,,,,266835.37,15.0-34.0
,,,,,266835.9,
,,,,,637000159,
,,,,,GCA_000009625,
11880,ORS664T,"DSM 2626, ATCC 700743, CCUG 56774, LMG 6125, IFO 14779, NBRC 14779, NZP 2213, JCM 21464, ATCC 33669, CCUG 27878, HAMBI 1129, IAM 14993, ICMP 4682, LMG 17826, NCIMB 12074, OUT 30009, CIP 107326",1,Mesorhizobium loti,1777867.5,30-Oct
,,,,,2756170246,
,,,,,381.88,
,,,,,381.89,
,,,,,GCA_003024615,
,,,,,GCA_003148495,
,,,,,GCA_013170785,
11892,,"DSM 21884, CIP 105884, JCM 21566, LMG 11892, NBRC 102498, ORS 1032, HAMBI 208, IAM 15105",1,Mesorhizobium plurifarium,69974.15,10
,,,,,GCA_003024595,
130532,,"DSM 29667, CCBAU 33460, CGMCC 1.12097, HAMBI 3277, LMG 26793",1,Mesorhizobium qingshengii,1165689.4,Oct-35
,,,,,2596583656,
,,,,,GCA_900103325,
166334,YM1C-6-2,"CGMCC 1.15487, DSM 101712",1,Mesorhizobium rhizophilum,GCA_003666685,15-37
130527,,"DSM 100022, ACCC 14543, HAMBI 3082, CCNWYC 115",1,Mesorhizobium robiniae,2928416989,15-40
133222,,"YIM M12096, CCTCC AB 2014219, KCTC 42205, JCM 30310",1,Mesorhizobium sediminum,1849104.3,Oct-37
,,,,,GCA_013240295,
132148,AC39a,"DSM 29846, HAMBI 3295, LMG 26966",1,Mesorhizobium shonense,2928206566,0-35
141125,,"ICMP 19535, LMG 28223, HAMBI 3606",1,Mesorhizobium sophorae,1300294.3,15-30
,,,,,2791355123,4
,,,,,GCA_002270415,7
164554,NIBRBAC000500504,"JCM 33432, KCTC 72278",1,Mesorhizobium terrae,1295366.5,18-42
,,,,,2888331157,
,,,,,GCA_008727715,
158441,4NBBH2,"DSM 106860, JCM 32464",1,Mesosutterella multiformis,2259133.3,20-45
,,,,,GCA_003402575,
23710,E33,"DSM 25387, IBRC-M 10095",1,Metabacillus halosaccharovorans,2916843162,20-45
,,,,,930124.3,
,,,,,GCA_002019635,
1233,Sd/3,"DSM 15820, CIP 108689, LMG 22858, MTCC 4374, JCM 12168, KCTC 3968",1,Metabacillus indicus,1458122.18,10
,,,,,2619619114,15-37
,,,,,GCA_000708755,
1223,JG-30,"DSM 16189, KCTC 3880, BCRC 80033, CIP 108730",0,Metabacillus indicus,2619619115,Apr-50
,,,,,265729.29,Oct-45
,,,,,GCA_000709935,
140408,S36,"DSM 104297, CGMCC 1.16030, KCTC 33864",1,Metabacillus iocasae,2291674.3,16-50
,,,,,2901267961,
,,,,,GCA_016909075,
1228,SW-211,"DSM 16303, KCTC 3898, CIP 108971",1,Metabacillus litoralis,GCA_007994985,Apr-46
1243,4T19,"DSM 17723, CIP 109816, KACC 11279, JCM 16399",1,Metabacillus niabensis,2926518972,Apr-45
6950,M2,"DSM 19844, VKM B-2371",1,Methanobacterium arcticum,2574179771,15-45
,,,,,GCA_000746075,
6952,Mic5c12,"DSM 22353, NBRC 105198",1,Methanobacterium petrolearium,2913397459,20-40
,,,,,GCA_017873625,
6949,MK4,"DSM 19849, VKM B-2440",1,Methanobacterium veterum,2582580744,Oct-46
,,,,,GCA_000745485,
,,,,,GCA_027110455,
7061,AK-5,"DSM 17273, NBRC 107632, OCM 775",1,Methanococcoides alaskense,2913378003,20
,,,,,GCA_027594145,
7001,Nankai-3,"DSM 17508, OCM 812",1,Methanococcus aeolicus,419665.15,20-55
,,,,,640753034,
,,,,,GCA_000017185,
132893,HC,"DSM 25996, CGMCC 1.5146, JCM 16311",1,Methanoculleus hydrogenitrophicus,2913463320,18-45
7037,Ace-2,"DSM 16458, OCM 469, SMCC 459W",1,Methanogenium frigidum,2739367766,15
160492,"SLHTYRO, SLHTYROT","DSM 108854, JCM 32768, UBOCC M-3308",1,Methanohalophilus profundi,GCA_004137855,Dec-37
,,,,,QBKB00000000,
17854,TNR,"DSM 23604, NBRC 105659",1,Methanolinea mesophila,2913416594,20-40
,,,,,GCA_017873855,
158352,YSF-03,"DSM 104044, BCRC AR10049, NBRC 112514",1,Methanolobus psychrotolerans,GCA_002243045,0-37
132665,MobH,"DSM 21220, NBRC 104160",1,Methanoeremita antiquus,GCA_029633915,15.0-40.0
17856,6A8,"DSM 21154, JCM 14090",1,Methanoregula boonei,456442.19,Oct-40
,,,,,640753014,
,,,,,GCA_000017625,
17857,SMSP,"DSM 22288, NBRC 105244",1,Methanoregula formicica,2508501105,Oct-40
,,,,,593750.7,
,,,,,GCA_000327485,
132429,E03.2,"DSM 100822, JCM 30921",1,Methanosarcina flavescens,2651869834,20-55
,,,,,GCA_001304615,
7129,Z-7289,DSM 10334,0,Methanosarcina lacustris,1434111.4,20
,,,,,2630968805,
,,,,,GCA_000970265,
7136,Ki8-1,"DSM 22751, JCM 16384, NBRC 104920",1,Methanospirillum lacunae,GCA_003173355,May-37
24171,"ps, Pt1","DSM 26304, VKM B-2808",1,Methanospirillum stamsii,GCA_003173335,May-37
,,,,,,20-30
168939,"Z-0021, Z-002I","DSM 9914, VKM B-2103",1,Methylobacter psychrophilus,GCA_025583945,5
134145,SV96,"ATCC BAA-1195, DSM 17260",1,Methylobacter tundripaludum,648276688,23-Oct
,,,,,697282.3,
,,,,,GCA_000190755,
7180,AR27,"DSM 17169, CCM 7305, CECT 7069",1,Methylobacterium adhaesivum,GCA_022179065,15-35
7182,5413S-11,"DSM 19013, KACC 11766, JCM 16406",1,Methylobacterium aerolatum,2928195108,Oct-35
,,,,,GCA_022179085,
7176,GR16,"DSM 16371, CCM 7218, CECT 5998, CIP 108333",1,Methylobacterium aquaticum,2634166393,10
,,,,,270351.6,20-30
,,,,,GCA_001043915,5
7186,B0021,"DSM 19569, NBRC 103629, NCIMB 14379",1,Methylobacterium brachiatum,2928975616,Oct-35
,,,,,GCA_020523825,
7197,"C15, C20oh1-15","DSM 23679, CCM 7788, CCUG 60040",1,Methylobacterium cerastii,GCA_022179125,28-Oct
,,,,,,20
159850,PR1016A,"KACC 19662, JCM 32670",1,Methylobacterium currus,2841517901,18-42
,,,,,GCA_003058325,
166104,17SD2-17,"KCTC 52908, NBRC 112876",1,Methylobacterium durans,GCA_003173715,18-37
158776,IER25-16,"KACC 19280, JCM 32048",1,Methylobacterium frigidaeris,2839310330,Oct-40
,,,,,GCA_002759055,
,,,,,GCA_022179185,
133689,Gh-105,"CCM 7572, NRRL B-51692",1,Methylobacterium gossipiicola,2651870128,20-30
,,,,,GCA_900113485,
7188,002-074,"DSM 19564, NBRC 103626, NCIMB 14376",1,Methylobacterium gregans,2928278735,Oct-35
,,,,,GCA_022179245,
7175,GP34,"DSM 16372, CCM 7219, CECT 5997, CIP 108332",1,Methylobacterium hispanicum,GCA_022179285,10
,,,,,,15-30
,,,,,,5
7183,5317S-33,"DSM 19015, KACC 11765, JCM 16407",1,Methylobacterium iners,GCA_022179305,30-Oct
7179,AR24,"DSM 17168, CCM 7304, CECT 7068",1,Methylobacterium isbiliense,GCA_022179325,20-37
134213,S2R03-9,"KCTC 12671, LMG 23639",1,Methylobacterium jeotgali,GCA_022179345,20-30
7190,002-079,"DSM 19563, NBRC 103627, NCIMB 14377",1,Methylobacterium komagatae,2574179709,Oct-35
7193,JT1,"DSM 21328, CCUG 56108",1,Methylobacterium marchantiae,GCA_022179405,4.0-32
7149,A 47,"DSM 1708, ATCC 29983, ICPB 4095, CCUG 16482, JCM 2829, CIP 101129, IFO 15688, LMG 5275, NBRC 15688, NCIMB 11561, NRRL B-14246, VTT E-981080",1,Methylobacterium mesophilicum,GCA_022179445,25-Oct
,,,,,,5
7181,CBMB20,"DSM 18207, KACC 11585, LMG 23582, JCM 16405",1,Methylobacterium oryzae,2627854079,20-30
,,,,,693986.4,
,,,,,GCA_000757795,
166276,TER-1,"BCRC 81157, LMG 30931, KCTC 62864",1,Methylobacterium oryzihabitans,GCA_004004555,15-35
7191,002-165,"DSM 19562, NBRC 103628, NCIMB 14378",1,Methylobacterium persicinum,2928273650,Oct-35
,,,,,GCA_022179525,
7192,"CBMB27, EF 126746","DSM 19779, KACC 11716, LMG 24361, JCM 16408",1,Methylobacterium phyllosphaerae,1295137.3,20-30
,,,,,2651870129,
,,,,,2721755615,
,,,,,2728369718,
,,,,,GCA_001312285,
,,,,,GCA_001936175,
,,,,,GCA_900113465,
166308,,"CGMCC 1.17323, NBRC 114056, YIM 132548",1,Methylobacterium planeticum,2615211.3,15-30
,,,,,2902355876,20
,,,,,GCA_008806345,
134290,PMB02,"KCTC 12901, JCM 14648",1,Methylobacterium platani,1295136.3,20-30
,,,,,1295136.4,
,,,,,2651869728,
,,,,,2728369717,
,,,,,2855953901,
,,,,,GCA_001043885,
,,,,,GCA_001312265,
,,,,,GCA_001653715,
164450,17J42-1,"JCM 33059, KCTC 62267",1,Methylobacterium segetis,2488750.6,15-35
,,,,,GCA_004348265,
166375,SB0023/3,"CECT 9862, PYCC 8351",1,Methylobacterium symbioticum,2584084.3,30-Oct
,,,,,2902361641,
,,,,,GCA_902141845,
7187,,"DSM 19566, NBRC 103632, NCIMB 14380, RB 677",1,Methylobacterium tardum,GCA_022179585,15-35
,,,,,GCA_023546765,
24173,N4211,"DSM 25844, KCTC 23615",1,Methylobacterium tarhaniae,1187852.3,Oct-37
,,,,,2636415909,
,,,,,GCA_001043955,
7178,GR3,"DSM 16961, CCM 7281, CECT 7045",1,Methylobacterium variabile,2636415936,20-30
,,,,,298794.3,
,,,,,GCA_001043975,
1656,B2,"DSM 13967, NCIMB 13765",1,Methylocapsa acidiphila,2510065046,10
,,,,,395964.6,20
,,,,,GCA_000427445,20-24
1657,KYG,"DSM 22158, VKM B-2544",1,Methylocapsa aurea,GCA_000746085,Feb-33
140108,NE2,"DSM 29914, LMG 28715, VKM B-2945",1,Methylocapsa palsarum,2675903028,20
,,,,,GCA_900114285,
1658,BL2,"DSM 15510, NCIMB 13906, CIP 108128",1,Methylocella silvestris,395965.5,15-25
,,,,,643348565,15-30
,,,,,GCA_000021745,20
,,,,,,30-Apr
,,,,,,5
7216,H2,"DSM 16984, VKM B-2426",1,Methylocystis heyeri,GCA_004802635,30-May
,,,,,,20
131381,"KoM1, red","DSM 22980, JCM 18850",1,Methyloglobulus morosus,2528768019,20
,,,,,GCA_000496735,
7205,10Ki,"DSM 16011, ATCC BAA-967",1,Methylohalobius crimeensis,1283300.3,15-42
,,,,,2524614657,
,,,,,GCA_000421465,
166371,C50C1,,1,Methylolobus oryzae,GCA_006175985,18-25
24177,IT-4,"DSM 18976, JCM 13665",1,Methylomarinum vadi,2574179779,20-44
,,,,,GCA_000733935,
133754,Fw12E-Y,"JCM 16701, NBRC 105905, NCIMB 14606",1,Methylomonas koyamae,1294261.13,Oct-40
,,,,,2728369704,
,,,,,702114.23,
,,,,,GCA_001312005,
,,,,,GCA_019669905,
164703,GJ1,"JCM 33990, ACCC 61706",1,Methylomonas rhizoryzae,GCA_008632455,16-37
134269,MP,"VKM B-24415, JCM 14647, KCTC 12909, VKM B-2441",1,Methylophaga aminisulfidivorans,1026882.3,20-37
,,,,,651324072,
,,,,,GCA_000214595,
11908,MPL,"DSM 24656, MCC 1002, VKM B-2684",1,Methylophaga lonarensis,1286106.3,20-37
,,,,,2527291626,
,,,,,GCA_000349205,
133517,CBMB127,"KACC 13099, NCCB 100233",1,Methylophilus rhizosphaerae,2654588194,20-30
,,,,,GCA_900100975,
140082,"WF1, whale fall 1","DSM 29215, ATCC BAA-2619",1,Methyloprofundus sedimenti,2785510765,20
,,,,,GCA_002072955,
7171,TH-15,"DSM 8832, ATCC 51358, JCM 8240, CCM 4612, CIP 105328, IFO 15686, LMG 21752, NBRC 15686, NCIMB 13343, VKM B-2145",1,Methylorubrum aminovorans,GCA_022179725,10
,,,,,,5
7146,DM4,"DSM 6343, CIP 106787, VKM B-2191",0,Methylorubrum extorquens,644736387,10
,,,,,GCA_000083545,5
133659,BJ001,"ATCC BAA-705, NCIM B13946",1,Methylorubrum populi,642555139,15-40
,,,,,GCA_000019945,
7168,,"DSM 5687, ATCC 43882, NCIMB 12249, CCUG 36915, CIP 103771, JCM 10891, IFO 15844, NBRC 15844, VKM B-2142",1,Methylorubrum rhodesianum,2829766573,10
,,,,,29427.3,15-30
,,,,,GCA_014199985,
134237,MR,"CGMCC 1.6474, NCCB 100140",1,Methylorubrum salsuginis,2617270908,Apr-40
,,,,,414703.4,
,,,,,GCA_900114375,
134110,LW14,"ATCC BAA-1047, JCM 13284",1,Methylomicrobium lacus,GCA_000527095,Apr-35
23100,301,"DSM 24635, JCM 17579, VKM B-2679",1,Methylotenera versatilis,646564551,18-21
,,,,,666681.3,
,,,,,GCA_000093025,
158679,73a,"LMG 29185, VKM B-2986",1,Methyloterricola oryzae,2582581277,15-45
,,,,,GCA_000934725,
1673,BW863,"DSM 19998, NCIMB 14408",1,Methylovirgula ligni,2770939601,20-24
,,,,,569860.6,30-Apr
,,,,,GCA_003387225,
,,,,,GCA_004135935,
7213,HT12,"DSM 23269, ATCC BAA-2070, NBRC 106162",1,Methylovulum miyakonense,1078846.3,May-34
,,,,,2516653058,
,,,,,GCA_000384075,
140162,,"DSM 100602, LMG 29227, VKM B-3018, Sph 1",1,Methylovulum psychrotolerans,1704499.7,Feb-36
,,,,,,20
,,,,,,20-25
7412,V-73,"DSM 14217, CCM 4955, NRRL B-24228, JCM 12137, CIP 107636, IAM 15195, LMG 22184, NBRC 103071",1,Microbacterium aerolatum,153731.4,10
,,,,,153731.5,15-37
,,,,,GCA_007988825,
,,,,,GCA_014635005,
158383,,"DSM 104474, CGMCC 1.15794, KCTC 39990, SYSU D8007",1,Microbacterium album,2053191.3,Apr-45
,,,,,GCA_014643695,
7464,N5,"DSM 24221, CCM 7881, CIP 110689, JCM 30491",1,Microbacterium amylolyticum,2918397618,Oct-37
,,,,,936337.3,
,,,,,936337.4,
,,,,,GCA_011046975,
,,,,,GCA_017876695,
7439,JS54-2,"DSM 19713, CIP 110688, KCTC 19124, JCM 15625",1,Microbacterium aquimaris,459816.3,15-37
,,,,,GCA_015278225,
7370,,"DSM 20754, ATCC 4358, IFO 3750, NBRC 3750, NRRL B-24239, JCM 5884, CGMCC 1.1937, CIP 55.81, HAMBI 1892, IAM 1311, KCTC 3522, LMG 4009, NCDO 2276, NCIMB 8185, VKM Ac-1944",1,Microbacterium arborescens,2877034298,Oct-41
,,,,,33883.6,
,,,,,GCA_003339645,
7395,H-5,"DSM 8600, ATCC 51345, IFO 15204, NBRC 15204, NRRL B-24210, CCUG 43279, CCM 4522, CIP 103994, JCM 9179, IAM 15207, KACC 15219, VKM Ac-1950, VKM Ac-2076",1,Microbacterium aurum,2773857884,10
,,,,,2893677331,15
,,,,,36805.16,
,,,,,36805.5,
,,,,,GCA_001974985,
,,,,,GCA_016907815,
7452,AI-S262,"DSM 23848, JCM 15681, KCTC 19668, LMG 24772",1,Microbacterium azadirachtae,2773857981,Oct-37
,,,,,582680.7,
,,,,,GCA_000956545,
7363,7,"DSM 20145, ATCC 15954, CCM 1928, NCIB 9658, NRRL B-24231, CCUG 33090, LMG 16341, CIP 102692, IAM 12585, IFO 15036, JCM 1343, BCRC 11642, CGMCC 1.1902, HAMBI 1894, IMET 10688, IMSNU 10306, KCTC 3197, NBRC 15036, NCFB 2287, NCIMB 9658, VKM Ac-1020, VTT E-072706, NCDO 2287",1,Microbacterium barkeri,2919382452,10
,,,,,,15-45
164317,NEAU-LLE,"JCM 32662, CCTCC AA 2018025",1,Microbacterium bovistercoris,GCA_003387575,18-42
7396,M-73,"CCUG 38517, DSM 8607, ATCC 51344, IFO 14592, NBRC 14592, JCM 9180, CCM 4523, CIP 103993, IAM 15202, NCIMB 13387, NRRL B-23242, VKM Ac-1940, VKM Ac-2077",1,Microbacterium dextranolyticum,2893534022,Oct-37
,,,,,36806.4,
,,,,,GCA_016907295,
7399,,"DSM 8609, ATCC 8091, CCM 4371, IFO 3751, NBRC 3751, NRRL B-24213, JCM 9172, BCRC 15447, BUCSAV 326, CIP 103916, IAM 15198, LMG 4020, NCFB 2277, NCIMB 8186, VKM Ac-1942, VTT E-991287, NCDO 2277",1,Microbacterium esteraromaticum,2893536966,10
,,,,,57043.11,15-37
,,,,,GCA_016907315,
132660,,"DSM 27232, CGMCC 1.15152, KCTC 39554, YIM 101168",1,Microbacterium faecale,1804630.3,Jul-37
,,,,,GCA_014640975,
7364,401,"CCUG 29000, DSM 20643, ATCC 13348, NCIB 9221, JCM 3877, BCRC 12361, CCTM 2716, CIP 102401, HAMBI 1871, HAMBI 1909, IAM 15203, IFO 15039, IMET 10367, JCM 11568, KCTC 3389, KCTC 3437, LMG 3028, NBIMCC 2370, NBRC 15039, NCIMB 9221, NRRL B-24238, VKM Ac-1415",1,Microbacterium flavescens,69366.3,30-Oct
,,,,,GCA_018588945,
7410,"P 333/02, P333/02","DSM 12966, LMG 19580, NRRL B-24224, JCM 11569, CIP 107137, IAM 15188, KCTC 19915, NBRC 103072, NCIMB 14329",1,Microbacterium foliorum,104336.4,30-Oct
,,,,,2751185893,
,,,,,2867847951,
,,,,,GCA_000956415,
,,,,,GCA_003367705,
,,,,,GCA_024168445,
7429,,"DSM 18659, KCTC 19189, Gsoil 259, JCM 15304",1,Microbacterium ginsengisoli,2671180799,18-30
,,,,,400772.4,
,,,,,GCA_000956535,
7455,,"DSM 24823, JCM 15516, KCTC 19526, DCY 37, NBRC 110802",1,Microbacterium ginsengiterrae,2870791180,15-45
,,,,,546115.4,
,,,,,546115.5,
,,,,,GCA_014205075,
,,,,,GCA_015278215,
7381,,"DSM 15944, LMG 19263, NCIMB 30129, DPC 5286, JCM 12075, CCM 7309, CIP 107184, IAM 15193, LMG S-19263, NBRC 103073, NRRL B-24242",1,Microbacterium gubbeenense,1122237.3,10
,,,,,2524614763,15-30
,,,,,GCA_000422745,
7423,,"DSM 15855, CIP 108071, KCTC 19017, YIM 70130, JCM 13013, NRRL B-24569",1,Microbacterium halotolerans,246613.3,Oct-37
,,,,,2861987423,
,,,,,GCA_003569805,
7432,FCC-01,"DSM 19179, JCM 14558",1,Microbacterium hatanonis,404366.3,Oct-37
,,,,,GCA_008017415,
7406,,"DSM 12509, IFO 15708, NBRC 15708, NRRL B-24220, CCUG 52344 A, CIP 105731, JCM 12413, LCDC 84-209, CCUG 52344, IAM 15210, LMG 22182, VKM Ac-2081",1,Microbacterium hominis,1348634.3,10
,,,,,2731957680,15-41
,,,,,GCA_001553805,
,,,,,GCA_001592125,
7419,BNP48,"DSM 16089, NCIMB 14002, JCM 14340, CIP 108713, IAM 15235, NBRC 103074",1,Microbacterium hydrocarbonoxydans,1223527.3,15
,,,,,2634166363,5
,,,,,2731957586,
,,,,,273678.5,
,,,,,GCA_001552455,
,,,,,GCA_900105205,
7463,SK 18,"DSM 24662, JCM 14034, MTCC 7185",1,Microbacterium immunditiarum,2845010473,15-37
,,,,,337480.3,
,,,,,GCA_013409785,
7371,72,"DSM 20530, ATCC 8365, IAM 1654, NCIB 9888, NRRL B-24235, JCM 1378, BCRC 11226, CGMCC 1.1910, CIP 82.108, HAMBI 117, HAMBI 1891, IFO 12610, IMET 10714, KCTC 9229, NBRC 12610, NCCB 71040, NCFB 2269, NCIMB 9888, VKM Ac-1447, VKM B-1204",1,Microbacterium imperiale,2918394494,10
,,,,,33884.3,15-41
,,,,,GCA_017876655,
7434,BBH6,"DSM 19969, CIP 109607, IAM 15355, JCM 21800, LMG 23459",1,Microbacterium indicum,1122238.3,30-Aug
,,,,,2523533558,
,,,,,GCA_000422385,
7447,DS-66,"DSM 23024, CCUG 54523, KCTC 19247, JCM 19115",1,Microbacterium insulae,2893599951,20-38
,,,,,483014.3,
7446,DC-200,"DSM 19600, CIP 110032, LMG 24557, JCM 17023",1,Microbacterium invictum,2831315640,Oct-37
,,,,,515415.3,
,,,,,515415.4,
,,,,,GCA_015278285,
,,,,,GCA_023155715,
7397,,"DSM 8606, ATCC 35057, CCM 4375, CIP 103815, IFO 13309, NBRC 13309, NRRL B-24211, CCUG 43280, JCM 9173, BCRC 11905, IAM 13165, KCTC 9918, LMG 16470, NCIMB 12401, VKM Ac-1958",1,Microbacterium keratanolyticum,2893531040,10
,,,,,67574.6,15-37
,,,,,GCA_016907255,
7407,KN-2479,"DSM 12510, IFO 14548, NBRC 14548, NRRL B-24221, JCM 12078, CIP 105732, IAM 15201, VKM Ac-2082",1,Microbacterium terrae,2711768172,10
,,,,,92835.4,15-30
,,,,,GCA_000956575,
7373,5,"DSM 20427, ATCC 8180, NCDO 747, NCIB 8540, NRRL B-24233, JCM 1379, BCRC 11036, CCM 1584, CCUG 28998, CCUG 50753, CGMCC 1.1911, CIP 69.3, HAMBI 2287, IAM 1640, IFO 14135, IMET 10712, IMSNU 21284, KCTC 1305, KCTC 1625, KCTC 9230, LMG 21671, LMG 4047, NBRC 14135, NCIMB 8540, VKM Ac-1145, VTT E-072707",1,Microbacterium lacticum,2818991429,10
,,,,,33885.17,
,,,,,33885.18,
,,,,,33885.2,
,,,,,GCA_006539445,
,,,,,GCA_006716815,
,,,,,GCA_014646835,
7375,1,"DSM 20140, ATCC 15953, CCM 1929, NCIB 9659, NRRL B-24229, CCUG 53894, CIP 100934, JCM 9181, CECT 445, IAM 15186, IFO 14471, KCTC 9644, KCTC 9732, NBRC 14471, NCFB 2270, NCIMB 9659, VKM Ac-1138, VKM B-1215, IMET 10713, NCDO 2270",1,Microbacterium laevaniformans,2893586405,10
,,,,,36807.11,15
,,,,,GCA_016907555,
23104,ViU22,"DSM 25044, ATCC BAA-2396, CCUG 62198, CIP 110791, NBRC 110788",1,Microbacterium lemovicicum,2847289766,15-37
,,,,,GCA_003991875,
7380,Mbm 15,"DSM 20638, ATCC 43647, NCIB 11509, NRRL B-24237, CCUG 33091, JCM 3879, BCRC 14859, CGMCC 1.1934, CIP 102402, HAMBI 1895, IAM 15185, IFO 15037, IMSNU 21275, KCTC 9227, LMG 16342, NBRC 15037, NCIMB 11509, VKM Ac-1018",1,Microbacterium liquefaciens,33918.3,Oct-37
,,,,,33918.5,
,,,,,GCA_006539765,
,,,,,GCA_014648755,
7436,YM11-607,"DSM 18904, CIP 109810, JCM 16546, MBIC 07778, NBRC 104188",1,Microbacterium marinilacus,GCA_019753765,Dec-38
,,,,,,20
7409,"319, 572, MDB 319","DSM 12512, ATCC 19260, IFO 15779, NBRC 15779, NCIMB 1050, NRRL B-24223, JCM 11570, CECT 578, CIP 105733, IAM 15190, LMG 8374, NCIMB 559, NCMB 1050, NCMB 665, NCMB 689, VKM Ac-2079, VKM B-1170, VTT E-072693",1,Microbacterium maritypicum,300020.7,10
,,,,,GCA_008868125,15
,,,,,,18
7456,M4-8,"DSM 24780, JCM 16363, KACC 21129, NBRC 109971",0,Microbacterium mitrae,GCA_008017445,15-37
7420,,"DSM 16091, NCIMB 14003, BAS 69, JCM 14341, CIP 108712, IAM 15236, NBRC 103075",1,Microbacterium oleivorans,1223528.5,Oct-37
,,,,,2731957587,
,,,,,GCA_001552475,
23103,MB10,"DSM 23396, CIP 110793, JCM 16837",1,Microbacterium oryzae,2916297235,16-37
7369,X98,"DSM 20578, CIP 6612, NCIB 9944, NRRL B-24236, CCUG 58056, JCM 12414, CIP 66.12, KCTC 3256, BCRC 12117, CGMCC 1.8870, IAM 15197, IFO 15586, NBRC 15586, NCIMB 9944, VKM Ac-2116, IFO (now NBRC) 15586, NCIB (now NCIMB) 9944",1,Microbacterium oxydans,82380.42,Oct-37
,,,,,82380.43,
,,,,,GCA_006540085,
,,,,,GCA_008868025,
7414,CF36,"DSM 15019, CCUG 46601, CIP 108082, NRRL B-24275, JCM 12372, IAM 15196, IFM 10517, LMG 23172, NBRC 103076, VTT E-072721",1,Microbacterium paraoxydans,1223529.4,10
,,,,,199592.7,15-37
,,,,,2634166897,
,,,,,2731957588,
,,,,,GCA_001552495,
,,,,,GCA_025002625,
,,,,,GCA_900105335,
7413,"P 369/106, P369/06","DSM 13468, LMG 19581, NRRL B-24227, JCM 11571, CIP 107138, IAM 15191, KCTC 19917, NBRC 103077, NCIMB 14330, VTT E-072687",1,Microbacterium phyllosphaerae,124798.17,Oct-37
,,,,,2918350604,
,,,,,GCA_017876435,
7444,Shh49,"DSM 22239, CGMCC 1.6777, CIP 109927, JCM 14840",1,Microbacterium profundi,2617271234,Apr-35
,,,,,450380.4,
,,,,,GCA_000763375,
7454,,"DSM 25564, CCTCC M208212, NRRL B-24799, GIMN 1.002",1,Microbacterium radiodurans,661398.3,18-30
,,,,,GCA_008710705,
7402,,"DSM 11986, CCUG 38312, CCM 4912, CIP 107265, JCM 11686, DMMZ 1710, IAM 15192, IFM 10515, LMG 22202, NBRC 103078, NRRL B-24216",1,Microbacterium resistens,1223505.3,10
,,,,,2731957582,15
,,,,,GCA_001552355,
24188,K-1,"DSM 28107, NBRC 108778, NCIMB 14782",1,Microbacterium saccharophilum,1213358.6,Sep-37
,,,,,2903861677,
,,,,,2903864575,
,,,,,GCA_007992455,
,,,,,GCA_008017435,
,,,,,GCA_023155775,
7365,"48-1-4, 3126","DSM 20169, ATCC 19272, CCEB 366, CCUG 33092, JCM 1352, BCRC 12119, CCM 4972, CGMCC 1.1906, CIP 104420, HAMBI 1890, IAM 12547, IFO 15038, IMET 11076, KCTC 3469, LMG 16343, NBRC 15038, NCDO 2265, NCIMB 702265, NRRL B-14833, VKM Ac-1022, VKM Ac-1414, CNF 058",1,Microbacterium saperdae,2816332114,10
,,,,,69368.3,15-30
,,,,,69368.4,
,,,,,GCA_006716345,
,,,,,GCA_014646775,
7467,YLB-01,"DSM 23767, CCTCC AB 2010363, JCM 19554, MCCC 1A06153",1,Microbacterium sediminis,2765235862,Apr-50
,,,,,2847293147,
,,,,,2877021139,
,,,,,904291.4,
,,,,,GCA_001689915,
,,,,,GCA_002741995,
,,,,,GCA_004564075,
133022,SZDIS-1-1,"DSM 103422, CGMCC 1.15228",1,Microbacterium sorbitolivorans,1867410.4,Oct-40
,,,,,GCA_003327285,
,,,,,GCA_014641475,
166435,,"CGMCC 1.16261, KCTC 49101, YZYP 306",1,Microbacterium suaedae,GCA_003254645,Apr-40
7400,A-1,"DSM 8610, ATCC 51476, CCM 4374, CIP 103816, IFO 15300, NBRC 15300, NRRL B-24214, JCM 9176, IAM 15209, LMG 16471, VKM Ac-1945",1,Microbacterium terrae,2893680751,10
,,,,,69369.3,15-30
,,,,,GCA_017831975,
7367,Rp-3,"DSM 20166, ATCC 15829, CCM 2299, NRRL B-24232, CCUG 23849, LMG 16344, CIP 104324, IAM 1561, JCM 1353, BCRC 12120, CGMCC 1.1907, HAMBI 1889, IFO 12675, IMET 10361, KCTC 9103, KCTC 9228, NBRC 12675, NCFB 2302, NCIMB 11430, VKM Ac-1019, VKM B-1229",1,Microbacterium testaceum,2033.11,10
,,,,,GCA_006539145,15-37
7398,114-2,"DSM 8608, ATCC 51475, CCM 4373, CIP 103817, IFO 15077, JCM 1358, NBRC 15077, NRRL B-24212, IAM 15206, LMG 16696, VKM Ac-1948",1,Microbacterium trichothecenolyticum,2698536670,10
,,,,,69370.6,15-37
,,,,,GCA_000956465,
7424,XIL02,"DSM 16931, CECT 5976, LMG 20991, JCM 14282, CIP 108339, IAM 15295, NCAIM B.02300, NCIMB 14309",1,Microbacterium ulmi,179095.3,10
,,,,,179095.4,15-37
,,,,,2824374264,
,,,,,GCA_011759705,
,,,,,GCA_013004565,
158468,,"DSM 103157, KCTC 39802, CFH S00084",1,Microbacterium ureisolvens,2183895.3,15-37
,,,,,2866300312,
,,,,,GCA_003121305,
7462,G72,"DSM 23203, LMG 25521, JCM 18959",1,Microbacterium yannicii,671622.3,Apr-37
,,,,,GCA_015278355,
,,,,,GCA_024055635,
166360,Gxj-6,"CGMCC 4.7605, DSM 109712",1,Microbispora cellulosiformans,2894484731,16-40
,,,,,GCA_008728085,
160812,NEAU-HEGS1-5,"DSM 104648, CCTCC AA 2019030",1,Microbispora fusca,2891516887,20.0-45.0
,,,,,GCA_005864065,
,,,,,VANP00000000,
16530,211020,"DSM 45428, CGMCC 4.5595, JCM 19666",1,Microbispora hainanensis,568844.3,20-50
,,,,,GCA_006874475,
159804,NEAU-HRDPA2-9,"CGMCC 4.7399, DSM 104649, JCM 33405",1,Microbispora triticiradicis,2856741275,20-45
,,,,,GCA_003260025,
140780,CCB-MM1,"LMG 29920, JCM 31875",1,Microbulbifer aggregans,2751185758,15-45
,,,,,GCA_001750105,
133453,,"CGMCC 1.7063, JCM 15145, CN 85",1,Microbulbifer donghaiensis,2619618825,20-40
,,,,,494016.4,
,,,,,GCA_900129095,
464,,"DSM 6810, ATCC 10144, LMG 2182, NCIB 1141, CIP 108580, NCIMB 1141",1,Microbulbifer elongatus,86173.18,10
,,,,,GCA_021165935,20
,,,,,GCA_022554105,5
134326,,"CCTCC AB 206094, KCTC 12848, YIM 91118",1,Microbulbifer halophilus,GCA_026183675,Oct-45
164328,HB161719,"JCM 32688, CGMCC 1.13584",1,Microbulbifer harenosus,GCA_005771435,15-45
,,,,,VANI00000000,
465,IRE-31,"DSM 11525, ATCC 700072, IRE 31, CIP 105235",1,Microbulbifer hydrolyticus,2861623431,Oct-41
,,,,,48074.4,5
,,,,,GCA_014202835,
133655,Y215,"CGMCC 1.10657, JCM 17211",1,Microbulbifer marinus,2667527380,15-40
,,,,,658218.4,
,,,,,GCA_900107725,
140862,Cs16b,"CECT 8799, DSM 28920",1,Microbulbifer rhizosphaerae,1562603.3,15-40
,,,,,2824280218,
,,,,,GCA_014191725,
133474,Ni-2088,"MBIC 01082, ATCC 700307",1,Microbulbifer variabilis,1279017.3,Dec-42
,,,,,2519899636,
,,,,,GCA_000380565,
133656,Y226,"CGMCC 1.10658, JCM 17212",1,Microbulbifer yueqingensis,2667528184,15-45
,,,,,658219.4,
,,,,,GCA_900100355,
7496,KSL-113,"DSM 19663, CIP 108920, KCTC 19126, JCM 15138, NBRC 106160",1,Microcella alkalica,2820983214,10
,,,,,355930.3,15-30
,,,,,GCA_014137945,5
7493,Ac4r,"DSM 18851, CIP 108473, LMG 22690, KCTC 19624",1,Microcella alkaliphila,2802428807,10
,,,,,GCA_004216855,18-41
7506,CW1,"DSM 23889, JCM 14730, KCTC 13142",1,Microcella frigidaquae,2845007952,20-40
,,,,,424758.4,
,,,,,424758.5,
,,,,,GCA_009664385,
,,,,,GCA_014200395,
7492,CV-2,"DSM 19627, CIP 108471, LMG 22692, KCTC 19625",1,Microcella putealis,2818991222,15
,,,,,337005.6,5
,,,,,GCA_006716545,
7761,WS 4601,"DSM 23974, LMG 26183",1,Micrococcus cohnii,2870868549,15-37
,,,,,993416.3,
,,,,,GCA_014205175,
7759,,"DSM 17945, KCTC 19156, YIM 56238, JCM 16951",1,Micrococcus endophyticus,2870801768,15-37
,,,,,455343.4,
,,,,,GCA_014205115,
7673,,"CCUG 5858, ATCC 15307, DSM 20030, ATCC 4698, CCM 169, NCIB 9278, NCTC 2665, WDCM 00111, JCM 1464, BCRC 11034, BCRC 80739, CECT 5053, CECT 51, CECT 5863, CGMCC 1.2299, CIP A270, HAMBI 1399, HAMBI 26, HUT 8101, IAM 1056, IEM M15/65, IFO 3333, IMSNU 20332, IMSNU 20354, KACC 10488, KCTC 1056, KCTC 3063, LMG 4050, NBIMCC 1439, NBRC 3333, NCCB 78001, NCFB 947, NCIMB 10474, NCIMB 9278, NRIC 1094, NRRL B-287, PCM 525, VKM Ac-2230, VKM B-1314, VKM B-1813, VTT E-93442, NCDO 947, NRRL: B-287, CCUG 5898",1,Micrococcus luteus,1270.133,10
,,,,,1270.83,
,,,,,2843530483,
,,,,,2843729505,
,,,,,465515.12,
,,,,,465515.4,
,,,,,465515.47,
,,,,,465515.51,
,,,,,465515.52,
,,,,,465515.53,
24203,V3M1,"DSM 28110, CGMCC 1.7054, NBRC 104258, JCM 17489",1,Micrococcus terreus,2617270780,20-35
,,,,,574650.4,
,,,,,GCA_900116905,
7760,,"DSM 21948, CCTCC AA 208060, JCM 16547, YIM 65004, CCUG 59864",1,Micrococcus luteus,2870804320,Apr-45
,,,,,566027.8,
,,,,,GCA_014138885,
170923,IPMA8,ACOI 3416,1,Microcoleus asticus,1846045834,20
,,,,,GCA_013179805,
12612,AA-1042,"DSM 11053, IFO 16127, NBRC 16127, JCM 11651, IMSNU 22078, KACC 14501, KCTC 9822",1,Microlunatus antarcticus,2824927556,20
,,,,,53388.3,
,,,,,GCA_014193425,
12613,"J47, Ben-108","DSM 12936, ACM 5120, JCM 13522, CCUG 43143, Ben 108, CIP 107259, KACC 14261",1,Microlunatus capsulatus,2918354206,30-Oct
,,,,,99117.3,
,,,,,GCA_017876495,
132342,S3Af-1,"DSM 100019, CGMCC 4.7306, JCM 31774",1,Microlunatus endophyticus,1716077.3,15
,,,,,GCA_014646195,20-42
24346,W6,"DSM 27985, CGMCC 4.6856, JCM 17701, KACC 17380",1,Microlunatus flavus,1036181.4,Sep-32
,,,,,2675903052,
,,,,,GCA_900110855,
132580,4Q3S-3,"DSM 100723, CGMCC 4.7307",1,Microlunatus kandeliicorticis,1759536.3,20-37
,,,,,2820958510,
,,,,,GCA_014137855,
12627,,"DSM 18662, KCTC 13058, Gsoil 954, JCM 16016",1,Microlunatus panaciterrae,2893589407,20-30
,,,,,400768.3,
,,,,,GCA_016907535,
12625,NM-1,"DSM 10555, JCM 9379, ATCC 700054, CIP 104466, FERM P-9771, HAMBI 2303, KCTC 9798, LMG 18116, NBRC 101784, NCIMB 13414, VKM Ac-1990",1,Microlunatus phosphovorus,1032480.4,10
,,,,,650716058,5
,,,,,GCA_000270245,
12619,"FB2, S20_27","DSM 21743, NBRC 104965, KY 13154",1,Microlunatus sagamiharensis,2634166345,18-32
,,,,,546874.3,
,,,,,GCA_900105785,
160441,,"DSM 103947, KCTC 39847, SYSU K12189",1,Microlunatus speluncae,2594267.3,15-37
,,,,,GCA_009299835,
12615,"J14, Ben-107","DSM 21308, ACM 5121, JCM 16540, Ben 107, CIP 107258, KACC 14247",1,Microlunatus spumicola,2891974067,Oct-37
,,,,,81499.3,
166243,5R2A7,"LMG 30755, CECT 9656",1,Micromonospora acroterricola,GCA_003172955,20-37
24216,SP03-05,"DSM 46721, BCC 45620, NBRC 109075",1,Micromonospora andamanensis,1287068.3,20-40
,,,,,GCA_016863495,
7983,TT1-11,"DSM 44815, JCM 12357, PCU 239, CGMCC 4.5704, CIP 108632, NBRC 101913, TISTR 1532",1,Micromonospora auratinigra,261654.4,10
,,,,,2617270871,
,,,,,GCA_900089595,
158459,LHW63014,"DSM 106193, CCTCC AA 2018012",1,Micromonospora craniellae,2294034.4,20-34
,,,,,2866394982,
,,,,,GCA_003419945,
,,,,,GCA_014764405,
166130,NA12,"DSM 100982, KCTC 39647",1,Micromonospora craterilacus,2866071484,20-37
,,,,,GCA_003236315,
8021,CR 30,"DSM 45599, CECT 7891, JCM 31700",1,Micromonospora cremea,2630968262,Oct-37
,,,,,709881.3,
,,,,,GCA_900143515,
159690,13K206,"DSM 107532, JCM 32583",1,Micromonospora deserti,2866095137,20-37
,,,,,GCA_003236335,
,,,,,POUB00000000,
7982,LK2-10,"DSM 44814, JCM 12345, PCU 238, TISTR 1531, CIP 108667, NBRC 101912, NRRL B-24761",1,Micromonospora eburnea,227316.5,10
,,,,,2622736604,
,,,,,GCA_900090225,
7984,AA-459,"DSM 44398, CIP 108382, IFAM AA-459, JCM 12677, NBRC 101889, NRRL B-24248",1,Micromonospora endolithica,230091.4,10
,,,,,230091.5,
,,,,,2585427558,
,,,,,GCA_003626595,
,,,,,GCA_007994185,
8052,202201,"DSM 45430, BCC 72028, CGMCC 4.5597, NBRC 109090, JCM 18317",1,Micromonospora endophytica,2832004796,Apr-45
,,,,,2866065130,
,,,,,515350.1,
,,,,,515350.6,
,,,,,515350.9,
,,,,,GCA_003236305,
,,,,,GCA_003581605,
,,,,,GCA_018326245,
24213,,"DSM 45612, JCM 17696, MBRL 34",1,Micromonospora kangleipakensis,1077942.3,15-37
,,,,,2806310638,
,,,,,GCA_004217615,
8030,,"DSM 45424, CCTCC AA 207012, KCTC 19195, YIM 013, JCM 16959, NBRC 106530",1,Micromonospora lutea,419825.3,20-45
,,,,,GCA_016863535,
8016,JSM1-1,"DSM 45555, JCM 12870, PCU 269, TISTR 1566",1,Micromonospora marina,2622736534,15-45
,,,,,307120.5,
,,,,,GCA_900091565,
23117,D10-9-5,"DSM 45782, JCM 17013, NBRC 108767, TISTR 2000, PCU 322",1,Micromonospora maritima,986711.4,20-40
,,,,,GCA_902825405,
7980,6393-C,"DSM 44100, ATCC 49364, FERM BP-1196, IFO 14550, NBRC 14550, NRRL B-16490, JCM 9104, CGMCC 4.5527, CIP 106812, IMSNU 22003, KCTC 9354, VKM Ac-2009",1,Catellatospora matsumotoensis,121616.4,10
,,,,,2622736591,
,,,,,GCA_900091525,
7985,,"DSM 44830, LMG 22229, NBRC 101890, NRRL B-24769, WA 201, JCM 13240, CIP 108755",1,Micromonospora mirobrigensis,2619619047,10
,,,,,262898.5,20-37
,,,,,GCA_900091555,
132607,,"DSM 101694, CECT 9020, GUI 43",1,Micromonospora noduli,709876.6,Dec-37
133064,NEAU-JXY5,"DSM 103125, CGMCC 4.7347, JCM 32493",1,Micromonospora parathelypteridis,1839617.3,15-37
,,,,,1839617.4,
,,,,,2856470492,
,,,,,GCA_014201145,
,,,,,GCA_014646315,
23126,NEAU-J5,"DSM 45730, CGMCC 4.7038, KCTC 39763, NBRC 110907, JCM 19683",1,Micromonospora phaseoli,1144548.3,18-37
,,,,,1144548.5,
,,,,,1144548.8,
,,,,,2675903138,
,,,,,2728369481,
,,,,,GCA_003253475,
,,,,,GCA_016863675,
,,,,,GCA_900109115,
158771,,"CECT 9369, DSM 105363, SG 15",1,Micromonospora phytophila,GCA_023656545,Dec-45
8015,,"DSM 45175, LMG 24546, GUI 15, JCM 17025",1,Micromonospora pisi,2758568729,20-37
,,,,,589240.3,
,,,,,GCA_003633685,
164205,AZ1-13,"JCM 32147, KCTC 39786, NBRC 112324, TISTR 2404",1,Micromonospora radicis,GCA_003583405,20-37
8017,211018,"DSM 45431, CGMCC 4.5599, NBRC 110451, JCM 17737",1,Micromonospora rhizosphaerae,2622736626,Oct-40
,,,,,568872.4,
,,,,,GCA_900091465,
8010,AM105,"DSM 44983, CGMCC 4.2495, JCM 15474",1,Micromonospora rifamycinica,2623620551,20-37
,,,,,2728369151,
,,,,,291594.5,
,,,,,GCA_001542325,
,,,,,GCA_900090265,
8001,,"DSM 44871, LMG 24056, NBRC 106573, NRRL B-24770, Lupac 09, JCM 16032",1,Micromonospora saelicesensis,2622736537,20-37
,,,,,285676.4,
,,,,,GCA_900091575,
23118,SH2-13,"DSM 45794, BCC 45601, NBRC 107934",1,Micromonospora sediminicola,2622736535,20-40
,,,,,946078.4,
,,,,,GCA_900089585,
8031,MS 426,"DSM 45558, CGMCC 4.3550, JCM 15670, NBRC 107745",1,Micromonospora sediminimaris,2663762750,20-45
,,,,,547162.3,
,,,,,547162.4,
,,,,,GCA_016863575,
,,,,,GCA_900112325,
132026,,"DSM 101760, NRRL B-65345, TMS 7",1,Micromonospora terminaliae,1914461.3,15-45
,,,,,2888122254,
,,,,,GCA_009671205,
8008,TVU1,"DSM 45142, JCM 18297, NRRL B-24576",1,Micromonospora tulbaghiae,2622736612,Apr-37
,,,,,479978.4,
,,,,,GCA_900091605,
132606,,"DSM 101692, CECT 9022, GUI 23",1,Micromonospora ureilytica,2880489317,20-37
,,,,,709868.3,
,,,,,GCA_015751765,
132608,,"DSM 101695, CECT 9019, GUI 63",1,Micromonospora vinacea,2880495981,Dec-37
,,,,,709878.3,
,,,,,GCA_015751785,
23120,2602GPT1-05,"DSM 45709, CCTCC AA 2012002, JCM 31038",1,Micromonospora wenchangensis,1185415.3,16-45
,,,,,2788500614,
,,,,,GCA_002210435,
8019,FXJ6.011,"DSM 45577, CGMCC 4.5736, NBRC 107727, JCM 18319",1,Micromonospora yangpuensis,2623620524,Oct-45
,,,,,683228.4,
,,,,,683228.9,
,,,,,GCA_014645775,
,,,,,GCA_900091615,
8022,CR 38,"DSM 45600, CECT 7892, JCM 31702",1,Micromonospora zamorensis,2617270899,Oct-37
,,,,,709883.12,
,,,,,GCA_900090275,
170922,HM134,,1,Micromonospora zhangzhouensis,CP041061,14-37
,,,,,GCA_007833915,20-28
7500,SSWW-21,"DSM 18319, JCM 30550, KCTC 19185, SSWW 21",1,Microterricola gilva,2806310509,30-Apr
,,,,,393267.3,30-Apr
,,,,,GCA_004217495,
7344,PON10,"DSM 22300, LMG 24222, MTCC 9128, CCUG 55700, JCM 15132, KCTC 19685",1,Microterricola pindariensis,478010.4,Apr-35
,,,,,GCA_002936985,Apr-35
7499,KV-677,"DSM 21772, NBRC 102123, NRRL B-24538, JCM 15926",1,Microterricola viridarii,2634166341,Oct-38
,,,,,412690.4,
,,,,,GCA_900104895,
7203,5420S-16,"DSM 21343, KACC 12744, NBRC 106137",1,Microvirga aerilata,GCA_016743775,Oct-35
7204,5420S-12,"DSM 21344, KACC 12743, NBRC 106136",1,Microvirga aerophila,2894369371,Oct-35
,,,,,670291.3,
,,,,,670291.4,
,,,,,GCA_003332305,
,,,,,GCA_007991675,
130401,TFB,"DSM 28869, ATCC BAA-817, CIP 108443, IAM 15034, JCM 11936, KCTC 12101",1,Microvirga flocculans,GCA_000518665,10
,,,,,,5
133490,25B,"CGMCC 1.7666, JCM 15710",1,Microvirga guangxiensis,2596583582,16-42
,,,,,549386.3,
,,,,,GCA_900102135,
133752,Lut6,"LMG 26460, HAMBI 3236",1,Microvirga lupini,2508501050,Oct-43
,,,,,GCA_000517005,
133322,R491,"KEMB 9005-408, KACC 18969, NBRC 112417",1,Microvirga soli,GCA_016734765,15.0-40.0
10522,SGLY2,"DSM 15089, CIP 108159, LMG 18919, JCM 21462, IAM 14991",1,Microvirgula aerodenitrificans,1122240.3,15-37
,,,,,2556921007,5
,,,,,GCA_000620105,
10626,J81,"DSM 44463, CIP 109234, NRRL B-24424, JCM 13999, BCRC 16840, IFM 10694, NBRC 105863",1,Millisia brevis,1219361.4,15-35
,,,,,2731957593,
,,,,,GCA_001552615,
159812,SY3-15,"MCCC 1K03467, KCTC 62335",1,Minwuia thermotolerans,GCA_002924445,20-50
166379,HWN-4,"LMG 28685, KTCC 42483",1,Roseateles chitinivorans,GCA_002761755,Oct-37
134139,3001,"IAM 14711, ATCC BAA-476, JCM 21276, NBRC 102408, CIP 108954",1,Roseateles chitosanitabidus,1349774.9,20-34
,,,,,2731957693,
,,,,,GCA_001598255,
158764,HZ7,"JCM 31671, CCTCC AB 2014353",1,Roseateles noduli,2831864461,Apr-45
,,,,,GCA_001653795,
,,,,,GCA_002205125,
5012,1400/07,"DSM 22759, LMG 25383",1,Mixta calida,2791355150,Oct-44
,,,,,2791355158,
,,,,,665913.3,
,,,,,GCA_002095355,
,,,,,GCA_002953215,
5013,A18/07,"DSM 22758, LMG 25382",1,Mixta gaviniae,2791355151,7-41.5
,,,,,2791355167,
,,,,,665914.3,
,,,,,665914.6,
,,,,,GCA_002095455,
,,,,,GCA_002953195,
132450,Gal1,"DSM 26537, JCM 18753",1,Mobilisporobacter senegalensis,1329262.3,15-45
,,,,,2788499849,
,,,,,GCA_003752155,
5826,5NBRC 108673,"DSM 45764, KCTC 19887, NBRC 108673, KLBMP 1279",1,Modestobacter roseus,1181884.3,Oct-37
,,,,,2585427561,
,,,,,GCA_007994135,
5831,CP153-2,"DSM 16678, ATCC BAA-1040, CIP 109814, JCM 15578, CGMCC 1.10729",1,Modestobacter versicolor,2827613928,30-Apr
,,,,,2839233032,
,,,,,429133.6,
,,,,,GCA_003226595,
,,,,,GCA_014195485,
4983,2896-78,"DSM 5076, ATCC 35017, CCUG 51928, NCTC 12132, LMG 10145, JCM 5895, CDC 2896-78, CIP 103034",1,Moellerella wisconsensis,1354267.4,Oct-37
,,,,,158849.7,5
,,,,,2636415824,
,,,,,GCA_001294465,
,,,,,GCA_900706815,
140166,"784B1_12E-Caso, 784 B1_12 E-Caso","DSM 29388, CIP 110830, LMG 28502",1,Moheibacter stercoris,2928575895,15-36
140420,C7,"DSM 100241, LMG 28800",1,Pontivivens marinum,2710264757,20
,,,,,GCA_900231835,Apr-31
132419,,"DSM 27929, CCTCC AB 2012966, YIM 4-4",0,Mongoliibacter ruber,1750599.3,Apr-40
,,,,,2731639260,
,,,,,GCA_003003005,
140704,MIMtkB18,"KCTC 42635, MCCC 1K00571, DSM 109489",1,Mongoliimonas terrestris,2786546838,20-45
,,,,,GCA_001927285,
133707,,"ACCC 05421, KCTC 23224, MIM 18",1,Mongoliitalea lutea,849756.3,0-40
,,,,,GCA_014652135,
8163,88365,"DSM 14165, ATCC 700022, CCUG 35435, CIP 104716, NCTC 12925",1,Moraxella boevrei,1122243.3,10
,,,,,2515154147,5
,,,,,GCA_000379845,
8172,8897,"DSM 19149, ATCC 700019, CCUG 33296, CIP 104714, NCTC 12877",1,Moraxella caprae,1122244.3,10
,,,,,2524614551,5
,,,,,90240.3,
,,,,,GCA_000426885,
,,,,,GCA_900453285,
134460,Chatham,"CIP A151, ATCC 23246, NCTC 4103",0,Moraxella catarrhalis,2900207529,15
,,,,,480.288,
,,,,,GCA_900453075,
8156,"trp E55, <I>trp</I> E55","DSM 6359, ATCC 29721, CIP 104691",0,Moraxella osloensis,34062.125,10
,,,,,,5
4986,"M 11, 33 M","DSM 30164, ATCC 25830, IFO 3848, LMG 7874, NBRC 3848, NCIB 235, NCTC 235, WDCM 00112, CCUG 6328, JCM 1672, ATCC 8076H, BCRC 10706, CECT 173, CGMCC 1.6767, CIP 103763, CIP A231, KACC 13822, NBRC 105691, NCCB 73065, NCIMB 235",1,Morganella morganii subsp. morganii,1223504.3,Oct-41
,,,,,180434.13,5
,,,,,2675903361,
,,,,,582.221,
,,,,,582.587,
,,,,,GCA_001598895,
,,,,,GCA_006094455,
,,,,,GCA_019243775,
,,,,,GCA_900635025,
4989,u2/3,"CCUG 53682, LMG 23374, DSM 17886, CIP 109403, JCM 16473",1,Morganella psychrotolerans,2751185775,20-30
,,,,,368603.8,
,,,,,GCA_001676155,
132847,MP-1,"DSM 104096, ATCC 15381, CCUG 20304, CIP 102861, LMG 10934, NCIMB 1144",1,Moritella marina,1202962.13,15
,,,,,1202962.4,22-May
,,,,,1202962.7,
,,,,,2519899695,
,,,,,2551306474,
,,,,,GCA_000291685,
,,,,,GCA_000381865,
,,,,,GCA_008931805,
164622,K478,"JCM 33652, CGMCC 1.17229",1,Motilibacter aurantiacus,GCA_011250645,15-40
,,,,,JAANNO000000000,
164621,E257,"JCM 33651, CGMCC 1.17159",1,Motilibacter deserti,GCA_011250635,20-40
,,,,,JAANNP000000000,
17891,RP-AC37,"DSM 45328, KCTC 19630",1,Motilibacter peucedani,2731639228,20-37
,,,,,GCA_003634695,
24803,RS-16,"DSM 45622, KACC 16209, JCM 32087",1,Motilibacter rhizosphaerae,2799112218,20-37
,,,,,598652.3,
,,,,,GCA_004216915,
133346,YH6,"KCTC 42594, MCCC 1H00122",1,Motilimonas eburnea,GCA_021295345,15.0-37.0
159834,C34,"MCCC 1K03462, KCTC 62319",1,Motiliproteus coralliicola,GCA_003345655,20-37
166131,MAH-19,"KACC 19745, CGMCC 1.13657",1,Mucilaginibacter corticis,2898432519,Oct-35
,,,,,GCA_007558865,
140568,PP-F2F-G47,"CCM 8711, CIP 111182, LMG 29767, DSM 103633",1,Mucilaginibacter galii,2005073.3,15-28
,,,,,GCA_014635825,Apr-37
166292,F01003,"KCTC 62991, CCTCC AB 2019023",1,Mucilaginibacter gilvus,GCA_004054195,30-Apr
133595,Gh-67,"NCIMB 14470, KCTC 22380",1,Mucilaginibacter gossypii,2651870011,20-30
,,,,,GCA_900100945,
133596,Gh-48,"NCIMB 14471, KCTC 22379",1,Mucilaginibacter gossypiicola,2651870109,20-30
,,,,,GCA_900110105,
14133,TPT18,"DSM 18602, ATCC BAA-1391, VKM B-2447",1,Mucilaginibacter gracilis,2775506711,Feb-33
,,,,,423350.3,17.5
,,,,,GCA_003633615,
166098,ZR32,"KCTC 62193, CCTCC AB 2017285",1,Mucilaginibacter hurinus,2839151031,28-Apr
,,,,,GCA_003324525,
133884,YC7004,"KACC 16571, NBRC 108856",1,Mucilaginibacter jinjuensis,GCA_028596025,Apr-35
134361,SCK,"NBRC 102645, KCTC 22227",1,Mucilaginibacter kameinonensis,2843459295,30-May
,,,,,GCA_003675385,
133602,ANJLI2,"ATCC BAA-1855, LMG 25358",1,Mucilaginibacter lappiensis,2849187315,0-31
,,,,,GCA_014200545,
133603,MP1X4,"ATCC BAA-1856, LMG 25360",1,Mucilaginibacter mallensis,2667528181,Mar-33
,,,,,GCA_900105165,
14135,B9,DSM 19975,1,Mucilaginibacter oryzae,2595698252,15-35
,,,,,468058.3,
,,,,,GCA_003148845,
14134,TPT56,"DSM 18603, ATCC BAA-1394, VKM B-2446",1,Mucilaginibacter paludis,2506520020,Feb-33
,,,,,714943.3,17.5
,,,,,GCA_000166195,20-25
133142,TBZ30,"KCTC 42833, CCTCC AB 2015301",1,Mucilaginibacter pedocola,2846139442,4.0-28.0
,,,,,GCA_002013915,
133144,PP-F2F-G21,"DSM 100995, CCM 8625, CIP 110921, LMG 29118",1,Mucilaginibacter phyllosphaerae,1812349.3,15.0-30.0
,,,,,1812349.7,4
,,,,,1812349.8,4.0-37.0
,,,,,2829966403,8
,,,,,GCA_014196695,
,,,,,GCA_014635525,
136734,"47C3B, M47C3B","CIP 110632, UCCCB38, LMG 28160",1,Mucilaginibacter pineti,2671180113,15
,,,,,GCA_900101875,
133386,NH7-4,"JCM 30607, CGMCC 1.14937",1,Mucilaginibacter psychrotolerans,2881113850,0-30
,,,,,GCA_004519315,20
140897,TTM-1,"LMG 28454, KCTC 42273",1,Mucilaginibacter roseus,GCA_021215455,Oct-37
140679,EF23,"CGMCC 1.15913, KCTC 52516",1,Mucilaginibacter rubeus,2027860.7,Oct-37
,,,,,GCA_014643835,
166238,ZH6,"CCTCC AB 2018373, KCTC 72075",1,Mucilaginibacter terrenus,GCA_003432065,16-30
132970,yx-36,"DSM 26809, CCTCC AB 2012880",1,Mucilaginibacter yixingensis,1295612.3,15-37
,,,,,2734482263,
,,,,,GCA_003050755,
164551,SCR12,"JCM 33425, MCCC 1K03731",1,Flagellimonas alvinocaridis,GCA_004916895,16-40
,,,,,SNTZ00000000,
166220,GCL-11,"MCCC 1A11649, KCTC 52432",1,Flagellimonas amoyensis,GCA_003058265,Apr-41
24031,Ar-22,"DSM 26351, CGMCC 1.12174, JCM 18450",1,Flagellimonas taeanensis,1055723.12,15-37
,,,,,1055723.5,
,,,,,2619619048,
,,,,,2671180021,
,,,,,GCA_900112295,
,,,,,GCA_900142405,
133699,SW-63,"KCCM 41646, JCM 11811, CIP 108790",1,Flagellimonas marinaquae,254955.3,Oct-44
,,,,,2894665668,15-41
,,,,,GCA_003992675,5
166844,HME9304,"KCTC 32464, KACC 17618, CECT 8418, HME 9304",1,Flagellimonas maritima,CP030104,10.0-35.0
,,,,,GCA_003269425,
133724,BB-My12,"KCTC 23501, CCUG 60800",1,Flagellimonas beolgyonensis,2894668856,Oct-40
,,,,,864064.3,
,,,,,GCA_003992615,
5744,A11,"DSM 22638, KCTC 22665",1,Flagellimonas flava,2617270824,20-35
,,,,,570519.5,
,,,,,GCA_900129665,
166284,176CP4-71,"KACC 19889, LMG 31033",1,Flagellimonas allohymeniacidonis,GCA_004296335,15-35
133397,CSW06,"CGMCC 1.15761, JCM 31455, KCTC 52375, MCCC 1K03195",1,Croceivirga lutea,1775167.4,16-40
,,,,,GCA_014235875,
,,,,,GCA_014643615,
134341,SMK-108,"KCTC 22173, CCUG 55324",1,Flagellimonas lutimaris,2840458382,Oct-38
,,,,,475082.4,
,,,,,GCA_003581615,
166526,SM1704,"KCTC 62797, MCCC 1K03557",1,Flagellimonas nanhaiensis,2884458355,15-42
,,,,,GCA_003382275,
133485,"5KCCM90075, CL-SS4","JCM 15563, KCCM 90075",1,Flagellimonas olearia,552546.5,15-40
,,,,,GCA_009184425,
5619,B1,"DSM 13258, KCTC 12948, LMG 19739, CIP 107369, KCTC 62007",1,Flagellimonas ruestringensis,2505679007,15-41
,,,,,886377.3,20-30
,,,,,GCA_000224085,5
,,,,,,Aug-40
169511,MAR_2010_75,DSM 29518,0,Flagellimonas sp.,1250232.4,20
,,,,,GCA_000745185,
133943,105,"KACC 16195, JCM 17757",1,Flagellimonas taeanensis,1005926.4,15-40
,,,,,2835303341,
,,,,,GCA_003584105,
24030,12C25,"DSM 25030, CGMCC 1.11028, MCCC 1F01096",1,Flagellimonas zhangzhouensis,1073328.3,Oct-40
,,,,,1073328.4,
,,,,,2617270731,
,,,,,2667527237,
,,,,,GCA_900102925,
,,,,,GCA_900106825,
5740,EM44,"DSM 21206, KCTC 22299",1,Muriicola jejuensis,2724679820,15-35
,,,,,504488.4,
,,,,,GCA_010671595,
12588,XLG910.2,"DSM 15700, CGMCC 1.3458, JCM 14112, NBRC 106321",1,Myceligenerans xiligouense,253184.3,4.0-50
,,,,,2784132080,
,,,,,GCA_003814695,
133809,MB1-14,"CCTCC AB 209002, KCTC 19753, JCM 19955",1,Mycetocola manganoxydans,2866447923,20-35
,,,,,699879.3,
,,,,,699879.4,
,,,,,GCA_003667545,
,,,,,GCA_014651755,
133953,MD-T1-10-2,"CGMCC 1.11101, NBRC 107877",1,Mycetocola miduiensis,2667527394,0-34
,,,,,995034.3,
,,,,,GCA_900115155,
7471,"BRB-1L41, R-20377","DSM 18580, JCM 30549, LMG 22367",1,Mycetocola reblochoni,2866450942,20-30
,,,,,331618.3,
,,,,,GCA_003667525,
133932,ZD1-4,"KACC 16570, CGMCC 1.12042, JCM 18131",1,Mycetocola zhadangensis,1164595.4,0-40
,,,,,2866453822,
,,,,,GCA_003668565,
,,,,,GCA_014636455,
1977,HK10456-B5,"DSM 19003, CIP 109454, HKI 456",1,Mycetohabitans endofungorum,2708743152,16-45
,,,,,417203.3,
,,,,,GCA_002927045,
1976,,"DSM 19002, CIP 109453, HKI 454",1,Mycetohabitans rhizoxinica,650716014,16-45
,,,,,882378.19,
,,,,,882378.2,
,,,,,882378.3,
,,,,,GCA_000198775,
140847,B1-EB,"JCM 30646, LMG 28693, NBRC 110909",1,Mycoavidus cysteinexigens,GCA_003966915,Apr-35
8547,BD,"DSM 45149, CCUG 50184, CIP 108541, JCM 15297, BCRC 16915",1,Mycobacterium abscessus subsp. bolletii,1091046.3,10
,,,,,1091046.5,
,,,,,319705.134,
,,,,,319705.16,
,,,,,319705.54,
,,,,,319705.59,
,,,,,GCA_000239035,
,,,,,GCA_001792615,
,,,,,GCA_002013835,
,,,,,GCA_002086525,
8441,49005,"DSM 44147, ATCC 27280, JCM 6376, NCTC 10820, CCUG 37672, LMG 19259, CIP 106808",1,Mycobacterium aichiense,1799.5,10
,,,,,1799.7,
,,,,,2856228341,
,,,,,GCA_010726245,
,,,,,GCA_025822215,
,,,,,GCA_900453085,
24237,,"DSM 45768, JCM 18538, YIM 121001",1,Mycobacterium arabiense,1286181.8,May-37
,,,,,2888232652,
,,,,,GCA_010731815,
,,,,,GCA_025823225,
8431,"3056, N61H, 61, 92003","DSM 44297, ATCC 25276, CCUG 29115, TMC 803, CIP 106809, JCM 6409",1,Mycobacterium asiaticum,1265310.3,10
,,,,,1265310.4,
,,,,,2619619251,
,,,,,GCA_000613245,
,,,,,GCA_002086545,
8549,U8,"JCM 15296, DSM 45150, CCUG 50186, CIP 108543",1,Mycobacterium aubagnense,319707.12,Oct-37
,,,,,319707.13,
,,,,,GCA_005670695,
,,,,,GCA_010730955,
8379,"358, 14 121 0001","DSM 43999, ATCC 23366, JCM 6366, NCTC 10437, CCUG 70546, LMG 19255, CIP 104465, KCTC 9955, NRRL B-4037, Tsukamura 358, CCUG 37666, HAMBI 2275",1,Mycobacterium aurum,1791.6,10
,,,,,2740892265,
,,,,,GCA_001049355,
,,,,,GCA_025821345,
,,,,,GCA_900637195,
8448,"E9789-SA 12441, SA12441, 9789, 14 150 0001","DSM 44191, ATCC 33464, JCM 6369, CCUG 37667, CIP 105395, HAMBI 2271, KCTC 9504",1,Mycobacterium austroafricanum,2648501395,10
,,,,,39687.3,
,,,,,39687.4,
,,,,,GCA_000612725,
8515,PYR-1,"CCUG 55853, LMG 19257, CIP 107822, JCM 13017, KCTC 9966, DSM 7251, NRRL B-24157, BCRC 16820",0,Mycobacterium austroafricanum,350058.8,10
,,,,,GCA_000015305,
,,,,,GCA_025821565,
8419,"SSC 1336, 14 031 0002, Vet. 1387","DSM 44156, ATCC 25291, TMC 724, CCUG 20992, NCTC 13034, CIP 104244",1,Mycobacterium avium subsp. avium,44454.9,10
,,,,,553481.3,
,,,,,645058725,
,,,,,GCA_000174035,
,,,,,GCA_009741445,
8445,6409,"DSM 44175, ATCC 49884, CCUG 47446, CIP 103317, KCTC 19633",1,Mycobacterium avium subsp. silvaticum,1401690.3,10
,,,,,2568526319,
,,,,,GCA_000504975,
138449,N7,"CIP 108545, CCUG 50398",1,Mycobacterium barrassiae,GCA_025822765,10
8519,"MF-657, W5998","DSM 44677, ATCC 49935, CCUG 47580, CIP 107829, JCM 15653",1,Mycobacterium boenickei,146017.12,10
,,,,,146017.5,
,,,,,146017.6,
,,,,,2856275449,
,,,,,2865743993,
,,,,,GCA_002553535,
,,,,,GCA_010731295,
,,,,,GCA_022558525,
,,,,,GCA_900166915,
8474,2938-X86,"CCUG 39919, CIP 105811, DSM 44277, JCM 12402, ATCC BAA-2097",1,Mycobacterium bohemicum,1236609.3,10
,,,,,2630968850,
,,,,,56425.4,
,,,,,GCA_001053185,
,,,,,GCA_002102025,
,,,,,GCA_025821915,
24238,"02-5273-A84, MLB-A84, MLB-A84 (5273)","DSM 45746, CIP 110557, JCM 30725",1,Mycobacterium bourgelatii,1273442.8,20-42
,,,,,GCA_010723575,
,,,,,GCA_025821955,
8510,52157,"DSM 44624, ATCC 51789, CIP 104592, CCUG 53896, JCM 12687, KCTC 19634",1,Mycobacterium branderi,2865532394,10
,,,,,43348.3,
,,,,,43348.9,
,,,,,GCA_002086575,
,,,,,GCA_010728725,
,,,,,GCA_025822465,
8521,"MF-614, W6743","DSM 44680, ATCC 49938, CCUG 47584, CIP 107830, JCM 15654",1,Mycobacterium brisbanense,146020.3,30-Oct
,,,,,GCA_001570425,
,,,,,GCA_025822265,
8529,502329,"JCM 15298, DSM 44828, CCUG 47953, CIP 107998",1,Mycobacterium canariasense,228230.3,10
,,,,,228230.4,
,,,,,GCA_001570445,
,,,,,GCA_002101555,
,,,,,GCA_025822345,
8473,,"DSM 44243, ATCC 51131, CCUG 39185, JCM 12373, CDC 90-0899, CIP 106109",1,Mycobacterium celatum,2645727597,10
,,,,,28045.4,
,,,,,28045.5,
,,,,,GCA_000974705,
,,,,,GCA_002101595,
8570,"RAMC, Friedman, 14 042 0003, 1544","DSM 43804, ATCC 35752, CCUG 47445, IMET 10609, JCM 6388, NCTC 946, TMC 1544, CIP 104535, KCTC 9505, NCIMB 1474",1,Mycobacterium chelonae,1460372.6,10
,,,,,1774.35,
,,,,,1774.68,
,,,,,1774.83,
,,,,,1774.91,
,,,,,2099321.3,
,,,,,2687453534,
,,,,,2857061820,
,,,,,GCA_000971805,
,,,,,GCA_001632805,
8219,"2502, 14 116 0001","DSM 44633, ATCC 19627, CIP 105383, CCUG 39504, NCTC 10485, JCM 12403",1,Mycobacterium chitae,1792.7,10
,,,,,1792.9,
,,,,,2867052265,
,,,,,GCA_010727725,
,,,,,GCA_025821725,
,,,,,GCA_900637205,
8364,PCP-1,"DSM 43826, ATCC 49826, JCM 7439, NCIMB 123325, NRRL B-16528, BCRC 13726, CECT 4065, CIP 104189, HAMBI 2278, IFO 15527, MTCC 2570, NBRC 15527, NCIMB 12325",1,Mycobacterium chlorophenolicum,1303685.4,10
,,,,,1303685.5,
,,,,,2630968674,
,,,,,2731957580,
,,,,,2734481951,
,,,,,37916.4,
,,,,,GCA_001044235,
,,,,,GCA_001313545,
,,,,,GCA_001552315,
8465,48013,"DSM 44219, ATCC 27278, JCM 6374, NCTC 10819, CCUG 37670, CIP 106810, JCM 16420, KCTC 19712",1,Mycobacterium chubuense,1800.3,10
,,,,,1800.5,
,,,,,1800.9,
,,,,,2630968491,
,,,,,2808606776,
,,,,,GCA_001044255,
,,,,,GCA_002086595,
,,,,,GCA_900453455,
8422,1389/90,"DSM 44017, ATCC 49920, CIP 105510, CCUG 37513, JCM 13671, KCTC 19635",1,Mycobacterium confluentis,28047.3,10
,,,,,28047.9,
,,,,,2865351897,
,,,,,GCA_002102105,
,,,,,GCA_010729895,
,,,,,GCA_025822845,
8461,3895/92,"DSM 44136, ATCC 700090, CIP 105165, CCUG 37516, JCM 14738",1,Mycobacterium conspicuum,2865357517,10
,,,,,44010.3,15
,,,,,44010.9,
,,,,,GCA_002102095,
,,,,,GCA_010730195,
,,,,,GCA_025821765,
8423,NZ2,"CCUG 39182, DSM 43922, ATCC 49103, JCM 12404, CIP 105396",1,Mycobacterium cookii,1775.8,10
,,,,,GCA_010727945,
,,,,,GCA_025822925,
8530,LTA-388,"DSM 44829, ATCC BAA-878, CIP 108170, CCUG 55485, JCM 14739, KCTC 19713",1,Mycobacterium cosmeticum,258533.3,10
,,,,,258533.7,
,,,,,2619619211,
,,,,,GCA_000613185,
,,,,,GCA_005670675,
8226,14 117 0001,"DSM 43524, ATCC 19340, JCM 6371, SN 1418, BCRC 16395, CGMCC 4.1179, CIP 105384, HAMBI 2269, IFO 14756, KCTC 9506, NBRC 14756, ATCC 41001",1,Mycobacterium diernhoferi,1801.9,10
,,,,,GCA_019456655,
,,,,,GCA_025822385,
8478,"Fi-13295, ID 3931","DSM 44339, CIP 106867, CCUG 46352, JCM 12405, ATCC BAA-565",1,Mycobacterium doricum,126673.3,10
,,,,,126673.9,
,,,,,GCA_002102115,
,,,,,GCA_010728155,
,,,,,GCA_025822585,
8412,141180001,"DSM 44244, ATCC 43910, NCTC 358, CCUG 41352, CIP 104539, JCM 6396, KCTC 9507",1,Mycobacterium duvalii,39688.9,10
,,,,,GCA_010726645,
,,,,,GCA_025823005,
8481,"484, 484T","DSM 44368, JCM 12406, CIP 106831",1,Mycobacterium elephantis,1335622.5,10
,,,,,GCA_004014805,
,,,,,GCA_025822495,
8447,141390005,"CCUG 37584, DSM 44179, ATCC 35219, CIP 81.39, JCM 6405, KCTC 9508",1,Mycobacterium fallax,1793.1,10
,,,,,1793.3,
,,,,,2865347724,
,,,,,GCA_002101995,
,,,,,GCA_010726955,
,,,,,GCA_025821465,
8247,"D-25 (TMC 1541), D-25, 14 023 0001","DSM 43991, ATCC 14474, TMC 1541, CCUG 29041, CCUG 32167, CIP 104533, CCUG 27974, NCTC 10271",1,Mycobacterium flavescens,GCA_025822705,10
8534,FI-93171,"DSM 44852, CIP 108409, CCUG 50992, JCM 14740",1,Mycobacterium florentinum,2865192396,10
,,,,,292462.1,
,,,,,292462.3,
,,,,,GCA_002101635,
,,,,,GCA_010730355,
,,,,,GCA_025823305,
8494,FA4,"DSM 44556, CIP 108203, JCM 14741",1,Mycobacterium fluoranthenivorans,1303678.5,10
,,,,,258505.4,
,,,,,2734481944,
,,,,,2821251827,
,,,,,GCA_001313385,
,,,,,GCA_011758805,
,,,,,GCA_025823075,
8466,041 00 27,"CIP 105423, DSM 44220, ATCC 35931, CCUG 58729, JCM 6368, KCTC 9509, NCH E11620",1,Mycobacterium fortuitum subsp. acetamidolyticum,144550.5,10
,,,,,GCA_001570465,
,,,,,GCA_025822205,
8259,"Cruz 1, GB 178, Gdf M93, Lausanne 1021, X42, 140410001","DSM 46621, ATCC 6841, CCUG 20994, CIP 104534, IFO 13159, IMET 10605, JCM 6387, NBRC 13159, NCTC 10394, TMC 1529, RIMD 1317004, Tsukamura 18112, CCUG 27973, KCTC 9510, PCM 672",1,Mycobacterium fortuitum subsp. fortuitum,1214102.3,10
,,,,,1214102.6,
,,,,,1214102.8,
,,,,,2519899744,
,,,,,2684623074,
,,,,,2706794657,
,,,,,GCA_000295855,
,,,,,GCA_001050075,
,,,,,GCA_001475495,
,,,,,GCA_022179545,
8437,141280001,"DSM 44077, ATCC 27726, CCUG 37515, CIP 105388, NCTC 10942, HAMBI 2274, JCM 12688",1,Mycobacterium gadium,1794.9,10
,,,,,GCA_010728925,
,,,,,GCA_025821365,
8407,"W-417, 14 034 0001","DSM 43505, ATCC 15754, ATCC 15980, IMET 10662, TMC 1456, SN 583, JCM 12407, CCUG 20995, CCUG 29062, CCUG 47488, CIP 104530, DSM 43506",1,Mycobacterium gastri,1777.3,10
,,,,,GCA_000521195,
,,,,,GCA_002102175,
8402,"SM35, SM 35, 14 119 0001","DSM 45363, ATCC 43909, CCUG 57112, CIP 106743, JCM 15464, NCTC 10742, JCM 6395, KCTC 19423",1,Mycobacterium gilvum,1804.5,10
,,,,,2871780381,
,,,,,GCA_025821885,
,,,,,GCA_900454025,
8268,"W-1609, P-15, 14 021 0001","DSM 44160, ATCC 14470, JCM 6382, NCTC 10267, TMC 1324, CCUG 21801, CCUG 21811, CIP 104529, KCTC 9513",1,Mycobacterium gordonae,1778.15,10
,,,,,GCA_002101675,
,,,,,GCA_025821905,
8463,3849,"DSM 44199, CCUG 37519, CIP 105218, JCM 12690",1,Mycobacterium hassiacum,1122247.3,10
,,,,,1122247.4,
,,,,,1122247.5,
,,,,,2515154012,
,,,,,2531839488,
,,,,,2856852935,
,,,,,GCA_000300375,
,,,,,GCA_000379865,
,,,,,GCA_027886095,
,,,,,GCA_900603025,
8490,S369,"DSM 44428, CCUG 51897, JCM 15655, CIP 107347",1,Mycobacterium heckeshornense,110505.9,10
,,,,,GCA_016592155,
,,,,,GCA_025822025,
8485,2554/91,"DSM 44471, ATCC 51253, CIP 105424, JCM 14842",1,Mycobacterium heidelbergense,2865543863,10
,,,,,53376.3,
,,,,,53376.9,
,,,,,GCA_002086215,
,,,,,GCA_010730745,
,,,,,GCA_025821945,
8470,"Hi 11, 14 403 0001","CCUG 39184, JCM 13571, DSM 44241, ATCC 49874, CIP 104537, KCTC 19638",1,Mycobacterium hiberniae,2865376297,10
,,,,,29314.3,
,,,,,29314.9,
,,,,,GCA_002101655,
,,,,,GCA_010729485,
,,,,,GCA_025821605,
8454,EMI 2,"DSM 44183, CIP 104909T, CCUG 38151, CIP 104909, JCM 12141, LMG 19253",1,Mycobacterium hodleri,1305625.4,30-Oct
,,,,,2681813036,
,,,,,GCA_001313805,
,,,,,GCA_025822245,
8488,1406,"DSM 44478, CCUG 46266, CIP 107726, ATCC BAA-771, JCM 12374, CIP 107786",1,Mycobacterium holsaticum,152142.1,10
,,,,,GCA_019645835,
,,,,,GCA_022558565,
,,,,,GCA_027886245,
131823,"MF-89, W5198","DSM 44676, ATCC 49403, CDC 80-719, CCUG 47581, JCM 15656, CIP 107828",1,Mycobacterium houstonense,146021.3,10
,,,,,2775507220,
,,,,,GCA_025823315,
,,,,,GCA_900078665,
8426,1669/91,"DSM 44049, ATCC 51848, CIP 104542, CCUG 37583, JCM 13572",1,Mycobacterium intermedium,28445.6,10
,,,,,GCA_002086275,
,,,,,GCA_025822065,
8528,FI-01069,"DSM 44623, CIP 107892, CCUG 50989, JCM 14737",1,Mycobacterium intracellulare subsp. chimaera,222805.2,10
,,,,,222805.24,
,,,,,222805.39,
,,,,,222805.42,
,,,,,GCA_001938095,
,,,,,GCA_002101575,
,,,,,GCA_002219285,
,,,,,GCA_025822785,
8403,"3600, 140310001","DSM 43223, ATCC 13950, ATCC 15985, JCM 6384, NCTC 10682, CCUG 28005, NCTC 13025, TMC 1406, CIP 104243, SN 424, KCTC 9514",1,Mycobacterium intracellulare subsp. intracellulare,2519103109,10
,,,,,487521.1,
,,,,,487521.5,
,,,,,645058739,
,,,,,GCA_000172115,
,,,,,GCA_000277125,
,,,,,GCA_023278525,
8393,"G133 Bostrom, 14 011 0001","DSM 44162, ATCC 12478, JCM 6379, TMC 1204, CCUG 20997, CCUG 27787, CECT 3030, CIP 104589, KCTC 9515, NCTC 13024, RIMD 1320001",1,Mycobacterium kansasii,2563366550,10
,,,,,557599.3,
,,,,,557599.57,
,,,,,557599.62,
,,,,,GCA_000157895,
158311,,"CECT 9646, DSM 107316, NCTC 11659",1,Mycobacterium kyogaense,2212479.3,15
,,,,,2869209271,20-28
,,,,,GCA_003254575,4
8506,,"DSM 44577, ATCC BAA-323, NRCM 00-255, JCM 15657, CIP 108111",1,Mycobacterium lacus,169765.13,10
,,,,,169765.3,
,,,,,2865380423,
,,,,,GCA_002102215,
,,,,,GCA_010731535,
,,,,,GCA_025821645,
24232,2186/92,"DSM 46733, ATCC 51985, CCUG 42422, CIP 105465, JCM 13390, CCUG 42559, DSM 44418",1,Mycobacterium lentiflavum,GCA_022374895,10
8517,"144040001, P2, 14 404 0001","DSM 45167, ATCC 49865, CIP 104538, DSM 44834, JCM 13574",1,Mycobacterium madagascariense,212765.7,15
,,,,,GCA_010729665,
,,,,,GCA_025822085,
8486,938,"DSM 44476, ATCC 700351, CIP 104973, CCUG 37984, JCM 12375",1,Mycobacterium mageritense,1209984.3,10
,,,,,2617271075,
,,,,,53462.6,
,,,,,GCA_000612825,
,,,,,GCA_010727475,
8428,"Mo 816, Mo 816 (TMC 802)","DSM 44163, ATCC 29571, TMC 802, CCUG 37761, JCM 13391, CIP 105775, NCTC 11298",1,Mycobacterium malmoense,1780.25,10
,,,,,GCA_019645855,
,,,,,GCA_022558505,
8508,,"DSM 44615, NRCM 01-154, CIP 108113, ATCC BAA-545",1,Mycobacterium manitobense,GCA_025821665,10
8273,140120001,"DSM 44344, ATCC 927, NCIMB 1297, NCMB 1303, NCTC 2275, TMC 1218, JCM 17638, CCUG 20998, CCUG 27843, CECT 3024, CECT 7091, CIP 104528, IFM 10630, JCM 12275, NCMB 1476, DSM 43225",1,Mycobacterium marinum,1781.42,10
,,,,,1781.47,5
,,,,,1781.48,
,,,,,2860157555,
,,,,,2875591110,
,,,,,GCA_003391395,
,,,,,GCA_003431645,
,,,,,GCA_003431655,
,,,,,GCA_003609695,
8467,"14 147 0001, 48504","DSM 44221, ATCC 43059, JCM 6375, CCUG 37671, CIP 105393, KCTC 9516, VKM Ac-1183, NCH E11715",1,Mycobacterium moriokaense,2856244778,10
,,,,,2865562250,
,,,,,39691.13,
,,,,,39691.3,
,,,,,39691.4,
,,,,,39691.9,
,,,,,GCA_002086395,
,,,,,GCA_003347205,
,,,,,GCA_010726085,
,,,,,GCA_025822185,
8450,"MO12, 77-590, MO 12","DSM 44124, ATCC 49649, CDC 77-590, CIP 105225",0,Mycobacterium mucogenicum,1226753.4,10
,,,,,1226753.5,
,,,,,GCA_005670685,
,,,,,GCA_009192845,
8479,"220-96, MA 112/96","CCUG 39728, JCM 13392, DSM 44340, HAMBI 2320, CIP 105980, VTT E-062961",1,Mycobacterium murale,182220.8,30-Oct
,,,,,GCA_010722995,
,,,,,GCA_025822305,
8435,"3503, 14 125 0001","DSM 44074, ATCC 25795, JCM 6365, NCTC 10818, CCUG 37665, CIP 105387, LMG 19258, KCTC 19096, BCRC 17230, HAMBI 2273",1,Mycobacterium neoaurum,1265312.4,10
,,,,,1795.15,
,,,,,1795.5,
,,,,,2582581012,
,,,,,2600255158,
,,,,,GCA_000691525,
,,,,,GCA_000724065,
,,,,,GCA_005670605,
8520,"MF-465, W6705","CCUG 47582, CIP 107827, CIP 105354, DSM 44679, ATCC 49404, CDC 87-1098, JCM 15659",1,Mycobacterium neworleansense,2690315792,10
,,,,,GCA_001245615,
,,,,,GCA_025823025,
8444,,"DSM 44164, ATCC 19530, ATCC 23067, JCM 6364, NCTC 10424, TMC 1481, CCUG 28009, CIP 106811",1,Mycobacterium nonchromogenicum,1782.7,10
,,,,,GCA_002101775,
,,,,,GCA_025821265,
8476,73,"DSM 44203, CCUG 39183, CIP 105546, JCM 18114",1,Mycobacterium novocastrense,59813.3,Oct-37
,,,,,GCA_001570485,
,,,,,GCA_025822165,
8433,"4388, 47001","CCUG 37669, CIP 106803, KCTC 19097, DSM 44075, ATCC 27023, JCM 6372, NCTC 10778, HAMBI 2272",1,Mycobacterium obuense,1807.14,10
,,,,,2636415843,
,,,,,GCA_001044245,
8496,"E170-1, E846","DSM 44572, ATCC BAA-377, CIP 107748",1,Mycobacterium palustre,153971.3,10
,,,,,2865389921,
,,,,,GCA_002101785,
,,,,,GCA_025821485,
8362,"16002, P. Hauduroy 2490, 311","DSM 43528, ATCC 19686, CCUG 20999, CIP 106802, JCM 6367, NCTC 10411, NRRL B-4035, SN 1603",1,Mycobacterium parafortuitum,2865573456,10
,,,,,39692.16,
,,,,,39692.4,
,,,,,39692.5,
,,,,,GCA_002086815,
,,,,,GCA_010725485,
8533,,"DSM 44648, ATCC BAA-614, HSC 68, JCM 13015, CIP 108112, KCTC 9979",1,Mycobacterium parascrofulaceum,GCA_000164135,10
8276,"Bojalil 40, 6020, 14 041 0020, 40","DSM 43271, ATCC 14467, ATCC 23023, IMET 10608, NCTC 10264, TMC 1547, JCM 12142, ATCC 23036, CCUG 27976, CCUG 41354, CECT 3023, CIP 105382, KCTC 9615, LMG 19256, PCM 639",1,Mycobacterium peregrinum,43304.9,10
,,,,,GCA_002102345,
,,,,,GCA_025822425,
8285,"Timoteo, 14 130 0001","DSM 43239, ATCC 11758, ATCC 19249, NCTC 8151, CCUG 21000, TMC 1548, JCM 5865, BCRC 10707, CECT 3009, CIP 105389, JCM 6385, KCTC 9087, NRIC 1711, NRRL B-14615, PCM 654, RIMD 1326001, VKM Ac-1291",1,Mycobacterium phlei,1226750.3,10
,,,,,1771.11,
,,,,,1771.16,
,,,,,2684623205,
,,,,,2728369596,
,,,,,GCA_001582015,
,,,,,GCA_001583415,
,,,,,GCA_009192875,
,,,,,GCA_900637085,
8548,N4,"DSM 45104, CCUG 50185, CIP 108542, JCM 15301",1,Mycobacterium phocaicum,319706.12,10
,,,,,319706.13,
,,,,,GCA_005670655,
,,,,,GCA_010731115,
8471,E10241-1,"DSM 44242, ATCC 33776, JCM 6378, CCUG 37674, CIP 105392, KCTC 9517",1,Mycobacterium porcinum,GCA_025823105,10
8505,"14149 0001, MC 47A, 14 149 0001","DSM 44585, ATCC 35087, CIP 105394, NCIB 12538, JCM 12603, NCIMB 12538",1,Mycobacterium poriferae,39694.8,10
,,,,,GCA_010728325,
,,,,,GCA_025822745,
8522,,"DSM 44697, CIP 108547, LMG 21953, WA 101, JCM 13323",1,Mycobacterium psychrotolerans,216929.8,Apr-37
,,,,,GCA_010729305,10
,,,,,GCA_025821805,
8468,33505,"CCUG 37668, CIP 106804, KCTC 9518, DSM 44222, ATCC 35154, CIP 1480001, JCM 6370, NCH 33505",1,Mycobacterium pulveris,36813.7,10
,,,,,GCA_010725725,
,,,,,GCA_025822105,
8535,"17A3, ID 705-01","DSM 44605, CIP 108596, NRRL B-24349, JCM 15927, NRRL B-24244",1,Mycobacterium pyrenivorans,1305860.4,10
,,,,,2734481971,
,,,,,GCA_001314105,
,,,,,GCA_025821625,
8469,2002,"DSM 44223, ATCC 27024, JCM 6363, NCTC 10779, CCUG 37664, CIP 106806",1,Mycobacterium rhodesiae,2865585367,10
,,,,,36814.3,
,,,,,GCA_002086695,
,,,,,GCA_025822805,
8509,,"DSM 44616, ATCC BAA-544, CIP 108114, NRCM 00-250, JCM 13016, KCTC 9978",1,Mycobacterium saskatchewanense,220927.3,10
,,,,,220927.8,
,,,,,2865429847,
,,,,,GCA_002101875,
,,,,,GCA_010729105,
,,,,,GCA_025821405,
8369,"12238, 1356 TMC/1323, 14 022 0001, L2238, 1356","DSM 43992, ATCC 19981, JCM 6381, NCTC 10803, TMC 1323, CCUG 29045, CIP 105416, KCTC 9519, RIMD 1331002",1,Mycobacterium scrofulaceum,1783.5,10
,,,,,2865591264,
,,,,,GCA_002086735,
,,,,,GCA_025821325,
24236,,"DSM 45643, KCTC 19999, YIM M13028, JCM 17899",1,Mycobacterium sediminis,1286180.8,May-37
,,,,,2888243993,
,,,,,GCA_010731735,
,,,,,GCA_025822985,
8482,"Australia 9330, W4964","DSM 44393, ATCC 700731, CCUG 43574, JCM 14743, CIP 106642",1,Mycobacterium septicum,1341646.3,10
,,,,,1341646.5,
,,,,,2551306423,
,,,,,GCA_000455325,
,,,,,GCA_012396425,
8429,"14 102 0001, N29, 3015","DSM 44165, ATCC 25275, TMC 1226, JCM 12377, CCUG 29114, CCUG 42427, CIP 104531",1,Mycobacterium simiae,1236483.3,10
,,,,,1784.27,
,,,,,2600254956,
,,,,,GCA_000455305,
,,,,,GCA_010727605,
8324,"GA 735, Cornell 3, 14 133 0010","DSM 43756, ATCC 19420, JCM 5866, KCTC 9108, NCTC 8159, CCUG 21002, CCUG 21815, CECT 3020, CIP 104444, JCM 6386, NRRL B-14616, VKM Ac-1239",1,Mycobacterium smegmatis,1772.19,10
,,,,,2657245626,
,,,,,GCA_001457595,
,,,,,GCA_029222015,
8373,"25932, 14 024 0001","DSM 44166, ATCC 35799, JCM 6383, NCTC 10831, PCM 1876, TMC 1328, CCUG 37675, CIP 104532, KCTC 9520",1,Mycobacterium szulgai,1787.5,10
,,,,,2865439911,
,,,,,GCA_002116635,
,,,,,GCA_025821385,
8351,"F 628, W45, W-45, 14 032 0001","DSM 43227, ATCC 15755, CCUG 42429, CIP 104321, ATCC 15981, NCTC 10856, LMG 10394, SN 2700, JCM 12143, CCUG 27847, CECT 3028, CGMCC 1.3346, KCTC 9614, TMC 1450",1,Mycobacterium terrae,1788.12,10
,,,,,1788.3,
,,,,,1788.4,
,,,,,2772190612,
,,,,,GCA_002101955,
,,,,,GCA_010727125,
,,,,,GCA_025822005,
,,,,,GCA_900187145,
8425,"14 131 0001, 316","DSM 44167, ATCC 19527, JCM 6392, NCTC 10409, JCM 6362, CCUG 28008, CCUG 41353, CIP 105390",1,Mycobacterium thermoresistibile,1078020.3,10
,,,,,1797.3,
,,,,,1797.4,
,,,,,2519103087,
,,,,,2773858053,
,,,,,GCA_000234585,
,,,,,GCA_001570505,
,,,,,GCA_025822325,
,,,,,GCA_900187065,
8514,47503,"DSM 44635, ATCC 27282, CIP 106807, JCM 6373, NCTC 10821, CCUG 42430",1,Mycobacterium tokaiense,2869196048,10
,,,,,39695.6,
,,,,,39695.9,
,,,,,GCA_010725885,
,,,,,GCA_025821705,
,,,,,GCA_900453365,
8511,,"CCUG 58693, DSMZ 44626, ATCC 70071, CDC 90-1019, CIP 106108, DSM 44626, ATCC 700071, JCM 14744",1,Mycobacterium triplex,2619619252,10
,,,,,47839.3,
,,,,,47839.7,
,,,,,GCA_000689255,
,,,,,GCA_002102415,
8477,"Fi-25796, ID 3930","CCUG 50996, CIP 106367, JCM 12692, DSM 44338, ATCC BAA-564",1,Mycobacterium tusciae,2865601517,10
,,,,,GCA_002086795,
132766,"Schering 260, 14 120 0006","DSM 43292, ATCC 15483, NCIB 9937, SN 920, JCM 6389, ATCC 23004, BCRC 17229, CCUG 21003, CECT 3019, CIP 105934, HAMBI 2276, IFO 14118, KCTC 19087, NBRC 14118, NCIMB 9937, NCTC 10916, TMC 1526, SN 290",1,Mycobacterium vaccae,1223499.3,10
,,,,,1354275.3,
,,,,,2731957598,
,,,,,GCA_001552715,
,,,,,GCA_001655245,
,,,,,GCA_025821205,
136730,"TBC 8878, M0739, Mo739","DSM 44493, ATCC 700010, CIP 106348, CCUG 48179, CCUG 47168, JCM 13393",1,Mycobacterium wolinskyi,59750.5,10
,,,,,GCA_002101965,
,,,,,GCA_025822475,
8370,"1482, 14 035 0001","DSM 43995, ATCC 19250, NCTC 10042, TMC 1482, JCM 15661, CCUG 28011, CCUG 31306, CIP 104035, CNCTC 7303",1,Mycobacterium xenopi,1789.1,10
,,,,,1789.6,
,,,,,1789.9,
,,,,,2811995252,
,,,,,GCA_002102015,
,,,,,GCA_009936235,
,,,,,GCA_900453395,
24032,IM13,"DSM 26542, NBIMCC 8736",1,Myroides guanonis,1150112.3,May-35
,,,,,2622736509,
,,,,,GCA_900114085,
5623,JS-08,"DSM 23048, JCM 16529, KCTC 23023, CIP 110392",1,Myroides marinus,2615840711,Oct-37
,,,,,703342.6,
,,,,,GCA_900109075,
136162,,"CIP 103059, LMG 14970",0,Myroides odoratimimus,2522572176,15-41
,,,,,883155.3,5
,,,,,GCA_000297875,
137835,,"CIP 101113, LMG 14961, ATCC 700470",0,Myroides odoratimimus,2522572177,15-37
,,,,,883154.3,5
,,,,,GCA_000242135,
138182,CL 229/67,"CIP 105170, NCTC 11180, LMG 4029, CCUG 39352, DSM 112291, JCM 7460, ATCC BAA-634, CCM 3298, CGMCC 1.10437",1,Myroides odoratimimus subsp. odoratimimus,2713896912,May-37
,,,,,2838958572,
,,,,,76832.15,
,,,,,76832.8,
,,,,,GCA_001485415,
,,,,,GCA_900453765,
5620,"CL41/66, CL 41/66","DSM 2802, ATCC 29979, NCTC 11179, JCM 7459, CCM 3297, LMG 4028, CIP 105169",0,Bartonella mastomysi,256.11,May-37
,,,,,256.7,
,,,,,2811995254,
,,,,,GCA_900453725,
5624,MY15,"DSM 23313, LMG 25566, JCM 17139",1,Myroides phaeus,2675903217,Jun-37
,,,,,702745.3,
,,,,,GCA_900099675,
5622,D25,"DSM 19823, CCTCC M 208030, CIP 110414, KCTC 23066",1,Myroides profundi,2622736514,15
,,,,,2648501242,15-20
,,,,,480520.3,
,,,,,480520.4,
,,,,,GCA_000833025,
,,,,,GCA_900111065,
9984,FB,"DSM 16526, ATCC 25232, CCUG 2079, CIP 107069, IFO 13542, NBRC 13542, NCIMB 9412, ATCC 19368",1,Myxococcus xanthus,2693429903,10
,,,,,34.4,15
,,,,,GCA_900106535,5
133894,ZLM-10,"CCTCC AB 208222, KCTC 23983",1,Nafulsella turpanensis,2551306499,Oct-45
,,,,,GCA_000346615,
166309,,"CGMCC 4.7629, NBRC 114017, YIM 132087",1,Nakamurella alba,2665158.3,15-35
,,,,,2910341627,
,,,,,GCA_009707545,
166277,S14-144,"CCTCC AB 2015345, KCTC 39796",1,Nakamurella antarctica,2836896545,20
,,,,,GCA_003860405,28-Apr
166422,12Sc4-1,"KCTC 49114, CGMCC 1.16555",1,Nakamurella deserti,2785510704,Aug-35
,,,,,GCA_003260015,
132455,2Q3S-4-2,"DSM 100722, CGMCC 4.7308, JCM 31778",1,Nakamurella endophytica,1748367.3,20-37
,,,,,GCA_014646215,
168508,N5BH11,"CGMCC 4.7524, KCTC 49196",1,Nakamurella flava,GCA_005298075,10.0-37.0
,,,,,SZZH00000000,4
23147,DS-52,"DSM 26917, CIP 108919, JCM 15652, KCTC 19127, NBRC 105867",1,Nakamurella flavida,2923639079,Apr-32
,,,,,363630.3,30-May
,,,,,GCA_016918095,
10174,DLS-10,"DSM 19367, JCM 16024, KCTC 19285, DLS 10, NBRC 106258",1,Nakamurella lactea,1123241.3,Apr-37
,,,,,2524614512,
,,,,,GCA_000426645,
10173,Y-104,"DSM 44233, ATCC 700099, CIP 104796, JCM 9543, CCM 4621, FERM P-14709, NBRC 105858",1,Nakamurella multipartita,479431.6,10
,,,,,644736393,
,,,,,GCA_000024365,
133020,S20-107,"DSM 102309, LMG 29427",1,Nakamurella silvestris,1645681.3,0.0-30.0
,,,,,2833868136,20.0-30.0
,,,,,GCA_003576535,
5961,172P1,"DSM 12278, CIP 105332, FERM P-10747, JCM 9576, ATCC 700177, NBRC 102637",1,Natrialba asiatica,2554235483,15
,,,,,29540.5,5
,,,,,GCA_000337555,
5960,MS3,"DSM 3394, ATCC 43099, CCM 3739, NCMB 2190, JCM 8861, CGMCC 1.1966, CIP 104546, IAM 13178, NBRC 102185, NCIMB 2190",1,Natrialba magadii,2554235492,10
,,,,,547559.16,
,,,,,547559.17,
,,,,,547559.22,
,,,,,547559.23,
,,,,,547559.24,
,,,,,646564555,
,,,,,GCA_000025625,
,,,,,GCA_000337875,
1570,HN30,"DSM 21771, JCM 15649",1,Natribacillus halophilus,2634166325,20-40
,,,,,549003.4,
,,,,,GCA_900100185,
134340,HIS40-3,"BCC 24370, JCM 14663, PCU 303",1,Natrinema gari,1230459.4,20-60
,,,,,2554235484,
,,,,,GCA_000337175,
5889,2,"DSM 3751, ATCC 43214, NCMB 777, JCM 8980, CGMCC 1.3707, CGMCC 1.6163, CIP 106292, NCIMB 777, IAM 13167, NRC 34020, Delft 9",1,Natrinema pallidum,1227495.3,15
,,,,,2529293001,5
,,,,,GCA_000337615,
5891,157,"DSM 15624, CIP 106293, JCM 10476, NCIMB 786, CGMCC 1.3708, CGMCC 1.6174, IAM 13169",1,Natrinema pellirubrum,2509601048,15
,,,,,2537562080,5
,,,,,797303.1,
,,,,,797303.11,
,,,,,797303.4,
,,,,,797303.5,
,,,,,GCA_000230735,
,,,,,GCA_000337635,
131258,294-194-5,"DSM 27208, CECT 7630, JCM 16593",1,Natronoarchaeum philippinense,2728369221,20-50
,,,,,558529.3,
,,,,,GCA_900215575,
5964,SP2,"DSM 3393, ATCC 43098, CCM 3738, NCMB 2189, CCUG 28374, JCM 17874, CIP 104747, IAM 13177, JCM 8860, NBRC 102187, NCIMB 14426, VKM B-1750, NCIMB 2189",1,Natronobacterium gregoryi,2510461022,15
,,,,,2529293212,5
,,,,,2693429900,
,,,,,2811995171,
,,,,,44930.7,
,,,,,797304.15,
,,,,,797304.6,
,,,,,797304.7,
,,,,,GCA_000230715,
,,,,,GCA_000337655,
164158,,"JCM 31939, UNIQEM U972",1,Natronobiforma cellulositropha,GCA_025629245,20
5966,Ah-36,"DSM 10524, JCM 9655, ATCC 51971, CGMCC 1.3840, CIP 105333, FERM P-11024",1,Natronococcus amylolyticus,1227497.3,15
,,,,,2554235477,5
,,,,,GCA_000337675,
5965,SP4,"DSM 3396, ATCC 43101, CCM 3871, NCMB 2192, JCM 8859, CIP 104548, IAM 13184, NBRC 102186, NCIMB 2192, VKM B-1752",1,Natronococcus occultus,2506520044,10
,,,,,694430.1,
,,,,,694430.4,
,,,,,694430.9,
,,,,,GCA_000328685,
134191,3-Jul,"CGMCC 1.4299, JCM 13488",1,Natronorubrum aibiense,GCA_009392895,20-50
161009,A33,"JCM 10635, CGMCC 1.1984, CIP 107015, AS 1.2123",1,Natronorubrum bangense,1227500.6,15
,,,,,2554235474,5
,,,,,61858.6,
,,,,,GCA_000337715,
,,,,,GCA_004799645,
134219,AD2,"CGMCC 1.6307, JCM 14089",1,Natronorubrum sulfidifaciens,1230460.4,20-55
,,,,,2554235497,
,,,,,GCA_000337735,
5899,"98.3, GA33","DSM 13204, AS 1.2123, JCM 10636, CGMCC 1.2123, CIP 107016, AS 1.1984",1,Natronorubrum tibetense,1114856.3,15
,,,,,1114856.4,5
,,,,,2517287024,
,,,,,2529293211,
,,,,,GCA_000337235,
,,,,,GCA_000383975,
167838,G-116,"KCTC 62956, VKM B-3134",1,Natronospirillum operosum,2562806.3,4.0-45.0
,,,,,GCA_004768465,
,,,,,SRMF01000000,
140343,AFT2,"DSM 103164, CCTCC AB 2015428, JCM 33579",1,Naumannella cuiyingiana,1347891.3,20-37
,,,,,2834019907,
,,,,,GCA_013408305,
12674,WS 4616,"DSM 24323, LMG 26184, JCM 30997",1,Naumannella halotolerans,2731957515,15-37
,,,,,993414.3,
,,,,,GCA_004364645,
24762,J221,"DSM 28678, CGMCC 1.10130, NRRL B-51319",1,Neiella marina,2886580473,Oct-40
,,,,,508461.6,
,,,,,GCA_002165625,
,,,,,GCA_014636195,
10493,"CL 191/78, Vandamme R-24680, D 8251","DSM 21642, ATCC 29858, CDC D8251, LMG 23011, NCTC 12228, CIP 103440",1,Neisseria animaloris,326522.3,15
,,,,,326522.7,18-22
,,,,,GCA_002108605,18-37
,,,,,GCA_900637855,
135433,268-80,"CIP 104148, NCTC 12227, LMG 23010",0,Neisseria animaloris,326522.8,15
,,,,,GCA_900638345,
158278,93087,"DSM 104677, LMG 30012",1,Neisseria dumasiana,GCA_002108505,4
,,,,,GCA_022870885,
10496,"871, WC 08-871","CCUG 59856, DSM 22246, CIP 109933",1,Neisseria shayeganii,1032488.3,Oct-42
,,,,,2513237270,
,,,,,GCA_000226875,
10498,"9715, WC 05-9715","CCUG 59855, DSM 22247, CIP 109934",1,Neisseria wadsworthii,1030841.3,Oct-42
,,,,,2513237392,
,,,,,GCA_000227765,
10494,"CL 194/78, Vandamme R-24681, CNPE12, D5986","DSM 21643, ATCC 29859, CDC D5986, LMG 23012, NCTC 12230, CIP 104144",1,Neisseria zoodegmatis,2765235960,15
,,,,,326523.3,18-22
,,,,,326523.5,18-37
,,,,,GCA_002108575,
,,,,,GCA_900187305,
1214,"IDA 1115, R-16315","DSM 15601, CIP 108807, LMG 21833, JCM 21706, IAM 15255",1,Neobacillus bataviensis,1117379.3,Oct-45
,,,,,2537561923,
,,,,,GCA_000307875,
132382,Ap-6,"DSM 101566, CCM 8651, CIP 110974",1,Neobacillus cucumis,1740721.8,16-45
,,,,,2901240655,
,,,,,GCA_016908975,
1213,"IDA 1937, R-16337","DSM 15600, CIP 108808, LMG 21831, JCM 21707, IAM 15256, NBRC 102427",1,Neobacillus drentensis,1314752.3,Oct-37
,,,,,2731957651,
,,,,,GCA_001591445,
1251,B1801T,"DSM 18237, LMG 17489, NCIMB 13771, Rcp Sm1, JCM 21708, CIP 106910, IAM 15257, KCTC 13885, KCTC 3851, LMG 19448, NBRC 102428",1,Neobacillus fumarioli,1314754.3,10
,,,,,2731957653,
,,,,,GCA_001591485,
23709,,"DSM 27594, JCM 17335, KCTC 13945, DCY 53",1,Neobacillus ginsengisoli,2926503875,15-45
1216,"IDA 3307, R-15439","DSM 15603, CIP 108805, LMG 21837, JCM 21709, IAM 15258, NBRC 102450",1,Neobacillus novalis,1349756.3,10
,,,,,2681812999,
,,,,,GCA_001591805,
164404,YLB-04,"JCM 32872, MCCC 1A12711",1,Neobacillus piezotolerans,GCA_003362805,15-50
1217,"IDA 0086, R-16300, ISA0086","DSM 15604, CIP 108804, LMG 21838, JCM 21710, IAM 15259, KCTC 13572, NBRC 102451",1,Neobacillus soli,1348630.3,Oct-45
,,,,,220688.4,
,,,,,2731957661,
,,,,,GCA_001591665,
,,,,,GCA_002335815,
1215,"IDA 3632, R-15447","DSM 15602, CIP 108806, LMG 21834, JCM 21711, IAM 15260, KCTC 13573, NBRC 102452",1,Neobacillus vireti,1131730.3,Oct-37
,,,,,220686.9,
,,,,,2558860475,
,,,,,2645728032,
,,,,,GCA_000508325,
,,,,,GCA_001026695,
24295,"TUME-1, TUME1",DSM 27441,0,Neochlamydia sp.,1478174.4,20-30
,,,,,2636415677,
,,,,,GCA_000813645,
7141,GR1,"DSM 15528, ATCC BAA-740",1,Neomegalonema perideroedes,1122218.3,15-35
,,,,,2515154196,
,,,,,GCA_000374145,
13638,,"DSM 21826, CCBAU 01393, HAMBI 3051, LMG 24763",1,Neorhizobium alkalisoli,2854896431,Dec-37
,,,,,528178.3,
,,,,,GCA_002968635,
13626,,"DSM 11542, ATCC 43677, CIP 105585, JCM 20973, LMG 6214, NBRC 14965, CCUG 27880, HAMBI 540, IAM 13631, IFO 14965, NZP 5563, OUT 30006",1,Neorhizobium galegae,1028800.16,30-Oct
,,,,,1028800.3,
,,,,,2585427634,
,,,,,GCA_000731315,
13632,"S 02, S02","DSM 21817, ATCC BAA-115, CIP 105757, LMG 18254",1,Neorhizobium huautlense,2854916844,10
,,,,,67774.3,
,,,,,GCA_002968575,
166100,24NR,"ACCC 61588, JCM 33731",1,Neorhizobium lilium,GCA_004053875,15-42
13640,,"DSM 25378, CCBAU 05176, LMG 25447, HAMBI 3039",1,Neorhizobium vignae,2585428001,Oct-40
,,,,,690585.4,
,,,,,GCA_000732195,
158718,S27-2,"KCTC 52335, MCCC 1A02149",1,Neptunicella marina,GCA_014270035,Oct-41
11283,S3-22,"DSM 22306, CCTCC AB 209086, KACC 14056",1,Neptunomonas antarctica,2645727840,25-Apr
,,,,,2681813508,15
,,,,,619304.5,20
,,,,,GCA_001305295,
,,,,,GCA_900156635,
11282,,"DSM 18939, JCM 14595, JAMM 0745",1,Neptunomonas japonica,1122599.8,25-May
,,,,,2523533624,20
,,,,,GCA_000422765,
133855,P10-2-4,"CGMCC 1.10971, KCTC 23686",1,Neptunomonas qingdaonensis,1045558.5,Apr-33
,,,,,2663762747,20
,,,,,GCA_016082375,
,,,,,GCA_900113275,
13682,2SM4,"DSM 16309, CCUG 49433, CECT 5292, CIP 108404",1,Nereida ignava,1122600.3,13-28
,,,,,2599185238,15-25
,,,,,2706794653,20.5
,,,,,282199.8,5
,,,,,282199.9,
,,,,,GCA_001049735,
,,,,,GCA_001404155,
,,,,,GCA_900114125,
7771,,"DSM 19423, CCTCC AB 207011, JCM 16549, CAAS 252, NBRC 107629",1,Nesterenkonia alba,1122602.4,20-50
,,,,,2524023226,
,,,,,GCA_000421745,
132446,CK5,"DSM 27373, JCM 19723, CIP 110620",1,Nesterenkonia aurantiaca,1436010.5,30-Apr
,,,,,2802428805,
,,,,,GCA_004364585,
140586,10C,"LMG 29100, KCTC 39636, CGMCC 1.15388",1,Nesterenkonia cremea,1882340.4,Oct-55
,,,,,GCA_014642675,
7764,,"DSM 15474, CCTCC AA 001022, YIM 70084, JCM 13018, KCTC 19014",1,Nesterenkonia halotolerans,225325.3,Apr-40
,,,,,2870876733,
,,,,,GCA_014874065,
7763,EL-30T,"CCUG 47141, JCM 11953, DSM 12544, CIP 107030, IFAM EL-30",1,Nesterenkonia lacusekhoensis,150832.3,10
,,,,,2918341021,20
,,,,,GCA_017876395,
7766,,"DSM 15666, CCTCC AA 203010, CIP 108679, KCTC 19013, YIM 70081, JCM 13019, CIP 107970, JCM 19019",1,Nesterenkonia lutea,272919.13,Oct-37
,,,,,2870870664,
,,,,,GCA_014873955,
164194,M8,"JCM 32100, CGMCC 1.16706, MCC 3367",1,Nesterenkonia natronophila,2866426054,Oct-38
,,,,,GCA_003595215,
140783,BV-35,"NCAIM B 02606, DSM 29786",1,Nesterenkonia pannonica,1548602.3,Oct-40
,,,,,GCA_019575955,20
7767,,"DSM 15664, CCTCC AA 203007, CIP 108680, KCTC 19011, YIM 70009, JCM 13020",1,Nesterenkonia sandarakina,272918.6,30-Oct
,,,,,2856487714,
,,,,,GCA_013410215,
169491,AN1,DSM 101602,1,Nesterenkonia sp.,652017.6,20
,,,,,GCA_000582475,
7765,,"DSM 15475, CCTCC AA 001025, YIM 70097, JCM 13021, KCTC 19016",1,Nesterenkonia xinjiangensis,225327.3,20-40
,,,,,2857419370,
,,,,,GCA_013410745,
17661,GR15-1,"DSM 19509, KACC 11703",1,Nevskia soli,1122604.3,15-30
,,,,,2565956524,
,,,,,GCA_000711955,
17758,R2A15-11,"DSM 17617, CIP 109580, KACC 11698",1,Niabella aurantiaca,1122605.3,Oct-35
,,,,,2515154175,
,,,,,GCA_000374125,
24735,"E90, E96","CCUG 62505, DSM 25811, CCM 8410, LMG 26954, CIP 110418",1,Niabella drilacis,1285928.3,15-30
,,,,,2619619035,
,,,,,GCA_900101395,
133448,GR10-1,"KACC 13021, JCM 15444, NBRC 106414",1,Niabella ginsengisoli,GCA_022513635,May-35
133388,THG-DN5.5,"KACC 18857, CCTCC AB 2016086",1,Niabella hibiscisoli,GCA_022512515,Apr-40
24734,"E96, E90","DSM 25812, CCM 8411, LMG 26956, CCUG 62507, CIP 110416",1,Niabella hirudinis,2828585208,15-30
140823,R384,"KEMB 9005-329, KACC 18454, JCM 31011",1,Niabella pedocola,GCA_021044425,15-40
17759,JS13-8,"DSM 19437, KACC 12604",1,Niabella soli,2506783006,15-35
,,,,,929713.3,
,,,,,GCA_000243115,
642,"Ford 26, 26, 726","DSM 11, ATCC 4513, CCM 2048, JCM 2504, LMG 13261, NCIB 9374, NCTC 2610, CCUG 7416, ATCC 9140, ATCC 24, BCRC 10605, CECT 10, CIP 52.75, HAMBI 1911, IAM 12462, IAM 14175, IFO 13626, KCTC 3347, LMG 6926, NBRC 13626, NCCB 75011, NCFB 1775, NCIMB 9374, NRRL B-378, NRRL B-380, VKM B-1242, VTT E-95570, NCDO 1775, NRRL NRS726",1,Niallia circulans,1348626.3,10
,,,,,1397.16,
,,,,,2731957657,
,,,,,2814123177,
,,,,,GCA_001591585,
,,,,,GCA_900445325,
1209,Fo-92,"DSM 15077, ATCC BAA-519, CIP 108262",1,Niallia nealsonii,GCA_002835805,10
164454,M5HDSG1-1,"JCM 33117, CGMCC 1.13668",1,Niallia taxi,GCA_004005475,Oct-45
,,,,,RZTZ00000000,
17756,GR20-10,"DSM 17620, KACC 11465",1,Niastella koreensis,2506520016,Oct-37
,,,,,2802429642,
,,,,,700598.3,
,,,,,GCA_000246855,
,,,,,GCA_002077985,
133537,THYL-44,"CCTCC AB 208238, KCTC 22560",1,Niastella populi,2892975571,17-37
,,,,,GCA_002078015,
140864,DJ57,"KCTC 42474, CCTCC AB 2015052",1,Niastella vici,GCA_002077945,20-42
17757,GR20-13,"DSM 17621, KACC 11466",1,Niastella yeongjuensis,2599185237,15-33
,,,,,354355.6,
,,,,,GCA_002077935,
,,,,,GCA_900110245,
166361,BT10,"KCTC 62607, NBRC 114383",1,Nibribacter ruber,2698458.3,15-37
,,,,,2883339560,
,,,,,GCA_009913235,
168513,Z7-4,"CCTCC AB 2017231, KCTC 62459",1,Nioella ostreopsis,GCA_004000255,15-37
,,,,,RCIQ00000000,
140471,JS7-11,"MCCC 1A00710, KCTC 42144",1,Nioella sediminis,2791354906,Oct-40
,,,,,GCA_001879695,
13946,DR41_21,"DSM 18348, CIP 109265, OOB 129",1,Nisaea denitrificans,1122607.5,15-44
,,,,,2524614677,
,,,,,GCA_000426505,
13947,DR41_18,"DSM 19540, CIP 109601, OOB 128",1,Nisaea nitritireducens,568392.3,15-44
,,,,,GCA_014904795,
170935,,"KCTC 62997, NBRC 113694, CAU 1489",1,Nitratireductor arenosus,GCA_009742725,20-40
,,,,,WPHG00000000,
133633,"RC92-7, C115","CCTCC AB 209298, LMG 25540, MCCC 1A01260",1,Nitratireductor indicus,1231190.3,Oct-43
,,,,,2519899619,
,,,,,GCA_000300515,
11872,,"DSM 19185, JCM 14851, KACC 11904, Ky 101, NBRC 106418",1,Nitratireductor kimnyeongensis,430679.3,Oct-40
,,,,,430679.4,
,,,,,430679.5,
,,,,,430679.6,
,,,,,GCA_019891395,
166310,SY7,"KCTC 72110, MCCC 1K03723",1,Nitratireductor mangrovi,GCA_007922615,Oct-45
164093,MEB193,"JCM 31570, MCC 2863, KCTC 52390",1,Nitrincola tapanii,GCA_008368715,Oct-37
,,,,,GCA_008368715.1,
159828,MY1,"JCM 31640, KCTC 4249",1,Nitrosarchaeum koreense,GCA_000220175,15-30
157948,NF5,"DSM 106890, JCM 32270, NCIMB 15114",1,Nitrosopumilus adriaticus,2627854092,15-34
,,,,,GCA_000956175,
158487,D3C,"DSM 106147, JCM 32271, NCIMB 15115",1,Nitrosopumilus piranensis,2627853696,15-37
,,,,,GCA_000875775,
140139,,"DSM 106739, JCM 18716, KACC 17062, MIC 2059",1,Niveibacterium umoris,1193620.3,Oct-37
,,,,,1193620.4,
,,,,,2830054275,
,,,,,GCA_014197015,
,,,,,GCA_017311475,
13995,"KBC 1, KBC1","DSM 11586, ATCC 51182, CIP 103311, CCUG 30621, LMG 10653, BCRC 15764",1,Niveispirillum irakense,1121034.3,10
,,,,,2524023250,
,,,,,GCA_000429645,
10731,VA-12,"DSM 44432, ATCC 23824, ATCC BAA-279, IMMIB D-1599, IMMIB N-63, JCM 10984, NBRC 100374, CCUG 45938, CIP 106822, IMMIB D-1592, CGMCC 4.1723, IFM 10029",1,Nocardia abscessus,1206723.4,10
,,,,,2551306170,
,,,,,GCA_000308455,
10627,,"DSM 44684, CCTCC AA 001030, CIP 108434, YIM 30243, JCM 13373, IFM 10588, NBRC 108234",1,Nocardia alba,1210063.4,30-Oct
,,,,,225051.3,
,,,,,2731957724,
,,,,,2770939659,
,,,,,GCA_001612665,
,,,,,GCA_004339125,
10798,,"DSM 44821, IFM 0323, JCM 12396, NBRC 100462, CIP 108869",1,Nocardia anaemiae,1210065.4,10
,,,,,2731957725,
,,,,,GCA_001612725,
10786,,"DSM 44729, IFM 0575, JCM 12118, NBRC 100135, CIP 108631",1,Nocardia araoensis,1206722.4,10
,,,,,2551306168,
,,,,,GCA_000308435,
10779,,"DSM 44731, CIP 108682, IFM 10035, JCM 12120, NBRC 100137",1,Nocardia arthritidis,1210067.4,10
,,,,,2731957727,
,,,,,GCA_001612765,
10775,,"DSM 44668, JCM 11892, NBRC 100129, CCUG 48826, IFM 0245, CIP 108374",1,Nocardia asiatica,1206721.4,10
,,,,,2551306156,
,,,,,GCA_000308415,
10640,"727, GA 875, M 170-6, M170-6","DSM 43757, ATCC 19247, CCM 2754, DSM 43373, IMET 7547, JCM 3384, NCTC 11293, CCUG 10073, PSA 165, CECT 3051, CGMCC 4.1165, CIP 104503, HUT 6572, IFM 0319, IFO 15531, KCTC 9956, MTCC 274, NBRC 15531, NCAIM B.01954, NCIMB 12082, NRRL B-3828, PCM 2254",1,Nocardia asteroides,1110697.4,Oct-37
,,,,,1110697.7,
,,,,,1824.7,
,,,,,1824.9,
,,,,,2563367075,
,,,,,2693429866,
,,,,,GCA_000308355,
,,,,,GCA_005863255,
,,,,,GCA_900114685,
,,,,,GCA_900637185,
10768,"02, O2 (AS 4.1521)","CCUG 46096, DSM 44636, AS 4.1521, CIP 107257, IFO 16342, JCM 10666, NBRC 16342, CGMCC 4.1521, IFM 10174, KCTC 19931, NCIMB 13870",1,Nocardia beijingensis,1210068.4,10
,,,,,2731957728,
,,,,,GCA_001612785,
10650,"381, 631, GA 876, 0236, 845, Jr 381, 337","DSM 43758, ATCC 19296, CBS 330.54, IFO 14402, IMRU 845, JCM 3374, NBRC 14402, NCTC 11294, CCT 3439, CCUG 10074, CCUG 10098, CECT 3052, CIP 104502, IFM 0236, IMSNU 21222, IMSNU 21223, NCIMB 12083, VKM Ac-863",1,Nocardia brasiliensis,1206724.4,Oct-37
,,,,,2551306171,
,,,,,2856118032,
,,,,,37326.1,
,,,,,GCA_000308475,
,,,,,GCA_900454265,
10654,0029,"DSM 43024, ATCC 15333, IFO 12119, IMRU 1086, KCC A-0029, NBRC 12119, RIA 709, CCUG 46115, JCM 3029, BCRC 13389, CGMCC 4.1163, CIP 104508, IFM 0283, IMET 9542, IMSNU 20103, IMSNU 21207, KCCM 12521, KCTC 9370, NRRL B-2896, VKM Ac-936, IMRU 1086W",1,Nocardia brevicatena,1206725.5,10
,,,,,2551306159,
,,,,,GCA_000308495,
10788,F829,"DSM 44831, AS 4.1728, IFM 10344, JCM 11508, BCRC 16365, CGMCC 4.1728, CIP 108001, NBRC 108228, CIP 108101",1,Nocardia caishijiensis,1210070.4,10
,,,,,184756.3,
,,,,,2731957730,
,,,,,2770939494,
,,,,,GCA_001612825,
,,,,,GCA_009858255,
132481,1H-HV4,"DSM 100526, CGMCC 4.7278",1,Nocardia camponoti,1616106.3,15-30
,,,,,GCA_014646135,
10655,30,"CCUG 48177, CIP 104509, IFO 14403, JCM 3375, NRRL B-1336, DSM 43397, ATCC 6847, IMRU 3419, NCTC 3527, DSM 43580, JCM 30727, BCRC 13693, CCM 2756, CGMCC 4.1167, CGMCC 4.1733, IFM 0237, IMET 7504, IMSNU 21185, KCTC 9957, NBRC 14403, VKM Ac-814",1,Nocardia carnea,1206726.4,10
,,,,,2551306165,
,,,,,GCA_000308515,
10762,"N1301, Y9","DSM 44546, CIP 108826, CCT 5601, JCM 12209, BCRC 16366, IFM 10366, NBRC 101014",1,Nocardia cerradoensis,1206727.4,10
,,,,,2551306173,
,,,,,85688.5,
,,,,,GCA_000308535,
,,,,,GCA_012396065,
10765,NB4H,"DSM 44597, ATCC 700418, JCM 10500, CCUG 46826, CIP 105895, IFM 10173, NBRC 100342",1,Nocardia crassostreae,2713896925,30-Oct
,,,,,53428.4,
,,,,,GCA_001613405,
10747,,"DSM 44484, CIP 107669, JCM 11763, NBRC 100375, CCUG 48295, IMMIB D-1627, IFM 10235",1,Nocardia cyriacigeorgica,1206728.4,10
,,,,,135487.1,
,,,,,2551306157,
,,,,,GCA_000308555,
,,,,,GCA_005863225,
10795,,"DSM 44890, CCUG 50200, CIP 108553, IMMIB N-402, JCM 13394, JCM 13374, IFM 10589, NBRC 108235",1,Nocardia elegans,1210071.4,10
,,,,,2731957731,
,,,,,GCA_001612845,
10669,"GA 919 (N 164), M 258","DSM 43665, ATCC 3318, DSM 43257, DSM 43578, IMRU 3318, NCIB 12058, NCTC 11134, JCM 3088, BCRC 13380, BCRC 13722, CBS 318.60, CCUG 10109, CCUG 27778, CCUG 48656, CECT 3053, CECT 4069, CGMCC 4.1166, CGMCC 4.1829, CIP 104775, IFM 0028, IFM 0284, IFO 15532, IMET 7377, IMSNU 21224, KCTC 9958, NBRC 15532, NCIMB 12058, NRRL B-2089, PCM 2173",1,Nocardia farcinica,1210076.5,10
,,,,,2663763270,
,,,,,2681813555,
,,,,,2731957735,
,,,,,37329.1,
,,,,,37329.11,
,,,,,37329.5,
,,,,,37329.8,
,,,,,37329.9,
,,,,,GCA_001182745,
10733,10.268-1,"DSM 44480, CCRC 13725, IFO 14341, JCM 3332, KCC A-0332, NBRC 14341, NRRL B-16176, CCUG 46925, BCRC 13725, CGMCC 4.1175, CIP 104511, IFM 0851, IMSNU 21181, IMSNU 21192, KCTC 9371, NBRC 108225",1,Nocardia flavorosea,1220553.4,10
,,,,,2731957753,
,,,,,53429.3,
,,,,,GCA_001613385,
,,,,,GCA_012396035,
10751,S1,"DSM 44489, CIP 107226, JCM 11440, NBRC 100377, NCIMB 13759, CCUG 46120, CCUG 46296, IFM 10318",1,Nocardia fluminea,134984.3,10
,,,,,2627854286,
,,,,,GCA_002846365,
136777,,"CIP 104513, IFO 14340, JCM 10427, BCRC 13734, NBRC 14340, DSM 100631, IMSNU 21193",1,Nocardia fusca,1223549.4,10
,,,,,2681812988,
,,,,,GCA_001618425,
10830,A2012,"DSM 45516, KCTC 19986, NRRL B-24833, JCM 19958",1,Nocardia goodfellowii,2917953210,Oct-37
,,,,,882446.3,
,,,,,GCA_017875645,
10778,,"DSM 44732, CIP 108597, IFM 10084, JCM 12121, NBRC 100133",1,Nocardia higoensis,1206730.4,10
,,,,,2551306154,
,,,,,GCA_000308595,
10764,,"DSM 44496, CIP 107670, JCM 11764, NRRL B-24141, CCUG 48296, IMMIB R-1434, CGMCC 4.1830, KCTC 19935, NBRC 108230",1,Nocardia ignorata,1210075.4,10
,,,,,145285.4,
,,,,,2731957734,
,,,,,2770939491,
,,,,,GCA_001612905,
,,,,,GCA_004362495,
10782,,"DSM 44667, JCM 11891, NBRC 100128, IFM 0092, CIP 108421",1,Nocardia inohanensis,1210077.4,10
,,,,,2731957736,
,,,,,GCA_001612945,
10808,"N 3-2, N3-2","DSM 44959, JCM 13281, NRRL B-24430, CIP 109185, IFM 10687, NBRC 103114, NCIMB 14343",1,Nocardia jejuensis,1210088.4,Oct-37
,,,,,2681812981,
,,,,,GCA_001613145,
10802,43401,"DSM 17684, AS 4.1905, CGMCC 4.1905, IFM 10633, JCM 12861, CIP 109010, NBRC 101359",1,Nocardia jiangxiensis,1206731.4,17-37
,,,,,2563367078,
,,,,,GCA_000308615,
10815,"04-5195, 5195","DSM 45048, CGMCC 4.3508, JCM 14879, IFM 10864, NBRC 108249",1,Nocardia jinanensis,1210082.6,15-37
,,,,,1210082.8,
,,,,,2724679036,
,,,,,2731957740,
,,,,,382504.3,
,,,,,GCA_001482675,
,,,,,GCA_001613025,
,,,,,GCA_014645735,
164366,Y48,"JCM 32795, CGMCC 4.7494",1,Nocardia mangyaensis,2866986376,Oct-38
,,,,,GCA_001886715,
10722,,"DSM 44952, CIP 108295, JCM 14590, IFM 10801, NBRC 108244, OFN 785-81",1,Nocardia mexicana,1210089.4,10
,,,,,2698536635,
,,,,,2770939516,
,,,,,279262.5,
,,,,,GCA_001613165,
,,,,,GCA_003350525,
10803,117,"DSM 17685, AS 4.1904, CGMCC 4.1904, IFM 10632, JCM 12860, CIP 109011, NBRC 108239",1,Nocardia miyunensis,1210084.4,17-37
,,,,,2731957742,
,,,,,GCA_001613065,
10774,"SBHROA6, SBH<SUB>R</SUB>OA6","DSM 44717, NCIMB 13955, JCM 12604, CIP 108429, IFM 10560, NBRC 108232",1,Nocardia neocaledoniensis,1210080.3,10
,,,,,236511.3,Oct-45
,,,,,2770939500,
,,,,,GCA_003182135,
,,,,,GCA_007990735,
10785,,"DSM 44670, JCM 11894, NBRC 100131, IFM 0330, CIP 108423",1,Nocardia niigatensis,1206733.4,10
,,,,,2551306155,
,,,,,GCA_000308655,
10742,"23095, 2338, R443(1), R443","DSM 44481, ATCC 33726, CCRC 13746, CIP 104777, IFM 0290, IFO 15556, JCM 6044, NBRC 15556, CCUG 45939, BCRC 13746, CECT 3056, CGMCC 4.1705, CGMCC 4.1879, IMSNU 21197, IMSNU 21201, KCTC 9959, VKM Ac-1971",1,Nocardia nova,1210081.4,10
,,,,,2731957739,
,,,,,GCA_001613005,
10679,,"DSM 43242, ATCC 14629, NCTC 1934, CCUG 10075, JCM 3377, CBS 262.39, CCM 2779, CGMCC 4.1168, CIP 104514, IFM 0239, IFO 14405, IID 5214, IMSNU 21221, JCM 3393, KCTC 9960, NBRC 14405, NCIMB 12084, VKM Ac-869",1,Nocardia otitidiscaviarum,1206732.4,Oct-45
,,,,,1823.5,
,,,,,2563367076,
,,,,,2808606754,
,,,,,GCA_000308635,
,,,,,GCA_900454305,
159507,,"DSM 105904, CCTCC AA 2017043, KCTC 49030, YIM PH21724",1,Nocardia panacis,GCA_003598715,Apr-37
10728,,"DSM 44386, ATCC BAA-278, JCM 10919, NBRC 100373, CCUG 46117, IMMIB D-1632, CGMCC 4.1722, CIP 106798, IFM 10001",1,Nocardia paucivorans,1206734.4,10
,,,,,2551306169,
,,,,,GCA_000308675,
10787,,"DSM 44730, IFM 0784, JCM 12119, NBRC 100136, CIP 108644",1,Nocardia pneumoniae,1206737.4,Oct-37
,,,,,2551306160,
,,,,,GCA_000308755,
10726,,"DSM 44290, ATCC 51512, CCUG 35436, CIP 104600, JCM 9894, CGMCC 4.1880, IFM 0624, NBRC 108224",1,Nocardia pseudobrasiliensis,1210086.4,10
,,,,,2731957744,
,,,,,2770939519,
,,,,,45979.5,
,,,,,GCA_001613105,
,,,,,GCA_003350585,
10763,"AR 368,38366-20, Chas. Pfizer & Co. A","DSM 43406, CIP 107747, IMET 7501, IMRU 1072, JCM 11883, NRRL B-24154, BCRC 16378, NBRC 100343",1,Nocardia pseudovaccinii,1210093.4,10
,,,,,2731957747,
,,,,,GCA_001613225,
10767,,"DSM 44599, CCUG 48752, NRRL B-24204, IMMIB R-145, JCM 13031, CIP 108222, IFM 10564, NBRC 108233",1,Nocardia puris,1210090.4,10
,,,,,208602.3,
,,,,,2675903655,
,,,,,2770939563,
,,,,,GCA_001613185,
,,,,,GCA_003315035,
158323,,"DSM 101726, CGMCC 4.7329, KCTC 39693, KLBMP S0039",1,Nocardia rhizosphaerihabitans,1691570.3,Oct-37
,,,,,GCA_014646295,
10749,W30,"DSM 44488, NBRC 100376, NCIMB 13760, JCM 11441, CCUG 46119, CCUG 46433, CIP 107223, IFM 10177",1,Nocardia salmonicida subsp. cummidelens,1210097.4,10
,,,,,2731957749,
,,,,,GCA_001613285,
10752,"44691, R89","DSM 44490, CIP 107225, JCM 11439, NBRC 100378, NCIMB 13758, CCUG 46121, CCUG 46295, IFM 10176",1,Nocardia salmonicida subsp. cummidelens,1210073.4,10
,,,,,2731957732,
,,,,,GCA_001612865,
10727,"A-7604, Rucker","DSM 40472, ATCC 27463, CBS 694.72, IFO 13393, ISP 5472, JCM 4826, NBRC 13393, NRRL B-2778, RIA 1354, BCRC 12441, CGMCC 4.1136, CGMCC 4.1502, CIP 104517, IFM 10710, IMSNU 21183, KCTC 9372, NRRL B-12385",1,Nocardia salmonicida subsp. salmonicida,1210085.4,30-Oct
,,,,,2731957743,
,,,,,GCA_001613085,
10725,NA 8191,"DSM 44129, ATCC 43993, CCUG 46828, CIP 104778, IFO 15557, JCM 3360, NBRC 15557, NCIMB 13256, VKM Ac-1967, BCRC 13745, IFM 0286, IMSNU 21188",1,Nocardia seriolae,1210095.3,10
,,,,,GCA_007990715,
10777,,"DSM 44733, CIP 108598, IFM 10311, JCM 12122, NBRC 100134",1,Nocardia shimofusensis,1210087.4,Oct-41
,,,,,2731957745,
,,,,,GCA_001613125,
10791,,"DSM 44766, IFM 10088, JCM 12236, CIP 108510, NBRC 100364",1,Nocardia sienata,1210092.4,10
,,,,,2731957746,
,,,,,GCA_001613205,
10820,N2-11,"DSM 45078, JBRI 2006, KCTC 19223, JCM 14881, IFM 10868, NBRC 108251",1,Nocardia speluncae,1210094.4,Oct-37
,,,,,2713896924,
,,,,,2900415656,
,,,,,419477.3,
,,,,,GCA_001613245,
,,,,,GCA_012395985,
164318,NEAU-LL90,"JCM 32663, CGMCC 4.7500",1,Nocardia stercoris,GCA_003696265,18.0-35.0
,,,,,RFFH01000000,
10780,MS1-3,"DSM 44801, CIP 108681, NBRC 100417, JCM 13313, IFM 10572",1,Nocardia takedensis,1206735.3,10
,,,,,2551306172,
,,,,,GCA_000308695,
10773,"GW 39-1573, GW39-1573T","DSM 44704, CIP 107929, CCUG 49019, JCM 12693, IFM 10554, NBRC 101015",1,Nocardia tenerifensis,1206736.4,10
,,,,,228006.3,
,,,,,2551306166,
,,,,,2770939559,
,,,,,GCA_000308715,
,,,,,GCA_003202065,
10790,,"DSM 44765, IFM 0937, JCM 12235, CIP 108506, NBRC 100365",1,Nocardia testacea,1206739.4,10
,,,,,2551306161,
,,,,,GCA_000308775,
10794,,"DSM 44808, IFM 10145, JCM 12356, CIP 108722, NBRC 100428",1,Nocardia thailandica,1206740.4,10
,,,,,2551306162,
,,,,,GCA_000308795,
10717,"3426, 16, strain 16","DSM 43405, ATCC 6865, DSM 43582, IFO 15921, IMRU 3426, NBRC 15921, NCTC 2392, CCUG 45937, CIP 104841, JCM 9099, CCM 2776, CCUG 4.1169, IFM 0333, IMET 7500, NRRL B-16037, VKM Ac-867",1,Nocardia transvalensis,1206744.4,10
,,,,,2551306177,5
,,,,,2863047402,
,,,,,37333.3,
,,,,,GCA_000308875,
,,,,,GCA_014203315,
10719,A-0224,"DSM 43136, CBS 224.60, CCRC 13368, CIP 104824, IFO 13702, JCM 3224, KCC A-0224, LBG A 3004, NBRC 13702, NCIB 963, ETH 26650, BCRC 13368, CGMCC 4.1137, CIP 106796, IFM 0856, IMSNU 21186, LBG A-3004",1,Nocardia uniformis,1210100.4,10
,,,,,2731957751,
,,,,,53432.3,
,,,,,GCA_001613345,
,,,,,GCA_013004475,
10721,"BG 19, Schering 245, BG19, 245","DSM 43285, ATCC 11092, CBS 247.55, CCM 2757, IFO 15922, IMET 7503, IMRU 3500, JCM 3395, NBRC 15922, CCUG 46116, BCRC 13695, CIP 104899, ICMP 15782, ICMP 5814, IMSNU 21184, NCPPB 954, NRRL WC-3500, VKM Ac-1336, VKM Ac-856, CCRC 13695",1,Nocardia vaccinii,1210098.4,10
,,,,,2681812982,
,,,,,GCA_001613305,
10793,,"DSM 44807, IFM 0391, JCM 12354, CIP 108721, NBRC 100427",1,Nocardia vermiculata,1210096.4,10
,,,,,257274.3,
,,,,,2731957748,
,,,,,2900361746,
,,,,,GCA_001613265,
,,,,,GCA_012396005,
10760,M157222,"DSM 44445, CIP 107095, KCTC 19902, NRRL B-24136, CCUG 46118, JCM 11307, IFM 10086, NBRC 100344",1,Nocardia veterana,1206743.4,10
,,,,,132249.3,
,,,,,2551306183,
,,,,,GCA_000308855,
,,,,,GCA_012396305,
10770,MK703-102F1,"DSM 44638, CIP 107372, FERM P-16580, IFO 16497, JCM 10988, NBRC 16497, IFM 10175",1,Nocardia vinacea,1206742.4,10
,,,,,2551306192,
,,,,,GCA_000308835,
10784,,"DSM 44669, JCM 11893, NBRC 100130, IFM 0265, CIP 108422",1,Nocardia yamanashiensis,1210099.4,10
,,,,,2731957750,
,,,,,GCA_001613325,
23165,CD40127,"DSM 25218, CECT 8014",1,Nocardioides albertanoniae,1175486.3,30-Oct
,,,,,2816332112,
,,,,,GCA_006716315,
141143,"THG-S11.7, THG-S11-7","KCTC 39607, CCTCC AB 2015297, JCM 31749",1,Nocardioides albidus,1517589.3,20-35
,,,,,2902201542,
,,,,,GCA_006335005,
11116,KSL-1,"DSM 16699, KCTC 19037, JCM 13365, BCRC 16826, CIP 108736",1,Nocardioides alkalitolerans,1122608.3,Oct-37
,,,,,2524614663,
,,,,,GCA_000426525,
159868,,"KCTC 49020, CGMCC 4.7457, CFH 30205, DSM 105807",1,Nocardioides allogilvus,2144186.3,Apr-35
,,,,,2855286858,
,,,,,GCA_003047285,
11153,Cr7-14,"DSM 23325, CGMCC 1.10697, LMG 26053, JCM 18960",1,Nocardioides alpinus,2663762717,25-Jan
,,,,,2802429337,20
,,,,,748909.6,
,,,,,748909.8,
,,,,,GCA_002836395,
,,,,,GCA_021083255,
,,,,,GCA_900112035,
11109,"EL-17K, EL-17K T","DSM 11439, ATCC BAA-164, JCM 11266, NBRC 100371, NCFB 3076, CIP 106993, KCTC 9944, NCIMB 703076, VKM Ac-2523",1,Nocardioides aquaticus,160826.3,30-Oct
,,,,,GCA_018459925,20
11117,H-1,"DSM 15131, IAM 14992, JCM 11674, CIP 108782",1,Nocardioides aromaticivorans,1305622.3,10
,,,,,200618.4,
,,,,,2734481961,
,,,,,2833977688,
,,,,,GCA_001313745,
,,,,,GCA_013408525,
132635,B2-12,"DSM 100725, KCTC 39748, NRRL B-65313",1,Nocardioides baekrokdamisoli,1804624.3,15
,,,,,2843215260,15.0-30.0
,,,,,GCA_003945325,
11145,MN8,"DSM 23134, CCUG 57506, KCTC 19600, JCM 19119",1,Nocardioides caeni,574700.3,Oct-35
,,,,,GCA_004912195,
133079,,"DSM 29950, KCTC 39551, YIM A1136, JCM 30631",1,Nocardioides cavernae,1921566.4,Apr-35
,,,,,1921566.5,
,,,,,2893570996,
,,,,,GCA_014779675,
,,,,,GCA_016907475,
159744,IB-3,"KACC 19522, JCM 32672",1,Nocardioides currus,2834618132,20-40
,,,,,GCA_003057875,
11148,MDN22,"DSM 23819, CCUG 57505, KCTC 19601",1,Nocardioides daedukensis,2844615251,Apr-37
,,,,,634462.3,
,,,,,GCA_013408415,
11155,MJ31,"DSM 25320, JCM 16922, KCTC 19772",1,Nocardioides daejeonensis,2866264325,15-37
,,,,,GCA_003194585,
11131,D287,"DSM 18664, CCM 7403, JCM 16608",1,Nocardioides daphniae,2841404167,Apr-38
,,,,,402297.3,
,,,,,402297.4,
,,,,,GCA_004777465,
,,,,,GCA_014635145,
11143,FR1436,"DSM 22004, JCM 14815, KCTC 19309",1,Nocardioides dokdonensis,1300347.3,30-Apr
,,,,,2751185838,
,,,,,GCA_001653335,
166484,SZ4R5S7,"CGMCC 4.7456, KCTC 39994",1,Nocardioides ferulae,GCA_003660455,Apr-37
133240,Y4,"CGMCC 1.12791, MCCC 1A09944, LMG 28100, JCM 19770",1,Nocardioides flavus,2058780.3,4.0-40.0
,,,,,GCA_014653115,
11121,SBS-26,"DSM 18445, JCM 13813, NRRL B-24465, CIP 109516",1,Nocardioides furvisabuli,GCA_021083185,Apr-37
11115,JC2055,"DSM 16411, IMSNU 14028, JCM 12124, KCTC 9920, CGMCC 4.6875, CIP 108507, IAM 15306",1,Nocardioides ganghwensis,252230.3,Oct-40
,,,,,2867498717,Oct-41
,,,,,GCA_004137235,
166432,WSJ-1,"KCTC 49117, CCTCC AB 2018027",1,Nocardioides gansuensis,2855277504,16-42
,,,,,GCA_003076135,
164490,130,"JCM 33269, CICC 24668",1,Nocardioides guangzhouensis,GCA_004519545,20.0-36.0
,,,,,SDKM00000000,
158314,78,"DSM 106424, CGMCC 4.7461",1,Nocardioides houyundeii,2775506984,14-32
,,,,,GCA_002865585,
141103,FLL521,"KCTC 39931, CCTCC AB 2017083",1,Nocardioides immobilis,2049295.3,16-32
,,,,,2834611595,
,,,,,GCA_003515065,
11120,DS-51,"DSM 17944, CIP 109626, KCTC 19180, JCM 15308",1,Nocardioides insulae,1122610.3,Oct-34
,,,,,2524614651,
,,,,,GCA_000422825,
11124,A2-4,"DSM 19082, CIP 109335, JCM 12609, KCTC 19054, BCRC 16836, KCTC 9995",1,Nocardioides kongjuensis,2844818640,Oct-40
,,,,,349522.3,
,,,,,GCA_013409625,
11113,KSL-2,"DSM 16314, KCTC 19038, JCM 13594, CIP 108882",1,Nocardioides kribbensis,305517.3,Apr-35
,,,,,GCA_015070375,
11157,D94-1,"DSM 24663, CGMCC 4.6858, JCM 19667",1,Nocardioides lianchengensis,1045774.4,Oct-40
,,,,,1045774.5,
,,,,,2675903056,
,,,,,2844625742,
,,,,,GCA_013409225,
,,,,,GCA_900101465,
140309,002-2,"DSM 103718, KCTC 39838",0,Nocardioides litoris,1926648.3,30-Oct
,,,,,2902197013,
,,,,,GCA_006346315,
11125,SBS-12,"DSM 18965, JBRI 2003, KCCM 42681",1,Nocardioides marinisabuli,2844814621,Apr-40
,,,,,419476.3,
,,,,,419476.4,
,,,,,GCA_013409965,
,,,,,GCA_013466785,
11126,CL-DD14,"DSM 18248, CIP 109596, KCCM 42321, JCM 15615",1,Nocardioides marinus,2831307866,Oct-40
,,,,,374514.3,
,,,,,GCA_013408145,
11110,,"DSM 15529, CIP 107017, JCM 10703, KCTC 0457BP, NRRL B-24725, NSP 41",1,Nocardioides nitrophenolicus,1303688.4,10
,,,,,2734481954,
,,,,,2893560988,
,,,,,60489.4,
,,,,,GCA_001313605,
,,,,,GCA_016907515,
11112,,"DSM 16090, NCIMB 14004, BAS 3, JCM 14342, CGMCC 4.6882, CIP 108901, IAM 15341",1,Nocardioides oleivorans,273676.3,Oct-41
,,,,,2867494351,
,,,,,GCA_004137255,
158822,THG-T63,"KACC 19192, CGMCC 4.7388",1,Nocardioides pelophilus,2172019.3,Oct-40
,,,,,2921387157,
,,,,,GCA_014180685,
23164,"I10A-0142, I10A-01402","DSM 24552, CPCC 203382, KCTC 29022",1,Nocardioides perillae,1119534.3,20-37
,,,,,2844622285,
,,,,,GCA_013409425,
133104,WYH11-7,"DSM 104026, CGMCC 4.7371",1,Nocardioides phosphati,1867775.3,Apr-38
,,,,,GCA_014646375,
11108,J70,"DSM 11054, NCIMB 12834, Grainger J70, JCM 9626, ATCC 51889, CIP 104157, IMSNU 22067, KCTC 9577, LMG 16210, VKM Ac-1998",1,Nocardioides plantarum,29299.3,10
,,,,,GCA_006346395,15-22
24251,RHLT2-1,"DSM 27452, CGMCC 1.11156, NBRC 108563, JCM 19668",1,Nocardioides psychrotolerans,1005945.5,0-25
,,,,,1005945.6,20
,,,,,2663762759,
,,,,,GCA_007992415,
,,,,,GCA_900113685,
11111,OS4,"DSM 15530, CIP 106800, JCM 10369, KCTC 0074BP",1,Nocardioides pyridinolyticus,1305854.4,10
,,,,,2734481967,
,,,,,GCA_001313985,
11135,CL-Z59,"DSM 18239, KCCM 42320",1,Nocardioides salarius,2893566641,Oct-35
,,,,,374513.3,
,,,,,374513.4,
,,,,,374513.5,
,,,,,GCA_015070765,
,,,,,GCA_015339545,
,,,,,GCA_016907435,
11144,,"DSM 19263, JCM 19559, KCTC 19271, MSL 01",1,Nocardioides sediminis,2866221110,20-37
,,,,,433648.4,
,,,,,GCA_003047295,
166421,S-34,"KCTC 49137, CCTCC AB 2018079",1,Nocardioides silvaticus,2201891.3,20-42
,,,,,2855273060,
,,,,,GCA_003160695,
24250,RHLT1-17,"DSM 27403, CGMCC 1.11147, NBRC 108562, JCM 19669",1,Nocardioides szechwanensis,1005944.4,0-35
,,,,,1005944.5,17.5
,,,,,2671180088,20
,,,,,GCA_007992395,
,,,,,GCA_900103935,
24248,VA15,"DSM 28109, CGMCC 1.7056, JCM 16799, NBRC 104259",1,Nocardioides terrae,2617270786,16-34
,,,,,574651.3,
,,,,,GCA_900112345,
11130,DS-17,"DSM 21550, JCM 14582, KCTC 19217",1,Nocardioides terrigena,424797.3,Apr-35
,,,,,GCA_003047265,
140673,,"CCTCC AB 2016296, DSM 103833, YIM 73001, NCCP 696",1,Nocardioides thalensis,1914755.3,20-42
,,,,,2856476943,
,,,,,GCA_013410655,
164533,21Sc5-5,"JCM 33365, CGMCC 4.7608",1,Nocardioides vastitatis,GCA_004803405,10.0-37.0
,,,,,SSXI00000000,
164547,HY056,"JCM 33399, CGMCC 4.7563",1,Nocardioides yefusunii,GCA_004014875,16-37
166181,HLT2-9,"CGMCC 1.11084, NBRC 109783",1,Nocardioides zhouii,1168729.3,0-27
,,,,,GCA_004137345,20
11215,"49, SNG49","DSM 44442, JCM 13853, NRRL B-24244, CGMCC 4.2109, NBRC 104164, CIP 108419",1,Nocardiopsis aegyptia,220378.3,10
,,,,,2856493217,Oct-40
,,,,,GCA_013410755,
11176,,"DSM 40465, ATCC 23612, CBS 693.72, CIP 106424, IFO 13392, INA 6476/62, ISP 5465, KCC S-0717, NBRC 13392, PCM 2490, RIA 1353, JCM 4717, BCRC 15175, BCRC 16386, CGMCC 4.2086, IFM 10203, IMSNU 21332, MTCC 1102, VKM Ac-1882, VKM Ac-1885, DSM 40645",1,Nocardiopsis alborubida,1223496.3,Oct-41
,,,,,146802.3,
,,,,,2731957597,
,,,,,2896009406,
,,,,,GCA_001552695,
,,,,,GCA_012396365,
131849,WS 2,"DSM 44657, CCTCC AA 001031, JCM 12678, YIM 80379, NBRC 104163",1,Nocardiopsis alkaliphila,1246461.3,Oct-45
,,,,,2551306677,
,,,,,GCA_000341005,
11222,,"DSM 44844, CCTCC AA 2040015, CIP 109297, KCTC 19008, NBRC 104398, YIM 90109, JCM 15311",1,Nocardiopsis chromatogenes,1246475.3,20-60
,,,,,2551306678,
,,,,,GCA_000341185,
11201,KS9,"DSM 44551, JCM 11768, NRRL B-24145, BCRC 16374, CGMCC 4.2090, CIP 107461, NBRC 100345, NCIMB 14354, VKM Ac-2521, VTT E-042201",1,Nocardiopsis composta,157465.3,10
,,,,,2852736999,
,,,,,GCA_014200805,
11166,,"DSM 43111, ATCC 23218, IAM 14287, IMET 9605, IMRU 509, JCM 7437, NCTC 10488, BCRC 16260, CCM 2713, CGMCC 4.1231, CGMCC 4.2088, CIP 107115, IFM 0212, IFO 14626, IMSNU 20106, IMSNU 21331, KACC 20027, KCTC 9190, MTCC 1411, NBRC 14626, NRRL B-5397, PCM 2492, VKM Ac-797, VTT E-991431",1,Nocardiopsis dassonvillei subsp. dassonvillei,2014.5,10
,,,,,2014.8,
,,,,,446468.6,
,,,,,646564557,
,,,,,GCA_000092985,
,,,,,GCA_012396345,
,,,,,GCA_900638215,
11234,,"DSM 45031, CGMCC 4.3500, HBUM 20038, JCM 15475",1,Nocardiopsis ganjiahuensis,1237500.3,Oct-32
,,,,,2554235030,
,,,,,GCA_000341085,
11218,,"DSM 44841, CCTCC AA 2040012, CIP 109294, KCTC 19006, NBRC 104397, YIM 90087, JCM 15312",1,Nocardiopsis gilva,1235441.3,Oct-40
,,,,,1235441.5,
,,,,,2554235033,
,,,,,2773857897,
,,,,,GCA_000341165,
,,,,,GCA_002263495,
11220,,"DSM 44845, CCTCC AA 2040016, CIP 109298, KCTC 19009, NBRC 104399, YIM 90130, JCM 15310",0,Nocardiopsis halophila,1236902.3,20-50
,,,,,2551306672,
,,,,,GCA_000341205,
11210,F100,"DSM 44410, JCM 11760, NRRL B-24124, BCRC 16376, CGMCC 4.2084, CIP 107430, NBRC 100347, VKM Ac-2519",1,Nocardiopsis halotolerans,1246444.3,10
,,,,,2554235027,
,,,,,GCA_000341065,
11199,HA-9,"DSM 44524, JCM 10721, KCTC 9831, BCRC 16383, CGMCC 4.2083, CIP 108008, NBRC 100348",1,Nocardiopsis kunsanensis,1246445.3,10
,,,,,2551306680,
,,,,,GCA_000340965,
11236,,"DSM 45168, KCTC 19473, JSM 073097, JCM 16954",1,Nocardiopsis kunsanensis,516701.3,20-35
,,,,,GCA_014651735,
11209,114,"DSM 44598, CIP 107788, KBS 6, NRRL B-24159, JCM 12409, BCRC 16377, CGMCC 4.2089, NBRC 101841, VKM Ac-2522",1,Nocardiopsis metallicus,179819.3,10
,,,,,2856454764,
,,,,,GCA_014201115,
11237,,"DSM 45234, CCUG 56587, IMMIB L-21",1,Nocardiopsis potens,2554235031,20-37
,,,,,570268.3,
,,,,,GCA_000341105,
11217,,"DSM 44839, CCTCC AA 204009, KCTC 19003, YIM 90010, JCM 13364, CIP 108478",1,Nocardiopsis salina,1246485.3,10
,,,,,2551306679,20-40
,,,,,GCA_000341025,
11238,HM6,"DSM 45277, CCUG 57624, UTMC 00102",1,Nocardiopsis sinuspersici,501010.4,15-37
,,,,,GCA_001998325,
11195,,"DSM 44380, CCRC 12529, CIP 106425, IFO 14201, JCM 3357, NBRC 14201, NRRL 12026, VKM Ac-942, BCRC 12529, CGMCC 4.1174, IFM 0242",1,Nocardiopsis trehalosi,1348638.3,10
,,,,,2731957590,
,,,,,GCA_001552555,
135078,,"CIP 107980, DSM 44589, CCTCC AA 99004, CCRC 16285, YIM 90004, JCM 12328, BCRC 16285, NBRC 104162, NRRL B-24158",1,Nocardiopsis xinjiangensis,1246474.3,10
,,,,,2551306681,15
,,,,,GCA_000341145,
161444,,"JCM 14068, KCCM 43019",1,Nonlabens antarcticus,392714.3,19
,,,,,GCA_015356755,
5723,DSW-6,"DSM 17205, KCTC 12402",1,Nonlabens dokdonensis,2540341128,Apr-32
,,,,,2593339282,
,,,,,328515.4,
,,,,,592029.3,
,,,,,GCA_000332115,
,,,,,GCA_003254015,
134174,CKA-5,"NBRC 100970, LMG 23247",1,Nonlabens tegetincola,2772190784,Oct-40
,,,,,319236.5,15-20
,,,,,GCA_002117085,
134161,UST030701-156,"NRRL B-41138, JCM 13191",1,Nonlabens spongiae,2751185769,20-36
,,,,,331648.3,
,,,,,331648.4,
,,,,,GCA_002117125,
134154,UST030701-324,"NRRL B-41136, JCM 12886, NBRC 101533",1,Nonlabens tegetincola,323273.9,Dec-44
,,,,,GCA_002954355,
5725,PLR,"DSM 22727, CIP 110082",1,Nonlabens ulvanivorans,2593339289,20
,,,,,2617271264,
,,,,,906888.17,
,,,,,GCA_000732625,
,,,,,GCA_003001855,
5724,SW256,"DSM 16809, NCIMB 14027",1,Nonlabens xylanidelens,191564.4,20
,,,,,191564.5,
,,,,,2593339281,
,,,,,GCA_002934445,
,,,,,GCA_002954345,
16548,,"DSM 43748, ATCC 35107, IFO 14745, INA 1839, NBRC 14745, RIA 1839, JCM 6240, BCRC 16334, CIP 107353, KCTC 9260, MTCC 1417, NRRL B-16114, VKM Ac-924",1,Nonomuraea africana,2873337989,15
,,,,,46171.3,5
,,,,,GCA_014873535,
16547,"3479, LIA-0443, 0443 (R.A Zhukova 3479/30)","DSM 43173, IFO 13155, KCC A-0109, NBRC 13155, JCM 3109, BCRC 13334, CGMCC 4.1229, CIP 107357, IMSNU 20088, IMSNU 22183, KCTC 9191, KCTC 9261, MTCC 1545, NBIMCC 1594, NRRL B-3905, CCRC 13334, KCC A-109, AS 4.1229",1,Nonomuraea angiospora,2873472684,15
,,,,,46172.3,5
,,,,,GCA_014873145,
166402,160415,"KCTC 39875, DSM 104309",1,Nonomuraea basaltis,GCA_005893125,Oct-37
158292,,"DSM 103465, CGMCC 4.7368, KCTC 39805, SYSU K10005",1,Nonomuraea cavernae,2045107.3,15-37
,,,,,GCA_014646355,
133109,,"MCCC 1K03213, KCTC 39826, XMU 110",1,Nonomuraea ceibae,1935170.3,15-45
,,,,,GCA_019396325,
16564,5-38-42,"DSM 45129, CIP 109641, JCM 13931, MTCC 8090, CGMCC 4.5722",1,Nonomuraea coxensis,1122611.3,15-45
,,,,,1122611.5,
,,,,,2515154141,
,,,,,GCA_000379885,
,,,,,GCA_019397265,
16558,"FH 2205, FH2205","DSM 44320, ATCC 35861, IFO 14309, NBRC 14309, NRRL 11111, JCM 3338, BCRC 13419, CGMCC 4.1204, CIP 107127, KCCM 12213, KCTC 9173, KCTC 9610",1,Nonomuraea dietziae,2827618455,15-41
,,,,,65515.3,5
,,,,,GCA_014195505,
16537,,"DSM 43553, ATCC 35575, IFO 14094, IMET 9567, JCM 3283, NBRC 14094, NCIB 11630, NRRL B-16096, BCRC 12537, CCM 3424, CIP 106925, IMSNU 20090, KCTC 9269, MTCC 1059, NCIMB 11630, VKM Ac-854, CCRC 12537, KCC A-0283",1,Nonomuraea ferruginea,GCA_027620355,15
,,,,,,5
141104,NEAU-BB2C19,"CGMCC 4.7430, DSM 104838",1,Nonomuraea glycinis,2047744.3,Oct-37
,,,,,GCA_014646515,
,,,,,GCA_020215885,
16573,A4036,"DSM 45507, KCTC 19870",1,Nonomuraea jabiensis,2870526370,20-37
,,,,,882448.3,
,,,,,GCA_014204795,
16571,FXJ1.102,"DSM 45780, CGMCC 4.6533, NBRC 106679, JCM 18570",1,Nonomuraea jiangxiensis,2675903065,20-45
,,,,,633440.3,
,,,,,GCA_900099965,
159166,KC201,"DSM 102917, CGMCC 4.7339, KCTC 39781",1,Nonomuraea longispora,2866664766,20-37
,,,,,GCA_004348345,
,,,,,SMJZ00000000,
164415,6K102,"JCM 32916, CGMCC 4.7541",1,Nonomuraea mesophila,GCA_004352805,20-37
,,,,,SMLD00000000,
164452,PA1-10,"JCM 33073, NBRC 112774, TISTR 2497",1,Nonomuraea phyllanthi,2895442618,15-40
,,,,,GCA_006334985,
16549,,"DSM 43925, IFO 14345, IMET 9743, INA 2755, NBRC 14345, NRRL B-16243, VKM Ac-1084, JCM 6834, ATCC 49500, BCRC 16335, CIP 107354, IMSNU 20094, KCTC 9277",1,Nonomuraea polychroma,2808606959,15
,,,,,46176.3,5
,,,,,GCA_004011505,
16539,"A-118, A3, KCCA-0144","DSM 43357, ATCC 27296, CBS 262.72, IFO 14684, KCC A-0144, NBRC 14684, NCIMB 11116, JCM 3144, BCRC 11619, CECT 3284, CIP 106954, IMET 9586, IMSNU 20095, KCTC 9278, MTCC 1121, NBIMCC 1641, NRRL B-16126, VKM Ac-1508",1,Nonomuraea pusilla,2599185218,15
,,,,,46177.4,5
,,,,,GCA_900109355,
16552,M2244,"DSM 44170, IFO 15903, INA 4281, NBRC 15903, VKM Ac-1780, JCM 9946, CIP 107392",1,Nonomuraea roseoviolacea subsp. carminata,2870517152,15
,,,,,GCA_024172185,5
16544,,"DSM 43768, ATCC 27031, CBS 132.76, DSM 43897, IFO 14070, IMET 8181, JCM 3234, KCC A-0234, NBRC 14070, VKM Ac-615, JCM 3389, BCRC 12591, CGMCC 4.5715, CIP 107008, IFO 14686, IMSNU 20099, INA 325, KCTC 9284, NBRC 14686, NRRL B-16083",1,Nonomuraea rubra,2870609773,15-41
,,,,,46180.3,5
,,,,,GCA_014207985,
16556,NEAU-Z6,"DSM 45729, CGMCC 4.7037, JCM 30783",1,Nonomuraea solani,1144553.3,20-39
,,,,,2675903140,
,,,,,GCA_900108335,
16572,,"DSM 45533, JCM 17347, YIM 120770",1,Nonomuraea soli,1032476.3,15-37
,,,,,2861178129,
,,,,,GCA_013761175,
16546,832-34,"DSM 43555, ATCC 35114, CCM 3426, IFO 14097, IMET 9621, JCM 3286, KCC A-0286, NBRC 14097, NCIB 11633, NRRL B-16098, BCRC 13309, CIP 106923, IMSNU 20101, KCTC 9286, NCIMB 11633, VKM Ac-853, CCRC 13309",1,Nonomuraea spiralis,46182.4,15
,,,,,GCA_014648435,5
16550,3344,"DSM 43926, ATCC 49501, IFO 14348, IMET 9747, INA 3344, NBRC 14348, JCM 6836, BCRC 16339, CGMCC 4.2106, CGMCC 4.5709, CIP 107010, IMSNU 22186, KCTC 9287, NRRL B-16246, VKM Ac-852",1,Nonomuraea turkmeniaca,103838.3,15
,,,,,GCA_005889735,5
132533,NEAU-ND5,"DSM 100528, CGMCC 4.7280",1,Nonomuraea zeae,1642303.3,15-35
,,,,,GCA_005889725,
158218,,"DSM 107007, ATCC 27893, PCC 7120, SAG 25.82",0,Nostoc sp.,103690.1,18
,,,,,103690.37,
,,,,,103690.38,
,,,,,103690.39,
,,,,,103690.4,
,,,,,103690.41,
,,,,,103690.42,
,,,,,103690.5,
,,,,,103690.69,
,,,,,2914518388,
140696,XMTR2A4,"MCCC 1A01882, KCTC 52427",1,Notoacmeibacter marinus,2786546837,15-37
,,,,,GCA_002238045,
140483,,"JCM 17723, DSM 25787, TSA 66",1,Noviherbaspirillum autotrophicum,GCA_000818395,Oct-42
140482,,"JCM 17722, ATCC TSD-69, TSA 40, DSM 113107",1,Noviherbaspirillum denitrificans,GCA_002211445,Oct-42
133958,CC-AFH3,"BCRC 80516, JCM 18414",1,Noviherbaspirillum malthae,GCA_015352985,20-40
24271,PB1,"DSM 26001, LMG 27282",1,Noviherbaspirillum psychrotolerans,2706794918,17
,,,,,,20
11372,SUEMI10,"DSM 24276, CECT 7840, LMG 26149",1,Noviherbaspirillum soli,GCA_015352955,15-37
166370,Poly41,"DSM 103145, VKM B-3437",1,Novipirellula artificiosorum,GCA_007860135,15-27
166409,Q31b,"DSM 103929, LMG 29701",1,Novipirellula aureliae,GCA_007860185,Oct-36
166410,"Pla52o, Pla52Original","DSM 103357, LMG 29744",1,Novipirellula galeiformis,GCA_007860095,Oct-36
138248,Giesberger,"CIP 105798, ATCC 12639, NCIMB 9070, NRRL B-2053, JCM 21278, CCUG 13727, IAM 14720, IAM 15031, IFO 15648, JCM 21494, LMG 4337, NBRC 15648",1,Novispirillum itersonii,1279038.3,15-37
,,,,,2519899638,5
,,,,,GCA_000381985,
13940,,"DSM 11590, ATCC 33333, IFO 13615, NBRC 13615, CCUG 49448, IAM 14945, LMG 7370, JCM 21427, CIP 107759",1,Novispirillum itersonii subsp. nipponicum,189.8,15
,,,,,2828310345,5
,,,,,GCA_014205675,
14164,FSW 06-204d,"DSM 19966, CCM 7496, CCUG 55538",1,Novosphingobium acidiphilum,1122612.4,Apr-32
,,,,,2523533537,
,,,,,GCA_000429005,
14143,F199,"DSM 12444, SMCC F199, CIP 105152, ATCC 700278, IFO 16084, CCUG 56443, HAMBI 2257",1,Novosphingobium aromaticivorans,279238.18,10
,,,,,279238.33,5
,,,,,279238.34,
,,,,,640427126,
,,,,,GCA_000013325,
159855,Jyi-02,"BCRC 80537, KCTC 32422",1,Novosphingobium arvoryzae,1256514.3,Oct-40
,,,,,GCA_014652615,20
141008,164,"CICC 11035s, DSM 103351",1,Novosphingobium clariflavum,GCA_026420865,15-35
140931,Teta.03,"LMG 27385, KCTC 32255",1,Novosphingobium colocasiae,1256513.3,Oct-37
,,,,,GCA_014652555,20
140632,UCM-28,"KACC 18571, NBRC 111647",1,Novosphingobium flavum,1778672.4,Oct-37
,,,,,2921278680,
,,,,,GCA_014230315,
23266,FNE08-7,"DSM 25065, CCM 7978, CCUG 61508",1,Novosphingobium fuchskuhlense,1117702.3,Apr-32
,,,,,2775506978,20
,,,,,GCA_001519075,
133078,SA925,"DSM 32207, GDMCC 1.1110",1,Novosphingobium guangzhouense,1850347.3,Oct-35
,,,,,GCA_002896965,
141002,R1-4,"KACC 19094, JCM 31879",1,Novosphingobium humi,GCA_028607105,15-45
14165,H25,"DSM 23608, CGMCC 1.6784, LMG 24713, MCCC 1A01080",1,Novosphingobium indicum,462949.3,Oct-41
,,,,,GCA_014645195,
14152,US6-1,"CCUG 56449, CIP 108548, DSM 17173, JCM 12182, KCTC 10454, NCIMB 14244",1,Novosphingobium pentaromativorans,1088721.1,10
,,,,,1088721.11,5
,,,,,1088721.12,
,,,,,1088721.13,
,,,,,1088721.14,
,,,,,1088721.15,
,,,,,1088721.3,
,,,,,1088721.7,
,,,,,1088721.9,
,,,,,2608642102,
140899,SLH-16,"BCRC 80888, LMG 28418, KCTC 42194",1,Novosphingobium piscinae,1507448.3,20-40
,,,,,2921275117,
,,,,,GCA_014230355,
14161,KF1,"DSM 10700, CIP 105288, IFO 16058, NBRC 16058, CCUG 56303, JCM 12332, IAM 15327, JCM 10398",0,Novosphingobium resinovorum,2576861780,May-37
,,,,,GCA_000632105,
14149,B0478,"DSM 12447, CIP 105153, IFO 16086, NBRC 16086, SMCC B0478, ATCC 700279, CCUG 56444",1,Novosphingobium subterraneum,1219057.3,10
,,,,,2636415671,5
,,,,,2675903438,
,,,,,48936.3,
,,,,,GCA_000807925,
,,,,,GCA_001598575,
14155,T3-B9,"DSM 17507, AS 1.3432, JCM 12465, CCUG 56308, BCRC 80740, CGMCC 1.3432, CIP 108789",1,Novosphingobium taihuense,2596583548,Oct-37
,,,,,260085.3,5
,,,,,260085.4,
,,,,,2828632817,
,,,,,GCA_007830315,
,,,,,GCA_014199635,
167622,FSY-9,"BCRC 81052, KCTC 52813, LMG 30054",1,Novosphingobium umbonatum,GCA_004005905,15-37
,,,,,SACO00000000,20-30
14280,"SW150, SW-150","DSM 16222, KCTC 12231, CIP 108792",1,Novosphingopyxis baekryungensis,1123270.3,30-Apr
,,,,,2524614570,
,,,,,GCA_000420305,
134324,TDMA-5,"NBRC 102579, CCUG 54348",1,Nubsella zeaxanthinifaciens,GCA_003313335,18-40
4990,42,"DSM 2777, ATCC 12841, NCIB 8771, CCUG 2078, CIP 82.93, LMG 3054, NCIMB 8771",1,Obesumbacterium proteus,1354268.4,10
,,,,,2687453374,5
,,,,,2802429663,
,,,,,82983.1,
,,,,,GCA_001586165,
,,,,,GCA_001655035,
132595,B4199,"DSM 100830, CCUG 67636",1,Thiopseudomonas alkaliphila,2657244959,Oct-42
,,,,,GCA_001267175,20-35
132351,277,"DSM 25168, LMG 26948",1,Occallatibacter riparius,1002689.3,Nov-40
,,,,,GCA_025264625,
160327,T3246-1,"DSM 110499, JCM 32923, CGMCC 1.13532, CGMCC 1.13535",1,Occultella glacieicola,GCA_004353825,30-Oct
,,,,,,20
23438,BFLP-8,"DSM 23444, CECT 7691",1,Oceanibacterium hippocampi,2831931051,20
,,,,,745714.4,
,,,,,GCA_900172325,
133449,P24,"CCTCC AB 208226, LMG 24626, MCCC 1A02083",1,Oceanibaculum indicum,1207063.32,Oct-42
,,,,,2531839096,
,,,,,GCA_000299935,
158573,L54-1-50,"KCTC 52312, MCCC 1A05150",1,Oceanibaculum nanhaiense,2791354911,Oct-45
,,,,,GCA_002148795,4
6213,C116-18,"DSM 11625, NCIMB 13905, CIP 108206",1,Oceanicaulis alexandrii,1122613.3,Oct-37
,,,,,2523533582,
,,,,,GCA_000420265,
166199,YLY08,"MCCC 1H00318, KCTC 62182",1,Oceaniglobus ichthyenteri,GCA_003057885,Apr-40
141105,1-19b,"MCCC 1A11863, KCTC 52709",1,Oceaniglobus indicus,2788500143,May-37
,,,,,GCA_002751875,
132996,S9-10,"DSM 28133, CGMCC 1.12628, LMG 28074",1,Oceanihabitans sediminis,1812012.3,Jan-35
,,,,,2770939504,
,,,,,2833729168,
,,,,,GCA_003315315,
,,,,,GCA_003337215,
290,GB6,"DSM 15594, ATCC 700832, KCTC 12927, NCIMB 13685, CIP 107717",1,Oceanimonas baumannii,129578.3,Oct-41
,,,,,129578.4,5
,,,,,2593339295,
,,,,,GCA_002245495,
,,,,,GCA_004365405,
289,70,"DSM 7028, ATCC 27123, IAM 14168, JCM 21046, CCUG 12373, CCUG 16001, CIP 74.09, DSM 50408, ICPB 3526, LMG 2180, NBRC 103032, NCIMB 1965, CIP 74.9",1,Oceanimonas doudoroffii,2506520053,10
,,,,,84158.3,5
,,,,,GCA_002242685,
159645,102-Na3,"DSM 106032, JCM 32358, KCTC 62271",1,Oceanimonas marisflavi,2881423808,Apr-45
,,,,,GCA_003049725,
133770,V1-41,"CCUG 58690, KCTC 23013, NBRC 106171",1,Oceanisphaera arctica,641510.7,Apr-37
,,,,,GCA_002936955,
,,,,,GCA_014652055,
159702,AMac2203,"KCTC 62118, JCM 32207",1,Oceanisphaera avium,GCA_002157875,15-25
,,,,,,20
,,,,,,20-25
,,,,,,30-Apr
291,R5,"DSM 15406, CIP 108812, KCTC 23479, KMM 3654",1,Oceanisphaera litoralis,225144.3,May-37
,,,,,2861657729,
,,,,,GCA_016907015,
1377,S-11,"DSM 21910, CCUG 53534, CIP 109363, KCTC 13061",1,Oceanobacillus caeni,2901076836,20.0-45.0
,,,,,405946.6,
133918,,"KCTC 33035, CCUG 62987, CAU 1051",1,Oceanobacillus chungangensis,1229152.3,20-37
132449,J8B,"DSM 23996, IBRC-M 10444",1,Oceanobacillus halophilus,2840770658,20-45
,,,,,930130.3,
,,,,,GCA_003628505,
166101,,"CGMCC 1.17002, KCTC 43140, YIM 98839",1,Oceanobacillus halotolerans,2663380.3,Oct-50
,,,,,2894978065,
,,,,,GCA_010993955,
1372,HTE831,"DSM 14371, JCM 11309, CGMCC 1.8876, CIP 107618, KCTC 3954",1,Oceanobacillus iheyensis,221109.4,10
,,,,,637000201,
,,,,,GCA_000011245,
23737,A21,"DSM 28042, JCM 17251, NCIMB 14685, BCRC 80660",1,Oceanobacillus indicireducens,1004261.3,18-48
,,,,,GCA_014647195,
1380,A1g,"DSM 24772, CGMCC 1.7693, JCM 15776, BCRC 80658, KCTC 13886",1,Oceanobacillus neutriphilus,2901131393,10.0-45.0
,,,,,531815.3,
,,,,,531815.4,
,,,,,GCA_014645515,
164402,YLB-02,"JCM 32870, MCCC 1A12699",1,Oceanobacillus piezotolerans,GCA_003665065,15-50
133964,SA9,"JCM 17252, NCIMB 14684, DSM 107338, BCRC 80661",1,Oceanobacillus polygoni,1235259.4,May-48
,,,,,2894984523,
,,,,,2913595076,
,,,,,GCA_008304605,
,,,,,GCA_017874935,
1376,CL-MP28,"DSM 18246, CIP 109535, KCCM 42318, KCTC 13625",1,Oceanobacillus profundus,2834368228,15.0-42.0
,,,,,372463.3,
,,,,,GCA_003515705,
,,,,,GCA_008087205,
11289,101,"DSM 6286, ATCC 27509, NCIMB 2226, CIP 103445, LMG 5213, VPI 35",1,Oceanospirillum maris,1122617.3,15-30
,,,,,2523231066,5
,,,,,GCA_000422865,
1878,,"DSM 6882, Alc 37, ATCC 49188, CIP 149-70, CIP 82.115, LMG 3331, JCM 21032, CCUG 24695, CIP 149.70, IAM 14119, IFO 15819, NBRC 15819, NCTC 12168",1,Brucella anthropi,439375.57,20-37
,,,,,439375.58,5
,,,,,439375.59,
,,,,,439375.6,
,,,,,439375.63,
,,,,,439375.7,
,,,,,529.64,
,,,,,640753038,
,,,,,GCA_000017405,
,,,,,GCA_012103185,
166136,BO-7,"KACC 19676, LMG 30809",1,Ochrobactrum soli,GCA_003664555,18-42
170127,LCB8,"KCTC 72031, CGMCC 1.13984",1,Ochrobactrum teleogrylli,GCA_006376685,20-42
,,,,,VEWL00000000,4
132057,307,"DSM 28635, CIP 106731",1,Octadecabacter antarcticus,2510461047,15
,,,,,391626.16,4
,,,,,GCA_000155675,5
13689,238,"DSM 13978, CIP 106732",1,Octadecabacter arcticus,2512564006,4
,,,,,391616.17,
,,,,,391616.18,
,,,,,391616.3,
,,,,,GCA_000155735,
158523,RA1-3,"KCTC 42605, CECT 8868",1,Octadecabacter ascidiaceicola,1655543.5,10
,,,,,2835130448,4
,,,,,GCA_900185015,
131325,SB1,"DSM 26878, LMG 27946",1,Octadecabacter temperatus,1458307.13,20
,,,,,1458307.4,
,,,,,2626541597,
,,,,,2654588005,
,,,,,2698536702,
,,,,,GCA_001187845,
,,,,,GCA_900142425,
166413,Ha5,"DSM 106907, LMG 30589, NBRC 113643, KCTC 62952",1,Oecophyllibacter saccharovorans,GCA_006542375,15-37
6813,,"DSM 17330, JCM 13282, NRIC 0645, CIP 109430",1,Oenococcus kitaharae,1045004.4,15-37
,,,,,1045004.5,
,,,,,1045004.6,
,,,,,2524614648,
,,,,,2597489884,
,,,,,GCA_000241055,
,,,,,GCA_000428085,
6810,Baudry 1,"DSM 20252, ATCC 23279, NCDO 1674, JCM 6125, BCRC 14062, CCUG 30067, CCUG 30199, CCUG 32250, CECT 217, CIP 106144, KCTC 3072, LMG 9851, NBRC 100497, NCIMB 11648, NRIC 1543, NRRL B-3472, VTT E-97832",1,Oenococcus oeni,1122618.3,10
,,,,,1122618.5,15
,,,,,2515154139,
,,,,,GCA_000309445,
,,,,,GCA_000372485,
2380,DFA-19,"DSM 43852, ATCC 35307, HMGB B 1078, IFO 14295, IMET 7687, JCM 7350, NBRC 14295, NRRL B-16223, CCUG 47127, CIP 107637, IAM 14864, JCM 21363, VKM Ac-1048, VTT E-072708",1,Oerskovia enterophila,2681812870,10
,,,,,2833465287,15-30
,,,,,43678.6,
,,,,,GCA_001692445,
2381,,"CCUG 47105, CIP 108256, DSM 14281, IMET 7003, JCM 11755, LMG 20385, NBRC 106154",1,Oerskovia paurometabola,162170.3,30-Oct
,,,,,2893546927,20-37
,,,,,GCA_016907365,
133086,SM 30,"DSM 102969, NBRC 111955",1,Oharaeibacter diazotrophicus,1885025.3,May-40
,,,,,1920512.3,
,,,,,2788499818,
,,,,,GCA_004362745,
18139,3B-2,"DSM 25262, CCUG 58939, KCTC 23018",1,Ohtaekwangia koreensis,2595698225,20
,,,,,688867.3,
,,,,,GCA_900167975,
23712,8-4-E12,"DSM 23947, LMG 27601",1,Oikeobacillus pervagus,2926534574,20-50
140604,,"JCM 30904, KCCM 43131, MEBiC 09124",1,Oleiagrimonas citrea,GCA_012395255,18-38
140605,3.5X,"NBRC 110685, KCTC 42351, CPCC 100614, DSM 107085",1,Oleiagrimonas soli,1543381.5,Apr-41
,,,,,2861226885,
,,,,,GCA_000761445,
,,,,,GCA_014201555,
11298,2O1,"DSM 24913, BTCC B-675, NBRC 105760, CIP 110300",1,Thalassolituus maritimus,2681813515,Oct-40
,,,,,484498.3,
,,,,,GCA_900156675,
4150,AL1,"DSM 16109, NCIMB 13491",1,Oleidesulfovibrio alaskensis,1121436.3,Oct-45
,,,,,2528311093,
,,,,,GCA_000482745,
11299,ME102,"DSM 13489, LMG 20357, CIP 107588",1,Oleiphilus messinensis,141451.6,15-41
,,,,,2634166903,5
,,,,,2773857794,
,,,,,GCA_002162375,
,,,,,GCA_900108075,
166170,NAU-10,"KCTC 62417, CCTCC AB 2018015",1,Oleisolibacter albus,GCA_003336875,Oct-42
11291,RB-8,"DSM 14852, LMG 21398",1,Oleispira antarctica,2667527456,15
,,,,,698738.7,
14138,DC-186,"DSM 18733, CCUG 54353, LMG 23837, CIP 109620",1,Olivibacter domesticus,2599185177,15-36
,,,,,407022.6,
,,,,,GCA_900109575,
14091,AW-6,"DSM 17696, CECT 7133",1,Olivibacter sitiensis,1122621.3,May-45
,,,,,2515154027,
,,,,,GCA_000427965,
5727,L-4,"DSM 24464, CCUG 58074, KCTC 22661",1,Olleya aquimaris,2593339297,Apr-40
,,,,,639310.3,
,,,,,GCA_003259525,
24049,WT-MY15,"DSM 28881, CCUG 61507, KCTC 23673",1,Olleya namhaensis,1144750.3,30-Apr
,,,,,2693429874,20
,,,,,GCA_900114005,
17917,,"DSM 22228, CCUG 57622, CN 3",1,Orbus hercynius,2770939645,Apr-37
,,,,,593135.5,20-30
,,,,,GCA_003634275,
506,P3M-1,"DSM 23815, VKM B-2669",1,Ornatilinea apprima,1134406.9,20-50
,,,,,GCA_001306115,
1381,,"DSM 15681, CCM 7096, WSBC 24001, CIP 109287",1,Ornithinibacillus bavariensis,2861566911,15
,,,,,,7
1382,MB-9,"DSM 16628, CCM 7237, CIP 109288",1,Ornithinibacillus californiensis,161536.5,10
,,,,,2627854193,7
,,,,,GCA_001038485,
166377,L9,"KCTC 43176, CGMCC 1.17659",1,Ornithinibacillus caprae,GCA_009728145,Oct-50
1383,,"DSM 22953, CCUG 53201",1,Ornithinibacillus contaminans,2645727623,10
,,,,,694055.4,20.0-45.0
,,,,,GCA_001038425,5
166211,LJ137,"CGMCC 1.13678, NBRC 113552",1,Ornithinibacillus gellani,GCA_003730295,15-40
6312,HB09001,"DSM 23364, CGMCC 1.10341, JCM 17738",1,Ornithinibacter aureus,2756170161,Apr-45
,,,,,622664.3,
,,,,,GCA_009858245,
6273,2115-028,"DSM 12335, ATCC BAA-9, IFO 16434, NBRC 16434, CCUG 43142, HKI 0125, JCM 11538, CIP 106364, IAM 14900, NCIMB 13613",1,Ornithinicoccus hortensis,2814123446,10
,,,,,82346.3,15-30
,,,,,82346.4,
,,,,,GCA_006716185,
,,,,,GCA_009602515,
6275,2115-015,"DSM 12362, CIP 106634, HKI 0124, JCM 11540, KCTC 19900, KCTC 19901, NBRC 106159, NCIMB 13784",1,Ornithinimicrobium humiphilum,125288.3,Oct-45
,,,,,2818991433,5
,,,,,GCA_006716885,
6279,K22-20,"DSM 17687, JCM 12763, MTCC 6545, CGMCC 1.6491, CIP 109338",1,Ornithinimicrobium kibberense,2590013.3,20-37
,,,,,2891388395,
,,,,,GCA_006519705,
6281,01-Gi-040,"DSM 22056, CCM 7610, JCM 30495",1,Ornithinimicrobium murale,1050153.3,15-30
,,,,,2833457382,
,,,,,GCA_003352835,
134039,B2,"CGMCC 1.12160, JCM 18464",1,Ornithinimicrobium tianjinense,1195761.3,20-40
,,,,,GCA_014636495,
5625,11/14/05,"DSM 15997, CCUG 23171, LMG 9086, MCCM 01774, CIP 104009, ATCC 51463",1,Ornithobacterium rhinotracheale,2509601001,15
,,,,,867902.3,5
,,,,,GCA_000265465,
6282,KV-628,"DSM 18082, JCM 12835, NBRC 100762, NRRL B-24347",1,Oryzihumus leptocrescens,2814123533,15-37
,,,,,297536.3,
,,,,,GCA_006716205,
140788,EPL6,"LMG 28427, CECT 8927, CCUG 62476",1,Oryzisolibacter propanilivorax,2671180222,15-37
,,,,,GCA_900103645,
17691,Sjm 18-20,"DSM 18026, NBRC 101213",1,Oscillibacter valericigenes,693746.1,15-35
,,,,,693746.9,
159829,KADR8-3,"KACC 19325, NBRC 113109",1,Ottowia oryzae,2109914.3,Oct-37
,,,,,GCA_003008535,
2979,K11,"DSM 14619, JCM 11629",1,Ottowia thiooxydans,1122623.5,Feb-29
,,,,,2523533611,
,,,,,GCA_000422885,
3250,,"DSM 17368, JCM 12287, NRRL B-23963, UST 20020801, CIP 108786",1,Owenweeksia hongkongensis,2508501098,Apr-37
,,,,,926562.26,Apr-37
,,,,,926562.27,
,,,,,926562.3,
,,,,,GCA_000236705,
,,,,,GCA_945865885,
,,,,,GCA_945881955,
,,,,,GCA_945907425,
13772,HDW-9,"DSM 25228, CCUG 58403, KCTC 22805",1,Pacificibacter marinus,2622736522,Apr-34
,,,,,658057.3,
,,,,,GCA_900109555,
7523,,"DSM 20115, ATCC 11442, CCUG 23888, NCIB 9541, LMG 3822, JCM 2520, BCRC 12111, CGMCC 1.1924, CIP 106988, IAM 14585, IFO 15510, KCTC 3380, NBRC 15510, NCIMB 9541, NRIC 0152, VKM Ac-1978, CCRC 12111",1,Paenarthrobacter histidinolovorans,43664.3,Oct-37
,,,,,GCA_014647595,
7619,Cr-2,"DSM 20138, ATCC 14264, NCPPB 1228, CCUG 23889, LMG 3659, LMG 7254, CIP 107004, CCM 4967, JCM 12267, CECT 4207, CFBP 1380, HAMBI 1849, IAM 14586, ICMP 2607, IFO 15514, NBRC 15514, VKM Ac-1987, PDDCC 2607",1,Paenarthrobacter ilicis,2824339274,Oct-37
,,,,,2893582668,
,,,,,43665.5,
,,,,,43665.6,
,,,,,GCA_011761315,
,,,,,GCA_016907545,
7576,,"DSM 420, ATCC 49919, JCM 3874, CGMCC 1.1933, CIP 106990, IAM 14587, IFO 15511, KCTC 9902, LMG 16253, NBRC 15511, NCAIM B.02133, NCAIM B.02288, VKM Ac-1988",1,Paenarthrobacter nicotinovorans,2918346339,10
,,,,,29320.11,15
,,,,,29320.24,
,,,,,29320.7,
,,,,,GCA_014648735,
,,,,,GCA_017876445,
,,,,,GCA_021919345,
7592,G2-1,"DSM 15232, CCM 4924, JCM 14115, CIP 108435, IAM 15314",1,Paenarthrobacter nitroguajacolicus,1303677.3,Apr-37
,,,,,2734481943,Oct-37
,,,,,GCA_001313365,
133094,KUDC4121,"DSM 24950, KCTC 13870",1,Paenibacillus aceris,2913432798,18-37
,,,,,869555.4,
,,,,,GCA_017874035,
140618,L14,"CGMCC 1.15420, JCM 31170",1,Paenibacillus aceti,1820010.4,10
,,,,,2882253857,15-50
,,,,,GCA_003614185,
,,,,,GCA_014642755,
158574,Q4-3,"CGMCC 1.16134, KCTC 33911, KCTC 43225, CIP 111608",1,Paenibacillus albidus,2041023.3,Apr-37
,,,,,GCA_014644435,
11459,1347,"DSM 5050, NRRL NRS-1347, JCM 9068, ATCC 51185, CIP 103122, IFO 15375, NBRC 15375, NCIMB 12517",1,Paenibacillus alginolyticus,1122915.3,10
,,,,,1122915.5,
,,,,,2524614879,
,,,,,GCA_000422905,
,,,,,GCA_004000725,
11584,KSL-134,"DSM 17040, CIP 109150, KCTC 3956",1,Paenibacillus alkaliterrae,GCA_021532375,Oct-37
11575,MH21,"DSM 15890, ATCC BAA-844, CIP 109447, KCTC 13749",1,Paenibacillus anaericanus,170367.3,5.0-40
,,,,,2916373010,
,,,,,GCA_003994475,
166335,MAH-34,"KACC 19974, CGMCC 1.16610",1,Paenibacillus anseongense,2755557.3,Oct-37
,,,,,GCA_009757995,
,,,,,GCA_013778375,
134087,20CM,"LMG 22078, CECT 5836, CIP 108571",1,Paenibacillus antarcticus,253703.3,Apr-31
,,,,,2744054795,30-Oct
,,,,,GCA_001637225,12.5
,,,,,,15
11599,,"DSM 18201, CIP 109026, JCM 13186, MTCC 6934, GPTSA 11, BCRC 17546, KCTC 13627",1,Paenibacillus assamensis,1122916.4,20-37
,,,,,2524023086,
,,,,,GCA_000422445,
141156,NF2-4-5,"KACC 18967, LMG 29963, DSM 104138",1,Paenibacillus azotifigens,2047734.3,15
,,,,,2904120120,18-37
,,,,,GCA_008635805,
11504,P3 L-5,"DSM 5976, ATCC 35681, LMG 14658, CIP 104586",1,Paenibacillus azotofixans,1333534.3,10
,,,,,1333534.5,
,,,,,2619619294,
,,,,,GCA_000520635,
,,,,,GCA_000993825,
140850,Back-11,"KCTC 33723, CECT 8890",1,Paenibacillus baekrokdamisoli,1712516.3,30-Oct
,,,,,1712516.5,
,,,,,2824296850,
,,,,,2850738089,
,,,,,GCA_003945345,
,,,,,GCA_014191785,
11585,BP-23,"DSM 15478, CECT 7022, CIP 108718",1,Paenibacillus barcinonensis,198119.4,Oct-40
,,,,,2770939580,Oct-45
,,,,,GCA_003217495,
11612,SAFN-016,"DSM 22255, ATCC BAA-1209, CIP 109354, NBRC 101215",1,Paenibacillus barengoltzii,1220556.3,Oct-50
,,,,,GCA_004000745,
11552,"KK19, KK19T","DSM 13188, CCUG 43137, KCTC 3805, CIP 107056",1,Paenibacillus borealis,160799.4,10
,,,,,2630968594,
,,,,,GCA_000758665,
132451,"BD 3526, BD3526","DSM 28815, CGMCC 8333",1,Paenibacillus bovis,1616788.3,Oct-40
,,,,,2775507276,
,,,,,GCA_001421015,
23182,D75,"DSM 24714, CGMCC 1.10784",1,Paenibacillus catalpae,1045775.4,15-40
,,,,,2675903006,
,,,,,GCA_900112695,
11545,B-142,"DSM 11731, IFO 15958, JCM 9905, NBRC 15958, NRRL B-142, HSCC 442, PCI 221, ATCC 9966, ATCC BAA-725, CCM 1084, CECT 375, CIP 105254, IAM 1112, IFO 3329, KCTC 3758, LMG 14457, NBRC 3329, NCIMB 8144",1,Paenibacillus chibensis,2925295060,10
,,,,,59846.3,
,,,,,GCA_004001045,
11514,EAG-3,"DSM 11030, IFO 15660, NBRC 15660, JCM 12162, CCM 4527, CIP 104914, KCCM 41400, KCTC 3791, LMG 18047, NRRL B-23119, EAG 3",1,Paenibacillus chitinolyticus,1220558.3,10
,,,,,2600255075,
,,,,,2848028059,
,,,,,79263.3,
,,,,,GCA_000739915,
,,,,,GCA_004117095,
133429,CKOBP-6,"BCRC 17728, LMG 24216",1,Paenibacillus contaminans,GCA_003285015,Oct-37
158760,LPB0068,"KACC 18694, JCM 31183",1,Paenibacillus crassostreae,2718218093,Apr-35
,,,,,2744054636,
,,,,,GCA_001637335,
,,,,,GCA_001857945,
11509,Yk9,"DSM 10247, IFO 15724, NBRC 15724, JCM 12163, ATCC 51898, CCM 4536, CIP 104575, HSCC 491, KCTC 3759, LMG 18050, NRRL B-23243",1,Paenibacillus curdlanolyticus,648276707,10
,,,,,717606.6,
,,,,,GCA_000179615,
11561,AP-20,"DSM 15491, JCM 11236, KCTC 3745, BCRC 17345, CIP 107805",1,Paenibacillus daejeonensis,1122917.3,10
,,,,,2519103188,
,,,,,GCA_000378385,
24289,Br,"DSM 27245, ICMP 19912",1,Paenibacillus darwinianus,2609460045,20
,,,,,GCA_000598065,
11638,JH8,"DSM 22278, KCTC 13049, LMG 23780",1,Paenibacillus donghaensis,2757320370,20-25
,,,,,414771.3,
,,,,,GCA_002192415,
11503,,"DSM 1735, ATCC 27763, LMG 15707, VPI 6563-1, CIP 105291",1,Paenibacillus durus,44251.11,10
,,,,,44251.7,
,,,,,GCA_000756615,
11513,"EAG-5, EGA 5","DSM 11029, IFO 15659, NBRC 15659, JCM 12161, CCM 4526, CIP 104913, KCTC 3748, LMG 18048, NRRL B-23118",1,Paenibacillus ehimensis,1220562.3,10
,,,,,GCA_004000785,
11607,"LGC-32714SD17, SD17","DSM 22254, CIP 108552, KCTC 10016BP, NBRC 100335, CIP 108599",1,Paenibacillus elgii,1349776.3,10
,,,,,2839866320,20-45
,,,,,GCA_004000865,
134004,PECAE04,"LMG 27297, CECT 8234, CIP 110709",1,Paenibacillus endophyticus,1294268.3,Oct-40
,,,,,2824442830,
,,,,,GCA_014192395,
132397,SH7,"DSM 29760, CECT 8558",1,Paenibacillus etheri,GCA_001012825,May-50
133092,I12B-01101,"DSM 26048, KCTC 33054, CPCC 100226, CPCC 100226T",1,Paenibacillus eucommiae,1355755.3,Oct-40
,,,,,2913465876,
,,,,,GCA_017874215,
11588,GMP01,"DSM 17253, CECT 5760, LMG 20987, CIP 108371",1,Paenibacillus favisporus,2928311319,10
166418,DXL2,"KCTC 33976, CCTCC AB 2018054",1,Paenibacillus flagellatus,2211139.3,15-49
,,,,,2882543331,
,,,,,GCA_003217775,
11625,ZL,"DSM 21315, BCRC 17579, LMG 23577, CIP 110593, KCTC 13624",1,Paenibacillus fonticola,1122918.3,20-45
,,,,,2519899635,
,,,,,GCA_000381905,
11628,"T 98, T98","DSM 17842, CCBAU 10203, CIP 110608",1,Paenibacillus forsythiae,2926669167,Oct-40
11661,,"DSM 25554, CCTCC AB 2011150, JCM 18141, YIM 016, LMG 31322",1,Paenibacillus frigoriresistens,1143711.3,15
,,,,,GCA_013266765,
11603,,"DSM 18677, CIP 109800, KCTC 13059, Gsoil 139",1,Paenibacillus ginsengarvi,2904143049,18-45
,,,,,400777.3,
,,,,,GCA_003626695,
11648,,"DSM 22343, NCCB 100252, KFC 91, CIP 110200",1,Paenibacillus glacialis,2744054794,30-Apr
,,,,,494026.3,20
,,,,,GCA_001637205,
11495,"S93, B-14679","DSM 5162, ATCC 49278, IFO 15330, NBRC 15330, NCIB 12809, CCUG 28523, NRRL B-14679, CIP 106935, LMG 12239, NCIMB 12809",1,Paenibacillus glucanolyticus,1349777.4,10
,,,,,2687453498,
,,,,,59843.4,
,,,,,GCA_001632305,
,,,,,GCA_004000885,
11590,DS-1,"DSM 17608, CIP 107742, JCM 11221, KCTC 3808, NRRL B-23455, IFO 16618, NBRC 16618",1,Paenibacillus glycanilyticus,1220565.3,10
,,,,,GCA_004000805,
11559,"RSA 19, RSA19","DSM 15220, ATCC BAA-95, LMG 19080, CIP 107688",1,Paenibacillus graminis,189425.5,Oct-37
,,,,,2630968473,
,,,,,GCA_000758705,
11635,"B519, 22.101","DSM 16969, KCTC 3951",1,Paenibacillus harenae,1122920.3,Oct-40
,,,,,2523533617,
,,,,,GCA_000422465,
11616,PC-147,"DSM 18784, CIP 110609, LMG 23886, NBRC 102415, NRBC 102415",1,Paenibacillus humicus,1349778.3,15-40
,,,,,GCA_004000905,
11549,"14, NRS-1356","DSM 11733, IFO 15959, JCM 9907, NBRC 15959, NCIMB 13573, NRRL NRS-1356, CCUG 50778, CIP 105253, LMG 18051, HSCC 309, KCTC 3760",1,Paenibacillus illinoisensis,1349779.3,10
,,,,,GCA_004000925,
11511,YK205,"DSM 10249, IFO 15729, NBRC 15729, JCM 12164, ATCC 51900, CCM 4537, CIP 104576, HSCC 488, LMG 18049, NRRL B-23246",1,Paenibacillus kobensis,1220566.3,10
,,,,,GCA_004000825,
24279,AM49,"DSM 27933, JCM 11465, KCTC 0766BP, BCRC 17343, CIP 108253",1,Paenibacillus kribbensis,2773857839,10
,,,,,GCA_002240415,
11563,"MB 1871, R-7191","DSM 15596, CIP 108827, LMG 21940",1,Paenibacillus lactis,228574.6,10
,,,,,2913370050,
,,,,,GCA_017873605,
11592,"Med-540, 846","CCUG 28515, CIP 104618, DSM 7030, ATCC 9545, LMG 9820, NRRL B-2605",1,Paenibacillus larvae,147375.4,10
,,,,,147375.5,
,,,,,2814123210,
,,,,,GCA_002003265,
11591,"670, NRS-1508","DSM 3615, ATCC 49843, LMG 6911, NCIMB 11201, NRRL B-3685, CCUG 52235, ATCC 13537, LMG 15974, NRRL B-3670, CIP 104990, NRS 1508",0,Paenibacillus larvae,1477.13,10
,,,,,1477.16,
,,,,,1477.17,
,,,,,2814123212,
,,,,,GCA_002007765,
166183,R-3,"CGMCC 1.16135, KCTC 33912",1,Paenibacillus luteus,GCA_006542765,Apr-38
166348,12200R-189,"KACC 19916, CCTCC AB 2020027",1,Paenibacillus lycopersici,2888578766,15-40
,,,,,GCA_010119935,
11475,"888, NRS-888","DSM 24, ATCC 8244, CCM 2012, CIP 66.19, IAM 12467, LMG 13281, NCIB 9368, NCTC 6355, CCUG 7423, LMG 6324, IAM 1227, NRS 888, JCM 2500, BCRC 14680, CECT 19, IFO 15307, KCTC 1822, NBRC 15307, NCFB 1764, NCIMB 9368, NRRL B-172, NRRL B-394, NRRL B-4267, VKM B-506, VTT E-81138, NCDO 1764",1,Paenibacillus macerans,1349781.5,10
,,,,,2904127458,
,,,,,44252.8,
,,,,,GCA_000746875,
,,,,,GCA_004000965,
,,,,,GCA_900454495,
11642,M4-2,"DSM 23149, JCM 14954, NCIMB 14397, CIP 110021",1,Paenibacillus macquariensis subsp. defensor,2744054793,20-25
,,,,,467974.3,
,,,,,GCA_001637215,
11477,,"DSM 2, ATCC 23464, CIP 103269, LMG 6935, NCTC 10419, CCUG 37394, NCIMB 9934",1,Paenibacillus macquariensis subsp. macquariensis,2681812895,22-Oct
,,,,,948756.3,20
,,,,,948756.4,
,,,,,GCA_900156375,
132390,R55,"DSM 29850, CGMCC 1.15043",1,Paenibacillus marchantiophytorum,1619310.3,20-37
,,,,,GCA_014640555,
11579,2301065,"KCTC 3991, DSM 16942, CCUG 48215, CIP 107939",1,Paenibacillus massiliensis subsp. massiliensis,1122921.3,10
,,,,,2517572189,
,,,,,GCA_000377505,
11615,,"DSM 21345, KCTC 13020, LMG 23405, Gsoil 1411",1,Paenibacillus massiliensis subsp. panacisoli,1122922.3,20-42
,,,,,2524614514,
,,,,,GCA_000426545,
133206,BL24,"NRRL B-51698, CCM 7577",1,Paenibacillus methanolicus,GCA_008124765,May-42
159846,RA17,"KCTC 33894, CCTCC AB 2017053",1,Paenibacillus montanisoli,2882553798,Apr-37
,,,,,GCA_003268025,
11636,MX2-3,"DSM 22867, KCTC 13044, PCU 276, TISTR 1828",1,Paenibacillus nanensis,393251.3,20-45
,,,,,GCA_003583765,
140932,P5-1,"CGMCC 1.15178, NBRC 111536",1,Paenibacillus nasutitermitis,1652958.3,Oct-40
,,,,,GCA_014641075,
130516,,"DSM 28018, CGMCC 1.12819, NRRL B-59112, YIM h-19, JCM 19632",1,Paenibacillus nicotianae,1526551.3,3
,,,,,2901191849,
11560,TOD45,"DSM 15391, ATCC BAA-93, LMG 19079, JCM 21743, IAM 15293, CIP 107685",1,Paenibacillus odorifer,189426.6,10
,,,,,2630968887,
,,,,,GCA_000758725,
133265,1DrF-4,"ACCC 19927, JCM 30486",1,Paenibacillus oryzae,1844972.5,15-40
,,,,,2791355222,
,,,,,GCA_001675045,
159376,MS2379,"DSM 107750, ATCC TSD-165",1,Paenibacillus ottowii,2315729.3,Oct-45
,,,,,GCA_006874425,
,,,,,VIJZ00000000,
159805,M4BSY-1,"KCTC 33997, CGMCC 1.13667",1,Paenibacillus paeoniae,2904108052,Oct-37
,,,,,GCA_003388735,
24280,RCB-08,"DSM 28340, CECT 7358, KCTC 13222, CIP 110298",1,Paenibacillus pectinilyticus,512399.3,15-30
,,,,,GCA_001700435,
140866,PM10,"LMG 28691, CECT 8827",1,Paenibacillus periandrae,GCA_022458865,15-37
11589,,"DSM 17399, CECT 5862, LMG 22192, PALXIL 04, CIP 108717",1,Paenibacillus phyllosphaerae,274593.3,10
,,,,,2824364704,Oct-37
,,,,,2928318167,
,,,,,GCA_014192105,
166105,,"KACC 18701, NBRC 111876, ASL 46",1,Paenibacillus pinistramenti,GCA_005869875,20-45
159375,MS74,"DSM 105496, KACC 19385",1,Paenibacillus piri,2904181319,Oct-35
,,,,,GCA_004354045,
,,,,,SMRT00000000,
11487,,"DSM 36, ATCC 842, BUCSAV 162, CCM 1459, JCM 2507, LMG 13294, NCIB 8158, NCTC 10343, CCUG 7426, BCRC 11168, CECT 155, CFBP 4258, CIP 66.22, HAMBI 1897, HAMBI 635, IAM 13419, IFO 15309, KCTC 3627, KCTC 3858, LMG 6319, NBRC 15309, NCFB 1774, NCIMB 8158, NRRL B-4317, VKM B-514, VTT E-97008, NCDO 1774",1,Paenibacillus polymyxa,1036171.11,10
,,,,,1036171.3,
,,,,,1406.162,
,,,,,2547132099,
,,,,,2907128583,
,,,,,GCA_000217775,
,,,,,GCA_022811565,
,,,,,GCA_900454525,
,,,,,GCA_903797665,
140554,BL9,"ICMP 17623, NBRC 105191",1,Paenibacillus polysaccharolyticus,2654588110,15-37
,,,,,GCA_900102085,
11508,,"DSM 22700, ATCC 14706, CCUG 28881, CIP 106066, NCCB 75017, NRRL B-2309, KCTC 3806",1,Paenibacillus popilliae,1212764.3,10
,,,,,2537561634,
,,,,,GCA_000315235,
11649,PW21,"DSM 22405, CECT 7506, LMG 25259, CIP 110273",1,Paenibacillus prosopidis,2770939585,May-40
,,,,,630520.3,
,,,,,GCA_003337375,
163976,,"JCM 31243, KCCM 43190",1,Paenibacillus psychroresistens,GCA_009728935,20
133371,TEGT-2,"CCTCC AB 2015258, KCTC 33806",1,Paenibacillus qinlingensis,GCA_028746185,4
140933,694,"CGMCC 1.15286, DSM 100762",1,Paenibacillus radicis,1737354.3,Oct-45
,,,,,GCA_014641555,
159374,7197,"DSM 103168, CGMCC 1.15699",1,Paenibacillus rhizophilus,GCA_003854965,20-40
133089,JJ-64,"DSM 103963, CCM 8725, LMG 29875, CIP 111186",1,Paenibacillus rhizoplanae,1917181.3,Oct-36
,,,,,2913577593,4
11587,"CECAP06, CECAP06T","DSM 17254, CECT 5831, LMG 21955, CIP 108774",1,Paenibacillus rhizosphaerae,2824357598,Oct-37
,,,,,2901054056,
,,,,,297318.4,
,,,,,297318.5,
,,,,,GCA_014192015,
166349,14171R-81,"KACC 19915, CCTCC AB 2020026",1,Paenibacillus rhizovicinus,2889049205,Oct-37
,,,,,GCA_010365285,
133620,WPCB173,"KCTC 13282, JCM 16352, LMG 31321, DSM 25278",1,Paenibacillus rigui,2916390109,15-37
,,,,,554312.4,
,,,,,GCA_002234615,
11620,T27,"DSM 17841, CCBAU 10202, CIP 109632, KCTC 13697",1,Paenibacillus sabinae,1268072.3,Apr-37
,,,,,2576861424,
,,,,,GCA_000612505,
11578,2301083,"DSM 16941, CCUG 48214, CIP 107938, KCTC 3993",1,Paenibacillus sanguinis,1122925.3,10
,,,,,2517572150,
,,,,,GCA_000374825,
11660,"GT-H3, GTH-3","DSM 23491, CIP 110613, LMG 25635",1,Paenibacillus sediminis,2913409695,Apr-55
,,,,,664909.3,
,,,,,GCA_017873765,
132619,DB13260,"DSM 28014, CGMCC 1.12769",1,Paenibacillus segetis,1325360.3,May-40
,,,,,GCA_014639155,
132640,LOOC204,"DSM 101953, JCM 30974, MAFF 516319",1,Paenibacillus silagei,1670801.3,4.0-37.0
,,,,,2913566476,
,,,,,GCA_017874735,
133090,DB 13031,"DSM 28013, CGMCC 1.12770",1,Paenibacillus silvae,1325358.4,Oct-53
,,,,,GCA_014639235,
133010,FJAT-22460,"DSM 100999, CCTCC AB 2015207",1,Paenibacillus solani,2651869824,Oct-40
,,,,,GCA_001277345,
133511,X19-5,"CCBAU 83901, LMG 24727",1,Paenibacillus sonchi,1173684.3,Oct-40
,,,,,2548877040,
,,,,,373687.11,
,,,,,GCA_000316285,
,,,,,GCA_016772475,
11656,S27,"DSM 23020, CGMCC 1.10238, CIP 110614",1,Paenibacillus sophorae,1333845.3,15-50
,,,,,1333845.6,
,,,,,2579778832,
,,,,,2617270876,
,,,,,682957.3,
,,,,,GCA_018966525,
,,,,,GCA_900110315,
11556,IS1,"DSM 14472, CCUG 45566, CIP 108130, KCTC 3931, KCTC 3994",1,Paenibacillus stellifer,169760.4,10
,,,,,2639763138,
,,,,,GCA_000758685,
11626,V10537,"DSM 19942, BCRC 17757, CIP 110615",1,Paenibacillus taichungensis,484184.9,May-40
,,,,,GCA_013359905,
134006,THMBG22,"CGMCC 1.10966, NBRC 108766",1,Paenibacillus taihuensis,1156355.6,20-40
,,,,,2667527449,
,,,,,GCA_003386535,
11604,G-soil-2-3,"DSM 18679, IAM 15414, LMG 23799, BCRC 17411, JCM 23198, CIP 109674, KCTC 13628",1,Paenibacillus taiwanensis,1122926.3,Oct-45
,,,,,2524614883,
,,,,,GCA_000425125,
11622,A35,"DSM 21567, CCTCC AB 206026, IAM 15291, JCM 21741, CIP 109482",1,Paenibacillus terrigena,1122927.3,Apr-32
,,,,,2517572151,18
,,,,,GCA_000374845,
164504,N2SHLJ1,"JCM 33293, CGMCC 1.13865",1,Paenibacillus thalictri,2881057424,Oct-37
,,,,,GCA_004307995,
11502,1393,"DSM 7262, JCM 8360, NRRL B-4156, CCUG 28880, NCTC 12999, LMG 17412, CIP 104430, AHU 1393, AHU 1392, IFO 15656, KCTC 3764, LMG 17404, NBRC 15656, NCIMB 13158, NRRL: B-4156",1,Paenibacillus thiaminolyticus,1349794.4,10
,,,,,GCA_002161855,
,,,,,GCA_004001005,
,,,,,GCA_007066085,
11657,B27,"DSM 22342, CGMCC 1.8946, CIP 110617",1,Paenibacillus tianmuensis,2617270934,20-37
,,,,,624147.3,
,,,,,GCA_900100345,
11580,2301032,"DSM 16943, CCUG 48216, CIP 108005, KCTC 3995",1,Paenibacillus timonensis,GCA_022427145,10
140529,RTAE36,"CECT 9125, LMG 29502",1,Paenibacillus tritici,1873425.3,15-45
,,,,,GCA_013204885,
11554,,"DSM 14349, NCCB 100011, MOL 722, CIP 107817",1,Paenibacillus turicensis,160487.3,10
,,,,,2913360750,
,,,,,GCA_017873435,
23180,xj7,"DSM 25190, CGMCC 1.11012, CIP 110618",1,Paenibacillus typhae,1174501.3,Oct-40
,,,,,2667527451,
,,,,,GCA_900099765,
11601,"R-16776, B2517","DSM 18334, CIP 108306, LMG 22176, KCTC 3997",1,Paenibacillus wynnii,2617271335,30-Oct
,,,,,268407.5,20
,,,,,GCA_000757885,20-37
830,,"DSM 520, ATCC 27380, CCUG 10978, NRRL NRS-1629",1,Paenibacillus xerothermodurans,1977292.4,15
,,,,,2791355494,20
,,,,,GCA_002220865,
11641,B22a,"DSM 21292, CIP 110619, NRRL B-51090",1,Paenibacillus xylanexedens,2913387726,13-32
,,,,,528191.2,
,,,,,GCA_017874615,
159377,A59,"DSM 107920, NCIMB 15123",1,Paenibacillus xylanivorans,2645727971,Apr-45
,,,,,GCA_001280595,
166455,3/5/03,"CGMCC 1.13686, KCTC 33998",1,Paenibacillus zeisoli,2882900578,20-41
,,,,,GCA_003994465,
130420,,"DSM 29880, LMG 24542, NCCB 100228, SPC 26, JCM 18952",1,Paeniglutamicibacter antarcticus,2918409668,25-Apr
,,,,,494023.8,
7626,LI3,"DSM 22826, CIP 110639, JCM 17806, NCCB 100315",1,Paeniglutamicibacter cryotolerans,2821582892,15
,,,,,670079.3,16
,,,,,GCA_014190875,
7610,Lz1y,"DSM 15796, JCM 12166, CIP 108630",1,Paeniglutamicibacter gangotriensis,2537561926,30-Apr
,,,,,GCA_000348945,30-Oct
7609,KGN15,"DSM 15797, CIP 108629, JCM 12165",1,Paeniglutamicibacter kerguelensis,254788.3,30-Apr
,,,,,2918371629,25-Oct
,,,,,GCA_017876535,
7597,AG31,"DSM 15454, CIP 108593, LMG 21914, JCM 13568, IAM 15315",1,Paeniglutamicibacter psychrophenolicus,257454.3,25-Jan
,,,,,2918367102,30-Oct
,,,,,GCA_017876575,13
,,,,,,20
7566,3-Aug,"DSM 20167, ATCC 19098, NCIB 10355, JCM 1338, CGMCC 1.1898, CIP 106986, IAM 1488, IFO 12678, IMSNU 20369, KCTC 3196, LMG 16694, MTCC 1528, NBRC 12678, NCDO 2403, NCIMB 10355, NRRL B-14730",1,Paeniglutamicibacter sulfureus,2923482298,30-Oct
166228,JBTF-M29,"KACC 19867, NBRC 113548",1,Palleronia caenipelagi,2886615457,Oct-32
,,,,,GCA_007004065,4
,,,,,,5.5
,,,,,,6
,,,,,,7.0-8.0
11998,N-05,"DSM 21991, JCM 14646, CGMCC 1.6503",1,Paenisporosarcina antarctica,2852116859,0-23
,,,,,417367.3,17-18
,,,,,GCA_004367585,18
24335,PN2,"DSM 28130, JCM 15114, LMG 23933",1,Paenisporosarcina indica,2791354937,0-25
,,,,,650093.5,20
,,,,,GCA_001939075,
13826,B33,"DSM 26347, CECT 7066, LMG 22959",1,Palleronia marisminoris,2615840708,20-37
,,,,,2920190304,
,,,,,315423.1,
,,,,,315423.7,
,,,,,GCA_900113405,
,,,,,GCA_900172315,
12496,,"DSM 17365, JCM 13257, CCUG 53888, WB 4",1,Paludibacter propionicigenes,649633080,15-35
,,,,,GCA_000183135,
140824,KJ031,"KCTC 42852, CECT 8976",1,Paludibacterium purpuratum,1144873.3,20-37
,,,,,2770939604,
,,,,,GCA_004363805,
10525,5YN8-15,"DSM 18731, KACC 11601",1,Paludibacterium yongneupense,1122928.3,Apr-35
,,,,,2524023162,
,,,,,GCA_000422925,
132417,PX4,"DSM 28747, VKM B-2904",1,Paludisphaera borealis,1387353.3,15-25
,,,,,1387353.4,30-Jun
,,,,,1387353.5,
,,,,,2751185664,
,,,,,GCA_001956985,
132637,GS 1550,"DSM 18138, JCM 31452, KCTC 12658, Gsoil 1550",1,Panacibacter ginsenosidivorans,GCA_007971225,10.0-37.0
2059,,"DSM 16535, CCM 4976, CCUG 38412, CIP 106627, LMG 16407",1,Pandoraea apista,2684623145,10
,,,,,2698536526,5
,,,,,93218.12,
,,,,,93218.21,
,,,,,93218.9,
,,,,,GCA_001049515,
,,,,,GCA_001465595,
2056,"R2, UBM 101","DSM 11628, CCUG 39188, LMG 18379, CIP 39188, JCM 10565, ATCC BAA-65, CIP 105463",1,Pandoraea norimbergensis,2684623126,10
,,,,,93219.4,5
,,,,,GCA_001465545,
2060,R140,"DSM 16536, CCM 4978, CCUG 38742, CIP 106626, LMG 18087",1,Pandoraea pnomenusa,93220.25,10
,,,,,GCA_000767615,5
2058,"FC 330, R-650","DSM 16583, CCM 4979, CCUG 38759, CIP 106625, LMG 18106",1,Pandoraea pulmonicola,93221.4,10
,,,,,GCA_000815105,5
2057,,"ATCC BAA-64, DSM 21091, CCUG 45026, CIP 107268, LMG 18819, NCTC 13161, CCUG 45206, CCUG 39682",1,Pandoraea sputorum,2840576683,10
,,,,,93222.14,5
,,,,,93222.6,
,,,,,GCA_000814845,
,,,,,GCA_900187205,
140630,SE-S21,"JCM 30137, KACC 18127, LMG 30175",1,Pandoraea terrae,1537710.3,Oct-40
,,,,,2901612924,
,,,,,GCA_902459695,
2061,ATSB16,"DSM 25325, KACC 12757, LMG 24779, CIP 110207",1,Pandoraea thiooxydans,2648501246,Apr-42
,,,,,2721755763,
,,,,,445709.3,
,,,,,445709.9,
,,,,,GCA_001017775,
,,,,,GCA_001931675,
159698,Q4.6,"CGMCC 1.15703, KCTC 52466",1,Pannonibacter carbonis,2833391513,Apr-55
,,,,,GCA_003012935,
13692,C6/19,"DSM 14782, NCAIM B02025, CCUG 54624, CIP 107962",1,Pannonibacter phragmitetus,1122929.3,Oct-37
,,,,,2521172637,15-41
,,,,,GCA_000382365,5
4997,EB9,"DSM 17873, ATCC 33244, JCM 6986, LMG 2665, NCPPB 1846, CIP 105207, ICMP 1850, CFBP 3612, ENA 318",1,Pantoea ananatis,1378093.3,Oct-37
,,,,,1378093.4,5
,,,,,2576861011,
,,,,,2585427963,
,,,,,GCA_000661975,
,,,,,GCA_000710035,
5000,"YJ2, 81782, XU 102","DSM 30080, ATCC 19321, NCPPB 800, CIP 105208, ICMP 351, CFBP 3621",0,Pantoea ananatis,2563366679,Oct-37
,,,,,,5
5002,4778,"DSM 3873, ATCC 29267, LMG 2655, LMG 2657, PDDCC 1591-66, CIP 105195, NCPPB 3004, CFPB 3613, PDDCC 1591, ICPB EC 155",1,Pantoea cypripedii,2791355165,10
,,,,,55209.3,5
,,,,,GCA_002095535,
5006,1611,"DSM 30073, ATCC 14589, CCUG 25232, LMG 2603, CIP 103338",1,Pantoea dispersa,59814.155,10
,,,,,59814.23,5
,,,,,GCA_014155765,
12502,NS31-3,"DSM 24967, JCM 17797",1,Parabacteroides chartae,1037355.4,Oct-40
,,,,,2595698220,
,,,,,GCA_900168155,
133586,SA33,"NBRC 101816, VTCC D6-6",1,Paraburkholderia acidipaludis,1218074.4,17-37
,,,,,2582580767,
,,,,,GCA_000684975,
158708,BN5,"KACC 19419, JCM 32303",1,Paraburkholderia aromaticivorans,2775506701,20-37
,,,,,CP022990,
,,,,,GCA_002278075,
133179,CF1,"LMG 28690, CGMCC 1.15103",1,Paraburkholderia caffeinilytica,1761016.7,15.0-37.0
,,,,,1761016.8,
,,,,,2843952068,
,,,,,GCA_003368325,
,,,,,GCA_014640695,
,,,,,GCA_902859905,
1955,W50D,"DSM 17062, ATCC BAA-462, CCM 7150, CCUG 42236, CIP 107098, LMG 19076, JCM 21561, IAM 15100, JCM 13458, KCTC 12919, NBRC 102488, NCIMB 13884, VTT E-022246",1,Paraburkholderia caledonica,1218115.9,Oct-37
,,,,,134536.51,5
,,,,,2579779093,
,,,,,GCA_000685095,
,,,,,GCA_902833635,
1940,MWAP64,"DSM 13236, CCUG 42847, CIP 106784, LMG 18531",1,Paraburkholderia caribensis,2643221416,10
,,,,,2811995132,5
,,,,,75105.13,
,,,,,75105.16,
,,,,,GCA_001449005,
,,,,,GCA_002902945,
,,,,,GCA_902833515,
130228,NKMU-JPY461,"DSM 29787, BCRC 80259, JPY 461, KCTC 23308, LMG 26031",1,Paraburkholderia diazotrophica,2654588103,15-40
,,,,,667676.3,
,,,,,GCA_900108945,
166508,DHOA04,"KCTC 42627, LMG 28839",1,Paraburkholderia dinghuensis,2883107371,15-37
,,,,,GCA_003837865,
1954,,"DSM 17061, ATCC BAA-463, CCM 7151, CCUG 31961, CIP 107096, JCM 21562, LMG 16225, NBRC 102489, Croize P763-2, IAM 15101, JCM 13457, KCTC 12917, LMG 20227, VTT E-022247",1,Paraburkholderia fungorum,1218077.4,10
,,,,,134537.2,5
,,,,,2579778615,
,,,,,GCA_000685055,
,,,,,GCA_000961515,
,,,,,GCA_902833645,
159875,,"LMG 27177, HAMBI 3356, WSM 4178",1,Paraburkholderia fynbosensis,1200993.3,Oct-37
,,,,,2921684003,4
,,,,,GCA_902859935,
1956,,"DSM 17151, ATCC 700544, CCUG 42231, CIP 106649, LMG 18924, JCM 13456, CFBP 6734, NCIMB 13744",1,Paraburkholderia graminis,396598.11,10
,,,,,396598.3,5
,,,,,GCA_000172415,
,,,,,GCA_902859785,
133562,SA41,NBRC 101817,1,Paraburkholderia heleia,1218080.3,17-42
,,,,,2600255069,
,,,,,GCA_000739775,
1958,R-8366,"DSM 17164, CCUG 43661, LMG 20598, CCUG 43658, CIP 107793, CCM 7152, CCUG 43661 A, LMG 20574",1,Paraburkholderia hospita,169430.12,30-Oct
,,,,,169430.4,5
,,,,,169430.6,
,,,,,2654588150,
,,,,,2802429422,
,,,,,GCA_002902965,
,,,,,GCA_900108355,
,,,,,GCA_902833685,
1943,KP23,"DSM 13646, ATCC 700977, CCUG 43663, CIP 106643, JCM 10599, LMG 19447, CCM 7121, CGMCC 1.10442",1,Paraburkholderia kururiensis,1236956.13,10
,,,,,1236956.7,5
,,,,,2579778690,
,,,,,984307.21,
,,,,,GCA_000616025,
,,,,,GCA_003986935,
,,,,,GCA_902833705,
1991,OX-01,"DSM 22550, LMG 26376, NBRC 105797, CIP 110291",1,Paraburkholderia oxyphila,1218083.4,15-40
,,,,,2579778781,
,,,,,GCA_000685075,
166291,7MH5,"GDMCC 1.1450, KACC 19962",1,Paraburkholderia pallida,GCA_004524855,Apr-37
164192,,"JCM 32098, KCTC 52951, DCY 113",1,Paraburkholderia panacisoli,GCA_008369935,Oct-35
1937,1A,"DSM 10684, ATCC 33666, BCRC 17398, CCUG 20836, CCUG 46044, CFBP 4793, CIP 106502, JCM 10564, LMG 2247, NCIMB 11027, USCC 2358",1,Paraburkholderia phenazinia,2651870170,10
,,,,,60549.3,5
,,,,,GCA_900100735,
1967,AC1100,"DSM 17773, CCUG 48558, CIP 108591, LMG 22037",1,Paraburkholderia phenoliruptrix,252970.3,10
,,,,,252970.5,5
,,,,,2554235175,
,,,,,GCA_000416445,
,,,,,GCA_902833655,
,,,,,GCA_902859825,
166419,7QSK02,"GDMCC 1.1283, CGMCC 1.15470, KCTC 62473",1,Paraburkholderia phosphatilytica,2856306670,Dec-37
,,,,,GCA_003443895,
1960,815,"DSM 17167, CCUG 47179, CIP 108236, LMG 21445, STM 815",1,Paraburkholderia phymatum,391038.42,Oct-37
,,,,,GCA_902833665,5
133968,,"LMG 27174, HAMBI 3354, WSM 3937",1,Paraburkholderia rhynchosiae,487049.5,Oct-37
,,,,,GCA_902859775,
1959,R-10964,"DSM 17165, CCT 6771, CCUG 46043, LMG 19450, IPT 101, CIP 107211",1,Paraburkholderia sacchari,159450.111,10
,,,,,159450.34,5
,,,,,1608357.5,
,,,,,2627854119,
,,,,,GCA_000785435,
,,,,,GCA_902833715,
1982,HU2-65W,"DSM 21400, KCTC 22086, LMG 24238, CCUG 56490",1,Paraburkholderia sediminicola,458836.1,15-30
,,,,,458836.8,
,,,,,GCA_902859805,
166290,4 M-K11,"GDMCC 1.1284, CGMCC 1.15450, KACC 19961, LMG 29217",1,Paraburkholderia silviterrae,GCA_004353915,20-33
,,,,,,Apr-42
133969,,"LMG 27175, HAMBI 3357, WSM 5005",1,Paraburkholderia sprentiae,754502.1,Oct-40
,,,,,754502.11,
,,,,,754502.7,
,,,,,754502.9,
166467,DHOC27,"LMG 30263, GDMCC 1.1281",1,Paraburkholderia telluris,GCA_003429005,Apr-37
1963,R-8118,"DSM 17221, CCM 7153, CCUG 44527, CIP 107794, LMG 20594, JCM 13473",1,Paraburkholderia terricola,169427.4,Oct-37
,,,,,169427.9,5
,,,,,2654588105,
,,,,,GCA_900142195,
,,,,,GCA_902833815,
1944,PPe8,"DSM 15359, ATCC BAA-831, BR 11366, LMG 21772, LMG 22274, CCUG 54298, LMG 21393, CIP 108594",1,Paraburkholderia tropica,2654587898,Jul-42
,,,,,2857341469,10
,,,,,92647.15,5
,,,,,92647.5,
,,,,,GCA_002071575,
,,,,,GCA_900109265,
,,,,,GCA_902833865,
1971,,"DSM 18489, CCUG 47178, CIP 108238, LMG 21444, STM 678",1,Paraburkholderia tuberum,491071.3,10
,,,,,GCA_902833905,5
1961,"MTI-641, MTl-641","DSM 17197, ATCC BAA-744, CIP 107921, LMG 22722",1,Paraburkholderia unamae,2501025502,10
,,,,,2510917013,5
1965,LB400,"DSM 17367, CCUG 46959, CIP 108558, LMG 21463, NRRL B-18064",1,Paraburkholderia xenovorans,2597490151,Oct-37
,,,,,2775506700,5
,,,,,637000053,
,,,,,GCA_000013645,
,,,,,GCA_000756045,
140306,IMT-305,"DSM 100048, CCM 8599, CIP 110902, LMG 28740",1,Paracandidimonas soli,1917182.4,Nov-45
,,,,,2802428855,20-25
,,,,,GCA_004342005,
166175,N24,"KCTC 62083, MCCC 1H00301",1,Paracnuella aquatica,2845927660,20-45
,,,,,GCA_003332885,
140628,SCU-M53,"KCTC 42932, CGMCC 1.15419",1,Paracoccus acridae,1795310.3,Oct-40
,,,,,GCA_014642735,
140969,"11410, 011410","CFCC 14285, KCTC 42845",1,Paracoccus aerius,1915382.3,Apr-37
,,,,,2803913.3,
,,,,,GCA_014656455,
,,,,,GCA_016757275,
13727,B7,"DSM 19484, JCM 15119, KCTC 22049, BCRC 80158",1,Paracoccus aestuarii,2901860463,15-37
,,,,,453842.3,
,,,,,453842.4,
,,,,,453842.5,
,,,,,453842.6,
,,,,,453842.7,
,,,,,453842.8,
,,,,,GCA_003594815,
,,,,,GCA_028553885,
140807,GHD-30,"KCTC 52214, NBRC 111993",1,Paracoccus aestuariivivens,1820333.3,10
,,,,,GCA_009711225,15-45
13711,TK 1015,"DSM 8512, ATCC 51199, JCM 7364, NCIMB 13180, BCRC 80157, CIP 106073, IAM 14749, IFO 16719, LMG 24023, NBRC 16719, VKM B-2138",1,Paracoccus alcaliphilus,2636415977,10
,,,,,34002.8,5
,,,,,GCA_028553725,
,,,,,GCA_900110285,
13717,"901/1, A901/1","DSM 11593, CIP 105684",1,Paracoccus alkenifer,2617270733,10
,,,,,65735.6,5
,,,,,GCA_900108405,
13714,DM-15,"DSM 8538, ATCC 49673, IAM 14245, JCM 7686, CIP 106077, IFO 16710, LMG 23830, NBRC 16710, VKM B-2141",1,Paracoccus aminophilus,1367847.11,10
,,,,,1367847.12,5
,,,,,1367847.13,
,,,,,1367847.14,
,,,,,1367847.15,
,,,,,1367847.3,
,,,,,2547132467,
,,,,,GCA_000444995,
13713,DM-82,"DSM 8537, ATCC 49632, IAM 14244, JCM 7685, BCRC 80946, CIP 106076, IFO 16711, LMG 23829, NBRC 16711, VKM B-2140",1,Paracoccus aminovorans,2615840720,10
,,,,,2773857812,5
,,,,,34004.1,
,,,,,34004.11,
,,,,,34004.12,
,,,,,34004.15,
,,,,,34004.9,
,,,,,GCA_900005615,
,,,,,GCA_900113565,
133282,"WPAn02, RKI16-01929","RKI 16-01929, LMG 29738, CCM 8701, CIP 111112",1,Paracoccus contaminans,1945662.3,10.0-45.0
,,,,,1945662.5,4
13693,,"CCUG 30144, LMG 4049, LMG 4219, IFO 13301, DSM 413, ATCC 17741, ATCC 19367, CCM 982, LMD 22.21, NCIB 8944, JCM 21484, IAM 15021, NBRC 102528, NCCB 22021, CIP 106306, IAM 12479, NCIMB 11627, JCM 6892, ICPB 3979",1,Paracoccus denitrificans,1302247.4,10
,,,,,2597490357,5
,,,,,266.1,
,,,,,266.34,
,,,,,266.43,
,,,,,2734481933,
,,,,,2841597668,
,,,,,GCA_001313145,
,,,,,GCA_004063735,
,,,,,GCA_007989485,
133625,22-May,"KCTC 22803, CCUG 58401",1,Paracoccus fistulariae,GCA_028553785,Oct-40
159700,MVW-1,"BCRC 80974, LMG 29554, KCTC 52239",1,Paracoccus fontiphilus,GCA_017356265,15-30
,,,,,,20-25
166511,M1-83,"LMG 30633, CIP 111624, CCM 8857",1,Paracoccus haematequi,2885094732,Oct-45
,,,,,GCA_900631945,11
,,,,,,4
,,,,,,4.5
,,,,,,5.0-7.5
134285,HN-182,"CGMCC 1.6117, JCM 14014",1,Paracoccus halophilus,2617270913,Jul-42
,,,,,2713897088,
,,,,,376733.15,
,,,,,376733.3,
,,,,,GCA_000763905,
,,,,,GCA_900111785,
140949,THG-T2.31,"KACC 18933, CCTCC AB 2016182",1,Paracoccus hibiscisoli,2023261.3,Oct-35
,,,,,2899275550,
,,,,,GCA_005048265,
13729,SW-3,"DSM 22220, BCRC 17967, LMG 25205",1,Paracoccus isoporae,2675903152,Apr-40
,,,,,591205.3,
,,,,,GCA_900101865,
133753,"KEMC5401-184, NB88","JCM 17370, KEMC 5401-184",1,Paracoccus limosus,913252.3,20-37
,,,,,GCA_009711185,
158752,GHD-05,"KCTC 52978, NBRC 112902",1,Paracoccus litorisediminis,2006130.3,Oct-40
,,,,,GCA_009711205,4
168566,CHF 10530,"CFH 10530, CGMCC 1.16597, KCTC 62919, DSM 108918",1,Paracoccus luteus,GCA_004522155,4.0-30.0
,,,,,SDEA00000000,
166193,I-41R45,"CCM 8875, CIP 111632",1,Paracoccus nototheniae,GCA_004335005,Oct-36
,,,,,,4
13706,GB 17,"DSM 2944, DSM 3967, LMD 82.5, JCM 21485, ATCC 35512, CIP 106514, IAM 15022, NBRC 102493, NCCB 82005",1,Paracoccus pantotrophus,2772190981,10
,,,,,82367.24,5
,,,,,82367.27,
,,,,,GCA_003633525,
,,,,,GCA_008824185,
159773,WN007,"KCTC 52851, ACCC 19972",1,Paracoccus salipaludis,2855052972,Oct-45
,,,,,GCA_002287065,
13728,,"DSM 18447, CCTCC AB 206074, KCTC 22163, YIM 90738",1,Paracoccus saliphilus,2681813562,Oct-55
,,,,,405559.3,
,,,,,GCA_028553805,
166454,DSL-16,"KCTC 62644, MCCC 1K03534",1,Paracoccus sediminilitoris,2881435380,Apr-40
,,,,,GCA_003259195,
13720,"LS-1, MBT-A4","DSM 14827, CIP 107400, NBRC 100798",1,Paracoccus seriniphilus,184748.24,10
,,,,,2737471638,5
,,,,,GCA_028553745,
,,,,,GCA_900199195,
13715,L1,"DSM 6637, CIP 105051",1,Paracoccus solventivorans,2695420926,Oct-37
,,,,,53463.8,5
,,,,,GCA_900142875,
133615,Zy-3,"ACCC 05413, HAMBI 3106",1,Paracoccus sphaerophysae,2713897090,Apr-60
,,,,,690417.3,
,,,,,GCA_000763805,
166470,GY0581,"KCTC 42710, MCCC 1A10575",1,Paracoccus subflavus,2882020545,15-40
,,,,,GCA_004310345,
160592,BM15,"DSM 107723, KCTC 72032, JCM 33289",1,Paracoccus tegillarcae,GCA_002847305,30-Oct
,,,,,,20
135951,,"CIP 106060, IAM 12816, IFO 14569, JCM 20756, ATCC 700171, NBRC 14569, NCIMB 13627, VKM B-2162",1,Paracoccus thiocyanatus,2681812813,10
,,,,,34006.7,5
,,,,,GCA_900156255,
133854,Tibet-S9a3,"CGMCC 1.8925, NBRC 105667",1,Paracoccus tibetensis,2596583549,Oct-35
,,,,,336292.4,
,,,,,GCA_900102505,
13705,A2,"DSM 582, ATCC 25364, CCM 2505, IAM 12814, JCM 20754, CIP 107117, IFO 14567, LMD 80.62, LMD 81.78, NBRC 14567, NCCB 80062, NCCB 81078, VKM B-2163",1,Paracoccus versutus,2615840723,10
,,,,,2713897089,5
,,,,,34007.16,
,,,,,34007.4,
,,,,,GCA_000763885,
,,,,,GCA_003387045,
131134,"N89, NS89","DSM 15382, JCM 9931, CIP 105708",1,Paracraurococcus ruber,2887745528,10
,,,,,77675.4,15-41
,,,,,77675.7,
,,,,,GCA_004353985,
,,,,,GCA_016584045,
141106,AFRC7-2-1,"MCCC 1A11748, KCTC 52632, NBRC 112785",1,Paraferrimonas haliotis,2831996763,15-37
,,,,,GCA_002282895,
134209,Mok-106,"NBRC 101628, CIP 109284",1,Paraferrimonas sedimenticola,2831818083,15-40
,,,,,375674.3,
,,,,,GCA_002282855,
164451,5GH32-13,"JCM 33061, KACC 17331",1,Paraflavitalea soli,2887093151,Oct-37
,,,,,GCA_003555545,
1430,"KP 1006, R-35637, NRS-81","DSM 2542, ATCC 43742, NCIB 11955, CCUG 28887, NRRL B-14233, CIP 106930, NRRL B-14516, NCIMB 11955",1,Parageobacillus thermoglucosidasius,1426.1,10
,,,,,1426.99,
,,,,,2627853848,
,,,,,2687453436,
,,,,,GCA_000966225,
,,,,,GCA_001295365,
1449,"R-35642, SK-1","DSM 14590, KCTC 0306BP, LMG 23037, CIP 108270",1,Parageobacillus toebii,1223503.6,10
,,,,,1223503.9,
,,,,,2773858069,
,,,,,2829804122,
,,,,,GCA_003688615,
,,,,,GCA_014196095,
134227,NO2,"KCTC 12755, LMG 23762",1,Paraglaciecola agarilytica,2529292809,30-Jul
,,,,,GCA_000314935,
136873,S18K6,"CIP 109488, JCM 13645, NCIMB 14146, CGMCC 1.7700",1,Paraglaciecola chathamensis,GCA_000314955,20
140314,S66,"DSM 102834, LMG 29457, NCIMB 15060",1,Paraglaciecola hydrolytica,2791354957,25-Oct
,,,,,GCA_001565895,20-25
452,,"DSM 15026, CIP 108360, KMM 241, LMG 22017",1,Paraglaciecola mesophila,1128912.3,30-May
,,,,,2531839187,
,,,,,GCA_000315015,
453,,"DSM 16457, CIP 108324, LMG 21857, ARK 150",1,Paraglaciecola polaris,1129793.3,30-May
,,,,,2531839185,17.5
,,,,,GCA_000315055,20
,,,,,,25-May
136874,170,"CIP 109542, JCM 13954, CGMCC 1.6130",1,Paraglaciecola psychrophila,GCA_000315075,13
,,,,,GCA_000347635,15
140575,S2-26,"KACC 18801, JCM 31547",1,Parahaliea aestuarii,2887451271,15-45
,,,,,GCA_008064635,
167356,HSLHS9,"MCCC 1A06717, KCTC 52307",1,Parahaliea maris,GCA_008064665,15-41
497,7SM29,"DSM 21924, CECT 7447",1,Parahaliea mediterranea,2831348850,15-40
,,,,,651086.3,20-28
,,,,,GCA_003402235,
6582,,"DSM 13344, ATCC BAA-66, CCUG 43347, CIP 106482, LMG 17710, JCM 19618, NCIMB 13672",1,Paralactobacillus selangorensis,2663763515,10
,,,,,81857.4,15-37
,,,,,GCA_001436805,
,,,,,GCA_001437205,
1385,YIM-C158,"DSM 17857, CGMCC 1.6333",1,Paraliobacillus quinghaiensis,2832713448,4.0-50.0
,,,,,470815.5,
,,,,,GCA_003426025,
,,,,,GCA_014645115,
1384,O15-7,"DSM 15140, JCM 21472, CIP 108014, IAM 15001, NBRC 100001, NRIC 0520, NBRC 10001",1,Paraliobacillus ryukyuensis,200904.4,10
,,,,,2770939501,
,,,,,GCA_003315295,
140458,126C4,"KCTC 33762, MCCC 1H00136",1,Paraliobacillus sediminis,2832623984,Apr-40
,,,,,GCA_003426055,
158503,X-1125,"DSM 107811, CGMCC 1.16464",1,Paraliobacillus zengyii,2832932770,Apr-37
,,,,,GCA_003268595,
166331,D4M1,"MCCC 1K03820, KCTC 72285",1,Paroceanicella profunda,2579971.3,Oct-45
,,,,,GCA_005887635,
2386,CTT-37,"DSM 21750, NBRC 104352",1,Paraoerskovia marina,1122933.3,Oct-35
,,,,,2561511089,
,,,,,GCA_000701465,
2387,DSW-2,"DSM 22126, KCTC 13436, JCM 17443",0,Paraoerskovia marina,2634166844,Oct-37
,,,,,545619.4,
,,,,,GCA_900105445,
14136,4M40,"DSM 22900, JCM 15978, KACC 10972",1,Parapedobacter composti,2675903219,15-45
,,,,,623281.3,
,,,,,GCA_900112315,
158755,WY-1,"NBRC 112611, CGMCC 1.15342",1,Parapedobacter defluvii,2045106.3,15-45
,,,,,GCA_014642075,
14137,4M29,"DSM 22899, JCM 15977, KACC 10955",1,Parapedobacter luteus,2595698205,15-45
,,,,,623280.3,
,,,,,GCA_900168055,
141040,T16R-256,"KACC 18788, JCM 31602",1,Parapedobacter lycopersici,GCA_024643285,15-37
132159,P-4,"DSM 102942, CGMCC 1.12195, NBRC 109113",1,Parapedobacter pyrenivorans,1305674.6,15-45
,,,,,GCA_014636865,
8210,RL-2,"DSM 26022, CCUG 59307, KCTC 23145",1,Paraperlucidibaca baekdonensis,2770939643,20
,,,,,748120.3,20-25
,,,,,GCA_003387535,20-30
140981,DCSW07,"KCTC 52369, MCCC 1K03197, JCM 31458, CGMCC 1.15762, DSM 108666",1,Salipiger pallidus,1775170.3,Oct-45
,,,,,GCA_014643635,
166116,FJ4-8,"KCTC 62640, CCTCC AB 2018052",1,Pararcticibacter amylolyticus,GCA_003130405,15-42
166097,ZQ420,"KCTC 62579, MCCC 1K03530",0,Pararhodobacter zhoushanensis,2883834571,Oct-45
,,,,,GCA_003990445,
166450,AM505,"KCTC 62407, MCCC 1H00289",1,Pararhodobacter oceanensis,2834139714,Apr-40
,,,,,GCA_003076755,
166468,C51,"MCCC 1K03463, KCTC 62318",1,Parashewanella curva,2831376401,20-37
,,,,,GCA_003675895,
161403,,"JCM 13830, KCCM 42304, KCTC 22492",1,Parashewanella spongiae,2831983634,15
,,,,,342950.4,
,,,,,342950.5,
,,,,,GCA_003676335,
,,,,,GCA_023283745,
161846,,"JCM 16653, KCCM 43304, MEBiC 05444",1,Parashewanella tropica,2547970.3,Aug-38
,,,,,GCA_004358445,
141041,ATAX6-5,"KACC 18993, JCM 31719",1,Parasphingopyxis algicola,2026624.3,May-35
,,,,,GCA_013378075,
14299,,"DSM 26725, JCM 15549, NCIMB 14486, JAMH 0132",1,Parasphingopyxis lamellibrachiae,2770939550,May-36
,,,,,680125.3,
,,,,,GCA_003385775,
13868,P31,"DSM 25305, CCTCC AB 208230, LMG 24712, MCCC 1A01132",1,Parvibaculum indicum,2828360735,Oct-42
,,,,,562969.3,
,,,,,GCA_011762095,
166313,HXT-9,"CCTCC AB 2019273, KCTC 72547",1,Parvibaculum sedimenti,2890420333,Oct-42
,,,,,GCA_009184905,
132152,SH25,"DSM 102850, CCTCC AB 2010355, LMG 26158, MCCC 1A06534",1,Parvularcula dongshanensis,1173995.4,Oct-41
,,,,,2828645483,
,,,,,GCA_014199615,
132998,NH6-79,"DSM 105303, CGMCC 1.14984, JCM 30557, MCCC 1K00277",1,Aquisalinus luteolus,1566827.5,Apr-42
,,,,,GCA_009712425,
,,,,,GCA_014640455,
166173,SM1705,"KCTC 62795, MCCC 1K03505, CCTCC AB 2018345",1,Parvularcula marina,GCA_003399445,Oct-40
11729,W-9217,"DSM 16031, ATCC 43137, NCTC 10322, CIP 103286, CCUG 17976, LMG 2851",1,Pasteurella multocida subsp. multocida,2597490141,15
,,,,,2858524007,
,,,,,747.1398,
,,,,,747.51,
,,,,,747.738,
,,,,,GCA_000754275,
,,,,,GCA_900187275,
11738,Souchard,"DSM 23071, ATCC 51687, CCM 4731, CCUG 17977, CIP A125, NCTC 11995",1,Pasteurella multocida subsp. septica,115545.23,15-45
,,,,,2869029176,
,,,,,GCA_900454845,
11745,"95A1, 95AI","DSM 24204, NCIMB 13593, NCTC 13204, CIP 107586",1,Pasteurella skyensis,2675903214,15-30
,,,,,97481.3,
,,,,,GCA_013377295,
,,,,,GCA_900109845,
17629,CP177-2,"DSM 16676, ATCC BAA-1038, JCM 16550, KCTC 19770",1,Patulibacter americanus,1122939.3,30-Oct
,,,,,2524614558,
,,,,,GCA_000420025,
23348,I11,"DSM 25962, CECT 8141, JCM 31708",1,Patulibacter medicamentivorans,2537561813,20-39
,,,,,GCA_000240225,
17628,KV-614,"DSM 18081, CIP 109166, JCM 12834, NBRC 100761, NRRL B-24346, KCTC 19436, NCIMB 14347",1,Patulibacter minatonensis,2510065083,16-28
,,,,,929712.3,
,,,,,GCA_000519325,
140540,CHU3,"KCTC 42519, CICC 24092, DSM 109232",1,Roseateles oligotrophus,GCA_025717515,10
,,,,,,15-30
,,,,,,4
17932,2C20,"DSM 16998, HAMBI 2767, KCTC 42569, VYH 193597",1,Roseateles toxinivorans,270368.3,20-30
,,,,,2770939507,
,,,,,GCA_004362525,
4149,SRL6146,"DSM 16080, ATCC BAA-904",1,Paucidesulfovibrio gracilis,1121449.4,20-40
,,,,,2568526008,
,,,,,GCA_900167125,
24132,LOOC260,"DSM 26202, CIP 110792, JCM 18461, KCTC 21044",1,Paucilactobacillus hokkaidonensis,1193095.8,Apr-37
,,,,,1291742.4,
,,,,,1291742.5,
,,,,,1291742.6,
,,,,,2651869714,
,,,,,2660237970,
,,,,,2728369688,
,,,,,GCA_000829395,
,,,,,GCA_001311505,
,,,,,GCA_001437505,
132356,WDC04,"DSM 29958, LMG 28678",1,Paucilactobacillus wasatchensis,2627854259,Jun-37
,,,,,GCA_000876205,
2067,,"DSM 7445, ATCC 17989, CCUG 2114, NCTC 10937, LMG 2207, CIP 103794, KCTC 32002",1,Paucimonas lemoignei,2784746777,5
,,,,,2808606625,
,,,,,29443.3,
,,,,,29443.5,
,,,,,GCA_004342585,
,,,,,GCA_900475325,
1515,B22,"DSM 18846, CIP 108857, LMG 23148",1,Paucisalibacillus globulus,1122940.3,20-45
,,,,,2528768179,
,,,,,GCA_000482485,
17147,TY,"DSM 24661, JCM 17499",1,Pectinatus brassicae,2861266387,Oct-40
,,,,,862415.3,
,,,,,862415.4,
,,,,,GCA_014201835,
17146,,"DSM 16980, VTT E-88329",1,Pectinatus haikarae,2926546190,15-30
,,,,,,20-30
5018,"G/39, G39","DSM 18077, ATCC 33260, CFBP 1526, CIP 105192, NCPPB 549, LMG 2386, ICPB EA 155",1,Pectobacterium atrosepticum,2740892408,30-May
,,,,,29471.26,
,,,,,29471.84,
,,,,,GCA_000749905,
,,,,,GCA_019056595,
5026,UCPB 193,"DSM 18076, CFBP 2122, NCPPB 2795, CIP 105193, LMG 2464, ICMP 4226, CFPB 2122",1,Pectobacterium betavasculorum,2740892410,Oct-37
,,,,,55207.5,5
,,,,,GCA_000749845,
5022,"BS 1008, 904, type 32011","DSM 30168, ATCC 15713, CCM 1008, NCPPB 312, CCUG 4907, ICMP 5702, CIP 82.83, LMG 2404",1,Pectobacterium carotovorum,1267545.3,Oct-37
,,,,,2630968984,5
,,,,,2695420962,
,,,,,2740892407,
,,,,,554.14,
,,,,,GCA_000749855,
,,,,,GCA_001039055,
,,,,,GCA_900129615,
5025,"SR91, SR 91","DSM 18074, ATCC 43316, CIP 105194, CFBP 3304, ICMP 9121, LMG 8404, NCPPB 3701, PDDCC 9121",1,Pectobacterium wasabiae,1175631.4,25-Oct
,,,,,1175631.8,5
,,,,,2537561728,
,,,,,GCA_000291725,
,,,,,GCA_001742185,
6396,Z-8,"DSM 17757, AS 1.3787, LMG 22956, JCM 14152, CGMCC 1.3787, KCTC 13055, NBRC 106103, CIP 108990",1,Pediococcus cellicola,2657245420,13-44
,,,,,319652.3,
,,,,,319652.4,
,,,,,GCA_001438655,
,,,,,GCA_007989045,
6385,236b,"CCUG 38496, DSM 20285, ATCC 49902, NCIMB 12564, JCM 12518, BCRC 12841, CCM 3451, CECT 4784, CGMCC 1.6505, CIP 102406, KCTC 3653, LMG 11409, NCFB 2932, VTT E-96661",1,Pediococcus inopinatus,114090.3,15-30
,,,,,114090.5,
,,,,,2660238412,
,,,,,2806310833,
,,,,,GCA_001438725,
,,,,,GCA_002982135,
6387,"S182, S 182","CCUG 28439, CCM 3450, DSM 20332, ATCC 19371, NCDO 1634, NCIB 9447, JCM 20450, BCRC 12575, CECT 813, CGMCC 1.2694, CIP 102262, IAM 12291, IFO 12235, JCM 5889, KCTC 3615, LMG 11486, NBRC 100673, NBRC 12235, NCIMB 9447, VKM B-1604",1,Pediococcus parvulus,2775507230,15
,,,,,54062.13,
,,,,,54062.14,
,,,,,54062.4,
,,,,,GCA_007990205,
,,,,,GCA_014651215,
6393,,"DSM 20336, ATCC 33316, NCDO 990, WDCM 00158, CCUG 32205, JCM 5890, BCC 4305, BCRC 12843, CECT 4695, CGMCC 1.2695, CIP 102260, KCTC 3507, LMG 11488, NBRC 107768, NCIMB 12012, NCTC 12956, VTT E-88317, CCM 7796, CCRC 12843, NCFB 990",1,Pediococcus pentosaceus,1255.112,15-45
,,,,,1255.124,
,,,,,1255.14,
,,,,,1255.195,
,,,,,2660238327,
,,,,,GCA_001437285,
,,,,,GCA_004354495,
,,,,,GCA_007992275,
,,,,,GCA_029823395,
14094,K1/K2,"DSM 12126, LMG 10353, CCUG 39353, CIP 105499",1,Pedobacter africanus,151894.4,10
,,,,,2622736459,5
,,,,,GCA_900176535,
14113,PB92,"DSM 19486, KCTC 12511, JCM 15120",1,Pedobacter agri,1149865.7,30-Oct
,,,,,2548876984,
,,,,,GCA_000258495,
14110,NWER-II11,"DSM 19624, LMG 24258",1,Pedobacter alluvionis,2690315623,30-Apr
,,,,,475253.4,17
,,,,,475253.7,20
,,,,,GCA_003664035,
,,,,,GCA_004402005,
14093,"KS0420, P-48","DSM 11725, CIP 104195, JCM 14985, JCM 7454, AJ 2502, CCM 4602, IFO 14985, KCTC 12489, LMG 14024, NBRC 14985, NCIMB 13704",0,Pedobacter antarcticus,2622736436,30-Oct
,,,,,34086.1,
,,,,,GCA_900103515,
133706,A12,"CCTCC AB 2010223, NRRL B-59457",1,Pedobacter arcticus,1206103.3,18
,,,,,2551306473,25-Apr
,,,,,GCA_000302595,
14112,G-1,"DSM 19626, LMG 24259",1,Pedobacter borealis,1454007.3,30-Apr
,,,,,2585427687,17
,,,,,GCA_000708285,20
166524,JDX94,"MCCC 1H00335, KCTC 62850",1,Pedobacter chinensis,2899629996,Apr-37
,,,,,GCA_003339865,
159768,CM134L-2,"CGMCC 1.16520, KCTC 62643",1,Pedobacter chitinilyticus,2899621417,Apr-40
,,,,,GCA_003313385,
,,,,,GCA_004025525,
14098,A37,"DSM 14825, CIP 108372, LMG 21415",1,Pedobacter cryoconitis,188932.11,20
,,,,,2593339302,25-May
,,,,,GCA_003259615,
14106,WB2.1-25,DSM 19034,1,Pedobacter duraquae,2728369744,Sep-32
,,,,,425511.3,15
,,,,,GCA_004362245,
14115,2-Jan,"DSM 23534, CCTCC AB 206110, KCTC 22348",1,Pedobacter glucosidilyticus,2523533576,15-37
,,,,,540906.3,
,,,,,GCA_000425145,
14105,WB3.3-3,"DSM 19033, CIP 109468",1,Pedobacter hartonius,2693429882,26-Jun
,,,,,425514.7,12
,,,,,GCA_900107535,14
,,,,,,15
166280,P-25,"KCTC 62821, CCTCC AB 2018185",1,Pedobacter helvus,2899651099,Oct-37
,,,,,GCA_005925325,
14092,,"DSM 2366, ATCC 13125, IFO 12017, NBRC 12017, NCIB 9290, CCUG 12810, LMG 10339, HIM 762-3, JCM 7457, BCRC 11563, CIP 104194, IAM 12655, KCTC 12437, LMG 10344, LMG 4024, LMG 8360, NCIMB 9290, NRRL B-14731",1,Pedobacter heparinus,485917.13,10
,,,,,485917.6,
,,,,,644736398,
,,,,,GCA_000023825,
,,,,,GCA_000410815,
134134,,"JCM 12171, MTCC 6384, HHS 22, CIP 108787",1,Pedobacter himalayensis,246796.4,25-Apr
,,,,,,25-May
166122,SM1810,"KCTC 62798, CCTCC AB 2018198",1,Pedobacter indicus,2834685841,15-40
,,,,,GCA_003449035,
14104,"DS-139, DS-39","DSM 18684, KCTC 12820, CIP 109748",1,Pedobacter insulae,2634166297,Apr-31
,,,,,414048.7,
,,,,,GCA_900113525,
141159,K-4-11-1,"KEMB 9005-574, KACC 19174, JCM 31916",1,Pedobacter kyonggii,2882023792,0-32
,,,,,GCA_004310665,28-Oct
133123,NL19,"LMG 29220, CECT 9028",1,Pedobacter lusitanus,2639762777,18-30
,,,,,GCA_000832545,30-Apr
14107,WB2.3-71,DSM 19035,1,Pedobacter metabolipauper,2636416080,31-Aug
,,,,,425513.4,15
,,,,,GCA_004362715,
158646,Jan-32,"KCTC 52859, CCTCC AB 2017084",1,Pedobacter mongoliensis,GCA_024436395,Apr-37
14111,NWG-II14,"DSM 19625, CIP 110034, LMG 24260",1,Pedobacter nyackensis,2622736511,Feb-32
,,,,,475255.4,17
,,,,,GCA_900176505,20
134222,,"KCTC 12594, LMG 23400, Gsoil 042",1,Pedobacter panaciterrae,363849.11,30-Apr
,,,,,GCA_013204795,
140674,P4487A,"CCM 8644, LMG 29436",1,Pedobacter psychrophilus,1826909.3,1
,,,,,2744054859,20
,,,,,GCA_001652725,25-May
133008,V5RD,"DSM 103236, CGMCC 1.15644",1,Pedobacter psychrotolerans,1843235.3,0.0-30.0
,,,,,1843235.6,10
,,,,,2802428854,
,,,,,GCA_004340665,
,,,,,GCA_014643495,
166368,HX-22-1,"KCTC 72655, CCTCC AB 2019348",1,Pedobacter puniceum,2899647690,15-37
,,,,,GCA_009674685,
158603,C62-2,"CGMCC 1.15343, NBRC 111767",1,Pedobacter quisquiliarum,1834438.3,20-37
,,,,,GCA_014642175,
167923,EG,"CSUR P6417, CECT 9771",1,Pedobacter schmidteae,GCA_900564155,30-Jun
,,,,,LS999839,
14109,WB2.3-45,DSM 19110,1,Pedobacter steynii,2675903693,30-Oct
,,,,,430522.1,
,,,,,GCA_900103665,
14101,15-52,"DSM 18130, CIP 109582, KACC 11317",1,Pedobacter suwonensis,2622736524,Jan-37
,,,,,332999.8,
,,,,,GCA_900111825,
14100,DS-57,"DSM 17933, KCTC 12762, CCM 9056",1,Pedobacter terrae,2675903222,Apr-35
,,,,,405671.6,
,,,,,GCA_900100705,
14108,WB3.3-22,DSM 19036,1,Pedobacter westerhofensis,2724679782,28-Sep
,,,,,425512.3,15
,,,,,GCA_900182595,
159787,YL28-9,"CGMCC 1.16050, KCTC 62104",1,Pedobacter yulinensis,2855540664,15-42
,,,,,GCA_003029735,
140255,22,"DSM 100774, CGMCC 1.15287",1,Pedobacter zeae,1737356.3,15.0-30.0
,,,,,1737356.4,
,,,,,2829961646,
,,,,,GCA_014196715,
,,,,,GCA_014641575,
23071,Sco-B23,"DSM 23987, KACC 15111, KCTC 19807, NBRC 107918",1,Pedococcus badiiscoriae,2844619028,20-35
,,,,,642776.3,
,,,,,GCA_013408925,
24114,V2M2,"DSM 28108, CGMCC 1.6963, JCM 17739, NBRC 104261",1,Pedococcus cremeus,2671180066,14-35
,,,,,587636.3,
,,,,,GCA_900111375,
6305,DS-8,"DSM 22329, CCUG 54521, KCTC 19248, JCM 19120",1,Pedococcus dokdonensis,2634166372,Oct-36
,,,,,443156.3,
,,,,,GCA_900104525,
5398,MSW-14,"DSM 21428, KCTC 22370, UCCCB27",1,Pelagerythrobacter marensis,2648501407,Apr-42
,,,,,2744054505,4
,,,,,543877.4,Apr-42
,,,,,543877.5,
,,,,,GCA_001028625,
,,,,,GCA_001461885,
166753,AY-3R,"KCTC 72280, MCCC 1K03572",1,Pelagerythrobacter rhizovicinus,GCA_004135625,20-42
,,,,,SDPV00000000,
166513,XYN52,"KCTC 62845, MCCC 1H00348",1,Pelagibacterium lacus,2890778264,Apr-37
,,,,,GCA_003345525,
140722,B2,"MCCC 1K03218, CGMCC 1.15896, KCTC 52551",1,Pelagibacterium lentulum,2029865.4,Apr-45
,,,,,2881943295,
,,,,,GCA_003992625,
,,,,,GCA_014643755,
159779,CCL18,"CGMCC 1.16231, KCTC 62030",1,Pelagibacterium montanilacus,2881947492,20-30
,,,,,GCA_003992665,Apr-37
166206,,"KACC 19595, NBRC 113420, IMCC 34151",1,Pelagibacterium sediminicola,GCA_003390885,Apr-42
158129,Hp12,"DSM 104963, CECT 9367",1,Pelagibaculum spongiae,GCA_003097315,20
,,,,,,20-22
,,,,,,28-Apr
133435,CL-UU02,"KCCM 42323, JCM 15426, DSM 21314",1,Pelagibius litoralis,374515.3,15-33
,,,,,GCA_011683915,
134247,YM14-201,"MBIC 08272, IAM 15421, KCTC 13124, JCM 23202, NBRC 104203",1,Pelagicoccus albus,415222.3,15-37
,,,,,GCA_014230145,
134246,"02PA-Ca-133, O2PA-Ca-133","MBIC 08004, IAM 15422, KCTC 13126, JCM 23203",1,Pelagicoccus mobilis,415221.3,20-37
,,,,,GCA_016595505,
164616,DSW4-44,"JCM 33637, KCCM 43261, KCTC 62762",1,Zongyanglinia marina,2578117.3,30-Oct
,,,,,GCA_005771405,20
23243,"SH4-1, SH4_1","DSM 23678, CIP 110297, LMG 26343",1,Pelagimonas varians,2734482185,Apr-37
,,,,,696760.5,
,,,,,GCA_003208435,
158524,S5,"KCTC 33632, CGMCC 1.15177",1,Pelagirhabdus alkalitolerans,2671180221,20-55
,,,,,GCA_900096905,
166109,YLY04,"MCCC 1H00334, KCTC 62452",1,Roseovarius dicentrarchi,2882578659,Apr-37
,,,,,GCA_003316635,
159840,BH-SD19,"CCTCC AB 2017074, KCTC 62202",1,Pelagivirga sediminicola,2831602983,10
,,,,,GCA_003072125,15-40
137698,N51,"CIP 105809, CCUG 39967, LMG 10982, CIP 105842",1,Pelistega europaea,106147.8,10
,,,,,2910227858,
,,,,,GCA_013133775,
133247,YS-25,"KCTC 52203, CCTCC AB 2016051",1,Pelobium manganitolerans,2886932500,18-37
,,,,,GCA_003609575,
134273,,"CCUG 52575, KCTC 42961, CECT 7233",1,Pelomonas aquatica,GCA_026712205,20-37
134272,,"CECT 7234, CCUG 52769",1,Roseateles puraquae,2839818489,Oct-37
,,,,,431059.3,
,,,,,GCA_002205845,
2981,,"DSM 654, ATCC 15946, CFBP 2433, CIP 59.18, HAMBI 373, IAM 14368, JCM 15912, LMG 2256, NCCB 46053, VKM B-902, CCUG 32988, BUCSAV 293, CCM 1980, CCUG 15839, IAM 1504, JCM 21181, LMG 7831, NBRC 103037, NCDO 1936, NCIMB 8570, NRRL B-1492, JCM 13309",1,Roseateles saccharophilus,2802428851,10
,,,,,304.35,5
,,,,,GCA_004342485,
168013,LRZ-2,"DSM 100332, CCTCC AB 2012163",1,Pengzhenrongella sicca,GCA_017569225,20
5415,al-2,"DSM 3953, ATCC 49065",1,Peptoclostridium acidaminophilum,1286171.3,15.0-40.0
,,,,,1286171.8,
,,,,,2562617038,
,,,,,GCA_000597865,
2741,W6,"DSM 5388, ATCC 49638",1,Peptoclostridium litorale,1121324.3,15.0-40.0
,,,,,1121324.4,
,,,,,2561511002,
,,,,,2585428090,
,,,,,GCA_000699585,
,,,,,GCA_900141635,
158416,L28,"DSM 104296, MCCC 1K03287",1,Peribacillus acanthi,2171554.3,20-45
,,,,,GCA_003073175,
158068,T3-209,"DSM 29135, KCTC 33631, MCCC 1K00503",1,Peribacillus alkalitolerans,1550385.3,Oct-42
,,,,,GCA_010882125,
139988,MA001,"DSM 105779, JCM 12112, NCIMB 13969, CIP 108638, FERM BP-4493",1,Peribacillus asahii,GCA_003570725,10
1271,K9,"DSM 18926, LMG 23974",1,Peribacillus butanolivorans,2645727660,May-45
,,,,,421767.3,
,,,,,GCA_001273755,
140140,L5,"DSM 105484, CCTCC AB 2015055, KCTC 33637",1,Peribacillus cavernae,2926509544,4
,,,,,GCA_003989135,Apr-32
158859,"V44.8, V44-8","DSM 105192, ATCC BAA-2860",1,Peribacillus glennii,GCA_003429105,15.0-32.0
,,,,,QVTD00000000,
1279,BT080,"DSM 17871, KCTC 13934, BCRC 80031",1,Peribacillus kribbensis,1121092.3,13-47
,,,,,2524023229,
,,,,,GCA_000430765,
132573,FJAT-27997,"DSM 101776, CCTCC AB 2015285",1,Peribacillus loiseleuriae,GCA_001183985,20-35
748,"T25B, B-3394","DSM 6, ATCC 23296, DSM 13778, LMG 9580, NCIMB 11729, CIP 106932, CCUG 28882",1,Peribacillus psychrosaccharolyticus,1174504.3,10
,,,,,2547132175,20
,,,,,GCA_000305495,
158858,V47-23a,"DSM 105190, ATCC BAA-2861",1,Peribacillus saganii,GCA_003429095,20.0-45.0
790,NRS-960,"DSM 1321, ATCC 49097, NRS 960, JCM 12307, BCRC 15909, CCM 7148, CCUG 28889, CGMCC 1.3471, CIP 106934, IFO 15720, KCTC 3450, LMG 11160, NBRC 15720, NRRL NRS-960, VTT E-97781",1,Peribacillus simplex,1349754.4,Oct-37
,,,,,1349754.5,
,,,,,1349754.9,
,,,,,2731957667,
,,,,,2823415468,
,,,,,GCA_001591785,
,,,,,GCA_002243645,
,,,,,GCA_007679575,
6860,2L24P13,"DSM 22752, JCM 18047, LMG 25373",1,Periweissella beninensis,2901094396,15
,,,,,504936.3,
,,,,,GCA_016908275,
,,,,,GCA_023701865,
24150,M75,"DSM 28407, CCUG 61472, LMG 26217",1,Periweissella fabalis,1070421.3,15-37
,,,,,GCA_012396505,
,,,,,GCA_023657345,
6859,"257, KDB-2008","DSM 21416, LMG 24289",1,Periweissella fabaria,546157.5,15-37
,,,,,GCA_023657385,
,,,,,GCA_918814575,
6858,215,"DSM 19935, LMG 24286",1,Periweissella ghanensis,467997.5,15-37
,,,,,GCA_023657365,
,,,,,GCA_918814755,
140543,BK296,"KCTC 52162, JCM 31377",1,Perlucidibaca aquatica,2791354891,Oct-37
,,,,,GCA_001676655,
8209,,"DSM 21586, KCCM 42363, NBRC 102354, IMCC 1704",1,Perlucidibaca piscinae,1122951.3,Aug-37
,,,,,2524614877,
,,,,,GCA_000420045,
158494,15-057A,"DSM 106435, ATCC BAA-2934",1,Peterkaempfera bronchialis,2126346.3,20-40
,,,,,2856716682,
,,,,,GCA_003258605,
132467,ING2-E5A,"DSM 28695, CECT 8611",1,Petrimonas mucosa,2751185676,20-50
,,,,,GCA_900095795,
12503,BN3,"DSM 16547, JCM 12565, CIP 108780",1,Petrimonas sulfuriphila,2828614168,15-40
24493,BS 107,"DSM 26640, CIP 105210, IAM 14812, JCM 21319, ATCC 700781, IFO 16654, NBRC 16654",1,Phaeobacter gallaeciensis,1423144.14,30-May
,,,,,1423144.21,
,,,,,1423144.22,
,,,,,1423144.23,
,,,,,1423144.24,
,,,,,1423144.25,
,,,,,1423144.26,
,,,,,1423144.27,
,,,,,1423144.3,
,,,,,2558309061,
13731,T5,"DSM 16374, CIP 109289, LMG 22475",1,Phaeobacter inhibens,2574179718,Apr-36
,,,,,999548.6,20
,,,,,GCA_000473105,
23227,2.1,DSM 24588,0,Phaeobacter inhibens,2510065028,20
,,,,,2841412109,
,,,,,383629.16,
,,,,,383629.17,
,,,,,383629.18,
,,,,,GCA_000154745,
,,,,,GCA_003443555,
13848,,"DSM 26436, CCUG 55857, LMG 24365",1,Phaeobacter italicus,2622736589,Apr-45
,,,,,481446.6,20
,,,,,GCA_900113345,
140086,P97,"DSM 103148, LMG 29594",1,Phaeobacter porticola,2718218026,20-28
,,,,,GCA_001888185,30-Apr
133692,PG2S01,"CCTCC AB 209288, LMG 25704, MCCC 1F01079, JCM 33360",1,Phaeocystidibacter luteus,911197.3,Oct-40
,,,,,GCA_008933115,
23016,,"DSM 27043, ATCC 12775, CFBP 3281, ICMP 745, LMG 2187, NCPPB 539, CCUG 32859",1,Phaseolibacter flectens,1336237.3,Apr-44
,,,,,2545555808,
,,,,,GCA_000518745,
140629,W2-3-4,"LMG 28593, KACC 18306",1,Phenylobacterium aquaticum,GCA_022695515,18-40
2348,4T-6,"DSM 19425, KACC 12597, CIP 110190, NBRC 106419",1,Phenylobacterium composti,2571042909,15-45
158279,,"DSM 103871, CCTCC AB 2016297, YIM 73061, NCCP 697",1,Phenylobacterium deserti,1914756.3,20-40
,,,,,2840414474,
,,,,,GCA_003254705,
158580,HKS-05,"KACC 18628, LMG 30081",1,Phenylobacterium hankyongense,2848300489,Oct-37
,,,,,GCA_003254505,4
2339,E,"DSM 1986, ATCC 35973, NCIB 12055, CIP 103305, LMG 6165, NCIMB 12055",1,Phenylobacterium immobile,2690315804,4
,,,,,31967.4,
,,,,,GCA_001375595,
2343,Slu-01,"DSM 17809, IAM 15119, JCM 21577, KCTC 12206, NBRC 102285",1,Phenylobacterium koreense,2928269751,20-37
166483,LX32,"KCTC 62522, CCTCC AB 2018055",1,Phenylobacterium soli,2837455513,20-42
,,,,,GCA_003254475,
1625,WK042,"DSM 21004, JCM 15092",1,Phocaeicola paurosaccharolyticus,1236498.4,Oct-40
,,,,,2585427865,
,,,,,GCA_000613805,
11748,M1063U/93,"CCUG 47322, DSM 15746, NCTC 12872, CIP 106491",1,Phocoenobacter uteri,146806.3,15
,,,,,2887118680,
,,,,,GCA_900454895,
140486,P03D4,"KCTC 52365, MCCC 1K03200, CGMCC 1.15764, JCM 31445",1,Photobacterium alginatilyticum,2905545480,Oct-50
,,,,,GCA_009910675,
17227,68,"DSM 19184, ATCC 25915, CCUG 16300, CIP 75.10, LMG 8455, NCIMB 1895, KCTC 12322",1,Photobacterium angustum,2772190766,30-May
,,,,,2871188807,
,,,,,661.37,
,,,,,661.5,
,,,,,GCA_000950005,
,,,,,GCA_003026365,
17237,LC2-065,"DSM 23343, KCTC 22356, NBRC 104633, JCM 17429, CCTCC AB 2010382, DSM 24197",1,Photobacterium aquimaris,2772190742,25-Oct
,,,,,2878587867,17.5
,,,,,512643.17,20
,,,,,512643.7,
,,,,,GCA_001676085,
,,,,,GCA_002954455,
,,,,,GCA_003025415,
164329,,"JCM 32689, KCTC 62619, MCCC 1K03517, BEI 247",1,Photobacterium chitinilyticum,GCA_004104355,Oct-37
17223,,"DSM 7482, ATCC 33539, CCUG 13626, KCTC 12323, LMG 7892, CDC 2588-80, CIP 102761, NCIMB 2184",1,Photobacterium damselae,2773857966,20
,,,,,2858417275,5
,,,,,38293.28,
,,,,,85581.9,
,,,,,GCA_003026815,
17232,SL13,"DSM 21158, JCM 12947, KCTC 12384, CIP 108964",1,Photobacterium frigidiphilum,264736.4,20-Jun
,,,,,2873889650,14
,,,,,GCA_003025615,15
23340,Gung47,"DSM 26887, CCUG 58399, KCTC 22804",1,Photobacterium gaetbulicola,1295392.6,Oct-40
,,,,,2645727918,
,,,,,2905573978,
,,,,,658445.3,
,,,,,GCA_000940995,
,,,,,GCA_003025515,
17233,FR1311,"DSM 22954, IMSNU 60287, JCM 12487, KCTC 12328, CIP 109254, DSM 22358, NCIMB 14495",1,Photobacterium ganghwense,2713896764,Oct-45
,,,,,2868869919,
,,,,,320778.3,
,,,,,320778.6,
,,,,,GCA_001029455,
,,,,,GCA_003025595,
17226,MACL 01,"DSM 18316, CECT 5860, LMG 22194",1,Photobacterium halotolerans,1122959.4,Apr-37
,,,,,2524614658,
,,,,,GCA_000425165,
17224,PS1,"DSM 9896, ATCC 51760, CIP 104755, KCTC 12376",1,Photobacterium iliopiscarium,2751185812,15
,,,,,2868861791,20
,,,,,56192.15,22-May
,,,,,56192.4,
,,,,,GCA_000950265,
,,,,,GCA_003026395,
130749,R-2567,"DSM 100339, CAIM 1817, LMG 25436, UFRJ R-789",1,Photobacterium jeanii,2900308143,20-35
,,,,,858640.7,
,,,,,GCA_003025495,
17220,I,"DSM 2167, CCM 2348, LMG 23895, NCMB 844, CIP 104260, NCIMB 844",0,Photobacterium kishitanii,2905565123,22-May
,,,,,318456.9,
,,,,,GCA_001676215,
17236,ckamo.1.1,"DSM 19955, LMG 23891",0,Photobacterium kishitanii,2900317408,20
,,,,,GCA_003025895,
17228,L1,"CIP 665, DSM 21260, ATCC 25521, CAIM 327, CCUG 16229, CIP 66.5, LMG 4228, NCIMB 2193, WDCM 00113, CECT 4191",1,Photobacterium leiognathi,2814123196,15-30
,,,,,2878592099,5
,,,,,553611.3,
,,,,,553611.9,
,,,,,GCA_000950415,
,,,,,GCA_003026235,
17234,DF-42,"DSM 21778, JCM 13586, KCTC 12723, CAIM 1851, CECT 7642, CIP 109547, LMG 25278",1,Photobacterium lutimaris,2770939603,Apr-41
,,,,,2858373912,
,,,,,388278.3,
,,,,,388278.4,
,,,,,GCA_003025555,
,,,,,GCA_004363665,
17221,,"DSM 15556, ATCC 11040, NCIMB 1282, JCM 21184, BCRC 13804, CECT 4192, CIP 102511, HAMBI 1726, IAM 14401, KCTC 12377, LMG 4233, NBRC 103031, CIP 75.9",1,Photobacterium phosphoreum,2772190759,17
,,,,,2900322015,22-May
,,,,,659.11,
,,,,,659.23,
,,,,,659.4,
,,,,,GCA_000949955,
,,,,,GCA_002954725,
,,,,,GCA_003026275,
140084,"BN05-26, W3","DSM 106738, LMG 19543, NCCB 100098",1,Photobacterium piscicola,1378299.3,20
,,,,,2834626906,
,,,,,GCA_900166965,
140479,"43082, 13-12","KCTC 42764, CGMCC 1.14970",1,Photobacterium proteolyticum,2882267562,Apr-45
,,,,,GCA_001939735,
163887,,"JCM 30852, ACCC 19961, LAM 9072",1,Photobacterium salinisoli,GCA_003614885,Oct-40
17239,Mj283,"DSM 24669, CECT 7576, CAIM 1393",1,Photobacterium swingsii,2648501459,Apr-35
,,,,,2858407585,
,,,,,680026.4,
,,,,,680026.8,
,,,,,GCA_001077885,
,,,,,GCA_003026435,
,,,,,GCA_024346715,
5035,"FRG04, HG4","DSM 15138, CCM 7075, CIP 105564",1,Photorhabdus akhurstii,171438.3,10
,,,,,GCA_018448925,5
5038,"3265-86, 3265/86","DSM 15149, ATCC 43950, CCM 7074, CIP 106331",1,Photorhabdus asymbiotica subsp. asymbiotica,2784746756,10
,,,,,291112.8,5
,,,,,GCA_003634575,
158410,LJ24-63,"DSM 105690, CCOS 1159",1,Photorhabdus bodei,2840807575,Dec-37
,,,,,GCA_003287735,
5039,1121,"DSM 15194, NCIMB 13951, CIP 108428",1,Photorhabdus kayaii,GCA_025384895,10
,,,,,,5
5036,"TT01, HT1","DSM 15139, CCM 7076, CIP 105565",1,Photorhabdus laumondii,141679.8,10
,,,,,GCA_003343245,5
5032,Hb,"DSM 3368, ATCC 29999, CCM 7077, CIP 106429, NCIMB 12670",1,Photorhabdus luminescens,171439.3,10
,,,,,2597490348,5
,,,,,2648501375,
,,,,,29488.49,
,,,,,GCA_001083805,
,,,,,GCA_900102985,
133380,PB45.5,"LMG 29915, CCM 8729, DSM 104082, CIP 111196",1,Photorhabdus namnaonensis,GCA_001684335,Oct-37
5034,"XlNach, X1Nach","DSM 14550, CCM 7078, CIP 105563",1,Photorhabdus temperata,GCA_025384845,10
,,,,,,5
5044,39-8,"DSM 15199, CIP 108426, NCIMB 13952",1,Photorhabdus thracensis,230089.6,10
,,,,,2639762814,5
,,,,,GCA_001010285,
159733,S-12,"KACC 18497, JCM 31612",1,Phreatobacter cathodiphilus,GCA_003008515,Oct-40
140727,YC6-17,"KCTC 52518, DSM 103734",1,Phreatobacter stygius,1940610.3,30-Oct
,,,,,2837187533,
,,,,,GCA_005144885,
6294,Lochhead&Burton541,"DSM 12806, ATCC 13347, CDA 859, IFO 12159, NBRC 12159, NCDO 1576, NCIMB 9222, JCM 11564, CIP 102696, IAM 14868, IAM 14893, IAM 14902, IFO 12959, KCTC 39573, KCTC 9649, LMG 16468, LMG 17308, NBRC 12959, VKM Ac-1108",1,Phycicoccus duodecadis,173053.3,10
,,,,,2630968219,15
,,,,,GCA_002846495,
6298,Lp2,"DSM 14184, JCM 11141, CCUG 46560, CIP 107623, IAM 14965, NBRC 103079, KCTC 39572, NCIMB 14348",1,Phycicoccus elongatus,2600254961,10
,,,,,GCA_000367525,15-37
132430,JP6SC6,"DSM 100020, CGMCC 4.7300, JCM 31784",1,Phycicoccus endophyticus,1690220.4,20-42
,,,,,1690220.5,
,,,,,2894037358,
,,,,,GCA_014395645,
,,,,,GCA_014646175,
133801,PEPV15,"LMG 26470, CECT 7949",1,Phyllobacterium endophyticum,1149773.3,May-39
,,,,,1149773.6,
,,,,,2824427252,
,,,,,2839993093,
,,,,,GCA_003010935,
,,,,,GCA_008180215,
,,,,,GCA_014192255,
11874,,"DSM 5892, ATCC 43590, IAM 13584, JCM 20932, LMG 2t2, NCIMB 12127, CCUG 34962, CIP 108241, LMG 2.2, LMG 6738, NBRC 100019",1,Phyllobacterium myrsinacearum,2767802441,30-Oct
,,,,,2802429686,
,,,,,28101.3,
,,,,,28101.5,
,,,,,28101.8,
,,,,,GCA_002980555,
,,,,,GCA_003182235,
,,,,,GCA_004217385,
11875,,"DSM 5893, ATCC 43591, LMG 1t1, NCIMB 12128, JCM 20934, CCUG 34964, CIP 108235, HAMBI 1991, HAMBI 2264, IAM 13587, LMG 1.1, NBRC 100017",0,Phyllobacterium myrsinacearum,2799112214,10
,,,,,28101.7,
,,,,,GCA_004216655,
158644,LLAN61,"LMG 30173, CECT 9417",1,Phyllobacterium salinisoli,2840750342,Jun-37
,,,,,GCA_003335045,
132519,,"DSM 101529, CGMCC 4.7225, KCTC 39701, EGI 80629, JCM 32495",1,Phytoactinopolyspora alkaliphila,1783498.3,15-45
,,,,,GCA_010550695,
169324,S29,"DSM 27342, KACC 17598",1,Phytobacter palmae,FONB00000000.1,15.0-45.0
,,,,,GCA_900112785,4
158583,,"CNCTC 5729, ATCC 27989",1,Phytobacter ursingii,1972431.3,May-40
,,,,,GCA_901456055,
23123,K09-0627,"DSM 45551, JCM 17387, NBRC 107702",1,Phytohabitans flavus,1076124.3,20-35
,,,,,GCA_011764545,
23124,K11-0057,"DSM 45864, BCC 48147, JCM 17830, NBRC 108639",1,Phytohabitans houttuyneae,1076126.3,20-42
,,,,,GCA_011764425,
23125,K11-0047,"DSM 45865, BCC 48146, JCM 17829, NBRC 108638",1,Phytohabitans rumicis,1076125.3,20-34
,,,,,GCA_011764445,
166099,R4HLG17,"ACCC 19929, KCTC 52415",1,Phytohalomonas tamaricis,GCA_003012345,16-45
159685,IMT-318,"DSM 107179, CCM 8859, CIP 111626, LMG 30658",1,Pigmentiphaga humi,GCA_900606115,15
,,,,,,20-28
357,K24,"CCUG 47266, CIP 108234, DSM 13608, NCIMB 13708",1,Pigmentiphaga kullae,151784.3,15-37
,,,,,2795386136,4
,,,,,GCA_004216695,5
361,,"DSM 19789, CCTCC AA 207034, KCTC 22165, JSM 061001",1,Pigmentiphaga litoralis,516702.5,Apr-35
,,,,,GCA_014651835,
160162,Pla175,"DSM 109594, CECT 9871, VKM B-3448",1,Pirellulimonas nuda,GCA_007750855,Oct-33
1544,RBU1-1,"DSM 21622, JCM 13188, PCU 270, TISTR 1571, CIP 109653",1,Piscibacillus salipiscarius,1294022.5,15-48
,,,,,2675903365,
,,,,,GCA_001311865,
159877,MQ-18,"CCTCC AB 2017223, JCM 32138",1,Piscinibacter caeni,2883124827,20-40
,,,,,GCA_003265685,
133221,SH-1,"KACC 18594, JCM 31230",1,Piscinibacter defluvii,2881658920,7
,,,,,GCA_004011805,
133415,K7,"LMG 28835, KCTC 42657, BCRC 80901",1,Planctobacterium marinum,GCA_020687805,Apr-35
166440,13S1-3,"KCTC 49115, CGMCC 1.16554",1,Planctomonas deserti,GCA_003067705,Aug-37
24527,,"DSM 22400, JCM 18269, RCA 23",1,Planktomarina temperata,2548877138,30-Oct
,,,,,,20
141082,X14M-14,"CGMCC 1.12924, KCTC 42675",1,Planktosalinus lacus,1526573.3,Apr-35
,,,,,GCA_014640155,
13865,"SH6-1, SH6_1","DSM 23709, LMG 25294",1,Planktotalea frisia,2593339277,Apr-32
,,,,,2703719202,20
,,,,,696762.6,
,,,,,GCA_001890925,
,,,,,GCA_003254185,
11959,,"DSM 14505, MTCC 3854, CMS 26or, CIP 107767",1,Planococcus antarcticus,1185653.1,25-Oct
,,,,,1185653.11,Feb-30
,,,,,1185653.3,20
,,,,,1185653.6,
,,,,,2534682145,
,,,,,2700988610,
,,,,,GCA_000264415,
,,,,,GCA_001687565,
164371,Y74,"JCM 32826, CICC 24461",0,Planococcus antioxidans,GCA_003668635,Apr-42
11974,0423,"DSM 24857, CGMCC 1.6846, JCM 15088",1,Planococcus glaciei,2617270782,28-Apr
,,,,,459472.16,18
,,,,,GCA_900099655,20
,,,,,,20.5
11967,Or1,"DSM 24743, JCM 17719",1,Planococcus halocryophilus,1005941.3,-47
,,,,,1215089.4,20
,,,,,2537562134,
,,,,,2700988612,
,,,,,2773857975,
,,,,,GCA_000342445,
,,,,,GCA_001687585,
11971,JG-07,"DSM 15895, CIP 107134, JCM 10704, KCTC 3684, CGMCC 1.3646, KCTC 3684.",1,Planococcus koreensis,112331.4,Oct-41
,,,,,2861582252,20-30
,,,,,GCA_014202615,
164341,Y42,"JCM 32719, CGMCC 1.15921",1,Planococcus lenghuensis,GCA_001999905,Oct-35
11963,S1,"DSM 15305, CIP 108414, MTCC 4827",1,Planococcus maitriensis,GCA_003289925,10
11964,TF-9,"DSM 17275, CIP 11543, JCM 11543, KCCM 41587, CIP 108219",1,Planococcus maritimus,192421.5,30-Oct
,,,,,2811995333,
,,,,,GCA_001687625,
11968,S23F2,"DSM 13963, ATCC 700539, CIP 105673",1,Planococcus mcmeekinii,2913357338,Oct-37
,,,,,71546.3,
11966,AS/ASP6(II),"DSM 23997, MTCC 8491",1,Planococcus plakortidis,1038856.4,15-37
,,,,,2700988614,
,,,,,GCA_001687605,
11962,M8,"DSM 15069, ATCC BAA-790, CIP 108240",1,Planococcus rifietoensis,2687453186,Oct-37
,,,,,GCA_001465795,
11960,ISL-16,"DSM 23820, CCUG 57753, KCTC 13584",1,Planococcus salinarum,2837105295,Apr-38
,,,,,2840865273,
,,,,,622695.3,
,,,,,622695.5,
,,,,,GCA_001856085,
,,,,,GCA_003428865,
,,,,,GCA_007004625,
158688,LCB217,"CGMCC 1.15685, KCTC 33861",1,Planococcus salinus,2843378535,Oct-45
,,,,,GCA_003719725,
133091,L10.15,"DSM 101994, KACC 18918",1,Planococcus versutus,2700988609,15
,,,,,2788500496,30-Apr
,,,,,GCA_001186155,
11972,K22-03,"DSM 16419, JCM 12481, MTCC 6226",1,Planococcus stackebrandtii,2928307406,15-30
8047,,"DSM 45387, CCTCC AA 209047, JCM 31039, NBRC 110450, YIM 68255",1,Plantactinospora endophytica,673535.3,Oct-45
,,,,,GCA_016862915,
8045,,"DSM 45238, BCC 55027, CCTCC AA 208022, JCM 16905, NBRC 109088, TBRC 2210, YIM 61359",1,Plantactinospora mayteni,566021.3,15-37
,,,,,GCA_016862935,
132564,NEAU-gxj3,"DSM 46832, CGMCC 4.7221",1,Plantactinospora soyae,1544732.3,20-32
,,,,,2870846369,
,,,,,GCA_014874095,
7473,"P 297/02, P297/02","DSM 14012, LMG 19919, JCM 12144, CIP 108227, IAM 15049, NBRC 103081, VKM Ac-2504",1,Plantibacter flavus,150123.11,30-Oct
,,,,,2781126045,
,,,,,GCA_003755125,
,,,,,GCA_900177615,
24761,YD,"DSM 25287, NCCB 100398",1,Plasticicumulans lactativorans,1133106.8,20-45
,,,,,2795385449,
,,,,,GCA_004341245,
24763,,"DSM 25350, CIP 110343, MOLA 115",1,Pleionea mediterranea,2756170268,15-37
,,,,,523701.3,
,,,,,GCA_003148745,
166263,S1-5-21,"MCCC 1K03814, KCTC 72149",1,Pleionea sediminis,2569479.3,15-40
,,,,,2887718898,
,,,,,GCA_007570825,
23098,R5-392,"DSM 25022, KACC 16233",1,Pleomorphomonas diazotrophica,2651870105,20-37
,,,,,2839387131,
,,,,,GCA_002844595,
,,,,,GCA_900114935,
7227,Y9,"DSM 23070, KCTC 12246, NBRC 100803",1,Pleomorphomonas koreensis,1122962.3,15-42
,,,,,2523533619,
,,,,,GCA_000425185,
166285,SW125,"CGMCC 1.16172, DSM 107180, KCTC 62636",1,Pleomorphovibrio marinus,2164132.3,Apr-42
,,,,,2831830614,
,,,,,GCA_003347495,
5055,"M51, Bader M51","DSM 8224, ATCC 14029, NCIB 9242, RH 798, CCUG 410, NCTC 10360, NCIMB 9242, CDC 3085-55, CIP 63.5, LMG 4242",1,Plesiomonas shigelloides,2773857999,10
,,,,,703.8,5
,,,,,GCA_900087055,
4367,16-74,"DSM 9245, ATCC 33028, CDC 604-77, CIP 76.01, JCM 1234, LMG 5739, NCTC 11434, CCUG 14557, CECT 857, CIP 76.1, HUT 8110, NBRC 105706, NCIMB 13304",1,Pluralibacter gergoviae,1354260.8,Oct-41
,,,,,2681812978,5
,,,,,61647.66,
,,,,,GCA_001598855,
,,,,,GCA_900454925,
166123,ZY113,"KCTC 62374, MCCC 1H00296",1,Polaribacter aquimarinus,GCA_003129485,Apr-37
5627,DSW-5,"DSM 17204, CIP 109304, KCTC 12392",1,Polaribacter dokdonensis,1300348.6,Apr-33
,,,,,1300348.9,
,,,,,2639762916,
,,,,,2693430036,
,,,,,GCA_001280865,
,,,,,GCA_900106865,
5626,215,"DSM 13964, ATCC 700397, CIP 106479",1,Polaribacter filamentus,2839188362,4
,,,,,53483.7,15-May
,,,,,GCA_002943715,
138455,301,"CIP 106480, ATCC 700399",1,Polaribacter franzmannii,1248440.3,15
,,,,,,5
,,,,,,8
136694,,"CIP 103112, ACAM 171, ATCC 43844",1,Polaribacter glomeratus,102.4,15
,,,,,102.8,15-May
,,,,,2895249441,
,,,,,GCA_002954665,
,,,,,GCA_007997115,
133261,RA4-7,"KCTC 52418, NBRC 112383",1,Polaribacter haliotis,1888915.11,30-Apr
,,,,,2788500510,
,,,,,GCA_002201315,
,,,,,GCA_014784055,
140599,OITF-11,"KCTC 52500, NBRC 112457",1,Polaribacter litorisediminis,GCA_019968605,28-Apr
164066,,"JCM 31460, CGMCC 1.15763, KCTC 52370, MCCC 1K03199",1,Polaribacter pacificus,1775173.3,16
,,,,,GCA_014643655,
133846,LNM-20,"LMG 26671, NBRC 108759",1,Polaribacter porphyrae,1137780.3,30-Oct
,,,,,2895253024,
,,,,,GCA_002954685,
,,,,,GCA_020532745,
133931,,"KCTC 23670, JCM 18092, KOPRI 21160",1,Polaribacter sejongensis,985043.7,Apr-37
,,,,,GCA_002814075,
169666,Hel1_33_49,DSM 29509,1,Polaribacter sp.,1336803.3,15
,,,,,GCA_000766805,
169665,"Hel_I_88, Hel1_88",DSM 29503,0,Polaribacter sp.,1250006.5,15
,,,,,GCA_000687935,
169667,"Hel_l_85, Hel1_85",DSM 29511,0,Polaribacter sp.,1250005.3,15
,,,,,GCA_000766795,
169668,R2A056_3_33,DSM 111047,0,Polaribacter sp.,2745563.3,20
,,,,,GCA_019278485,
169669,HaHaR_3_91,DSM 111048,0,Polaribacter sp.,2745561.3,20
,,,,,GCA_019278525,
169670,"AHE53.11, AHE13PA",DSM 111061,0,Polaribacter sp.,2745562.3,20
,,,,,GCA_019278505,
158681,WS2-14,"KCTC 52275, MCCC 1H00163",1,Polaribacter tangerinus,2791355037,Oct-37
,,,,,GCA_002201235,
133317,LPB0003,"KACC 18704, JCM 31217",1,Polaribacter vadi,2721755673,Apr-35
,,,,,2772190760,
,,,,,GCA_001680885,
,,,,,GCA_001761365,
140826,B717-2,"CGMCC 1.15322, JCM 31171",1,Polaromonas eurypsychrophila,1614635.3,15
,,,,,GCA_014641715,20-May
2982,CJ2,"DSM 15660, ATCC BAA-779, CCUG 51246",1,Polaromonas naphthalenivorans,365044.2,20
,,,,,365044.36,20
,,,,,365044.37,4.0-25.0
,,,,,365044.38,
,,,,,365044.39,
,,,,,365044.4,
,,,,,365044.41,
,,,,,365044.42,
,,,,,365044.43,
,,,,,639633051,
167597,"DJ1R_1, DJ1R-1","CGMCC 1.13788, KCTC 72014",1,Polymorphobacter arshaanensis,GCA_004681125,20
,,,,,SIHO00000000,25-Apr
133374,B555-2,"CGMCC 1.15519, KCTC 52396",1,Polymorphobacter glacialis,1614636.3,0-20
,,,,,GCA_014643455,15
8025,TT97-42,"DSM 44947, NBRC 101157, JCM 14904, CGMCC 4.5572",1,Polymorphospora rubra,338584.4,20-30
,,,,,GCA_018324255,
2079,MWH-PoolGreenA3,"DSM 21994, CIP 110079",1,Polynucleobacter acidiphobus,2808606701,5
,,,,,GCA_003065385,
158281,MWH-K35W1,"DSM 24006, LMG 29706",1,Polynucleobacter aenigmaticus,1743164.3,May-32
,,,,,GCA_002206635,
158405,MWH-Feld-100,"DSM 24007, LMG 29705",1,Polynucleobacter campilacus,1743163.3,28-May
,,,,,2590828843,
,,,,,GCA_002206625,
2076,MWH-MoIso2,"DSM 21490, CIP 109840, LMG 25212",1,Polynucleobacter cosmopolitanus,2642422582,Oct-35
,,,,,2773857926,5
,,,,,GCA_002224225,
2081,AM-8B5,"DSM 22349, CIP 110078",1,Polynucleobacter difficilis,2808606694,5
,,,,,GCA_003065365,
2071,MWH-MoK4,"DSM 21495, CIP 110977",1,Polynucleobacter duraquae,2634166443,15
,,,,,576611.7,20
,,,,,GCA_000973625,
158406,MWH-EgelM1-30-B4,"DSM 23911, LMG 30144",1,Polynucleobacter hirudinilacicola,2590828818,31-May
,,,,,GCA_002192535,
158668,AP-Melu-1000-B4,"DSM 103591, CIP 111329",1,Polynucleobacter meluiroseus,2710724120,28-May
,,,,,GCA_900205755,
158449,MG-25-Pas1-D2,"DSM 103454, CIP 111323",1,Polynucleobacter paneuropaeus,2770939595,31-May
,,,,,2808606699,
,,,,,GCA_003261235,
2080,MT-CBb6A5,"DSM 21648, CIP 109928",1,Polynucleobacter rarus,2645728114,5
,,,,,556055.3,
,,,,,GCA_003072505,
140723,MWH-Weng1-1,"CIP 111099, DSM 24018",1,Polynucleobacter sphagniphilus,2574179738,31-May
,,,,,GCA_001953355,
2072,MWH-VicM1,"DSM 21486, JCM 32005",1,Polynucleobacter victoriensis,2710264786,Jun-38
,,,,,GCA_900187875,
133074,QLW-P1FAT50C-4,"DSM 24008, CIP 111100",1,Polynucleobacter wuianus,1743168.3,5.0-34.0
,,,,,2687453598,
,,,,,GCA_001659725,
166385,Pla110,"DSM 103387, LMG 29693",1,Polystyrenella longa,GCA_007750395,27-Oct
13856,GRP21,"DSM 21219, KCTC 22497",1,Pontibaca methylaminivorans,2681812934,15-37
,,,,,515897.3,
,,,,,GCA_900156525,
1386,BH030062,DSM 16287,1,Pontibacillus chungwhensis,1385513.3,15.0-45.0
,,,,,2627854003,
,,,,,GCA_000770675,
1388,,"DSM 19796, CCTCC AA 207029, KCTC 13190, JSM 076056, CIP 110065",1,Pontibacillus halophilus,1122964.4,15.0-40.0
,,,,,1385510.3,
,,,,,2524023244,
,,,,,GCA_000425205,
,,,,,GCA_000775595,
1387,"BH030004, 10.101","DSM 16465, KCTC 3917",1,Pontibacillus marinus,1122965.4,15.0-40.0
,,,,,1385511.3,
,,,,,2524023192,
,,,,,2630968890,
,,,,,GCA_000425225,
,,,,,GCA_000775605,
133153,9DM,"KCTC 33742, LMG 29102, CGMCC 1.15353",1,Pontibacillus salipaludis,1697394.3,16-45
,,,,,GCA_014642405,
23884,"AKesu 4, ASK 1","DSM 18820, CCTCC AB 206086, KCTC 12758, AKS 1",1,Pontibacter akesuensis,2622736541,Apr-36
,,,,,388950.6,
,,,,,388950.7,
,,,,,GCA_014651555,
,,,,,GCA_900116885,
140146,2-Sep,"DSM 27987, CGMCC 1.12749, JCM 19653, MCCC 1K00278",1,Pontibacter amylolyticus,1424080.3,Apr-40
,,,,,GCA_014638845,
166253,2b14,"KCTC 62596, MCCC 1H00304",1,Pontibacter arcticus,GCA_003284895,Apr-37
133259,XAAS-1,"CCTCC AB 2016134, JCM 31442, DSM 103222",1,Pontibacter aydingkolensis,2928185967,Jun-37
133827,DM9,"CCM 7955, MTCC 11079",1,Pontibacter lucknowensis,2681812905,Jun-45
,,,,,GCA_900156415,
132973,PB3,"DSM 100162, KCTC 42942",1,Pontibacter mucosus,1649266.3,May-45
,,,,,2734482255,
,,,,,GCA_003054055,
166346,BT214,"KCTC 72359, NBRC 114377",1,Pontibacter pudoricolor,2884355953,Oct-37
,,,,,GCA_010092985,4
3829,SRC-1,"DSM 17521, CCTCC AB 207222, CIP 109903, MTCC 7260",1,Pontibacter roseus,1122967.3,Apr-37
,,,,,2515154084,
,,,,,GCA_000373265,
133007,W14,"DSM 100231, KCTC 42941, MCC 2932",1,Pontibacter virosus,1765052.3,20.0-40.0
,,,,,2756170242,
,,,,,GCA_003096355,
13846,CL-GR66,"DSM 18986, KCCM 90028",1,Ponticoccus litoralis,2574179734,Oct-37
158575,SJ5A-1,"JCM 19520, ACCC 19863",1,Pseudoponticoccus marisrubri,1685382.5,15-40
,,,,,2724679114,
,,,,,GCA_001482405,
133880,CL-TW6,"KCCM 90105, JCM 18206",1,Pontimonas salivibrio,1159327.4,15-35
,,,,,2866993168,
,,,,,GCA_002950575,
158576,,"KEMB 9005-328, JCM 31499, Yeonmyeong 2-22",1,Qipengyuania algicida,GCA_009828025,Oct-40
166203,SM1702,"MCCC 1K03471, KCTC 62796",1,Arcobacter antarcticus,GCA_003667345,0-30
,,,,,,15-Oct
167291,KOR34,"DSM 104303, LMG 31362",1,Posidoniimonas corsicana,GCA_007859765,20
160572,Pla123a,"DSM 103020, LMG 29466",1,Posidoniimonas polymericola,GCA_007859935,Oct-33
164262,,"JCM 32460, LMG 30312, EAG 3",1,Pradoshia eiseniae,GCA_002946355,Apr-42
13320,,"DSM 45266, CCTCC AA 208053, YIM 90636, JCM 33234",1,Prauserella aidingensis,2596583537,15-45
,,,,,GCA_024171865,
13317,,"DSM 44590, CCTCC AA 001016, YIM 90005, JCM 13022, BCRC 16313, CIP 107981, KCTC 19002, CCRC 16313",1,Prauserella alba,2596583529,15
,,,,,GCA_024171735,5
158465,,"DSM 45973, YIM 121212, CCTCC AA 2013011",1,Prauserella flavalba,1477506.3,20-55
,,,,,2865225150,
,,,,,GCA_003202235,
,,,,,MASU00000000,
13316,,"DSM 44617, YIM 90001, JCM 13023, BCRC 16311, CCTCC AA 001015, CIP 107978, KCTC 19000",1,Prauserella halophila,2596583595,10
,,,,,GCA_024171895,15
13323,MS 498,"DSM 45268, CCTCC AA 208056, JCM 18301, CGMCC 4.5506, NBRC 105212",1,Prauserella marina,2675903049,15-45
,,,,,2770939488,
,,,,,530584.3,
,,,,,530584.4,
,,,,,530584.6,
,,,,,530584.7,
,,,,,GCA_002240355,
,,,,,GCA_003182115,
,,,,,GCA_900102755,
13315,,"DSM 43194, ATCC 43014, IFO 14506, IMET 7650, IMRU 3760, JCM 3193, KCC A-0193, NBRC 14506, NCIB 8926, NRRL 2295, JCM 9736, BCRC 12523, CBS 614.67, CGMCC 4.1215, CIP 106520, HUT 6557, IMI 71674, KCTC 9299, KCTC 9942, NCIMB 8926, NRRL B-2295, PCM 2309, VKM Ac-1243",1,Prauserella rugosa,2585427562,Oct-45
,,,,,43354.5,
,,,,,GCA_000719975,
,,,,,GCA_007829565,
13318,,"DSM 45264, CCTCC AA 208051, YIM 90625, JCM 33232",1,Prauserella salsuginis,2596583569,15-45
,,,,,GCA_024648885,
13319,,"DSM 45265, CCTCC AA 208052, YIM 90630, JCM 33233",0,Prauserella salsuginis,2596583604,15-45
,,,,,GCA_024648865,
13321,,"DSM 45267, CCTCC AA 208054, YIM 90694, JCM 33235",1,Prauserella salsuginis,2827231811,15-45
,,,,,577680.3,
,,,,,GCA_014195435,
5745,ZS1-8,"DSM 23421, JCM 17291",1,Pricia antarctica,2684622891,0-25
,,,,,641691.3,18
,,,,,GCA_900101815,20
1203,2DT,"DSM 13796, JCM 12211, CIP 106778, KCTC 13922, UCM B-5715",1,Priestia endophytica,1121089.3,Oct-45
,,,,,135735.7,
,,,,,2599185264,
,,,,,2724679200,
,,,,,GCA_001590825,
,,,,,GCA_900115845,
1244,7.101,"DSM 16467, KCTC 3914, BR 030, CIP 110015",1,Priestia koreensis,2648501744,15-48
,,,,,284581.3,
,,,,,GCA_001274935,
733,"1060, 19, Ford 19, Gibson 1060","DSM 32, ATCC 14581, CCM 2007, NCIB 9376, NCTC 10342, CCUG 1817, JCM 2506, BCRC 10608, CECT 4313, CIP 66.20, HAMBI 2018, IAM 13418, IFO 15308, KCTC 3007, LMG 7127, NBRC 15308, NCCB 75016, NCIMB 9376, NRIC 1710, NRRL B-14308, VKM B-512, VTT E-93055, NCDO 1773",1,Priestia megaterium,1348623.15,10
,,,,,1348623.16,
,,,,,1348623.17,
,,,,,1348623.18,
,,,,,1348623.19,
,,,,,1348623.2,
,,,,,1348623.34,
,,,,,1348623.36,
,,,,,1348623.6,
,,,,,1348623.7,
133303,OITF-36,"KCTC 52455, NBRC 112419",1,Primorskyibacter aestuariivivens,GCA_028023675,10
,,,,,,4
159756,PX7,"KCTC 42952, MCCC 1H00196",1,Primorskyibacter marinus,2889500225,0
,,,,,GCA_003313245,4
133848,KAUST100406-0324,"JCM 17872, NRRL B-59665",1,Profundibacterium mesophilum,1037889.3,15-25
,,,,,GCA_009835145,
138802,XI,"CIP 103579, ATCC 27740, LMG 6233, CCUG 64017",1,Prolinoborus fasciculus,1056810.3,22-Oct
,,,,,2831754677,
134197,F2,"ATCC BAA-1284, JCM 13498",1,Prolixibacter bellariivorans,1236540.3,Apr-42
,,,,,2585427911,
,,,,,2890297093,
,,,,,314319.6,
,,,,,GCA_000614865,
,,,,,GCA_000621705,
,,,,,GCA_009617915,
12604,RS16,"DSM 19349, LMG 24382, JCM 16033",1,Promicromonospora kroppenstedtii,2507525000,Dec-37
,,,,,926564.3,
,,,,,GCA_000515355,
141045,NEAU-GS50,"CGMCC 4.7398, DSM 104515",1,Promicromonospora soli,2035533.3,18-38
,,,,,GCA_014653785,
159196,"WS 4900, VG341","DSM 100885, LMG 29089",1,Propioniciclava flava,2072026.3,Jun-40
,,,,,GCA_004126535,
,,,,,PPCV00000000,
141046,TEYR-7,"CCTCC AB 2015257, KCTC 33808",1,Propioniciclava sinopodophylli,1837344.3,15-37
,,,,,2867481428,
,,,,,GCA_004324755,
17150,"KS, KS-SP4I6","DSM 15287, ATCC BAA-665",1,Propionispora hippei,1123003.3,20-50
,,,,,2585428088,
,,,,,GCA_900141835,
166527,2DFWR-13,"KACC 19321, NBRC 113050",1,Protaetiibacter intestinalis,2419774.3,15-37
,,,,,GCA_003627075,
18078,GW,"DSM 21650, CGMCC 1.5055, JCM 14574",1,Proteiniborus ethanoligenes,2599185206,20-48
,,,,,415015.4,
,,,,,GCA_900107485,
12514,TB107,"DSM 18083, CGMCC 1.5024, JCM 12891, CCUG 53886",1,Proteiniphilum acetatigenes,1123008.3,20-45
,,,,,2518645612,
,,,,,GCA_000380985,
140143,M3/6,"DSM 28694, CECT 8610, LMG 28299",1,Proteiniphilum saccharofermentans,2757320909,15-45
,,,,,GCA_900095135,
18080,PPP2,"DSM 23131, CIP 108034, JCM 12175, ATCC BAA-755",1,Proteocatella sphenisci,1123009.3,Feb-37
,,,,,2523533562,
,,,,,GCA_000423525,
158717,08MAS0041,"CGMCC 1.15939, DSM 104685",1,Proteus alimentorum,2873863875,10
,,,,,GCA_002607735,
160787,FJ2001126-3,"DSM 106178, GDMCC 1.1244",1,Proteus cibi,2905384093,Oct-45
,,,,,GCA_003144405,
158686,08MAS2615,"DSM 104686, CGMCC 1.15982",1,Proteus columbae,2791355076,Oct-45
,,,,,GCA_002777965,
160788,TJ1636,"DSM 106180, GDMCC 1.1245",1,Proteus faecis,2885181175,Oct-45
,,,,,GCA_003144395,
5072,1732-80,"DSM 14437, ATCC 700826, CDC 1732-80, CCUG 35386, CIP 106868, CCM 7012",1,Proteus hauseri,1354271.4,May-41
,,,,,2802429661,
,,,,,GCA_001654965,
5073,,"DSM 30118, ATCC 13315, IFO 3851, NBRC 3851, NCIB 4175, NCTC 4175, JCM 1668, BCRC 11039, CCUG 35383, CCUG 6327, CIP 58.60, IAM 12317, IAM 12542, JCM 20622, NBRC 105696, NCIMB 4175, OUT 8144, LMG 2096, CCM 7011, CDC 1086-80",0,Proteus hauseri,183417.3,Oct-41
,,,,,585.2,5
,,,,,GCA_003144475,
5058,PR 14,"DSM 4479, ATCC 29906, CIP 103181, NCTC 11938, WDCM 00023, CDC PR 14, JCM 1669, CCUG 26767, CECT 4168, KCTC 2566, LMG 3257, NBRC 105697, CCM 7188",1,Proteus mirabilis,525369.4,May-41
,,,,,584.639,
,,,,,643886024,
,,,,,GCA_000160755,
,,,,,GCA_900455245,
132975,JS9,"DSM 100173, JCM 30699, KACC 18404",1,Proteus terrae subsp. cibarius,2905324704,Oct-37
,,,,,626774.3,
,,,,,GCA_003144495,
148403,"87B, 8390-93","CCUG 35381, ATCC 51471, CIP 106871",0,Proteus vulgaris,1311821.3,Oct-41
,,,,,2885172688,5
,,,,,GCA_003144505,
148404,"8385-93, 111B","CCUG 35384, ATCC 51469, CIP 106869",0,Proteus vulgaris,1311819.3,May-41
,,,,,2885184831,
,,,,,GCA_003144375,
148405,"HSCT 3586 T1, 1404-81","CCUG 35385, ATCC 51470, CIP 106870",0,Proteus vulgaris,1311789.3,10
,,,,,2921503015,5
,,,,,GCA_003144335,
5075,8025-83,"CCUG 16446, NCTC 12003, DSM 3591, ATCC 35613, CIP 103031, MUA 2-110",1,Providencia heimbachae,1354272.4,May-37
,,,,,2802429662,
,,,,,333962.4,
,,,,,GCA_001655055,
,,,,,GCA_900475855,
166192,WCHPr000369,"GDMCC 1.1382, KCTC 62577",1,Providencia huaxiensis,GCA_002843235,20-39
,,,,,,4
5078,1163,"DSM 4542, ATCC 29944, CCUG 14804, CECT 865, JCM 1675, BCRC 13994, CDC 1163, CIP 103182, LMG 3259, NCTC 11801",1,Providencia rettgeri,587.336,Oct-41
,,,,,587.9,5
,,,,,GCA_900455085,
5082,132-68,"CCUG 15723, DSM 4541, ATCC 33673, CDC 132-68, JCM 3953, BCRC 13997, CIP 103032, NCTC 11802, RIMD 1659001",1,Providencia rustigianii,158850.6,May-41
,,,,,500637.6,
,,,,,642979318,
,,,,,GCA_000156395,
,,,,,GCA_900455075,
5084,2896-68,"DSM 4539, ATCC 29914, CCUG 14805, CECT 866, CDC 2896-68, JCM 24298, CIP 104687, LMG 3260, NCTC 11800, LMG 7567",1,Providencia stuartii,588.51,Oct-41
,,,,,GCA_900455155,5
5088,OP1,"DSM 17385, CIP 108829, CCUG 55499",1,Providencia vermicola,GCA_020381325,Oct-41
,,,,,,5
130241,,"DSM 28005, JCM 19624, KACC 17839, KCTC 29256, EGI 60002",1,Pseudactinotalea suaedae,1524924.3,15-35
,,,,,2887398948,
,,,,,GCA_009733815,
133083,5GHs33-03,"DSM 27157, KACC 16542, NBRC 111006",1,Pseudactinotalea terrae,1743262.3,Apr-37
,,,,,2890205655,
,,,,,GCA_009733845,
1208,mcha2343,"DSM 14890, CIP 108363, LMG 19507",1,Pseudalkalibacillus decolorationis,GCA_024609785,10
,,,,,,May-40
1226,SW-72,"DSM 16206, JCM 11807, KCCM 41641, CIP 108441, LMG 24749",1,Pseudalkalibacillus hwajinpoensis,GCA_029277305,Oct-37
,,,,,,Oct-40
140465,JH-7,"KCTC 52258, CCTCC AB 2016107",1,Pseudaminobacter manganicus,2767802766,20-40
,,,,,GCA_002075885,
11877,"BN12, BN12D","DSM 6986, CIP 106963",1,Pseudaminobacter salicylatoxidans,2756170245,10
,,,,,93369.5,5
,,,,,GCA_003148475,
3837,E92,"DSM 25647, CCM 7988, LMG 26720, CIP 110345",1,Pseudarcicella hirudinis,1079859.3,Oct-36
,,,,,2634166314,
,,,,,GCA_900115665,
7581,A6,"DSM 12829, ATCC 700700, CIP 107037, JCM 12360, KCTC 9906, NCIMB 13794, MTCC 3706",1,Pseudarthrobacter chlorophenolicus,2634166551,Oct-37
,,,,,452863.4,
,,,,,452863.41,
,,,,,452863.6,
,,,,,643348509,
,,,,,85085.8,
,,,,,GCA_000022025,
,,,,,GCA_900104315,
7622,Sphe3,"DSM 18606, LMG 23796, JCM 16027",1,Pseudarthrobacter phenanthrenivorans,650377905,Apr-37
,,,,,930171.23,
,,,,,930171.24,
,,,,,GCA_000189535,
7533,2568,"DSM 20136, ATCC 15216, NCIB 10267, JCM 2523, BCRC 12114, CCUG 23891, CGMCC 1.1927, CIP 106989, IAM 14590, IFO 15512, KCTC 3384, LMG 16679, LMG 3821, NBRC 15512, NCIMB 10267, NRIC 0155, VKM Ac-1955, CCRC 12114",1,Pseudarthrobacter polychromogenes,1676.6,Oct-37
,,,,,GCA_014644495,
164687,,"JCM 33881, KACC 21510",1,Pseudarthrobacter psychrotolerans,GCA_009911795,13
24196,4J27,"DSM 28024, CECT 8257, LMG 27359, CIP 110704",1,Pseudarthrobacter siccitolerans,2648501281,15-35
,,,,,GCA_001046895,
4928,"875-72, 580","CCUG 15715, DSM 4564, ATCC 33821, IAM 14239, JCM 1688, NIH 580, CDC 875-72, BCRC 15953, CGMCC 1.3441, CIP 103177, HAMBI 1694, LMG 7868, NBRC 102420, NCTC 12130",1,Pseudescherichia vulneris,1115515.3,10
,,,,,2600255014,5
,,,,,2806310681,
,,,,,566.6,
,,,,,GCA_000759795,
,,,,,GCA_900450975,
133584,KYW314,"KCTC 22740, JCM 16344",1,Pseudidiomarina aestuarii,GCA_003987355,Oct-37
133757,SW15,"LMG 25374, BCRC 80083",1,Pseudidiomarina aquimaris,GCA_003987395,Oct-45
133467,908033,"CGMCC 1.7284, JCM 15533",1,Pseudidiomarina donghaiensis,2619618818,15-45
,,,,,519452.3,
,,,,,GCA_003987405,
,,,,,GCA_900116895,
168509,R04H25,"GDMCC 1.1503, KCTC 62911",1,Pseudidiomarina gelatinasegens,GCA_004025325,4.0-42
,,,,,RSFE01000000,
133427,PIM1,"BCRC 17749, JCM 15083",1,Pseudidiomarina marina,GCA_003987045,Oct-42
133466,908087,"CGMCC 1.7285, JCM 15534",1,Pseudidiomarina tainanensis,2617270903,Oct-45
,,,,,519453.3,
,,,,,GCA_900115255,
6236,ISL-52,"DSM 21900, CCUG 54359, KCTC 12971",1,Pseudidiomarina salinarum,GCA_000753715,Apr-42
,,,,,GCA_003987105,
6237,c121,"DSM 21906, CICC 10319, LMG 24046",1,Pseudidiomarina sediminum,1122124.3,13-42
,,,,,2524614571,
,,,,,GCA_000423165,
,,,,,GCA_003987265,
133426,PIN1,"BCRC 17750, JCM 15084",1,Pseudidiomarina tainanensis,GCA_004214835,Oct-42
6235,PIT1,"DSM 19709, BCRC 17465, JCM 13360",1,Pseudidiomarina taiwanensis,GCA_003987435,15-42
12693,,"DSM 14585, CIP 108357, KMM 255",1,Pseudoalteromonas agarivorans,1312369.5,May-37
,,,,,2802429659,
,,,,,GCA_002310855,
12699,SW19,"DSM 16473, KMM 3562, CIP 108625, LMG 22059",1,Pseudoalteromonas aliena,1314866.4,29-Apr
,,,,,GCA_014905615,
133879,k53,"JCM 17292, NCIMB 14688",1,Pseudoalteromonas arabiensis,2675903557,Jun-35
,,,,,874454.3,
,,,,,GCA_001550155,
12701,A 37-1-2,"DSM 18437, LMG 23753",1,Pseudoalteromonas arctica,1117313.12,25-Apr
,,,,,1117313.3,15-Oct
,,,,,2775507288,20
,,,,,GCA_000238395,
12676,Cerbom 208,"DSM 6057, ATCC 33046, CIP 104200, NCIMB 2052",1,Pseudoalteromonas aurantia,1314867.3,19
134146,FR1199,"JCM 12483, KCTC 12274, CIP 109024, IMSNU 60186, KCTC 22992",1,Pseudoalteromonas byunsanensis,2916174752,Oct-40
,,,,,327939.5,
,,,,,GCA_001854475,
12683,,"DSM 6820, ATCC 43555, IAM 12662, IFO 12985, NBRC 12985, NCIMB 302, JCM 8851, CGMCC 1.2912, CGMCC 1.6485, CIP 103674",1,Pseudoalteromonas carrageenovora,1314868.3,20
,,,,,1314868.5,
,,,,,227.5,
,,,,,2847759026,
,,,,,GCA_006539245,
,,,,,GCA_014925295,
,,,,,GCA_900239935,
12677,,"DSM 8771, ATCC 29719, DSM 6058, NCMB 1889, CIP 104113, CECT 575, LMG 2863, NCIMB 1889",1,Pseudoalteromonas citrea,GCA_000238375,Oct-41
,,,,,,5
12678,,"DSM 6059, ATCC 43337, CIP 104108, IAM 14445, Nygaard 1977, JCM 21248, IAM 14544, LMG 8808, NCIMB 13179",1,Pseudoalteromonas denitrificans,1123010.3,10
,,,,,2599185267,15
,,,,,GCA_900112265,
131079,,"DSM 12749, ATCC 700518, CIP 105340, KMM 638, VKM B-2136 D",1,Pseudoalteromonas distincta,2627854061,20
,,,,,77608.3,30-May
,,,,,GCA_000814675,
131080,40MC,"DSM 12747, ATCC 700519, VKPM B 3905, CCUG 44496, KMM 162, CIP 105338, VKPM B3905",1,Pseudoalteromonas distincta,2627853893,20
,,,,,81037.3,30-May
12684,261,"DSM 9414, ATCC 29659, CCUG 16147, IAM 12640, NCIMB 2127, LMG 2866, JCM 20705, CIP 104112, NBRC 102222",1,Pseudoalteromonas espejiana,28107.3,22-May
,,,,,28107.7,
,,,,,GCA_002221525,
,,,,,GCA_007989585,
12690,,"DSM 14401, KMM 3630, LMG 20361, NCIMB 2033, CIP 107428",1,Pseudoalteromonas maricaloris,1315273.3,10
,,,,,1315273.7,5
,,,,,137779.9,
,,,,,2630968884,
,,,,,GCA_014596995,
,,,,,GCA_014858715,
448,,"DSM 15748, CIP 105339, KMM 216",1,Pseudoalteromonas fuliginea,2751185888,30-May
,,,,,43655.3,May-37
,,,,,GCA_000690055,
167229,S4498,"NCIMB 15250, LMG 31599",1,Pseudoalteromonas galatheae,GCA_005886105,Oct-42
,,,,,NZ_PNCO00000000.2,
132999,NH153,"DSM 100951, CGMCC 1.15370",1,Pseudoalteromonas gelatinilytica,2744054619,15-45
,,,,,GCA_001641615,4
12696,,"DSM 15925, CIP 106858, LMG 19697, KMM 3549",1,Pseudoalteromonas issachenkonii,152297.5,May-37
,,,,,2802429664,
,,,,,GCA_002310795,
12702,,"DSM 22356, CGMCC 1.8499, JCM 15903, LMEB 39",1,Pseudoalteromonas lipolytica,1315275.3,15-37
,,,,,2617270886,
,,,,,570156.7,
,,,,,GCA_900116435,
12680,"CH 130, CH130","DSM 6061, ATCC 33492, NCIMB 1893, JCM 21275, CIP 103718, IAM 14710, LMG 2871, NBRC 103183",1,Pseudoalteromonas luteoviolacea,1365250.3,10
,,,,,1365250.6,5
,,,,,2728369620,
,,,,,GCA_001625655,
,,,,,GCA_014925325,
131096,,"DSM 15914, CIP 106859, KMM 636, LMG 19692, KMM 630",1,Pseudoalteromonas maricaloris,184924.3,10
,,,,,GCA_012641725,5
12695,,"DSM 15203, KMM 3635, NCIMB 1770, CIP 108079",1,Pseudoalteromonas mariniglutinosa,GCA_021613355,30-May
140626,,"KCCM 43187, JCM 31286, PAMC 28425",1,Pseudoalteromonas neustonica,GCA_001653135,30-Apr
12692,,"DSM 26439, ATCC BAA-322, KMM 3548, LMG 19694",1,Pseudoalteromonas distincta,1315279.3,20
,,,,,GCA_014918315,
12687,"F12-50-A1, F12 50-A1","DSM 14001, MBIC 1416, NITE 00156, CIP 107066, MBIC 01416",1,Pseudoalteromonas peptidolytica,1315280.3,10
,,,,,61150.5,5
,,,,,GCA_012641745,
,,,,,GCA_014858745,
140699,OCN003,"CCOS 1042, CIP 111189",1,Pseudoalteromonas piratica,2639762812,13
,,,,,GCA_000788395,14-39
133216,TP162,"KACC 18554, CGMCC 1.15394",1,Pseudoalteromonas gelatinilytica,1774956.4,Oct-40
,,,,,GCA_014642695,5
12689,MB8-11,"DSM 14232, ACAM 620, CIP 105820",1,Pseudoalteromonas prydzensis,1315282.4,20
,,,,,182141.3,30-May
,,,,,1840331.8,
,,,,,206042.3,
,,,,,2751185891,
,,,,,GCA_001661495,
,,,,,GCA_014925355,
12681,Cerbom 18,"DSM 6842, ATCC 29570, LMG 2876, NCIMB 1890, CIP 104110, DSM 6064",1,Pseudoalteromonas rubra,1117318.14,10
,,,,,2541047006,5
,,,,,GCA_000238295,
139987,,"DSM 15912, KMM 300, CIP 106857, LMG 19699",1,Pseudoalteromonas ruthenica,151081.31,30-May
,,,,,GCA_008808095,
134140,UST010723-006,"NRRL B-41100, JCM 12884, CIP 108868",1,Pseudoalteromonas spongiae,1117319.3,Aug-44
,,,,,2775507273,Oct-37
,,,,,GCA_000238255,5
12686,GFC,"DSM 9166, IAM 14160, NCIMB 13177, JCM 21038, ATCC 51193, CIP 104758, KMM 458, NBRC 103034, CIP 107120",1,Pseudoalteromonas tetraodonis,1315271.8,30-Oct
,,,,,43659.6,20
,,,,,GCA_002310835,5
,,,,,GCA_007991235,
12691,,"DSM 14402, ATCC BAA-315, KMM 520, LMG 19696, CIP 107731",1,Pseudoalteromonas translucida,1315283.4,30-May
,,,,,2654587552,
,,,,,GCA_001465295,
12688,D2,"DSM 14096, CCUG 26757, CIP 105928, CCUG 44952",1,Pseudoalteromonas tunicata,2847754586,20
,,,,,314281.3,30-May
,,,,,638341157,
,,,,,87626.5,
,,,,,GCA_000153245,
,,,,,GCA_002310815,
,,,,,GCA_003568825,
12694,"UL12, AF 172987, UL 12","DSM 15557, CIP 107123, NCIMB 13762, UNSW 095600",1,Pseudoalteromonas ulvae,1315306.3,30-May
,,,,,GCA_014925405,
158791,MM-14,"KACC 19434, KCTC 62139, NBRC 113019",1,Hanstruepera ponticola,2042995.3,Oct-37
,,,,,2886795137,4
,,,,,GCA_012931685,
160128,"Malle 64, Mal64","DSM 100832, LMG 29020",1,Pseudobythopirellula maris,GCA_007859945,15-36
7481,"MJ28, H17-1","DSM 26484, JCM 16921, KCTC 19773",1,Pseudoclavibacter caeni,2857411303,20-42
,,,,,908846.3,
,,,,,908846.4,
,,,,,GCA_008831125,
,,,,,GCA_013410595,
7480,,"DSM 23821, CCUG 58142, KCTC 22691, CAU 59",1,Pseudoclavibacter chungangensis,2857404025,Apr-50
,,,,,587635.3,
,,,,,587635.4,
,,,,,GCA_008831135,
,,,,,GCA_013410545,
132433,,"DSM 29943, CGMCC 1.15081, KCTC 39112, EGI 60007, JCM 30633",1,Pseudoclavibacter endophyticus,1778590.4,Oct-60
,,,,,GCA_008831085,
,,,,,GCA_014640595,
7475,,"DSM 20419, ATCC 13715, CIP 108565, JCM 9491, CCUG 43303, IFO 15775, TISTR 1509, IAM 14726, LMG 21450, NBRC 15775, NCIB 8939",1,Pseudoclavibacter helvolus,255205.14,30-Oct
,,,,,2824195264,Oct-35
,,,,,GCA_014191305,20-30
7477,A59836,"DSM 17449, IAM 14724, NBRC 15616, TISTR 1510, CCUG 50212, IFO 15616, JCM 12865, CIP 108566",0,Zimmermannella alba,1349786.3,10
,,,,,2731957610,15
,,,,,GCA_001570905,
132642,J2,"DSM 101483, MCCC 1A01867",1,Pseudodesulfovibrio indicus,1716143.16,Sep-40
,,,,,2651869878,
,,,,,2687453294,
,,,,,2784746795,
,,,,,GCA_001563225,
,,,,,GCA_004365595,
140414,BLaC1,"DSM 101509, JCM 31063",1,Pseudodesulfovibrio senegalensis,1721087.3,15-45
,,,,,2899427287,
,,,,,GCA_008830225,
13832,Y-2,"DSM 18339, CGMCC 1.7081, LMG 24574, MCCC 1A00107",1,Pseudodonghicola xiamenensis,1121479.3,18-37
,,,,,2524023213,
,,,,,337702.5,
,,,,,GCA_000429365,
,,,,,GCA_014653505,
133214,E3/2,"LMG 29678, CCM 8698, DSM 103461, CIP 111103",1,Duganella danionis,1890295.3,20-30
,,,,,2914572788,
,,,,,GCA_009720775,
11377,,"DSM 15887, CCUG 50881, CIP 108077, KCTC 12193, YIM 31327",1,Duganella violaceinigra,1121480.5,30-Oct
,,,,,2523533621,
,,,,,GCA_000425385,
132597,GS 221,"DSM 18116, KACC 14278, Gsoil 221",1,Pseudobacter ginsenosidimutans,2799112211,Oct-37
,,,,,661488.3,
,,,,,GCA_004291315,
133145,T16R-265,"KACC 18655, NBRC 111880",1,Pseudoflavitalea rhizosphaerae,1884793.3,Oct-37
,,,,,2837695235,Oct-40
,,,,,GCA_003991355,
7583,"CF43, CF 43","DSM 13068, ATCC BAA-273, CCUG 43812, JCM 11943, CCM 4905, CCUG 44606, CIP 106791, KCTC 9908",1,Pseudoglutamicibacter albus,2923410811,10
,,,,,,15
7578,,"DSM 10493, ATCC 700218, CCM 4574, CCUG 36788, CIP 104907, JCM 11675, KCTC 9904, DMMZ 445",1,Pseudoglutamicibacter cumminsii,156979.27,10
,,,,,2893672949,15
,,,,,GCA_016907775,
10526,BP-5,"DSM 22618, BCRC 17727, LMG 24211",1,Pseudogulbenkiania subflava,1123014.3,15-42
,,,,,2568526005,
,,,,,GCA_900177275,
496,"CM41-15a, CM41_15a","DSM 19751, CIP 109758, MOLA 104",1,Pseudohaliea rubra,1265313.9,15-44
,,,,,2558309010,
,,,,,2600255098,
,,,,,GCA_000764025,
24311,YC6898,"DSM 23348, KACC 14911, NBRC 107700",1,Pseudohoeflea suaedae,2837651117,Oct-42
,,,,,GCA_004354915,
133284,SCS-49,"CGMCC 1.15425, KCTC 52155, MCCC 1K03186",1,Pseudohongiella nitratireducens,1768907.6,4.0-35.0
,,,,,2744054860,
,,,,,GCA_001642735,
,,,,,GCA_014642795,
134182,KST3-3,"KCCM 42250, NRRL B-24439, JCM 14547, NBRC 102111",1,Pseudokineococcus marinus,351215.3,Apr-37
,,,,,GCA_013004605,
166264,H-5,"BCRC 81154, KCTC 62865",1,Pseudomethylobacillus aquaticus,2881723119,15-30
,,,,,GCA_003730115,
13122,BKME-9,"DSM 17554, ATCC 700689, CIP 106708, CCUG 50779",1,Pseudomonas abietaniphila,89065.12,30-May
,,,,,GCA_900100795,
159712,MT5,"KCTC 62295, MCCC 1K03351",1,Pseudomonas abyssi,2882363878,Apr-45
,,,,,GCA_002307495,
12800,,"DSM 50071, ATCC 10145, ICPB 2523, NCIB 8295, NCTC 10332, NRRL B-771, WDCM 00024, JCM 5962, BCRC 10944, CCEB 481, CCM 1960, CCUG 28447, CCUG 551, CECT 110, CGMCC 1.1785, CIP 100720, IAM 1514, IFO 12689, IFO 3756, KCTC 1750, LMG 1242, NBRC 12689, NBRC 3756, NCDO 1369, NCIMB 8295, NCPPB 1965, IMET 10403, CCM 481, VKM B588, CIP 63.52",1,Pseudomonas aeruginosa,1123015.3,0
,,,,,1123015.5,Oct-45
,,,,,1236528.3,4
,,,,,2568526011,5
,,,,,2636415941,7
,,,,,2667527464,
,,,,,2667527847,
,,,,,287.10003,
,,,,,287.11067,
,,,,,287.1725,
12758,PRD-10,"DSM 939, ATCC 15442, NCIB 10421, CCUG 2080, IFO 13736, CIP 103467, NCIMB 10421, PCI 812",0,Pseudomonas aeruginosa,1424337.3,Oct-41
,,,,,2576861223,5
,,,,,287.189,
,,,,,287.9378,
,,,,,2917032606,
,,,,,GCA_000504485,
,,,,,GCA_001373915,
,,,,,GCA_005154325,
12759,"Boston 41501, 41501","DSM 1117, ATCC 27853, CCM 3955, CCUG 17619, CECT 108, CIP 76.110, JCM 6119, LMG 6395, NCIMB 12469, WDCM 00025, UCCCB116, LMG 18448, CCUG 1423, CCUG 7737, NCTC 12903",0,Pseudomonas aeruginosa,1236529.3,5
,,,,,2687453218,
,,,,,2700989384,
,,,,,287.1769,
,,,,,287.2665,
,,,,,287.3723,
,,,,,287.6323,
,,,,,2912953232,
,,,,,GCA_000615525,
,,,,,GCA_001086625,
12764,,"DSM 3227, ATCC 19429, IFO 3755, NBRC 3755, NCIB 6750, NCTC 6750, CIP 105094, CCM 1959, IMET 10906, NCIMB 6750, CCEB 478",0,Pseudomonas aeruginosa,287.6523,10
,,,,,GCA_900461635,5
12801,"PAO1, IC, PA01","DSM 22644, ATCC 15692, CIP 104116, JCM 14847, LMG 12228, CCUG 56489, KCTC 1637, ATCC 17503, ATCC 25247, ATCC 25375, BCRC 13078, CECT 4122, LMG 27638, NCCB 4163, NCIMB 10545, NCIMB 10548, VTT E-082794, VTT E-84219",0,Pseudomonas aeruginosa,1236530.3,5
,,,,,2609460090,
,,,,,2721755590,
,,,,,287.11535,
,,,,,287.2908,
,,,,,GCA_000006765,
,,,,,GCA_000615565,
,,,,,GCA_001729505,
134453,,"CIP 103837, ATCC 25668, CCTM La 2767, NCTC 10662, CECT 118, NCIMB 13063, CCM 3989, WDCM 00114, CCUG 1423",0,Pseudomonas aeruginosa,287.9424,10
,,,,,GCA_900706875,5
135613,"EML538, 14947/1955-226, A443/1955","CIP 59.38, ATCC 33353, NCTC 11445",0,Pseudomonas aeruginosa,2671180558,10
,,,,,287.1983,5
,,,,,287.8052,
,,,,,2908492839,
,,,,,GCA_001444755,
,,,,,GCA_900636735,
136459,,"CIP 105925, ATCC 13388, CCUG 50823, QM B1468",0,Pseudomonas aeruginosa,287.1878,Oct-41
,,,,,GCA_001373675,5
138871,XI/S2/1955-228,"CIP 59.40, ATCC 33355, NCTC 11447",0,Pseudomonas aeruginosa,287.1984,10
,,,,,287.6518,5
,,,,,GCA_001444765,
,,,,,GCA_900455405,
138877,140,"CIP 60.92, ATCC 33360, NCTC 11452",0,Pseudomonas aeruginosa,2700989537,10
,,,,,287.1994,5
,,,,,287.9411,
,,,,,GCA_001444995,
,,,,,GCA_900455145,
13059,71A,"DSM 11810, ATCC 25941, ICMP 2656, ICPB PA144, NCPPB 2289, JCM 12566, BCRC 15817, CCUG 23365, CCUG 32769, CECT 4467, CFBP 2063, CIP 106703, LMG 2112, VTT E-94513",1,Pseudomonas agarici,2505679085,30-May
,,,,,2667527210,
,,,,,46677.12,
,,,,,46677.9,
,,,,,690598.6,
,,,,,GCA_000280785,
,,,,,GCA_900109755,
164624,PS24,"JCM 33654, CECT 9941, LMG 31497",1,Pseudomonas akappageensis,GCA_011355085,May-36
12807,"1577, 142","DSM 50342, ATCC 14909, NCTC 10367, CCUG 1425 A, CCM 2655, LMG 1224, JCM 20561, BCRC 13909, CCUG 1425, CECT 929, CIP 101034, IAM 12411, ICPB 2749-12, IFO 14159, JCM 5967, LMG 2120, NBRC 14159, NCIMB 9945, NCPPB 1970, VKM B-2171, IMET 11155",1,Pseudomonas alcaligenes,1215092.3,Oct-41
,,,,,2600255064,5
,,,,,43263.13,
,,,,,GCA_000467105,
,,,,,GCA_900455475,
13129,"AL 15-21, AL15-21","CCUG 54778, KCTC 12910, DSM 17744, IAM 14884, JCM 10630, CGMCC 1.6415, LMG 23134, MTCC 7934, NBRC 102411, CIP 108031",1,Pseudomonas alcaliphila,101564.8,Oct-41
,,,,,1215093.3,5
,,,,,2663762780,
,,,,,2806311028,
,,,,,GCA_002091495,
,,,,,GCA_900101755,
13051,AL1,"DSM 7298, ATCC 33614, ICMP 3918, NCPPB 2607, CIP 106734, LMG 2123",1,Pseudomonas amygdali,2713896844,30-May
,,,,,47877.4,
,,,,,47877.9,
,,,,,GCA_001400115,
,,,,,GCA_002699855,
13061,S1,"CCUG 35503, DSM 12111, ATCC 33660, NCIMB 1949, CIP 106711, CECT 899",1,Pseudomonas anguilliseptica,2687453785,30-Oct
,,,,,53406.4,5
,,,,,GCA_900105355,
13115,"CH01, CH01T","DSM 17259, CECT 7010, LMG 22563, CCUG 50743, CIP 108775",1,Pseudomonas argentinensis,2671180085,May-40
,,,,,289370.1,
,,,,,289370.11,
,,,,,GCA_008801645,
,,,,,GCA_900113905,
157812,"RYU-5, RYU5","DSM 107182, JCM 32716",1,Pseudomonas asiatica,2219225.11,Apr-40
,,,,,GCA_009932335,
12808,,"CCUG 32773, ATCC 10203, LMG 2137, DSM 17133, ATCC 23835, CCM 7744, ICMP 3944, NCPPB 1947, NRRL B-733, CIP 106710, CECT 4468",1,Pseudomonas asplenii,2667527430,30-May
,,,,,53407.1,
,,,,,GCA_900105475,
13049,6801,"CCUG 32780, LMG 2158, DSM 7231, ICMP 5940, NCPPB 3085, CIP 106695, PDDCC 5940",1,Pseudomonas asplenii,1367451.3,30-May
,,,,,2667527230,
,,,,,50340.51,
,,,,,GCA_000467065,
,,,,,GCA_900108595,
166373,M7D1,"CCUG 73898, LMG 31516",1,Pseudomonas atacamensis,GCA_004801935,Apr-37
164623,PS14,"JCM 33653, CECT 9940, LMG 31496",1,Pseudomonas atagonensis,GCA_011369485,May-32
13058,"ISPAVE B.062, B. O62, F11","DSM 11809, BPIC 631, ICPB 9746, NCPPB 3487, CCUG 51505, CIP 105176, PD 2378, JCM 11937, CFBP 4060, ICMP 9746, LMG 21662",1,Pseudomonas avellanae,1154758.3,10
,,,,,1154758.6,
,,,,,2505313060,
,,,,,2531839710,
,,,,,2554235217,
,,,,,46257.13,
,,,,,GCA_000302915,
,,,,,GCA_000444135,
,,,,,GCA_014646595,
13124,6H33b,"DSM 17556, ATCC BAA-1049, JCM 12708, CCUG 53885, CIP 108866, TBRC 7232",1,Stutzerimonas azotifigens,1292027.3,10
,,,,,2523533560,5
,,,,,GCA_000425625,
13141,,"DSM 18862, IAM 1603, CCUG 12536, JCM 2777, CIP 106744, IFO 12693, AJ 2173, CGMCC 1.1792, LMG 21611, NBRC 12693",1,Pseudomonas azotoformans,1215094.4,20-30
,,,,,2636416017,30-May
,,,,,2917113043,
,,,,,2917196912,
,,,,,47878.14,
,,,,,47878.15,
,,,,,47878.17,
,,,,,GCA_001870415,
,,,,,GCA_001983205,
,,,,,GCA_002091515,
13189,a390,"DSM 26532, CECT 7720, LMG 25716",1,Pseudomonas baetica,2619619019,30-Apr
,,,,,2917843420,
,,,,,674054.5,
,,,,,674054.7,
,,,,,GCA_002813455,
,,,,,GCA_003031005,
,,,,,GCA_029504145,
13054,SP1402,"DSM 6083, CIP 105297, CCUG 44595",1,Stutzerimonas balearica,1123016.11,Oct-41
,,,,,1123016.6,5
,,,,,2602042028,
,,,,,2648501814,
,,,,,GCA_000818015,
,,,,,GCA_900103375,
13019,8-H,"DSM 19620, ATCC 33662, CIP 106717, NCIMB 9401, NRRL B-550, CCUG 3365, JCM 13306, BCRC 15823, LMG 979",1,Pseudomonas boreopolis,86183.4,10
,,,,,GCA_014654535,5
13068,"DBK11, DBK 11","DSM 13227, CFBP 11706, CCUG 51508, JCM 11938, CIP 107059, CFBP 5593",1,Pseudomonas brassicacearum,86264.4,May-37
,,,,,930166.118,
,,,,,GCA_008801605,
,,,,,GCA_012034345,
13087,97-391,"DSM 15294, CFML 93-391, CIP 106646, CCUG 51514, JCM 13307, CFML 97-391",1,Pseudomonas brenneri,129817.15,30-May
,,,,,129817.16,
,,,,,129817.19,
,,,,,2639762518,
,,,,,GCA_007858285,
,,,,,GCA_008386555,
,,,,,GCA_014646715,
,,,,,GCA_900105815,
159168,"FL-M/Ps 38, TH39","DSM 107390, LMG 30830",1,Pseudomonas bubulae,2917077041,Feb-33
,,,,,GCA_900618535,
,,,,,UYJA00000000,
13175,HY-14,"DSM 24390, CCTCC AB 208156, KCTC 22292",1,Denitrificimonas caeni,2524614874,Apr-37
,,,,,521719.3,
,,,,,GCA_000421765,
133410,Feb-92,"LMG 28499, DOAB 798",1,Pseudomonas canadensis,2582580912,4
,,,,,GCA_000503215,
13052,L01,"DSM 16822, CFBP 2341, CIP 106140, ICMP 2823, LMG 5096, NCPPB 1437, CCUG 51523",1,Pseudomonas cannabina,2667527432,30-May
,,,,,2713896848,
,,,,,86840.3,
,,,,,86840.5,
,,,,,GCA_001400175,
,,,,,GCA_900100365,
13143,ENA-328,"DSM 21109, CFBP 3204, ICMP 2855, NCPPB 1873, CCUG 32775, ATCC 33615, LMG 2152, CIP 106736, NCPPB 1823, ICPB PC138",1,Pseudomonas caricapapayae,2713896847,May-37
,,,,,46678.3,
,,,,,GCA_001400735,
13119,,"DSM 17516, CIP 105541, CFML 96-198",1,Pseudomonas cedrina,2917190755,May-37
,,,,,76762.3,
,,,,,GCA_001983175,
13160,292,"DSM 50083, ATCC 9446, CCM 1975, ICPB 2392, IFO 3904, NBRC 3904, NCIB 9392, NRRL B-560, CCUG 552 B, LMG 6220, CCM 292, CIP 63.22, JCM 2778, AJ 2066, BCRC 11566, CCUG 552, CECT 4470, CFBP 2132, HAMBI 2011, IAM 12354, IAM 1511, ICMP 13613, LMG 5004, LMG 6457, NCCB 76041, NCIMB 9392, NCPPB 1798, NCTC 13002, VKM B-1246, VKM B-897, VTT E-95581, IMET 10404, NRRL: B-560",1,Pseudomonas chlororaphis,1215096.5,5
,,,,,2617270790,
,,,,,2713897223,
,,,,,2875542621,
,,,,,2917093585,
,,,,,333.1,
,,,,,333.12,
,,,,,333.4,
,,,,,333.6,
,,,,,587753.91,
13159,,"DSM 19603, ATCC 33663, CIP 106718, LMG 21630, NCIMB 10068",1,Pseudomonas chlororaphis subsp. aurantiaca,2636416019,May-37
,,,,,2908486269,
,,,,,587753.25,
,,,,,86192.21,
,,,,,GCA_003851835,
,,,,,GCA_900104985,
13158,"EIII.9.25.1, L8","CCUG 712, CIP 103295, NCTC 10686, LMG 1245, NRRL B-1576, IFO 3521, DSM 6698, ATCC 13985, NCIMB 9030, JCM 20509, CCEB 518, IAM 12353, NBRC 3521",1,Pseudomonas chlororaphis subsp. aureofaciens,1215095.3,May-37
,,,,,2578105.3,
,,,,,2636416064,
,,,,,2645727751,
,,,,,2713897221,
,,,,,2917825782,
,,,,,587753.24,
,,,,,587753.54,
,,,,,587851.14,
,,,,,587851.2,
12817,PC 1,"DSM 50259, ATCC 10857, CCUG 32776, NCPPB 943, LMG 2162, ATCC 19303, ATCC 19474, CIP 106704, NRRL B-832, ICPB PC1",1,Pseudomonas cichorii,2667527209,30-May
,,,,,36746.17,
,,,,,36746.26,
,,,,,36746.3,
,,,,,GCA_015471425,
,,,,,GCA_018343775,
,,,,,GCA_900104015,
13144,PC1,"DSM 21306, ATCC 33616, CCM 2888, CCUG 18839, CIP 106723, ICMP 8561, LMG 2167, NCPPB 2982, JCM 13362, CIP 105155, LMG 21719",1,Xanthomonas cissicola,2791355361,10
,,,,,86186.3,5
,,,,,86186.4,
,,,,,GCA_002019225,
,,,,,GCA_008801575,
13085,P538/23,"DSM 14939, LMG 21466, CCUG 51513, CFBP 7019, CIP 108180",1,Pseudomonas congelans,200452.18,30-May
,,,,,2663762773,
,,,,,GCA_900103225,
13044,939/1,"DSM 7228, ATCC 29736, NCPPB 2445, CIP 105514, CFBP 2431",1,Pseudomonas corrugata,2563366525,May-37
,,,,,2713897228,
,,,,,47879.35,
,,,,,47879.38,
,,,,,47879.43,
,,,,,GCA_001269905,
,,,,,GCA_001411965,
,,,,,GCA_003699065,
13109,KS 0031,"DSM 17059, AJ 2127, IFO 16634, JCM 11246, NRIC 0181, CCUG 53878, NBRC 16634, JCM 20204, BCRC 17510, CIP 107616, DSM 10759, IAM 1541, LMG 24039, LMG 27905",1,Pseudomonas cremoricolorata,1215098.3,10
,,,,,1292028.3,5
,,,,,2523533534,
,,,,,2585427684,
,,,,,GCA_000425745,
13153,RLD-1,"DSM 18900, CCUG 55753, CCM 7361, MTCC 7601, CIP 109527",1,Pseudomonas delhiensis,2706795031,Apr-40
,,,,,366289.8,
,,,,,GCA_900099945,
,,,,,GCA_900187975,
13163,HR2,"DSM 21419, CGMCC 1.6858, KCTC 22129",1,Pseudomonas duriflava,2596583584,May-42
,,,,,459528.3,
,,,,,GCA_007830155,
13091,FEB RAS,"DSM 15824, KMM 3447, LMG 19695, CCUG 51517, CIP 107815",1,Pseudomonas extremorientalis,169669.1,30-May
,,,,,169669.5,
,,,,,2639762715,
,,,,,GCA_001870465,
,,,,,GCA_008801565,
,,,,,GCA_900104365,
13060,B62,"DSM 12071, NCPPB 3063, CCUG 49622, CIP 104204, ATCC 51555, LMG 18387, CFBP 5586, JCM 21586, IAM 15128, ICMP 13539, NBRC 103044",1,Pseudomonas flavescens,1215099.3,5
,,,,,2663762794,
,,,,,29435.6,
,,,,,GCA_002091575,
,,,,,GCA_900100535,
13170,78-123,"DSM 25351, CGMCC 1.1365, JCM 14085, CCUG 59930, CECT 7766",0,Pseudomonas flexibilis,1295129.3,15-42
,,,,,2596583557,
,,,,,2645728058,
,,,,,2728369709,
,,,,,400095.4,
,,,,,706570.4,
,,,,,GCA_000806415,
,,,,,GCA_001312105,
,,,,,GCA_900101515,
158761,GEV388,"LMG 30013, ATCC TSD-90, CIP 111601",1,Pseudomonas floridensis,2791355582,Apr-37
,,,,,GCA_002087235,
12851,,"DSM 50090, ATCC 13525, ICPB 3200, NCIB 9046, NCTC 10038, WDCM 00115, JCM 5963, BCRC 11028, CCEB 488, CCM 2115, CCUG 1253, CECT 378, CGMCC 1.1802, CIP 69.13, IAM 12022, IFO 14160, LMG 1794, NBRC 14160, NCDO 1524, NCIMB 9046, NCPPB 1964, NRRL B-14678, VKM B-894, IMET 10619",1,Pseudomonas fluorescens,1215100.3,30-May
,,,,,2617270901,
,,,,,2675903647,
,,,,,2875548937,
,,,,,2917106160,
,,,,,294.2,
,,,,,294.284,
,,,,,294.394,
,,,,,294.428,
,,,,,294.455,
134568,B10,"CIP 106483, ATCC 948, IFO 3903, CCEB 295, NCIMB 9493, CCUG 1254, ATCC 11251, JCM 13058, BCRC 10304, IAM 12001, JCM 20338, LMG 5822, NBRC 3903, NCPPB 1601, NRRL B-10, NRRL B-253, VKM B-1470",0,Pseudomonas fluorescens,294.167,30-May
,,,,,294.168,
,,,,,GCA_001414285,
,,,,,GCA_001414295,
158598,ASS-1,"KCTC 52437, CCM 8778",1,Pseudomonas fluvialis,1793966.11,15-42
,,,,,2791355545,
,,,,,GCA_002234375,
,,,,,GCA_014635625,
133985,CC-CY503,"BCRC 80437, JCM 18415",1,Halopseudomonas formosensis,1002526.5,20-50
,,,,,2663762775,
,,,,,GCA_900115905,
13126,,"DSM 17717, IAM 1529, IFO 16637, JCM 11242, NRIC 0180, CCUG 50780, CIP 106765, CIP 106819, ATCC 31418, LMG 11722, NBRC 16637, JCM 20202, BCRC 11058, BCRC 17506, CCUG 106765, KACC 10774, KACC 10795, AJ 2219",1,Pseudomonas fulva,1215102.3,May-37
,,,,,1215102.4,
,,,,,2556921649,
,,,,,2585427679,
,,,,,GCA_000621265,
,,,,,GCA_000730565,
13110,,"CCUG 43164, DSM 17152, CCM 4986, CFML 95-251, CIP 105469",1,Pseudomonas gessardii,2917203564,30-May
,,,,,78544.11,
,,,,,78544.5,
,,,,,GCA_001983165,
,,,,,GCA_009671285,
151063,,"CCUG 43192, NCPPB 3147, LMG 5328",0,Pseudomonas gingeri,117681.4,20-30
166380,MS586,"NRRL B-65441, LMG 30275",1,Pseudomonas glycinae,2767802286,Apr-36
,,,,,GCA_001594225,
13062,"P 294/08, P294/08","DSM 11363, CCUG 51504, CIP 105897, CCM 8843",1,Pseudomonas graminis,158627.14,May-37
,,,,,GCA_900111735,
13118,,"DSM 17515, CIP 106645, CCUG 52345, ATCC BAA-140, CCM 7501, CFML 97-514, KCTC 12213",1,Pseudomonas grimontii,129847.4,May-37
,,,,,2639762651,
,,,,,GCA_007858185,
,,,,,GCA_900101085,
130575,SgZ-6,"DSM 100318, CCTCC AB 2012022, KACC 16606",1,Pseudomonas guangdongensis,2667527223,Oct-42
,,,,,GCA_900105885,
24440,PCAVU11,"DSM 28410, CECT 8262, LMG 27394",1,Pseudomonas guariconensis,1288410.3,Mar-44
,,,,,2663763604,
,,,,,GCA_900102675,
133945,CC-G9A,"BCRC 80438, JCM 18416",1,Pseudomonas guguanensis,1198456.3,20-42
,,,,,2663762796,
,,,,,GCA_900104265,
13161,M8,"DSM 21282, CECT 7231, LMG 24016",1,Pseudomonas guineae,2667527413,13
,,,,,425504.4,
,,,,,GCA_900113745,
132436,WS 4917,"DSM 29165, LMG 28433",1,Pseudomonas helleri,1608996.3,Apr-31
,,,,,2784132037,
,,,,,GCA_001043025,
164413,WCHPs060044,"JCM 32907, CCTCC AB 2018120, CNCTC 7663, GDMCC 1.1396",1,Pseudomonas huaxiensis,GCA_003231275,Apr-37
13071,,"DSM 14015, CIP 107714, MTCC 3713, CCUG 51511, IMT 37, JCM 21544, IAM 15083, NBRC 103045, TBRC 7233",1,Pseudomonas indica,1215103.3,10
,,,,,137658.3,5
,,,,,2663762782,
,,,,,GCA_002091635,
,,,,,GCA_900100285,
13111,,"DSM 17150, CCM 4840, CFML 95-307, CIP 105274, CCUG 42059, ATCC 700870",1,Pseudomonas jessenii,2917837329,30-May
,,,,,77298.8,
,,,,,77298.9,
,,,,,GCA_002236115,
166137,JS15-10A1,"CGMCC 1.16072, LMG 30036",1,Pseudomonas jilinensis,GCA_003586265,Apr-45
13100,,"CCUG 69580, DSM 16612, KACC 10760, LMG 21316, Pss 26, JCM 21621, IAM 15166, NBRC 103047, CIP 108617",1,Pseudomonas jinjuensis,1215105.3,Oct-41
,,,,,198616.7,5
,,,,,2663762768,
,,,,,GCA_002091655,
,,,,,GCA_900103845,
164545,BML3,"JCM 33395, DMS 109244, DSM 109244",1,Pseudomonas juntendi,2666183.3,Apr-40
,,,,,GCA_009932375,
166132,TBZ2,"LMG 29674, KCTC 52410",1,Pseudomonas khazarica,GCA_004521985,Oct-45
13070,520-20,"DSM 13647, CFBP 5372, JCM 11939, CIP 107321",1,Pseudomonas kilonensis,132476.6,May-37
,,,,,2639762655,
,,,,,2713897225,
,,,,,GCA_001269885,
,,,,,GCA_900105635,
13155,B13,"DSM 6978, CCUG 54928, CIP 109584, DSM 624, LMG 23759",1,Pseudomonas knackmussii,1301098.3,20-41
,,,,,2579778852,
,,,,,GCA_000689415,
13097,Ps 9-14,"DSM 16610, KACC 10848, LMG 21318, CCUG 51519, JCM 14769, CIP 108616",1,Pseudomonas koreensis,198620.78,May-37
,,,,,198620.87,
,,,,,198620.93,
,,,,,2636416187,
,,,,,GCA_008801535,
,,,,,GCA_012986595,
,,,,,GCA_014646955,
,,,,,GCA_900101415,
140299,WS 4992,"DSM 29167, LMG 28435",1,Pseudomonas lactis,1615674.3,Apr-35
,,,,,2660238313,
,,,,,GCA_001439845,
167657,P5773,"CCM 8849, LMG 30618T, LMG 30618",1,Pseudomonas leptonychotis,2448482.3,Feb-35
,,,,,GCA_004920405,
,,,,,RFLV00000000,
13112,,"CCUG 43190, DSM 17149, CCM 4841, CFML 96-195, CIP 105460",1,Pseudomonas libanensis,2636416169,May-37
,,,,,2700989493,
,,,,,75588.4,
,,,,,GCA_001439685,
,,,,,GCA_900101035,
13106,"DLE411J, D-LE411J","CCUG 51522, DSM 16768, CCM 7692, CFBP 5737, ICMP 14138, CIP 107460",1,Pseudomonas lini,163011.24,20-30
,,,,,163011.3,30-May
,,,,,2636416176,
,,,,,2663763025,
,,,,,GCA_001042905,
,,,,,GCA_008801525,
,,,,,GCA_900104735,
13186,2SM5,"DSM 26168, CECT 7670, KCTC 23093",1,Halopseudomonas litoralis,2667527220,15-37
,,,,,GCA_900105005,
13017,"573, 138","DSM 6252, ATCC 49968, CCM 3503, CIP 103272, CCUG 18757",1,Pseudomonas lundensis,2663763376,May-37
,,,,,86185.4,
,,,,,GCA_001042985,
13045,"4239, KS 0921","DSM 6975, ATCC 43273, IAM 1300, JCM 3352, CCUG 37974, LMG 7041, IAM 13000, CIP 102995, LMG 8814, NBRC 103146",1,Pseudomonas luteola,1215106.3,Oct-41
,,,,,2663762783,5
,,,,,2806311027,
,,,,,GCA_002091675,
13134,,"DSM 17967, ATCC 700871, CCUG 42058, CIP 105273, CCM 4842, CFML 95-303, JCM 21619, IAM 15164, NBRC 103147",1,Pseudomonas mandelii,1215107.3,30-May
,,,,,2814123354,
,,,,,75612.18,
,,,,,GCA_002091695,
,,,,,GCA_007858265,
,,,,,GCA_900106065,
164180,,"JCM 32061, TBRC 7080, DMKU BBB3-04",1,Pseudomonas mangiferae,GCA_007109405,Dec-40
12863,CIBP,"DSM 13124, ATCC 10844, NCPPB 667, CCUG 51507, LMG 2215, CFBP 1387, CFBP 2037, CIP 106712, CCTM 1894, CECT 229, LMG 2210, LMG 6434 (t2), NCAIM B.01279, CCEB 764, PD 1557, PDDCC 3553",1,Pseudomonas marginalis,2639762561,10
,,,,,298.8,5
,,,,,298.9,
,,,,,GCA_007858155,
,,,,,GCA_900105325,
13162,,"DSM 23972, JCM 14761, NRIC 0729, CCUG 59022, KMM 3042",1,Pseudomonas marincola,437900.12,May-37
,,,,,GCA_900116605,
13102,9.1,"DSM 16733, CCM 7691, CFBP 5447, ICMP 14184, CIP 107708",1,Pseudomonas mediterranea,1348058.4,May-37
,,,,,183795.36,
,,,,,2596583589,
,,,,,2627854246,
,,,,,2675902957,
,,,,,GCA_000774145,
,,,,,GCA_900106005,
135691,CH 20,"CIP 75.19, ATCC 25412, LMG 5941, NCTC 10898, NCIMB 10542",0,Pseudomonas mendocina,300.56,5
,,,,,GCA_900455585,
13133,,"CCUG 43165, CCM 4843, DSM 17966, CIP 105470, CFML 95-321, JCM 21628, IAM 15173, NBRC 103157",1,Pseudomonas migulae,1215109.3,May-37
,,,,,GCA_002091715,
13074,"strain 1, 1","DSM 14164, ATCC 700476, CCUG 38736, CIP 104883, CCM 4844, JCM 21585, BCRC 17534, IAM 15127, LMG 21609, NBRC 103158, VTT E-052919",1,Pseudomonas monteilii,1215110.3,30-Oct
,,,,,1215110.4,5
,,,,,2556921620,
,,,,,2585427680,
,,,,,GCA_000621245,
,,,,,GCA_000730605,
13117,,"DSM 17497, ATCC BAA-99, CIP 105259, CFML 90-83, ATCC BAA99",1,Pseudomonas mosselii,1403339.3,May-37
,,,,,2556921653,
,,,,,78327.27,
,,,,,78327.28,
,,,,,78327.3,
,,,,,78327.32,
,,,,,GCA_000621225,
,,,,,GCA_019823065,
13145,37,"DSM 19186, CIP 103298, CCUG 1424, ATCC 4685, NCTC 8068, JCM 2781, CGMCC 1.1795, IAM 12406, IAM 15111, LMG 2223, NBRC 103159, NCIMB 9394, NRRL B-16",1,Pseudomonas mucidolens,1215111.3,30-Oct
,,,,,2667527233,5
,,,,,2808606649,
,,,,,46679.3,
,,,,,46679.5,
,,,,,GCA_002091735,
,,,,,GCA_900106045,
,,,,,GCA_900475945,
,,,,,GCA_900625055,
164002,,"JCM 31284, KCCM 43193, PAMC 28426",1,Pseudomonas neustonica,GCA_003797945,20
164003,,"JCM 31285, KCCM 43194, PAMC 28427",0,Pseudomonas neustonica,GCA_003797905,20
166168,GL14,"CGMCC 1.13874, NBRC 113853",1,Stutzerimonas nitrititolerans,GCA_003696285,Apr-42
13080,"KS 0050, P-6","DSM 14399, ATCC 33634, IAM 1439, JCM 2782, CCUG 12538, IFO 12694, AJ 2282, CGMCC 1.1796, CIP 106747, LMG 21614, MTCC 7932, NBRC 12694",1,Pseudomonas nitroreducens,1215112.3,May-37
,,,,,2671180175,
,,,,,46680.17,
,,,,,46680.53,
,,,,,GCA_002091755,
,,,,,GCA_012986245,
,,,,,GCA_900188285,
166254,A31/70,"CECT 9981, CCUG 73638",1,Stutzerimonas nosocomialis,GCA_005876855,Jun-44
132649,KX 20,"DSM 100277, CGMCC 1.15195",1,Halopseudomonas oceani,1708783.3,Apr-41
,,,,,1708783.4,
,,,,,2791355600,
,,,,,GCA_002903165,
,,,,,GCA_014641295,
12867,,"CCUG 2087, IFO 13583, DSM 1045, ATCC 8062, NCIB 6576, NCIMB 6576, NCTC 10692, NBRC 13583, JCM 11598, CECT 4079, CFBP 5589, CIP 59.11, IAM 1508, IMI 349020, KCTC 2872, LMG 2229, NCCB 60081, NRRL B-778, VKM B-1522",1,Pseudomonas oleovorans,1218072.3,5
,,,,,1218129.3,
,,,,,2671180034,
,,,,,2811995170,
,,,,,301.2,
,,,,,301.22,
,,,,,GCA_002091815,
,,,,,GCA_002197815,
,,,,,GCA_900455615,
13116,,"DSM 17489, CIP 105540, CFML 96-170",1,Pseudomonas orientalis,2663762900,May-41
,,,,,76758.3,
,,,,,GCA_001439815,
13048,"KS0036, L-1, KS 0036","DSM 6835, ATCC 43272, IAM 1568, JCM 2952, CCUG 12540, LMG 7040, CIP 102996, CCM 8845, AJ 2197, CGMCC 1.3392, NBRC 102199, NCIMB 12521",1,Pseudomonas oryzihabitans,1215113.3,Oct-41
,,,,,2585427682,5
,,,,,47885.22,
,,,,,47885.39,
,,,,,GCA_000730625,
,,,,,GCA_012986195,
13125,,"KMM 330, CIP 108699, DSM 17577, CCUG 46540, JCM 12285, NRIC 0583, CGMCC 1.7687",1,Halopseudomonas pachastrellae,254161.4,Jul-41
,,,,,254161.7,Oct-37
,,,,,GCA_001989375,5
,,,,,GCA_900114765,
13107,PRM16,"DSM 16825, CFBP 4389, ICMP 14253, NCPPB 4278, CCUG 51524, LMG 23076, CIP 107804",1,Pseudomonas palleroniana,191390.6,30-May
,,,,,191390.9,
,,,,,2639762588,
,,,,,2917142836,
,,,,,GCA_003031675,
,,,,,GCA_008801495,
,,,,,GCA_900105975,
13140,,"DSM 18529, CIP 108524, IMSNU 14100, KCTC 12330, CG 20106, IMSNU 14101",1,Pseudomonas marginalis,307251.4,Apr-35
,,,,,GCA_007858175,30-Oct
,,,,,,19.5
,,,,,,5
12760,"PA7, R. Hugh 813","DSM 1128, ATCC 9027, CIP 82.118, DSM 1385, WDCM 00026, CCUG 22801, CCM 1961, IAM 10374, IFO 13275, JCM 23217, BUCSAV 278, IAM 13074, JCM 14171, NBRC 13275, NCIMB 8626, NRRL B-800, CIP 72.26, IMET 10905, NCTC 12924, CECT 111, LMG 8029, CMCC (B) 10104",0,Pseudomonas paraeruginosa,2645727823,Oct-41
,,,,,2675903282,5
,,,,,287.1867,
,,,,,287.1942,
,,,,,287.1969,
,,,,,287.456,
,,,,,287.4563,
,,,,,GCA_001294675,
,,,,,GCA_001374975,
,,,,,GCA_001402955,
13108,CB-1,"DSM 17004, AJ 2129, IFO 16636, JCM 11244, NRIC 0501, BCRC 17511, CIP 107617, NBRC 16636",1,Pseudomonas parafulva,1215114.3,Oct-37
,,,,,1292029.3,5
,,,,,2523533547,
,,,,,2585427683,
,,,,,GCA_000425765,
,,,,,GCA_000730645,
140300,WS 4672,"DSM 29164, LMG 28439",1,Pseudomonas paralactis,1615673.3,Apr-35
,,,,,2693429756,
,,,,,GCA_001439735,
13176,CL-AP6,"DSM 25163, JCM 15562, KCCM 90073",1,Halopseudomonas pelagia,GCA_000410875,Apr-33
13137,2205,"DSM 18268, ATCC 190, CCUG 7832, CIP 106696, IFO 14163, JCM 11590, LMG 1874, NBRC 14163",1,Halopseudomonas pertucinogena,2571042921,10
,,,,,86175.3,5
,,,,,GCA_014646575,
13086,,"CCUG 49623, CIP 106493, DSM 15088, ATCC 700383, FPC 951, JCM 13297, BCRC 17517, IAM 15126, JCM 21584, LMG 21750, LMG 23766, NBRC 103162, NCIMB 13649, VTT E-072699",1,Pseudomonas plecoglossicida,1215115.3,Oct-37
,,,,,1215115.4,5
,,,,,2556921648,
,,,,,2585427685,
,,,,,GCA_000688275,
,,,,,GCA_000730665,
13083,P527/13,"DSM 14936, LMG 21465, CCUG 51512, CCM 7506, CIP 108181",1,Pseudomonas poae,200451.7,30-May
,,,,,200451.9,
,,,,,2639762637,
,,,,,2667527928,
,,,,,2917137258,
,,,,,GCA_001439785,
,,,,,GCA_001730605,
,,,,,GCA_900103965,
158812,M5,"CCTCC AB 2017186, KCTC 62119, CICC 24308",1,Pseudomonas profundi,GCA_008638305,Apr-40
13095,,"DSM 15321, CCM 7690, CCUG 51515, CMS 64, CIP 108464, MTCC 4994",1,Pseudomonas proteolytica,219574.6,30-Apr
,,,,,GCA_007858275,30-May
13120,E-3,"DSM 17535, JCM 10889, CCUG 53877, CIP 107901",1,Pseudomonas psychrophila,122355.16,30-May
,,,,,122355.7,
,,,,,2667527575,
,,,,,GCA_001043005,
,,,,,GCA_008801485,
13105,C36,"DSM 15758, LMG 21977, CCUG 51516, CIP 108579",1,Pseudomonas psychrotolerans,237610.16,Apr-37
,,,,,237610.32,10
,,,,,2663763601,20.5
,,,,,GCA_012985915,5
,,,,,GCA_900102665,
12871,"90, A 3.12","DSM 291, ATCC 12633, DSM 50202, ICPB 2963, NCTC 10936, WDCM 00117, JCM 13063, ATCC 23467, BCRC 10459, CCM 7156, CCUG 12690, CCUG 2091, CECT 324, CFBP 2066, CIP 52.191, DSM 50906, HAMBI 7, HUT 8100, IAM 1236, ICMP 2758, IFO 14164, JCM 3697, KCTC 1644, KCTC 1751, LMG 2257, NBRC 14164, NCCB 68020, NCCB 72006, NCIMB 13936, NCIMB 9494, NCIMB 9528, VKM B-1301, VKM B-2187, VTT E-92005",1,Pseudomonas putida,1211579.3,10
,,,,,2554235365,5
,,,,,303.534,
,,,,,303.707,
,,,,,GCA_000412675,
,,,,,GCA_024508115,
,,,,,GCA_900455645,
140983,ID3,"LMG 29328, CCOS 865, CIP 111525",1,Pseudomonas reidholzensis,1785162.3,Apr-37
,,,,,GCA_900536025,
13096,IH5,"CCUG 51518, CIP 108243, DSM 16299, CECT 5726, LMG 21640",1,Pseudomonas rhizosphaerae,216142.3,30-May
,,,,,GCA_000761155,
13072,,"CCUG 38732, LMG 17764, CCM 4734, JCM 11940, DSM 14020, CIP 104664, NCIMB 13509, CFML 92-111",1,Pseudomonas rhodesiae,2639763190,May-37
,,,,,76760.14,
,,,,,GCA_007858255,
,,,,,GCA_024169765,
,,,,,GCA_900105575,
13169,J64,"DSM 23971, JCM 14963, KCTC 22137",1,Halopseudomonas sabulinigri,472181.4,Apr-37
,,,,,GCA_900105255,
166315,16W4-4-3,"CGMCC 1.13350, KCTC 72619",1,Pseudomonas saliphila,GCA_008638345,Apr-35
158046,584-1,"DSM 107228, LMG 22120, CFBP 2022, ICMP 14252, NCPPB 4277, CIP 107802",1,Pseudomonas salomonii,191391.5,30-May
,,,,,191391.7,
,,,,,2663763605,
,,,,,GCA_001730645,
,,,,,GCA_900107155,
12927,,"DSM 19341, ATCC 13522, CFBP 1670, ICMP 4352, LMG 2209, NCPPB 639, CIP 103721, PD 118",1,Pseudomonas savastanoi,2713896865,5
,,,,,360920.13,
,,,,,GCA_001401285,
13151,"FR1439, FR 1439","DSM 18913, CIP 108523, IMSNU 14101, KCTC 12331, CCUG 54777, IMSNU 14100",1,Pseudomonas segetis,2671180091,Oct-37
,,,,,298908.3,5
,,,,,GCA_900188155,
170903,P7,"CCUG 74260, CECT 30107, DSM 111230",1,Pseudomonas sivasensis,GCA_013778505,30-Apr
,,,,,JAAOWU000000000,
13128,CB-7,"DSM 17727, IAM 1598, JCM 2783, NRIC 0164, CCUG 12539, ATCC 33636, CIP 106745, CCM 7503, AJ 2124, CGMCC 1.1797, IFO 16665, LMG 21615, NBRC 16665",1,Pseudomonas straminea,2663762767,May-37
,,,,,47882.3,
,,,,,GCA_900112645,
12996,"221, AB 201","DSM 5190, ATCC 17588, NCIB 11358, NCPPB 1973, CCUG 11256, LMG 2333, CCM 4557, JCM 5965, CECT 930, CGMCC 1.1803, CIP 103022, IAM 12668, IFO 14165, LMG 11199, NBRC 14165, NCIMB 11358, NCTC 12262, VKM B-975",1,Stutzerimonas stutzeri,2582581522,10
,,,,,316.571,5
,,,,,316.572,
,,,,,316.576,
,,,,,650716077,
,,,,,96563.16,
,,,,,96563.4,
,,,,,GCA_000219605,
,,,,,GCA_004359495,
12997,DNSP21,"DSM 6082, LMG 18520, CIP 107691, CCUG 44594",0,Stutzerimonas frequens,316.37,Oct-41
,,,,,316.577,5
,,,,,GCA_002890935,
12998,19SMN4,"DSM 6084, LMG 18521, CIP 107690, CCUG 44593",0,Stutzerimonas decontaminans,2574179801,10
,,,,,316.356,5
,,,,,316.97,
,,,,,GCA_000661915,
12999,KC,"DSM 7136, CIP 107462, ATCC 55595",0,Stutzerimonas stutzeri,316.364,May-41
,,,,,GCA_002890795,
13003,AW-1,"DSM 13592, KCTC 12116, CCUG 51509, ATCC BAA-443, JCM 21638, IAM 15183, NBRC 102227, CIP 107870",0,Stutzerimonas stutzeri,GCA_000495915,10
,,,,,,5
13014,419,"DSM 50238, ATCC 17832, ICPB 2737-419, CCUG 44596 A, LMG 14935, CIP 107692, CCUG 44596",0,Stutzerimonas degradans,316.373,Oct-41
,,,,,316.578,5
,,,,,GCA_002891015,
,,,,,GCA_024448505,
134668,,"CIP 107697, CCUG 29243",0,Stutzerimonas stutzeri,2518645567,May-41
,,,,,GCA_000267545,
134669,ST27MN3,"CIP 107698, CCUG 29246",0,Stutzerimonas stutzeri,316.371,10
,,,,,,5
136683,,"CIP 107689, CCUG 44592, ATCC 17591",0,Stutzerimonas stutzeri,316.365,10
,,,,,GCA_002890835,5
,,,,,GCA_024448595,
137565,632,"CIP 107696, CCUG 16156, ATCC 14405, LMG 2243, NCIMB 568, JCM 20778, IAM 12931",0,Stutzerimonas stutzeri,2529293194,Oct-37
,,,,,316.569,5
,,,,,32042.3,
,,,,,GCA_000237885,
,,,,,GCA_015291885,
13024,,"DSM 10604, ATCC 19310, ICMP 3023, ICPB PS255, NCPPB 281, CIP 106698, CCUG 14279, LMG 1247, DSM 6693, CRBIP25.27, CCEB 760, PDDCC 3023",1,Pseudomonas syringae,1449349.3,30-May
,,,,,2579778699,
,,,,,2713896866,
,,,,,321.65,
,,,,,GCA_000597765,
,,,,,GCA_001401075,
24433,MS-3,"DSM 25633, JCM 16046, KACC 14032, KCTC 22612, NBRL 105641, CCUG 69583",1,Pseudomonas taeanensis,1395571.3,30-Apr
,,,,,GCA_000498575,
13148,,"DSM 21104, ATCC 4683, CCM 1982, CIP 103299, JCM 20238, NCTC 10697, NRRL B-14, CCUG 560, LMG 2336, ATCC 17466, BCRC 11013, CCEB 381, CFBP 5592, IAM 1653, IFO 3460, KCTC 12501, NBRC 3460, NCIMB 9396, NCTC 8067, NRRL B-731, OUT 8256, VKM B-904",1,Pseudomonas taetrolens,2639762632,May-37
,,,,,2657245623,
,,,,,2808606717,
,,,,,47884.3,
,,,,,47884.6,
,,,,,47884.7,
,,,,,GCA_001042915,
,,,,,GCA_900104825,
,,,,,GCA_900475285,
,,,,,GCA_900637735,
13180,CMS,"DSM 21245, BCRC 17751",1,Pseudomonas taiwanensis,1292030.3,May-42
,,,,,2523533561,
,,,,,GCA_000425785,
13075,CM3,"CCUG 54623, DSM 14292, KCTC 12117, LMG 21284, CIP 107795",1,Pseudomonas thermotolerans,1123021.3,10
,,,,,2521172647,5
,,,,,GCA_000364625,
13053,B26,"CCUG 23369, CCUG 32782, DSM 19342, ATCC 33618, CFBP 2068, ICMP 2290, LMG 2342, NCPPB 2192, JCM 21583, BCRC 13200, CECT 4472, CIP 106735, IAM 15125, ICMP 12833, ICMP 12843, NBRC 103163, ICMP 12883, PDDCC 2290",1,Pseudomonas tolaasii,2563366740,30-May
,,,,,2616644975,
,,,,,29442.13,
,,,,,564423.7,
,,,,,564423.8,
,,,,,GCA_002813445,
,,,,,GCA_008801395,
,,,,,GCA_900625075,
13084,P513/19,"CCUG 54627, CCM 7505, DSM 14937, LMG 21464, CIP 108182",1,Pseudomonas trivialis,200450.4,30-May
,,,,,200450.7,
,,,,,2639762577,
,,,,,2700989494,
,,,,,2917131931,
,,,,,GCA_001439805,
,,,,,GCA_001730655,
,,,,,GCA_900104885,
13099,Ps 3-10,"DSM 16611, KACC 10847, LMG 21317, CCUG 54631, JCM 16394, BCRC 17504, CIP 108618",1,Pseudomonas umsongensis,198618.6,May-37
,,,,,198618.7,
,,,,,2639762618,
,,,,,2917099900,
,,,,,GCA_002236105,
,,,,,GCA_900105285,
164374,T3,"JCM 32830, ACCC 60124",1,Stutzerimonas urumqiensis,GCA_003640395,15-42
13123,DhA-51,"CCUG 49675, DSM 17555, ATCC 700688, CIP 106707",1,Pseudomonas vancouverensis,95300.16,30-May
,,,,,GCA_004348895,
,,,,,GCA_008801375,
13055,92-134,"DSM 11331, CIP 104663, CCUG 43519, LMG 17761, ATCC 700474, ATCC 700272, CFML 92-134, JCM 11942, CCM 7013, CFBP 4304, VTT E-052828",1,Pseudomonas veronii,2642422516,30-May
,,,,,2700989495,
,,,,,76761.12,
,,,,,GCA_001439695,
,,,,,GCA_900104875,
13016,PV6,"DSM 11124, ATCC 13223, DSM 6694, NCPPB 635, CIP 106699, CCUG 23371, LMG 2352, NRRL B895",1,Pseudomonas viridiflava,2639762757,30-May
,,,,,33069.8,
,,,,,GCA_001305955,
140982,ID2,"LMG 29327, CCOS 864, CIP 111526",1,Pseudomonas wadenswilerensis,1785161.3,Apr-37
,,,,,GCA_900497695,
132438,WS 4993,"DSM 29166, LMG 28437",1,Pseudomonas weihenstephanensis,1608994.3,Apr-33
,,,,,2806310669,
,,,,,GCA_001043055,
13166,C10-2,"DSM 22326, CGMCC 1.6446, JCM 13530, MCCC 1A00089",1,Halopseudomonas xiamenensis,2576861402,Oct-45
24437,BY-1,"DSM 27927, ACCC 05688, KACC 15471",1,Pseudomonas zeshuii,1076620.3,20-40
,,,,,2663762797,
,,,,,GCA_900141925,
13400,,"DSM 45401, BCC 28481, NBRC 104274, NRRL B-24609, GMKU 095, TISTR 1862, JCM 16707, CIP 110060",1,Pseudonocardia acaciae,1123023.3,18-42
,,,,,2558860112,
,,,,,GCA_000620785,
13384,Y-16303,"DSM 44660, AS 4.1536, CCTCC AA 97001, CIP 107367, JCM 11837, CGMCC 4.1536",1,Pseudonocardia alaniniphila,GCA_022524485,10
13393,"H9, CMGCC 4.1877","DSM 44958, CGMCC 4.1877, JCM 12462, CIP 109186, CGMCC 4.11877",1,Pseudonocardia ammonioxydans,260086.4,Oct-40
,,,,,2671180038,
,,,,,GCA_900115005,
13388,"DVS-5a1, MTCC-4297","DSM 44749, MTCC 4297, JCM 12172, CIP 108584, DVS 5a1",1,Pseudonocardia antarctica,237656.4,10
,,,,,2852158739,
,,,,,GCA_013408715,
13369,580,"DSM 44247, IFO 16224, NBRC 16224, JCM 10410, CGMCC 4.1535, CIP 105685, IMSNU 22142, NCIMB 13544",1,Pseudonocardia asaccharolytica,1123024.3,10
,,,,,1123024.5,
,,,,,2522572182,
,,,,,GCA_000423625,
,,,,,GCA_007989065,
13324,"394, Kodai","DSM 535, ATCC 19727, CBS 466.68, DSM 40011, DSM 43210, IFO 12743, ISP 5011, KCC S-0348, NBRC 12743, RIA 1008, JCM 4348, BCRC 12444, CCM 2750, CECT 3301, CGMCC 4.1211, CGMCC 4.1297, CIP 107114, IMET 7646, IMSNU 11005, IMSNU 20050, KCTC 1816, KCTC 9564, KCTC 9574, NCIMB 9810, NRRL B-11275, VKM Ac-941",1,Pseudonocardia autotrophica,2074.11,Oct-37
,,,,,2074.12,
,,,,,2074.6,
,,,,,2756170255,
,,,,,2856823606,
,,,,,2856837300,
,,,,,GCA_002119215,
,,,,,GCA_003945385,
,,,,,GCA_004361965,
13392,CB 1190,"DSM 44775, ATCC 55486, JCM 13855",1,Pseudonocardia dioxanivorans,651053061,Oct-37
,,,,,675635.11,
,,,,,675635.32,
,,,,,675635.33,
,,,,,GCA_000196675,
13397,,"DSM 44969, CCTCC AA 206026, KCTC 19150, YIM 56035, JCM 16220, BCRC 16906",1,Pseudonocardia endophytica,2806310577,15-37
,,,,,401976.4,
,,,,,GCA_004339565,
140347,ATK03,"DSM 104088, CECT 9183",1,Pseudonocardia nigra,1921578.3,10
,,,,,GCA_019396355,30-Oct
13356,78,"DSM 43193, ATCC 15777, DSM 655, IFO 14406, IMET 7162, JCM 3378, JCM 3394, NBRC 14406, NCIB 9438, BCRC 13694, CGMCC 4.1532, CIP 104515, IFM 0243, IMSNU 22072, KCTC 1060, MTCC 273, NCIMB 9438, NRRL B-16301, NRRL B-3075, VKM Ac-865",1,Pseudonocardia petroleophila,2761535.3,10
,,,,,GCA_014235185,
13391,LM 141,"DSM 44797, IMSNU 50581, JCM 11935, KCTC 9991, NRRL B-24156, BCRC 16382, CIP 108013",1,Pseudonocardia spinosispora,1123025.3,10
,,,,,2524614769,
,,,,,GCA_000429025,
13370,592,"DSM 44248, IFO 16205, NBRC 16205, JCM 10411, CGMCC 4.1533, CIP 105686, IMSNU 22143, NCIMB 13545, VTT E-073032",1,Pseudonocardia sulfidoxydans,1223511.3,10
,,,,,GCA_007989085,
13395,K1,"DSM 44239, CIP 109050, CCUG 52126, JCM 14745",1,Pseudonocardia tetrahydrofuranoxydans,1303679.3,Nov-36
,,,,,2734481945,
,,,,,GCA_001313405,
13385,"XJ 45, XJ-4-5","DSM 44661, AS 4.1538, CCTCC AA 97020, CIP 107366, JCM 11839, BCRC 16358, CGMCC 4.1538, NBRC 105201",1,Pseudonocardia xinjiangensis,75289.3,10
,,,,,GCA_012911925,
160712,LW-13e,"DSM 29013, LMG 30557",0,Pseudooceanicola algae,GCA_003590145,20
158599,157,"KCTC 52654, MCCC 1K03317",1,Pseudooceanicola lipolyticus,2837358148,15-40
,,,,,GCA_002786325,
130612,AZO-C,"DSM 29588, BCRC 17591, KCTC 22753, LMG 23705",1,Pseudooceanicola marinus,2837368229,4.0-42
,,,,,396013.5,
,,,,,GCA_002786295,
13688,SS011B1-20,"DSM 18065, CGMCC 1.6293, LMG 23508, CIP 109530",1,Pseudooceanicola nanhaiensis,1122614.3,Oct-37
,,,,,2558309102,
,,,,,375761.4,
,,,,,GCA_000688295,
,,,,,GCA_014645095,
130613,,"DSM 29619, CGMCC 1.7292, LMG 24663, JLT 1210",1,Pseudooceanicola nitratireducens,2663762743,Oct-37
,,,,,2687453758,
,,,,,517719.3,
,,,,,517719.4,
,,,,,GCA_900109195,
,,,,,GCA_900112545,
168348,XY-99,"KCTC 72211, MCCC 1K03607",1,Pseudooceanicola onchidii,GCA_004959925,15-37
,,,,,SPUW00000000,
14095,113,"DSM 12145, CCUG 39354, CIP 105500, JCM 21818, LMG 10337, MCCC 1A06472, NBRC 100064, ATCC 51119, IAM 15374, LMG 9526, NCIMB 13643",1,Pseudopedobacter saltans,649633082,10
,,,,,762903.4,5
,,,,,GCA_000190735,
13733,20188,"DSM 23566, CGMCC 1.6500, JCM 14644",1,Pseudophaeobacter arcticus,2521172622,0-25
,,,,,999550.5,19.5
,,,,,GCA_000473205,20
24494,306,"DSM 25627, CIP 110369, UBOCC 3187",1,Pseudophaeobacter leonis,2791354898,Apr-32
,,,,,GCA_002087335,19.5
166178,,"CCTCC AB 2017195, KCTC 62198, CY 03",1,Pseudooceanicola sediminis,GCA_003575965,May-40
133859,ZS3-33,"CGMCC 1.10836, KCTC 23700",1,Pseudorhodobacter antarcticus,1077947.4,30-Apr
,,,,,1077947.5,15
,,,,,2667527436,
,,,,,2772190751,
,,,,,GCA_001202015,
,,,,,GCA_900110135,
133680,HDW-19,"KCTC 23043, CCUG 58879",1,Pseudorhodobacter aquimaris,2751185709,Apr-35
,,,,,687412.4,
,,,,,GCA_001202025,
13735,A7,"DSM 5888, ATCC 25652, IAM 12616, ICPB 4164, JCM 20687, CIP 105952, IFO 15767, LMG 127, LMG 22047, LMG 8173, NBRC 15767, NCIMB 1537",1,Pseudorhodobacter ferrugineus,1123027.3,30-May
,,,,,2524023154,
,,,,,2772190752,
,,,,,77008.4,
,,,,,GCA_000420745,
,,,,,GCA_001202045,
141126,,"PAMC 27389, JCM 30764, KCTC 42640",1,Cypionkella psychrotolerans,GCA_001294535,0-37
,,,,,,15
,,,,,,15-20
133867,WT-MW11,"KCTC 23672, CCUG 61506",1,Pseudorhodobacter wandonensis,1120568.4,30-Apr
,,,,,2751185710,
,,,,,GCA_001202035,
133823,NAFc-7,"BCRC 80210, LMG 26333, KCTC 23314",1,Pseudorhodoferax aquiterrae,747304.3,15-40
,,,,,GCA_014652235,
168525,C1-9,"CGMCC 1.13864, KCTC 62325",1,Methylibium rhizosphaerae,GCA_006386545,20-40
,,,,,SWAR00000000,
141080,DB-4,"KCTC 52038, CECT 9025",1,Pseudoroseicyclus aestuarii,1795041.4,Oct-37
,,,,,2770939591,4
,,,,,GCA_003217255,
134212,SW-255,"KCTC 12737, JCM 13603, DSM 110540, CECT 7680, CGMCC 1.7689, CIP 109548",1,Pseudoruegeria aquimaris,2890612611,15-49
,,,,,393663.4,
,,,,,GCA_900172235,
130631,WM67,"DSM 29328, JCM 18872, KACC 17214",1,Pseudoruegeria haliotis,1280846.3,Oct-37
,,,,,2728369471,
,,,,,GCA_003003255,
13833,HD-43,"DSM 25294, CCUG 57754, KCTC 22690",1,Pseudoruegeria lutimaris,2622736598,Oct-37
,,,,,571298.3,
,,,,,GCA_900099935,
8042,3-44-a(19),"DSM 45348, BCC 72027, JCM 14710, MTCC 9007",1,Pseudosporangium ferrugineum,2728369278,20-37
,,,,,439699.3,
,,,,,GCA_003002065,
13736,F423,"DSM 16392, IAM 15084, KCTC 12308, NBRC 100514, JCM 21545",1,Pseudovibrio ascidiaceicola,2615840717,30-Oct
,,,,,285279.6,
,,,,,GCA_900114245,
23228,Ad2,"DSM 24994, NCIMB 14761",1,Pseudovibrio axinellae,2684622848,30-Oct
,,,,,2744054490,
,,,,,989403.4,
,,,,,GCA_001623255,
,,,,,GCA_900110875,
13737,DN34,"DSM 17465, BCRC 17323, JCM 12308, CIP 108640, IAM 15184, NBRC 100825",1,Pseudovibrio denitrificans,1236962.4,May-37
,,,,,258256.6,
,,,,,2681812989,
,,,,,2693429873,
,,,,,GCA_001310815,
,,,,,GCA_900116575,
13683,"LA33B, BAA-994","DSM 16456, ATCC BAA-994, CIP 108449",1,Pseudovibrio exalbescens,1122601.7,10
,,,,,2523533556,5
,,,,,GCA_000422785,
134242,,"IAM 15442, NCIMB 14279, KCTC 12861, WSF 2, JCM 23208",1,Pseudovibrio japonicus,366534.3,15-30
,,,,,GCA_014651595,
141084,UST20140214-052,"KCTC 42384, MCCC 1K00452",1,Pseudovibrio stylochi,2791355020,15-40
,,,,,GCA_001562055,
17442,"CC 4, CC-CC4, CC-4","DSM 19599, CIP 109513, CCUG 54547",1,Pseudoxanthobacter soli,1123029.1,Oct-37
,,,,,1123029.3,
,,,,,2585428043,
,,,,,GCA_900148505,
,,,,,GCA_945898215,
17502,"B 1616/1, B1616/1","DSM 12573, ATCC BAA-10, CCUG 46890, CIP 107227, CCM 7337, NBRC 101013",1,Pseudoxanthomonas broegbernensis,2861528275,10
,,,,,83619.3,
,,,,,83619.4,
,,,,,GCA_010093165,
,,,,,GCA_014202435,
17508,"TR6-08, 49.101","CCUG 55487, CIP 108710, DSM 17801, IAM 15115, KCTC 12207, JCM 21575, NBRC 101159",1,Pseudoxanthomonas daejeonensis,266062.3,30-Oct
,,,,,GCA_010093205,
17511,DS-16,"DSM 21858, CIP 108839, KCTC 12543, CCUG 53910",1,Pseudoxanthomonas dokdonensis,2713896758,Oct-40
,,,,,344882.3,
,,,,,GCA_001431405,
17505,3-Dec,"DSM 17109, CCUG 48231, CIP 107388, JCM 11525, AJ 13070",1,Pseudoxanthomonas japonensis,69284.4,10
,,,,,GCA_010093445,Oct-37
17509,JA40,"DSM 18571, ATCC BAA-1031, CIP 108476, CCUG 55486",1,Pseudoxanthomonas kalamensis,1123030.3,10
,,,,,2571042364,
,,,,,GCA_010211745,
134100,T7-09,"KCTC 12208, IAM 15116, CCUG 55488, CIP 108711, JCM 21576, NBRC 101160, KCTC 52048",1,Pseudoxanthomonas koreensis,266061.3,10
,,,,,GCA_010093225,
17504,AMX26B,"DSM 17121, CCUG 49454, CIP 106674, JCM 11524, ATCC 700993, AMX 26B",1,Pseudoxanthomonas mexicana,128785.15,10
,,,,,GCA_010093385,Oct-37
,,,,,,5
17514,BD-c54,"DSM 19373, KCTC 22080",1,Pseudoxanthomonas sacheonensis,443615.3,15-35
,,,,,GCA_010093305,
17506,4M1,"DSM 17175, CIP 109444, KACC 11320",1,Pseudoxanthomonas suwonensis,314722.1,Oct-45
,,,,,GCA_010093235,
17510,CB-226,"DSM 22914, ATCC BAA-404, BCRC 17172, CCUG 48041, CIP 108059, CCRC 17172",1,Pseudoxanthomonas taiwanensis,176598.4,10
,,,,,2574179701,
,,,,,GCA_010093135,
17513,GR12-1,"DSM 18204, CIP 109605, KACC 11580",1,Pseudoxanthomonas yeongjuensis,377616.3,May-33
,,,,,GCA_010093345,
23028,,"DSM 19858, JCM 11733, KCTC 22016, KMM 3531, CECT 7618",1,Pseudozobellia thermophila,192903.4,Apr-49
,,,,,2622736519,
,,,,,GCA_900141855,
5784,HAW-EB21,"DSM 19335, JCM 14977",1,Psychrilyobacter atlanticus,1123032.3,10
,,,,,2524614854,18
,,,,,GCA_000426625,18.5
,,,,,,4-27.5
158270,NEAU-3TGS17,"DSM 100484, CGMCC 1.15308",1,Psychrobacillus lasiicapitis,1636719.3,0-35
,,,,,1636719.5,
,,,,,2890957088,
,,,,,GCA_006861795,
,,,,,GCA_014641675,
1566,"68E3, 68000","DSM 11713, ATCC BAA-796, CIP 107791, NCIMB 13837",1,Psychrobacillus psychrodurans,126157.3,10
,,,,,2675903167,
,,,,,GCA_027563345,
,,,,,GCA_900114885,
1568,3H1,"DSM 11706, CIP 107792, NCIMB 13838",1,Psychrobacillus psychrotolerans,126156.3,30-Oct
,,,,,2687453787,
,,,,,GCA_900115805,
8196,SW-210,"DSM 16329, KCTC 12254, CIP 108795",1,Psychrobacter aquimaris,292733.5,Apr-34
,,,,,GCA_016107525,May-37
8203,273-4,"DSM 17307, CIP 109905, VKM B-2377",1,Psychrobacter arcticus,259536.19,20
,,,,,637000226,
,,,,,GCA_000012305,
8207,"SW-238, JG-238","DSM 23510, JCM 12601, KCTC 12313, CIP 109014",1,Psychrobacter celer,306572.5,Apr-40
,,,,,GCA_016107555,
8194,JG-219,"DSM 16327, KCTC 12256, CIP 108733",1,Psychrobacter cibarius,282669.8,Apr-32
,,,,,GCA_016107535,
8202,"5, K5","DSM 17306, VKM B-2378, CIP 110990",1,Psychrobacter cryohalolentis,335284.24,20
,,,,,335284.6,
,,,,,637000227,
,,,,,GCA_000013905,
8184,Iso-46,"DSM 14664, CIP 107288, CCUG 48039",1,Psychrobacter faecalis,180588.4,May-37
,,,,,GCA_016107575,
8180,,"DSM 12411, ACAM 304, ATCC 700361, CCUG 34377, CIP 10501, CIP 105101",1,Psychrobacter frigidicola,45611.3,10
,,,,,45611.4,15-Oct
,,,,,GCA_007997305,30-May
,,,,,GCA_904845925,
139044,,"CIP 111025, KCTC 42280, CCTCC AB 2014019",1,Psychrobacter glaciei,619771.6,20
,,,,,GCA_014652895,Apr-34
8179,,"CCUG 34874, DSM 12194, ACAM 483, CIP 105313",1,Psychrobacter glacincola,56810.15,15-Oct
,,,,,GCA_904846215,15
,,,,,,20-22
,,,,,,22-May
8176,"14, Lautrop A351, MJT/F5/153, A 351","DSM 7229, ATCC 43116, CCUG 9708, LMG 7091, LMG 7203, NCIB 12350, CCM 4776, JCM 20442, CIP 102557, IAM 12280, IFO 15733, NBRC 15733, NCIMB 12350",1,Psychrobacter immobilis,2756170258,20
,,,,,498.5,30-May
,,,,,GCA_003148585,
8208,L-1110,"DSM 21542, CCUG 56590, IMMIB L-1110, CIP 110018",1,Psychrobacter lutiphocae,1123033.3,Oct-37
,,,,,2521172648,
,,,,,GCA_000382145,
8201,SW-242,"DSM 16330, KCTC 12255, CIP 108796",1,Psychrobacter namhaensis,292734.5,Apr-37
,,,,,GCA_016107545,May-37
141029,"A1019, A1019SS","CIP 110853, CECT 9184",1,Psychrobacter pasteurii,1945520.4,0-37
141031,"1232, 1232SS","CIP 110854, CECT 9185",1,Psychrobacter piechaudii,1945521.3,0-37
168046,I-STPP5b,"LMG 30301, CIP 111410, CCM 8799, CCM 8799T, LMG 30301T",1,Psychrobacter pygoscelis,GCA_004335015,4.0-30.0
,,,,,RQRU00000000,
130458,13983,"DSM 23635, CCUG 59771, CIP 110993",1,Psychrobacter sanguinis,861445.12,Apr-37
,,,,,861445.15,
162893,,"JCM 20360, IAM 12030, IFO 15736, NBRC 15736, NCIMB 2071",0,Psychrobacter sp.,2774125.4,10
,,,,,GCA_904846605,
8186,,"DSM 14161, KMM 225, CIP 107641",1,Psychrobacter submarinus,154108.8,15-25
,,,,,GCA_904846685,5
8178,McLean B-57,"DSM 14009, ACAM 534, ATCC 15174, CCM 900, CCUG 4982, NCIB 11372, DSM 20429, CIP 105100, NCIMB 11372",1,Psychrobacter urativorans,45610.23,20
,,,,,GCA_904846695,30-May
5630,"WS 4520, G 5209","DSM 23581, CCUG 59705, LMG 25857, WCC 4520",1,Psychroflexus halocasei,2675903162,Aug-35
,,,,,908615.3,
,,,,,GCA_900107595,
166337,C1,"MCCC 1H00415, KCTC 72796",1,Psychroflexus maritimus,2891099238,15-37
,,,,,GCA_011089875,
141091,X15M-8,"CGMCC 1.12931, JCM 30616",1,Psychroflexus planctonicus,1526575.3,Apr-35
,,,,,GCA_014640195,
141092,X15M-6,"CGMCC 1.12925, JCM 30615",1,Psychroflexus salis,1526574.3,Oct-35
,,,,,GCA_014640175,20-25
23019,YIM-C238,"DSM 19803, CCTCC AA 207030, KCTC 22166",1,Psychroflexus sediminis,2622736510,Oct-40
,,,,,470826.3,
,,,,,GCA_900099815,
5629,"LA1, LA1T","DSM 15496, ATCC BAA-734, CIP 108448",1,Psychroflexus tropicus,1123035.3,Apr-43
,,,,,2518645613,10
,,,,,GCA_000378765,15
,,,,,,5
159836,,"JCM 31143, KACC 19070, MCC 2780, MTCC 12460, IHBB 11108",1,Psychromicrobium lacuslunae,1618207.4,May-37
,,,,,1618207.5,
,,,,,GCA_000950575,
133081,AK20-18,"DSM 102047, LMG 29369",1,Psychromicrobium silvestre,1645614.3,20-30
,,,,,2821010246,30-May
,,,,,GCA_013408295,
13518,star-1,"DSM 10704, CCM 9404",1,Psychromonas antarctica,GCA_022267535,12
134357,,"JCM 14784, ATCC BAA-1526, JAMM 0404",1,Psychromonas aquimarina,GCA_000428725,27-May
,,,,,,20
,,,,,,20-25
13520,Pull5.3,"DSM 14288, Pull 2, CIP 108126, CECT 5674, KCTC 12111",1,Psychromonas arctica,1123036.3,15
,,,,,2528311092,5
,,,,,GCA_000482725,25-May
134244,K41G,"JCM 11830, ATCC BAA-638",1,Psychromonas hadalis,GCA_000420245,12-Feb
,,,,,,10
,,,,,,6
131084,37,DSM 13959,1,Psychromonas ingrahamii,357804.7,10
,,,,,639633052,
,,,,,GCA_000015285,
5631,,"DSM 12212, ACAM 188, ATCC 700359, CIP 105822",1,Psychroserpens burtonensis,1123037.4,15-Oct
,,,,,2524023130,15
,,,,,GCA_000425305,15-30
,,,,,,5
133850,F051-1,"KCTC 23539, JCM 17632",1,Psychroserpens damuponensis,2630968917,30-Apr
,,,,,943936.3,
,,,,,GCA_000826655,
163747,,"JCM 30228, KCTC 42128",1,Psychroserpens jangbogonensis,GCA_000797465,15
134187,,"KCCM 42261, JCM 13413, KOPRI 13649, CIP 109253",1,Psychroserpens mesophilus,2654587584,Oct-34
,,,,,325473.3,
,,,,,GCA_000826645,
169729,"Hel_I_66, Hel1_66",DSM 29409,0,Psychroserpens sp.,1250004.4,15
,,,,,GCA_000799465,
159736,T8,"CGMCC 1.15924, KCTC 333888",1,Pueribacillus theae,2831647163,20-60
,,,,,GCA_003097615,
141170,4GSH07,"CGMCC 1.15448, LMG 29214",1,Puia dinghuensis,1792502.3,16-33
,,,,,GCA_014642875,
166316,RR4-38,"KCTC 52651, DSM 108068",1,Pukyongia salina,2094025.3,15-35
,,,,,GCA_002966125,
133210,7578-24,"CGMCC 1.15371, JCM 31236",1,Pullulanibacillus camelliae,1707096.3,20-50
,,,,,GCA_014642655,
166528,SC2-7,"KACC 19309, NBRC 113102",1,Pulveribacter suum,2116657.3,Oct-37
,,,,,2788500268,
,,,,,GCA_003013695,
140731,JSSK-17,"KCTC 52765, NBRC 112766",1,Puniceibacterium confluentis,GCA_007923445,30-Apr
17650,,"DSM 26450, JCM 14086, KCCM 42343, NBRC 101964, IMCC 1545",1,Puniceicoccus vermicola,2931345547,Aug-37
,,,,,388746.3,
,,,,,GCA_014230055,
364,,"DSM 25164, JCM 14767, KCTC 22046, DCY 25",1,Allopusillimonas ginsengisoli,2891648259,15-40
,,,,,453575.4,4
,,,,,GCA_004153455,
365,B201,"DSM 25667, JCM 16917, KACC 14927",1,Pusillimonas harenae,2891687248,15-45
,,,,,657015.4,
,,,,,657015.5,
,,,,,GCA_004153685,
,,,,,GCA_013416515,
362,BN9,"DSM 10065, CCUG 51657, NCIMB 14020, CIP 108767",1,Pusillimonas noertemannii,2756170261,15-41
,,,,,305977.3,4
,,,,,305977.4,5
,,,,,305977.8,
,,,,,GCA_003096595,
,,,,,GCA_003545825,
,,,,,GCA_013416295,
166456,YE3,"KCTC 62737, NBRC 113113",1,Pusillimonas thiosulfatoxidans,2836761669,Oct-40
,,,,,GCA_004022565,
133960,E403,"CCTCC AB 2012862, CGMCC 41.12333, KCTC 32192, CGMCC 1.12333",1,Pustulibacterium marinum,1224947.3,16-43
,,,,,2663762752,
,,,,,GCA_900116665,
164456,JC036,"JCM 33128, MCCC 1K03579",1,Puteibacter caeruleilacunae,GCA_005217565,Apr-37
,,,,,SJCO00000000,
158527,GYP-11,"CGMCC 1.15125, KCTC 42509",1,Pyruvatibacter mobilis,1712261.7,15-45
,,,,,1712261.8,
,,,,,2883336408,
,,,,,2889425356,
,,,,,GCA_009910475,
,,,,,GCA_012848855,
,,,,,GCA_014640905,
5382,RE35F/1,"DSM 14432, CIP 107092, JCM 21816, CGMCC 1.8703, CGMCC 1.8709, IAM 15372, KCTC 12214",1,Qipengyuania citrea,225971.7,15
,,,,,2928592673,20
,,,,,GCA_009828015,5
5385,SW-46,"DSM 16421, JCM 11808, KCCM 41642, CIP 108097",1,Qipengyuania flava,192812.28,5
,,,,,2828320713,
,,,,,GCA_011762005,
6329,AG-019,"DSM 44889, ATCC BAA-1104, CIP 108941, JCM 16010, NBRC 106147",1,Quadrisphaera granulorum,2724679791,15-40
,,,,,317664.3,
,,,,,GCA_003149145,
,,,,,GCA_900218025,
141111,CGI-09,"DSM 29781, JCM 31785",1,Quisquiliibacterium transsilvanicum,1549638.3,Oct-45
,,,,,2861366533,20
,,,,,GCA_014202215,
166374,SAP-19,"KACC 21744, NBRC 114407",1,Rahnella aceris,2895116614,20-30
,,,,,GCA_011684115,
5093,133,"DSM 4594, ATCC 33071, CIP 78.65, CUETM 75.115, NRLL B-24920, CCUG 14185, CIP 78-65, JCM 1683, BCRC 14814, CUETM 77-115, LMG 2794, LMG 7880, NBRC 105701, NCIMB 13365, CUETM 75-115",1,Rahnella aquatilis,2506520038,5
,,,,,2588253797,
,,,,,2818991314,
,,,,,745277.1,
,,,,,745277.11,
,,,,,745277.12,
,,,,,745277.3,
,,,,,745277.7,
,,,,,745277.9,
,,,,,GCA_000241955,
139619,,"CIP 105588, LMG 27711",1,Rahnella variigena,2843303821,Oct-41
,,,,,574964.3,5
,,,,,574964.4,
,,,,,GCA_003602185,
,,,,,GCA_003610915,
133021,LZ-22,"DSM 100494, ATCC TSD-18, JCM 30886",1,Raineyella antarctica,2651870304,0
,,,,,GCA_900092135,Mar-41
2089,,"DSM 17714, CCM 7174, CCUG 46789, CIP 108091, LMG 21421",1,Ralstonia insidiosa,190721.3,Oct-37
,,,,,GCA_008801405,5
135388,,"CIP 104062, ATCC 49129",0,Ralstonia insidiosa,190721.12,5
,,,,,190721.13,
,,,,,190721.7,
,,,,,2721755751,
,,,,,GCA_001663855,
2088,,"DSM 17512, LMG 6866, JCM 11284, ATCC BAA-716, CCUG 38408, CCUG 45027, CIP 107281, NCIMB 10805",1,Ralstonia mannitolilytica,105219.54,10
,,,,,GCA_905397375,5
2085,"K-288, K 288","DSM 6297, ATCC 27511, CIP 73.23, JCM 5969, NCTC 11149, CCUG 3318, LMG 5942, BCRC 14820, CECT 330, CGMCC 1.1807, IAM 13530, ICPB 3981, NBRC 102503, NCIMB 13142, VTT E-981068",1,Ralstonia pickettii,1218114.3,5
,,,,,2731957562,
,,,,,2859196362,
,,,,,329.112,
,,,,,329.18,
,,,,,329.187,
,,,,,329.188,
,,,,,329.189,
,,,,,329.39,
,,,,,GCA_000743455,
2988,TMB834,"DSM 14656, ATCC BAA-408, LMG 21542, CIP 108694, LMG 215",1,Ramlibacter henchirensis,204072.3,10
,,,,,2892993325,5
,,,,,GCA_004682015,
166265,18x22-1,"GDMCC 1.1584, KCTC 52922",1,Ramlibacter humi,GCA_004681975,15-37
141113,G-3-2,"KEMB 9005-573, KACC 19175, JCM 31918",1,Ramlibacter monticola,1926872.3,15-37
,,,,,GCA_016722785,20-32
141048,THG-YS3.2.7,"KCTC 52083, CCTCC AB 2015357",1,Ramlibacter rhizophilus,1781167.3,Oct-40
,,,,,2881101125,
,,,,,GCA_004681965,
5097,"CRCC 13986, V-236, 4245-72","CCUG 15718, DSM 3069, ATCC 33531, CDC 4245-72, IAM 14202, IFO 14939, JCM 7251, NBRC 14939, BCRC 13986, CECT 843, CIP 100751, NCIMB 11885, NCTC 12998, VTT E-981077, CRBIP28.102",1,Klebsiella planticola,1005996.3,May-41
,,,,,2588253798,
,,,,,575.52,
,,,,,GCA_000735435,
,,,,,GCA_900706865,
5096,78-120,"DSM 2688, ATCC 33558, CIP 81.36, CCUG 15719, CUETM 78-120",0,Klebsiella planticola,2788499846,Oct-41
,,,,,575.48,5
,,,,,GCA_004345285,
5099,"84, L84","DSM 2687, ATCC 33257, CIP 80.07, CCUG 12372 Bb, CIP 80-07, JCM 1687, CUETM 77.176, BCRC 14805, CCUG 12372, CECT 4519, CIP 80.7, CUETM 77-176, IFO 14941, LMG 3222, NBRC 14941, NCTC 13038, NCIMB 12053",1,Klebsiella terrigena,577.12,May-37
,,,,,577.22,
,,,,,GCA_006539725,
,,,,,GCA_900706855,
13531,YLM-32,"DSM 10596, ATCC 51544, CIP 104132, JCM 6350, IFO 16149, IFO 16558, NBRC 101357, NBRC 16149, NBRC 16558",1,Rarobacter incanus,153494.3,10
,,,,,2811994875,15
,,,,,GCA_006715765,
7486,,"DSM 15933, UCM Ac-618, VKM Ac-1799, CIP 108056, JCM 13576",1,Rathayibacter caricis,1328867.3,30-Oct
,,,,,2791355017,
,,,,,GCA_003044275,
7487,,"DSM 15932, UCM Ac-619, VKM Ac-1390, CIP 108055, JCM 13577",1,Rathayibacter festucae,GCA_004011135,30-Oct
7483,CS14,"DSM 7488, ATCC 49908, ICMP 9525, NCPPB 3552, JCM 9669, CIP 104617, VKM Ac-1600",1,Rathayibacter toxicus,1123052.5,10
,,,,,2524023208,
,,,,,GCA_000425325,
7485,CT102,"CCUG 23914, LMG 3728, CIP 104038, DSM 7486, ATCC 11403, ICMP 2626, NCPPB 1857, VKM Ac-1603, JCM 9309, CFBP 1385, ICPB CT102, PDDCC 2626",1,Rathayibacter tritici,2868629091,10
,,,,,33888.11,
,,,,,GCA_002932875,
5470,R3525,"DSM 26134, CIP 107900, JCM 11238, KMM 3525, NBRC 16625, IFO 16625",1,Reichenbachiella agariperforans,156994.4,15-30
,,,,,2616644810,5
,,,,,GCA_900142205,
159843,DC003,"KCTC 42867, MCCC 1H00130",1,Reichenbachiella versicolor,2882490784,Oct-37
,,,,,GCA_003171675,
11293,"R 59, R59","DSM 15388, CECT 7363, CIP 108810, KMM 3655",1,Reinekea marinisedimentorum,230495.4,Apr-37
,,,,,2675903220,15-37
,,,,,GCA_004341165,20.5
,,,,,,5
166392,SSH23,"KACC 21168, NBRC 113795",1,Reinekea thalattae,2890119326,19-37
,,,,,GCA_008041945,
7774,Lea-1-74,"DSM 20767, ATCC 33209, JCM 11484, CIP 103036, IFO 15589, IMSNU 21308, LMG 10846, NBRC 15589, NCIMB 2235",1,Renibacterium salmoninarum,288705.4,10
,,,,,641228502,15
,,,,,GCA_000018885,15-22
,,,,,,17
,,,,,,18
140732,Seoho-37,"KCTC 52223, JCM 31892",1,Reyranella aquatilis,GCA_020880995,15-36
133909,KIS14-15,"KACC 13034, NBRC 108950",1,Reyranella soli,1230389.3,20-37
,,,,,2886942716,
,,,,,GCA_007992495,
132963,R49,"DSM 105074, JCM 30685, KACC 18395, KEMB 9005-318",1,Rhabdobacter roseus,1655419.3,Oct-37
,,,,,2861391593,
,,,,,GCA_014202275,
2460,SW-353,"DSM 22684, JCM 14331, KCTC 12840, CGMCC 1.10346",1,Rheinheimera aquimaris,GCA_020531985,4.0-43
2454,OSBAC1,"DSM 14885, KCTC 12114, LMG 21511, CIP 107787",1,Rheinheimera baltica,1123053.3,30-Oct
,,,,,2523533585,20
,,,,,GCA_000425345,5
133764,LH2-2,"CGMCC 1.7003, NBRC 105632",1,Rheinheimera longhuensis,1091037.3,0-36
,,,,,GCA_014653435,
140034,"E407-8, E407.8","DSM 22401, CCTCC AB 209089, KACC 14030, CCTCC AB 20908",1,Rheinheimera nanhaiensis,2531839457,Oct-48
,,,,,562729.3,
,,,,,GCA_000296695,
2457,,"DSM 17616, CCUG 46544, IAM 15043, JCM 12090, KMM 1406, NBRC 103167, NRIC 0539, CIP 108198, CGMCC 1.7099",1,Rheinheimera pacifica,173990.3,Oct-37
,,,,,2599185208,5
,,,,,GCA_900108485,
2458,"BA 131, BA131","DSM 18276, CIP 109200, LMG 23581",1,Arsukibacterium perlucidum,1123054.4,20
,,,,,2521172649,
,,,,,GCA_000382165,
163799,PKS7,"JCM 30460, KCTC 42365",1,Rheinheimera pleomorphica,2703963.3,Apr-45
,,,,,2894060501,
,,,,,GCA_011634895,
158757,KH87,"ATCC BAA-2715, CIP 111115, DSM 100018",1,Rheinheimera salexigens,GCA_001752395,Apr-39
2462,JA3-B52,"DSM 19460, CGMCC 1.6362, JCM 14254",1,Rheinheimera tangshanensis,400153.4,Oct-37
,,,,,GCA_008017875,
,,,,,GCA_014645135,
133176,,"BR 10423, HAMBI 3664",1,Rhizobium altiplani,1755240.3,Dec-35
,,,,,2744054510,
,,,,,GCA_001542405,
159681,SA-276,"DSM 29780, JCM 31760",1,Rhizobium aquaticum,2928412209,20
132978,Po 20/26,"DSM 100211, LMG 28788",1,Mycoplana azooxidifex,1636188.3,10
,,,,,2829954201,
,,,,,GCA_014196765,
13631,,"DSM 18291, ALA 10B2",1,Aliirhizobium cellulosilyticum,2738541318,Apr-37
166529,C5,"CCTCC AB 2018143, LMG 30777",1,Rhizobium chutanense,2791355263,Apr-37
,,,,,GCA_002531935,
13630,L61,"DSM 17795, JCM 21505, BCRC 80436, CCBAU 10050, IAM 15042, KCTC 12121, NBRC 102495, NCIMB 14499",1,Rhizobium daejeonense,240521.4,May-41
,,,,,2738541314,
,,,,,GCA_011045155,
,,,,,GCA_014280875,
166117,SPY-1,"ACCC 61627, JCM 33732",1,Neorhizobium deserti,GCA_004358025,15-37
13625,,"DSM 11541, ATCC 51251, CFN 42, JCM 21823, CIP 104814, HAMBI 1727, IAM 15379, IFO 15573, LMG 17827, NBRC 15573",1,Rhizobium etli,640427137,10
,,,,,GCA_000092045,
13633,,"DSM 19331, CCBAU 33202, JCM 14381, LMG 23997, JCM 14831",1,Rhizobium pisi,2829836708,Oct-37
,,,,,573179.3,
,,,,,573179.4,
,,,,,GCA_003985135,
,,,,,GCA_014196235,
166106,CL12,"GDMCC 1.1597, KACC 21281",1,Peteryoungia glycinendophyticum,GCA_006443685,Oct-42
13627,I66,"DSM 11917, CCBAU 57015, CIP 105503",1,Rhizobium hainanense,2615840609,10
,,,,,52131.3,
,,,,,GCA_900094555,
13648,YC6881,"DSM 21600, KACC 13775",1,Rhizobium halophytocola,2738541317,Apr-37
,,,,,2913308742,
,,,,,735519.3,
,,,,,GCA_017873095,
170906,JKLM 12A2,"MCC 3961, KACC 21380, JCM 33658",1,Rhizobium indicum,CP054021,15-37
,,,,,CP054022,4
,,,,,CP054023,
,,,,,CP054024,
,,,,,CP054025,
,,,,,CP054026,
,,,,,GCA_005862305,
136926,,"CIP 108029, AS 1.3045, CCBAU 71042",1,Rhizobium leguminosarum,158891.3,10
,,,,,GCA_013087605,
140867,shin9-1,"LMG 27163, KCTC 32148",1,Rhizobium ipomoeae,GCA_004912165,Oct-45
138443,3Hoq18,"CIP 106959, ATCC 10004, IAM 12609, OUT 30008, IFO 14778, DSM 106839, LMG 14904",1,Rhizobium leguminosarum,2861339494,10
,,,,,384.421,
,,,,,GCA_014202125,
13635,,"DSM 21814, CCBAU 83401, HAMBI 2975, LMG 23946",1,Rhizobium multihospitium,2615840698,Dec-37
,,,,,410764.9,
,,,,,GCA_900094585,
130599,L6-8,"DSM 100301, BCC 55142, NBRC 109338",1,Rhizobium paknamense,2738541325,20-45
,,,,,2928424016,
24484,SL-1,"DSM 26482, ACCC 11238, KCTC 23288",1,Neorhizobium petrolearium,2738541324,Oct-40
,,,,,2913319810,
,,,,,515361.4,
,,,,,GCA_017873175,
13609,"3I6c15, 316c15","DSM 30137, ATCC 14482, JCM 20683, NBRC 14785, NRRL L-321, VKM B-1966, IAM 12612, CIP 107329, LMG 8819, ORS 662",1,Rhizobium phaseoli,2738541346,10
,,,,,396.115,
,,,,,GCA_003985125,
13571,,"DSM 30148, ATCC 11325, IFO 13257, NBRC 13257, NCPPB 2991, CCUG 12534 C, JCM 20919, CFBP 5520, CIP 104328, HAMBI 1816, IAM 13570, ICMP 5794, IMET 11180, KCTC 12403, LMG 150",1,Rhizobium rhizogenes,1220581.4,10
,,,,,2588253840,5
,,,,,359.176,
,,,,,GCA_000696095,
,,,,,GCA_007002985,
136344,,"CIP 104786, ATCC 15834, JCM 20920, BCRC 15010, BCRC 15762, CCM 4999, CECT 477, IAM 13571, ICMP 8640, LMG 152, NCAIM B.01337, NCPPB 2629",0,Rhizobium rhizogenes,2609460070,10
,,,,,359.17,5
,,,,,359.175,
,,,,,359.2,
,,,,,359.231,
,,,,,GCA_000705135,
,,,,,GCA_006802085,
,,,,,GCA_007002955,
,,,,,GCA_013321955,
167241,,"UPM 1133, CECT 9542, LMG 30526",1,Rhizobium ruizarguesonis,GCA_012349115,Aug-34
132917,PL-41,"DSM 105042, CCTCC AB 2011011, NRRL B-59556",1,Pseudorhizobium tarimense,2738541320,20-37
,,,,,2928180846,
166317,NAU-18,"KCTC 62418, CCTCC AB 2018075",1,Rhizobium terrae,GCA_003425685,Oct-42
13624,,"DSM 11418, ATCC 49672, CIAT 899, HAMBI 1163, JCM 21072, IAM 14206, IFO 15247, LMG 9503, NBRC 15247, OUT 30011, CIP 107331, ORS 1163",1,Rhizobium tropici,2524023199,10
,,,,,698761.3,
,,,,,698761.31,
,,,,,698761.32,
,,,,,698761.4,
,,,,,GCA_000330885,
13639,,"DSM 25379, CCBAU 85046, LMG 25225, HAMBI 3066",1,Rhizobium tubonense,484088.4,Oct-37
,,,,,GCA_003240585,
140985,166,"CGMCC 1.15279, DSM 100734",1,Rhizobium wenxiniae,1737357.3,15-37
,,,,,1737357.4,
,,,,,2861144075,
,,,,,GCA_014201355,
,,,,,GCA_014641515,
159888,W44,"CCTCC AB 2017179, GDMCC 1.1257, KCTC 62194",1,Rhizobium wuzhouense,GCA_003205195,15-40
140624,Ndbn-20,"KACC 18661, CCTCC AB 2016143, DSM 107650",1,Rhizorhabdus dicambivorans,2775506841,15-40
,,,,,GCA_002355275,
14228,RW1,"DSM 6014, JCM 10273, JCM 15750, CCUG 31198, CIP 107293, KCTC 12908, MTCC 7933, NBRC 100425, NBRC 105917",1,Rhizorhabdus wittichii,GCA_000016765,10
,,,,,,5
14222,"CA1, EY 2404, Ca 1","DSM 7465, ATCC 49355, CIP 105429, ICMP 12535, JCM 8521, LMG 11026, LMG 17323, NBRC 15211, NCPPB 3629, IFO 15211, LMG 15574, LMG 15591, LMG 9830",1,Rhizorhapis suberifaciens,13656.4,10
,,,,,2829787817,5
,,,,,GCA_014200045,
17525,2APBS1,"DSM 23569, JCM 17641",1,Rhodanobacter denitrificans,2506520041,Oct-35
,,,,,GCA_000230695,
17518,LCS2,"DSM 18863, KCTC 12771",1,Rhodanobacter thiooxydans,1163409.3,May-40
,,,,,2537561839,
,,,,,GCA_000264375,
135947,,"CIP 104374, ATCC 33485, DSM 2131, LMG 4305, NCIMB 11576, UCCCB1, DSM 26431, IFO 16437, NBRC 16437",1,Rhodobacter blasticus,1188250.3,10
,,,,,2898807436,
,,,,,GCA_003034965,
,,,,,GCA_003071405,
13806,,"DSM 1710, ATCC 11166, ATCC 17015, IAM 14232, JCM 21090, NCIB 8254, CCUG 31484, LMG 2962, CCTM 1913, ATH 2.3.1, CGMCC 1.8920, CIP 104408, IFO 16435, NBRC 16435, NCIMB 8254",1,Rhodopseudomonas capsulata,1061.9,5
,,,,,2593339278,
,,,,,GCA_003254295,
13824,JA194,"DSM 18937, JCM 14598, KCTC 5602, UCCCB23",1,Rhodobacter megalophilus,2681813553,May-40
,,,,,418630.3,5
,,,,,GCA_900188265,
166318,TJ48,"CCTCC AB 2019120, KCTC 72510",1,Rhodobacter xinxiangensis,2915622301,15-40
,,,,,GCA_004959935,
1798,7050,"DSM 137, ATCC 25092, Pfennig 7050, CIP 103962, LMG 4304, NCIMB 11761",1,Rhodoblastus acidophilus,1074.14,30-Oct
,,,,,1074.15,
,,,,,1074.16,
,,,,,2724679731,
,,,,,2831495660,
,,,,,GCA_002937135,
,,,,,GCA_003258765,
,,,,,GCA_900187365,
1801,RS,"DSM 16996, VKM B-2361",1,Rhodoblastus sphagnicola,2831675700,20
,,,,,2838086310,
,,,,,333368.4,
,,,,,333368.5,
,,,,,GCA_002937075,
,,,,,GCA_014197735,
11035,10BC-312,"DSM 44752, NCIMB 13964, JCM 14343, CIP 108427",1,Rhodococcus aetherivorans,191292.3,10
,,,,,191292.32,
,,,,,GCA_009176285,
,,,,,GCA_011058165,
10836,"N 744, A-0200, N744, 687","DSM 43347, ATCC 29080, CUB 687, IMET 7375, JCM 3200, NCIB 11211, NCTC 10994, BCRC 13383, CBS 313.75, CCM 2723, CCUG 23572, CECT 5751, CGMCC 4.1813, CIP 104178, IFM 0143, IFM 0164, KCTC 9804, LMG 5357, NBRC 100603, NCIMB 11211, NRRL B-16537, PCM 2174, VKM Ac-571",1,Rhodococcus coprophilus,1219011.3,Oct-45
,,,,,2808606534,
,,,,,2903948744,
,,,,,38310.3,
,,,,,GCA_001895045,
,,,,,GCA_900478115,
10832,,"DSM 20151, ATCC 14898, CIP 104510, NCIB 9433, NCTC 10391, NRRL B-24037, CCUG 37877, IFM 0238, IFO 14404, IMET 7767, JCM 3376, BCRC 13739, CECT 420, JCM 3391, KCTC 9613, KCTC 9820, MTCC 699, NBRC 14404, NCIMB 9433, VKM Ac-870",1,Rhodococcus corynebacterioides,1219012.3,Oct-37
,,,,,2744054539,
,,,,,53972.3,
,,,,,GCA_001646675,
,,,,,GCA_001894765,
10866,"A-0201, N11","DSM 43066, ATCC 25544, ATCC 4277, CBS 266.39, CCM 277, CIP 104179, DSM 763, IFO 15567, JCM 3201, NBRC 15567, NCIB 11148, NCIB 9158, NRRL B-16025, BCRC 10909, CCT 1878, CCUG 23603, CECT 3013, CGMCC 1.2362, CGMCC 4.1814, CIP 104662, DSM 743, HAMBI 1953, IAM 12122, IFM 0165, IMET 7462, IMSNU 20115, JCM 20419, KCTC 1062, LMG 5359, NBIMCC 1360, NCIMB 11148, NCIMB 9158, NCTC 13021, NRRL B-1532, PCM 2150, VKM Ac-1337, VKM Ac-858",1,Rhodococcus erythropolis,1219014.3,Oct-37
,,,,,1833.121,
,,,,,1833.19,
,,,,,2731957592,
,,,,,GCA_001552595,
,,,,,GCA_003990875,
,,,,,GCA_017656525,
,,,,,GCA_022134675,
10883,,"DSM 20669, ATCC 12974, CIP 104713, IFO 12155, JCM 1316, NBRC 12155, NCPPB 3067, CCUG 51073, JCM 10002, BCRC 13609, CFBP 2401, CGMCC 4.1817, CNCTC Cor 66/77, ICMP 5833, ICPB CF122, KCTC 9813, LMG 3623, MTCC 1531, NBRC 100625, NCIMB 13432, NRRL B-16937, VKM Ac-1462, IAM 12427, ICPB CF 122",1,Rhodococcus fascians,1219015.3,30-Oct
,,,,,1219015.4,
,,,,,1268303.4,
,,,,,2711768092,
,,,,,GCA_000761055,
,,,,,GCA_001894785,
10991,"544, R 58, R58","DSM 43954, ATCC 25714, IFO 14531, IMET 7543, JCM 7472, NBRC 14531, BCRC 13727, CCM 8449, CGMCC 4.1819, CIP 104174, IAM 15168, IAM 15237, KCTC 9810, NCIMB 12315, NRRL B-16938, PCM 2301",1,Rhodococcus globerulus,1219016.3,10
,,,,,GCA_001894805,
11033,W4937,"DSM 44689, NCTC 13296, JCM 12658, CIP 108424",1,Rhodococcus gordoniae,223392.3,10
,,,,,223392.4,
,,,,,2744054541,
,,,,,2925079109,
,,,,,GCA_001646655,
,,,,,GCA_900455725,
11044,RKJ 300,"DSM 45091, CIP 109333, JCM 13270, MTCC 7085, NCIMB 14316",1,Rhodococcus opacus,1165867.3,15-37
,,,,,1165867.6,
,,,,,2734481939,
,,,,,GCA_000260815,
,,,,,GCA_001313285,
11027,"DNP 505, DNP505","DSM 44498, JCM 10743, KCTC 0569BP, CGMCC 4.1724, CGMCC 4.1822, CIP 106721, NBRC 100607, NCIMB 13709",1,Rhodococcus koreensis,1303689.3,30-Oct
,,,,,1303689.4,
,,,,,2634166362,
,,,,,2734481955,
,,,,,99653.4,
,,,,,GCA_001313625,
,,,,,GCA_001894845,
,,,,,GCA_900105905,
11041,K07-23,"DSM 44908, JCM 13011, MTCC 6634, CIP 109246, NBRC 103113, NCIMB 14317",1,Rhodococcus kroppenstedtii,2693429870,Oct-37
,,,,,293050.3,
,,,,,293050.5,
,,,,,GCA_001646725,
,,,,,GCA_900111805,
11045,DS472,"DSM 45159, CCTCC AB 206088, CIP 109729, IAM 15415, JCM 23211",1,Rhodococcus kyotonensis,2675903021,Oct-37
,,,,,398843.7,
,,,,,GCA_900188125,
11031,M712,"DSM 44675, AS 4.1720, CIP 107806, JCM 11374, BCRC 16384, CGMCC 4.1720, KCTC 9961, NBRC 100610",1,Rhodococcus maanshanensis,1219019.3,30-Oct
,,,,,183556.3,
,,,,,2675903023,
,,,,,GCA_001894865,
,,,,,GCA_900109405,
10892,3438W,"DSM 43752, ATCC 35653, IFO 14363, JCM 6241, NBRC 14363, NCMB 2246, BCRC 13696, CECT 4621, CGMCC 4.1726, CIP 104177, KCTC 9809, NCIMB 2246, NRRL B-16940, VKM Ac-1182",1,Rhodococcus marinonascens,1219020.3,18
,,,,,2867152395,30-May
,,,,,GCA_001894885,
10998,"1b, 18","DSM 43205, ATCC 51881, CIP 104549, DSM 427, JCM 9703, CGMCC 4.1820, IFO 16217, KCTC 9811, LMG 18000, NBRC 100624, NBRC 16217, NCIMB 10810, NCIMB 13353",1,Rhodococcus opacus,2744054613,Oct-37
,,,,,37919.12,
,,,,,37919.38,
,,,,,GCA_001646735,
,,,,,GCA_012396235,
,,,,,GCA_910591545,
136650,R7,CIP 107348,0,Rhodococcus opacus,37919.1,30-Oct
,,,,,37919.2,
,,,,,37919.21,
,,,,,37919.22,
,,,,,37919.23,
,,,,,37919.24,
11026,"LMAU.R292, HAMBI, MBS 1","DSM 44240, CIP 104964, HAMBI 1752, LMAU R292, JCM 10087",1,Rhodococcus opacus,2863016770,Oct-37
,,,,,45461.3,
,,,,,GCA_014138705,
11029,,"DSM 44555, KCCM 80005, KCTC 0647BP, PDB 9, JCM 10940, BCRC 16332, CGMCC 4.1825, CIP 107477, NBRC 100608",1,Rhodococcus pyridinivorans,103816.1,10
,,,,,103816.9,
,,,,,1303690.3,
,,,,,1303690.4,
,,,,,2630969012,
,,,,,2734481956,
,,,,,2744054615,
,,,,,GCA_001313645,
,,,,,GCA_001646805,
,,,,,GCA_001894905,
11047,djl-6-2,"DSM 45257, CCTCC AB 208292, JCM 16906, CCM 8452",0,Rhodococcus erythropolis,GCA_002893965,Apr-35
10893,"B/O, N 445, A-0203, N445","DSM 43336, ATCC 35071, KCC A-0203, NCIB 11279, JCM 3203, BCRC 13390, CCUG 23604, CECT 5750, CGMCC 4.1816, CIP 104181, IFM 0149, IMSNU 21249, KCTC 9805, LMG 5363, NBRC 100604, NCIMB 11279, NRRL B-16535, PCM 2157, RIA 1613, VKM Ac-1187",1,Rhodococcus rhodnii,1219023.3,10
,,,,,38312.5,
,,,,,GCA_000720375,
,,,,,GCA_001894925,
,,,,,GCA_008011915,
10908,"372, KMRh","DSM 43241, ATCC 13808, CIP 104376, IMET 7374, KCC A-0202, NCIB 11147, NCTC 10210, CCUG 47165, NRRL B-16536, JCM 3202, BCRC 16333, CECT 5749, CGMCC 1.2348, CGMCC 4.1815, HAMBI 1959, IAM 15167, IFM 0163, IFO 16069, KCTC 9086, LMG 5365, MTCC 265, NBRC 16069, NCIMB 11147, NRRL B-2149, VKM Ac-1227, VKM Ac-1338",1,Rhodococcus rhodochrous,1219024.4,10
,,,,,1829.21,20-30
,,,,,1829.3,
,,,,,2630968521,
,,,,,2744054617,
,,,,,2826464033,
,,,,,GCA_001047055,
,,,,,GCA_001646825,
,,,,,GCA_900187265,
10927,"M-1, N361, A-0205","CCUG 51069, DSM 43338, IFO 15591, KCC A-0205, NBRC 15591, JCM 3205, BCRC 13379, CGMCC 4.1821, CIP 104180, IFM 0148, KCTC 9806, LMG 5366, VKM Ac-1021",1,Rhodococcus ruber,1219025.3,Oct-41
,,,,,1830.11,
,,,,,2744054618,
,,,,,2814123366,
,,,,,GCA_001646835,
,,,,,GCA_001894945,
158522,C9-28,"DSM 107559, KACC 19823",1,Rhodococcus subtropicus,2906892708,30-Oct
,,,,,GCA_005434945,
11040,,"DSM 44893, CCUG 50203, IMMIB RIV-095, CIP 108552",0,Rhodococcus triatomae,300028.6,10
,,,,,GCA_014217765,
11037,Mb8,"DSM 44783, JCM 11308, NCIMB 13903, CIP 108134, NBRC 100609",1,Rhodococcus tukisamuensis,1219027.3,30-Oct
,,,,,168276.3,
,,,,,2675903015,
,,,,,2877041364,
,,,,,GCA_001894985,
,,,,,GCA_900101735,
11023,N805,"DSM 44107, ATCC 51786, IMRU 878, NCIMB 13082, CCUG 38518, JCM 9689, BCRC 16369, CIP 105033, IMSNU 21173, KCTC 9962, LMG 17999, NBRC 100605, NCTC 13229, VKM Ac-1986",1,Rhodococcus wratislaviensis,1219028.3,Oct-37
,,,,,2563367138,
,,,,,2811995226,
,,,,,44752.18,
,,,,,GCA_000583735,
,,,,,GCA_900455735,
134108,,"CCTCC AA 204007, KCTC 19021, DSM 44837, YIM 70056, JCM 13366, IAM 15239, NBRC 103083, NBRC 103115, CIP 108798",1,Rhodococcus yunnanensis,1219029.3,Oct-37
,,,,,2867146388,Oct-40
,,,,,GCA_001895005,
11024,T-1,"DSM 44108, ATCC 51349, JCM 9919, CGMCC 4.1818, CIP 104275, KCTC 19218, KCTC 9812, MTCC 2572, NBRC 100606, NCIMB 13393, NRRL B-16942",1,Rhodococcus zopfii,1219030.8,10
,,,,,1219030.9,
,,,,,2734481959,
,,,,,2867071599,
,,,,,GCA_001313705,
,,,,,GCA_001895025,
,,,,,GCA_022134735,
166362,172606-1,"KCTC 62096, NBRC 114410",1,Rhodocytophaga rosea,2883458875,15-37
,,,,,GCA_010119975,
23871,Ant.Br,"DSM 24876, ATCC 700587",1,Rhodoferax antarcticus,1111071.4,18
,,,,,2751185768,
,,,,,81479.1,
,,,,,81479.11,
,,,,,81479.8,
,,,,,GCA_001938565,
,,,,,GCA_001955735,
166273,GSA243-2,"CGMCC 1.16288, KCTC 62564",1,Rhodoferax bucti,2894749980,15-35
,,,,,GCA_005876985,
166229,,"KACC 18983, NBRC 112709, IMCC 26218",1,Rhodoferax lacus,GCA_003415675,30-Apr
23872,"ED16, ED16I","DSM 22694, ATCC BAA-1852, CCUG 57711",1,Rhodoferax saidenbachensis,1484693.3,20
,,,,,2582581024,
,,,,,2773857796,
,,,,,GCA_000498435,
,,,,,GCA_001955715,
169459,MIZ03,"DSM 113266, JCM 34246",0,Rhodoferax lithotrophicus,2798804.3,20
,,,,,2798804.4,
,,,,,2798804.5,
,,,,,2798804.6,
,,,,,GCA_019973615,
7495,LV3,"DSM 21947, ATCC BAA-534, CIP 107482, JCM 12695, NBRC 103084, CGMCC 1.7091, IAM 15169",1,Rhodoglobus vestalii,193384.3,18-Oct
,,,,,2811994966,18
,,,,,GCA_006788895,
158667,15182,"KCTC 62172, MCCC 1K03442",1,Rhodohalobacter barkolensis,2882395943,Oct-40
,,,,,GCA_002834295,
133122,JZ3C29,"MCCC 1H00131, KCTC 52046, JCM 31413",1,Rhodohalobacter halophilus,2751185588,20-50
,,,,,GCA_001715195,
13879,120-1,"DSM 23582, ATCC BAA-2115, JCM 16873",1,Rhodoligotrophos appendicifer,2828001536,May-35
,,,,,987056.3,
,,,,,GCA_007474605,
166282,lm1,"CCTCC AB 2019071, KCTC 72156",1,Rhodoligotrophos defluvii,GCA_005281615,15-45
131295,MWH-Ta8,"DSM 23834, LMG 26932",1,Rhodoluna lacicola,2504643007,20
,,,,,GCA_000699505,
159679,27D-LEPI,"DSM 107804, JCM 32926",1,Rhodoluna limnophila,GCA_005845365,Jun-34
167834,"JA980, Rhodomicrobium sp. JA980","MCC 3714, KCTC 15697, NBRC 113803",1,Rhodomicrobium lacus,GCA_003992725,Oct-35
,,,,,RZNF00000000,
133915,JA643,"KCTC 15219, NBRC 109057",1,Rhodomicrobium udaipurense,2576861659,Oct-40
,,,,,858455.3,
,,,,,GCA_000636015,
,,,,,GCA_016461795,
3831,GCM 70,DSM 17997,1,Rhodonellum ikkaensis,2693429890,15
,,,,,336829.5,
,,,,,GCA_900107465,
3832,GCM71,"DSM 17998, LMG 23454",1,Rhodonellum psychrophilum,1123057.3,28-May
,,,,,1123057.7,
,,,,,2517572081,
,,,,,2519899653,
,,,,,GCA_000381545,
,,,,,GCA_000473765,
164090,MA-7-27,"JCM 31537, KACC 18805",1,Rhodophyticola porphyridii,2831519361,15-45
,,,,,GCA_003688285,
166393,Poly21,"DSM 102266, LMG 29467, CECT 9847, VKM B-3435",1,Rhodopirellula heiligendammensis,GCA_007860105,Oct-33
166394,Pla100,"DSM 102937, LMG 29465",1,Rhodopirellula pilleata,GCA_007859915,Oct-33
166395,CA85,"DSM 109595, LMG 29699, VKM B-3451",1,Rhodopirellula solitaria,2894112556,Oct-33
,,,,,GCA_007859855,
6190,TUT 3530,"DSM 18633, NBRC 102049",1,Rhodoplanes serenus,200615.4,20-43
138540,gc,"CIP 108225, JCM 11668, AS 1.2176, BCRC 80540, CGMCC 1.2176",1,Rhodopseudomonas faecalis,2740891854,15
,,,,,99655.3,5
,,,,,GCA_003217325,
1828,,"DSM 123, NBRC 100419, van Niel ATH 2.1.6, ATCC 17001",1,Rhodopseudomonas pseudopalustris,1513892.5,20-35
,,,,,2671180228,
,,,,,GCA_900110435,
1827,"R1, Rb","DSM 12706, CIP 106682",1,Rhodopseudomonas rhenobacensis,2861707373,15-30
,,,,,87461.3,5
,,,,,GCA_014203125,
166225,E84,"KCTC 52697, MCCC 1H00231",1,Rhodosalinus halophilus,GCA_003298775,20-40
141161,WDN1C137,"KCTC 52478, MCCC 1H00170, DSM 108746",1,Rhodosalinus sediminis,2831947122,20-45
,,,,,GCA_003385555,
14005,"S 1, S1","DSM 467, ATCC 11170, NCIB 8255, CCUG 17859, CIP 70.61, LMG 4362, NCIMB 8255, ATH 1.1.1",1,Rhodospirillum rubrum,1036743.4,15-30
,,,,,1085.17,5
,,,,,269796.21,
,,,,,269796.9,
,,,,,637000241,
,,,,,GCA_000013085,
,,,,,GCA_019134555,
13748,JA125,"DSM 18064, CIP 109541, JCM 13589",1,Rhodovulum imhoffii,2734482186,20-35
,,,,,365340.4,
,,,,,365340.5,
,,,,,GCA_003046545,
,,,,,GCA_016653305,
13750,JA297,"DSM 19783, ATCC BAA-1544, CCUG 55397, JCM 14888",1,Rhodovulum kholense,2734482290,20-35
,,,,,453584.3,
,,,,,GCA_003053725,
13749,"7Vi, JA 181, JA181","DSM 17937, ATCC BAA-1274, JCM 13531, CIP 109728",1,Rhodovulum visakhapatnamense,2802428856,20-35
,,,,,364297.3,
1935,,"DSM 9511, ATCC 23061, CCUG 32772, CFBP 2421, CIP 105771, ICMP 2807, JCM 10487, LMG 2129, NCPPB 934, NRRL B-14296, BCRC 12861, CCUG 41876, KACC 10474, KCTC 2963",1,Robbsia andropogonis,2627853839,10
,,,,,28092.6,5
,,,,,28092.8,
,,,,,GCA_000970345,
,,,,,GCA_902833845,
168344,"CL23, CC-AMO-30D","LMG 31418, KCTC 72252",1,Robertkochia solimangrovi,GCA_007279655,15-42
,,,,,QXMP01000000,
23713,8-4-E13,"DSM 23948, LMG 27602",1,Anoxybacillus andreesenii,2926493430,20-50
1194,171544,"DSM 13140, CIP 106295, NCIMB 13601, JCM 12213",1,Robertmurraya siralis,77777.5,10
,,,,,GCA_005502275,
5638,YM6-073,"DSM 21019, KCTC 22216, MBIC 06409",1,Robiginitalea myxolifaciens,2636416043,15-42
,,,,,400055.5,
,,,,,GCA_900115205,
6224,,"DSM 21748, IMCC 3195, KCCM 42687, NBRC 103098",1,Robiginitomaculum antarcticum,1123059.3,25-Mar
,,,,,2522125083,20
,,,,,GCA_000365025,
2992,61A,"DSM 11813, CCUG 52219",1,Roseateles depolymerans,2770939641,20-30
,,,,,76731.7,
,,,,,GCA_003387155,
134277,,"CECT 7247, CCUG 52222",1,Roseateles terrae,2824392752,Oct-37
,,,,,2831895361,
,,,,,431060.3,
,,,,,431060.5,
,,,,,GCA_002205615,
,,,,,GCA_014192155,
13853,EL-50,"DSM 11469, CECT 7235",1,Roseinatronobacter ekhonensis,254356.4,30-Oct
,,,,,2831655652,16
,,,,,GCA_900499075,20
134327,MN1-741,"MBIC 08315, KCTC 12986, NBRC 103926",1,Roseibacillus ishigakijimensis,454146.3,20-37
,,,,,GCA_016595415,
134329,YM26-010,"KCTC 12988, MBIC 08317",1,Roseibacillus persicicus,454148.3,15-37
,,,,,GCA_014651675,
13829,,"DSM 19469, CIP 107377, JCM 11220, OCh 323",1,Roseicyclus elongatus,1294273.3,10
,,,,,GCA_000590925,15
,,,,,,5
167420,KMU-115,"KCCM 90339, NBRC 114190",1,Roseicyclus persicicus,GCA_012395815,Oct-45
,,,,,JAAZQQ000000000,
13837,5OM6,"DSM 18320, CECT 5095, CIP 108402, CCUG 49435, DSM 18380",1,Roseibium album,2675903641,May-37
,,,,,311410.12,
,,,,,GCA_001404515,
138394,,"CIP 107047, JCM 10543, ATCC BAA-251, IFO 16782, NBRC 16782, Och 254",1,Roseibium denhamense,76305.3,15-37
,,,,,GCA_009711415,5
138793,,"CIP 107048, JCM 10544, ATCC BAA-252, IFO 16783, NBRC 16783, Och 368",1,Roseibium hamelinense,150831.5,15-37
,,,,,GCA_007830545,5
,,,,,GCA_009711505,
133285,Cs25,"DSM 29163, CECT 8816",1,Roseibium salinum,GCA_026240905,15.0-40.0
140994,BSS09,"KCTC 52373, MCCC 1K03201",1,Roseibium sediminis,1775174.3,Oct-45
,,,,,2889952345,
,,,,,GCA_008711325,
164421,DB1506,"JCM 32945, KACC 19791",1,Roseicella frigidaeris,GCA_003258945,20-37
158729,,"MCCC 1K03242, KCTC 52641, CCMM 001",1,Roseicyclus marinus,GCA_029589195,16-42
167709,FF011L,"DSM 29513, LMG 29016",1,Roseimaritima multifibrata,GCA_007741495,20
23339,DC2a-G7,"DSM 25532, NBRC 108606",1,Roseimicrobium gellanilyticum,2770939505,20-30
,,,,,748857.3,
,,,,,GCA_003315205,
13756,EL-88,"DSM 11466, CECT 7023, NCIMB 14015",1,Roseisalinus antarcticus,254357.4,18.25
,,,,,2831900202,20
,,,,,GCA_900172355,3-33.5
133348,MA7-20,"KACC 18807, JCM 31538",1,Roseitalea porphyridii,2837258257,15.0-45.0
,,,,,GCA_004331955,
134138,,"KCTC 12370, LMG 22587, KMM 6058, DSM 102948",1,Roseivirga echinicomitans,2651870325,Apr-31
,,,,,296218.3,
,,,,,GCA_001592935,
159410,SK-8,"DSM 102187, KCTC 32969, NBRC 110216",1,Roseivirga misakiensis,GCA_001747105,20
131264,DY53,"DSM 100771, CGMCC 1.12402, JCM 18885",1,Roseivirga pacifica,1267423.11,15-40
,,,,,1267423.4,
,,,,,2667527390,
,,,,,2728369263,
,,,,,GCA_003633845,
,,,,,GCA_900111145,
13757,,"DSM 15395, ATCC 700843, CIP 105983, IFO 16685, JCM 10272, NBRC 16685, OCh 239, BCRC 80020",1,Roseivivax halodurans,1449350.3,15-41
,,,,,2563367175,5
,,,,,GCA_000521785,
13758,,"DSM 15490, ATCC 700842, CIP 105984, IFO 16686, JCM 10271, NBRC 16686, OCh 210, BCRC 80019",1,Roseivivax halotolerans,2675903164,15-41
,,,,,93684.8,5
,,,,,GCA_900115815,
13759,sw-2,"DSM 22223, BCRC 17966, LMG 25204",1,Roseivivax isoporae,1449351.3,Oct-40
,,,,,2609459988,
,,,,,GCA_000521865,
130619,S5-5,"DSM 29430, CCUG 57755, KCTC 22708",1,Roseivivax lentus,2681813559,Oct-40
,,,,,633194.5,
,,,,,GCA_900156805,
13761,,"DSM 21977, ACCC 10710, KCTC 23444, YIM D21, YIM D21(T)",1,Roseivivax sediminis,936889.3,15-42
,,,,,GCA_900112685,
23998,8N4,"DSM 24150, LMG 26121",1,Rosenbergiella nectarea,2651870171,Apr-35
,,,,,GCA_900111105,
13763,,"DSM 7001, ATCC 33942, OCh 114, JCM 21267, CIP 104266, IAM 14592, IFO 15277, NBRC 15277, NCIMB 2176",1,Roseobacter denitrificans,2693429868,Oct-37
,,,,,375451.51,20
,,,,,GCA_000014045,5
,,,,,GCA_900113215,
13764,,"DSM 6996, ATCC 49566, OCh 149, JCM 21268, CIP 104265, IAM 14593, IFO 15278, NBRC 15278, ATCC 46566",1,Roseobacter litoralis,391595.25,20
,,,,,391595.26,30-May
,,,,,391595.27,
,,,,,GCA_000154785,
140322,MM-7,"DSM 106830, NBRC 112431",1,Roseobacter ponti,1891787.3,Apr-35
,,,,,GCA_012932215,
76,5420S-30,"DSM 19363, KACC 12521, UCCCB24, CIP 110193",1,Roseomonas aerilata,1123060.3,5
,,,,,2565956516,5.0-35.0
,,,,,GCA_000711725,
133919,7515T-07,"KACC 16529, NBRC 108923",1,Roseomonas aerophila,1224513.3,Apr-40
,,,,,GCA_014490485,
140906,M6-79,"CCTCC AB 2013101, LMG 28251",1,Roseomonas arctica,1509237.3,18-20
,,,,,GCA_018128965,25-Apr
138931,E7107,"CIP 104027, ATCC 49957, CCM 4881, CCUG 33006",1,Roseomonas cervicalis,2513237333,10
,,,,,525371.3,5
,,,,,GCA_000164635,
158692,M3,"KEMB 2255-459, JCM 31275",1,Roseomonas deserti,2791354997,13-42
,,,,,GCA_001982615,
133456,"CW67T, CW67","KCTC 22211, JCM 15073",1,Roseomonas frigidaquae,487318.3,15-37
,,,,,GCA_012163145,
,,,,,GCA_013184735,
138789,5424,"CIP 104026, ATCC 49956, CCM 4846, CCUG 33005, ATCC G7933",1,Roseomonas gilardii,GCA_023078375,10
,,,,,,5
135096,,"CIP 108267, ATCC BAA-691, NCTC 13290, CCUG 48655, MDA 5605",1,Roseomonas gilardii subsp. rosea,243956.3,10
,,,,,2834383282,15-37
,,,,,GCA_900455865,
71,TH-G33,"DSM 19439, CGMCC 1.3617, JCM 13283, CIP 109168",1,Roseomonas lacus,2574180450,15-40
,,,,,287609.3,
,,,,,GCA_014644535,
135097,,"CCUG 48654, CIP 108268, ATCC BAA-692, NCTC 13291, MDA 5527",1,Roseomonas mucosa,207340.7,10
,,,,,2837549178,15-37
,,,,,GCA_900455935,
69,173/96,"DSM 14916, CIP 107419, UCCCB4",1,Muricoccus roseus,198092.3,Oct-41
,,,,,2585427600,15
,,,,,GCA_900141905,
73,,"DSM 19362, CCM 7468, KCTC 22045, CPCC 100056, UCCCB25",1,Roseomonas vinacea,2574179773,4
,,,,,,4.0-40.0
130621,SMK-122,"DSM 29438, CCUG 55325, KCTC 22174",1,Roseovarius aestuarii,475083.9,Oct-37
,,,,,GCA_019966515,
133325,GHTF-24,"KCTC 52454, NBRC 112420",1,Roseovarius aestuariivivens,2895604787,10
,,,,,GCA_004761875,4
166221,GCL-8,"MCCC 1A11651, KCTC 52430",1,Roseovarius amoyensis,GCA_003260265,Apr-41
141127,R12B,"MCCC 1A09786, KCTC 42506",1,Roseovarius atlanticus,2791355032,Apr-45
,,,,,GCA_001441615,
133347,,"SAG 6, KACC 18598, JCM 31541",1,Roseovarius confluentis,1852027.3,15.0-40.0
163871,MME-070,"JCM 30757, KCCM 43142",1,Roseovarius faecimaris,2884656269,20-40
,,,,,GCA_009762325,
130623,HJ50,"DSM 29507, KCTC 22224, LMG 24468",1,Roseovarius halotolerans,2728369466,Oct-45
,,,,,505353.8,
,,,,,GCA_003634925,
24500,112,"DSM 28463, JCM 17743, KACC 16185",1,Roseovarius lutimaris,1005928.7,15-40
,,,,,2622736530,
,,,,,GCA_900115165,
24501,H50,"DSM 24881, CGMCC 1.10799, JCM 17553, DSM 29327",1,Roseovarius marisflavi,1054996.3,15
,,,,,2700988702,
,,,,,GCA_900142625,
13770,,"DSM 17069, NCIMB 14077, DFL 24",1,Roseovarius mucosus,1288298.3,20-40
,,,,,2518285587,
,,,,,GCA_000768555,
130624,NH52J,"DSM 29590, CCTCC AB 208317, LMG 24840, MCCC 1A03543",1,Roseovarius nanhaiticus,2681812935,Sep-37
,,,,,573024.6,
,,,,,GCA_900156535,
159704,TFZ,"MCCC 1K03339, KCTC 52967",1,Roseovarius nitratireducens,2840908651,Apr-42
,,,,,GCA_002925845,
130622,81-2,"DSM 29589, CGMCC 1.7083, LMG 24575, MCCC 1A00293",1,Roseovarius pacificus,2700988706,Apr-37
,,,,,337701.12,
,,,,,337701.3,
,,,,,GCA_014645335,
,,,,,GCA_900142665,
158669,N53,"MCCC 1H00200, KCTC 52886",1,Roseovarius salinarum,2837136897,15
,,,,,GCA_002834145,20
167665,HN-E21,"MCCC 1K03333, LMG 30456",1,Roseovarius spongiae,GCA_003651245,15-24
,,,,,RAPE00000000,
13766,EL-172,"DSM 11457, JCM 21346, CIP 106398, IAM 14840, IFO 16695, NBRC 16695, CECT 7738",1,Roseovarius tolerans,2619619026,Oct-41
,,,,,74031.7,20
,,,,,GCA_900109855,
166404,Poly24,"DSM 102938, VKM B-3434, LMG 31347, CECT 9848",1,Rosistilla carotiformis,GCA_007753095,Oct-33
166405,CA51,"DSM 104080, LMG 29702",1,Rosistilla oblonga,GCA_007751715,Oct-36
,,,,,,20
1225,TF-12,"DSM 16205, JCM 11545, KCCM 41589, CIP 108136",1,Rossellomorea aquimaris,GCA_001648555,Oct-44
,,,,,,Oct-45
,,,,,,4
1224,TF-11,"DSM 16204, JCM 11544, KCCM 41588, CIP 108135",1,Rossellomorea marisflavi,189381.12,10
,,,,,2645727550,Oct-47
,,,,,GCA_001274775,4
1258,15-1,"DSM 18898, CIP 108672, HSCC 1663, JCM 11124, NRIC 0531, NRRL B-23890, BCRC 80102, LMG 24742, NBRC 101237",1,Rossellomorea vietnamensis,1349757.3,Oct-40
,,,,,2731957668,Oct-45
,,,,,GCA_001591825,
7780,"A 1-17B, A1-17B","CCUG 51932, JCM 11412, DSM 14556, GTC 867, CIP 108437, IFM 10514, NCIMB 14248",1,Rothia aeria,172042.13,10
,,,,,172042.4,15
,,,,,2806310706,
,,,,,GCA_002355935,
132581,140917-MRSA-09,"DSM 102816, CCM 8669, LMG 29446, JCM 31759, CIP 111029",1,Rothia aerolata,1812262.3,10
,,,,,GCA_014635585,15-36
7661,,"DSM 18442, CCTCC AB 206069, JCM 31975, KCTC 19172, YIM 90716",1,Rothia halotolerans,2865696960,Oct-37
,,,,,405770.3,
,,,,,GCA_004136635,
7637,PM 129,"DSM 20032, ATCC 27570, CCM 2690, CCUG 33026, JCM 7237, CIP 81.69, GIFU 9131, IAM 13590, IFO 15354, LMG 14215, NBRC 15354, NCIMB 14427, NCTC 11038, NRRL B-14835, VKM Ac-2190, VKM B-1811",1,Rothia kristinae,1349768.3,10
,,,,,2731957608,
,,,,,37923.19,
,,,,,37923.24,
,,,,,37923.27,
,,,,,GCA_001570865,
,,,,,GCA_004136565,
,,,,,GCA_900452535,
7777,5762/67,"DSM 20746, ATCC 25296, CCM 2417, NCTC 10663, CCUG 20962, CIP 71.14, JCM 10910, GIFU 9911, GTC 311, IAM 14815, IFM 10890, IFO 15673, IMSNU 22101, NBRC 15673, NCDO 2360, NCIMB 702360, PCM 2415, CCUG 3707",1,Rothia mucilaginosa,553201.3,10
,,,,,645058800,
,,,,,GCA_000175615,
7783,L-143,"DSM 22277, BCRC 17588, LMG 23708, CCUG 55855, JCM 15158",1,Rothia terrae,396015.3,15-40
,,,,,GCA_012396615,
131542,323,"DSM 100043, CIP 111153",1,Rouxiella badensis,1646377.3,Apr-37
,,,,,2832090241,
,,,,,GCA_002093665,
,,,,,GCA_026967495,
140277,213,"DSM 103735, CIP 111154",1,Rouxiella silvae,2832085192,30-Apr
,,,,,GCA_002093625,
17801,6-Mar,"DSM 18029, CGMCC 4.3142, JCM 13910, PCM 2644, NBRC 106322, CIP 109565",1,Ruania albidiflava,1123065.3,20-37
,,,,,2524614511,
,,,,,GCA_000421225,
13778,5715S-9,"DSM 19297, KACC 12504",1,Rubellimicrobium aerolatum,2913276826,May-35
,,,,,490979.3,
,,,,,GCA_017872975,
13777,,"DSM 19309, KCTC 22012, MSL 20",1,Rubellimicrobium mesophilum,2523533591,20-37
,,,,,442562.3,
,,,,,GCA_000600335,
166400,Pan54,"DSM 29369, LMG 29789",1,Rubinisphaera italica,2887510965,14-27
,,,,,GCA_007859715,20
13831,,"DSM 15345, CIP 105913, JCM 10189, NBRC 100047, OCh 317, IAM 14838",1,Rubrimonas cliftonensis,2693429904,10
,,,,,89524.3,5
,,,,,GCA_900107585,
166396,"Pla22, Pla 22","DSM 102267, LMG 29691",1,Rubripirellula amarantea,2889758533,Oct-36
,,,,,GCA_007859865,
166397,Poly59,"DSM 103767, LMG 29696",1,Rubripirellula reticaptiva,2887592959,Oct-33
,,,,,GCA_007860175,
166398,Poly51,"DSM 103356, VKM B-3438",1,Rubripirellula tenax,2889651518,28-Oct
,,,,,GCA_007860125,
159705,SAORIC-165,"NBRC 110691, KCTC 52460",1,Rubritalea profundi,GCA_002954445,10
,,,,,,15-Apr
17851,HOact 23,"DSM 18772, MBIC 08254, NBRC 103619",1,Rubritalea squalenifaciens,1123071.3,15-37
,,,,,2582581871,
,,,,,GCA_900141815,
133914,SAORIC-28,"KCTC 23867, NBRC 108816",1,Rubrivirga marina,2791354895,Oct-37
,,,,,GCA_002283365,
158426,,"DSM 105148, CGMCC 1.16398, SCSIO 08198, JCM 33406",1,Rubrobacter indicoceani,GCA_003568865,20-37
14035,P-1,"DSM 5868, ATCC 51242, DSM 46359, IAM 12072, JCM 2153, BCRC 17324, CIP 106991, IFO 14777, IMET 11468, NBRC 14777, NCIMB 12766, VKM Ac-1989",1,Rubrobacter radiotolerans,2505679031,10
,,,,,643560.4,15
,,,,,GCA_900175965,
14036,PRD-1,"DSM 9941, IFO 16129, NBRC 16129, JCM 11954, CIP 105412, NBRC 100952",1,Rubrobacter xylanophilus,266117.1,10
,,,,,266117.34,15
,,,,,637000248,
,,,,,GCA_000014185,
,,,,,GCA_019448335,
17624,KIS3-4,"DSM 22992, JCM 15422, KACC 12734",1,Rudaea cellulosilytica,1123073.3,May-35
,,,,,2519899509,
,,,,,GCA_000378125,
22986,HOR6-4,"DSM 19560, KACC 12637",1,Rudaeicoccus suwonensis,2818991236,Oct-37
,,,,,657409.3,
,,,,,GCA_007829035,
3834,57155-11,"DSM 19387, KACC 12603, JCM 16390, NBRC 106408",1,Rudanella lutea,1089547.3,May-40
,,,,,2517093013,
,,,,,GCA_000383955,
166319,HX-22-17,"KCTC 72656, CCTCC AB 2019347",1,Rudanella paleaurantiibacter,GCA_009184635,16-42
24504,TW15,"DSM 29317, JCM 17315, KACC 15115",1,Ruegeria conchae,2513237272,Oct-37
,,,,,2734482173,
,,,,,981384.12,
,,,,,GCA_000192475,
,,,,,GCA_003664205,
135100,5OM10,"CIP 108403, CECT 5091, LMG 29896",1,Ruegeria denitrificans,1715692.3,15
,,,,,2713896969,15-30
,,,,,GCA_001458295,4
,,,,,,5
24502,HD-28,"DSM 28009, CCUG 58878, KCTC 23044",1,Ruegeria faecimaris,2724679780,Apr-37
,,,,,686389.4,
,,,,,GCA_900182615,
24503,MA1-6,"DSM 27839, CCUG 60744, KCTC 23463",1,Ruegeria halocynthiae,2693429872,Oct-37
,,,,,985054.8,
,,,,,GCA_900106805,
24505,CC-GIMAT-2,"DSM 23285, CCM 7758, CCUG 59209, DSM 104504, DSM 29341, LMG 25539",1,Ruegeria intermedia,2695420938,15-55
,,,,,996115.4,
,,,,,GCA_900129345,
159879,J95,"MCCC 1K03284, DSM 104293",1,Albibacillus kandeliae,GCA_003116585,Oct-40
13788,ZH17,"DSM 24837, CGMCC 1.9108, JCM 16262",1,Ruegeria marina,2617270884,Oct-42
,,,,,639004.3,
,,,,,GCA_900101475,
158547,ZGT118,"JCM 19519, ACCC 19862",1,Ruegeria marisrubri,1685379.3,20-50
,,,,,2724679120,
,,,,,GCA_001507595,
158548,ZGT108,"JCM 19518, ACCC 19861",1,Ruegeria profundi,1685378.4,15-42
,,,,,2724679119,
,,,,,GCA_001507545,
158531,MDT1-10-3,"CGMCC 1.9789, NBRC 109705",1,Rufibacter glacialis,1259555.5,18-22
,,,,,2891128709,25-Apr
,,,,,GCA_008271745,
,,,,,GCA_014645715,
133023,CAI-18b,"DSM 29854, NCAIM B.02614",1,Rufibacter ruber,1549639.3,20-37
,,,,,2827981459,Apr-45
,,,,,GCA_014138425,
133192,,"CCM 8646, LMG 29438",1,Rufibacter ruber,1783499.3,10.0-40.0
,,,,,2744054599,5
,,,,,GCA_001647275,
166441,H-1,"CGMCC 1.16289, NBRC 113030",1,Rufibacter sediminis,GCA_014269285,15-37
,,,,,GCA_024436355,
133402,CC-MHH0563,"BCRC 80918, JCM 31066",1,Ruficoccus amylovorans,1804625.3,15-37
,,,,,2914226643,
,,,,,GCA_014230085,
133073,Ca6,"DSM 103039, ATCC TSD-59",1,Rugosibacter aromaticivorans,GCA_000934545,20.0-35.0
8049,Delta3,"DSM 45228, JCM 18305, NBRC 104875",1,Rugosimonospora africana,556532.3,15-37
,,,,,GCA_016862975,
2760,H10,"DSM 5812, ATCC 35319, JCM 6584",1,Ruminiclostridium cellulolyticum,394503.7,20
,,,,,643348528,
,,,,,GCA_000022065,
2848,CDT-1,"DSM 19573, JCM 14807",1,Ruminiclostridium sufflavum,1121337.3,20-33
,,,,,2599185205,
,,,,,GCA_003208175,
18131,1446,"DSM 15030, JCM 11075, NBRC 101231, NRRL NRS-1691, CIP 107434, DSM 7260, KCTC 13923",1,Rummeliibacillus pycnus,101070.3,10
,,,,,2890201742,
,,,,,GCA_002884495,
166297,YX9,"KCTC 62875, CCTCC AB 2018214",1,Runella aurantiaca,GCA_003339505,16-30
3818,EMB13,"DSM 17976, KCTC 12614",1,Runella defluvii,2827964551,15-40
,,,,,370973.3,
,,,,,GCA_014195535,
158549,HMF6543,"KCTC 52401, NBRC 112674, HME 6543",1,Wocania arenilitoris,GCA_021728535,30-Oct
170898,ATSA2,"KCTC 43072, CCTCC AB 2019223",1,Saccharibacillus brassicae,CP041217,15-37
,,,,,GCA_006542275,
140934,WLJ055,"CGMCC 1.15276, KCTC 33693",1,Saccharibacillus deserti,1634444.3,Oct-35
,,,,,2910436485,
,,,,,2910450206,
,,,,,GCA_013185225,
,,,,,GCA_013618475,
133027,JM-1350,"DSM 103533, CCM 8702, LMG 29710, CIP 111111",1,Saccharibacillus endophyticus,2060666.4,Oct-36
,,,,,2060666.5,4
,,,,,2910409337,
,,,,,GCA_013185185,
,,,,,GCA_014635605,
11668,HR1,"DSM 22868, CGMCC 1.6964, JCM 14865, KCTC 13182",1,Saccharibacillus kuerlensis,1123226.3,15-42
,,,,,2518645608,
,,,,,459527.3,
,,,,,GCA_000378145,
,,,,,GCA_014645255,
133208,H6,"CCTCC AB 2016001, JCM 31172",1,Saccharibacillus qingshengii,1763540.3,15-42
,,,,,2910445405,
,,,,,GCA_013185195,
11667,GR21,"DSM 19268, LMG 24085",1,Saccharibacillus sacchari,2512875015,Aug-40
,,,,,915437.3,Aug-40
,,,,,GCA_000585395,
3773,,"DSM 9555, ATCC 19072, IAM 14302, NCIMB 2218, JCM 21142, CECT 7602, CIP 104805, IFO 15936, LMG 1338, NBRC 15936",1,Saccharicrinis fermentans,1236536.3,15
,,,,,2509601038,5
,,,,,2576861787,
,,,,,869213.4,
,,,,,GCA_000517085,
,,,,,GCA_000583675,
13432,8,"DSM 44411, JCM 11761, NRRL B-24125, BCRC 16373, CIP 107429, CPCC 203285",1,Saccharomonospora halophila,2517093017,10
,,,,,928729.3,
,,,,,GCA_000383775,
13434,,"DSM 44619, CCRC 16315, CCTCC AA 001018, YIM 90007, JCM 13241, BCRC 16315, KCTC 9971, CIP 107982",1,Saccharomonospora iraqiensis subsp. paurometabolica,2510461000,Oct-37
,,,,,882084.3,
,,,,,GCA_000231035,
158719,06168H-1,"BCRC 16893, KCTC 19743",1,Saccharomonospora piscinae,2894090410,20-40
,,,,,GCA_005862235,
470,Feb-40,"DSM 17024, ATCC 43961, CCUG 66513",1,Saccharophagus degradans,203122.15,Apr-37
,,,,,637000249,
,,,,,GCA_000013665,
13467,"05-74, I05-00074","DSM 45119, CCM 7463, KCTC 19303, JCM 16610, CPCC 201024",1,Saccharopolyspora antimicrobica,2627854288,20-45
,,,,,455193.5,
,,,,,GCA_003635025,
13473,,"DSM 45582, CCTCC AA 207006, KCTC 19243, YIM 60513, JCM 30582, BCRC 16909",1,Saccharopolyspora gloriosae,2863061853,Oct-32
,,,,,455344.3,
,,,,,GCA_014203325,
13470,W12,"DSM 45556, CGMCC 4.3529, JCM 14613",0,Saccharopolyspora kobensis,2667527438,15-45
,,,,,418522.7,
,,,,,GCA_900112555,
13474,SR8.15,"DSM 45584, BCC 35844, NRRL B-24798, TISTR 1921, JCM 16708, NBRC 106097",1,Saccharopolyspora phatthalungensis,2863067949,18-42
,,,,,664693.1,
,,,,,GCA_000715915,
,,,,,GCA_014203395,
166478,H219,"TBRC 8564, NBRC 113388",1,Saccharopolyspora rhizosphaerae,2866552031,18-37
,,,,,GCA_003931915,
13469,strain 88,"DSM 45244, CGMCC 4.3530, JCM 14614",1,Saccharopolyspora shandongensis,2671180068,15-38
,,,,,418495.4,
,,,,,GCA_900106995,
167100,LZ-5,"KCTC 62460, CCTCC AB 2017232",1,Saccharospirillum alexandrii,GCA_004000275,4.0-40.0
,,,,,RCIP00000000,
14037,EL-105,"DSM 12546, CECT 5721, UCCCB5",1,Saccharospirillum impatiens,1123228.4,16-33
,,,,,2524614672,20
,,,,,GCA_000423605,
159727,HK-33,"KCTC 62178, MCCC 1K03440",1,Saccharospirillum mangrovi,2832912233,Oct-45
,,,,,GCA_003054775,
,,,,,GCA_003367315,
24542,YIM-Y25,"DSM 19800, KCTC 22169, CCTCC AA 207033, UCCCB26",1,Saccharospirillum salsuginis,418750.3,15
,,,,,GCA_014651855,15-50
13485,SA 233,"DSM 44581, NRRL B-24137, JCM 13242, NBRC 101915",1,Saccharothrix algeriensis,173560.4,18-45
,,,,,173560.5,
,,,,,2893654320,
,,,,,GCA_016907655,
24455,Sa152,"DSM 45456, CCUG 60213",1,Saccharothrix saharensis,2818991416,15-45
,,,,,571190.4,
,,,,,GCA_006716745,
13490,YU 692-1,"DSM 45084, KCTC 19326, NBRC 102064, JCM 16955",1,Saccharothrix violaceirubra,2863357390,15-30
,,,,,413306.3,
,,,,,GCA_014203755,
131262,F028-2,"DSM 102235, JCM 17627, KCTC 23543",1,Sagittula marina,2829988960,30-Apr
,,,,,943940.3,
,,,,,GCA_014196795,
160625,RR3-28,"DSM 107947, KCTC 52649",1,Salaquimonas pukyongi,GCA_001953055,20-35
5643,,"DSM 23515, KCTC 12560, KMM 7019, LMG 23205",1,Salegentibacter agarivorans,2622736526,Apr-41
,,,,,345907.6,
,,,,,GCA_900113135,
5640,Fg 69,"DSM 17794, CIP 107843, KMM 6000",1,Salegentibacter flavus,2599185209,Oct-35
,,,,,287099.4,15-30
,,,,,GCA_900115145,5
5641,,"DSM 23405, KMM 3524, LMG 21968, NBRC 100249, CIP 108846",1,Salegentibacter holothuriorum,241145.3,20.5
,,,,,2595698246,4.0-37
,,,,,GCA_900168045,30-May
5644,ISL-6,"DSM 23401, CCUG 54355, KCTC 12974",1,Salegentibacter salarius,2595698207,Apr-41
,,,,,435906.4,
,,,,,435906.5,
,,,,,435906.6,
,,,,,GCA_001752425,
,,,,,GCA_002833385,
,,,,,GCA_900168265,
5639,,"DSM 5424, ACAM 48, ATCC 51522, CCUG 33447, LMG 13193, CIP 104041",1,Salegentibacter salegens,143223.5,30-Oct
,,,,,2593339299,5
,,,,,GCA_003001895,
5645,ISL-4,"DSM 23400, CCUG 54354, KCTC 12975",1,Salegentibacter salinarum,2595698206,Apr-41
,,,,,447422.4,
,,,,,447422.5,
,,,,,GCA_002833365,
,,,,,GCA_900168115,
159784,K5023,"KCTC 52477, MCCC 1H00173",1,Salegentibacter sediminis,2839535834,16-37
,,,,,GCA_002078605,
169589,"Hel_I_6, Hel1_6",DSM 29408,0,Salegentibacter sp.,1250278.4,12
,,,,,GCA_000745315,
140592,JZ3C34,"KCTC 52047, MCCC 1K02288",1,Salibacter halophilus,1803916.3,20-50
,,,,,2614160.3,
,,,,,2886991845,
,,,,,GCA_008806325,
1246,BH 169,"DSM 16461, CIP 109218, KCTC 3912, DSM 28800",1,Salibacterium salarium,2926589328,15-40
1549,"HK 733), HK 733","DSM 20748, ATCC 49811, CCM 3517, IAM 12845, JCM 2574, CIP 104820, LMG 17430, NBRC 102360, VKM Ac-1949",1,Salimicrobium album,2617270835,15-37
,,,,,50717.3,5
,,,,,GCA_900107115,
1551,ISL-25,"DSM 23127, CCUG 56755, KCTC 13260, ISL -25",1,Salimicrobium flavidum,2681813511,Apr-40
,,,,,570947.3,
,,,,,GCA_900156645,
1830,SL014B-41A4,"DSM 22962, CGMCC 1.9161",1,Salinarimonas ramus,690164.3,Apr-50
,,,,,GCA_014645695,
1829,,"DSM 21201, CCTCC AA 208038, KCTC 22346, YIM YD3",1,Salinarimonas rosea,1123229.3,15-37
,,,,,2522572188,
,,,,,GCA_000429045,
17796,M31,"DSM 13855, CECT 5946, CIP 107417",1,Salinibacter ruber,309807.25,10
,,,,,309807.35,5
,,,,,637000250,
,,,,,GCA_000013045,
7488,,"DSM 16400, KCTC 9931, KMM 3673, JCM 12362, CIP 108377, IAM 15155, NBRC 100448",1,Salinibacterium amurskyense,205941.11,30-Oct
,,,,,205941.3,
,,,,,205941.4,
,,,,,2728369736,
,,,,,2839424328,
,,,,,GCA_002797685,
,,,,,GCA_003668745,
,,,,,GCA_014652955,
158492,194,"DSM 106171, CGMCC 1.16371",1,Salinibacterium hongtaonis,2079791.3,20
,,,,,2788500349,
,,,,,GCA_003065485,
7489,0543,"DSM 22272, CGMCC 1.5381, JCM 13926",1,Salinibacterium xinjiangense,386302.6,23-Apr
,,,,,GCA_014645015,10
,,,,,GCA_900230175,18-19
,,,,,,20
168453,WDS2A16A,"KCTC 52225, MCCC 1H00139",1,Salinibius halmophilus,GCA_003577475,20-40
,,,,,QPEP00000000,
14437,YIM-Y21,"DSM 19776, CCTCC AA 207024, KCTC 13192",1,Salinicoccus albus,1123230.3,May-40
,,,,,2519899640,
,,,,,GCA_000385175,
14428,T8,"DSM 16010, AS 1.2691, JCM 11311, ATCC BAA-722, CGMCC 1.2691, CIP 107622, KCTC 13928",1,Salinicoccus alkaliphilus,1123231.3,10
,,,,,2582580728,
,,,,,GCA_900142805,
14438,Crm,"DSM 23852, JCM 15796, KCTC 13301",1,Salinicoccus carnicancri,1235755.3,Apr-45
,,,,,2521172676,
,,,,,GCA_000330705,
14435,W24,"DSM 19336, CGMCC 1.6501",1,Salinicoccus halodurans,2687453789,Aug-43
,,,,,407035.5,
,,,,,GCA_900114445,
14426,J-82,"DSM 5352, ATCC 49259, CCM 4148, CCUG 43288, JCM 14631, CIP 104760, NCIMB 12836",1,Salinicoccus hispanicus,157225.3,Oct-41
,,,,,GCA_009831115,
14433,,"DSM 17847, CGMCC 1.6302, YIM Y15",1,Salinicoccus kunmingensis,2574179723,Apr-45
14431,,"DSM 17002, CGMCC 1.6511, JCM 19028, KCTC 3941, YIM 70202, CIP 109745",1,Salinicoccus luteus,1123233.3,Apr-45
,,,,,2565956509,
,,,,,GCA_000712035,
23290,ZXM223,"DSM 27102, CGMCC 1.8895, LMG 24855",1,Salinicoccus qingdaonensis,2667527445,16-42
,,,,,576118.3,
,,,,,GCA_900101075,
14427,9,"CCUG 43291, DSM 5351, ATCC 49258, CCM 3516, JCM 14630, CIP 104761, NCIMB 12835",1,Salinicoccus roseus,2786546135,Oct-41
,,,,,45670.1,
,,,,,45670.8,
,,,,,GCA_003814515,
,,,,,GCA_014634945,
166091,CPA62,"UCCCB97, CECT 9339, LMG 30108",1,Salinicola aestuarinus,GCA_003206645,15
166378,L3,"CGMCC 1.17272, KCTC 72572",1,Salinicola corii,GCA_008298015,Oct-42
166092,CPA92,"UCCCB98, CECT 9340, LMG 30109",1,Salinicola endophyticus,GCA_003206575,4
166090,CPA60,"UCCCB96, CECT 9338, LMG 30107",1,Salinicola halimionae,GCA_003206065,15
132891,CG4.1,"DSM 14325, CECT 5903, LMG 23626, UCCCB105, CG 4.1, CIP 109715",1,Salinicola halophilus,184065.3,15
,,,,,2894362263,15-45
,,,,,GCA_003206155,
166093,CR45,"UCCCB99, CECT 9341, LMG 30105",1,Salinicola halophyticus,GCA_003206695,4
166094,CR50,"UCCCB100, CECT 9342, LMG 30106",1,Salinicola lusitanus,2882432157,15
,,,,,GCA_003206045,
162296,DY22,"JCM 18795, CGMCC 1.12381, UCCCB104",1,Salinicola peritrichatus,1267424.3,4
,,,,,2882447294,
,,,,,GCA_003206715,
6080,M27,"DSM 18044, CIP 109895, KCTC 12664, UCCCB106",1,Salinicola salarius,2900689798,10
,,,,,430457.5,Oct-45
,,,,,GCA_002179555,
,,,,,GCA_003206135,
6081,SMB35,"DSM 19940, VKM B-2397, UCCCB107",1,Salinicola socius,2894301683,4
,,,,,404433.6,
,,,,,GCA_001937195,
,,,,,GCA_003206115,
140612,F01,"KCTC 42855, CCTCC AB 2015304",1,Salinicola tamaricis,2788500331,15-45
,,,,,GCA_003006155,
24516,ISL-46,"DSM 27842, CCUG 56758, KCTC 22485, ISL -46",1,Salinihabitans flavidus,2634166353,Apr-37
,,,,,569882.3,
,,,,,GCA_900110425,
5733,HY1,"DSM 23553, CGMCC 1.6101, JCM 14015, CIP 109554",1,Salinimicrobium catena,2617270763,15-42
,,,,,2622736500,
,,,,,390640.6,
,,,,,390640.7,
,,,,,GCA_900102915,
,,,,,GCA_900107495,
133600,,"KCTC 12719, LMG 25395, KMM 6270, KCTC 23286",1,Salinimicrobium marinum,680283.3,Apr-41
,,,,,GCA_014651535,
5735,YIM-C338,"DSM 17865, CGMCC 1.6308",1,Salinimicrobium terrae,1123234.4,Apr-37
,,,,,2522125157,
,,,,,GCA_000424665,
5734,BH206,"DSM 19287, KCTC 12883",1,Salinimicrobium xinjiangense,1123235.4,Oct-48
,,,,,2524023136,
,,,,,GCA_000423585,
471,"BH030046, 25.101","DSM 16280, KCTC 12239",1,Alteromonas chungwhensis,1123236.3,Oct-45
,,,,,2518645602,
,,,,,GCA_000378185,
159822,N102,"MCCC 1K03497, KCTC 62440., KCTC 62440",1,Alteromonas alterisediminis,2303538.3,Apr-40
167381,HMF8227,"KCTC 62462, NBRC 113230T, NBRC 113230",1,Saliniradius amylolyticus,GCA_003143555,15-42
17789,,"DSM 24264, CCTCC AB 2011132, JCM 17431, YIM 95161",1,Salinisphaera halophila,1051139.6,15-40
,,,,,GCA_003732545,
133949,YTM-1,"JCM 18087, CECT 8012",1,Salinisphaera japonica,1209778.3,30-Apr
,,,,,GCA_003788585,20
133667,MK-B5,"KCTC 23198, JCM 17073",1,Salinisphaera orenii,856730.3,Oct-40
,,,,,GCA_003788635,
8027,,"DSM 44819, ATCC BAA-917, CIP 108942, JCM 13856, CNH 643, BCRC 16821, NBRC 105043",1,Salinispora arenicola,168697.12,30-Oct
,,,,,168697.8,
,,,,,2814122978,
,,,,,GCA_000259615,
,,,,,GCA_006716065,
,,,,,GCA_018332675,
8026,,"DSM 44818, ATCC BAA-916, CIP 108943, JCM 13857, CNB 440, BCRC 16822, NBRC 105044",1,Salinispora tropica,GCA_000016425,30-Oct
17241,,"DSM 11403, ATCC 33508, NCIMB 701, CCUG 20305, JCM 15095, BCRC 12910, CAIM 910, CCM 3575, CECT 4059, CGMCC 1.2322, CIP 103310, LMG 11651, LMG 6460, NCCB 77008",1,Vibrio costicola,1269942.3,15-37
,,,,,1269942.6,5
,,,,,2551306522,
,,,,,2579778798,
,,,,,GCA_000390145,
,,,,,GCA_000565345,
17242,DV,"DSM 8285, CAIM 735, JCM 15096, CIP 106635, LMG 23654, NCIMB 13669",1,Salinivibrio costicola subsp. vallismortis,GCA_001996225,May-41
17245,AF-2004,"DSM 19052, CIP 109598",1,Salinivibrio proteolyticus,2834265729,Oct-45
,,,,,GCA_001996165,
17246,ND1-1,"DSM 26187, JCM 14472, PCU 301, TISTR 1810",1,Salinivibrio siamensis,2791354968,Oct-47
,,,,,GCA_001996005,
1120,"PN 105, AC 13","DSM 8721, ATCC 700163, CIP 105302",1,Salipaludibacillus agaradhaerens,2890278133,Oct-45
,,,,,76935.4,
,,,,,GCA_002019735,
140829,S9,"KCTC 33633, LMG 28644",1,Salipaludibacillus aurantiacus,GCA_900111295,20-45
1293,,"DSM 19794, CCTCC AB 207161, KCTC 13187, JSM 071004",1,Salipaludibacillus neizhouensis,2831550946,30-Apr
,,,,,2890125685,30-Apr
,,,,,885475.3,
,,,,,885475.4,
,,,,,GCA_002886185,
,,,,,GCA_003615245,
13660,CK-I3-6,"DSM 26424, CCTCC AB 209064, LMG 25230, MCCC 1A03060",1,Salipiger marinus,2615840707,Apr-38
,,,,,555512.3,
,,,,,GCA_900100085,
13790,A3,"DSM 16094, CECT 5855, LMG 22090, CIP 108570",1,Salipiger mucosus,1123237.3,15-41
,,,,,2523231081,20-40
,,,,,GCA_000442255,5
1546,CVS-14,"DSM 19612, CIP 108577, LMG 22839",1,Salirhabdus euzebyi,2861401915,10
,,,,,394506.4,15
,,,,,GCA_014207435,15-50
1571,halo-2,"DSM 26530, CGMCC 1.7654, NBRC 104935",1,Salisediminibacterium halotolerans,2684623023,18-50
,,,,,2786546144,
,,,,,517425.3,
,,,,,517425.4,
,,,,,517425.5,
,,,,,GCA_003814815,
,,,,,GCA_007988985,
,,,,,GCA_007993825,
23765,X4B,"DSM 27696, IBRC-M 10629, KCTC 13827",1,Saliterribacillus persicus,2770939512,20-45
,,,,,930114.3,
,,,,,GCA_003337485,
134658,,"CIP 55.39, NCTC 8387",0,Salmonella enterica,2654587551,Oct-41
,,,,,54388.72,5
139672,,"CIP 104220, ATCC 10708, ETS 34",0,Salmonella enterica,2568526425,10
,,,,,938142.3,5
,,,,,GCA_000487295,
5127,,"DSM 9386, ATCC 13314, CIP 8230, NCTC 8297, CCUG 6322, JCM 1654, BCRC 10742, CIP 82.30, KCTC 12398, LMG 10757",1,Salmonella enterica subsp. arizonae,59203.8,10
,,,,,GCA_008692845,5
,,,,,GCA_016029385,
,,,,,GCA_900456225,
5117,LT2,"DSM 17058, ATCC 43971, CIP 60.62, NCIMB 11450, NCTC 12416, CCUG 42060, JCM 32817, NBRC 13245",1,Salmonella enterica subsp. enterica,28901.13769,10
,,,,,59201.937,5
,,,,,99287.12,
,,,,,GCA_000006945,
,,,,,GCA_001558355,
,,,,,GCA_002289225,
,,,,,GCA_010191885,
,,,,,GCA_010649825,
,,,,,GCA_014334155,
,,,,,GCA_900456445,
5107,Mutton,"DSM 5569, ATCC 13311, CCM 7933, NCTC 74, WDCM 00121, JCM 1652, CIP 58.58, NBRC 105726, CCUG 11732, CECT 443, LMG 10396",0,Salmonella enterica,1236523.3,10
,,,,,2597490268,5
,,,,,2609460093,
,,,,,90371.2767,
,,,,,90371.688,
,,,,,GCA_000614485,
,,,,,GCA_000743055,
5116,1348,"DSM 14846, ATCC 13312, CIP 55.133, CIP 58.57, NCTC 5735, JCM 1651, CECT 915, NBRC 105684, CCUG 49677",0,Salmonella enterica subsp. enterica,119912.46,Oct-41
,,,,,2756170275,5
,,,,,28901.13771,
,,,,,28901.4074,
,,,,,GCA_003201315,
,,,,,GCA_900456705,
5118,K-1891,"DSM 17420, ATCC 13076, DSM 9898, WDCM 00030, CDC K-1891, CIP 82.97, CCM 7189, NCTC 12694, LMG 10395, CECT 4300",0,Salmonella enterica,149539.44,10
,,,,,2744054643,5
,,,,,28901.13773,
,,,,,GCA_001643395,
5120,,"DSM 19587, ATCC 14028, CDC 6516-60, CIP 104115, NCTC 12023, WDCM 00031, CCUG 31969, CCM 7205, LMG 14933, NCIMB 13284, CECT 4594",0,Salmonella enterica subsp. enterica,90371.1183,10
,,,,,90371.2144,5
,,,,,90371.303,
,,,,,90371.3058,
,,,,,90371.4838,
,,,,,GCA_001997115,
,,,,,GCA_003864015,
,,,,,GCA_016864495,
,,,,,GCA_024722435,
,,,,,GCA_028596185,
5123,264-66,"DSM 9221, ATCC 43974, CIP 82.32, NCTC 10401, CCUG 30041, JCM 1655, ATCC 29834, BCRC 15578, KCTC 12399, NCTC 12418",1,Salmonella enterica subsp. houtenae,58100.3,Oct-41
,,,,,59205.13,5
,,,,,GCA_008692755,
,,,,,GCA_900478215,
,,,,,GCA_900706745,
5129,1240,"DSM 14848, ATCC 43976, CIP 102501, CCUG 30038, NCTC 12420",1,Salmonella enterica subsp. indica,GCA_014306235,Oct-41
,,,,,GCA_018033035,5
,,,,,GCA_025176875,
5124,72,"CCUG 30039, DSM 9220, ATCC 43972, CIP 82.29, NCTC 5773, JCM 1653, ATCC 6959, BCRC 15450, CECT 4000, NCTC 2206",1,Salmonella enterica subsp. salamae,59202.18,Oct-41
,,,,,GCA_003120605,5
,,,,,GCA_008692775,
,,,,,GCA_016029065,
,,,,,GCA_900635535,
1548,CH9d,"DSM 18087, CCM 7365, CECT 7154, CGMCC 1.6287",1,Salsuginibacillus kocurii,1123239.3,20-50
,,,,,2517572235,
,,,,,GCA_000377705,
5131,M601,"DSM 16730, CFBP 5236, ICMP 13937, CIP 107322",1,Samsonia erythrinae,160434.3,10
,,,,,2791354868,5
,,,,,GCA_004342665,
166298,FSY-15,"BCRC 81011, LMG 29732, KCTC 52445",1,Sandaracinomonas limnophila,2829520394,20-30
,,,,,GCA_004005965,
17885,NOSO-4,"DSM 53668, NCCB 100362",1,Sandaracinus amylolyticus,2811994803,20-44
,,,,,927083.3,
,,,,,GCA_000737325,
158620,TH057,"CGMCC 1.15803, LMG 30294",1,Sandarakinorhabdus cyanobacteriorum,2826983331,20-37
,,,,,GCA_002251755,
14167,so42,"DSM 17366, CECT 7086, CIP 109260",1,Sandarakinorhabdus limnophila,1123240.13,15
,,,,,1123240.14,
,,,,,1123240.15,
,,,,,1123240.16,
,,,,,1123240.17,
,,,,,1123240.18,
,,,,,1123240.19,
,,,,,1123240.4,
,,,,,2523231034,
,,,,,GCA_000420765,
14042,,"DSM 18966, JCM 14623, KCTC 13143, Kopri 21702",1,Sanguibacter antarcticus,2627853609,30-Apr
,,,,,372484.4,
,,,,,GCA_002564005,
133099,ISLP-3,"DSM 100501, ATCC TSD-17, JCM 30887",1,Sanguibacter gelidistatuariae,2657245272,Mar-35
,,,,,GCA_900096585,
14038,ST-74,"DSM 10542, ATCC 51767, CECT 4540, NCFB 3025, CCUG 36690, JCM 11429, CGMCC 1.3608, CIP 106323, IFO 16158, NBRC 16158, NCIMB 703025",1,Sanguibacter keddieii,446469.6,30-Oct
,,,,,646564565,
,,,,,GCA_000024925,
14039,ST-26,"DSM 10543, NCFB 3023, CCUG 36691, JCM 11430, ATCC 51766, CECT 4539, CGMCC 1.3609, CIP 106322, IFO 16159, NBRC 16159, NCIMB 703023",1,Sanguibacter suarezii,1223525.3,30-Oct
,,,,,2731957599,
,,,,,GCA_001552735,
158825,"TSD-72, RKSG058",LMG 29871,1,Sansalvadorimonas verongulae,2886429779,15-42
,,,,,GCA_009711465,
140375,,"DSM 29762, CIP 110873, MOLA 117",1,Saonia flava,2830092112,15-30
,,,,,523696.3,4
,,,,,GCA_011927795,
168376,SA-152,"DSM 29805, NCAIM B.02613T, NCAIM B.02613",1,Sapientia aquatica,1549640.3,20-25
,,,,,GCA_004358105,30-Apr
,,,,,SKCI00000000,
,,,,,SMYL00000000,
184,"R10394, 1010306","DSM 15803, CCUG 44997, CIP 107323",1,Schaalia cardiffensis,181487.5,10
,,,,,GCA_016405145,
162,D145A-07,"DSM 6843, ATCC 49285, CCUG 32935, VPI D145A-07, CIP 104749, VPI D145A-7",1,Schaalia georgiae,1120942.4,10
,,,,,2523231019,
,,,,,GCA_000429245,
170,BM 1192/5,"DSM 10695, ATCC 51367, CIP 103923, NCFB 2983, CCUG 35604, CCUG 35715",1,Schaalia hyovaginalis,2870625619,10
,,,,,29316.4,
,,,,,GCA_014208035,
161,,"CCUG 21024, LMG 16161, DSM 20733, ATCC 35568, CIP 103148, VPI 8617, PIP 2477B",1,Schaalia meyeri,2634166153,10
,,,,,52773.4,
,,,,,52773.8,
,,,,,GCA_900105015,
155,"2A.10, X363","DSM 19120, ATCC 17929, CCUG 20536, DSM 43760, JCM 14871, NCTC 9935, CCM 4740, CIP 101124, LMG 18080",1,Schaalia odontolytica,1660.24,10
,,,,,2811995233,
,,,,,GCA_900445025,
168,APL1,"DSM 9169, ATCC 51856, CCUG 32394, CIP 105358",1,Schaalia radingae,131110.4,10
,,,,,2630968294,
,,,,,GCA_900106055,
182,SVA 489II,"DSM 15538, CCUG 39276, CIP 106779, KCTC 19918",1,Schaalia suimastitidis,1120946.3,10
,,,,,2523231055,
,,,,,GCA_000429105,
185,R10176,"DSM 15804, CCUG 46091, CIP 107423",1,Schaalia vaccimaxillae,1120947.3,10
,,,,,2523533527,
,,,,,GCA_000420425,
599,"1, BAI","CCUG 28517, NRRL B-14310, DSM 1046, ATCC 29788, CCM 2849, CIP R925, JCM 12210, BCRC 15923, BCRC 16018, CIP 77.28, HAMBI 1884, IFO 15712, KCTC 3447, LMG 9581, NBRC 15712, NCCB 93150, NCIMB 11859, NRRL B-14522",1,Schinkia azotoformans,1131731.3,10
,,,,,2524023181,4
,,,,,GCA_000307855,
24131,LY-73,"DSM 28193, CCTCC M 2011481, KACC 16878",1,Schleiferilactobacillus shenzhenensis,GCA_000469325,15-45
11945,,"DSM 18645, MPL 7",1,Schlesneria paludicola,1123242.1,20.5
,,,,,1123242.11,Apr-32
,,,,,1123242.3,
,,,,,1123242.8,
,,,,,1123242.9,
,,,,,2548877001,
,,,,,GCA_000255655,
,,,,,GCA_945862235,
,,,,,GCA_945869955,
,,,,,GCA_945876035,
13510,,"DSM 45152, CCTCC AA 208009, KCTC 19433, SCSIO 00231, JCM 16222, NBRC 106527",1,Sciscionella marina,1123244.5,Oct-37
,,,,,2515154143,
,,,,,GCA_000379465,
133011,ZQ18-1,"DSM 28236, CICC 10824",1,Scopulibacillus daqui,1469162.3,20-60
,,,,,2901206664,
,,,,,GCA_016908855,
6436,"Cl3a, C13a","DSM 20515, ATCC 27612, NCIB 10925, CCUG 32259, NCIMB 10925, JCM 1123, BCRC 11649, CECT 922, CIP 103008, LMG 11717, LMG 9194, NBRC 107765, NCFB 2805, NCDO 2746",1,Secundilactobacillus collinoides,1423733.3,15-30
,,,,,1423733.4,
,,,,,2663762609,
,,,,,2734481918,
,,,,,GCA_001312845,
,,,,,GCA_001435975,
6697,,"DSM 19909, BCRC 17810, JCM 15043, YIT 11304, LMG 30911",1,Secundilactobacillus odoratitofui,1423776.3,15-40
,,,,,1423776.4,
,,,,,2671180363,
,,,,,2734481935,
,,,,,GCA_001313185,
,,,,,GCA_001434895,
24133,,"DSM 26518, JCM 18671, KCTC 21047, SG 293, CIP 110586",1,Secundilactobacillus oryzae,1291743.3,Apr-45
,,,,,1291743.4,
,,,,,2728369689,
,,,,,GCA_000740055,
,,,,,GCA_001311525,
6596,LA2,"DSM 15502, JCM 11969, BCRC 80778, CIP 108394, LMG 22473, VTT E-042481",1,Secundilactobacillus paracollinoides,1423785.3,10
,,,,,1423785.4,15-30
,,,,,2671180263,
,,,,,2728369671,
,,,,,GCA_001311135,
,,,,,GCA_001435115,
140409,IWT5,"DSM 102973, JCM 31144, LMG 30917",1,Secundilactobacillus silagincola,GCA_002583405,Oct-37
6694,M36,"DSM 23365, JCM 2765, LMG 23904, BCRC 80777, CIP 110209",1,Secundilactobacillus similis,1423804.3,15-37
,,,,,1423804.4,
,,,,,2700989125,
,,,,,2728369669,
,,,,,GCA_001311075,
,,,,,GCA_001436595,
132448,MO-SEDI,"DSM 24004, JCM 17293",1,Sedimentibacter acidaminivorans,2913419208,Apr-37
,,,,,913099.3,
,,,,,GCA_017873955,
13671,NH52F,"DSM 24252, CCTCC AB 208316, LMG 24841, MCCC 1A04178",1,Sedimentitalea nanhaiensis,2521172577,Apr-37
,,,,,571166.3,
,,,,,GCA_000473225,
1556,"NHBX-5, NHBX5","DSM 19340, CGMCC 1.6502, CIP 110033",1,Sediminibacillus albus,2675902963,Oct-45
,,,,,407036.4,
,,,,,GCA_900101125,
1555,EN8d,"DSM 18088, CCM 7364, CECT 7148, CGMCC 1.6199",1,Sediminibacillus halophilus,2675902964,15-55
,,,,,482461.3,
,,,,,GCA_900103695,
169659,"Hel_I_10, Hel1_10",DSM 29656,0,Sediminibacter sp.,1392490.5,15
,,,,,GCA_000688335,
24737,,"DSM 22335, JCM 15794, KCTC 12833, DCY 13, KACC 15019",1,Sediminibacterium ginsengisoli,2634166300,15-40
,,,,,413434.4,
,,,,,GCA_900167075,
158552,SYL130,"KCTC 52860, CCTCC AB 2017082",1,Sediminibacterium roseum,2890365098,Apr-37
,,,,,GCA_009939005,
24736,NJ-44,"DSM 27476, CGMCC 1.6845, NBRC 103935",1,Sediminibacterium salmoneum,1400522.3,18-37
,,,,,2585428137,
,,,,,GCA_000511175,
13849,,"DSM 21189, CCTCC AA 208033, KCTC 22349, YIM B024",1,Sediminimonas qiaohouensis,1123247.3,15-37
,,,,,2523533612,
,,,,,GCA_000423645,
131161,"Mok-1-85, MOK1-85","DSM 28229, CIP 109411, KCTC 12970, NBRC 101625",1,Sediminitomix flava,2695420929,15-40
,,,,,379075.3,
,,,,,GCA_003149185,
140907,F23,"JCM 19771, CGMCC 1.12785, MCCC 1A09945",1,Sediminivirga luteola,1774748.3,Apr-55
,,,,,GCA_014639315,
,,,,,GCA_021729215,
12558,KB7,"DSM 17968, JCM 13650, KCTC 15702",1,Prevotella paludivivens,1122990.3,Oct-40
,,,,,1236488.3,
,,,,,2515154072,
,,,,,2585427906,
,,,,,GCA_000373185,
,,,,,GCA_000613605,
133588,6424S-61,"KACC 14119, NBRC 106135",1,Segetibacter aerophilus,670293.3,15-30
,,,,,GCA_007991655,
17760,GS664,"DSM 18137, KCTC 12655, Gsoil 664, CIP 109820",1,Segetibacter koreensis,1123248.3,15-30
,,,,,2516143113,
,,,,,GCA_000374045,
140337,YJ01,"DSM 25312, KACC 19547, NBRC 113173",1,Segeticoccus rhizosphaerae,1104777.4,Oct-37
,,,,,GCA_009192725,
14050,,"DSM 44985, ATCC BAA-972, CDC 1076, CIP 108378, JCM 13578, CCUG 50837",1,Segniliparus rotundus,640132.3,10
,,,,,646564566,
,,,,,GCA_000092825,
14052,,"DSM 45345, ATCC BAA-974, CCUG 50838, CDC 945, CIP 108380, JCM 13579",1,Segniliparus rugosus,679197.3,10
,,,,,GCA_000185725,
23885,S4,"DSM 24984, ATCC BAA-2290",1,Seleniivibrio woodruffii,1078050.3,20-37
,,,,,2602042075,
,,,,,2756170311,
,,,,,GCA_004339245,
,,,,,GCA_007827295,
140808,NF48,"MCCC 1K01157, KCTC 42650",1,Seohaeicola zhoushanensis,1569283.3,Oct-40
,,,,,GCA_014656415,
141085,Gy8,"KCTC 42396, CICC 23816",1,Seonamhaeicola algicola,2889980415,Oct-40
,,,,,GCA_007997385,
158553,B011,"MCCC 1H00146, NBRC 112333",1,Seonamhaeicola marinus,2890181994,Oct-40
,,,,,GCA_008085455,
166320,W255,"MCCC 1H00377, KCTC 72085",1,Seonamhaeicola sediminis,GCA_004358095,15-37
168195,GH4-78,"DSM 106349, KCTC 62383",1,Seongchinamella unica,GCA_004354085,Oct-40
,,,,,SMSE00000000,
1681,Kis4-28,"DSM 21801, NBRC 104924",1,Serinibacter salmoneus,2627853598,Oct-37
,,,,,556530.3,
,,,,,GCA_002563925,
6283,JC1078,"DSM 15273, IMSNU 14026, KCTC 9980, CCUG 51944, JCM 13024, CIP 108477",1,Serinicoccus marinus,1123251.1,10
,,,,,1123251.3,Oct-35
,,,,,2524614805,15
,,,,,GCA_000421245,
,,,,,GCA_008386315,
6284,0714S6-1,"DSM 21363, CGMCC 4.5582, NBRC 110789, MCCC 1A05965, JCM 17740",1,Serinicoccus profundi,1078471.4,Oct-35
,,,,,2884004160,
,,,,,GCA_000224715,
,,,,,GCA_008001015,
164370,GP-T3-3,"JCM 32825, KACC 19850, KCCM 43309, KCTC 49173",1,Serinicoccus sediminis,2866608699,Apr-45
,,,,,GCA_004153545,
5164,A1,"CCUG 55496, LMG 8456, KCTC 2934, NCIMB 12800, BCRC 15867, DSM 12358, ATCC 43705, CIP 102919",1,Serratia entomophila,GCA_021462285,May-37
5133,"2.78, 2-78, CUEMT 77-165","DSM 4576, ATCC 29844, CIP 78.64, CUETM 77.165, JCM 1242, BCRC 14810, CCM 3407, CCUG 14186, CCUG 37824, CUETM 77-165, IAM 13541, LMG 7882, NBRC 102597, NCTC 12965, IAM 1242",1,Serratia fonticola,1378072.3,May-41
,,,,,2602041585,
,,,,,2636415821,
,,,,,47917.36,
,,,,,47917.8,
,,,,,GCA_000469035,
,,,,,GCA_001006005,
,,,,,GCA_901482655,
5161,"866, 1284-57","DSM 4487, ATCC 27592, CDC 57, CCUG 9285, ATCC 12926, LMG 7884, CIP 103238, JCM 1245, NCIMB 12815",1,Serratia liquefaciens,1346614.25,May-41
,,,,,1346614.3,
,,,,,2563366574,
,,,,,GCA_000422085,
5165,"BS 303, 504","DSM 30121, ATCC 13880, CCM 303, DSM 47, NCDC 813-60, NCIB 9155, NCTC 10211, CCUG 1647, JCM 1239, BCRC 10948, CDC 813-60, CECT 846, CGMCC 1.2818, CIP 103235, HAMBI 1286, IAM 12142, KCTC 12457, LMG 2792, NBRC 102204, NCIMB 9155, NRRL B-2544, VKM B-1248, VTT E-97865",1,Serratia marcescens,2588253790,10
,,,,,2617271293,5
,,,,,615.1,
,,,,,615.738,
,,,,,911022.27,
,,,,,911022.31,
,,,,,911022.32,
,,,,,911022.4,
,,,,,911022.41,
,,,,,911022.42,
139473,8K,"CIP 103959, ATCC 14041, NRRL B-1481",0,Serratia marcescens,2579778661,Oct-41
,,,,,615.95,5
,,,,,GCA_000695485,
5167,KRED,"DSM 17174, CIP 107489, JCM 11315, CCUG 53879, CCM 7122",1,Serratia marcescens,211760.18,Oct-41
,,,,,GCA_004684145,5
5168,DZ0503SBS1,"DSM 21420, CGMCC 1.6853, DSM 22964, KCTC 22130, JCM 14855, LMG 26067, CCM 7985, CIP 111051",1,Serratia nematodiphila,2596583578,Apr-42
,,,,,458197.16,
,,,,,458197.4,
,,,,,GCA_000738675,
,,,,,GCA_002082525,
,,,,,GCA_900101535,
5150,1073,"DSM 4582, ATCC 33077, CDC 1979-77, CIP 79.01, ICPB 3995, NCTC 11214, CCUG 14508, CECT 867, JCM 1243, BCRC 12223, CCM 3388, CIP 79.1, IAM 13542, NBRC 102598",1,Serratia odorifera,618.6,May-41
,,,,,647000312,
,,,,,667129.3,
,,,,,GCA_000163595,
,,,,,GCA_900635445,
140703,J11-6,"ACCC 19934, KCTC 52529",1,Serratia oryzae,2791355148,Oct-45
,,,,,GCA_001976145,
5151,"Grimont 510, 510","CCUG 14509, DSM 4540, ATCC 183, CCM 640, JCM 1244, BCRC 12224, CIP 103239, IAM 13543, LMG 7886, NBRC 102599, NCTC 12961, UCCCB109",1,Serratia plymuthica,1218095.3,Oct-41
,,,,,2731957629,5
,,,,,82996.23,
,,,,,82996.52,
,,,,,GCA_001590925,
,,,,,GCA_900478125,
5156,"C 50, HRO-C50",DSM 22907,0,Serratia plymuthica,82996.56,20
156380,,"CCUG 61398, UCCCB111, SLU AS13, AS 13",0,Serratia plymuthica,GCA_000214805,4
5159,"864, 2199-72","DSM 4480, ATCC 27593, JCM 1240, BCRC 13990, CCUG 10981, CECT 868, CIP 103234, IAM 13545, LMG 5019, NBRC 103169, NCTC 12971",1,Serratia rubidaea,1218096.3,10
,,,,,2645727870,5
,,,,,2731957709,
,,,,,61652.34,
,,,,,61652.4,
,,,,,GCA_001304675,
,,,,,GCA_001598675,
5166,,"DSM 16952, CCUG 50595, LMG 22860, NIVA NiVa51, JCM 13046, BCRC 17594, CCM 7336, CIP 108937, JCM 16474, NiVa 51",1,Serratia ureilytica,300181.29,Aug-43
,,,,,GCA_013375155,
14076,c941,"DSM 17171, JCM 13041, CIP 109339",1,Shewanella abyssi,GCA_023284025,18-Feb
,,,,,,10
134072,,"KACC 16187, JCM 17801, SC 18",1,Shewanella aestuarii,1028752.7,Apr-37
,,,,,GCA_014647215,
,,,,,GCA_023283685,
14062,OK-1,"DSM 9167, ATCC 51192, IAM 14159, NCIMB 13178, CCUG 39064, JCM 21037, BCRC 80907, CIP 106454, NBRC 103173",1,Shewanella algae,1236544.3,20
,,,,,1236544.7,May-41
,,,,,2585427912,
,,,,,2731957717,
,,,,,38313.84,
,,,,,GCA_000615045,
,,,,,GCA_001598875,
,,,,,GCA_012396675,
138792,,"CIP 103562, ATCC 49138",0,Shewanella algae,38313.158,10
,,,,,GCA_019670525,5
132976,ST-6,"DSM 23803, JCM 31091, KCTC 23253",1,Shewanella algicola,640633.4,20
,,,,,GCA_014648035,30-Apr
,,,,,GCA_023283725,
134224,S13,"LMG 23746, NBRC 102032",1,Shewanella algidipiscicola,2834769631,Apr-37
,,,,,614070.1,
,,,,,614070.4,
,,,,,GCA_003605125,
,,,,,GCA_019655175,
134489,SB2B,"CIP 105786, ATCC 700329",1,Shewanella amazonensis,326297.1,May-41
134099,SW-120,"KCCM 41821, JCM 12193, CIP 108633, KCTC 22430",1,Shewanella aquimarina,GCA_023349185,10
,,,,,,Oct-42
,,,,,,5
133709,IR 12,"KCTC 23109, JCM 16723",1,Shewanella frigidimarina,1659315.3,20
,,,,,GCA_003797125,28-Apr
14081,HAW-EB5,"CIP 109519, DSM 18400, CCUG 54554, NCIMB 14239",1,Shewanella atlantica,2900429846,25-Apr
,,,,,GCA_003966265,10
14064,,"DSM 9439, CECT 323, IAM 1477, LMG 2250, NCTC 10735, CCUG 39356, JCM 16449, CIP 105850, AJ 2258",1,Shewanella baltica,2855995563,30-May
,,,,,62322.8,
,,,,,GCA_900456975,
134352,J83,"KCTC 22121, JCM 14937",1,Shewanella basaltis,GCA_023283885,Apr-45
14061,"UM 145, W 145","DSM 8812, ATCC 43992",1,Shewanella benthica,43661.7,4
,,,,,GCA_015069875,
,,,,,GCA_023284085,
14080,HAW-EB2,"DSM 18399, CCUG 54553, NCIMB 14238, CIP 109520",1,Shewanella canadensis,2902540964,25-Apr
,,,,,GCA_003966225,10
158312,08MAS2251,"DSM 104682, CGMCC 1.16033",1,Shewanella carassii,1987584.4,Oct-42
,,,,,2791355117,
,,,,,GCA_002777975,
,,,,,GCA_014644375,
14085,"F5, fav-2-10-05","DSM 21332, CIP 110229, LMG 24563",1,Shewanella corallii,GCA_023349125,Oct-37
14068,OS217,"DSM 15013, LMG 21692, CIP 107825",1,Shewanella denitrificans,2524023135,20-25
,,,,,318161.16,30-May
,,,,,GCA_000013765,
23252,UDC329,"DSM 23626, KCTC 22898, CCUG 58667",0,Shewanella dokdonensis,712036.3,Oct-40
,,,,,GCA_018394335,
,,,,,GCA_023283565,
134204,LT17,"KCTC 10635BP, JCM 12524, CIP 109543",1,Shewanella donghaensis,238836.3,22-May
,,,,,GCA_007567505,17
131426,,"DSM 24955, ATCC BAA-2408, MAR 441",1,Shewanella electrodiphila,GCA_023283985,15
141062,RZB5-4,"JCM 30804, KCTC 42663, MCCC 1K00697",1,Shewanella gelidii,1642821.3,Apr-32
,,,,,GCA_014647855,
,,,,,GCA_023283645,
134225,T147,"LMG 23744, NBRC 102030, CIP 109509",1,Shewanella glacialipiscicola,GCA_019655235,30-Apr
,,,,,GCA_023283485,
14078,"A22-B3, HAW-EB4","DSM 17350, CIP 109778, NCIMB 14093",1,Shewanella halifaxensis,458817.8,25-Apr
,,,,,641522648,10
,,,,,GCA_000019185,15
,,,,,,15-22
134289,DW01,"KCTC 12896, JCM 14758, BCRC 80906",1,Shewanella algae,1236541.3,Oct-42
,,,,,2565956593,
,,,,,GCA_000614935,
14060,281,"DSM 6066, ATCC 33224, CCUG 16097, JCM 20706, ACAM 540, CIP 103207, IAM 12641, LMG 19004, LMG 2868, NBRC 102223, NCIMB 2157",1,Shewanella hanedai,25.17,14
,,,,,25.8,15
,,,,,GCA_007197645,22-May
,,,,,GCA_014647575,
133273,KX27,"KCTC 42807, CGMCC 1.15339",1,Shewanella inventionis,1738770.3,4
,,,,,GCA_014641855,4.0-37.0
,,,,,GCA_023283595,
14075,c931,"DSM 17170, JCM 11836, CIP 109340, KCTC 22439",1,Shewanella kaireitica,GCA_023284045,28-Feb
159740,MMS16-UL482,"KCTC 62129, JCM 32306",1,Shewanella litoralis,2282700.5,30-Apr
,,,,,2282700.8,
,,,,,2900453558,
,,,,,GCA_009828585,
,,,,,GCA_014648335,
134647,,"CIP 107390, CECT 5933, LMG 19866",1,Shewanella livingstonensis,150120.4,15
,,,,,2841636228,10-May
,,,,,GCA_003855395,
133464,C4,"KCTC 22185, JCM 15074, CIP 110022",1,Shewanella marina,1236542.4,4.0-37
,,,,,2585427913,
,,,,,GCA_000614975,
138538,IK-1,"CIP 107954, LMG 21403, JCM 11558, CGMCC 1.8460, KCTC 22440",1,Shewanella marinintestina,GCA_023283845,30-May
134098,SW-117,"KCCM 41822, JCM 12192, CIP 108637, KCTC 22432",1,Shewanella marisflavi,GCA_023283925,Apr-42
,,,,,,Oct-37
,,,,,,5
164505,D4-2,"JCM 33294, KCTC 72040",1,Shewanella maritima,2520507.3,Oct-36
,,,,,CP036200,
,,,,,GCA_004295345,
137562,ACEM9T,"CIP 107450, LMG 21437, ACAM 644",1,Shewanella olleyana,GCA_023283825,30-May
136795,MR-1,"CIP 106686, ATCC 700550, VKPM B-9861, JCM 31522, BCRC 17276, LMG 19005, NCIMB 14063",1,Shewanella oneidensis,GCA_000146165,30-May
139497,ANG-SQ1,"CIP 106450, ATCC 700345",1,Shewanella pealeana,398579.7,30-May
,,,,,641228508,
,,,,,GCA_000018285,
134207,WP3,"JCM 13877, CGMCC 1.6160",1,Shewanella piezotolerans,225849.4,0-28
,,,,,643348575,15-20
,,,,,GCA_000014885,
134152,SCRC-2738,"JCM 13187, NCIMB 14060, CGMCC 1.8482, CIP 109027, KCTC 23973",1,Shewanella pneumatophori,651717154,Apr-32
,,,,,GCA_023283895,
14072,LT13a,"DSM 15900, JCM 12080, CIP 108671, KCTC 22433",1,Shewanella profunda,GCA_023283765,Apr-37
,,,,,,May-37
164190,M2,"JCM 32090, KCCM 43257",1,Shewanella psychromarinicola,GCA_003855155,15-Oct
,,,,,GCA_023283865,15
,,,,,,20-Apr
164189,,"JCM 32089, KCCM 43258",0,Shewanella psychromarinicola,GCA_003797165,15
134206,WP2,"JCM 13876, CGMCC 1.6159",1,Shewanella psychrophila,225848.8,0-20
,,,,,2579779173,15-Oct
,,,,,GCA_002005305,
14054,95,"DSM 6067, ATCC 8071, ICPB 352, NCIB 10471, CCUG 13452 D, JCM 20190, CCUG 13452, CECT 331, CIP 80.40, IAM 12079, IAM 1509, IFO 3908, JCM 9294, LMG 2268, NBRC 3908, NCIMB 10471, NCTC 12960",1,Shewanella putrefaciens,1236543.3,5
,,,,,1236543.4,
,,,,,24.42,
,,,,,24.44,
,,,,,2585427914,
,,,,,2731957646,
,,,,,GCA_000615005,
,,,,,GCA_001591325,
,,,,,GCA_014647555,
,,,,,GCA_016406325,
14053,,"DSM 1818, ATCC 12099, IAM 1510, NCIB 8786, NCTC 10695, JCM 20191, NCIMB 8768, CIP 59.28",0,Shewanella putrefaciens,24.14,May-37
,,,,,2823267113,
,,,,,GCA_900457065,
138539,SM2-1,"CIP 107955, LMG 21408, JCM 11563, CGMCC 1.8481",1,Shewanella sairae,190310.3,20
,,,,,GCA_019655015,25-May
,,,,,GCA_023283535,
170937,SHSM-M6,"KACC 19901, NBRC 113646",1,Shewanella salipaludis,GCA_012911865,30-Apr
,,,,,JAAXYH000000000,
159741,MMS16-UL250,"KCTC 62131, JCM 32304",1,Shewanella saliphila,2282698.3,30-Apr
,,,,,GCA_014648295,
,,,,,GCA_023283695,
138537,HRKA1,"CIP 107953, LMG 21406, JCM 11561, CGMCC 1.8480",1,Shewanella schlegeliana,190308.3,30-May
,,,,,190308.4,
,,,,,GCA_016765635,
,,,,,GCA_019654995,
,,,,,GCA_023283605,
14074,"A010-1, HAW-EB3","DSM 17055, CIP 109531, NCIMB 14036, CIP 108924",1,Shewanella sediminis,425104.7,25-Apr
,,,,,640753050,10
,,,,,GCA_000018025,20-Oct
,,,,,,15
14077,c959,"DSM 17177, JCM 11835, CIP 109341, CIP 109387, KCTC 22442",1,Shewanella surugensis,GCA_023284005,21-Feb
,,,,,,10
,,,,,,13
159742,MMS16-UL253,"KCTC 62130, JCM 32305",1,Shewanella ulleungensis,2282699.3,30-Apr
,,,,,GCA_014648315,
,,,,,GCA_023283965,
133424,M7,"LMG 244245, CECT 7339",1,Shewanella vesiculosa,GCA_021560015,17.5
14084,S4,"DSM 22215, CCTCC M 209017, JCM 16212, KCTC 23986",1,Shewanella xiamenensis,332186.41,Apr-37
,,,,,GCA_014647135,
,,,,,GCA_023283665,
138456,,"CIP 57.28, ATCC 13313, CCUG 9565, NCTC 4837",1,Shigella dysenteriae,2850767282,10
,,,,,2916533085,5
,,,,,622.104,
,,,,,622.424,
,,,,,622.509,
,,,,,GCA_002949675,
,,,,,GCA_900457215,
135203,43,CIP 106200,0,Shigella dysenteriae,622.88,10
,,,,,,5
135721,588,CIP 58.1,0,Shigella dysenteriae,622.146,10
,,,,,,5
137043,4325,CIP 54.95,0,Shigella dysenteriae,622.142,10
,,,,,,5
139001,Bucarest R,CIP 55.90,0,Shigella dysenteriae,622.109,10
,,,,,,5
5171,24570,"DSM 4782, ATCC 29903, KCTC 22192, WDCM 00125, CCUG 56439, CIP 82.48, BCRC 13984, KCTC 22529, CECT 8175, NCTC 13631",1,Shigella flexneri,2859793810,10
,,,,,42897.55,5
,,,,,GCA_002950215,
137262,3591-52,"CCUG 32079, CIP 104222, ATCC 12022, LMG 10472, WDCM 00126, CECT 4804, NCTC 12698",0,Shigella flexneri,623.1086,10
,,,,,623.156,5
,,,,,GCA_000754175,
,,,,,GCA_900457225,
5172,I virulent,"CCUG 68726, NCTC 12984, CECT 4887, DSM 5570, ATCC 29930, WDCM 00127, CIP 82.49",1,Shigella sonnei,2872158770,Oct-41
,,,,,624.1345,5
,,,,,624.1595,
,,,,,GCA_002950395,
,,,,,GCA_900457155,
136283,1120-66,"CIP 104223, ATCC 25931, CCUG 32351, NCDC 1120-66",0,Shigella sonnei,624.1857,Oct-41
,,,,,,5
132403,,"DSM 100673, JCM 30900, JAMH 043",1,Shimia abyssi,1662395.5,30-Oct
,,,,,2728369514,
,,,,,GCA_003014475,
134055,CC-AMW-C,"JCM 18818, BCRC 80548",1,Shimia biformata,1294299.3,20-40
,,,,,GCA_016888515,
24508,WM35,"DSM 28453, JCM 18870, KACC 17212",1,Shimia haliotis,1280847.3,15-37
,,,,,2619619046,
,,,,,GCA_900114415,
13847,CL-ES2,"DSM 18290, KCCM 42274",1,Shimia litoralis,2574179735,20-30
,,,,,2890059200,
,,,,,GCA_005518135,
23232,CL-TA03,"DSM 26895, JCM 13038, KCCM 42117, BCRC 80068, CIP 109331, NCIMB 14294",1,Shimia marina,2619618961,15-35
,,,,,321267.13,
,,,,,GCA_900112745,
166260,R47,"CECT 7735, LMG 29909",1,Shimia thalassica,1715693.3,15-28
,,,,,2690315772,4
,,,,,GCA_001458215,
5246,9005-74,"DSM 4481, ATCC 29907, CIP 103175, CIP 104942, HAMBI 1692, JCM 1650, LMG 3030, NCTC 12127, CCUG 14803 B, CDC 9005-74, BCRC 15589, CCUG 14803, CGMCC 1.3440, JCM 24308, NBRC 105725, VTT E-042574",1,Shimwellia blattae,2513020017,10
,,,,,2531839602,5
,,,,,2836688113,
,,,,,563.11,
,,,,,630626.1,
,,,,,630626.3,
,,,,,GCA_000262305,
,,,,,GCA_000327265,
,,,,,GCA_900636035,
133167,C3,"KEMB 2255-446, JCM 31239",1,Shinella curvata,1817964.4,Apr-45
,,,,,2891339218,
,,,,,GCA_010994455,
,,,,,GCA_022899935,
13906,DC-196,"DSM 21319, CCUG 55808, LMG 24714",1,Shinella fusca,2861721846,Oct-40
,,,,,544480.7,
,,,,,GCA_014203155,
13902,"Ch06, 55.101","CCUG 56487, DSM 18401, JCM 13254, KCTC 12237",1,Shinella granuli,2802428853,Apr-40
,,,,,323621.6,
,,,,,GCA_004341885,
159722,AH-1,"KCTC 52677, CCTCC AB 2017242",1,Shinella pollutisoli,GCA_024609765,15-37
13905,MS-4,"DSM 18801, NBRC 102122",1,Shinella yambaruensis,GCA_022899355,15-42
,,,,,GCA_025656855,
1127,"PN 23, C 360","DSM 8716, ATCC 700160, CIP 104718, NCIB 10309, CCUG 47262, NCIMB 10309, LMG 17945",1,Shouchella clausii,2811995369,Oct-45
,,,,,79880.14,
,,,,,GCA_002250115,
1259,K11,"DSM 18940, CIP 108751, JCM 12663, NCIMB 14023",1,Shouchella oshimensis,290588.4,13-41
,,,,,GCA_002019765,
1273,,"DSM 19099, JCM 13820, MLB 2, MTCC 7633, CIP 109550, LMG 24751",1,Shouchella oshimensis,300825.3,Oct-37
,,,,,GCA_004375095,
1274,P203,"DSM 19153, NCIMB 14288",0,Shouchella oshimensis,2645727886,30-Apr
,,,,,444060.4,17.5
,,,,,GCA_001420645,
,,,,,GCA_023703085,
1234,,"DSM 16117, ATCC BAA-965, CIP 108678, PAT 05",1,Shouchella patagoniensis,228576.3,30-Oct
,,,,,2916853388,
,,,,,GCA_002019705,
4378,508/05,"DSM 18397, CCUG 54945, CIP 109627, LMG 23730, JCM 16472",1,Siccibacter turicensis,1388748.3,Oct-44
,,,,,1390075.3,
,,,,,2617271157,
,,,,,GCA_000463155,
158554,,"CGMCC 1.15936, KCTC 62088, SYSU D8009",1,Siccirubricoccus deserti,2013562.4,Apr-45
,,,,,GCA_014644195,
164126,SA-279,"JCM 31761, DSM 29840",1,Siculibacillus lacustris,2528834.3,15-37
,,,,,2881072881,20
,,,,,GCA_004328075,20-28
133213,KC90B,"DSM 103371, RCC 4681",1,Silicimonas algicola,1826607.3,Oct-40
,,,,,1826607.5,4
,,,,,2756170270,
,,,,,GCA_003148765,
140357,MWH-Nonnen-W8red,"DSM 23856, CCUG 58639",1,Silvanigrella aquatica,2767802763,Oct-32
,,,,,GCA_001907975,20
164430,"SP-Ram-0.45-NSY-1, SP-Ram- 0.45-NSY-1","JCM 32975, DSM 107809",1,Silvanigrella paludirubra,GCA_009208775,20
,,,,,MN565732,
132354,DHOF10,"DSM 103429, CGMCC 1.13007, KCTC 42631",1,Silvibacterium dinghuense,1560006.5,Oct-37
,,,,,2882000052,
,,,,,GCA_004123295,
,,,,,GCA_014640355,
10502,ir6-4,"DSM 24239, CGMCC 1.8860, KCTC 22514, NBRC 103189",0,Silvimonas amylolytica,449663.3,May-40
,,,,,GCA_014645555,
10503,ir6-1,"DSM 24036, CGMCC 1.8859, KCTC 22513, NBRC 103188",1,Silvimonas iriomotensis,449662.3,May-40
,,,,,GCA_014645535,
10501,KM-45,"DSM 18233, KCTC 12358, NBRC 100961, JCM 21671, IAM 15217",1,Silvimonas terrae,2861607078,15-40
,,,,,300266.6,
,,,,,GCA_014202765,
17906,SA1,"DSM 21679, BCRC 17597, JCM 13881",1,Simiduia agarivorans,1117647.2,15-40
,,,,,1117647.4,10-Apr
,,,,,2519103097,
,,,,,2522572190,
,,,,,GCA_000305785,
,,,,,GCA_000420285,
1220,R-6540,"DSM 16013, CIP 108820, LMG 22081",1,Siminovitchia farraginis,254757.3,10
,,,,,GCA_001439965,20
1221,R-7190,"DSM 16014, CIP 108821, LMG 22080",1,Siminovitchia fordii,1121090.3,10
,,,,,2517572148,20
,,,,,GCA_000374565,
1219,R-6514,"DSM 16012, CIP 108822, LMG 22079",1,Siminovitchia fortis,254758.3,10
,,,,,2916908848,20
,,,,,GCA_003605365,
166124,NY-02,"KACC 19731, LMG 31165",1,Simplicispira hankyongi,GCA_003570885,Oct-40
2996,,"DSM 1837, ATCC 15280, IFO 12012, NBRC 12012, CCUG 13794, CIP 107317, NCIMB 9509, IFO 13960, NBRC 13960",1,Simplicispira metamorpha,2795385460,15-37
,,,,,80881.4,5
,,,,,GCA_004341365,
2998,CA 1,"DSM 11588, ATCC 33335, IFO 13611, LMG 5408, NBRC 13611, CIP 107758",1,Simplicispira psychrophila,1123255.3,20
,,,,,2558309000,22-May
,,,,,GCA_000688255,
159874,SC1-8,"KACC 19329, NBRC 113111",1,Simplicispira suum,2109915.3,Apr-37
,,,,,GCA_003008595,
11943,MOB10,"DSM 18658, ATCC BAA-1392, VKM B-2454",1,Singulisphaera acidiphila,2509601004,Apr-33
,,,,,2548876970,
,,,,,886293.2,
,,,,,886293.21,
,,,,,886293.22,
,,,,,886293.24,
,,,,,886293.4,
,,,,,GCA_000242455,
,,,,,GCA_000255675,
170936,,"KCTC 72000, NBRC 113698, CAU 1509",1,Sinimarinibacterium arenosum,GCA_005047655,20-37
,,,,,SUKF00000000,
168561,BO-81,"LMG 30808, KACC 19677",1,Rhodobacter hankyongi,GCA_003664585,18-40
,,,,,NZ_RCHI00000000,
130501,SCSWE24,"DSM 100316, CCTCC AB 209289, LMG 25705, MCCC 1F01088",1,Sinobacterium caligoides,2788499881,Apr-37
,,,,,933926.3,
,,,,,GCA_003752585,
158201,3CM4,"DSM 108824, CAIM 1884, CECT 8267",1,Sinobacterium norvegicum,GCA_923077115,15
24051,,"DSM 25598, CGMCC 1.12145, KCTC 23994, SCSIO 03483",1,Sinomicrobium oceani,1150368.4,Oct-45
,,,,,2596583572,
,,,,,GCA_900119185,
134301,LC13,"IAM 15386, CCTCC AB 206018, JCM 30149, DSM 107966, JCM 21830",1,Sinomonas albida,GCA_004919045,Oct-40
166462,sk2b1,"CFCC 14580, KCTC 52802",1,Sinirhodobacter populi,GCA_004022225,Oct-41
17889,6014,"DSM 45181, BCC 55026, KCTC 19655, TBRC 2209, JCM 19962, CPCC 201354",1,Sinosporangium album,2675903142,Oct-37
,,,,,504805.3,
,,,,,GCA_900100605,
5747,P2,"DSM 21668, NCAIM B 02328",1,Siphonobacter aquaeclarae,2622736636,Apr-37
,,,,,563176.3,
,,,,,GCA_900103285,
158820,HR-U,"KACC 19409, JCM 32267",1,Siphonobacter curvatus,2881402806,May-35
,,,,,GCA_002943425,
13964,5416T-32,"DSM 18479, KACC 11604",1,Skermanella aerolata,1385368.4,5.0-35
,,,,,2627853908,
,,,,,GCA_000936425,
170944,W17,"GDMCC 1.1392, KCTC 62434",1,Skermanella pratensis,CP030265,Oct-40
,,,,,GCA_008843145,
133736,SB22,"CGMCC 1.10751, KCTC 23364",1,Skermanella stibiiresistens,1385369.3,Apr-37
,,,,,2590828654,
,,,,,GCA_000576635,
11053,,"DSM 43998, ACM 3063, IFO 15059, UQM 3063, CIP 104516",1,Skermania piniformis,39122.4,10
,,,,,GCA_019285775,
11054,Hou_blue,"DSM 44881, CIP 109538, MBIC 06267, JCM 14666, IFM 10815, NBRC 103563",1,Smaragdicoccus niigatensis,1123258.3,Apr-37
,,,,,1123258.7,20.5
,,,,,2519103184,
,,,,,2731957600,
,,,,,GCA_000380645,
,,,,,GCA_001552795,
133088,ISSFR-015,"DSM 101595, NRRL B-65388",1,Solibacillus kalamii,1748298.1,Dec-37
,,,,,2791354932,
,,,,,2901246952,
,,,,,GCA_002174535,
,,,,,GCA_016909025,
18124,HR3-23,"DSM 12223, MTCC 10789, ATCC BAA-269, CIP 106059",1,Solibacillus silvestris,2684623075,Oct-45
,,,,,76853.3,
159715,S20-91,"DSM 104733, LMG 30010",1,Solimicrobium silvestre,2832032608,0-25
,,,,,GCA_002976435,15-25
18154,CW-KD 4,"DSM 18980, CCTCC AB 206145, KCTC 12881",1,Solimonas flava,1123257.3,Oct-35
,,,,,2526164694,
,,,,,GCA_000426685,
159883,HR-BB,"KACC 19410, JCM 32268",1,Solimonas fluminis,2833177308,20-35
,,,,,GCA_002930645,
14087,B33D1,"DSM 14954, ATCC BAA-492, JCM 13025, CIP 108104, KCTC 9974",1,Solirubrobacter pauli,166793.3,10
,,,,,2737471645,15-37
,,,,,GCA_003633755,
14139,USAM 9D,"DSM 3403, ATCC 29591, CIP 104802, JCM 21819, KACC 13276, NBRC 15130, IAM 15375, IFO 15130, LMG 8368, NCIMB 12057",1,Solitalea canadensis,2509276062,15-41
,,,,,929556.3,5
,,,,,GCA_000242635,
14140,R2A36-4,"DSM 21342, KACC 12953",1,Solitalea koreensis,2724679707,Oct-35
,,,,,543615.3,
,,,,,GCA_900182575,
159729,HR-AV,"KACC 19411, JCM 32259",1,Solitalea longa,2832312960,20
,,,,,GCA_002920915,30-May
158504,C1-50,"DSM 100066, KCTC 39557",1,Specibacter cremeus,2867446761,30-Apr
,,,,,GCA_003946885,
23809,D3-40,"DSM 26341, KCTC 29141, JCM 31495",1,Spelaeicoccus albus,1280376.3,Oct-37
,,,,,2833989251,
,,,,,GCA_013409065,
,,,,,GCA_021729195,
16526,"T-1, A-0151","DSM 43048, ATCC 27303, JCM 3151, KCC A-0151, NBRC 14179, BCRC 12464, CBS 265.72, CIP 105593, HUT 6621, IFM 1287, IFO 14179, IMSNU 22109, KCTC 9241, NCIMB 11544, NRRL B-16986, PCM 2580, VKM Ac-1953, VTT E-89374, CCRC 12464",1,Sphaerimonospora mesophila,1226285.5,15-41
,,,,,1226285.6,20-45
,,,,,2734481958,5
,,,,,2773857850,
,,,,,GCA_001313685,
,,,,,GCA_001552515,
140880,NN276,"BCC 41490, NBRC 107569, DSM 111644, NRRL B-24806",1,Sphaerimonospora thailandensis,795644.3,16-40
,,,,,GCA_016863115,
14351,Buddy,"DSM 22777, ATCC BAA-1886",1,Sphaerochaeta globosa,158189.3,15-37
,,,,,650377973,
,,,,,GCA_000190435,
14352,Grapes,"DSM 22778, ATCC BAA-1885",1,Sphaerochaeta pleomorpha,158190.3,15-30
,,,,,2508501070,
,,,,,GCA_000236685,
14130,,"DSM 22362, LMG 25273, WCC 4521",1,Sphingobacterium alimentarium,2791354870,Oct-41
,,,,,797292.3,
,,,,,GCA_004342685,
140595,Y3L14,"CGMCC 1.15782, KCTC 52379",1,Sphingobacterium alkalisoli,1874115.4,Oct-40
,,,,,2898716849,
,,,,,GCA_005049105,
,,,,,GCA_014643675,
133096,R-53603,"DSM 102028, LMG 28764",1,Sphingobacterium cellulitidis,1768011.4,15-37
,,,,,2882323096,
133248,DH-5,"ACCC 19856, KCTC 42746",1,Sphingobacterium chuzhouense,1742264.3,15
,,,,,2921034263,20-37
,,,,,GCA_014692525,
14128,4M24,"DSM 18850, KACC 11313, JCM 16391, NBRC 106383",1,Sphingobacterium allocomposti,2700988711,Oct-45
,,,,,415956.3,
,,,,,GCA_008124885,
133774,6.2S,"CECT 7938, LMG 26465",1,Sphingobacterium detergens,1145106.3,15-37
,,,,,2772190801,
,,,,,GCA_003610355,
166408,NYYP31,"CGMCC 1.16979, NBRC 114258",1,Sphingobacterium endophyticum,2898734385,Apr-42
,,,,,GCA_009733535,
14124,KS 0470,"DSM 11690, CIP 104193, IFO 15299, NBRC 15299, JCM 21820, IAM 15376, LMG 14022, NCIMB 13408",1,Sphingobacterium faecium,1220575.3,30-May
,,,,,2734482254,
,,,,,34087.3,
,,,,,GCA_003054045,
,,,,,GCA_007990875,
141086,SCU-B140,"KCTC 42158, CGMCC 1.12966",1,Sphingobacterium griseoflavum,1474952.3,Oct-40
,,,,,GCA_014653155,
159833,5JN-11,"ACCC 60072, KCTC 62457",1,Sphingobacterium haloxyli,2849507829,20-42
,,,,,GCA_002980525,
158555,D1,"KACC 18595, JCM 31225",1,Sphingobacterium humi,1796905.3,15-40
,,,,,2896301657,
,,,,,GCA_009768885,
14131,,"DSM 22361, LMG 25272, WCC 4512",1,Sphingobacterium lactis,2675903147,Oct-41
,,,,,797291.3,
,,,,,797291.6,
,,,,,GCA_011046555,
,,,,,GCA_900107985,
14126,"Teraoka, K M 1203","NCTC 12149, DSM 11724, ATCC 33299, CCUG 15907, GIFU 1203, IFO 14946, LMG 8340, NBRC 14946, JCM 21155, CIP 101122, IAM 14315",1,Sphingobacterium mizutaii,1010.5,10
,,,,,1010.7,18
,,,,,1220576.3,
,,,,,2634166301,
,,,,,2773857900,
,,,,,GCA_007990895,
,,,,,GCA_900102835,
,,,,,GCA_900187125,
14120,"B5533, 30-83","DSM 11691, ATCC 33613, GIFU 2812, IFO 14947, NBRC 14947, NCTC 11343, CCUG 11736, JCM 21156, CDC B5533, CIP 100541, IAM 14316, LMG 8342, NRRL B-14861, KCTC 2289",1,Sphingobacterium multivorum,2571042348,15-37
,,,,,28454.21,5
,,,,,28454.6,
,,,,,GCA_900457465,
14132,M-SX103,"DSM 24091, CCTCC AB 2010390, JCM 17339",1,Sphingobacterium nematocida,1513896.4,Oct-40
,,,,,2595698210,
,,,,,GCA_900168125,
140613,7Y-4,"CFCC 11742, KCTC 42247",1,Sphingobacterium populi,1775560.3,Oct-37
,,,,,2728369126,
,,,,,GCA_001586775,
24551,MOL-1,"DSM 22418, NRRL B-59232",1,Sphingobacterium psychroaquaticum,2595699002,May-35
,,,,,561061.3,
,,,,,GCA_900177625,
166248,M05W1-28,"CGMCC 1.13711, KCTC 72027",1,Sphingobacterium puteale,2898728513,15-37
,,,,,GCA_003627955,
134347,SY1,"KCTC 22131, CGMCC 1.6855, JCM 14866",1,Sphingobacterium siyangense,2596583573,Apr-42
,,,,,459529.5,
,,,,,GCA_007830445,
140094,,"DSM 101679, CGMCC 1.15966, KCTC 42696, YIM X0211",1,Sphingobacterium soli,1914757.3,Oct-37
,,,,,1914757.4,
,,,,,2861287033,
,,,,,GCA_014138555,
,,,,,GCA_014644335,
14118,"E7288, 29-83","DSM 11722, ATCC 33861, CDC E7288, GIFU 3101, JCM 1277, NCTC 11386, CCUG 13224, CCM 4603, CIP 100542, IAM 14210, IFO 14948, JCM 6897, LMG 8347, NBRC 14948, NRRL B-23392",1,Sphingobacterium spiritivorum,2562617179,15-30
,,,,,258.11,May-37
,,,,,258.5,
,,,,,2849498117,
,,,,,525373.3,
,,,,,GCA_000143765,
,,,,,GCA_900457435,
158556,h337,"KCTC 52298, CCTCC AB 2017155",1,Sphingobacterium tabacisoli,GCA_017908035,Oct-35
14125,K-1173,"DSM 11723, ATCC 43320, IFO 14963, NBRC 14963, NCTC 11429, CCUG 22397, JCM 21153, CIP 100935, IAM 14313, NRRL B-14902",1,Sphingobacterium thalpophilum,1123265.3,May-41
,,,,,2563366725,
,,,,,259.5,
,,,,,GCA_000686625,
,,,,,GCA_901482695,
14129,LQY-18,"DSM 22789, ACCC 05410, CCTCC AB 2010005, KCTC 23009",1,Sphingobacterium wenxiniae,2634166295,Aug-40
,,,,,683125.3,
,,,,,GCA_900116225,
141163,Pch-E,"KACC 19284, JCM 32055",1,Sphingobium limneticum,2048546.3,30-Oct
,,,,,GCA_008710205,
169101,TLA-22,"BCRC 81097, LMG 30309, KCTC 62189T, KCTC 62189",1,Sphingobium algorifonticola,GCA_004005485,Oct-37
,,,,,RZUL00000000,20-25
14182,YT,"DSM 16289, CIP 107839, IAM 15006, JCM 11777",1,Sphingobium amiense,135719.3,10
,,,,,2843241807,5
,,,,,GCA_003967075,
23273,469,"DSM 25079, LMG 26901",1,Sphingobium boeckii,1082345.3,Oct-40
,,,,,2828356790,
,,,,,GCA_014199215,
14174,,"DSM 7098, ATCC 33790, CIP 104885, IFO 16172, NBRC 16172, CCUG 56399, LMG 17937, KCTC 3325, JCM 10275, LMG 17771",1,Sphingobium chlorophenolicum,1219044.3,10
,,,,,2585427849,5
,,,,,2731957704,
,,,,,46429.4,
,,,,,GCA_000722875,
,,,,,GCA_001598515,
14183,DJ77,"DSM 16638, CIP 107741, IMSNU 11152, KCTC 2955, CCUG 52897, JCM 11454",1,Sphingobium chungbukense,2636415887,10
,,,,,GCA_001005725,5
14181,"S-3, S-3T","DSM 14926, CIP 107076, IAM 14885, JCM 10874, CCUG 54784, KCTC 12912",1,Sphingobium cloacae,120107.15,10
,,,,,120107.16,5
,,,,,120107.17,
,,,,,120107.18,
,,,,,120107.19,
,,,,,120107.2,
,,,,,120107.21,
,,,,,2802429338,
,,,,,GCA_002355855,
130670,CU4,"DSM 29771, CCTCC AB 2011146, KCTC 23865",1,Sphingobium cupriresistens,1132417.3,30-Apr
,,,,,GCA_004152865,
168518,CHR27,"KCTC 62510, BCRC 81121, LMG 30596",1,Sphingobium fluviale,GCA_004122115,15.0-37.0
,,,,,SBKP00000000,
130671,Chen16-4,"DSM 29348, BCRC 80308, KCTC 23559, LMG 26342",1,Sphingobium fontiphilum,2829936462,15-40
,,,,,944425.3,
,,,,,GCA_014196635,
14215,,"DSM 16637, ATCC 27551, CIP 104270",0,Sphingobium fuliginis,1208342.3,15
,,,,,1208342.6,5
,,,,,2833940037,
,,,,,GCA_006363875,
14176,MH,"DSM 11019, IFO 16415, LMG 18315, NBRC 16415, CCUG 56400, CIP 106705, ATCC 700291, KCTC 2939",1,Sphingobium herbicidovorans,1219045.3,10
,,,,,1219045.4,5
,,,,,2574180318,
,,,,,2731957705,
,,,,,2808606815,
,,,,,GCA_000632125,
,,,,,GCA_001598535,
,,,,,GCA_002080435,
24556,BA-3,"DSM 26189, CCTCC AB 201217, KACC 16433, KCTC 23196",1,Sphingobium jiangsuense,2829898683,Oct-37
,,,,,870476.3,
,,,,,GCA_014196495,
14192,DS20,"DSM 23389, CCM 7540, MTCC 9471",1,Sphingobium lactosutens,1331060.3,20-37
,,,,,2582580885,
,,,,,GCA_000445105,
23272,301,"DSM 25076, LMG 26659",1,Sphingobium limneticum,1007511.4,Oct-40
,,,,,GCA_008710155,
141162,Pch-B,"KACC 19283, JCM 32054",1,Sphingobium limneticum,2048545.3,30-May
,,,,,GCA_008710165,
14194,WP01,"DSM 19371, ICMP 13533",1,Sphingobium scionense,1404341.3,15-35
,,,,,2830069742,
,,,,,GCA_014197035,
130672,HL-25,"DSM 29352, BCRC 80413, KCTC 23953",1,Sphingobium sufflavum,GCA_021403115,30-Oct
164348,EO9,"JCM 32762, KACC 19523",1,Sphingobium terrigena,GCA_003591655,Oct-37
14190,RL-3,"DSM 22942, CCM 7431, MTCC 8599",1,Sphingobium ummariense,1346791.3,May-41
,,,,,2571042663,
,,,,,GCA_000447205,
14193,VC-230,"DSM 21299, CCUG 55809",1,Sphingobium vermicomposti,2828330628,15-37
,,,,,529005.3,
,,,,,GCA_011762025,
14180,AB 1105,"DSM 7462, ATCC 51230, GIFU 9882, IAM 14269, JCM 7371, NCIMB 13746, CCM 4600, CCUG 28380, CCUG 31205, CIP 106726, IFO 15102, LMG 11252, NBRC 15102, PCM 2582, HAMBI 1842",1,Sphingobium yanoikuyae,13690.36,10
,,,,,13690.37,5
,,,,,2537561796,
,,,,,883163.3,
,,,,,GCA_000315525,
159873,,"KCTC 62233, NBRC 113094, CAU 1457",1,Sphingomicrobium arenosum,GCA_026157085,20-37
133944,CC-AMO-30B,"JCM 18551, BCRC 80465",1,Sphingomicrobium astaxanthinifaciens,GCA_022865105,20-45
,,,,,GCA_026157155,
134044,CC-AMZ-30N,"JCM 18555, BCRC 80467",1,Sphingomicrobium flavum,GCA_024721605,Oct-40
14298,CC-TBT-3,"DSM 24194, CCM 7794",1,Sphingomicrobium lutaoense,2828014108,20-40
,,,,,515949.3,
,,,,,GCA_014195685,
,,,,,GCA_026157185,
134043,CC-AMZ-30M,"JCM 18554, BCRC 80466",1,Sphingomicrobium marinum,GCA_026157105,20-45
14243,C42,"DSM 15867, CIP 109154, LMG 21978",1,Sphingomonas abaci,237611.3,15-28
,,,,,2828624843,
,,,,,GCA_014199625,
14219,Op-55,"DSM 7418, ATCC 51229, GIFU 11458, IAM 14270, JCM 7370, CCM 4598, CCUG 27290, CCUG 27819, CIP 106725, IFO 15099, LMG 10922, NBRC 15099, PCM 2581",1,Sphingomonas adhaesiva,1219038.3,10
,,,,,2731957690,5
,,,,,28212.3,
,,,,,GCA_001592345,
,,,,,GCA_002374855,
159734,B093034,"CFCC 13949, LMG 30133",1,Sphingomonas carotinifaciens,GCA_003287395,Apr-41
14233,NW12,"CCUG 48435, DSM 14746, LMG 21376, CIP 108369",1,Sphingomonas aerolata,2740892601,25-Oct
,,,,,GCA_003046295,5
14251,K4,"DSM 19475, KCTC 22050, CIP 110056",1,Sphingomonas aestuarii,2576861403,20-35
14269,S8-3,"DSM 22537, LMG 26055",1,Sphingomonas alpina,653931.5,25-Jan
,,,,,GCA_014490665,
,,,,,GCA_025370095,
14237,,"DSM 15581, KCCM 41067, KCTC 2881, CCUG 48825, IFO 16722, JCM 11455, JSS 7, CIP 108007, NBRC 16722",1,Sphingomonas aquatilis,1219039.3,10
,,,,,2829811004,5
,,,,,93063.4,
,,,,,GCA_007990915,
,,,,,GCA_014196115,
166236,WZY27,"KCTC 62523, CCTCC AB 2018056",1,Sphingomonas aracearum,GCA_003345355,Apr-38
14223,Y-345,"DSM 10564, IFO 15499, NBRC 15499, NCIMB 13747, JCM 21229, ATCC 51839, CIP 107363, IAM 14458, KCTC 2825, LMG 17539, NRRL B-4261",1,Sphingomonas asaccharolytica,1219040.3,10
,,,,,2731957698,5
,,,,,GCA_001598355,
14235,MA101b,"DSM 14748, LMG 21377, CIP 108368",1,Sphingomonas aurantiaca,2740891891,30-May
,,,,,GCA_003050705,
141164,L9-754,"DSM 27347, KACC 17595",1,Sphingomonas carotinifaciens,1166323.3,15-37
,,,,,1166323.4,
,,,,,2651870108,
,,,,,2830088248,
,,,,,GCA_009789535,
,,,,,GCA_014197095,
,,,,,GCA_900102275,
14261,V2M44,"DSM 25652, CGMCC 1.7057, NBRC 104936, CIP 110386",1,Sphingomonas changbaiensis,1219043.4,20-33
,,,,,2636415880,
,,,,,GCA_000974765,
158581,CC-MHH0539,"BCRC 80933, JCM 31229",1,Sphingomonas colocasiae,1848973.3,15-30
,,,,,GCA_019880585,
166537,CCP-7,"BCRC 81096, LMG 30311, KCTC 62190",1,Sphingomonas crocodyli,2885422354,20-35
,,,,,GCA_004005865,
140980,MIMD3,"KCTC 42801, MCCC 1K01310",1,Sphingomonas crusticola,2882589829,Oct-37
,,,,,GCA_003391115,
14239,CP1D,"DSM 16792, ATCC BAA-1041, CIP 110412",1,Sphingomonas desiccabilis,2829818831,15-37
,,,,,2922465951,
,,,,,429134.4,
,,,,,GCA_004135605,
,,,,,GCA_014196135,
164248,DAC4,"JCM 32377, KCTC 62107",1,Sphingomonas edaphi,GCA_003583725,18-42
,,,,,QXTF00000000,
131250,,"DSM 101535, CCTCC AA 209035, JCM 17394, YIM 65583",1,Sphingomonas endophytica,2828434831,Dec-45
,,,,,869719.5,
,,,,,GCA_014199415,
14234,MA-olki,"DSM 14747, LMG 21379, CCUG 48436, CIP 108370",1,Sphingomonas faeni,GCA_003053745,25-Oct
,,,,,,5
14254,K101,"DSM 13665, CCUG 53462, CIP 109722",1,Sphingomonas fennica,114404.3,Oct-37
,,,,,GCA_003034225,20
166381,"Strain S6-262, S6-262","DSM 27346, KACC 17594",1,Sphingomonas gellani,GCA_900110035,20-30
166267,ZDH117,"KCTC 62894, CCTCCAB 2018262",1,Sphingomonas gilva,GCA_003515075,15-37
166217,HMF7854,"KCTC 62461, NBRC 113337",1,Sphingomonas ginkgonis,GCA_003970925,15-37
14263,C16y,"DSM 22294, CGMCC 1.8957, CIP 11013, CIP 110131",1,Sphingomonas glacialis,658225.5,25-Jan
,,,,,GCA_014653575,
14260,ODN7,"DSM 23329, CCUG 57509, KCTC 22579",1,Sphingomonas hankookensis,GCA_022664465,Apr-37
14262,UM2,"DSM 24951, CCM 7545, MTCC 9473",1,Rhizorhabdus histidinilytica,GCA_900167915,Apr-40
166342,HHU CXW,"KCTC 72946, CGMCC 1.17504, MCCC 1K04223",1,Sphingomonas hominis,2924996032,Apr-35
,,,,,GCA_013328205,
14271,Dd16,"DSM 25434, CCM 7882, MTCC 10862",1,Allosphingosinicella indica,GCA_900177405,28-Apr
14257,DS-28,"DSM 21792, JCM 14603, KCTC 12872, CIP 110394",1,Sphingomonas insulae,2828333980,Apr-34
,,,,,424800.3,
,,,,,424800.4,
,,,,,GCA_010450875,
,,,,,GCA_011762035,
14259,KC7,"DSM 22753, JCM 15438, KMM 3038, NRIC 0738, CIP 110395",1,Sphingomonas japonica,2828348002,Apr-37
,,,,,511662.4,
,,,,,GCA_011762085,
14252,TDMA-16,"DSM 18422, CCUG 53607, NBRC 102120, CIP 109619",1,Sphingomonas jaspsi,1123268.4,20-40
,,,,,2524614649,
,,,,,GCA_000585415,
141165,S5-249,"DSM 27345, KACC 17593",1,Sphingomonas jatrophae,2654588199,15-37
,,,,,GCA_900113315,
141053,G39,"DSM 103790, LMG 29955T, LMG 29955",1,Sphingomonas jeddahensis,GCA_001981525,20-35
14238,,"DSM 15582, KCCM 41069, KCTC 2882, JSS 26, JCM 11456, CIP 107740, IFO 16723, NBRC 16723, KCCM 41067, NBRL 16723",1,Sphingomonas koreensis,1219046.3,10
,,,,,2731957699,5
,,,,,93064.57,
,,,,,GCA_001598395,
,,,,,GCA_003953035,
14221,CB 37,"DSM 4733, ATCC 15260, CIP 106443, VKM B-1368",1,Sphingomonas leidyi,2828301124,10
,,,,,68569.3,
,,,,,GCA_011761945,
166148,1PNM-20,"GDMCC 1.660, DSM 27572, GIMCC 1.660",1,Sphingomonas lenta,2881385165,20-37
,,,,,GCA_002288825,
133300,JS5,"KCTC 23642, JCM 18309, CCTCC AB 2017135",1,Sphingomonas lutea,1045317.3,Oct-37
,,,,,2896432115,
,,,,,GCA_014396785,
,,,,,GCA_021497585,
14224,Y-347,"DSM 10565, IFO 15500, NBRC 15500, JCM 10193, ATCC 51840, CGMCC 1.7044, CIP 107356, IAM 14460, KCTC 2826, LMG 17331",1,Sphingomonas mali,1219048.3,10
,,,,,2681812977,5
,,,,,GCA_001598415,
166458,SYSUP0001,"KCTC 62179, CGMCC 1.16462",1,Sphingomonas mesophila,2885427238,14-37
,,,,,GCA_003499275,
140852,9O-5,"CGMCC 1.15330, KCTC 42759",1,Sphingomonas metalli,1779358.3,15-37
,,,,,GCA_014641735,
14249,"CP 173-2, CP173-2","DSM 17494, ATCC BAA-1239, CIP 110409",1,Sphingomonas mucosissima,2876844424,15-30
,,,,,370959.4,
,,,,,GCA_002197665,
133230,DKC-5-1,"KEMB 9005-380, KACC 18716, JCM 31294",1,Sphingomonas naphthae,GCA_028607085,Apr-33
159769,FW-11,"LMG 29274, HAMBI 3659",1,Sphingomonas oleivorans,2906746928,Apr-37
,,,,,GCA_003050615,
166278,YZ-8,"CCTCC AB 2017137, LMG 31027, DSM 108678",1,Sphingomonas paeninsulae,2844322978,20
,,,,,GCA_003660165,28-Apr
14242,C52,"DSM 15761, CIP 109155, LMG 21979",1,Sphingomonas panni,GCA_022664435,15-37
14220,OH 3807,"DSM 7463, ATCC 51231, GIFU 11387, IAM 14268, JCM 7510, NCIMB 13745, CCUG 27291, LMG 10923, BCRC 17635, CCM 4599, CIP 106724, IFO 15100, NBRC 15100",1,Sphingomonas parapaucimobilis,1219049.3,10
,,,,,2630968314,5
,,,,,GCA_000787715,
166296,17J27-24,"KCTC 62208, JCM 3896",1,Sphingomonas parva,2555898.3,18-42
,,,,,2879153543,
,,,,,GCA_004564275,
14201,CL 1/70,"DSM 1098, ATCC 29837, NCPPB 3838, NCTC 11030, JCM 7516, CCM 3293, CCUG 31192, CCUG 6518, CDC CL 1/70, CECT 599, CIP 100752, GIFU 2395, IAM 12576, ICPB 4235, IFO 13935, LMG 1227, NBRC 13935, PCM 2585",1,Sphingomonas paucimobilis,1219050.3,10
,,,,,13689.16,5
,,,,,13689.29,
,,,,,2600255072,
,,,,,GCA_000739895,
,,,,,GCA_900457515,
14202,,"DSM 30198, ATCC 10829, CCM 72, CIP 104977, NCIB 8195, JCM 7511, IFO 13934, NBRC 13934, NRRL B-54, CCUG 1819, NCIMB 8195, NRRL B 54",0,Flavobacterium devorans,13689.3,10
,,,,,,5
14241,FA2,"DSM 17258, CECT 5832, LMG 21958, CIP 108674",1,Sphingomonas phyllosphaerae,1090319.3,Oct-37
,,,,,2516493027,5
,,,,,GCA_000427645,
14229,EDIV,"DSM 13101, CIP 106154, JCM 21727, IAM 15276, NBRC 102491",1,Sphingomonas pituitosa,1219051.3,Oct-37
,,,,,2731957700,5
,,,,,GCA_001598435,
132650,W18RD,"DSM 103336, CGMCC 1.15645",1,Sphingomonas prati,1843237.4,30-Apr
,,,,,1843237.5,
,,,,,2828460860,
,,,,,GCA_009755805,
,,,,,GCA_014199405,
,,,,,GCA_014643515,
14225,"Y-250, EY4228","DSM 10566, IFO 15498, NBRC 15498, CIP 107352, JCM 10277, ATCC 51838, KCTC 2824, LMG 18380",1,Sphingomonas pruni,1219052.3,Oct-37
,,,,,2731957701,
,,,,,GCA_001598455,
158693,THG-T61,"KACC 19189, CCTCC AB 2016245",1,Sphingomonas rhizophila,2071607.3,Oct-37
,,,,,2896429255,
,,,,,GCA_014396585,
14264,BH3,"DSM 26135, CGMCC 1.9113, CIP 110396, JCM 16230",1,Sphingomonas rubra,2617270762,Apr-37
,,,,,634430.3,
,,,,,GCA_900115745,
14227,,"DSM 13885, GIFU 2397, IFO 13937, JCM 7514, NBRC 13937, NCTC 11032, ATCC 51382, BCRC 17636, CCUG 27654, CCUG 31194, CDC B4562, CIP 104197, IAM 12578, IAM 14273, LMG 10925, LMG 17325, LMG 2240",1,Sphingomonas sanguinis,1219054.3,10
,,,,,13689.17,5
,,,,,2731957633,
,,,,,GCA_001591005,
14245,"T5-04, T5-04,52.101","DSM 18313, IAM 15213, KCTC 12210, NBRC 10081, JCM 21668, NBRC 100801, CIP 109210",1,Sphingomonas soli,1219055.3,15-37
,,,,,2731957634,
,,,,,GCA_001591025,
140320,9NM-10,"DSM 27571, GDMCC 1.657",1,Sphingomonas spermidinifaciens,2922469389,Oct-40
,,,,,GCA_002351485,
14226,,"DSM 7225, ATCC 12417, LMG 2141, LMG 2142, NCIB 9391, JCM 10278, CIP 105252, IAM 15267, IFO 16157, NBRC 100456, NBRC 16157, NCIMB 9391",1,Sphingomonas trueperi,2829783330,10
,,,,,53317.4,5
,,,,,GCA_011927635,
157911,MCT13,"DSM 105457, BAC RE RSCIC 7",1,Sphingomonas turrisvirgatae,2751185898,20-35
,,,,,GCA_001721295,
14232,A1-18,"DSM 14562, GTC 868, JCM 11416, CCUG 52398, CIP 108439",1,Sphingomonas yabuuchiae,172044.4,10
,,,,,172044.5,5
,,,,,2828620820,
,,,,,GCA_014199595,
,,,,,GCA_017052455,
132627,541,"DSM 100587, CGMCC 1.15008",1,Sphingomonas zeicaulis,2828417763,May-45
14273,,"DSM 13593, LMG 18877, CCUG 45028, CIP 106977, RB 2256",1,Sphingopyxis alaskensis,317655.17,10
,,,,,317655.3,5
14287,BZ30,"DSM 22271, CGMCC 1.8959, CIP 110136",1,Sphingopyxis bauzanensis,651663.3,5-Jan
,,,,,651663.8,30-Jan
,,,,,GCA_002205675,
,,,,,GCA_014645635,
23284,SC13E-971,"DSM 25229, CECT 8016",1,Sphingopyxis italica,1129133.3,30-Oct
,,,,,2828641578,
,,,,,GCA_011926545,
159655,WS5A3p,"DSM 106274, PCM 2932",1,Sphingopyxis lindanitolerans,2788500577,Dec-37
,,,,,GCA_002993885,
14274,203,"DSM 8826, ATCC 51380, IFO 15033, NBRC 15033, JCM 10192, CIP 104196, IAM 14459, KCTC 2813, LMG 17324",1,Sphingopyxis macrogoltabida,2654588046,5
,,,,,GCA_001314325,
14285,BL03,"DSM 25337, JCM 15910, KCTC 22405",1,Sphingopyxis soli,GCA_018682675,15-42
140477,R366,"KEMB 9005-451, KACC 19003, JCM 31675",1,Sphingopyxis solisilvae,1886788.3,15-42
,,,,,GCA_015475875,
14275,E-1-A,"DSM 8831, ATCC 51381, IFO 15098, NBRC 15098, JCM 10195, BCRC 17643, CIP 104198, HAMBI 1834, IAM 14462, KACC 10928, KCTC 2814, LMG 17326, NCIMB 13385",1,Sphingopyxis terrae,1219058.3,5
,,,,,1219058.4,
,,,,,1219058.6,
,,,,,2684623122,
,,,,,2731957716,
,,,,,GCA_001598815,
,,,,,GCA_001610975,
14276,"W-50, WZIII3-6, W-50T WZ III 3-6","DSM 14551, ATCC BAA-814, CIP 107174, KCTC 12115",1,Sphingopyxis witflariensis,173675.3,10
,,,,,2898509942,5
,,,,,GCA_002205635,
14282,FR1093,"DSM 22379, IMSNU 14133, JCM 14162, KCTC 12764",1,Parasphingorhabdus litoris,1123271.4,15-34.4
,,,,,2574179751,
,,,,,GCA_020906275,
164092,LPB0140,"JCM 31568, KACC 18891",1,Sphingorhabdus lutea,GCA_001889025,Apr-40
14283,FR1087,"DSM 22363, IMSNU 14132, JCM 14161, KCTC 12763",1,Parasphingorhabdus marina,1123272.4,15-34.4
,,,,,2582580503,
,,,,,GCA_900128895,
164390,GY_G,"JCM 32855, KCTC 62791",1,Sphingorhabdus pulchriflava,GCA_003367235,Oct-45
168535,D-2Q-5-6,"MCCC 1A06070, KCTC 52311",1,Sphingorhabdus soli,GCA_007995095,Oct-43
,,,,,VOPY00000000,
166427,QZX222,"KCTC 62519, CCTCC AB 2018030",1,Sphingosinicella humi,2832710421,16-42
,,,,,GCA_003129465,
14293,Y2,"DSM 19791, JCM 13185, KCTC 12019, CIP 109169, NCIMB 14270",1,Sphingosinicella microcystinivorans,2770939615,Oct-37
,,,,,335406.3,
,,,,,GCA_003634215,
14295,KSL-125,"DSM 17328, KCTC 12482",1,Sphingosinicella soli,2828629153,Apr-37
,,,,,333708.3,
,,,,,GCA_014199685,
164339,FM6,"JCM 32714, MCCC 1K03501",1,Sphingosinithalassobacter portus,2882487013,20-45
,,,,,GCA_003171655,
11265,CXB 654,"DSM 45414, LMG 25485, JCM 16559",1,Spinactinospora alkalitolerans,2849348795,16-44
14337,,"DSM 17781, ATCC BAA-1285, SIP 1",1,Spirochaeta cellobiosiphila,1123275.4,Sep-37
,,,,,2526164518,
,,,,,GCA_000426705,
166363,BT328,"KCTC 72365, NBRC 114506",1,Spirosoma aureum,2692134.3,30-Oct
,,,,,2884371665,
,,,,,GCA_011604685,
23883,,"DSM 26130, LMG 27272, EX 36",1,Spirosoma endophyticum,2622736583,20-28
,,,,,662367.4,
,,,,,GCA_900112365,
3823,"RODSPM10, SPM-10","DSM 19990, NCIMB 14406",1,Spirosoma luteum,1123276.3,20
,,,,,2515154133,
,,,,,GCA_000374065,
3822,,"DSM 21099, KCTC 22263, Gsoil 1519",1,Spirosoma panaciterrae,1123277.3,15-42
,,,,,2515154167,
,,,,,GCA_000374025,
158419,HA7,"DSM 105799, LMG 30282",1,Spirosoma pollinicola,2057025.3,30-Apr
,,,,,2775506907,
,,,,,GCA_002831565,
134302,WPCB118,"KCTC 12531, NBRC 101117",1,Spirosoma rigui,564064.4,Apr-37
,,,,,GCA_002067135,
3825,"RODSPM9, SPM-9","DSM 19989, NCIMB 14407",1,Spirosoma spitsbergense,1123278.3,20
,,,,,2515154151,
,,,,,GCA_000374085,
17903,HAL40b,"DSM 17750, CCUG 54896",1,Spongiibacter marinus,2861631615,Oct-40
,,,,,354246.3,20-30
,,,,,GCA_016906995,
17904,"5IX/A0/131, 5IX/A01/131","DSM 19753, CIP 109757, MOLA 225",0,Spongiibacter marinus,1122224.3,15-37
,,,,,2523533546,
,,,,,GCA_000422345,
133174,SPT1,"JCM 31012, BCRC 80916",1,Spongiibacter taiwanensis,GCA_023702635,Apr-37
17905,CL-CB221,"DSM 19543, KCCM 90065",1,Spongiibacter tropicus,1123279.7,Oct-40
,,,,,2524614733,
,,,,,GCA_000420325,
11849,ZLJ 115,"DSM 16796, AS 1.5019",1,Sporacetigenium mesophilum,2574180449,20-42
14385,M-8,"DSM 442, ATCC 23492, NCIB 10269, CCUG 33623, LMG 16675, CIP 104421, IAM 12321, JCM 2513, LMG 6329, BCRC 11598, CECT 692, KCTC 3117, NBRC 102473, NCIMB 10269",1,Sporolactobacillus laevolacticus,1395513.3,15
,,,,,2554235469,18-45
,,,,,GCA_000497245,
14398,M-114,"DSM 11696, JCM 3514, CCUG 41660, CIP 105319, ATCC 700379, CGMCC 1.3845, IAM 12388, LMG 18787, NBRC 101526",1,Sporolactobacillus nakayamae subsp. nakayamae,2597490367,15-30
,,,,,269670.4,
,,,,,GCA_900113325,
133204,GD201205,"CICC 23867, KCTC 15488",1,Sporolactobacillus pectinivorans,2791354945,15
,,,,,GCA_002802965,20-40
140530,MK21-7,"NBRC 111517, LMG 29111, TISTR 2466",1,Sporolactobacillus shoreicorticis,GCA_024125445,20-40
14399,M-116,"CCUG 41658, CIP 105317, DSM 11697, JCM 3516, ATCC 700380, IAM 14264, LMG 18887, NBRC 101527",1,Sporolactobacillus terrae,1444306.3,15-30
,,,,,2711768088,
,,,,,GCA_000648615,
2873,SOL3f37,"DSM 21485, JCM 15487, KCTC 15135",1,Sporosalibacterium faouarense,GCA_016765695,20-48
11976,"W 25, W25","DSM 4, ATCC 23301, CCM 2119, NCIMB 11434, CCUG 7419, CIP 103266, LMG 6928, JCM 10046, IFO 16082, CGMCC 1.3607, IAM 14760, JCM 2509, KCTC 3736, NBRC 16082, NRRL B-3396, NRRL NRS-1533, VKM B-1435",1,Sporosarcina globispora,GCA_001274725,15
,,,,,,20
11949,,"DSM 13886, ATCC 43646, NCIMB 11923, ISS 101",1,Sporosarcina limicola,2875783027,20
,,,,,34101.3,
,,,,,GCA_014873855,
11985,T5A,"DSM 6497, NRRL 1515",0,Sporosarcina psychrophila,1476.3,20
,,,,,2687453372,
,,,,,GCA_001590685,
5848,LLR-40K-21,"DSM 44728, CIP 108903, NRRL B-16338, JCM 14905, BCRC 16844, NBRC 102104",1,Stackebrandtia nassauensis,446470.6,Oct-45
,,,,,646564571,15-37
,,,,,GCA_000024545,
166515,THS-13,"BCRC 81158, LMG 30925, KCTC 62868",1,Stagnimonas aquatica,2881719674,20-37
,,,,,GCA_003730135,
14297,,"DSM 25059, CGMCC 1.7294, LMG 24686, JLT 832",1,Stakelama pacifica,2795385468,May-37
,,,,,517720.11,
,,,,,517720.7,
,,,,,GCA_004361835,
,,,,,GCA_014645395,
23285,CJ70,"DSM 27203, JCM 18079, KACC 16559",1,Stakelama sediminis,2828395373,20-37
,,,,,463200.5,
,,,,,GCA_014199335,
14677,"6 VT, 6-4","DSM 23656, CCUG 59809",1,Staphylococcus agnetis,985762.14,15-45
,,,,,GCA_002901865,
14487,533 R4,"DSM 20231, ATCC 12600, CCM 885, NCDO 949, NCTC 8532, CCUG 1800, IAM 12544, JCM 20624, ATCC 12600-U, CIP 65.8, HAMBI 66, NBRC 100910, NCAIM B.01065, NCCB 72047, NCIMB 13062, UCCCB115, GIFU 9120",1,Staphylococcus aureus,1223492.3,5
,,,,,1241616.3,
,,,,,1241616.6,
,,,,,1241616.8,
,,,,,1280.21617,
,,,,,1280.4849,
,,,,,2541047520,
,,,,,2654587978,
,,,,,2667527535,
,,,,,2675903531,
14444,MVF-7,"DSM 20714, ATCC 35844, CIP 103780, CCUG 37246, CCM 3823, MVF 7, GIFU 10707",0,Staphylococcus aureus,2917488298,15
,,,,,72759.14,
,,,,,GCA_002902425,
14445,"209 P, 209P","CCUG 1828, CCM 2022, DSM 346, ATCC 6538P, CIP 53.156, NCTC 7447, WDCM 00033, JCM 2151, BCRC 10451, CECT 240, CGMCC 1.2910, FDA 209P, IAM 1011, IAM 12082, IFO 12732, IID 671, KCTC 1927, LMG 8195, NBRC 12732, NCFB 1963, NCIMB 8625, NRIC 1136, NRRL B-313, RIMD 3109007, IMET 10904, NCDO 1963, NRRL : B-313, IFO 3061, WDCM 00195",0,Staphylococcus aureus,1280.18033,10
,,,,,1295139.3,15-45
,,,,,2728369715,
,,,,,GCA_001312225,
,,,,,GCA_900457305,
14446,Oxford H,"DSM 683, ATCC 9144, CCM 2107, NCIB 6571, NRRL B-314, WDCM 00035, CCUG 1431, NCTC 6571, CIP 53.154, NRRL : B-314, NCIMB 6571, LMG 10640, CECT 59",0,Staphylococcus aureus,1280.1806,15-37
,,,,,GCA_023634625,
,,,,,GCA_900457695,
14447,209,"CCUG 10778, IFO 13276, CCM 4516, DSM 799, ATCC 6538, CIP 4.83, NCIMB 9518, NCTC 10788, WDCM 00032, IMET 10761, CCTM 2103, CCUG 1623, LMG 8064, NBRC 13276, CECT 239, CMCC (B)26003",0,Staphylococcus aureus,1280.18032,10
,,,,,2630968918,15-45
,,,,,46170.135,
,,,,,46170.304,
,,,,,46170.415,
,,,,,46170.458,
,,,,,GCA_000877975,
,,,,,GCA_002025145,
,,,,,GCA_002288945,
,,,,,GCA_900457295,
14448,Seattle 1945,"DSM 1104, ATCC 25923, WDCM 00034, CCUG 17621, JCM 2413, CCM 3953, CCUG 7738, CECT 435, CIP 76.25, IFO 14462, LMG 8224, NBRC 14462, NCIMB 12702, NCTC 12981, VTT E-94530",0,Staphylococcus aureus,1236977.3,Oct-45
,,,,,1280.11673,5
,,,,,1280.12905,
,,,,,1280.12906,
,,,,,1280.15094,
,,,,,1280.15095,
,,,,,1280.17722,
,,,,,1280.21147,
,,,,,2597490282,
,,,,,2728369662,
14449,Wichita,"CCUG 15915, DSM 2569, ATCC 29213, WDCM 00131, JCM 2874, CCM 4223, CECT 794, CIP 103429, IFO 15035, LMG 10147, NBIMCC 3999, NBRC 15035, NCTC 12973",0,Staphylococcus aureus,1280.1811,Oct-37
,,,,,1280.26265,
,,,,,1280.26266,
,,,,,2648501387,
,,,,,46170.151,
,,,,,46170.287,
,,,,,GCA_001267715,
,,,,,GCA_001879295,
,,,,,GCA_022832775,
,,,,,GCA_022870465,
14451,SA113,"CCUG 41582, DSM 4910, ATCC 35556, NCTC 8325, CIP 107700",0,Staphylococcus aureus,46170.125,10
,,,,,637000279,
,,,,,93061.132,
,,,,,93061.5,
,,,,,GCA_000013425,
,,,,,GCA_024454545,
,,,,,GCA_900475245,
14486,S11,"DSM 20372, ATCC 12598, CCM 2352, NCTC 8530, CIP 65.6, NCDO 1552, NCIMB 11787",0,Staphylococcus aureus,1280.18061,10
,,,,,1280.4807,
,,,,,GCA_015694125,
,,,,,GCA_900457715,
14490,"Wood 46, Wood","DSM 20491, ATCC 10832, CCM 2351, NCTC 7121, CIP 52.1",0,Staphylococcus aureus,1280.19114,10
,,,,,GCA_001953735,
,,,,,GCA_900635285,
136954,BM3318,CIP 108540,0,Staphylococcus aureus,1280.17978,10
,,,,,GCA_003546055,
138348,,"CIP 106415, ATCC 700698, CCUG 45316, Mu 3",0,Staphylococcus aureus,1280.4823,10
138353,,"CIP 106414, ATCC 700699, MU 50",0,Staphylococcus aureus,1280.4808,10
,,,,,2852001951,
14503,"WK 811M, WK811M, LRA 013 01 83","DSM 20609, ATCC 33753, JCM 2421, BCRC 13912, CCM 3991, CCUG 15601, CCUG 36974, CECT 4052, CIP 103587, KCTC 3584, NCTC 12101, NRRL B-14762",1,Staphylococcus auricularis,2724678964,10
,,,,,29379.16,
,,,,,29379.19,
,,,,,29379.37,
,,,,,29379.39,
,,,,,29379.8,
,,,,,GCA_001500315,
,,,,,GCA_002902455,
,,,,,GCA_018323945,
,,,,,GCA_900478415,
14602,,"CCUG 35142, DSM 6717, ATCC 49326, MAW 8436, CIP 104192, MAW 8434",1,Staphylococcus capitis subsp. urealyticus,2917448220,15
,,,,,74703.3,
,,,,,GCA_002901925,
14634,"SK 11, SK 11T","DSM 11676, JCM 6067, CCUG 39903, CIP 105758, NCIMB 13560, NCTC 13826",1,Staphylococcus carnosus,1281.26,10
,,,,,147449.14,
,,,,,147449.15,
,,,,,2917453476,
,,,,,GCA_002902605,
,,,,,GCA_900458365,
14635,SK 09,"DSM 11677, JCM 6065, CIP 105759",0,Staphylococcus carnosus,1281.25,10
14655,SB72,"DSM 15096, CIP 107658, CCUG 47674, CCM 7194",1,Staphylococcus casei,201828.3,Oct-41
,,,,,2917474615,
,,,,,GCA_002902445,
14517,1462,"CCUG 4319, CIP 81.59, NRRL B-14759, DSM 20454, ATCC 43764, CCM 3387, NCTC 10530",1,Staphylococcus chromogenes,46126.119,10
,,,,,46126.177,
,,,,,46126.206,
,,,,,46126.27,
,,,,,GCA_002901945,
,,,,,GCA_014635745,
,,,,,GCA_017775145,
,,,,,GCA_900458195,
14601,"GA211, GA 211","DSM 6628, ATCC 49545, CIP 104370, JCM 7470, CCUG 37248, CCM 4313, DSMZ 6628, GTC 510, LMG 22205",1,Staphylococcus coagulans,2917424509,15-45
,,,,,74706.5,
,,,,,GCA_002901995,
14518,"GH 137, GH137","DSM 20260, ATCC 29974, CCM 2736, JCM 2417, BCRC 12155, CCUG 35144, CCUG 6463, CCUG 7322, CIP 81.54, NBRC 109713, NCIMB 13637, NCTC 11041, NRRL B-14756",1,Staphylococcus cohnii,29382.25,10
,,,,,29382.51,
,,,,,74704.14,
,,,,,74704.9,
,,,,,GCA_002902365,
,,,,,GCA_007992675,
,,,,,GCA_900240165,
,,,,,GCA_900458255,
14632,F-2,"DSM 11674, JCM 6074, CCUG 39902, CCM 4753, CIP 105760, NCIMB 13559, NCTC 13827",1,Staphylococcus condimenti,2645727505,10
,,,,,2687453551,
,,,,,2917450786,
,,,,,70255.1,
,,,,,70255.13,
,,,,,70255.17,
,,,,,70255.18,
,,,,,70255.23,
,,,,,GCA_001014685,
,,,,,GCA_001618885,
14529,Fussel,"DSM 20044, ATCC 14990, CCM 2124, WDCM 00132, JCM 2414, CCUG 18000, CCUG 39508, CECT 232, CIP 81.55, IAM 12013, LMG 10474, NBRC 100865, NBRC 100911, NCIMB 12721, NCTC 11047",1,Staphylococcus epidermidis,1236978.3,15
,,,,,1282.221,
,,,,,1282.2319,
,,,,,1282.2421,
,,,,,1282.2825,
,,,,,1282.3288,
,,,,,1282.3359,
,,,,,2728369663,
,,,,,GCA_001310935,
,,,,,GCA_002087975,
14522,,"DSM 1798, ATCC 12228, WDCM 00036, CCUG 21989, PCI 1200, JCM 20345, IAM 12012, IFO 12993, NBRC 12993, NCIMB 8853, CIP 68.21, LMG 10273, CCM 4418, CECT 231, NCTC 13360, WHO 12",0,Staphylococcus epidermidis,1282.2149,15
,,,,,1282.2244,
,,,,,1282.2324,
,,,,,1282.2325,
,,,,,1282.2326,
,,,,,1282.2327,
,,,,,1282.2328,
,,,,,1282.365,
,,,,,1282.4261,
,,,,,1449752.3,
24584,"RP62a, BM 3577","DSM 28319, ATCC 35984, CECT 4184, CCUG 31568, CIP 105777, BCRC 17069",0,Staphylococcus epidermidis,176279.51,10
,,,,,176279.9,
,,,,,637000282,
,,,,,GCA_000011925,
14662,"PA 231, PA231","DSM 20674, ATCC 43958, CCUG 30109, CCM 3832, NCTC 12414, CIP 103502, NRRL B-14765",1,Staphylococcus equorum,246432.121,15-37
,,,,,246432.9,
,,,,,29383.5,
,,,,,GCA_003970515,
,,,,,GCA_900458565,
14651,"ID 01-1208, RP29","CCUG 49024, DSM 15097, CIP 107656, CCM 7278",0,Staphylococcus equorum subsp. linens,201829.6,10
,,,,,246432.12,
,,,,,GCA_002901955,
14544,SM 131,"DSM 20263, ATCC 29970, CCM 2737, CCUG 7323, NCTC 11042, JCM 2416, BCRC 12923, CECT 4900, CIP 81.56, KCTC 3341, LMG 13349, NBRC 109768, NCIMB 14489, NRRL B-14755, VTT E-97770, GIFU 9124",1,Staphylococcus haemolyticus,1283.594,10
,,,,,1283.646,
,,,,,1283.682,
,,,,,1283.729,
,,,,,GCA_002901805,
,,,,,GCA_006094395,
,,,,,GCA_007992795,
,,,,,GCA_900458595,
14636,DM 122,"DSM 20328, ATCC 27844, JCM 31912, CCUG 35516, BCRC 12156, CCM 3474, CECT 234, CIP 81.57, JCM 2419, KCTC 3343, LMG 13348, MTCC 6150, NBRC 110726, NCIMB 14488, NCTC 11320, NRRL B-14737, CCUG 6468, GIFU 9125",1,Staphylococcus hominis subsp. hominis,1290.133,10
,,,,,145391.8,
,,,,,GCA_002901845,
,,,,,GCA_900458635,
14657,R22,"DSM 15614, ATCC 700236, CCUG 42399, CIP 105719",1,Staphylococcus hominis subsp. novobiosepticus,145393.3,10
,,,,,GCA_002902465,
14555,"H11, H11/68","DSM 20373, ATCC 29663, CCM 5739, NCTC 11048, JCM 2422, BCRC 12157, CCUG 27191, CCUG 6520, CECT 7205, CIP 81.60, CNCTC M16/75, KCTC 3344, LMG 13351, MTCC 6152, NRRL B-14754, GIFU 8781",1,Staphylococcus intermedius,1141106.1,10
,,,,,1141106.7,
,,,,,1141106.9,
,,,,,2548876980,
,,,,,2917445263,
,,,,,2917485323,
,,,,,GCA_000308095,
,,,,,GCA_002902385,
,,,,,GCA_900458545,
14556,,"DSM 20676, ATCC 43959, CCUG 30110, CCM 3834, SC 210, CIP 103503, GIFU 10764",1,Staphylococcus kloosii,29384.15,15-37
,,,,,GCA_003019255,
14614,M340/94,"DSM 10244, CCUG 38494, CIP 105399, CCM 4681, ATCC 700373",1,Staphylococcus lutrae,155085.7,10
,,,,,2917434650,
,,,,,GCA_002902165,
14672,4005-LJ(m),"DSM 22147, CCM 4903, CCUG 55861",1,Staphylococcus microti,2627854114,15-45
,,,,,2917456370,
,,,,,569857.6,
,,,,,569857.9,
,,,,,GCA_000934465,
,,,,,GCA_002902635,
14605,MB4,"DSM 7068, ATCC 49910, CCM 4175, CCUG 36972, CIP 103641",1,Staphylococcus muscae,1294.7,15
,,,,,1294.8,
,,,,,1294.9,
,,,,,2917496769,
,,,,,GCA_002901905,
,,,,,GCA_003019275,
,,,,,GCA_014634965,
14652,CW1,"DSM 15150, CCUG 48991, CCM 7045, CIP 108211",1,Staphylococcus nepalensis,214473.15,Oct-41
,,,,,214473.24,
,,,,,2917442331,
,,,,,GCA_002902745,
,,,,,GCA_014635045,
14671,B3117,"DSM 19554, CCUG 51270, CIP 107711, CCM 7495",1,Staphylococcus pettenkoferi,170573.3,10
,,,,,170573.8,
,,,,,2917437079,
,,,,,GCA_002902685,
14606,"SK03, SK 03","CCUG 35133, TISTR 824, NRIC 1817, DSM 7373, ATCC 51136, JCM 6057, NCIMB 13277, CCM 4345, CIP 103958, LMG 22178, NBRC 109625, NCTC 13836",1,Staphylococcus piscifermentans,2772190616,18
,,,,,70258.6,
,,,,,70258.7,
,,,,,70258.8,
,,,,,GCA_003970555,
,,,,,GCA_007992655,
,,,,,GCA_900186985,
14670,"ON 86, R-20986, ON86","DSM 21284, CCUG 49543, CIP 108864, LMG 22219, JCM 17571, CCUG 22219",1,Staphylococcus pseudintermedius,283734.1041,10
,,,,,283734.201,
,,,,,283734.2341,
,,,,,2917480293,
,,,,,2917482833,
,,,,,GCA_001792775,
,,,,,GCA_002902125,
14669,"KV 12, KV 12T","DSM 18669, CCM 4410, CCUG 36975, CCUG 38042, CIP 105260",1,Staphylococcus saprophyticus,147453.4,10
,,,,,GCA_002902545,
14625,S-41,"DSM 20229, ATCC 15305, CCM 883, NCIB 8711, NCTC 7292, WDCM 00159, CCUG 3706, ATCC 19701, JCM 2427, BCRC 10786, CCUG 3006, CECT 235, CIP 76.125, IAM 12452, LMG 13350, MTCC 6155, NBIMCC 3348, NBRC 102446, NCAIM B.01067, NCCB 73011, NCFB 948, NCIMB 8711, NRRL B-14751, NCDO 948",1,Staphylococcus saprophyticus subsp. saprophyticus,147452.8,10
,,,,,29385.233,
,,,,,342451.11,
,,,,,342451.3,
,,,,,342451.32,
,,,,,342451.33,
,,,,,342451.37,
,,,,,637000284,
,,,,,GCA_000010125,
,,,,,GCA_001997165,
14568,"N850274, N 850274","DSM 4807, ATCC 43808, CCUG 25351, NCTC 12218, CCM 4070, CIP 103643",1,Staphylococcus schleiferi subsp. schleiferi,1295.64,15
,,,,,1295.8,
,,,,,74707.3,
,,,,,GCA_003968865,
,,,,,GCA_011137195,
,,,,,GCA_900458895,
137308,BM 12486,"CIP 105824, ATCC 29059",0,Staphylococcus sciuri,147467.15,10
,,,,,GCA_900117375,
14665,,"CCUG 51256, DSM 17636, CCM 7213, CIP 108931, LMG 22723",1,Staphylococcus simiae,2513237273,15-45
,,,,,308354.6,
,,,,,911238.3,
,,,,,GCA_000235645,
,,,,,GCA_002902085,
14572,"MK 148, MK148","DSM 20322, ATCC 27848, CCM 2705, CCUG 7327 A, NCTC 11046, JCM 2424, BCRC 12928, CCUG 7327, CECT 4538, CIP 81.64, HAMBI 2058, NBRC 109714, NRRL B-14753, VTT E-97784, GIFU 9127",1,Staphylococcus simulans,1286.118,Oct-45
,,,,,1286.76,
,,,,,1286.8,
,,,,,GCA_002902285,
,,,,,GCA_900240105,
,,,,,GCA_900474685,
14650,AMG-D1,"DSM 14617, ATCC 700337, CIP 107307, CCUG 43571, CCM 7157",1,Staphylococcus succinus,224030.5,10
,,,,,224030.8,
,,,,,2639763042,
,,,,,2917463979,
,,,,,GCA_001006765,
,,,,,GCA_002902045,
14603,"CK27, CK 27","DSM 6718, ATCC 49330, CCUG 35143, CIP 104024",1,Staphylococcus ureilyticus,2917477538,15
,,,,,94138.7,
,,,,,GCA_002902235,
14587,AW 25,"DSM 20316, ATCC 27836, CCM 2730, CCUG 7325, NCTC 11044, JCM 2415, BCRC 12929, CECT 236, CIP 81.65, KCTC 3340, LMG 13354, NBRC 109769, NRRL B-14736, VTT E-97785, GIFU 9128",1,Staphylococcus warneri,1292.103,10
,,,,,1292.58,
,,,,,596319.3,
,,,,,GCA_002901765,
,,,,,GCA_900636385,
14599,"KL 162, KL62","CCUG 7324, NCTC 11043, DSM 20266, ATCC 29971, CCM 2738, JCM 2418, BCRC 12930, CECT 237, CIP 81.66, HAMBI 2057, KCTC 3342, LMG 20217, MTCC 6149, NBRC 109770, NCAIM B.02008, NRRL B-14776, VTT E-97787",1,Staphylococcus xylosus,1288.12,10
,,,,,1288.129,
,,,,,1288.13,
,,,,,1288.169,
,,,,,1288.19,
,,,,,GCA_002732165,
,,,,,GCA_002901985,
,,,,,GCA_007992815,
,,,,,GCA_900240095,
,,,,,GCA_900458755,
13838,"2M/E, TS101","DSM 5886, ATCC 15215, ICPB 4170, JCM 20692, BCRC 80196, CIP 105977, IAM 12621, IFO 15764, NBRC 15764",1,Stappia stellulata,1123294.3,May-37
,,,,,2524614815,
,,,,,GCA_000423705,
133897,"CC-SPIO-10, CC-SP10-10","CCUG 59208, LMG 25538, CCM 7757, DSM 23284",1,Stappia taiwanensis,992267.3,Oct-45
,,,,,992267.6,
,,,,,GCA_013868145,
,,,,,GCA_014635285,
17415,,"DSM 506, ATCC 8093, CCM 1077, IFO 12443, NBRC 12443, NCIMB 10456, JCM 20403, CIP 104402, CIP 106821, IAM 12100, NBRC 14993, NCIMB 9113, IFO 14993",1,Ancylobacter novellus,639283.3,10
,,,,,648028054,
,,,,,GCA_000092925,
166485,GT1R17,"CGMCC 1.16137, NBRC 113346",1,Stenotrophobium rhamnosiphilum,2029166.3,20-25
,,,,,GCA_003052265,30-Apr
17557,,"DSM 13117, ATCC 700916, CIP 106456, CCUG 46887, LMG 22073, AMX 19, JCM 13310",1,Stenotrophomonas acidaminiphila,128780.7,Oct-41
,,,,,2713896760,5
,,,,,GCA_001431595,
,,,,,GCA_024221815,
140359,BII-R7,"DSM 103927, CECT 9180, LMG 29893",1,Stenotrophomonas bentonitica,1450134.7,15-37
,,,,,GCA_013185915,4
166347,TPQG1-4,"CFCC 15341, LMG 31208",1,Stenotrophomonas cyclobalanopsidis,GCA_008710035,Apr-37
133582,MJ03,"KCTC 22451, JCM 16244, CCUG 59871",1,Stenotrophomonas daejeonensis,2713896761,20-42
,,,,,659018.3,
,,,,,GCA_001431505,
17569,DCY-01,"DSM 24757, KCTC 12539, NBRC 101154, CCUG 59870",1,Stenotrophomonas ginsengisoli,2713896759,4
,,,,,336566.3,
,,,,,GCA_001431485,
17566,R-32729,"DSM 18929, LMG 23959, CCUG 54881",1,Stenotrophomonas humi,2713896756,15-37
,,,,,405444.3,
,,,,,GCA_001431415,
158735,M15,"LMG 29943, DSM 104152, CIP 111740",1,Stenotrophomonas lactitubi,2869333513,Jun-37
,,,,,GCA_002803515,
17532,"67, 810-2","DSM 50170, ATCC 13637, ICPB 2648-67, NCIB 9203, NCTC 10257, CCUG 5866, LMG 958, NCPPB 1974, JCM 1975, BCRC 10737, CCM 1640, CECT 115, CGMCC 1.1788, CIP 60.77, GIFU 418, IAM 12423, IFO 14161, IMET 10402, NBRC 14161, NCIMB 9203, NRC 729, NRRL B-2756, VKM B-591, ACM 497",1,Stenotrophomonas maltophilia,1220593.3,10
,,,,,2623620580,5
,,,,,2731957641,
,,,,,2850698245,
,,,,,40324.1221,
,,,,,40324.191,
,,,,,40324.252,
,,,,,GCA_001591205,
,,,,,GCA_001997185,
,,,,,GCA_025617355,
17534,,"DSM 21874, ATCC 19374, CCEB 338, CCUG 559 B, CIP 106700, LMG 2195, NCIMB 9428, JCM 13324",0,Stenotrophomonas maltophilia,2657245696,Oct-37
,,,,,40324.14,20
,,,,,GCA_001431625,5
137674,MGB,"CIP 104854, ATCC 700475, CCUG 41684, LMG 22072",0,Stenotrophomonas maltophilia,2690316150,Oct-37
,,,,,40324.142,
,,,,,40324.1594,
,,,,,GCA_001431675,
,,,,,GCA_013004645,
17555,L2,"CCUG 46888, CIP 107228, LMG 22074, DSM 12575, ATCC BAA-12, JCM 13311",1,Stenotrophomonas nitritireducens,2713896755,10
,,,,,83617.3,5
,,,,,GCA_001431425,
17570,,"CCUG 59972, DSM 25135, CBMAI 564, ICB 89, LMG 25348, CIP 111741",1,Stenotrophomonas pavanii,2623620583,20-37
,,,,,2740892494,
,,,,,487698.4,
,,,,,487698.5,
,,,,,GCA_001431565,
,,,,,GCA_900101175,
13146,,"DSM 19282, ATCC 23328, CCM 284, CIP 103273, JCM 9942, LMG 981, NCIMB 9152, VKM 1240, BCRC 15831, CCEB 322, CCUG 1823, CCUG 3368, KCTC 12497, NCAIM B.01950, NRRL B-2543, VKM B-1240, IMET 10400",1,Stenotrophomonas pictorum,1236960.5,10
,,,,,2713896885,4
,,,,,2728369656,5
,,,,,40324.139,
,,,,,GCA_001310775,
,,,,,GCA_001431585,
17560,"e-p10, p69","DSM 14405, ATCC BAA-473, CCUG 54934, JCM 13333, CCUG 47042, CIP 107801",1,Stenotrophomonas rhizophila,216778.7,May-37
,,,,,2576861471,
,,,,,GCA_000661955,
17567,R-32768,"CCUG 54880, DSM 18941, CIP 109813, LMG 23958",1,Stenotrophomonas terrae,2675903279,15-37
,,,,,405446.3,
,,,,,GCA_001431465,
140908,T5916-2-1b,"JCM 30961, NCIMB 15009",1,Stenotrophomonas tumulicola,1685415.3,Oct-37
,,,,,GCA_014117215,
17663,FS,"DSM 18526, JCM 14622",1,Steroidobacter denitrificans,2721755797,20-38
,,,,,465721.9,
,,,,,GCA_001579945,
166250,JW-3,"CCTCC AB 2018184, KCTC 62820",1,Steroidobacter soli,2887356921,16-37
,,,,,GCA_004138485,
159082,"Malle 15, Mal15","DSM 100215, LMG 29790",1,Stieleria maiorica,GCA_008035925,Nov-37
160127,"Pla52n, Pla52neu","DSM 102885, LMG 29463, VKM B-3447",1,Stieleria varia,GCA_007860045,15-36
159665,"232, NIES-2131","DSM 106950, SAG 48.90, IAM M-252",0,Stigonema ocellatum,221294.3,17
,,,,,GCA_016903675,
159753,MMS16-CNU450,"KCTC 49008, JCM 32300",1,Streptacidiphilus pinicola,2856758937,15-33
,,,,,GCA_003258295,
13493,A12253. 1,"DSM 40477, ATCC 17920, CBS 697.72, IFO 16176, ISP 5477, JCM 4838, NBRC 16176, NBRC 16177, NRRL B-12390T, RIA 1357, NRRL B-12390, BCRC 12593, IFO 13396, IFO 16175, IFO 16177, IFO 16188, LMG 5988, NBIMCC 841, NBRC 16175, NBRC 16188, NCIMB 11028, NRRL 3816, VKM Ac-1870",1,Streptoalloteichus tenebrarius,2596583539,20-37
,,,,,651716755,
,,,,,651716781,
,,,,,GCA_024171885,
14711,,"DSM 20622, ATCC 51725, CCUG 27296, LMG 17755, NCDO 2025, LMG 17296, CIP 82.4",1,Streptococcus acidominimus,GCA_001921825,10
14712,"G 19, G19","CCUG 4208, CIP 103227, JCM 5671, DSM 2134, ATCC 13813, NCTC 8181, BCRC 10787, BIOTECH 10527, CECT 183, LMG 14694, NCAIM B.01882, NCFB 1348, NCIMB 701348, VTT E-97858, NCDO 1348",1,Streptococcus agalactiae,1311.2442,10
,,,,,2537561940,
,,,,,2917287493,
,,,,,888745.3,
,,,,,GCA_000186445,
,,,,,GCA_900458965,
14713,,"DSM 6784, ATCC 27956, CCUG 34230, NADC 44, CIP 105451",0,Streptococcus agalactiae,1154862.3,10
,,,,,2548876895,
,,,,,GCA_000323085,
14714,ND 2-22,"DSM 16828, ATCC 51487, CIP 103768, LMG 15977, JCM 32209",0,Streptococcus difficilis,1261567.3,10
135178,D136 C,"CIP 82.45, ATCC 12403, CCUG 29782, CNCTC 4/70",0,Streptococcus agalactiae,1105256.3,10
,,,,,2706794500,
,,,,,GCA_000310485,
14717,"Havill III. (R. Lancefield F68A), Havill III, F68A","DSM 20563, ATCC 12395, ATCC 33397, NCTC 10713, CCUG 27298, LMG 14502, JCM 12993, CCUG 35776, CIP 102921, HAMBI 1525, NCFB 2496, NCDO 2496",1,Streptococcus anginosus subsp. anginosus,1000570.3,10
,,,,,1000570.31,
,,,,,1000570.8,
,,,,,1000570.9,
,,,,,1328.317,
,,,,,1328.337,
,,,,,1328.82,
,,,,,1671923.4,
,,,,,1671923.5,
,,,,,2515154090,
14816,AI-1,"CCUG 45919, CIP 107167, DSM 15627, ATCC 700641, NCTC 13166",1,Streptococcus australis,113107.3,10
,,,,,2808606731,
,,,,,649990003,
,,,,,888833.12,
,,,,,888833.3,
,,,,,GCA_000186465,
,,,,,GCA_000222745,
,,,,,GCA_900476055,
157075,Dec-02,"CCUG 69378, DSM 103678",1,Streptococcus azizii,GCA_001984715,Oct-45
14720,STR-T1,"DSM 20715, ATCC 43496, CCUG 27661, CIP 103223, CNCTC 18/89, NCTC 12191",1,Streptococcus canis,1329.38,10
,,,,,482234.3,
,,,,,GCA_900636575,
14827,M605815/03/2,"DSM 17536, CCUG 48115, CIP 108205",1,Streptococcus castoreus,1123299.3,10
,,,,,2523533613,
,,,,,GCA_000425025,
14795,CR311,"DSM 8249, ATCC 51100, NCTC 12479, CCUG 33481, LMG 16320, JCM 31122, CIP 105954",1,Streptococcus cristatus,649990004,10
,,,,,889201.11,
,,,,,889201.2,
,,,,,889201.21,
,,,,,889201.3,
,,,,,GCA_000187855,
,,,,,GCA_000222765,
,,,,,GCA_011612585,
,,,,,GCA_900475445,
14834,,"DSM 19639, CCUG 47155, CIP 107809",1,Streptococcus devriesei,1123300.3,10
,,,,,2524614607,
,,,,,GCA_000423725,
14814,94-11374-1,"DSM 15616, ATCC 700828, CCUG 45419, WADDL 94-11374-1, CIP 106980",1,Streptococcus didelphis,1123301.3,10
,,,,,2515154028,
,,,,,GCA_000380005,
138212,,"CIP 105452, ATCC 27957, JCM 5673, NADC Z-8",0,Streptococcus dysgalactiae,2545824515,10
,,,,,663952.3,
,,,,,GCA_000188315,
139680,"C2, Austin","CIP 55.119, NCTC 8546",0,Streptococcus dysgalactiae,119602.291,10
,,,,,GCA_901542365,
14799,"0134, 134","DSM 20662, ATCC 43078, NCDO 2023, CCUG 27301, LMG 16023, LMG 15885, CIP 102914",1,Streptococcus dysgalactiae subsp. dysgalactiae,1334.232,10
14801,,"DSM 23147, CCUG 36637, CCUG 36913, CIP 105120, LMG 16026, NCIMB 701356 (formerly NCFB 1356), NCFB 1356, NCTC 4540",1,Streptococcus dysgalactiae subsp. equisimilis,1000589.3,10
,,,,,1334.23,
,,,,,2926464969,
14800,"LRA 06 11 76, LRA 006 11 76","CCUG 4211, LMG 15819, CIP 103684, DSM 6176, ATCC 35666, NCTC 8543",0,Streptococcus dysgalactiae subsp. equisimilis,119602.195,10
,,,,,1334.229,
,,,,,GCA_900460145,
14809,,"DSM 14446, CCUG 44616, CECT 5353, CIP 107435, LMG 21848, JCM 12180",1,Streptococcus entericus,1123302.3,10
,,,,,2515154023,
,,,,,GCA_000380025,
14724,"C 15, C15","DSM 20561, ATCC 33398, NCDO 2493, NCTC 9682, CCUG 23255, LMG 15886, CIP 102910",1,Streptococcus equi subsp. equi,1336.4,10
,,,,,1336.5,
,,,,,148942.55,
,,,,,2681812816,
,,,,,2684622844,
,,,,,GCA_900110405,
,,,,,GCA_900156215,
,,,,,GCA_900637675,
14725,"S 34, S34","CCUG 23256, NCTC 4676, CIP 103228, DSM 20727, ATCC 43079, NCDO 1358, NCTC 7023, NBIMCC 2033",1,Streptococcus equi subsp. zooepidemicus,40041.6,10
,,,,,40041.61,
,,,,,GCA_900459475,
,,,,,GCA_900460185,
14727,"Hl2B, H12B","DSM 20558, ATCC 9812, NCDO 1037, CCUG 27302, IFO 12553, JCM 7879, BCRC 12578, CECT 973, CGMCC 1.2506, CIP 102504, HAMBI 1572, LMG 14897, NBRC 12553, NCIMB 701037, NCTC 12969",1,Streptococcus equinus,1335.79,10
,,,,,525379.3,
,,,,,649990006,
,,,,,GCA_000187265,
,,,,,GCA_900459295,
14719,Pearl 11,"DSM 20480, ATCC 33317, NCDO 597, NCTC 8177, WDCM 00133, JCM 5802, ACM 3539, CCUG 17828, CCUG 34832, CECT 213, CECT 974, CGMCC 1.2502, CIP 102302, JCM 7877, LMG 8518, NCIMB 700597",0,Streptococcus equinus,1210006.5,10
,,,,,2600255054,
,,,,,GCA_000747195,
14811,"SVSJ 13156, SVS J 13156","DSM 15349, CCUG 42692, CIP 10787, CIP 107087, LMG 21849, JCM 12181, KCTC 3876",1,Streptococcus gallinaceus,2928547191,10
136355,2.3,"CIP 104887, ACM 3969, JCM 31120, ATCC 700065, LMG 15572",0,Streptococcus gallolyticus,2599185152,10
,,,,,2606217751,
,,,,,315405.15,
,,,,,315405.16,
,,,,,GCA_900112565,
,,,,,GCA_900116655,
14821,,"DSM 16831, ACM 3611, CCUG 35224, CIP 105428, JCM 10005, LMG 16802, CIP 105425, NCTC 13773",1,Streptococcus gallolyticus subsp. gallolyticus,1258574.3,Oct-45
,,,,,2917282946,
,,,,,315405.22,
,,,,,GCA_002000985,
,,,,,GCA_900475715,
14819,ACA-DC-206,"CCUG 39970, ACA-DC 206, LMG LAB 617, CIP 105683, ATCC BAA-249, DSM 15879, JCM 11119, LMG 18488, NCTC 13767",1,Streptococcus gallolyticus subsp. macedonicus,2901051635,10
,,,,,315405.11,
,,,,,315405.31,
,,,,,GCA_900459545,
14790,"SK3, SK 3","DSM 6777, ATCC 10558, CIP 105258, NCTC 7865, JCM 12995, CCUG 25608, CCUG 33482, CCUG 35801, LMG 14518",1,Streptococcus gordonii,1302.168,10
,,,,,1302.19,
,,,,,1302.2,
,,,,,1302.425,
,,,,,2728369123,
,,,,,2823469221,
,,,,,GCA_001469295,
,,,,,GCA_001553855,
,,,,,GCA_900475015,
14823,,"DSM 17028, CCUG 48324, CIP 108195, SAC M512/02/01",1,Streptococcus halichoeri subsp. halichoeri,254785.38,10
,,,,,GCA_009870755,
133156,HTS9,"DSM 101996, CGMCC 1.15532",1,Streptococcus halotolerans,2675903323,15
,,,,,GCA_001598035,4
133338,HTS2,"DSM 101997, CGMCC 1.15533",1,Streptococcus himalayensis,1888195.14,15
,,,,,2767802294,4
,,,,,GCA_001708305,
,,,,,GCA_014643475,
14802,"SHV515, SHV 515","DSM 12219, LMG 14710, CCUG 37866, CIP 105517",1,Streptococcus hyovaginalis,1123305.3,10
,,,,,2524614633,
,,,,,GCA_000420785,
145455,,"CCUG 28590, CIP 105142, NCTC 11291",0,Streptococcus hyovaginalis,1326.7,10
,,,,,2767802297,
,,,,,GCA_900187245,
137714,MPRL 2404,"CIP 106106, NCTC 8133, CCUG 4214, BR 7, HDP 98246",0,Streptococcus infantarius,53354.15,10
,,,,,GCA_901543475,
14833,,"DSM 22957, CCUG 47831, CCUG 48464, NCIMB 700964 (formerly NCDO 964), NCIMB 700964, JCM 7889, CIP 108103, HDP 90246, NCDO 964, UQM 3559",1,Streptococcus infantarius subsp. coli,150055.112,10
,,,,,2928254298,
14832,,"NCIMB 700599, BR 6, DSM 22960, ATCC BAA-102, CCUG 43820, CIP 103233, HDP 90056, NCDO 599, NCFB 599, NCIMB 700599 (formerly NCDO 599)",1,Streptococcus infantarius subsp. infantarius,102684.41,10
,,,,,471872.6,
14806,O-122,"DSM 12492, ATCC 700779, JCM 10157, CCUG 39817, LMG 18720, GTC 849, CCM 7373, CIP 105949",1,Streptococcus infantis,2534682079,10
,,,,,649990007,
,,,,,889204.3,
,,,,,889204.5,
,,,,,GCA_000187465,
,,,,,GCA_000260755,
14732,1877,"DSM 20573, ATCC 27335, CIP 103248, CCUG 32759, NCTC 11324, CCUG 17827, JCM 12996, VPI 3372A, CECT 803, LMG 14510, LMG 17840, NCFB 2227, VPI 3372-A, NCDO 2227",1,Streptococcus intermedius,1316583.3,10
,,,,,1338.42,
,,,,,2537561861,
,,,,,2541047048,
,,,,,GCA_000258445,
,,,,,GCA_000413475,
,,,,,GCA_900475975,
14835,M54/01/1,"DSM 18627, CCUG 48494, CIP 108309, SAC M54/01/1",1,Streptococcus marimammalium,1123306.3,10
,,,,,2515154020,
,,,,,GCA_000380045,
133203,HTS5,"DSM 101995, CGMCC 1.15534",1,Streptococcus marmotae,2687453179,15-Apr
,,,,,GCA_001623565,
14830,4401825,"DSM 18628, CCUG 49690, CIP 108498",1,Streptococcus massiliensis,1123307.3,10
,,,,,1194208.3,
,,,,,2515154013,
,,,,,2551306662,
,,,,,GCA_000341525,
,,,,,GCA_000380065,
14844,WUE3771,"DSM 19192, CCUG 54871",1,Streptococcus merionis,1123308.3,Oct-45
,,,,,2515154010,
,,,,,GCA_000380085,
14825,ON59,"DSM 17118, CCUG 47487, LMG 21734, CIP 108314",1,Streptococcus minor,1123309.3,10
,,,,,2519103182,
,,,,,GCA_000377005,
14734,"NS 51, SK142, SK 142, NS51","DSM 12643, ATCC 49456, JCM 12971, KCTC 13047, NCTC 12261, CCM 7411, CCUG 31611, CCUG 35790, CIP 103335, KCTC 3556, LMG 14557, NBRC 106071, NCIMB 13770, CCUG 27308",1,Streptococcus mitis,246201.6,10
,,,,,28037.1427,
,,,,,28037.26,
,,,,,28037.464,
,,,,,648276735,
,,,,,GCA_000148585,
,,,,,GCA_002014755,
,,,,,GCA_019929505,
,,,,,GCA_900459425,
14736,EML 1738,"DSM 20523, ATCC 25175, IFO 13955, NBRC 13955, NCDO 2062, NCTC 10449, JCM 5705, BCRC 10793, BIOTECH 10528, CCM 6067, CCUG 11877, CCUG 17824, CCUG 6519, CECT 479, CIP 103220, HAMBI 1519, KCTC 3065, LMG 13654, LMG 14558, NCIMB 702062, VTT E-011803, PCM 2502",1,Streptococcus mutans,1123310.3,10
,,,,,1257041.3,
,,,,,1309.126,
,,,,,1309.175,
,,,,,1309.467,
,,,,,2515154132,
,,,,,2534682100,
,,,,,GCA_000347875,
,,,,,GCA_000375505,
,,,,,GCA_006739205,
14735,"LRA 28 02 81, LRA 028 02 81","DSM 6178, ATCC 35668, CCUG 35176, CIP 103694",0,Streptococcus mutans,1309.468,10
136742,SK2,"CIP 103216, ATCC 10557, NCDO 2061, NCTC 7864, CCUG 24892, CCUG 25609, LMG 14533, LMG 14649",0,Streptococcus oralis,1891914.162,10
,,,,,2534682077,
,,,,,GCA_013488065,
14740,"LVG/l, PB182, PB 182","DSM 20627, ATCC 35037, KCTC 13048, NCTC 11427, NBRC 113011, JCM 12997, CCUG 13229, CCUG 24891, CCUG 25610, CECT 907, CIP 102922, LMG 14532, KCTC 3285, NCDO 2680",1,Streptococcus oralis subsp. oralis,1303.137,10
,,,,,1303.89,
,,,,,1303.92,
,,,,,2744054846,
,,,,,2872627392,
,,,,,647000325,
,,,,,648276739,
,,,,,655813.19,
,,,,,655813.3,
,,,,,655813.4,
14815,A63,"DSM 15617, ATCC 700640, CCUG 43577, CIP 106965",1,Streptococcus orisratti,1123311.3,10
,,,,,2515154108,
,,,,,GCA_000380105,
14820,S369-98-1,"DSM 16829, CCUG 39485, CIP 107097, LMG 19174",1,Streptococcus ovis,1123312.3,10
,,,,,2515154025,
,,,,,GCA_000380125,
157127,,"CCUG 69612, CECT 9179",1,Streptococcus ovuberis,1936207.3,15
,,,,,GCA_012396585,
158794,,"CECT 8596, DSM 26545, CAIM 1838, CIP 111643",1,Streptococcus penaeicida,1765960.3,Apr-40
,,,,,GCA_002887775,
14807,O-66,"CCUG 39814, GTC 848, DSM 12493, ATCC 700780, JCM 10158, CCM 7374, CIP 105950, LMG 18719",1,Streptococcus peroris,649990011,10
,,,,,888746.3,
,,,,,GCA_000187585,
14817,"8399H1, 8399H1T","DSM 15635, ATCC 51973, CCUG 35103, LMG 16735, NCTC 12719, SVL 8399 H1, CIP 104665",1,Streptococcus phocae subsp. phocae,119224.3,10
,,,,,2645727566,
,,,,,GCA_001302265,
14749,"SV 1, SV1","DSM 20566, ATCC 33400, NCTC 7465, CCUG 28588, LMG 14545, CIP 102911",1,Streptococcus pneumoniae,1313.6914,10
,,,,,1313.9967,
,,,,,1313.9968,
,,,,,2663763358,
,,,,,GCA_001457635,
,,,,,GCA_001679515,
,,,,,GCA_001679535,
14747,,"DSM 14377, ATCC 6303, CCUG 33062, CIP 104225",0,Streptococcus pneumoniae,1313.13854,10
,,,,,,5
14750,"Jorgensen 262, 262","DSM 24048, ATCC 49619, CCM 4501, CCUG 33638, DSM 11967, LMG 15155, CIP 104340, NCTC 12977",0,Streptococcus pneumoniae,1313.16298,10
,,,,,GCA_003966485,
136390,D 39,"CIP 105179, NCTC 7466",0,Streptococcus pneumoniae,1313.159,10
,,,,,2860972970,
,,,,,GCA_900475305,
14831,"O 108, 0108","DSM 18670, ATCC BAA-960, CCUG 49455, CIP 108659, CDC SS-1757",1,Streptococcus pseudopneumoniae,2531839346,10
,,,,,889205.9,
,,,,,GCA_000257825,
,,,,,GCA_002087075,
14758,"SF 130, T1, SF 130/13, TI","DSM 20565, ATCC 12344, NCTC 8198, JCM 5674, BCRC 14758, CCUG 12701, CCUG 4207, CECT 985, CGMCC 1.8868, CIP 56.41, NCDO 2381, NCDO 2726, NCIMB 11841, IMET 3002",1,Streptococcus pyogenes,1123316.3,10
,,,,,1314.2404,
,,,,,1314.433,
,,,,,1314.47,
,,,,,1314.951,
,,,,,2523533626,
,,,,,GCA_000421785,
,,,,,GCA_001982785,
,,,,,GCA_002055535,
,,,,,GCA_004028355,
14757,Bruno,"DSM 11728, ATCC 19615, CIP 104226, CCUG 33061, CCM 7418",0,Streptococcus pyogenes,1314.168,10
,,,,,1314.2457,
,,,,,1314.432,
,,,,,GCA_000743015,
,,,,,GCA_001982765,
,,,,,GCA_008868255,
134409,T5 B,"CIP 56.46, ATCC 12347, IMET 3021, NCTC 8193",0,Streptococcus pyogenes,1314.2389,10
,,,,,GCA_901472475,
135305,S 43/78,"CIP 56.47, IMET 3024, NCTC 8302, CCUG 12706",0,Streptococcus pyogenes,1314.898,10
,,,,,GCA_900636725,
158414,HTS25,"DSM 101998, CGMCC 1.15531",1,Streptococcus respiraculi,2825541525,15
,,,,,GCA_003595525,4
14765,275,"DSM 20560, ATCC 7073, NCTC 8618, JCM 5707, BCRC 17388, CCM 4046, CCUG 11878, CCUG 17825, CCUG 50207, CECT 805, CIP 102503, HAMBI 1716, LMG 11489, NCFB 1779, NCIMB 701779, IMET 3163, NCDO 1779",1,Streptococcus salivarius,1304.1712,10
,,,,,1304.172,
,,,,,1304.173,
,,,,,1304.1737,
,,,,,1304.1759,
,,,,,1304.213,
,,,,,1304.426,
,,,,,2684623183,
,,,,,2687453658,
,,,,,GCA_000785515,
14767,,"DSM 20567, ATCC 10556, JCM 5708, CCUG 17826, CECT 480, CIP 55.128, KCTC 3284, LMG 14702, NCFB 2064, NCIMB 702064, NCTC 7863, NCDO 2064",1,Streptococcus sanguinis,1305.147,10
,,,,,888807.3,
,,,,,888807.6,
,,,,,GCA_000194945,
,,,,,GCA_001593525,
,,,,,GCA_900475505,
14810,"HKU4, HKU 4","DSM 14990, LMG 21517, CIP 107480",1,Streptococcus sinensis,176090.4,10
,,,,,2636415646,
,,,,,GCA_000767835,
14786,"(B of R), B of R","CCUG 21957, LMG 6896, CCTM 3104, DSM 20617, ATCC 19258, NCDO 573, NCIB 8510, WDCM 00134, JCM 17834, BCRC 13869, CECT 986, CIP 102303, GIFU 8593, KCTC 3658, LMG 13102, NCIMB 8510, NRIC 0256, VTT E-96665, NCTC 12958",1,Streptococcus thermophilus,1308.1093,10
,,,,,1308.1519,
,,,,,1308.1537,
,,,,,1308.1561,
,,,,,1308.1597,
,,,,,1308.965,
,,,,,GCA_004354505,
,,,,,GCA_010120595,
,,,,,GCA_019972875,
14804,S69,"DSM 12221, LMG 13593, CIP 105518",1,Streptococcus thoraltensis,1123318.3,10
,,,,,2515154195,
,,,,,GCA_000380145,
14787,,"DSM 20569, ATCC 19436, CCUG 17930, JCM 5709, NCDO 2038, NCTC 3858, BCRC 12579, CCUG 27579, CECT 994, CIP 103219, LMG 9465, NCIMB 702038",1,Streptococcus uberis,1349.243,10
,,,,,2870424623,
,,,,,GCA_900475595,
14794,MM1,"CCUG 24893, CIP 103363, LMG 13516, CCM 7438, BCRC 14734, KCTC 3650, DSM 5636, ATCC 49124, NCTC 12166",1,Streptococcus vestibularis,649990016,10
,,,,,889206.3,
,,,,,GCA_000188295,
1569,H96B60,"DSM 22440, CGMCC 1.7733",1,Streptohalobacillus salinus,2770939513,20-40
,,,,,621096.3,
,,,,,GCA_003201605,
135082,,"CIP 107979, DSM 44588, CCTCC AA 001013, CCRC 16312, JCM 12680, YIM 90003",1,Streptomonospora alba,183763.4,10
,,,,,2627854128,
,,,,,GCA_000826685,
24259,12A09,"DSM 45927, CCTCC AB 2013140, KCTC 29145",1,Streptomonospora nanhaiensis,1323731.3,Oct-50
,,,,,2856464816,
,,,,,GCA_013410565,
,,,,,GCA_026642255,
11244,,"DSM 44593, CCRC 16284, CCTCC 99003, YIM 90002, JCM 11823, BCRC 16284, CIP 107368, KCTC 19919, NBRC 105862",1,Streptomonospora salina,104205.3,10
,,,,,2867995764,
,,,,,GCA_014204715,
16142,AS-803,"DSM 40831, ATCC 12766, CBS 487.62, NRRL B-1518, RIA 497, JCM 4002, BCRC 12461, CGMCC 4.1662, CIP 108146, IFO 13860, KCTC 9662, KCTC 9741, NBIMCC 1606, NBRC 13860, NCB 260, NRRL B-2113, PCM 2364, CCRC 12461, KCC S-0002, IAM 0001, AS 4.1162, CGMCC 4.1162",1,Streptomyces abikoensis,97398.3,10
,,,,,GCA_014648775,
170920,CHI39,NBRC 110469,1,Streptomyces abyssomicinicus,BBZI00000000.1,Oct-37
,,,,,GCA_008974245,
167975,K1PN6,"NBRC 114304, TBRC 11341, DSM 114153",1,Streptomyces acidicola,GCA_009377235,Nov-38
,,,,,VMNX00000000,
140494,"WH-9, IMER00657","NBRC 109810, KACC 17197, DSM 111621",1,Streptomyces adustus,1609272.3,Oct-37
,,,,,GCA_009377175,
166321,,"CCTCC AA 2018085, KCTC 49272, TRM 68295",1,Streptomyces albicerus,GCA_008905045,16-45
14933,"27-A, 5268","DSM 40268, ATCC 23873, ATCC 25184, CBS 612.68, IFO 12833, ISP 5268, JCM 4342, NBRC 12833, RIA 1189, BCRC 12072, CGMCC 4.1655, CIP 104425, IMET 43518, KCTC 9686, LMG 8597, MTCC 6920, NCIMB 10975, NRRL B-12172, VKM Ac-724, HACC 222",1,Streptomyces albofaciens,1306175.5,10
,,,,,1306175.6,
,,,,,2734481983,
,,,,,GCA_001315345,
,,,,,GCA_008634025,
14934,"5045, 3008","DSM 40045, ATCC 12626, ATCC 23874, CBS 613.68, IFO 13196, IMRU 3008, ISP 5045, NBRC 13196, RIA 1112, JCM 4615, BCRC 13664, CGMCC 4.1461, CIP 104427, IFO 3438, IMET 42936, KCTC 9674, LMG 19364, NBRC 3438, NRRL B-1273, NRRL B-2373, VKM Ac-972, KCC S-0615",1,Streptomyces alboflavus,GCA_000716675,10
14936,7-A,"DSM 40003, ATCC 23875, CBS 614.68, ETH 16834, IFO 12834, ISP 5003, JCM 4004, JCM 4616, NBRC 12834, NRRL B-1305, RIA 1101, BCRC 12230, CGMCC 4.0565, CIP 104424, CIP 104428, HUT 6045, IFO 3413, IFO 3709, KCTC 9675, MTCC 2524, NBRC 3413, NBRC 3709, NCIMB 9604, VKM Ac-1200, VTT E-01260, KCC S-0004",1,Streptomyces albogriseolus,1887.1,10
,,,,,GCA_014650475,
132341,XY25,"DSM 103384, CCTCC AA 2015019, KCTC 39571",1,Streptomyces alfalfae,GCA_004127445,16-45
,,,,,GCA_004212445,
167266,OF1,"MCC 3841T, MTCC 12906T, PCM 3001, NCIMB 15195, MCC 3841, MTCC 12906",1,Streptomyces alkaliterrae,GCA_007097205,15-45
,,,,,VJYK00000000,
16453,D65,"DSM 42036, CGMCC 4.3510, NRRL B-24611, JCM 16122",1,Streptomyces alni,2667527403,Oct-45
,,,,,380248.4,
,,,,,GCA_900112845,
16326,,"DSM 41683, ATCC 15484, IAM 6A-704, IFO 3934, JCM 4053, KCC S-0053, NBRC 3934, NRRL B-2347, CGMCC 4.1918, CIP 106838, KCTC 1089, NRRL B-3306, VTT E-072759",1,Streptomyces angustmyceticus,285578.5,10
,,,,,285578.6,Oct-37
,,,,,285578.7,
,,,,,285578.8,
,,,,,285578.9,
,,,,,GCA_002154415,
,,,,,GCA_009176265,
,,,,,GCA_019933235,
15005,,"DSM 40137, ATCC 19725, CBS 464.68, IFO 12741, INA 4776/54, ISP 5137, NBRC 12741, RIA 1006, CCUG 11112, CIP 108257, JCM 4345, BCRC 12073, CECT 3316, CGMCC 4.1405, IMET 43088, INA 4776, LMG 19306, NRRL ISP-5137, VKM Ac-970, VTT E-052933, CBS 464-68, IPV 1612",1,Streptomyces atroolivaceus,GCA_000717025,Oct-37
16214,MA-4680,"DSM 46492, ATCC 31267, CIP 107838, FERM P-4027, IMET 43778, JCM 5070, KCC S-1070, NRRL 8165, BCRC 12382, CECT 3280, CGMCC 4.1807, CGMCC 4.2072, IFO 14893, KCTC 9063, KCTC 9698, NBIMCC 3394, NBRC 14893, NCIMB 12804, VKM Ac-1301, VTT E-042732",1,Streptomyces avermitilis,227882.28,10
,,,,,227882.48,
,,,,,227882.9,
,,,,,2609460021,
,,,,,2711768182,
,,,,,2816332348,
,,,,,33903.11,
,,,,,33903.29,
,,,,,33903.3,
,,,,,637000304,
16460,9-Sep,"DSM 41943, CGMCC 4.5510, MCCC 1A01535, JCM 16801, NRRL B-24776",1,Streptomyces avicenniae,GCA_000719135,15-37
164484,Bv016,"JCM 33208, TISTR 2645",1,Streptomyces bauhiniae,GCA_004784475,20.0-37.0
,,,,,SRRT00000000,
16366,,"DSM 41794, AS 4.1718, CCRC 16309, CCTCC 99005, JCM 11882, YIM 6, BCRC 16309, CGMCC 4.1718, CIP 107862, KCTC 9970, NBRC 100044",1,Streptomyces beijiangensis,163361.3,Oct-37
,,,,,GCA_017315755,20
15052,"445 D1, 445-D1","DSM 40029, ATCC 19731, CBS 470.68, ETH 31571, IFO 12747, ISP 5029, NBRC 12747, RIA 1012, JCM 4184, BCRC 13387, CECT 3257, CGMCC 4.1647, CIP 108151, JCM 4565, NCB 77, NCIMB 9800, NRRL B-5480, VKM Ac-766, CCRC 13387, KCC S-0565, AS 4.1647",1,Streptomyces blastmyceticus,2582581649,10
,,,,,2582581650,
166390,YC537,"KCTC 39750, DSM 102303",1,Streptomyces boluensis,GCA_009908195,30-Oct
15055,,"DSM 40262, ATCC 25435, CBS 163.64, CBS 667.69, ETH 23899, IFO 13023, ISP 5262, JCM 4459, NBRC 13023, RIA 1215, BCRC 12063, CGMCC 4.1669, CIP 105278, KACC 20131, MTCC 4729, NRRL ISP-5262, VKM Ac-1755",1,Streptomyces bottropensis,1054862.11,10
,,,,,1054862.3,
,,,,,2517572239,
,,,,,2551306667,
,,,,,2582581526,
,,,,,GCA_000340335,
,,,,,GCA_000383595,
16491,BK160,"DSM 42059, KACC 21093, NCIMB 14702",1,Streptomyces brevispora,2818991477,Apr-37
,,,,,887462.3,
,,,,,GCA_007829885,
164750,AC541,"JCM 34263, ATCC TSD201",1,Streptomyces buecherae,2912781116,Oct-45
,,,,,GCA_014295035,
164410,ZFG47,"JCM 32897, CICC 11050",1,Streptomyces cadmiisoli,2875367630,15-40
,,,,,GCA_003261055,
132630,2H-TWYE14,"DSM 100523, CGMCC 4.7275",1,Streptomyces camponoticapitis,1616125.3,Oct-37
,,,,,GCA_014646115,
158362,1H-SSA4,"DSM 104537, CGMCC 4.7403",1,Streptomyces capitiformicae,2014920.5,15-38
,,,,,2873196663,
,,,,,GCA_002214185,
,,,,,GCA_014653855,
16011,MA-4297,"DSM 46488, FERM P-2209, IFO 14057, IMET 43729, JCM 4925, KCC S-0925, NBRC 14057, NCIB 11928, NRRL 8057, ATCC 35852, BCRC 13439, CECT 3278, CIP 106797, KCTC 1468, KCTC 1946, NCIMB 11928, CCRC 13439",0,Streptomyces cattleya,1003195.11,10
,,,,,1003195.29,
,,,,,1003195.37,
,,,,,1003195.38,
,,,,,2504756050,
,,,,,2511231200,
,,,,,2872914712,
,,,,,GCA_000237305,
,,,,,GCA_000240165,
159626,,"DSM 104115, KCTC 39850, SYSU K10008",1,Streptomyces cavernae,GCA_004023625,20.0-37.0
,,,,,RPDJ00000000,
158386,JS360,"DSM 101724, NCCB 100590",1,Streptomyces cinnabarigriseus,2582581601,15-40
16148,A-725,"DSM 40005, ATCC 11874, ATCC 23897, CBS 293.64, CBS 683.68, CCUG 11122, DSM 41431, ETH 13 355, IFO 12852, IMRU 3664, IPV 1776, IPV 2013, IPV 936, ISP 5005, JCM 4152, JCM 4633, KCC S-0152, KCC S-0633, LMG 5971, NBRC 12852, NCIB 8851, NRRL B-1285, RIA 1102, RIA 360, CIP 108152, BCRC 12169, CECT 3258, CGMCC 4.1084, HAMBI 1067, IMET 41381, NCB 93, NCIMB 8851, VKM Ac-876, CCRC 12169, AS 4.1084, AS 4.1706",1,Streptomyces cinnamoneus subsp. cinnamoneus,53446.1,10
,,,,,GCA_014650495,
16479,AS-0823,"DSM 41983, IFM 11055, JCM 17138",1,Streptomyces coacervatus,GCA_029223485,Oct-37
16490,BK 168,"DSM 42063, KACC 20908, NCIMB 14704",1,Streptomyces cocklensis,GCA_028657175,30-Oct
166187,MK-45,"CICC 11045, KCTC 49099",1,Streptomyces cyaneochromogenes,2857074237,Apr-40
,,,,,GCA_003963535,
15115,,"DSM 40148, ATCC 19746, ATCC 23619, CBS 485.68, ETH 24190, IFO 13190, INA 99/54, ISP 5148, NBRC 13190, RIA 1027, JCM 4364, BCRC 11467, CGMCC 4.1612, IMET 41583, KCCM 40517, NCIMB 13021, NRRL B-2570, VKM Ac-752, VTT E-072752",1,Streptomyces cyaneofuscatus,GCA_000718135,20
163941,Z022,"JCM 31053, CGMCC 4.7273",1,Streptomyces dangxiongensis,GCA_003675325,20-40
140909,NEAU-ZJC8,"CGMCC 4.7178, JCM 30057, DSM 111118",1,Streptomyces daqingensis,1472640.3,16-35
,,,,,GCA_014645895,
158385,,"DSM 101723, JCM 4913",1,Streptomyces davaonensis,1214101.16,15-37
,,,,,1214101.3,
,,,,,2561511188,
,,,,,GCA_000349325,
16179,,"DSM 41427, AS 4.1861, IFO 13977, JCM 4550, KCC S-0550, NBRC 13977, NCIB 9752, NRRL 2666, CGMCC 4.1861, CGMCC 4.1915, CIP 106836, NCIMB 10502, NCIMB 9752, NRRL ISP-5087",1,Streptomyces decoyicus,249567.1,10
,,,,,249567.6,
,,,,,249567.7,
,,,,,249567.8,
,,,,,249567.9,
,,,,,2765236007,
,,,,,GCA_000715775,
,,,,,GCA_001270575,
,,,,,GCA_019880305,
159788,XZHG99,"CGMCC 4.7472, KCTC 49090",1,Streptomyces dengpaensis,2873258297,20-40
,,,,,GCA_002946835,
16403,M7a,"DSM 41857, CCT 5476, CIP 107837, NBRC 101007, NRRL B-24297, CBMAI 498, JCM 13580, CBMAI 0498",1,Streptomyces drozdowiczii,1302724.4,10
,,,,,2734481941,
,,,,,GCA_001313325,
158423,NEAU-S1GS20,"DSM 104538, CCTCC AA 2017006",1,Streptomyces durbertensis,2448886.3,18-45
,,,,,GCA_014156695,
16158,"549-A1, 549-A1 (NIHJ 267)","DSM 40604, ATCC 27428, CBS 792.72, IFO 13491, ISP 5604, JCM 4029, NBRC 13491, NIHJ 267, NRRL B-1676, RIA 1452, RIA 733, BCRC 12424, CECT 3259, CGMCC 4.1086, CIP 108155, IMET 43412, JCM 4749, KCTC 9884, MTCC 2531, NCB 264, VKM Ac-903, CCRC 12424, KCC S-0749, AS 4.1086",1,Streptomyces eurocidicus,2862643501,10
,,,,,2863257063,
,,,,,66423.13,
,,,,,66423.15,
,,,,,GCA_002891295,
,,,,,GCA_014203505,
15136,,"DSM 40060, ATCC 12627, ATCC 19750, CBS 489.68, ETH 24304, IFO 13191, IMRU 3316, ISP 5060, NBRC 13191, NRRL B-1237, RIA 1031, CCUG 11113, CCM 3169, JCM 4366, BCRC 11469, CGMCC 4.1407, ICMP 1008, LMG 19307, NCIMB 12599, NRRL B-2924, PCM 2367, VKM Ac-767, VTT E-86262, CIP 108233",1,Streptomyces exfoliatus,GCA_000718175,Oct-37
,,,,,GCA_000725545,
164255,TW1S1,"JCM 32404, KCTC 49013",1,Streptomyces fodineus,GCA_001735805,Oct-45
15209,145,"DSM 43154, ATCC 19345, JCM 3101, KCC A-0101, RIA 884, BCRC 12344, CBS 639.66, CGMCC 4.1909, CMI 117720, IFO 12999, NBRC 12999, NCIMB 11004, NRRL B-3856",1,Streptomyces fumigatiscleroticus,66371.3,Oct-42
,,,,,GCA_014647975,
133306,m16,"CGMCC 4.7110, KCTC 29195",1,Streptomyces fuscichromogenes,1324013.3,15-35
,,,,,GCA_014645815,
158796,JBL-20,"KACC 18269, NBRC 110629",1,Streptomyces fuscigenes,GCA_021556455,30-Apr
159717,A301,"CGMCC 4.7422, JCM 32177",1,Streptomyces geranii,2862674093,Oct-37
,,,,,GCA_002954775,
16410,FXJ 14,"DSM 41867, AS 4.1858, JCM 12278, LMG 22082, NBRC 100913, CGMCC 4.1858, NRRL B-24320",1,Streptomyces glauciniger,235986.3,Oct-35
,,,,,2671180020,
,,,,,GCA_900188405,
15257,NA232-M1,"DSM 40004, AS 4.1368, ATCC 12628, ATCC 19763, CBS 501.68, CCM 3228, DSM 41062, ETH 28588, IFO 12776, IFO 3387, ISP 5004, JCM 4095, JCM 4580, KCC S-0095, LMG 5973, NBRC 12776, NBRC 3387, NRRL B-1068, NRRL B-1350, RIA 1043, RIA 132, VKM Ac-881, BCRC 13304, CCUG 11123, CECT 3250, CGMCC 4.1088, CIP 108156, LMG 19383, LMG 8601, MTCC 328, NCIMB 9623, PCM 2326, PCM 2345, CCRC 13304, KCC S-0580, AS 4.1088",1,Streptomyces griseocarneus,51201.1,10
,,,,,51201.8,
,,,,,GCA_014655595,
,,,,,GCA_020093395,
16229,"C1, 18-16, D 100, C<SUB>1</SUB>","DSM 40236, ATCC 23345, ATCC 23921, CBS 905.68, ETH 4289, IFO 12875, IMRU 3463, ISP 5236, KCC S-0047, KCC S-0644, NBRC 12875, NCTC 13033, RIA 1176, Waksman 18-16, JCM 4047, BCRC 13478, CBS 160.45, CCT 4836, CCUG 11104, CECT 3330, CFBP 4546, CGMCC 4.1419, CIP 105124, HAMBI 2315, IAM 12311, IFO 15744, JCM 4644, KACC 20084, KCTC 9080, KCTC 9135, LMG 19302, MTCC 4734, NBIMCC 2442, NBRC 15744, NCIMB 13023, NRRL B-2682, PCM 2331, VKM Ac-800, VTT E-072676, VTT E-991424",1,Streptomyces griseus subsp. griseus,1911.11,Oct-37
,,,,,1911.17,
,,,,,2634166340,
,,,,,2897015371,
,,,,,651716785,
,,,,,GCA_001723125,
,,,,,GCA_900105705,
,,,,,GCA_900460065,
15146,,"DSM 40395, ATCC 25497, CBS 105.72, CBS 957.69, ETH 16833, IFO 13085, IMRU 3375, ISP 5395, JCM 4226, JCM 4516, KCTC 9144, NBRC 13085, RIA 1277, BCRC 16231, CBS 105.27, CGMCC 4.1367, CGMCC 4.1774, CIP 105279, ICMP 12543, MTCC 4735, NRRL B-2555, VTT E-072713",0,Streptomyces griseus,1911.24,10
,,,,,GCA_014655335,
16239,Tü 10,"DSM 40695, ETH 7796",0,Streptomyces griseus subsp. griseus,651716646,20
,,,,,651716647,
16429,701,"DSM 41944, CGMCC 4.2022, JCM 13274, CIP 109258, NBRC 102070",1,Streptomyces guanduensis,2667527439,20-37
,,,,,310781.4,
,,,,,GCA_900103985,
23303,NEAU-Da3,"DSM 42076, CGMCC 4.7047",1,Streptomyces harbinensis,1176198.3,18-40
,,,,,2675903139,
,,,,,GCA_900116145,
16024,NEAU-W2,"DSM 42073, CGMCC 4.7004, JCM 19675, ATCC BAA-2424",1,Streptomyces heilongjiangensis,GCA_028401405,15-40
134317,,"DSM 41914, ATCC 53653",1,Streptomyces himastatinicus,2563366670,Oct-37
,,,,,2582581769,4
,,,,,457427.3,
,,,,,645058857,
,,,,,GCA_000158915,
15293,201,"DSM 40037, ATCC 19772, CBS 510.68, IFO 12785, ISP 5037, KCC S-0098, KCC S-0586, NBRC 12785, NRRL B-1823, RIA 1052, OEU 201, JCM 4098, BCRC 13375, CECT 3261, CGMCC 4.1948, CIP 108157, HUT 6033, IFO 3839, IMET 43546, JCM 4586, KCTC 9781, NBRC 3839, NCIMB 9838, NRRL B-5484, RIA 592, VKM Ac-902, CCRC 13375",1,Streptomyces hiroshimensis,66424.5,Oct-37
,,,,,GCA_014650335,
16476,"FH 8121, OU-40","DSM 42074, CCTCC AA 209024, JCM 17657, PCM 2692",1,Streptomyces hyderabadensis,GCA_020404845,20-37
136922,325-15,"CIP 108010, KCTC 9840, JCM 4427, IFO 16552, NBRC 16552",0,Streptomyces hygroscopicus,651716954,10
,,,,,651716955,
15311,M5-13184,"DSM 40578, ATCC 27438, CBS 773.72, DSM 41148, ETH 28553, IFO 13472, ISP 5578, JCM 4772, NBRC 13472, NRRL 2387, RIA 1433, BCRC 11611, CGMCC 4.1313, CGMCC 4.1527, CGMCC 4.2118, CIP 106840, KACC 20099, LMG 19335, MTCC 1105, NBIMCC 1154, NBIMCC 803, VKM Ac-831",1,Streptomyces hygroscopicus subsp. hygroscopicus,2724679234,10
,,,,,651716764,15.0-45.0
,,,,,68042.6,
,,,,,GCA_001553455,
15324,"BL-703, BL 703, C8158","DSM 40824, ATCC 15420, CGMCC 4.1866, CIP 106834, IFO 13983, JCM 4965, LMG 19951, NBRC 13983, NRRL B-3822",1,Streptomyces ossamyceticus,GCA_001418475,10
158473,NEAU-D10,"DSM 106197, CGMCC 4.7469",1,Streptomyces inhibens,2862256214,15-37
,,,,,GCA_003389455,
16471,"35, HM 35","DSM 41954, CCUG 57623, JCM 17327",1,Streptomyces iranensis,2913549288,13-37
,,,,,576784.4,
,,,,,576784.8,
,,,,,GCA_017874715,
16409,FXJ 46,"DSM 41866, AS 4.1859, JCM 12279, CGMCC 4.1859, NBRC 102068",1,Streptomyces jietaisiensis,235987.5,Oct-40
,,,,,2667527442,
,,,,,GCA_900102095,
131989,NEAU-ML8,"DSM 101986, CGMCC 4.7323",1,Streptomyces kronopolitis,1612435.3,12.0-38.0
,,,,,GCA_014646275,
133232,Z1027,"CGMCC 4.7272, JCM 31054, DSM 111125",1,Streptomyces lacrimifluminis,1500077.3,20-40
,,,,,GCA_014646095,
133105,3H-HV17(2),"CGMCC 4.7349, DSM 103124",1,Streptomyces lasiicapitis,1923961.3,Oct-38
,,,,,GCA_014646335,
159852,LCR6-01,"KCTC 39908, TISTR 2500",1,Streptomyces lichenis,GCA_023218175,20-40
16160,2305,"DSM 40254, ATCC 23930, CBS 914.68, ETH 24214, IFO 12884, IFO 3944, IPV 1999, ISP 5254, JCM 4188, JCM 4648, NBRC 12884, NBRC 3944, RIA 1180, BCRC 12421, BCRC 15107, CECT 3264, CIP 108148, KCTC 9875, NRRL B-1968, CCRC 12421, KCC S-0188",1,Streptomyces lilacinus,GCA_000715685,10
16473,Sp080513GE-26,"DSM 41968, NBRC 105047",1,Streptomyces marinus,2870579115,15-37
,,,,,582855.3,
15393,"449, NNRL B-3352, NNRL B-8164","DSM 40221, ATCC 23934, CBS 918.68, IFO 12888, ISP 5221, JCM 4059, JCM 4650, NBRC 12888, RIA 1165, BCRC 12420, CBS 279.65, CGMCC 4.2007, CIP 108143, IFM 1082, IMET 42941, LMG 8603, NCB 258, NRRL B-3352, NRRL B-8164, VKM Ac-949, CCRC 12420, KCC S-0650",1,Streptomyces mashuensis,33904.3,10
,,,,,GCA_014654785,
16364,"BM-B-384, CH-M-1035, NNRL B-24196","DSM 41796, JCM 12681, NRRL B-24196, CIP 108132, NBRC 100915, NCIMB 14336",1,Streptomyces mexicanus,1305627.3,10
,,,,,2675903513,
,,,,,GCA_001313875,
15206,A26,"DSM 40593, ATCC 27431, CBS 783.72, IFO 13482, ISP 5593, NBRC 13482, NCIB 9609, NRRL B-1453, RIA 1443, JCM 4129, BCRC 12172, CCUG 11114, CGMCC 4.1302, CGMCC 4.1524, CIP 105783, IFO 3717, JCM 4754, KCTC 9779, LMG 19310, NBRC 3717, NCIMB 10505, NCIMB 9609, VKM Ac-994, IMRU 3665",1,Streptomyces microflavus,1303692.3,10
,,,,,2554235391,
,,,,,GCA_000385945,
16163,"IPCR 16-22, 16-22","DSM 40847, ATCC 29032, JCM 4168, KCC S-0168, BCRC 12165, CBS 199.75, CBS 207.78, CGMCC 4.1719, CGMCC 4.1851, CIP 108144, IFO 13819, NBRC 13819, NCIMB 11159, NRRL B-3729, RIA 1627, VKM Ac-928, VTT E-032076, CCRC 12165",1,Streptomyces mobaraensis,1223523.3,10
,,,,,1223523.8,
,,,,,2537561865,
,,,,,GCA_000342125,
,,,,,GCA_017916255,
16220,SF-337,"DSM 40503, ATCC 19166, CBS 717.72, IFO 13416, ISP 5503, NBRC 13416, RIA 1377, JCM 4673, BCRC 15169, CGMCC 4.1986, CIP 108145, JCM 4793, KCTC 19944, NRRL B-12429, VKM Ac-1916, KCC S-0793",1,Streptomyces morookaensis,1970.3,10
,,,,,1970.4,
,,,,,GCA_013030945,
,,,,,GCA_014656115,
16012,,"DSM 41925, CCTCC AA 208005, KCTC 19400, SCSIO 01066, JCM 16226, DSM 104449",1,Streptomyces nanshensis,GCA_001751275,Oct-37
16167,4779,"DSM 40259, ATCC 23940, CBS 924.68, ETH 15974, IFO 12893, IPV 1720, IPV 880, ISP 5259, JCM 4063, JCM 4655, NBRC 12893, NRRL B-2268, RIA 1184, BCRC 13374, CECT 3265, CIP 108153, HUT 6086, IFM 1035, IFO 3723, LMG 5979, NBRC 3723, NCB 266, NCIMB 9592, NRRL 2268, PCM 2251, RIA 605, VKM Ac-820, CCRC 13374, KCC S-0655",1,Streptomyces netropsis,2863263905,10
,,,,,55404.1,
,,,,,55404.11,
,,,,,GCA_014203545,
,,,,,GCA_014648835,
16168,FI 1096/13,"DSM 40846, IFO 15815, JCM 4544, KCC S-0544, NBRC 15815, NCIB 8936, NRRL 2886, VKM Ac-948, IPV 1983, BCRC 12453, CECT 3248, CGMCC 4.1650, CIP 108154, KCTC 9721, MTCC 2533, NCB 70, NCIMB 8936, RIA 1624",0,Streptomyces netropsis,2582581499,10
16446,,"DSM 40276, ATCC 23941, CBS 925.68, IFO 12894, INA 1800/54, ISP 5276, NBRC 12894, RIA 1194, JCM 4401, BCRC 15127, CBS 103.61, CGMCC 4.1410, LMG 19332, NCIMB 14461, NCIMB 9856, NRRL B-12176, VKM Ac-1705",1,Streptomyces nigrescens,GCA_027626975,Oct-37
16172,"1882, FI 1882","DSM 40571, ATCC 23202, CBS 767.72, IFO 13466, IPV 1901, ISP 5571, JCM 4546, JCM 4807, NBRC 13466, NRRL B-3379, RIA 1427, BCRC 15173, CECT 3267, CGMCC 4.1989, CIP 108141, IFM 1226, KCTC 9870, VKM Ac-929, KCC S-0807",1,Streptomyces orinoci,GCA_003121295,10
159200,NEAU-C40,"DSM 107943, CCTCC AA 2018038",1,Streptomyces oryziradicis,GCA_005047355,15-32
,,,,,SUMC00000000,
133581,OU-63,"CCTCC AA 209025, PCM 2690, JCM 17656",1,Streptomyces osmaniensis,2768067.3,15-40
,,,,,GCA_018596355,
166286,OTB305,"NBRC 113255, TBRC 9682, DSM 114175",1,Streptomyces otsuchiensis,2484744.3,15-37
,,,,,2868441088,
,,,,,GCA_004305975,
133134,CMU-AB204,"JCM 31289, TBRC 1999, DSM 111123",1,Streptomyces palmae,1701085.3,10
,,,,,2866937661,
,,,,,GCA_004684805,
16430,1413,"DSM 41946, CGMCC 4.2025, JCM 13276, CIP 109250, NBRC 102072",1,Streptomyces paucisporeus,2667527448,20-37
,,,,,310782.3,
,,,,,GCA_900142575,
133132,PA1-07,"JCM 30865, KCTC 39785, TISTR 2346, DSM 117319",1,Streptomyces phyllanthi,1803180.3,20.0-40.0
,,,,,GCA_009377205,
15310,"BJ 6, 12096","DSM 40823, ATCC 14607, CGMCC 4.1873, CIP 106832, IFO 13786, IFO 13982, JCM 4954, LMG 19950, NBRC 13786, NBRC 13982, NRRL B-3248, KCTC 9782",1,Streptomyces platensis,249580.3,10
,,,,,249580.4,
,,,,,GCA_009811575,
,,,,,GCA_014656235,
159718,A249,"CGMCC 4.7417, JCM 32175",1,Streptomyces populi,2862224959,Oct-37
,,,,,GCA_002911015,
16419,4776,"DSM 41884, CGMCC 4.3504, NRRL B-24621, JCM 15479",0,Streptomyces prasinopilosus,2663762722,15-40
,,,,,382503.6,
,,,,,GCA_001418395,
,,,,,GCA_900101585,
15491,,"DSM 40212, ATCC 23951, CBS 934.68, IFO 12904, IMRU 3774, ISP 5212, KCC S-0405, NBRC 12904, RIA 1158, RIA 742, JCM 11516, BCRC 11487, CGMCC 4.1754, IMET 43512, JCM 4405, NRRL B-3623, VKM Ac-1199",1,Streptomyces pseudovenezuelae,2775507094,20
,,,,,67350.3,
,,,,,GCA_001513955,
16492,172205,"DSM 42035, CGMCC 4.6825, JCM 19680",1,Streptomyces qinglanensis,2675903055,15-37
,,,,,943816.5,
,,,,,GCA_003265665,
,,,,,GCA_900111245,
16434,R97,"DSM 41901, CGMCC 4.3519, JCM 15480",1,Streptomyces radiopugnans,2663762755,20-50
,,,,,403935.4,
,,,,,GCA_900110735,
16445,AYB-994,"DSM 41530, ATCC 29253, IMET 43975, NRRL 5491",1,Streptomyces rapamycinicus,1226757.7,Oct-37
,,,,,1343740.8,
,,,,,2563366593,
,,,,,2873402043,
,,,,,651717164,
,,,,,GCA_000418455,
,,,,,GCA_003675955,
,,,,,GCA_014205315,
,,,,,GCA_024298965,
166150,1AS2c,"CMAA 1679, NRRL B-65479, DSM 105299",1,Streptomyces rhizosphaericola,GCA_004794175,15-37
157895,,"DSM 106196, NCCB 100637, MBT 76",1,Streptomyces roseifaciens,GCA_001445655,20-50
16431,13c15,"DSM 41947, CGMCC 4.2026, JCM 13277, CIP 109249, NBRC 102073, NRRL B-24619",1,Streptomyces rubidus,2671180039,20-37
,,,,,310780.5,
,,,,,GCA_001723065,
,,,,,GCA_900110255,
15586,RL-34,"DSM 41658, ATCC 49173, JCM 7914, CFBP 4517, CGMCC 4.1765, CIP 105438, ICMP 12542, KACC 20101, KACC 20124, LMG 20323, MTCC 4733, NCPPB 4066, NRRL B-16523, VTT E-011978",1,Streptomyces scabiei,1930.6,Oct-37
,,,,,2897050335,
,,,,,GCA_000738715,
,,,,,GCA_001005405,
16457,,"DSM 41942, CCTCC AA 208020, JCM 16909, YIM 65188",1,Streptomyces sedi,555059.3,15-37
,,,,,GCA_006335015,
16397,IMSNU-1,"DSM 41840, IMSNU 21266, KCTC 9819, JCM 10116, CIP 105312, IFO 16255, IFO 16668, NBRC 16255, NBRC 16668, NRRL B-24310, IMSNU 1, IFO (now NBRC) 16255, IFO (now NBRC) 16668",1,Streptomyces seoulensis,2857083903,10
,,,,,73044.9,
,,,,,GCA_000725795,
,,,,,GCA_004328625,
164369,,"JCM 32822, CGMCC 4.7581, LAM 7114",1,Actinacidiphila soli,GCA_003999195,20-45
16384,PK-BLUE,"DSM 41797, ATCC BAA-411, CIP 108060, JCM 12682, KCTC 9973, NBRC 101001, NRRL B-24240, BCRC 16379, NBRC 100916",1,Streptomyces speibonae,GCA_000715605,10
132965,HNM0071,"DSM 103383, CCTCC AA 2015018, KCTC 39604",1,Streptomyces spongiicola,2851877514,20-40
,,,,,GCA_003122365,
16372,,"DSM 41803, CFBP 4521, ICMP 13715, NCPPB 4040, CIP 107126",1,Streptomyces bottropensis,146820.12,10
,,,,,2873412701,
,,,,,GCA_014873495,
166107,XZ 46,"CGMCC 4.7579, KCTC 49221",1,Streptomyces tibetensis,GCA_005869865,Apr-40
,,,,,GCA_007655005,
159479,NEAU-YY421,"DSM 106775, CGMCC 4.7476",1,Streptomyces triticagri,2862290372,10.0-40.0
,,,,,GCA_003429565,
,,,,,QUAK00000000,
159640,NEAU-YY642,"DSM 107172, CCTCC AA 2018092",1,Streptomyces triticirhizae,2862705112,15.0-45.0
,,,,,GCA_003696235,
,,,,,RFFJ00000000,
159651,NEAU-DSCPA1-4-4,"DSM 105118, CCTCC AA 2017025",1,Streptomyces triticisoli,2862233620,Oct-40
,,,,,GCA_003270085,
140496,CPB1-1,"JCM 18519, PCU 343, TISTR 2344, DSM 111120",1,Streptomyces verrucosisporus,GCA_017114865,15
,,,,,,20-45
16126,04889,"DSM 40243, ATCC 27479, CBS 654.72, IFO 13353, ISP 5243, JCM 4859, NBRC 13353, NRRL 2414, RIA 1314, CCUG 37512, BCRC 11870, CGMCC 4.1770, IMET 43514, KCTC 9145, NCIMB 9824, VKM Ac-1769, VKM Ac-618, CCRC 11870, NCIB 9824, NRRL ISP-5243, CIP 108230",1,Streptomyces viridosporus,2806311004,10
,,,,,67581.3,
,,,,,GCA_002078235,
24618,FX61,"DSM 42132, CGMCC 4.7042, KCTC 29112",1,Streptomyces wuyuanensis,1196353.3,15-40
,,,,,2675903062,
,,,,,GCA_900103455,
16464,S187,"DSM 42015, CCTCC AA 208049, KCTC 19546, NRRL B-24674, JCM 16958",1,Streptomyces xinghaiensis,1038929.3,Oct-45
,,,,,GCA_000220705,
16432,1307,"DSM 41945, CGMCC 4.2023, JCM 13275, CIP 109248, NBRC 102071",1,Streptomyces yanglinensis,2667527441,20-37
,,,,,310779.3,
,,,,,GCA_900107965,
132432,fd2-tb,"DSM 100336, CGMCC 4.7256",1,Streptomyces yangpuensis,2627853788,Oct-40
,,,,,GCA_001005295,
16365,CGLCC 4.1004,"DSM 41793, CCRC 16301, CGMCC 4.1004, YIM 41004, JCM 12115, BCRC 16301, CGMCC 4.3555, CIP 107977, KCTC 9969, NBRC 100781, NRRL B-24306",1,Streptomyces yunnanensis,156453.3,10
,,,,,2667527450,
,,,,,GCA_900142595,
133638,K42,"ACCC 41871, HAMBI 3107, CCNWNQ 0016, JCM 18080",1,Streptomyces zinciresistens,2531839181,20-37
,,,,,700597.3,
,,,,,GCA_000225525,
132561,,"DSM 46887, CECT 8961, SG 1",1,Streptosporangium becharense,1816182.3,20-42
,,,,,1816182.4,
,,,,,2823942327,
,,,,,2870730386,
,,,,,GCA_014191075,
,,,,,GCA_014204985,
132441,,"DSM 46743, CECT 8840, SG 20",1,Streptosporangium saharense,1706840.3,20-42
,,,,,2863332268,
,,,,,GCA_014203715,
23323,GW-12028,"DSM 45763, LMG 27062, JCM 30998, CIP 110537",1,Streptosporangium sandarakinum,1260955.3,20-36
,,,,,2852721695,
,,,,,GCA_013409935,
7490,K300,"DSM 13056, ATCC BAA-168, CCUG 43135, JCM 11267, CIP 106947, IAM 15123, NBRC 103085, NCIMB 13774, VKM Ac-2508",1,Subtercola boreus,120213.8,17
,,,,,120213.9,20
,,,,,2814123445,18-May
,,,,,2832552210,
,,,,,GCA_003399685,
,,,,,GCA_006716115,
7491,K265,"DSM 13057, ATCC BAA-169, CCUG 43136, JCM 11268, CIP 106948, IAM 15152, NBRC 103086, NCIMB 13775, VKM Ac-2509",1,Subtercola frigoramans,120298.3,17
,,,,,2893543475,20
,,,,,GCA_016907385,18-May
133103,9583b,"DSM 103962, CGMCC 1.12976, KCTC 33586, JCM 33410",1,Subtercola lobariae,1588641.3,20
,,,,,GCA_014640255,28-Apr
,,,,,GCA_016881145,
13794,EL-162,"DSM 11443, ATCC BAA-4, KCTC 32186, JCM 21790, IAM 15345",1,Sulfitobacter brevis,2619619004,20
,,,,,74348.5,
,,,,,GCA_900112755,
13796,,"DSM 16477, ATCC BAA-321, KCTC 32183, KMM 3584, LMG 20554",1,Sulfitobacter delicatus,218672.5,Dec-37
,,,,,2634166359,
,,,,,GCA_900102535,
13795,,"DSM 16472, ATCC BAA-320, KCTC 32184, KMM 3554, LMG 20555",1,Sulfitobacter dubius,218673.14,30-Oct
,,,,,2616644813,
,,,,,GCA_900113435,
13799,EL-38,"DSM 11458, ATCC BAA-5, JCM 21791, KCTC 32187, IAM 15346, KCTC 12526, LMG 19755",1,Sulfitobacter guttiformis,1443111.3,20
,,,,,2579778904,
,,,,,2737471612,
,,,,,74349.1,
,,,,,74349.11,
,,,,,74349.12,
,,,,,74349.17,
,,,,,GCA_000622425,
,,,,,GCA_003610455,
13684,,"DSM 14862, MCCC 1A11773, NCIMB 13983, HEL Hel45, HEL 45",1,Sulfitobacter indolifex,GCA_022788655,30-Oct
,,,,,,15-30
13797,,"DSM 17584, KCTC 12521, Iso 3",1,Sulfitobacter litoralis,2622736527,30-Apr
,,,,,335975.8,20
,,,,,GCA_900103185,
13798,SW-265,"DSM 23422, JCM 13602, KCTC 12738",1,Sulfitobacter marinus,2619619641,Apr-35
,,,,,394264.5,
,,,,,GCA_900116285,
166231,HSMS-29,"KACC 19870, NBRC 113549",1,Sulfitobacter sabulilitoris,2898659724,30-Apr
,,,,,GCA_005887615,
170934,JBTF-M27,"KACC 21648, NBRC 114356",1,Sulfitobacter sediminilitoris,GCA_010667575,10
,,,,,JAABNT000000000,15-37
18037,Kr1,"DSM 17362, VKM B-2339",1,Sulfobacillus thermotolerans,GCA_002951815,20-60
132366,HA5,"DSM 100373, NBRC 110752",1,Sulfuricaulis limicola,2775506817,Aug-37
,,,,,GCA_002355735,
6152,skB26,"DSM 22764, NBRC 105220",1,Sulfuricella denitrificans,1163617.8,0-28
,,,,,2531839478,
,,,,,GCA_000297055,
6112,YK-1,"DSM 16994, ATCC BAA-921, JCM 11577, MBIC 06352",1,Sulfuricurvum kujiense,649633097,Oct-35
,,,,,709032.15,
,,,,,709032.16,
,,,,,709032.17,
,,,,,709032.18,
,,,,,709032.3,
,,,,,GCA_000183725,
159447,SGTM,"DSM 109609, BCRC 81185",1,Sulfuriferula nivalis,2884026358,20
,,,,,GCA_009937995,
6113,,"DSM 1251, ATCC 33889",1,Sulfurimonas denitrificans,326298.21,20
,,,,,326298.7,
,,,,,637000326,
,,,,,GCA_000012965,
24101,GD1,"DSM 19862, JCM 16533",1,Sulfurimonas gotlandica,2811995045,20-Apr
,,,,,929558.5,15
,,,,,929558.9,
,,,,,GCA_000242915,
6115,GO25,"DSM 17229, JCM 13212",1,Sulfurimonas paralvinellae,GCA_014905135,Apr-35
132358,BiSO,"DSM 100309, NBRC 110941",1,Sulfurirhabdus autotrophica,1706046.4,0-32
,,,,,2788499826,15
,,,,,GCA_004346685,15-22
140281,J1A,"DSM 103923, NBRC 112474",1,Sulfuritortus calidifontis,1914471.4,15-48
,,,,,2784746784,
,,,,,2836985240,
,,,,,GCA_003967275,
,,,,,GCA_004346085,
2232,Phe91,"DSM 18149, JCM 13918, NBRC 109482",1,Sulfurospirillum cavolei,1349788.5,20-40
,,,,,2645727932,
,,,,,GCA_000813325,
23823,JPD-1,"DSM 16452, ATCC BAA-971",0,Sulfurospirillum sp.,220622.7,20
,,,,,2775506916,
,,,,,GCA_002309535,
6117,42BKT,"DSM 23290, ATCC BAA-797, JCM 12117",1,Sulfurovum lithotrophicum,GCA_000987835,Oct-40
1081,RSH,"DSM 6307, ATCC 51227, CCM 4369, IFO 15565, NBRC 15565, JCM 12300, CGMCC 1.3671, CIP 104587, HAMBI 2098, KCTC 3572, LMG 16678, VTT E-011772",1,Sutcliffiella cohnii,1314751.3,10
,,,,,2731957650,
,,,,,2773857892,
,,,,,33932.3,
,,,,,GCA_001591425,
,,,,,GCA_002250055,
1145,"PN 118, JP 170","DSM 8723, ATCC 700165, JCM 12302, CGMCC 1.3595, CIP 105303, LMG 17950, NRRL B-23347",1,Sutcliffiella halmapala,79882.3,Oct-41
,,,,,GCA_002019665,
1142,"PN 121, JP 277","DSM 8719, ATCC 700161, CIP 105300",1,Sutcliffiella horikoshii,1076414.5,Oct-41
,,,,,2731957965,
,,,,,GCA_001648575,
158440,6FBBBH3,"DSM 106861, JCM 32470",1,Sutterella megalosphaeroides,2259134.3,20-45
,,,,,2833028006,
,,,,,GCA_003609995,
166406,"Mal52, Mal 52, Malle 52","DSM 101177, VKM B-3432",1,Symmachiella dynata,GCA_007747995,30-Oct
166407,CA54,"DSM 104301, VKM B-3450",1,Symmachiella macrocystis,GCA_007860075,15-24
140121,,"DSM 101426, CCY 9618",0,Synechococcus sp.,2815602.3,17
,,,,,GCA_019038415,
166256,DJC,"CICC 24242, KCTC 62173",1,Tabrizicola alkalilacus,GCA_003443995,15-37
161997,RCRI19,"JCM 17277, KCTC 23724, LMG 25773, UCCCB39, BCCM/LMG 25773",1,Tabrizicola aquatica,2831671779,15
,,,,,GCA_002900975,
166147,DRYC-M-16,"CGMCC 1.13881, KCTC 72015",1,Tabrizicola sediminis,GCA_004745575,20-25
,,,,,,Apr-35
134350,JW-26,"KCTC 22176, CCUG 55327",1,Tamlana agarivorans,2744054878,Oct-38
,,,,,481183.3,
,,,,,GCA_001642835,
166479,UJ94,"KCTC 62451, NBRC 113234",1,Tamlana carrageenivorans,2788500294,Apr-37
,,,,,GCA_002893765,
134226,"HST1-43T, HST1-43","KCTC 12721, JCM 14021, CIP 109573",1,Tamlana crocina,GCA_012037625,20-37
13845,,"DSM 17270, LMG 23018, SAM 4",1,Tateyamaria pelophila,328415.5,Apr-35
,,,,,GCA_019966495,20
5177,"BD 875, FERM-P 5449","DSM 13699, ATCC 31623, CCUG 30156, CIP 105599, FERM P-5449, JCM 8882, LMG 22049, SHS 2003, CCM 4319, KCTC 12451, KCTC 2805, NCPPB 3826",1,Tatumella citrea,2757320934,10
,,,,,53336.1,5
,,,,,53336.11,
,,,,,53336.7,
,,,,,GCA_002163585,
160831,"El Plastico, ElP","DSM 101012, LMG 29141",1,Tautonia plasticadhaerens,GCA_007752535,Oct-33
136889,UCD-1,"CIP 107673, ATCC 700933, LMG 19572",1,Taylorella asinigenitalis,1408475.3,15
,,,,,2556921627,
,,,,,GCA_000687755,
68,170/96,"DSM 14915, CIP 107418, CCUG 55703",1,Roseomonas ludipueritiae,198093.3,10
,,,,,GCA_014490445,15-41
130504,,"DSM 29330, ATCC 49108, DSM 4832, UQM 1762, CCUG 35206, LMG 11547, NCIMB 12789, CIP 104068, ACM 1762",1,Telluria mixta,GCA_024756225,10
,,,,,,5
5654,B390,"DSM 18961, JCM 14633",1,Tenacibaculum adriaticum,2756170228,May-34
,,,,,413713.3,
,,,,,GCA_008124875,
141110,HZ1,"MCCC 1H00174, KCTC 52476",1,Tenacibaculum agarivorans,2788500482,15-37
,,,,,GCA_001936575,
134318,a4,"BCRC 17655, LMG 24004",1,Tenacibaculum aiptasiae,GCA_008806755,Aug-40
5655,"LL04 11.1.1, LL04.11.1.1","DSM 18842, NCIMB 14278",1,Tenacibaculum discolor,2734482798,14-38
,,,,,361581.3,
,,,,,GCA_003664185,
5653,A37.1,"DSM 18841, NCIMB 14147",1,Tenacibaculum gallaicum,2756170236,14-38
,,,,,561505.3,
,,,,,GCA_003387615,
140709,RA3-2,"KCTC 52419, NBRC 112382",1,Tenacibaculum haliotis,GCA_025215075,20
,,,,,,4
5650,TF-26,"DSM 16505, KCTC 12302, CIP 12302",1,Tenacibaculum lutimaris,2739368073,Oct-39
,,,,,285258.3,
,,,,,GCA_003610735,
5651,"R-2, R2","DSM 17995, ATCC 43398, IAM 14317, IFO 15946, NBRC 15946, NCIMB 2154, CCUG 35198, LMG 11612, CIP 103528, JCM 21157",1,Tenacibaculum maritimum,1349785.3,30-Oct
,,,,,2568526045,15-34
,,,,,2802429273,20
,,,,,GCA_000509405,5
,,,,,GCA_900119795,
135277,,"CIP 103530, NCIMB 2158",0,Tenacibaculum maritimum,107401.3,30-Oct
,,,,,GCA_902705425,5
5647,KK10306,"DSM 13764, IFO 16307, NBRC 16307, MBIC 1140, CIP 107215",1,Tenacibaculum mesophilum,104268.2,15-41
,,,,,104268.24,5
,,,,,104268.6,
,,,,,2695420951,
,,,,,2840679509,
,,,,,GCA_003867075,
,,,,,GCA_009362255,
,,,,,GCA_900129475,
5652,EKD 002,"CCUG 35199, CIP 106403, DSM 18103, ATCC 51887, IAM 14318, IFO 15947, NCIMB 13127, JCM 21158, LMG 13026, NBRC 15947",1,Tenacibaculum ovolyticum,1123347.4,15
,,,,,2523533531,25-Apr
,,,,,GCA_000430545,25-May
166323,TLL-A2,"DSM 106434, KCTC 62393",1,Tenacibaculum singaporense,2358479.3,20-45
,,,,,2843717175,
,,,,,GCA_003867015,
5649,D30,"DSM 14836, ATCC BAA-458",1,Tenacibaculum skagerrakense,186571.4,Oct-40
,,,,,2795385469,
,,,,,GCA_004345825,
169246,MAR_2010_89,DSM 29659,0,Tenacibaculum sp.,1250198.4,20
169247,AHE15PA,DSM 111039,0,Tenacibaculum sp.,2745566.3,18
,,,,,GCA_019278445,
169248,AHE14PA,DSM 111040,0,Tenacibaculum sp.,2745565.3,18
,,,,,GCA_019278465,
158792,LPB0136,"KACC 18887, JCM 31564",1,Tenacibaculum todarodis,2728369366,25-Apr
,,,,,GCA_001889045,
132445,S6R2A4-9,"DSM 28944, CGMCC 4.7241, JCM 30907",1,Tenggerimyces flavus,1708749.3,Oct-35
,,,,,2893660585,
,,,,,GCA_016907715,
166542,Uno3,"NBRC 113152, LMG 30471, BCRC 81113",1,Tengunoibacter tsumagoiensis,2014871.3,20-30
,,,,,2848419202,20-37
,,,,,GCA_003967535,
159905,"38H-Str., 38H-str","DSM 100343, VKM B-2964",1,Tenuifilum thalassicum,CP041345,20-65
,,,,,GCA_013265555,
132643,Z9,"DSM 103037, ATCC BAA-2644, JCM 31418",1,Tepidibacillus decaturensis,2675903671,20.0-60.0
,,,,,GCA_001561915,
24302,B1,"DSM 28717, CGMCC 1.5148, JCM 16806",1,Tepidibacter mesophilus,2832628248,Oct-40
,,,,,655607.3,
,,,,,GCA_002724055,
3021,TU-16,"DSM 19605, CIP 108724, LMG 23030",1,Tepidicella xavieri,2770939514,15
,,,,,360241.4,
,,,,,GCA_004363315,
140870,B3,"KCTC 42652, CGMCC 1.15254",1,Terasakiella brassicae,1634917.3,Apr-40
,,,,,GCA_014641495,
24757,T7902,"DSM 15152, ATCC 39867",1,Teredinibacter turnerae,1056820.3,15
,,,,,2513237099,20-30
,,,,,GCA_000379165,
24754,T7901,DSM 15142,0,Teredinibacter turnerae,377629.3,15
,,,,,644736410,20-30
,,,,,GCA_000023025,
24759,T8402,DSM 15175,0,Teredinibacter turnerae,1073969.3,15
,,,,,2519899652,20-30
,,,,,GCA_000381645,
6288,5516J-36,"DSM 18562, CIP 109801, KACC 20556, JCM 16379, KCTC 39580, NBRC 106305",1,Terrabacter aerolatus,422442.3,May-35
,,,,,GCA_007991735,
6285,,"DSM 20308, ATCC 6947, CCM 1655, IMET 10431, NCIB 8914, NCTC 4216, CCUG 23850, LMG 3818, CCTM La2715, CIP 102515, JCM 1365, BCRC 17052, CCUG 23928, CGMCC 1.2032, IAM 12345, IAM 14295, IFO 12960, IMSNU 21313, KCTC 9133, NBRC 12960, NCDO 1574, NCIMB 8914, NRIC 0156, NRRL B-4012, VKM Ac-1120, VKM B-669",1,Terrabacter tumescens,60443.3,10
,,,,,GCA_014646815,15-37
6291,"1344-199, ID 3871","DSM 44267, CCM 4701, CIP 105511, IFO 16165, IMET 7848, NBRC 16165, JCM 10981, ATCC 700812, CCUG 39186, CCUG 43285, IAM 15303, IMSNU 22113, KCTC 9823",1,Terracoccus luteus,2778260946,Oct-37
,,,,,53356.3,
,,,,,GCA_003635045,
23755,YI7-61,"DSM 28352, CGMCC 1.8913, NBRC 105790",1,Terribacillus aidingensis,2681812962,Apr-48
,,,,,586416.5,
,,,,,GCA_900215625,
1517,CL-GR16,"DSM 18252, KCCM 42329",1,Terribacillus goriensis,386490.3,15-43
,,,,,GCA_002884435,
1518,002-051,"DSM 21620, IAM 15310, JCM 21760, KCTC 13937, CGMCC 1.7684, CIP 109484",1,Terribacillus halophilus,2675903149,May-45
,,,,,361279.6,
,,,,,GCA_900101385,
1519,002-048,"DSM 21619, IAM 15309, JCM 21759, KCTC 13936, CGMCC 1.7685, CIP 109483",1,Terribacillus saccharophilus,2636416060,May-45
,,,,,361277.14,
,,,,,361277.15,
,,,,,GCA_002335735,
,,,,,GCA_900110015,
130139,03SUJ4,"DSM 29483, JCM 17517, KCTC 23332",1,Terriglobus aquaticus,GCA_025685415,15-30
134,,"DSM 18391, NRRL B-41598, KBS 63",1,Terriglobus roseus,2510461070,23-Dec
,,,,,926566.3,4
,,,,,GCA_000265425,
135,SP1PR4,"DSM 23119, ATCC BAA-1853",1,Terriglobus saanensis,401053.4,20
,,,,,649633100,4
,,,,,GCA_000179915,4.0-30.0
132010,TAA 43,DSM 24187,0,Terriglobus sp.,2585428133,20
,,,,,GCA_000800015,
140911,NK26-11,"LMG 27803, TISTR 2241, PCU 335",1,Terrilactibacillus laevilacticus,2886528837,20-45
,,,,,GCA_006517395,
7303,MSL-15,"DSM 19267, JCM 16539, KCTC 19270, MSL 15, CGMCC 1.10440",1,Terrimesophilobacter mesophilus,2844824163,20-28
,,,,,2866042470,
,,,,,2867779128,
,,,,,433647.12,
,,,,,433647.16,
,,,,,433647.3,
,,,,,GCA_002929725,
,,,,,GCA_004402605,
,,,,,GCA_014200375,
23112,1P05MA,"DSM 30849, JCM 31985, NRRL B-59547",1,Tersicoccus phoenicis,2788500076,Oct-65
,,,,,554083.4,
,,,,,GCA_001968835,
133304,36A,"KCTC 33776, CGMCC 1.15480",1,Tersicoccus solisilvae,1882339.3,16-55
,,,,,GCA_014643255,
164455,JDX10,"JCM 33126, KCTC 49242, MCCC 1H00351",1,Tessaracoccus antarcticus,GCA_003688855,14-41
,,,,,REFW00000000,Apr-40
158783,NSG39,"KACC 17540, JCM 19289",1,Tessaracoccus aquimaris,GCA_001997345,15-37
12666,SST-39,"DSM 18582, KCTC 19196, JCM 16025, CGMCC 1.10436",1,Tessaracoccus flavescens,399497.3,20-30
,,,,,399497.5,
,,,,,CP019607,
132480,RP1,"DSM 100159, KCTC 39686, MCC 2769",1,Tessaracoccus flavus,1610493.4,15-45
,,,,,GCA_001997295,
,,,,,GCA_900107385,
12668,SL014B-20A1,"DSM 22955, CGMCC 1.9159",1,Tessaracoccus oleiagri,2617270936,Apr-50
,,,,,686624.3,
,,,,,GCA_900103275,
132379,,"DSM 27597, CCTCC AB 2013217, YIM 101269, JCM 33580, DSM 27579",1,Tessaracoccus rhinocerotis,1689449.3,Oct-35
,,,,,GCA_007197885,
5255,T11,"DSM 20339, ATCC 33315, IAM 1676, LMG 11490, NCDO 1635, CCUG 32204, CCM 3458, TC 1, JCM 5888, BCRC 12550, CECT 4792, CIP 102263, IAM 12284, NBRC 100498, NCFB 1635, NCIMB 12011",1,Tetragenococcus halophilus subsp. halophilus,1123358.5,10
,,,,,2574179712,
,,,,,2835202559,
,,,,,GCA_003841405,
5258,"Jenil, JS","CCUG 52901, DSM 16501, KCTC 3924, LMG 22864, JCM 18085, CIP 108884, NBRC 106072",1,Tetragenococcus koreensis,2836819050,Oct-37
,,,,,290335.3,15-30
,,,,,290335.5,
,,,,,GCA_003795145,
,,,,,GCA_007991535,
5257,X-1,"DSM 15685, JCM 10006, CCUG 41880, CIP 105747, LMG 18498, KCTC 21008, NBRC 100499",1,Tetragenococcus muriaticus,1123359.3,10
,,,,,2524614634,
,,,,,64642.7,
,,,,,GCA_000423785,
5259,T1,"DSM 23765, LMG 26041, LMG 10702, JCM 31126",1,Tetragenococcus osmophilus,2836821788,15-30
,,,,,526944.4,
,,,,,GCA_003795125,
5256,"885/78, 885-78","CCUG 29293, LMG 12890, CIP 103330, JCM 8736, DSM 5634, ATCC 49428, NCTC 12193, CCM 4217, CDC 885-78, KCTC 3553, KCTC 3923, NBRC 100494, NCIMB 12902",1,Tetragenococcus solitarius,1223494.3,Oct-45
,,,,,2731957563,
,,,,,GCA_001544195,
1392,HS286,"DSM 21635, CCM 7597, JCM 15722",1,Thalassobacillus cyri,2675903014,5.0-45.0
,,,,,571932.3,
,,,,,GCA_900107755,
1391,G-19.1,"DSM 16966, CCM 7282, CECT 7046, CIP 108959",1,Thalassobacillus devorans,279813.4,15.0-45.0
,,,,,279813.5,
,,,,,2824388614,
,,,,,GCA_011761345,
,,,,,GCA_014635125,
1393,"18 OM, 18OM","DSM 22784, CECT 7566, JCM 16412",1,Thalassobacillus pellis,2901096299,15.0-45.0
,,,,,748008.3,
,,,,,GCA_016908295,
141073,HSF7,"KCTC 42651, MCCC 1K01158",1,Thalassobaculum fulvum,1633335.3,20-40
,,,,,GCA_014652915,
14021,CL-GR58,"DSM 18839, KCCM 42674",1,Thalassobaculum litoreum,1123362.3,Oct-35
,,,,,2599185271,
,,,,,GCA_900102465,
13801,B6,"DSM 5887, ATCC 25655, CECT 4357, IAM 12617, JCM 20688, CIP 105976, IFO 15761, LMG 129, LMG 8174, NBRC 15761, NCIMB 2206",1,Ruegeria gelatinovorans,2622736435,30-May
,,,,,2684622622,
,,,,,53501.3,
,,,,,53501.6,
,,,,,GCA_001458355,
,,,,,GCA_900111045,
13802,XSM19,"DSM 16398, CCUG 49438, CECT 5383, CIP 108400",1,Thalassobius mediterraneus,2681813506,15-30
,,,,,2713896964,20-30
,,,,,340021.11,5
,,,,,GCA_001458435,
,,,,,GCA_900156595,
167510,ISS155,"CECT 9533, LMG 31237, ISS 155",1,Thalassocella blandensis,2584524.3,15-37
,,,,,CABFPG01,4
23237,UST050418-052,"DSM 26915, JCM 13833, NRRL B-41465, CIP 109727, KCTC 22637",1,Thalassococcus halodurans,2617270859,Dec-44
,,,,,373675.5,
,,,,,GCA_900108225,
164142,WRAS1,"JCM 31873, CGMCC 1.16123, KCTC 52696, MCCC 1K03253",1,Thalassococcus profundi,2832770347,Apr-45
,,,,,GCA_003344785,
167176,KOR42,"DSM 104081, LMG 29823",1,Thalassoglobus neptunius,GCA_007859735,20
166391,"Mal48, Malle 48","DSM 100737, LMG 29019",1,Thalassoglobus polymorphus,GCA_007744255,15-36
11294,Mil-1,"DSM 14913, LMG 21420",1,Thalassolituus oleivorans,1298593.3,30-Apr
,,,,,2597489935,20-25
,,,,,GCA_000355675,
166506,BH-SD16,"CCTCC AB 2017073, KCTC 62201",1,Thalassorhabdomicrobium marinisediminis,2845908004,15-45
,,,,,GCA_003072065,
133272,PB8B,"MCCC 1A01103, LMG 29620",1,Thalassospira indica,1891279.4,10.0-41.0
,,,,,2840662270,
13965,QMT2,"DSM 14000, CECT 5290",1,Thalassospira lucentensis,1123365.3,13
,,,,,1123365.5,
,,,,,2526164517,
,,,,,GCA_000421265,
,,,,,GCA_003326595,
159890,CSC3H3,"MCCC 1A11786, KCTC 62333",1,Thalassospira marina,2775506933,Oct-40
,,,,,GCA_002844375,
130657,GB04J01,DSM 28654,0,Thalassospira sp.,1485225.4,15
,,,,,2775506934,
,,,,,GCA_000751115,
13968,1-1B,"DSM 18888, JCM 14578",1,Thalassospira tepidiphila,2829832560,Aug-45
,,,,,393657.3,
,,,,,GCA_011927685,
13966,M-5,"DSM 17429, CGMCC 1.3998, CIP 109533",1,Thalassospira xiamenensis,1123366.3,Apr-40
,,,,,1123366.5,
,,,,,1123366.7,
,,,,,2534681947,
,,,,,2681813519,
,,,,,GCA_000300235,
,,,,,GCA_900156715,
2883,,"DSM 19706, BCRC 17492, JCM 13379, TMA 1",1,Thalassotalea agarivorans,2599185215,15-37
,,,,,349064.5,
,,,,,GCA_900111755,
140539,LPB0090,"KACC 18695, JCM 31189",1,Thalassotalea crassostreae,2718218024,15-30
,,,,,2744054623,
,,,,,GCA_001652445,
,,,,,GCA_001831495,
166266,ZS-4,"KCTC 72399, MCCC 1K03630",1,Thalassotalea mangrovi,2891238260,Apr-45
,,,,,GCA_005116735,
140797,,"KACC 18563, CGMCC 1.15922, YM 155",1,Thalassotalea profundi,2036687.3,Apr-40
,,,,,GCA_014653195,
13921,"Bu B1211, BUB-1211","DSM 2080, ATCC 43655, IAM 12574, CCUG 51053, JCM 20651, NBRC 103042, CIP 107886",1,Thauera butanivorans,1219356.5,Oct-41
,,,,,2731957639,5
,,,,,GCA_001591165,
13920,3CB-1,"DSM 18012, ATCC 700723, CIP 107679, KCTC 12933",1,Thauera chlorobenzoica,2651870126,15
,,,,,96773.1,5
,,,,,GCA_900108255,
130655,SgZ-1,"DSM 100429, CCTCC M 2011497, KACC 16524",1,Thauera humireducens,2775507244,Oct-45
,,,,,GCA_001051995,
13913,47Lol,"DSM 12138, CCUG 41526, JCM 21573, CIP 105981, IAM 15112",1,Thauera linaloolentis,1123367.11,15
,,,,,1123367.4,5
,,,,,2531839277,
,,,,,2556921623,
,,,,,GCA_000310205,
,,,,,GCA_000621305,
13916,TL1,"CCUG 48884, CIP 106978, ATCC 700857, DSM 12266",1,Thauera mechernichensis,GCA_029588855,15-45
,,,,,,5
158596,KNDSS-Mac4,"KCTC 52820, VTCC B-910017",1,Thauera propionica,2791355018,Dec-42
,,,,,GCA_002245655,
13914,58Eu,"CCUG 41527, DSM 12139, CIP 105982",1,Thauera terpenica,1348657.5,15-41
,,,,,2579778713,5
,,,,,GCA_000443165,
132007,"A-0077, 1900","DSM 43795, CECT 3324, CIP 105591, CUB 1002, CUB 432, DSM 43310, IFM 1271, IFO (now NBRC) 15853, IFO (now NBRC) 16095, IMET 9528, IMSNU 22187, JCM 3077, KCC A-0077, KCTC 9618, NBRC 15853, NBRC 16095, NCIB 10169, IPV 1900, IFO 15853, IFO 16095, NCIMB 10169",1,Thermobifida alba,GCA_023208015,15
,,,,,,5
11256,"190 Th, T-322, 190Th, A-0263","DSM 43792, ATCC 27730, CUB 1000, IFO 14071, JCM 3263, NBRC 14071, NCIB 11185, BCRC 12532, CECT 3320, CIP 105594, HAMBI 1548, HAMBI 483, IMSNU 22189, KCTC 9052, MTCC 1754, NCIMB 11185, NRRL B-8184, VKM Ac-1952, CCRC 12532",1,Thermobifida fusca,1223522.4,10
,,,,,1223522.5,
,,,,,2681813022,
,,,,,2731957678,
,,,,,GCA_001313945,
,,,,,GCA_001592045,
166252,SY21,"KCTC 62191, NBRC 113114",1,Thermomonas aquatica,GCA_006337105,15-40
17577,SGM-6,"DSM 14834, ATCC BAA-470, CIP 108356",1,Thermomonas hydrothermalis,213588.7,10
,,,,,2582581272,
,,,,,GCA_900129205,
16974,,"DSM 43927, ATCC 49502, IFO 14346, IMET 9746, INA 2309, JCM 6837, NBRC 14346, VKM Ac-1086, CIP 105485, IMSNU 22165, KCTC 9343, NRRL B-16244",1,Thermomonospora umbrina,111806.3,15
,,,,,2778260945,5
,,,,,GCA_003386555,
16630,435,"DSM 43186, ATCC 35864, DSM 44514, IFO 14349, JCM 3056, KCC A-0056, NBRC 14349, NRRL B-24348, BCC 49486, BCRC 12531, CIP 107358, IFO 15179, IMET 9552, IMSNU 22184, KCTC 9270, NBRC 15179, CCRC 12531",1,Nonomuraea flexuosa,103836.3,15
,,,,,103836.4,5
,,,,,2818991417,
,,,,,GCA_006716785,
,,,,,GCA_014647775,
6143,AB7,"DSM 12475, ATCC 23644, JCM 3870, NCIMB 9548, BCRC 17603, CIP 104767",1,Thiobacillus denitrificans,1123392.3,10
,,,,,2515154078,5
,,,,,GCA_000376425,
6145,,"DSM 505, ATCC 8158, CIP 104484, NCIMB 8370, JCM 3859, BCRC 11089, IAM 12101, IAM 12113, NBRC 103402",1,Thiobacillus thioparus,1123393.3,15-37
,,,,,2515154076,
,,,,,GCA_000373385,
130630,DLFJ1-1,"DSM 29618, CGMCC 1.12325, LMG 27290, MCCC 1A03957",1,Thioclava dalianensis,1185766.6,Apr-37
,,,,,2585427678,
,,,,,2663762756,
,,,,,GCA_000715505,
,,,,,GCA_900115035,
140534,25B10_4,"MCCC 1A07302, LMG 29614",1,Thioclava nitratireducens,2751185746,Oct-43
,,,,,GCA_001940525,
13804,TL 2,"DSM 10166, UNIQEM 229",1,Thioclava pacifica,1353537.7,15-47
,,,,,2585427686,
,,,,,GCA_000714535,
17911,HRh1,"DSM 21152, UNIQEM U249",1,Thiohalobacter thiocyanaticus,GCA_003932505,20-40
17081,B3-1,"DSM 14473, JCM 11364",1,Thiolinea disciformis,1123399.3,20-25
,,,,,2515154021,
,,,,,GCA_000371925,
166194,HaS4,"NBRC 112315, BCRC 81110",1,Thiomicrorhabdus aquaedulcis,2839896438,0-25
,,,,,GCA_004001325,
11931,SVAL-E,"DSM 13458, ATCC 700955",1,Thiomicrorhabdus arctica,1123514.3,-2
,,,,,2522572127,11.5-13.2
,,,,,GCA_000381085,12.35
,,,,,,15
,,,,,,20.8
11925,"Ch-1, Chile-1","DSM 12352, ATCC 700858",1,Thiomicrorhabdus chilensis,1123515.3,3.5
,,,,,2537562247,
,,,,,GCA_000483485,
167789,13-15A,"KCTC 15750, MCCC 1A13986",1,Thiomicrorhabdus indica,CP033040,10.0-45.0
,,,,,GCA_004293625,
17949,,"DSM 18155, ATCC 15466, CIP 104401, IAM 12131, IFO 14564, NBRC 14564, NCIMB 9515, JCM 20425",1,Thiomonas intermedia,2772190779,10
,,,,,926.3,
,,,,,926.5,
,,,,,GCA_002028405,
14339,P,"DSM 19205, VKM B-2514",1,Thiospirochaeta perfilievii,252967.3,Apr-32
,,,,,GCA_008329945,
160434,AkT22,"DSM 109948, NBRC 114012, BCRC 81184",1,Thiosulfativibrio zosterae,2884039451,20
,,,,,GCA_011398155,
17083,G1,DSM 21228,1,Thiothrix caldifontis,2599185268,Jul-37
,,,,,525918.3,
,,,,,GCA_900107695,
17084,BL,"DSM 21227, VKM B-2521",1,Thiothrix lacustris,1123401.3,May-32
,,,,,2556921650,20-25
,,,,,GCA_000621325,
5235,,"DSM 18579, CCUG 49520, CIP 108754",1,Thorsellia anophelis,1123402.3,15-45
,,,,,2599185261,
,,,,,GCA_900111395,
140939,Z8,"CGMCC 1.12944, JCM 30358",1,Tianweitania sediminis,GCA_017813335,20-35
14025,,"DSM 21585, JCM 15529, KCTC 22406, USBA 355",1,Tistlia consotensis,1321365.4,20-40
,,,,,2724679789,
,,,,,GCA_900188055,
14014,BZ78,"DSM 22817, CGMCC 1.10188, LMG 26047",1,Tistrella bauzanensis,657419.4,20
,,,,,GCA_014636235,
295,,"DSM 22975, ATCC BAA-1908, OCF 7",1,Tolumonas osonensis,2861511751,15-37
,,,,,675874.3,
,,,,,GCA_014202415,
17888,,"DSM 45403, NBRC 106253, AHU 1821",1,Tomitella biformata,1448389.3,20
,,,,,2585427829,
,,,,,630403.3,
,,,,,GCA_000524475,
,,,,,GCA_016599245,
5181,370-85,"DSM 16940, ATCC 49490, CIP 103637, JCM 21227, CDC 0370-85, IAM 14444, NBRC 103172",1,Trabulsiella guamensis,1005994.3,10
,,,,,2588253800,5
,,,,,GCA_000734965,
13840,A34,"DSM 19547, JCM 14836",1,Tranquillimonas alkanivorans,2622736594,Oct-50
,,,,,441119.6,
,,,,,GCA_900115595,
14345,ZAS-9,"DSM 13862, ATCC BAA-888",1,Treponema azotonutricium,545695.3,20
,,,,,650716099,
,,,,,GCA_000214355,
158379,B5,"DSM 104692, KCTC 33885",1,Trichococcus alkaliphilus,2791354986,Apr-37
,,,,,GCA_003008695,
2281,Echt,"DSM 2094, ATCC 51221",1,Trichococcus flocculiformis,2619618836,20-30
,,,,,82803.9,
,,,,,GCA_900113645,
2285,R210,"DSM 22150, JCM 31247",1,Trichococcus ilyis,1855308.3,Apr-40
,,,,,2619618824,
,,,,,2791354989,
,,,,,GCA_900067235,
,,,,,GCA_900109135,
158378,B7-2,"DSM 104691, KCTC 33886",1,Trichococcus paludicola,2791354984,Apr-37
,,,,,GCA_003052295,
2282,Z-7189,"DSM 9172, CIP 105359",1,Trichococcus palustris,140314.8,30-May
,,,,,2619618822,
,,,,,GCA_900114465,
2280,KoTa2,"DSM 2381, ATCC 35945, CCUG 37395, CIP 104580",1,Trichococcus pasteurii,2619618823,30-Oct
,,,,,43064.15,
,,,,,GCA_900112935,
159661,NEAU-SY24,"DSM 106065, CCTCC AA 2018003",1,Trinickia diaoshuihuensis,2900627977,Oct-40
,,,,,GCA_003390925,
166476,DHOM06,"GDMCC 1.1280, LMG 30259",1,Trinickia dinghuensis,2902727578,Dec-37
,,,,,GCA_003367175,
166475,7MK8-2,"GDMCC 1.1449, KCTC 62469",1,Trinickia fusca,2856301153,Dec-42
,,,,,GCA_003628145,
1970,GP25-8,"DSM 18235, CIP 109628, KACC 11589, LMG 24076, CCUG 54942, JCM 16392",1,Trinickia soli,2889805101,Oct-40
,,,,,380675.5,
,,,,,GCA_002879855,
,,,,,GCA_902859815,
130227,"NKMU-JPY-345, JPY-345","DSM 29917, BCRC 80258, KCTC 23309, LMG 26032",1,Trinickia symbiotica,2708743149,15-43
,,,,,GCA_002934455,
158322,O3.65,"DSM 101689, LMG 29740",1,Tritonibacter horizontis,2788500136,Apr-45
,,,,,GCA_001518015,
13786,N-615G15,"DSM 23403, CIP 109181, MBIC 01146, NBRC 101030",1,Tritonibacter mobilis subsp. mobilis,2693429875,May-35
,,,,,2816332498,
,,,,,379347.143,
,,,,,379347.178,
,,,,,GCA_001681715,
,,,,,GCA_900106635,
13785,,"DSM 23402, KCCM 42378, NBRC 102038, HTCC 2662, CIP 109709",0,Tritonibacter mobilis,2816332506,16-42
,,,,,379347.144,
,,,,,GCA_001681735,
13843,MD5,"DSM 26470, CECT 7557, KCTC 23350",1,Tritonibacter multivorans,2615840706,15-37
,,,,,2713896962,
,,,,,928856.4,
,,,,,928856.5,
,,,,,GCA_001458415,
,,,,,GCA_028023755,
,,,,,GCA_900112515,
13787,R-28751,"DSM 25328, CCUG 55858, LMG 24367",1,Tritonibacter scottomollicae,2728369517,Apr-40
,,,,,483013.3,20
,,,,,GCA_003003215,
166125,LMIT003,"CICC 24660, KCTC 62895",1,Tropicibacter alexandrii,GCA_003667315,15-35
13842,C02,"DSM 19561, CECT 7648, JCM 14838",1,Tropicibacter naphthalenivorans,2622736506,Oct-43
,,,,,2713896963,
,,,,,441103.4,
,,,,,441103.7,
,,,,,GCA_001458375,
,,,,,GCA_900176475,
13841,B51,"DSM 19548, JCM 14837",1,Tropicimonas isoalkanivorans,2615840715,Oct-46
,,,,,441112.6,
,,,,,GCA_900112335,
130633,M97,"DSM 29339, JCM 17731, KACC 15544",1,Tropicimonas sediminicola,1031541.3,15-42
,,,,,2681813518,
,,,,,GCA_900188335,
17085,RQ-24,"DSM 17093, CIP 108686, LMG 22925",1,Truepera radiovictrix,646564586,10
,,,,,649638.3,
,,,,,GCA_000092425,
17087,,"DSM 20162, ATCC 8368, CECT 3055, CIP 100753, IFO 12160, IFO 16083, IFO 16120, IMET 11082, JCM 10117, NBRC 12160, NBRC 16083, NBRC 16120, CCUG 35730, BCRC 16391, CECT 5333, IFM 0811, JCM 7663, KCTC 9821, NCDO 2349, NCIMB 702349, NCTC 13232",1,Tsukamurella paurometabola,2061.4,10
,,,,,2856776985,15-37
,,,,,521096.18,
,,,,,521096.6,
,,,,,646564587,
,,,,,GCA_000092225,
,,,,,GCA_900460355,
17106,N1176,"DSM 44118, CIP 108828, JCM 13375, NCIMB 13963, NRRL B-24668, IFM 10600",1,Tsukamurella pseudospumae,105579.6,Oct-37
,,,,,2667527863,
,,,,,GCA_001575205,
17100,,"DSM 44142, CCUG 35732, JCM 10111, IMMIB D-1321, ATCC 700081, CIP 104791, IFM 0809, KCTC 9963, NCTC 13230, PCM 2578",1,Tsukamurella pulmonis,2634166370,10
,,,,,2700989555,15-41
,,,,,2835265895,
,,,,,47312.1,
,,,,,47312.12,
,,,,,47312.13,
,,,,,GCA_001575165,
,,,,,GCA_900103175,
,,,,,GCA_900460155,
17093,"N1171, N 1171","DSM 44113, NCIMB 13947, CCUG 48751, JCM 12608, CIP 108213, IFM 10523",1,Tsukamurella spumae,44753.4,10
,,,,,GCA_012396015,15-37
17101,,"DSM 44234, CCUG 38499, CIP 106771, JCM 10112, IMMIB D-1397, IFM 0810, KCTC 19177, KCTC 9965, NCTC 13231, PCM 2579",1,Tsukamurella tyrosinosolvens,2639762617,10
,,,,,2667527978,15-37
,,,,,57704.13,
,,,,,57704.16,
,,,,,57704.19,
,,,,,GCA_001575155,
,,,,,GCA_900104775,
,,,,,GCA_900637875,
17109,Y2,"DSM 45557, JCM 15482, KCCM 42885",0,Tsukamurella tyrosinosolvens,2700989554,Oct-45
,,,,,57704.14,
,,,,,GCA_001575225,
23764,"GST4, NFB","DSM 25748, CGMCC 1.12170",1,Tumebacillus flagellatus,2585427972,20-42
,,,,,GCA_000714935,
1553,Eur1 9.5,"DSM 18773, JCM 14557, CGMCC 1.10982",1,Tumebacillus permanentifrigoris,2756170254,May-37
,,,,,378543.3,
,,,,,GCA_003148565,
157132,MBLW1,"CCUG 69661, DSM 105045",1,Tuwongella immobilis,2883404505,20-40
,,,,,GCA_901538355,
13936,5YN10-9,"DSM 18521, KACC 11603",1,Uliginosibacterium gangwonense,1123487.3,Apr-35
,,,,,2515154161,
,,,,,GCA_000373965,
5660,,"DSM 23424, IMCC 3101, KCCM 42686, NBRC 102682",1,Ulvibacter antarcticus,2728369219,25-Mar
,,,,,442714.3,
,,,,,GCA_003688405,
5658,,"DSM 16195, CCUG 47093, KCTC 12104, KMM 3912, CIP 108343",1,Ulvibacter litoralis,227084.13,Apr-36
,,,,,227084.16,20
,,,,,2675903215,Apr-36
,,,,,GCA_014651275,30-May
,,,,,GCA_900102055,
17913,,"DSM 25080, JCM 15738, NRIC 0753, KMM 3891, KCTC 42352",1,Umboniibacter marinipuniceus,2770939661,May-33
,,,,,569599.3,
,,,,,GCA_003688415,
11375,EM 1,"DSM 21777, CCUG 57265",1,Undibacterium oligocarboniphilum,GCA_013377855,Oct-35
11374,CMB NF2a,"DSM 23061, CCUG 49012, CIP 109317, UCCCB17",1,Undibacterium parvum,2836680013,5
,,,,,401471.8,
,,,,,GCA_003955735,
11373,CMB NF1b,"DSM 19792, CCUG 49009, CIP 109318, UCCCB16",1,Undibacterium pigrum,2770939554,4
,,,,,401470.3,
,,,,,GCA_003201815,
164488,S11R28,"JCM 33224, KCTC 62668",1,Undibacterium piscinae,2883689839,20
,,,,,GCA_003970805,25-Apr
168541,LPB0138,"KACC 18889, JCM 31563",1,Urechidicola croceus,CP017478,20
,,,,,GCA_001761325,30-Apr
23761,Mn1-7,"DSM 26584, CCTCC AB 2012916",1,Ureibacillus manganicus,1384049.3,15-45
,,,,,1384049.4,
,,,,,2630968459,
,,,,,GCA_000772945,
,,,,,GCA_002200865,
23756,4400831,"DSM 27596, CCUG 49529, CIP 108446, KCTC 13178",1,Ureibacillus massiliensis,1211035.3,10
,,,,,1211035.4,
,,,,,2627853741,
,,,,,GCA_000772965,
,,,,,GCA_002200855,
23759,BLB-1,"DSM 27595, JCM 15800, KCTC 13296",1,Ureibacillus sinduriensis,1384057.3,15-45
,,,,,1384057.4,
,,,,,2630968763,
,,,,,GCA_000772955,
,,,,,GCA_002200845,
1394,"p-11, HAMBI:1900","DSM 10633, HAMBI 1900, CIP 104857, KCTC 13004",1,Ureibacillus thermosphaericus,2861563776,10
,,,,,51173.6,
,,,,,51173.7,
,,,,,GCA_012396605,
,,,,,GCA_014202525,
133628,AC-1,"KCTC 13418, LMG 24798",1,Vagococcus acidifermentans,2894066835,15-37
,,,,,564710.3,
,,,,,GCA_003987655,
157225,SS1994,"CCUG 70831, LMG 30164",1,Vagococcus bubulae,GCA_003950315,10
5265,M2661/98/1,"DSM 15697, ATCC BAA-289, CCUG 41755, CIP 106499, CCM 8413",1,Vagococcus fessus,120370.3,10
,,,,,2894104560,
,,,,,GCA_003987565,
133339,C25,"KEMB 562-002, JCM 31581",1,Vagococcus humatus,1889241.3,20
,,,,,2881410900,
,,,,,GCA_003950325,
5266,M1134/97/1,"DSM 15741, ATCC 70083, CCM 4937, CCUG 39187, CIP 106118, ATCC 700839",1,Vagococcus lutrae,81947.4,Oct-45
,,,,,GCA_003987555,
140716,D7T301,"KCTC 21069, JCM 31178",1,Vagococcus martis,GCA_002026305,15-37
133543,"CD276, CD 276","LMG 24833, CIP 109914, CCM 8416",1,Vagococcus penaei,2894095031,30-Oct
,,,,,633807.3,
,,,,,633807.5,
,,,,,GCA_001998885,
,,,,,GCA_003987515,
5261,OS1-68,"DSM 6633, ATCC 51200, NCFB 2777, CCUG 33394, LMG 11491, CCM 4305, CIP 104684, NCIMB 13133",1,Vagococcus salmoninarum,2739.3,20-30
,,,,,2894100150,5
,,,,,GCA_003987495,
157226,SS1995,"CCUG 70832, LMG 30165",1,Vagococcus vulneris,GCA_003950515,10
166364,,"DSM 45377, KCTC 49228, CGMCC 1.13844, YIM 75000",1,Vallicoccus soli,2339232.3,Oct-45
,,,,,2861781867,
,,,,,GCA_003594885,
24770,"Ra 1766F, Ra1766G1","DSM 24848, JCM 17997",1,Vallitalea guaymasensis,GCA_018141425,20-40
166431,S15,"CGMCC 1.5231, KCTC 15675",1,Vallitalea okinawensis,2786546840,20-35
,,,,,GCA_002964605,
170907,502,"DSM 106862, CGMCC 1.16560",0,Variovorax beijingensis,GCA_003951285,20-40
,,,,,RXFQ00000000,
3017,BAM-48,"DSM 21722, KCTC 22010, NBRC 103145, JCM 18805, NCIMB 14573, BAM 48",1,Variovorax boronicumulans,1321609.3,4.0-37.0
,,,,,2731957647,
,,,,,GCA_001591345,
131560,"JM-310, JM 310","DSM 100435, CCM 8614, CIP 110912, LMG 28869",1,Variovorax gossypii,1679495.4,11.0-36.0
,,,,,2831272406,<4.0
,,,,,GCA_003965815,
3008,"351, B13-0-1 D, B13-0-1D","DSM 30034, ATCC 17713, DSM 66, IFO 15149, NBRC 15149, CCUG 1777, LMG 1797, JCM 20526, IAM 12373, IAM 13535, ICPB 3985, JCM 20895, CIP 103459, NCIMB 11964",1,Variovorax paradoxus,1321610.3,15-37
,,,,,2731957648,5
,,,,,GCA_001591365,
132624,,"DSM 101688, JCM 31027, TC 8",1,Varunaivibrio sulfuroxidans,1773489.15,20-35
,,,,,2784746782,
,,,,,GCA_004341725,
132025,NEAU-QY3,"DSM 101530, CGMCC 4.7312, JCM 32497",1,Micromonospora sonchi,1763543.3,10.0-40.0
,,,,,GCA_014646235,
17291,FG1,"DSM 14438, ATCC 700797, CCRC 17041, KCTC 12701, CCUG 43576, CAIM 906, BCRC (formerly BCRC) 17041, LMG 19650, CIP 108258",1,Vibrio aerogenes,GCA_024346755,15-37
,,,,,,5
17318,,"DSM 19606, ATCC 35048, CAIM 592, CCUG 28583, CECT 625, CIP 102971, LMG 7909, NBRC 15629, NCMB 2236",1,Vibrio aestuarianus,28171.14,May-37
,,,,,GCA_012395185,
166140,E4404,"MCCC 1H00197, KCTC 52890",1,Vibrio albus,GCA_003144035,15-37
17369,S277,"DSM 24595, CAIM 1831",1,Vibrio alfacsensis,1074311.9,Aug-37
,,,,,2860786685,
,,,,,GCA_003544875,
17256,"118, XII-53","DSM 2171, ATCC 17749, CCM 2578, CIP 103336, CCUG 13445, NCTC 12160, NCIMB 1903",1,Vibrio alginolyticus,1219076.12,15-41
,,,,,1219076.4,5
,,,,,2563366623,
,,,,,2667527764,
,,,,,663.83,
,,,,,GCA_000354175,
,,,,,GCA_000467145,
132596,SA2,"DSM 29824, NBRC 111146",1,Vibrio algivorus,1667024.3,Apr-40
,,,,,GCA_002218005,
164332,,"JCM 32691, KCTC 62617, MCCC 1K03516, BEI 207",1,Vibrio aquaticus,GCA_003970385,10.0-37.0
,,,,,RXZH01000000,
170904,THAF100,"DSM 109633, LMG 31434, CIP 111709",0,Vibrio aquimaris,CP045350,Aug-37
,,,,,CP045351,
,,,,,CP045352,
,,,,,CP045353,
,,,,,GCA_009363415,
17355,,"DSM 25292, CGMCC 1.8461, LMG 24781, HHS 02",1,Vibrio atypicus,558271.3,16-30
,,,,,558271.4,20
,,,,,GCA_009811315,
17349,LC2-005,"DSM 23306, KCTC 22352, NBRC 104587",1,Vibrio azureus,1219077.3,Oct-37
,,,,,1219077.9,
,,,,,2579778795,
,,,,,2600255073,
,,,,,2806310741,
,,,,,512649.4,
,,,,,GCA_000400265,
,,,,,GCA_000467165,
,,,,,GCA_002849855,
17305,NN4/l-abH/1.3,"DSM 17184, CAIM 495, CIP 108395, KCTC 1212, LMG 20546, CCUG 48644",1,Vibrio brasiliensis,649990028,15-37
,,,,,945543.3,5
,,,,,GCA_000189255,
17319,,"DSM 19270, ATCC 25920, CCM 2582, CCUG 4979, CECT 523, CIP 75.1, LMG 11216, NBRC 15631, NCIMB 1894, NCTC 11317, JCM 1054, BCRC 12909, CAIM 315, CAIM 519, IFO 15631, KCTC 2716, NCCB 73002, NCIMB 1994",1,Vibrio campbellii,1224742.1,15-37
,,,,,1224742.13,5
,,,,,1224742.3,
,,,,,1224742.7,
,,,,,2537561638,
,,,,,2579778813,
,,,,,2875345634,
,,,,,GCA_000017705,
,,,,,GCA_000334195,
,,,,,GCA_000400345,
17353,"WS 4539, TF11-505","DSM 22364, LMG 25240, CIP 110169",1,Vibrio casei,2860767601,Feb-30
,,,,,673372.5,
,,,,,GCA_002218025,
130763,"strain 3, J4308, 3","CCUG 9118 A, DSM 100200, ATCC 14035, CCUG 9118, CIP 62.13, NCTC 8021, CECT 514",1,Vibrio cholerae,1408478.3,15-41
,,,,,2556921658,5
,,,,,666.5088,
,,,,,GCA_000621645,
,,,,,GCA_013155105,
,,,,,GCA_028120825,
135777,,"CIP 69.41, ATCC 14547, NCIMB 41, CCUG 48664, LMG 4406, KCTC 12321",0,Vibrio cholerae,140100.3,15-37
,,,,,1408477.3,5
,,,,,2545555863,
,,,,,2690315698,
,,,,,GCA_000518145,
133177,2756-81,"LMG 29267, CIP 111013",1,Vibrio cidicii,2690315852,4
,,,,,GCA_001597655,
,,,,,GCA_009763805,
17320,,"DSM 19608, ATCC 35912, CCUG 19115B, NCTC 12012, CIP 104173, CCUG 19115, LMG 7891",1,Vibrio cincinnatiensis,1123491.3,5
,,,,,2568526007,
,,,,,675.6,
,,,,,GCA_900167345,
,,,,,GCA_900460255,
17341,GHG2-1,"DSM 19668, LMG 23416, NBRC 102076, CCUG 56972, CIP 109637",1,Vibrio comitans,1219078.3,30-Apr
,,,,,GCA_006538565,17
,,,,,GCA_024346835,20
17308,,"DSM 17220, CIP 108327, LMG 22240, CCUG 56778, Le Roux LGP 7, LGP 7",1,Vibrio crassostreae,GCA_024347415,20
,,,,,,30-May
130762,P-2P44,"DSM 14264, ATCC 700982, CIP 106644, CCUG 56965, LMG 21359, KCTC 12925, NCIMB 13790",1,Vibrio cyclitrophicus,GCA_024347435,15-25
,,,,,,5
17257,"NSl, NS1","DSM 2604, ATCC 33466, IAM 14402, CCUG 19114, JCM 21185, CIP 103191, LMG 7893, NBRC 103148, NCIMB 2169",1,Vibrio diazotrophicus,1348635.3,15-41
,,,,,2609460176,5
,,,,,GCA_000740015,
159312,"NFH.MBO10, NFH.MB010","DSM 107264, LMG 30656",1,Vibrio echinoideorum,GCA_004764665,28-Apr
,,,,,GCA_024347455,
17311,HDS1-1,"DSM 17533, IAM 15061, LMG 19970, CCUG 56779, NBRC 102218, JCM 21522, CIP 108520",1,Vibrio ezurae,1219080.4,15-30
,,,,,2600255071,5
,,,,,GCA_000467185,
,,,,,GCA_003568985,
17321,"VL 5125, 5125","DSM 19283, ATCC 33809, CCM 3689, CCTM La 3552, CCUG 13622, CDC 9555-78, IAM 14403, JCM 3752, LMG 7894, NCIMB 2249, NCTC 11327, WDCM 00137, JCM 1281, BCRC 12830, CAIM 593, CCUG 15268, CCUG 20252, CDC 9555-18, CECT 4217, CGMCC 1.1608, CIP 103355, KCTC 2473, NBRC 103150, NRIC 0818",1,Vibrio fluvialis,1219074.3,15-41
,,,,,2681812983,5
,,,,,2718218390,
,,,,,676.24,
,,,,,676.29,
,,,,,676.75,
,,,,,GCA_001558415,
,,,,,GCA_001598835,
,,,,,GCA_001890655,
,,,,,GCA_900460245,
17337,,"DSM 19133, CAIM 629, CIP 108196, LMG 21557, CCUG 56780",1,Vibrio fortis,GCA_024347475,15-30
,,,,,,5
158354,FJ201301,"DSM 104687, CGMCC 1.16099",1,Vibrio fujianensis,GCA_002749895,Oct-42
17288,"91 19-82, B3215","NCTC 13120, CIP 102972, KCTC 2731, DSM 19622, ATCC 35016, CCUG 37301, CDC B3215, LMG 7910, CCUG 15269",1,Vibrio furnissii,29494.1,15-41
,,,,,29494.12,5
,,,,,647000337,
,,,,,675811.4,
,,,,,GCA_000176175,
,,,,,GCA_900460225,
132360,S2757,"DSM 100497, LMG 28895",1,Vibrio galatheae,2791355472,15-40
,,,,,GCA_000967545,
17299,"HT2-1, HT 2-1","DSM 16639, CIP 107863, LMG 21878, CCUG 56967, LMG 21330",1,Vibrio gallicus,GCA_024346875,15-30
,,,,,,5
139784,SZDIS-1,"DSM 104291, CGMCC 1.15236",1,Vibrio gangliei,2077090.3,Oct-50
,,,,,2882410081,
,,,,,GCA_002934045,
17322,PB1,"DSM 21264, ATCC 29988, CIP 103173, JCM 21187, NBRC 103151, CCUG 57114, IAM 14404, NCIMB 2250, CCUG 20307",1,Vibrio gazogenes,1123492.4,15-37
,,,,,2582581274,5
,,,,,GCA_023920225,
,,,,,GCA_024346915,
,,,,,GCA_900129185,
,,,,,GCA_900163915,
17313,,"DSM 18531, CIP 108656, LMG 22741, CCUG 56969, LGP 13",1,Vibrio gigantis,GCA_024347515,4
,,,,,,30-May
17310,A431,"DSM 21474, ATCC 700680, CAIM 283, CIP 106283, IAM 14596, JCM 21271, LMG 18542, NBRC 102217, NCIMB 13540",1,Vibrio halioticoli,1219072.3,30-May
,,,,,2563367142,
,,,,,2916722216,
,,,,,71388.4,
,,,,,GCA_000496695,
,,,,,GCA_003568965,
130765,,"DSM 100627, CGMCC 1.7062, CIP 110023, JCM 15146, CN 83",1,Vibrio hangzhouensis,2617270906,20-37
,,,,,462991.9,
,,,,,GCA_900107935,
17263,,"DSM 19623, ATCC 14126, CCUG 28584, CECT 525, LMG 4044, NBRC 15634, NCMB 1280, JCM 33361, CIP 103192, IFO 15634, NCCB 80033, NCIMB 1280, NCTC 12970",1,Vibrio harveyi,1219071.3,15-37
,,,,,1219071.9,5
,,,,,2571042430,
,,,,,2636415586,
,,,,,2667527887,
,,,,,2731957638,
,,,,,669.166,
,,,,,669.47,
,,,,,GCA_000400305,
,,,,,GCA_001263135,
17264,1116b,"DSM 23069, ATCC 35084, CCUG 19116, LMG 7890, CIP 104172",0,Vibrio harveyi,2916716654,5
,,,,,669.48,
17338,1P,"CCUG 56970, DSM 19134, CAIM 693, CIP 108391, LMG 20362",1,Vibrio hepatarius,171383.3,15-30
,,,,,2648501158,5
,,,,,GCA_001274785,
17343,RW14,"DSM 19661, LMG 23434, NBRC 102082, CCUG 56971, CIP 109635",1,Vibrio inusitatus,1219070.3,30-Apr
,,,,,GCA_006538525,17
,,,,,GCA_024346935,20
23341,,"DSM 27061, JCM 16453, LMG 25398, TCFB 0772",1,Vibrio jasicida,1229494.3,Oct-37
,,,,,GCA_000400365,
17302,,"DSM 17181, CAIM 485, CIP 108275, LMG 20539, CCUG 56968",1,Vibrio kanaloae,1207396.3,30-May
,,,,,1207404.3,
,,,,,1207422.3,
,,,,,170673.15,
,,,,,GCA_008801285,
,,,,,GCA_024347535,
17282,40M4,"DSM 13757, CECT 5110, KCTC 23148, CIP 107166",1,Vibrio lentus,136468.92,22-May
17312,"MANO22D, Mano22 deep","DSM 17657, CAIM 315, CIP 109585, KCTC 12520",1,Vibrio litoralis,1123493.3,Apr-45
,,,,,2524614821,
,,,,,GCA_000426765,
17286,AK1,"DSM 13774, ATCC BAA-91, CIP 107136, LMG 19703",0,Vibrio mediterranei,GCA_000181535,15-37
,,,,,,5
17323,M 34,"CCUG 7490, NCTC 262, ATCC 700040, CIP 69.14, JCM 21189, DSM 19132, CAIM 317, ICPB 3551, LMG 11664, NCTC 8443, GIFU 3198, IAM 14406, NBRC 103153",1,Vibrio metschnikovii,28172.6,15-41
,,,,,647000339,5
,,,,,675813.3,
,,,,,GCA_000176155,
,,,,,GCA_900460295,
134812,,"CIP 69.15, NCTC 8563",0,Vibrio metschnikovii,2806310676,15-41
,,,,,28172.7,5
,,,,,GCA_900460305,
17324,1721-77,"DSM 19130, ATCC 33653, CCM 4552, CCUG 13624, CDC 1721-77, LMG 7896, NCTC 11435, CIP 101888",1,Vibrio mimicus,2916739052,15-41
,,,,,674.53,5
,,,,,GCA_900460385,
136567,"161, 269-80","CIP 106921, ATCC 33654",0,Vibrio mimicus,2718218203,15
,,,,,674.46,5
,,,,,674.62,
,,,,,GCA_008464965,
17331,165,"NCIMB 13275, DSM 19137, ATCC 51288, CAIM 528, CCUG 38424, CECT 632, LMG 19157, CIP 103929",1,Vibrio mytili,2630968428,5
,,,,,50718.3,
,,,,,GCA_000830505,
17316,1397-6,"DSM 21557, ATCC 51183, CAIM 609, CCUG 28805, CIP 103381, LMG 15976",1,Vibrio navarrensis,2690315860,15-41
,,,,,29495.14,5
,,,,,GCA_000764325,
17309,"HDD 3-1, HDD3-1","DSM 17531, IAM 15060, LMG 19973, JCM 21521, CIP 108521",1,Vibrio neonatus,GCA_024346975,15-30
,,,,,,5
17306,,"DSM 17183, CAIM 532, CIP 108274, KCTC 12702, LMG 20536, KCTC 12123, INCO 17",1,Vibrio neptunius,170651.32,15-37
,,,,,GCA_019339365,5
17325,,"DSM 19584, ATCC 25917, CCUG 28585, CECT 595, CIP 75.05, LMG 3895, NCMB 1897, CIP 103194, JCM 21190, BCRC 12914, CAIM 322, IAM 14407, IFO 15637, JCM 1141, KCTC 12677, KCTC 2722, NBRC 15637, NCCB 73020, NCIMB 1897",1,Beneckea nereis,1219068.3,15-41
,,,,,2675903410,5
,,,,,2740892531,
,,,,,693.5,
,,,,,GCA_001274805,
,,,,,GCA_001591105,
17326,164,"DSM 21607, ATCC 27043, CAIM 323, CCUG 16376, CCUG 28586, CIP 103195, LMG 3896, NCIMB 1904",1,Beneckea nigripulchritudo,1051649.3,15-41
,,,,,2512047078,5
,,,,,GCA_000222685,
17328,717,"DSM 19136, ATCC 33934, CAIM 332, LMG 7897, CCUG 16389, CIP 102891, NCIMB 2195, KCTC 12680",1,Vibrio orientalis,675816.3,30-May
,,,,,675816.5,
,,,,,GCA_000176235,
,,,,,GCA_000222645,
164331,,"JCM 32690, KCTC 62616, MCCC 1K03515, BEI 176",1,Vibrio ouci,GCA_004551525,16.0-37.0
,,,,,SATR01000000,
17351,R-40496,"DSM 25291, CAIM 1816, LMG 25430",0,Vibrio owensii,1280004.3,Jul-42
,,,,,2568526433,
,,,,,GCA_000400325,
17339,STD3 1057,"DSM 19139, CAIM 530, CIP 108197, LMG 19999",1,Vibrio pacinii,1123494.3,May-37
,,,,,2565956518,
,,,,,GCA_000711795,
140734,EAod9,"CECT 9027, LMG 29724",1,Vibrio palustris,1918946.4,15-26
,,,,,2791355474,
,,,,,GCA_024346995,
,,,,,GCA_900162645,
17267,"113, EB 101","DSM 10027, ATCC 17802, CIP 75.2, NCMB 1902, NCTC 10903, WDCM 00037, JCM 32818, BCRC 10806, CAIM 320, CCUG 14474, CCUG 15657, CCUG 4224, CECT 511, CECT 589, IFO 12711, LMG 2850, NBRC 12711, NCCB 77010, NCCB 77018, NCIMB 1902, NRRL B-4167, CCTM 2011",1,Vibrio parahaemolyticus,1219066.3,15-41
,,,,,2636415491,5
,,,,,2648501435,
,,,,,2721755783,
,,,,,2916730169,
,,,,,670.1066,
,,,,,670.1462,
,,,,,670.1655,
,,,,,670.428,
,,,,,670.5,
17290,KH-1,"DSM 14398, IFO 15640, JCM 9123, NBRC 15640, ATCC 51841, CAIM 285, CIP 104417, LMG 19663, LMG 19518",1,Vibrio penaeicida,104609.11,5
,,,,,104609.16,
,,,,,104609.21,
,,,,,104609.26,
,,,,,104609.6,
,,,,,GCA_003970425,
,,,,,GCA_019977755,
17301,,"DSM 17180, CAIM 578, CIP 108273, LMG 20537",1,Vibrio pomeroyi,GCA_024347595,30-May
17295,369,"DSM 16217, CECT 5869, CCUG 50742, CIP 108539",1,Vibrio ponticus,265668.17,15-37
,,,,,GCA_009938225,5
17340,MSSRF30,"DSM 19223, LMG 24061",1,Vibrio porteresiae,2574179732,20-37
,,,,,GCA_024347055,
17275,,"DSM 30189, ATCC 15338, CIP 73.06, IFO 13287, NBRC 13287, NCMB 1326, CCUG 20302, LMG 3772, CIP 710, JCM 21193, CCEB 710, CGMCC 1.8871, IAM 14410, NCIMB 1326, CIP 102892",1,Vibrio proteolyticus,1219065.4,15-37
,,,,,2600255074,5
,,,,,GCA_000467125,
17342,RW22,"DSM 19662, LMG 23674, NBRC 102084, CIP 109638",1,Vibrio rarus,GCA_024347075,15-30
,,,,,,20
17314,MSSRF3,"DSM 18581, LMG 23790",1,Vibrio rhizosphaerae,1123497.3,20-42
,,,,,2565956521,
,,,,,GCA_000711805,
,,,,,GCA_024347095,
17307,"R-14939, RFT 16","DSM 17186, CAIM 577, LMG 21460, CIP 107930, KCTC 12125",1,Vibrio rotiferianus,1224743.12,15-37
,,,,,1224743.3,5
,,,,,2579778863,
,,,,,GCA_000400405,
,,,,,GCA_002741985,
17293,VR1,"DSM 16370, CCRC 17186, JCM 11486, BCRC 17186, CIP 107960",1,Vibrio ruber,1123498.5,15-37
,,,,,2574179726,5
,,,,,2916703105,
,,,,,GCA_900163965,
17329,,"DSM 19640, ATCC 33125, CECT 528, LMG 4042, NCCB 53037, NCIMB 1, CIP 102893, KCTC 12679",1,Vibrio splendidus,2916752974,15-30
,,,,,29497.15,20
,,,,,29497.3,5
,,,,,GCA_001558015,
,,,,,GCA_002737025,
24663,AlyHP32,"DSM 26178, CECT 8714, KCTC 32085",0,Vibrio splendidus,1220705.6,30-Apr
,,,,,2767802216,20
,,,,,GCA_900089845,
136687,,CIP 107715,0,Vibrio splendidus,575788.5,30-May
17297,G3-29,"DSM 16383, IAM 15009, LMG 21323, CCUG 48665, JCM 21480, CIP 108261, NBRC 103154",1,Vibrio superstes,1219062.3,20
,,,,,2916707383,May-37
,,,,,GCA_003569005,
,,,,,GCA_007990955,
17332,B1090,"DSM 21475, ATCC 700075, CECT 4600, CIP 104856, LMG 19706",1,Vibrio tapetis,1671868.3,22-May
,,,,,2850901066,
,,,,,52443.5,
,,,,,GCA_900233005,
17330,,"DSM 19142, ATCC 19109, CAIM 313, CCUG 19118, CECT 4196, CIP 102760, LMG 10936, NBRC 15644, NCIMB 1340, CCUG 38428",1,Vibrio tubiashii,1051646.2,15-37
,,,,,1051646.21,20-22
,,,,,1051646.22,5
,,,,,1051646.23,
,,,,,1051646.3,
,,,,,1051646.9,
,,,,,2512047081,
,,,,,2627854020,
,,,,,GCA_000222665,
,,,,,GCA_000772105,
17276,324,"DSM 10143, ATCC 27562, WDCM 00139, JCM 3725, BCRC 12905, CAIM 610, CCUG 13448, CCUG 16394, CDC 9107-79, CECT 529, CGMCC 1.3751, CIP 75.4, IFO 15645, KCTC 2959, LMG 13545, LMG 7898, NBRC 15645, NCIMB 2046, NRIC 0817, NCTC 13647",1,Vibrio vulnificus,1219061.25,15-37
,,,,,1219061.29,5
,,,,,1219061.3,
,,,,,2547132173,
,,,,,2675903639,
,,,,,2897848256,
,,,,,GCA_000299635,
,,,,,GCA_001591065,
,,,,,GCA_002224265,
136180,,"CIP 103196, ATCC 33147, NCIMB 2136",0,Vibrio vulnificus,2651869775,15-41
,,,,,672.93,5
,,,,,GCA_000764895,
17368,G21,"DSM 22851, CGMCC 1.10228",1,Vibrio xiamenensis,2617270927,15-40
,,,,,861298.3,
,,,,,GCA_900100015,
17304,"STD3-1071, R-15052, R129","DSM 17185, CAIM 467, CIP 108271, KCTC 12703, LMG 21346, KCTC 12122",1,Vibrio xuii,170661.3,15-37
,,,,,2740892532,5
,,,,,GCA_001274855,
166477,HBUAS61001,"GDMCC 1.1416, KCTC 62784",1,Vibrio zhugei,2870258368,20-25
,,,,,GCA_003716875,Aug-37
,,,,,GCA_024347155,
158595,ANORD5,"NCIMB 15042, MTCC 12686, DSM 103558, CECT 30270",1,Vicingus serpentipes,1926625.3,20-30
,,,,,GCA_007993035,30-May
22931,J18,"DSM 26676, JCM 16994, KACC 14624",1,Virgibacillus alimentarius,GCA_000709085,4.0-40.0
1496,IDS-20,"DSM 25790, CCUG 59308, KCTC 13727",1,Virgibacillus alimentarius,2913450449,15-40
,,,,,744463.3,
,,,,,GCA_017874635,
134251,NTU-101,"BCRC 17637, CGMCC 1.6496",1,Virgibacillus chiguensis,2675903063,15-50
,,,,,411959.4,
,,,,,GCA_900129865,
23745,"G 6065, WS 4627","DSM 25060, LMG 26644",1,Virgibacillus halotolerans,1071053.3,Aug-35
,,,,,2901146262,
,,,,,GCA_016908515,
158739,P2-C2,"CGMCC 1.16138, NBRC 113014",1,Virgibacillus indicus,GCA_002266285,Apr-42
140872,KN3-8-4,"JCM 30071, LMG 28282, TISTR 2279, PCU 345",1,Virgibacillus kapii,1638645.3,Nov-42
1481,mccs2660,"DSM 14866, JCM 16509, LMG 19488, KCTC 3820, CIP 108265",1,Virgibacillus necropolis,163877.4,Oct-37
,,,,,GCA_002224365,10.0-40.0
1474,"B 21, 3028","DSM 26, ATCC 14576, CCM 2049, LMG 7129, NCIB 8775, NCTC 8162, CCUG 7424, CIP 51.24, IAM 11061, CN 3028, NRS B21, JCM 20334, BCRC 14681, CCEB 635, CECT 42, NBRC 102447, NCAIM B.01092, NCFB 1765, NCIMB 8775, NRRL NRS-1321, OUT 8418, PCM 454, VKM B-1244, VKM B-507, NCDO 1765, NRRL: NRS-1321",1,Virgibacillus pantothenticus,GCA_001189575,15.0-50.0
,,,,,GCA_900156795,
158787,LM2416,"KCTC 33927, JCM 32144",1,Virgibacillus phasianinus,GCA_002216775,30-Oct
159776,P3-H5,"CGMCC 1.16139, NBRC 113015",1,Virgibacillus profundi,GCA_002287375,30-Apr
1476,C-20Mo,"DSM 11483, ATCC 700290, CCM 4646, JCM 30552, CCUG 52350, CIP 105608, KACC 10867, KACC 14582, KCTC 3704, KCTC 3844, LMG 21520",1,Virgibacillus salexigens,1462526.12,10
,,,,,61016.3,15.0-45.0
,,,,,61016.4,
,,,,,61016.5,
,,,,,GCA_014905415,
1493,H57B72,"DSM 22441, CGMCC 1.7734",1,Virgibacillus subterraneus,2671180086,Oct-50
,,,,,621109.3,
,,,,,GCA_900110695,
8036,Yu 438-5,"DSM 44794, CCUG 46559, CIP 107212, IFO 16421, JCM 11002, KCTC 13916, NBRC 16421, BCRC 16331, CGMCC 4.5555",1,Virgisporangium aurantiacum,175570.3,30-Oct
,,,,,GCA_016863635,
8035,Yu-655-43,"DSM 44793, CCUG 46558, CIP 107213, IFO 16418, JCM 11001, KCTC 13915, NBRC 16418, BCRC 16330, CGMCC 4.5561, ATCC BAA-484",1,Virgisporangium ochraceum,65505.3,10
,,,,,GCA_016863655,
570,R-16993,"DSM 16317, LMG 22165",1,Viridibacillus arvi,263475.9,20-30
,,,,,2651869790,
,,,,,GCA_001274945,
158706,MYP2-2,"KCTC 62141, NBRC 113025",1,Aequorivita todarodis,GCA_028561335,4
131263,Npb-07,"DSM 100851, BCRC 80377, KCTC 23713, LMG 26669",1,Vogesella fluminis,1069161.3,Oct-37
,,,,,GCA_014652335,
10507,"Ml, M1","DSM 3303, ATCC 19706, CIP 103306, IMET 10724, LMG 6867, NCIMB 9441",1,Vogesella indigofera,2756170386,30-Oct
,,,,,45465.3,5
,,,,,GCA_003633895,
10510,389,"DSM 21247, LMG 25302",1,Vogesella mureinivorans,2894007314,May-37
,,,,,657276.3,20-30
,,,,,GCA_007644035,
10508,DS-28,"DSM 22765, BCRC 17730, LMG 24214",1,Vogesella perlucida,450366.3,Apr-45
,,,,,GCA_007844155,
167654,YM-1,"CGMCC 1.17135, NBRC 113779",1,Vogesella urethralis,GCA_007644045,Oct-45
,,,,,VMDW00000000,
11750,146/s8/89,"DSM 15535, CCUG 47537, CIP 108408",1,Volucribacter amazonae,GCA_029783845,15
11749,Gerl.236/81,"DSM 15534, CCUG 47536, Him 698-7/8, CIP 108407",1,Volucribacter psittacicida,203482.3,15
,,,,,2802428817,
,,,,,GCA_004339025,
2000,"335, R-10-e","DSM 531, ATCC 17697, CCUG 1776, LMG 1199, IMET 10383, JCM 11282, BCRC 17389, CECT 4634, CIP 104763, IAM 12368, IAM 13533, ICPB 3984, JCM 20521, JCM 20893, KACC 10467, KACC 10791, NBRC 102504, NCIMB 11842, NRRL B-14690, NRRL B-4383, JCM 9691",1,Wautersia eutropha,1218105.7,15-41
,,,,,2731957713,5
,,,,,GCA_001598755,
6857,II-I-59,"DSM 15878, CCUG 41967, LMG 17699, CIP 107376, KCTC 3807, JCM 12495, NBRC 106073, KCTC 3817",1,Weissella cibaria,137591.149,10
,,,,,GCA_005405525,15-37
6844,548-D,"DSM 20196, ATCC 10881, NCDO 1586, NCIB 9311, CCUG 30113, JCM 1093, BCRC 14002, CECT 4707, CIP 103172, LMG 9497, NBRC 106469, NCIMB 9311, NRIC 0207, NRRL B-1064, VTT E-90393",1,Weissella confusa,1583.181,10
,,,,,1583.2,15-45
,,,,,1583.306,
,,,,,2660238305,
,,,,,GCA_001436895,
,,,,,GCA_007991875,
138177,R-915-5,"CIP 105139, ATCC 14434, JCM 1562, LMG 11983, NCFB 1969",0,Weissella confusa,1583.301,10
,,,,,GCA_016466635,15-37
,,,,,GCA_025908495,
166205,26KH-42,"KACC 18423, NBRC 113066",1,Periweissella cryptocerci,2847055974,Apr-35
,,,,,GCA_004358325,
24151,ORY33,"DSM 27940, JCM 18559, KACC 16890",1,Weissella diestrammenae,1162633.3,Apr-37
,,,,,1162633.4,
,,,,,2896402965,
,,,,,2901190185,
,,,,,GCA_014397255,
6845,G1,"CCUG 33457, LMG 9469, DSM 20190, ATCC 35410, JCM 1114, BCRC 14050, CECT 573, CGMCC 1.2440, CIP 103005, NCIMB 702781, NRIC 1627, VTT E-98965",1,Weissella halotolerans,1123500.3,10
,,,,,1123500.6,15-37
,,,,,2522572202,
,,,,,2690315969,
,,,,,GCA_000420365,
,,,,,GCA_001436865,
6852,LV346,"DSM 7378, ATCC 51523, NCFB 2973, CCUG 33494, LMG 15125, JCM 10103, CECT 7033, CIP 109879, IFO 15553, KCTC 3668, NBRC 15553, NCIMB 702973",1,Weissella hellenica,46256.12,15-30
,,,,,46256.14,20-25
,,,,,46256.17,
,,,,,GCA_005405545,
,,,,,GCA_006540065,
,,,,,GCA_012396435,
6846,"L250, L 250","DSM 20593, ATCC 51149, NCFB 2753, CCUG 32237, JCM 5817, BCRC 14624, CECT 4307, CGMCC 1.2474, CIP 102809, LMG 14471, LMG 18979, LMG 9481, NCIMB 702753, NRIC 1628, NCDO 2753",1,Weissella kandleri,1616.3,10
,,,,,2700989265,15
,,,,,GCA_001438705,
6854,S-5623,"DSM 15830, CCUG 47134, CIP 107634, JCM 11263, KCCM 41516, KCTC 3621",1,Weissella koreensis,1123721.3,Oct-37
,,,,,GCA_000277645,
6847,3,"CCUG 30668, DSM 20014, ATCC 35412, JCM 1168, BCRC 14049, CECT 572, CIP 102978, KCTC 3604, LMG 9847, NCFB 1973, NCIMB 702780, NRIC 1625, NCDO 1973",1,Weissella minor,1620.3,Oct-37
,,,,,2671181108,
,,,,,GCA_001437425,
6851,"R 80, R80","DSM 20288, ATCC 33313, NCDO 803, CCUG 30068, NRRL B-3471, JCM 9890, BCRC 14006, CECT 4268, CECT 4787, CIP 102421, JCM 6126, KACC 10213, KCTC 3531, LMG 9852, NBRC 109620, NCIMB 13092, NRIC 1542, NRRL B-1186, VTT E-98967, IMET 10704",1,Weissella paramesenteroides,585506.3,10
,,,,,645058793,15-37
,,,,,GCA_000160575,
6853,"Mi268, Mi 268","DSM 14420, LMG 20113, CCUG 46608, JCM 12536, KCTC 3789, NBRC 106074, CIP 107584",1,Weissella soli,155866.8,10
,,,,,155866.9,15
,,,,,GCA_007991555,20
,,,,,GCA_012396465,
6855,FS61-1,"DSM 15832, HSCC 1412, JCM 10695, NRIC 0298, TISTR 1384, CCUG 46557, CIP 106751, KCTC 3751, PCU 210, NBRC 109621",1,Weissella thailandensis,2849979616,10
,,,,,89061.3,15
,,,,,89061.4,
,,,,,89061.5,
,,,,,89061.6,
,,,,,GCA_003363255,
,,,,,GCA_005405465,
,,,,,GCA_007992575,
,,,,,GCA_012396385,
6849,"S38A, S 38A","DSM 20410, ATCC 12706, CCM 56, NCDO 1655, NCIB 8965, WDCM 00105, JCM 1174, BCRC 11650, CCUG 21533, CCUG 30502, CECT 283, CIP 102810, IAM 13546, KCTC 3504, LMG 3507, NCCB 71015, NCFB 1655, NCIMB 8965, NCTC 13645, NCTC 13770, NRIC 1536, NRRL B-1951, VKM B-1528, VTT E-98966",1,Weissella viridescens,1629.13,10
,,,,,1629.5,15-37
,,,,,2690315949,
,,,,,2713896977,
,,,,,2808606721,
,,,,,GCA_001437355,
,,,,,GCA_001460875,
,,,,,GCA_900460455,
13839,HY34,"DSM 24838, CGMCC 1.6105, JCM 14017, CIP 109725",1,Wenxinia marina,1123501.3,15-42
,,,,,1123501.8,
,,,,,2515154190,
,,,,,2806310715,
,,,,,390641.3,
,,,,,GCA_000379485,
,,,,,GCA_000836695,
,,,,,GCA_014645075,
132995,CZ1127,"DSM 100787, CCTCC AB 2015089, KCTC 42864",1,Wenyingzhuangia fucanilytica,1790137.5,15-37
,,,,,2718217755,
,,,,,GCA_001697185,
17379,N1350,"DSM 45372, NCIMB 14575, NRRL B-24794, JCM 17784",1,Williamsia faeni,2770939552,30-Oct
,,,,,341202.3,
,,,,,GCA_003202005,
17381,L1505,"DSM 45521, KCTC 19981, NRRL B-24829, JCM 19965",1,Williamsia limnetica,2770939560,Oct-37
,,,,,882452.3,
,,,,,GCA_003217475,
17377,MT8,"DSM 44944, CIP 109299, NCIMB 14085, JCM 14345, BCRC 16833",1,Williamsia muralis,2756170164,30-Apr
,,,,,322609.6,
,,,,,GCA_003096955,
17374,SJS 0289/JS1,"DSM 44693, JCM 12070, NCIMB 13945, CIP 108354, KCTC 9945",1,Williamsia maris,2596583531,10
,,,,,GCA_024171815,Oct-37
17371,MA 140/96,"CCUG 45782, CIP 106979, KCTC 9830, DSM 44343, JCM 10676, BCRC 16390, IFM 10085, NBRC 105860, NCIMB 13853",1,Williamsia muralis,1219362.3,10
,,,,,2731957718,
,,,,,2781125608,
,,,,,85044.3,
,,,,,GCA_001598915,
,,,,,GCA_003634525,
24667,,"DSM 45741, CPCC 203464, KCTC 29118, JCM 31496",1,Williamsia sterculiae,1344003.3,Oct-37
,,,,,2681812929,
,,,,,GCA_900156495,
140798,A7P-90m,"JCM 30888, DSM 100563",1,Williamwhitmania taraxaci,2654588148,20
,,,,,GCA_900096565,26-Mar
167,97/90,"CCUG 32252, DSM 8576, ATCC 51847, CIP 104015",1,Winkia neuii subsp. neuii,1120945.3,10
,,,,,2524023166,
,,,,,GCA_000420405,
159763,,"KACC 18883, KCTC 52240, JCM 31383, IMCC 20180",1,Winogradskyella aurantiaca,GCA_003362725,20-30
167349,Z3138,"CCUG 74324, CECT 30065",1,Winogradskyella costae,GCA_013403865,30-Apr
,,,,,JABFDK000000000,
133461,,"KCTC 22026, LMG 24757, KMM 6211",1,Winogradskyella echinorum,538189.3,Apr-37
,,,,,538189.4,20.5
,,,,,GCA_014284085,
,,,,,GCA_014297365,
152573,,"CCUG 47091, KMM 3906, KCTC 12220, LMG 22491",1,Winogradskyella epiphytica,262005.9,20-30
,,,,,GCA_014651315,
140712,SFD31,"KCTC 52348, JCM 31798",1,Winogradskyella flava,1884876.3,20-30
,,,,,2915080438,Apr-35
,,,,,GCA_014243395,
167323,HL857,"CECT 30056, CCUG 74323",1,Winogradskyella forsetii,CP053348,30-Apr
,,,,,GCA_013394595,
158305,M1A16,"DSM 103138, CCM 8681, CIP 111091, LMG 29588",1,Winogradskyella haliclonae,2048558.3,15
,,,,,GCA_014635865,20-32
,,,,,,<15
167435,Z963,"CCUG 74333, CECT 30064",1,Winogradskyella helgolandensis,GCA_013404085,30-Apr
,,,,,JABFHO000000000,
167322,HL116,"CECT 30054, CCUG 74326",1,Winogradskyella ludwigii,GCA_013403985,30-Apr
,,,,,JABFDF000000000,
133895,RS-3,"CIP 110154, NBRC 106169",1,Winogradskyella psychrotolerans,2545824761,30-Apr
,,,,,641526.4,18
,,,,,GCA_000427335,
167321,Z215,"CECT 30061, CCUG 74330",1,Winogradskyella schleiferi,CP053351,30-Apr
,,,,,GCA_013394655,
140167,S5-23-3,"DSM 28134, CGMCC 1.12601, LMG 28075",1,Winogradskyella sediminis,1382466.5,30-Jan
,,,,,2739367661,
,,,,,GCA_003387355,
169678,HaHa_3_26,DSM 111041,0,Winogradskyella sp.,2749995.3,18
,,,,,GCA_019278425,
159730,M1309,"KCTC 52896, MCCC 1K03310",1,Winogradskyella tangerina,2837479679,16-42
,,,,,GCA_003260205,
167347,HL4150,"CCUG 74332, CECT 30057",1,Winogradskyella ursingii,GCA_013403975,30-Apr
,,,,,JABFDH000000000,
167319,HL634,"CECT 30055, CCUG 74322",1,Winogradskyella vidalii,GCA_013403955,30-Apr
,,,,,JABFDG000000000,
167426,Z738,"CECT 30063, CCUG 74325",1,Winogradskyella wichelsiae,GCA_013403925,30-Apr
,,,,,JABFDJ000000000,
24017,Th78,"DSM 26285, JCM 18634, KCTC 32142",1,Wocania ichthyoenteri,GCA_000789235,Apr-37
141145,XK5,"ATCC BAA-2615, CICC 10905",1,Woeseia oceani,2751185661,Aug-42
,,,,,GCA_001677435,
158559,34C10-3-10,"CFCC 12747, KCTC 52796",1,Wohlfahrtiimonas populi,2791354929,Oct-37
,,,,,GCA_002006795,
6218,CM243,"DSM 17123, LMG 21817, VKM B-1512",1,Woodsholea maritima,1123503.3,20-40
,,,,,2522125070,
,,,,,GCA_000382325,
17420,7C,"DSM 432, ATCC 35674, JCM 1202, BCRC 12235, CIP 105431, IAM 12579, IAM 12636, LMG 7043, NBRC 102463, NCAIM B.01945, NCIMB 10809, NRRL B-14836, CCRC 12235",1,Xanthobacter autotrophicus,2596583657,10
,,,,,280.16,5
,,,,,GCA_005871085,
17428,301,"DSM 338, ATCC 35867, IFO 14759, NBRC 14759, NCIB 10071, JCM 1204, BCRC 12271, CCM 4469, CIP 105434, LMG 7045, NCAIM B.01946, NCIMB 10071, NRRL B-14838, VKM B-2106, CCRC 12271",1,Xanthobacter flavus,2829740473,10
,,,,,,5
17439,7d,"DSM 21355, ATCC BAA-298, KCTC 12306, VKM B-2253, CIP 108462",1,Xanthobacter viscosus,2928234723,10
,,,,,,15-30
5589,A2,"DSM 22637, KCTC 22662",1,Xanthomarina spongicola,2595698203,15-35
,,,,,570520.3,
,,,,,GCA_003148645,
17584,P 25,"DSM 3586, ATCC 33913, NCPPB 528, PDDCC 13, CCUG 47691, LMG 568, CECT 97, ICMP 13, CFBP 5251, JCM 13371, BCRC 12846, CFBP 2350, CFBP 5241, CIP 100069",1,Xanthomonas campestris,190485.4,Oct-37
,,,,,637000344,
,,,,,GCA_000007145,
,,,,,GCA_020813135,
17596,,"DSM 3850, ATCC 11672, NCPPB 571, JCM 20466, CIP 107796, IAM 12307, ICMP 571, ICPB XB103, LMG 546, Dye XB1",0,Xanthomonas campestris,149696.4,5
17599,A960701,"DSM 16794, CFBP 4188, CIP 106774",1,Xanthomonas hortorum,109214.3,30-May
,,,,,2878089750,
,,,,,GCA_002939985,
,,,,,GCA_021352995,
5193,Bic,"DSM 16342, CIP 108891, NCIMB 14016",1,Xenorhabdus budapestensis,2895349264,10
,,,,,290110.6,5
,,,,,GCA_002632465,
140467,DL20,"LMG 29917, CCM 8728, DSM 104079",1,Xenorhabdus eapokensis,2791355041,Oct-37
,,,,,GCA_001908105,
5191,Ser,"DSM 16337, CIP 108893, NCIMB 14018",1,Xenorhabdus ehlersii,2772190835,10
,,,,,290111.5,5
,,,,,290111.6,
,,,,,GCA_002632445,
,,,,,GCA_003610465,
5194,28,"DSM 17382, CIP 108830, CCM 7375",1,Xenorhabdus indica,333964.4,10
,,,,,GCA_014467235,5
140466,30TX1,"CCM 8727, LMG 29916, DSM 104078, CIP 111194",1,Xenorhabdus thuongxuanensis,2791355039,Oct-37
,,,,,GCA_001908095,
166530,IMT-291,"LMG 30636, CIP 111625, CCM 8858, IMT 291",1,Xinfangfangia humi,2483812.3,15
,,,,,2831640453,20-28
,,,,,GCA_900609055,4
12611,XIL07,"DSM 15894, CECT 5975, LMG 20990, JCM 12276, KCTC 9989, NBRC 107835, CIP 108193",1,Xylanimonas cellulosilytica,446471.16,Oct-37
,,,,,446471.6,
,,,,,646311968,
,,,,,GCA_000024965,
166325,FW10M-9,"KACC 19331, NBRC 113053",1,Xylanimonas protaetiae,GCA_004135385,15-37
166369,CJ1-R5,"KACC 21265, CCTCC AB 2020030",1,Xylophilus rhododendri,2697032.3,Apr-33
,,,,,2883377308,
,,,,,GCA_009906855,
7787,,"DSM 15476, CCTCC AA 001023, JCM 13527, YIM 70085, NBRC 107837",1,Yaniella halotolerans,1123507.4,Oct-40
,,,,,2524614768,
,,,,,GCA_000420805,
5210,33114,"DSM 4780, ATCC 9610, CIP 80.27, NCTC 12982, WDCM 00038, JCM 7577, BCRC 13999, CCM 7204, CCUG 11291, CCUG 12369, CECT 4315, ICMP 15678, LMG 7899, NBRC 105693, NRIC 0819, VTT E-97838, CNY 161",1,Yersinia enterocolitica subsp. enterocolitica,1218100.3,Oct-41
,,,,,150052.14,5
,,,,,2731957712,
,,,,,630.33,
,,,,,GCA_000755055,
,,,,,GCA_001598735,
,,,,,GCA_901472495,
5217,Y11,"DSM 13030, CCUG 52867, CECT 9144, CIP 106945, WDCM 00216",1,Yersinia enterocolitica subsp. palearctica,930944.24,Oct-41
,,,,,930944.6,5
,,,,,GCA_000253175,
5216,14,"DSM 8992, ATCC 29833, CIP 55.85, NCTC 10275, CCUG 5855, JCM 1676, NBRC 105692",1,Yersinia pseudotuberculosis,1218101.3,May-41
,,,,,2563367111,
,,,,,2844429765,
,,,,,633.147,
,,,,,GCA_000511675,
,,,,,GCA_900637475,
137687,"DC-1, 725-83","CIP 105435, ATCC 49455, CCRC 12225, JCM 2403, BCRC 12225, IAM 14241, NBRC 102600, NCTC 11966",1,Yokenella regensburgei,158877.8,Oct-41
,,,,,2588253791,5
,,,,,2839734502,
,,,,,911023.3,
,,,,,GCA_000735455,
,,,,,GCA_900460805,
130607,DPG-5,"DSM 29433, CCUG 62113, KCTC 23883",1,Yoonia litorea,1123755.5,15-37
,,,,,2687453745,
,,,,,GCA_900114675,
24490,DSW-18,"DSM 29128, JCM 14564, KCTC 12863, CIP 109730",1,Yoonia maricola,2695420968,Apr-34
,,,,,420999.3,
,,,,,GCA_002797915,
130606,Fg36,"DSM 29591, CIP 107851, KMM 6003, LMG 22534",1,Yoonia rosea,2681812930,Apr-35
,,,,,287098.3,15-35
,,,,,GCA_900156505,5
130609,D1-W3,"DSM 29955, CECT 8284, KCTC 32383",1,Yoonia sediminilitoris,1286148.4,Oct-35
,,,,,1286148.5,
,,,,,2734482292,
,,,,,2770939487,
,,,,,GCA_003058085,
,,,,,GCA_003337495,
23225,SSW-35,"DSM 26879, JCM 14020, KCTC 12722",1,Yoonia tamlensis,2619619642,30-Apr
,,,,,390270.6,
,,,,,GCA_900115105,
13673,R-9477,"DSM 16212, LMG 22003, JCM 21637, CIP 108321, IAM 15182, NBRC 102487",1,Yoonia vestfoldensis,1122181.3,15-30
,,,,,2521172635,20
,,,,,GCA_000382265,5
,,,,,,5.0-37
11946,A10,"DSM 19928, VKM B-2478",1,Zavarzinella formosa,1123508.3,30-Oct
,,,,,1123508.8,20
,,,,,2548877000,
,,,,,GCA_000255705,
,,,,,GCA_945906165,
164233,HR-AS,"JCM 32263, KACC 19412",1,Zavarzinia aquatilis,2832094715,May-35
,,,,,GCA_003173035,
5729,TD-ZE3,"DSM 18435, CCUG 53613, NBRC 101990, CIP 109560",1,Zeaxanthinibacter enoshimensis,2731639225,16-40
,,,,,392009.4,
,,,,,GCA_004362865,
159728,X9-2-2,"MCCC 1K03307, JCM 32107",1,Zhengella mangrovi,2831836058,15-40
,,,,,GCA_002727065,
24207,H85-3,"DSM 26152, NBRC 109021",1,Zhihengliuella flava,1285193.3,Oct-37
,,,,,2880502868,
,,,,,GCA_015751895,
159859,HN-Y44,"MCCC 1K03329, LMG 30460",1,Zhouia spongiae,GCA_022760175,Oct-40
296,ZD1,"DSM 19707, BCRC 17493, JCM 13380",1,Zobellella denitrificans,2832339615,Oct-45
,,,,,GCA_002237365,
159772,59N8,"ACCC 60074, KCTC 62456",1,Zobellella endophytica,2832216750,Oct-45
,,,,,GCA_003012775,
159782,102-Py4,"KCTC 62272, JCM 32359, DSM 106043",1,Zobellella maritima,2832309219,Oct-45
,,,,,GCA_003075035,
134181,ZT1,"BCRC 17494, JCM 13381",1,Zobellella taiwanensis,2833752874,Oct-45
,,,,,347535.3,
,,,,,GCA_003012795,
134089,,"LMG 22069, CCUG 47080, KMM 3526, CIP 108562",1,Zobellia amurskyensis,248905.6,Apr-32
,,,,,2910286357,25-May
,,,,,GCA_009725985,
5665,Dsij,"DSM 12802, CIP 106680, CCUG 47099, KCTC 12921",1,Zobellia galactanivorans,63186.3,15-41
,,,,,,5
134090,,"KMM 3676, CIP 108563, LMG 22070, CCUG 47083",1,Zobellia laminariae,248906.8,30-Apr
,,,,,2910277695,30-May
,,,,,GCA_009725995,
134091,,"LMG 22071, CCUG 47084, KMM 3677, CIP 108564, KMM 3677T",1,Zobellia russellii,248907.4,Apr-38
,,,,,GCA_018728565,May-37
5664,553 (843),"DSM 2061, ATCC 14397, IAM 14312, IFO 14962, NBRC 14962, NCMB 1863, JCM 21152, ACAM 538, CCUG 33448, CECT 4277, CIP 104808, LMG 3809, NCIMB 1863",1,Zobellia uliginosa,143224.8,15-37
,,,,,2681813510,5
,,,,,GCA_900156625,
134147,A-7,"IAM 15218, CCTCC AB 2052005, JCM 21672, NBRC 102407",1,Zoogloea oryzae,2832915741,Oct-37
,,,,,310767.3,
,,,,,GCA_003290265,
134936,,"CIP 107119, NCIMB 10706, ATCC 19544, IAM 12136, CCUG 35504",1,Zoogloea ramigera,2596583626,10
,,,,,350.4,5
,,,,,GCA_008125065,
5853,JC2044,"DSM 15267, KCTC 12044, IMSNU 14003, CIP 108300",1,Zooshikella ganghwensis,1123509.3,15
,,,,,2524614643,5
,,,,,GCA_000428585,
166095,22II14-10F7,"UCCCB103, CGMCC 1.12470, LMG 27421, MCCC 1A06481",1,Zunongwangia atlantica,2791354931,4
,,,,,GCA_002094855,
24050,P2E16,"DSM 24499, KCTC 23496, LMG 26237, UCCCB40",1,Zunongwangia mangrovi,1334022.3,20
,,,,,2622736505,
,,,,,GCA_900112105,
5731,SM-A87,"DSM 18752, CCTCC AB 206139, UCCCB18",1,Zunongwangia profunda,646564591,4
,,,,,655815.4,Apr-38
,,,,,GCA_000023465,
14289,pZM01 to pZM06,"DSM 424, ATCC 10988, NCIB 8938, NRRL B-806, IMG 1655, JCM 20722, CIP 102538, IAM 12663, ICPB 2463, NCIMB 8938, LMG 404",1,Zymomonas mobilis,555217.15,10
,,,,,555217.16,15
,,,,,555217.17,
,,,,,555217.18,
,,,,,555217.19,
,,,,,555217.2,
,,,,,555217.21,
,,,,,555217.22,
,,,,,555217.23,
,,,,,555217.24,
14290,AN0101,"DSM 18599, CIP 108684, LMG 22974",1,Zymomonas mobilis subsp. francensis,2811994955,10
,,,,,GCA_006715975,15-30